WigleWifi-1.4,appRelease=v1.2.0,model=ESP32 Marauder,release=v1.2.0,device=ESP32 Marauder,display=SPI TFT,board=ESP32 Marauder,brand=JustCallMeKoko
MAC,SSID,AuthMode,FirstSeen,Channel,RSSI,CurrentLatitude,CurrentLongitude,AltitudeMeters,AccuracyMeters,Type
9A:0C:7A:D4:3E:98,SpectrumSetup-97EB,[WPA2_PSK],2025-8-1 2:10:31,1,-69,34.0442467,-117.2014923,364.30,1.75,WIFI
2C:67:BE:09:97:EF,SpectrumSetup-97EB,[WPA2_PSK],2025-8-1 2:10:31,1,-69,34.0442467,-117.2014923,364.30,1.75,WIFI
1C:E8:9E:80:A6:30,[fridge]_E30AJT5123217F,[WPA2_PSK],2025-8-1 2:10:31,1,-70,34.0442467,-117.2014923,364.30,1.75,WIFI
1E:67:BE:09:97:E9,,[WPA2_PSK],2025-8-1 2:10:31,1,-74,34.0442467,-117.2014923,364.30,1.75,WIFI
54:04:63:FB:12:D8,,[WPA_WPA2_PSK],2025-8-1 2:10:31,1,-74,34.0442467,-117.2014923,364.30,1.75,WIFI
58:68:7A:10:AF:17,Cookie,[WPA2_WPA3_PSK],2025-8-1 2:10:31,1,-75,34.0442467,-117.2014923,364.30,1.75,WIFI
90:CA:FA:9B:5D:1A,The Force,[WPA2_PSK],2025-8-1 2:10:31,1,-76,34.0442467,-117.2014923,364.30,1.75,WIFI
34:53:D2:52:09:CE,SpectrumSetup-C8,[WPA2_PSK],2025-8-1 2:10:31,1,-77,34.0442467,-117.2014923,364.30,1.75,WIFI
C0:5D:89:D0:13:89,PNR08IF3106216F090,[OPEN],2025-8-1 2:10:31,1,-82,34.0442467,-117.2014923,364.30,1.75,WIFI
7E:AC:B9:BD:D4:B8,iPhoneSetup,[WPA2_PSK],2025-8-1 2:10:31,1,-85,34.0442467,-117.2014923,364.30,1.75,WIFI
7A:AC:B9:BD:D4:B8,BT_Magnolia_guest,[WPA2_PSK],2025-8-1 2:10:31,1,-86,34.0442467,-117.2014923,364.30,1.75,WIFI
60:32:B1:31:E3:3E,DECO,[WPA2_PSK],2025-8-1 2:10:34,4,-80,34.0442467,-117.2014923,364.40,1.75,WIFI
66:32:B1:31:F2:2A,,[WPA2_PSK],2025-8-1 2:10:34,4,-83,34.0442467,-117.2014923,364.40,1.75,WIFI
D4:3F:32:6C:47:C9,,[OPEN],2025-8-1 2:10:36,6,-66,34.0442467,-117.2015076,364.60,1.75,WIFI
D4:3F:32:6C:47:C6,durian,[WPA2_PSK],2025-8-1 2:10:36,6,-67,34.0442467,-117.2015076,364.60,1.75,WIFI
D4:3F:32:6C:47:C3,,[WPA3_PSK],2025-8-1 2:10:36,6,-67,34.0442467,-117.2015076,364.60,1.75,WIFI
F2:78:71:80:F3:1F,,[WPA2_PSK],2025-8-1 2:10:36,6,-68,34.0442467,-117.2015076,364.60,1.75,WIFI
80:78:71:80:F3:1F,SpectrumSetup-21,[WPA2_PSK],2025-8-1 2:10:36,6,-69,34.0442467,-117.2015076,364.60,1.75,WIFI
A4:11:62:72:9A:12,ARLO_VMB_4422026869,[WPA2_PSK],2025-8-1 2:10:36,6,-71,34.0442467,-117.2015076,364.60,1.75,WIFI
90:CA:FA:9B:59:3C,The Force,[WPA2_PSK],2025-8-1 2:10:36,6,-76,34.0442467,-117.2015076,364.60,1.75,WIFI
D4:05:DE:89:EE:64,,[WPA3_PSK],2025-8-1 2:10:36,6,-79,34.0442467,-117.2015076,364.60,1.75,WIFI
D4:05:DE:89:EE:6A,,[OPEN],2025-8-1 2:10:36,6,-79,34.0442467,-117.2015076,364.60,1.75,WIFI
D4:05:DE:89:EE:67,Honn,[WPA2_PSK],2025-8-1 2:10:36,6,-80,34.0442467,-117.2015076,364.60,1.75,WIFI
98:ED:5C:83:A7:13,TeslaPV_83A713,[WPA2_PSK],2025-8-1 2:10:38,8,-83,34.0442467,-117.2015076,364.60,1.75,WIFI
22:3E:A4:9C:D0:7F,,[WPA2_PSK],2025-8-1 2:10:38,8,-88,34.0442467,-117.2015076,364.60,1.75,WIFI
94:A9:A8:49:B2:08,ENVOY_098670,[OPEN],2025-8-1 2:10:39,9,-81,34.0442467,-117.2015076,364.60,1.75,WIFI
C6:A5:11:13:4D:0C,,[WPA2_PSK],2025-8-1 2:10:39,9,-83,34.0442467,-117.2015076,364.60,1.75,WIFI
C2:A5:11:13:3E:5C,ORBI42,[WPA2_PSK],2025-8-1 2:10:39,9,-91,34.0442467,-117.2015076,364.60,1.75,WIFI
22:48:6C:B1:A8:3B,,[WPA2_PSK],2025-8-1 2:10:41,11,-67,34.0442467,-117.2015076,364.60,1.75,WIFI
D6:47:CC:7F:68:AE,SpectrumSetup-21,[WPA2_PSK],2025-8-1 2:10:41,11,-72,34.0442467,-117.2015076,364.60,1.75,WIFI
F8:5B:3B:CE:64:39,MandC,[WPA2_PSK],2025-8-1 2:10:41,11,-77,34.0442467,-117.2015076,364.60,1.75,WIFI
00:17:1A:D5:37:06,Winegard2ghzD53705,[WPA2_PSK],2025-8-1 2:10:41,11,-84,34.0442467,-117.2015076,364.60,1.75,WIFI
30:23:03:F9:F5:A7,Linksys07099,[WPA2_PSK],2025-8-1 2:10:41,11,-89,34.0442467,-117.2015076,364.60,1.75,WIFI
60:45:CB:5C:8F:31,Voldemort_2.4,[WPA2_PSK],2025-8-1 2:10:41,11,-90,34.0442467,-117.2015076,364.60,1.75,WIFI
04:B6:BE:46:60:CE,,[WPA_WPA2_PSK],2025-8-1 2:10:41,11,-90,34.0442467,-117.2015076,364.60,1.75,WIFI
00:C8:96:B2:DC:40,,[WPA_WPA2_PSK],2025-8-1 2:10:43,1,-83,34.0442467,-117.2015076,364.60,1.75,WIFI
68:3A:48:11:A4:C8,[fridge]_E30AJT5113389T,[WPA2_PSK],2025-8-1 2:10:43,1,-84,34.0442467,-117.2015076,364.60,1.75,WIFI
EC:75:0C:2C:4B:18,Golfdude_EXT,[WPA2_PSK],2025-8-1 2:10:43,1,-93,34.0442467,-117.2015076,364.60,1.75,WIFI
60:32:B1:31:F2:2A,DECO,[WPA2_PSK],2025-8-1 2:10:48,4,-84,34.0442390,-117.2015152,364.70,1.75,WIFI
86:69:1A:94:41:B4,,[WPA2_WPA3_PSK],2025-8-1 2:10:48,4,-89,34.0442390,-117.2015152,364.70,1.75,WIFI
08:7B:12:48:BA:26,Frontier0294,[WPA2_PSK],2025-8-1 2:10:50,6,-74,34.0442162,-117.2015457,364.90,1.75,WIFI
C2:A5:11:13:4D:0C,ORBI42,[WPA2_PSK],2025-8-1 2:10:53,9,-82,34.0441513,-117.2016144,365.20,1.75,WIFI
C6:A5:11:13:3E:5C,,[WPA2_PSK],2025-8-1 2:10:53,9,-88,34.0441513,-117.2016144,365.20,1.75,WIFI
E6:47:CC:7F:68:AE,,[WPA2_PSK],2025-8-1 2:10:55,11,-84,34.0440979,-117.2017136,365.40,1.75,WIFI
C6:47:CC:7F:68:AE,,[WPA2_PSK],2025-8-1 2:10:55,11,-85,34.0440979,-117.2017136,365.40,1.75,WIFI
C0:6F:98:6F:88:E3,,[WPA3_PSK],2025-8-1 2:10:57,1,-70,34.0440369,-117.2018356,365.50,1.75,WIFI
48:5D:36:67:F6:2C,FiOS-BRNLM,[WPA2_PSK],2025-8-1 2:10:57,1,-88,34.0440369,-117.2018356,365.50,1.75,WIFI
FC:22:1C:54:08:9B,chairez-EXT,[WPA2_PSK],2025-8-1 2:10:57,1,-91,34.0440369,-117.2018356,365.50,1.75,WIFI
C4:04:15:1F:1D:15,NETGEAR12,[WPA2_PSK],2025-8-1 2:10:57,1,-91,34.0440369,-117.2018356,365.50,1.75,WIFI
66:32:B1:31:E8:12,,[WPA2_PSK],2025-8-1 2:11:2,4,-88,34.0438347,-117.2021942,365.90,1.75,WIFI
8E:49:62:AB:BC:7A,,[WPA2_PSK],2025-8-1 2:11:4,6,-72,34.0437469,-117.2023468,366.10,1.75,WIFI
F4:52:46:DA:C6:EC,MySpectrumWiFia8-2G,[WPA2_PSK],2025-8-1 2:11:4,6,-82,34.0437469,-117.2023468,366.10,1.75,WIFI
30:60:0A:40:9D:00,,[WPA_WPA2_PSK],2025-8-1 2:11:9,11,-69,34.0435295,-117.2027435,366.50,1.75,WIFI
40:A5:EF:C8:7C:9C,WiFi Extender,[OPEN],2025-8-1 2:11:9,11,-70,34.0435295,-117.2027435,366.50,1.75,WIFI
A0:7F:8A:22:5E:A3,Malloy1412,[WPA2_PSK],2025-8-1 2:11:9,11,-74,34.0435295,-117.2027435,366.50,1.75,WIFI
8E:49:62:30:D9:2F,,[WPA2_PSK],2025-8-1 2:11:9,11,-81,34.0435295,-117.2027435,366.50,1.75,WIFI
04:17:B6:86:AE:93,,[WPA_WPA2_PSK],2025-8-1 2:11:9,11,-83,34.0435295,-117.2027435,366.50,1.75,WIFI
40:5D:82:0A:57:70,ngHub_31945BNW0AFBC,[WPA2_PSK],2025-8-1 2:11:9,11,-93,34.0435295,-117.2027435,366.50,1.75,WIFI
40:47:5E:31:7E:E3,,[WPA3_PSK],2025-8-1 2:11:11,1,-63,34.0434341,-117.2029114,366.70,1.75,WIFI
40:47:5E:31:7E:E9,,[OPEN],2025-8-1 2:11:11,1,-63,34.0434341,-117.2029114,366.70,1.75,WIFI
40:47:5E:31:7E:E6,chairez,[WPA2_PSK],2025-8-1 2:11:11,1,-68,34.0434341,-117.2029114,366.70,1.75,WIFI
CC:CF:83:0C:23:64,,[WPA_WPA2_PSK],2025-8-1 2:11:11,1,-88,34.0434341,-117.2029114,366.70,1.75,WIFI
FE:01:7C:42:A5:3A,DIRECT-3a-HP M227f LaserJet,[WPA2_PSK],2025-8-1 2:11:11,1,-89,34.0434341,-117.2029114,366.70,1.75,WIFI
A8:10:87:67:6D:EE,Ring Setup ed,[OPEN],2025-8-1 2:11:11,1,-94,34.0434341,-117.2029114,366.70,1.75,WIFI
58:D9:D5:EC:84:73,ls14bw,[WPA2_PSK],2025-8-1 2:11:16,4,-89,34.0431976,-117.2033310,367.20,1.75,WIFI
58:D9:D5:EC:84:74,Rufus,[WPA2_PSK],2025-8-1 2:11:16,4,-89,34.0431976,-117.2033310,367.20,1.75,WIFI
04:95:E6:3D:70:04,Rufus,[WPA2_PSK],2025-8-1 2:11:17,5,-84,34.0431480,-117.2034149,367.30,1.75,WIFI
04:95:E6:3D:6F:F3,ls14bw,[WPA2_PSK],2025-8-1 2:11:17,5,-89,34.0431480,-117.2034149,367.30,1.75,WIFI
BA:95:75:14:4A:E8,TP-LINK_IoT,[WPA_WPA2_PSK],2025-8-1 2:11:17,5,-93,34.0431480,-117.2034149,367.30,1.75,WIFI
F8:B3:B7:53:3B:0D,Traeger-3B0D,[WPA2_PSK],2025-8-1 2:11:17,5,-93,34.0431480,-117.2034149,367.30,1.75,WIFI
D4:3F:32:7C:82:63,,[WPA3_PSK],2025-8-1 2:11:18,6,-58,34.0430946,-117.2035065,367.50,1.75,WIFI
D4:3F:32:7C:82:69,,[OPEN],2025-8-1 2:11:18,6,-58,34.0430946,-117.2035065,367.50,1.75,WIFI
D4:3F:32:7C:82:66,Tres Palmas ,[WPA2_PSK],2025-8-1 2:11:18,6,-58,34.0430946,-117.2035065,367.50,1.75,WIFI
34:60:F9:99:15:56,TP-Link_Extender,[WPA2_PSK],2025-8-1 2:11:18,6,-71,34.0430946,-117.2035065,367.50,1.75,WIFI
50:27:A9:65:38:47,,[OPEN],2025-8-1 2:11:18,6,-73,34.0430946,-117.2035065,367.50,1.75,WIFI
78:D6:D6:6E:8E:83,,[WPA3_PSK],2025-8-1 2:11:18,6,-74,34.0430946,-117.2035065,367.50,1.75,WIFI
78:D6:D6:6E:8E:85,Blossom Baby,[WPA2_PSK],2025-8-1 2:11:18,6,-74,34.0430946,-117.2035065,367.50,1.75,WIFI
50:27:A9:65:38:45,Blossom Baby,[WPA2_PSK],2025-8-1 2:11:18,6,-74,34.0430946,-117.2035065,367.50,1.75,WIFI
84:1E:A3:28:D2:96,Redlands 2.4/5,[WPA2_PSK],2025-8-1 2:11:18,6,-75,34.0430946,-117.2035065,367.50,1.75,WIFI
78:D6:D6:6E:8E:87,,[OPEN],2025-8-1 2:11:18,6,-75,34.0430946,-117.2035065,367.50,1.75,WIFI
50:27:A9:65:38:43,,[WPA3_PSK],2025-8-1 2:11:18,6,-75,34.0430946,-117.2035065,367.50,1.75,WIFI
DC:69:B5:E5:09:69,,[OPEN],2025-8-1 2:11:18,6,-77,34.0430946,-117.2035065,367.50,1.75,WIFI
DC:69:B5:E5:09:66,1427 Blossom,[WPA2_PSK],2025-8-1 2:11:18,6,-78,34.0430946,-117.2035065,367.50,1.75,WIFI
DC:69:B5:E5:09:63,,[WPA3_PSK],2025-8-1 2:11:18,6,-78,34.0430946,-117.2035065,367.50,1.75,WIFI
FC:15:B4:6A:DE:87,HP-Print-87-Officejet 4630,[OPEN],2025-8-1 2:11:18,6,-84,34.0430946,-117.2035065,367.50,1.75,WIFI
18:A5:FF:C6:B5:D0,Chris1890,[WPA2_WPA3_PSK],2025-8-1 2:11:21,8,-82,34.0429649,-117.2037354,368.00,1.75,WIFI
B0:FC:88:15:FF:26,SpectrumSetup-20,[WPA2_PSK],2025-8-1 2:11:24,11,-62,34.0428734,-117.2039185,368.30,1.75,WIFI
9C:3D:CF:F3:87:68,ngHub_319459NB03EC5,[WPA2_PSK],2025-8-1 2:11:24,11,-85,34.0428734,-117.2039185,368.30,1.75,WIFI
70:3A:CB:0C:0B:35,NSA Surveillance Van,[WPA2_PSK],2025-8-1 2:11:24,11,-85,34.0428734,-117.2039185,368.30,1.75,WIFI
38:81:D7:38:26:A9,Ring Setup a8,[OPEN],2025-8-1 2:11:27,1,-78,34.0428314,-117.2040329,368.00,1.75,WIFI
5C:FA:25:C3:DF:7D,SpectrumSetup-77,[WPA2_PSK],2025-8-1 2:11:27,1,-80,34.0428314,-117.2040329,368.00,1.75,WIFI
5C:18:DD:EB:5E:44,,[WPA_WPA2_PSK],2025-8-1 2:11:27,1,-82,34.0428314,-117.2040329,368.00,1.75,WIFI
B6:95:75:45:BB:35,,[WPA2_PSK],2025-8-1 2:11:29,2,-78,34.0428238,-117.2040634,367.80,1.75,WIFI
B0:95:75:45:BB:35,ls14bw-gar,[WPA_WPA2_PSK],2025-8-1 2:11:29,2,-85,34.0428238,-117.2040634,367.80,1.75,WIFI
30:E2:83:9C:AE:85,ENVOY_006879,[OPEN],2025-8-1 2:11:30,3,-86,34.0428276,-117.2040939,367.60,1.75,WIFI
B6:95:75:14:4A:E8,Frontier5472,[WPA2_PSK],2025-8-1 2:11:32,5,-89,34.0428658,-117.2041855,367.70,1.75,WIFI
84:70:D7:BB:D0:67,varol,[WPA2_PSK],2025-8-1 2:11:33,6,-75,34.0429039,-117.2042313,367.70,1.75,WIFI
12:E8:A7:B6:B9:6B,Audi_MMI_MIB3,[WPA2_PSK],2025-8-1 2:11:33,6,-80,34.0429039,-117.2042313,367.70,1.75,WIFI
74:93:DA:56:A2:B5,SpectrumSetup-B7,[WPA2_PSK],2025-8-1 2:11:33,6,-82,34.0429039,-117.2042313,367.70,1.75,WIFI
80:78:71:07:5F:8E,SpectrumSetup-90,[WPA2_PSK],2025-8-1 2:11:33,6,-83,34.0429039,-117.2042313,367.70,1.75,WIFI
C0:A0:0D:F4:8A:80,Frontier7488,[WPA2_PSK],2025-8-1 2:11:33,6,-85,34.0429039,-117.2042313,367.70,1.75,WIFI
84:70:D7:BB:D0:6A,,[OPEN],2025-8-1 2:11:33,6,-85,34.0429039,-117.2042313,367.70,1.75,WIFI
A0:40:A0:9B:71:A0,NTGR_VMB_1462060993,[WPA2_PSK],2025-8-1 2:11:33,6,-88,34.0429039,-117.2042313,367.70,1.75,WIFI
BA:39:56:6D:F3:E1,,[WPA2_PSK],2025-8-1 2:11:35,8,-90,34.0430222,-117.2043381,367.20,1.75,WIFI
08:B4:B1:4A:D3:1C,MP Google Wifi,[WPA2_PSK],2025-8-1 2:11:38,11,-75,34.0432549,-117.2045288,366.40,1.75,WIFI
F0:7B:65:E5:03:2E,SpectrumSetup-0328,[WPA2_PSK],2025-8-1 2:11:41,1,-79,34.0435028,-117.2047348,365.80,1.75,WIFI
18:0C:7A:27:11:A7,TMOBILE-11A1,[WPA2_WPA3_PSK],2025-8-1 2:11:41,1,-80,34.0435028,-117.2047348,365.80,1.75,WIFI
F0:81:75:D1:1A:AE,SpectrumSetup-A8,[WPA2_PSK],2025-8-1 2:11:41,1,-87,34.0435028,-117.2047348,365.80,1.75,WIFI
84:1E:A3:2B:EC:66,SpectrumSetup-60,[WPA2_PSK],2025-8-1 2:11:41,1,-88,34.0435028,-117.2047348,365.80,1.75,WIFI
98:F7:81:ED:5B:E8,Frontier0480,[WPA2_PSK],2025-8-1 2:11:41,1,-89,34.0435028,-117.2047348,365.80,1.75,WIFI
38:94:ED:66:C5:40,Simba,[WPA2_PSK],2025-8-1 2:11:43,2,-81,34.0436745,-117.2048721,365.40,1.75,WIFI
A4:11:62:B5:7C:A4,ARLO_VMB_9878899527,[WPA2_PSK],2025-8-1 2:11:43,2,-85,34.0436745,-117.2048721,365.40,1.75,WIFI
34:60:F9:C1:11:4A,,[WPA2_PSK],2025-8-1 2:11:43,2,-91,34.0436745,-117.2048721,365.40,1.75,WIFI
90:70:65:02:5B:B5,,[WPA2_PSK],2025-8-1 2:11:44,3,-89,34.0437622,-117.2049408,365.10,1.75,WIFI
AC:91:9B:1D:E4:78,Edwards2,[WPA2_PSK],2025-8-1 2:11:46,5,-88,34.0439377,-117.2050858,364.70,1.75,WIFI
44:AC:85:85:86:A3,,[WPA3_PSK],2025-8-1 2:11:47,6,-66,34.0440254,-117.2051620,364.50,1.75,WIFI
44:AC:85:85:86:A9,,[OPEN],2025-8-1 2:11:47,6,-66,34.0440254,-117.2051620,364.50,1.75,WIFI
44:AC:85:85:86:A6,home,[WPA2_PSK],2025-8-1 2:11:47,6,-69,34.0440254,-117.2051620,364.50,1.75,WIFI
A8:A2:37:C8:C9:7B,admin,[WPA2_PSK],2025-8-1 2:11:47,6,-84,34.0440254,-117.2051620,364.50,1.75,WIFI
34:98:B5:6D:B4:78,Casa de Esquivel,[WPA2_PSK],2025-8-1 2:11:48,7,-83,34.0441093,-117.2052307,364.20,1.75,WIFI
B6:39:56:6D:F3:E1,ORBI08,[WPA2_PSK],2025-8-1 2:11:49,8,-57,34.0441933,-117.2052994,364.10,1.75,WIFI
78:D2:94:0D:66:95,NETGEAR22,[WPA2_PSK],2025-8-1 2:11:49,8,-69,34.0441933,-117.2052994,364.10,1.75,WIFI
BA:39:56:6D:EF:6D,,[WPA2_PSK],2025-8-1 2:11:49,8,-76,34.0441933,-117.2052994,364.10,1.75,WIFI
BA:39:56:6C:D8:D6,,[WPA2_PSK],2025-8-1 2:11:49,8,-77,34.0441933,-117.2052994,364.10,1.75,WIFI
30:E2:83:B7:6B:61,ENVOY_109810,[OPEN],2025-8-1 2:11:49,8,-90,34.0441933,-117.2052994,364.10,1.75,WIFI
48:5D:36:7D:85:BE,verbell106,[WPA2_PSK],2025-8-1 2:11:52,11,-73,34.0444145,-117.2054825,363.50,1.75,WIFI
60:F4:19:74:CF:C9,,[OPEN],2025-8-1 2:11:52,11,-73,34.0444145,-117.2054825,363.50,1.75,WIFI
60:F4:19:74:CF:C6,Charmy,[WPA2_PSK],2025-8-1 2:11:52,11,-73,34.0444145,-117.2054825,363.50,1.75,WIFI
F0:7B:65:7F:D5:98,SpectrumSetup-D592,[WPA2_PSK],2025-8-1 2:11:55,1,-68,34.0445595,-117.2055893,362.90,1.75,WIFI
2C:67:BE:36:0E:1A,MLAM,[WPA2_PSK],2025-8-1 2:11:55,1,-70,34.0445595,-117.2055893,362.90,1.75,WIFI
5C:FA:25:CE:F0:F1,SpectrumSetup-EB,[WPA2_PSK],2025-8-1 2:11:55,1,-70,34.0445595,-117.2055893,362.90,1.75,WIFI
78:D6:D6:E8:A7:45,Countryroads22,[WPA2_PSK],2025-8-1 2:11:55,1,-74,34.0445595,-117.2055893,362.90,1.75,WIFI
78:D6:D6:E8:A7:47,,[OPEN],2025-8-1 2:11:55,1,-74,34.0445595,-117.2055893,362.90,1.75,WIFI
2C:95:69:84:D9:58,Frontier3312,[WPA2_PSK],2025-8-1 2:11:55,1,-75,34.0445595,-117.2055893,362.90,1.75,WIFI
2E:D7:5B:AC:DA:F4,SpectrumSetup-2CAC,[WPA2_PSK],2025-8-1 2:11:55,1,-79,34.0445595,-117.2055893,362.90,1.75,WIFI
90:D3:CF:11:30:A0,AvilesFamily,[WPA2_PSK],2025-8-1 2:11:55,1,-79,34.0445595,-117.2055893,362.90,1.75,WIFI
A0:64:8F:A3:AB:35,SpectrumSetup-37,[WPA2_PSK],2025-8-1 2:11:55,1,-82,34.0445595,-117.2055893,362.90,1.75,WIFI
94:A6:7E:EB:F4:01,Canaan House,[WPA2_PSK],2025-8-1 2:11:56,2,-81,34.0445824,-117.2056198,362.90,1.75,WIFI
62:AF:97:0E:A7:95,,[WPA2_PSK],2025-8-1 2:12:0,5,-82,34.0446587,-117.2056808,362.40,1.75,WIFI
28:80:88:25:7F:01,RCBJK_2GEXT,[WPA2_PSK],2025-8-1 2:12:0,5,-83,34.0446587,-117.2056808,362.40,1.75,WIFI
62:AF:97:0E:A7:94,TP-Link_A794,[WPA2_PSK],2025-8-1 2:12:0,5,-83,34.0446587,-117.2056808,362.40,1.75,WIFI
60:32:B1:82:54:26,Tangerino_EXT,[WPA_WPA2_PSK],2025-8-1 2:12:1,6,-66,34.0447044,-117.2057114,362.10,1.75,WIFI
F4:52:46:F8:D7:E4,SpectrumSetup-D7E7,[WPA2_PSK],2025-8-1 2:12:1,6,-72,34.0447044,-117.2057114,362.10,1.75,WIFI
F4:52:46:D4:97:7B,Haz,[WPA2_PSK],2025-8-1 2:12:1,6,-77,34.0447044,-117.2057114,362.10,1.75,WIFI
FC:12:63:B8:35:9D,SpectrumSetup-9F,[WPA2_PSK],2025-8-1 2:12:1,6,-82,34.0447044,-117.2057114,362.10,1.75,WIFI
9C:05:D6:3B:F7:B2,Skynet2,[WPA2_PSK],2025-8-1 2:12:1,6,-83,34.0447044,-117.2057114,362.10,1.75,WIFI
E2:73:E7:7D:53:70,DIRECT-70-HP Color LJ 4301,[WPA2_PSK],2025-8-1 2:12:1,6,-86,34.0447044,-117.2057114,362.10,1.75,WIFI
B6:39:56:6C:D8:D6,ORBI08,[WPA2_PSK],2025-8-1 2:12:3,8,-72,34.0448227,-117.2058105,361.50,1.75,WIFI
A8:6E:84:34:CD:C0,caro,[WPA2_PSK],2025-8-1 2:12:4,9,-71,34.0448952,-117.2058716,361.10,1.75,WIFI
AA:6E:84:24:CD:C0,,[WPA2_PSK],2025-8-1 2:12:4,9,-76,34.0448952,-117.2058716,361.10,1.75,WIFI
40:47:5E:4D:E6:E6,Candelaria wifi,[WPA2_PSK],2025-8-1 2:12:6,11,-58,34.0450554,-117.2060013,360.00,1.75,WIFI
40:47:5E:4D:E6:E9,,[OPEN],2025-8-1 2:12:6,11,-59,34.0450554,-117.2060013,360.00,1.75,WIFI
40:47:5E:4D:E6:E3,,[WPA3_PSK],2025-8-1 2:12:6,11,-61,34.0450554,-117.2060013,360.00,1.75,WIFI
A2:B8:2B:64:B0:D0,SpectrumSetup-2CAC,[WPA2_PSK],2025-8-1 2:12:6,11,-70,34.0450554,-117.2060013,360.00,1.75,WIFI
FC:B2:D6:C7:64:54,,[WPA_WPA2_PSK],2025-8-1 2:12:8,1,-62,34.0452309,-117.2061386,358.80,1.75,WIFI
A8:A2:37:1E:84:2B,Verizon_L3CSHG,[WPA2_PSK],2025-8-1 2:12:8,1,-65,34.0452309,-117.2061386,358.80,1.75,WIFI
A0:7F:8A:36:C7:ED,SpectrumSetup-C7E7,[WPA2_PSK],2025-8-1 2:12:8,1,-69,34.0452309,-117.2061386,358.80,1.75,WIFI
00:C8:96:D1:50:92,,[WPA_WPA2_PSK],2025-8-1 2:12:8,1,-70,34.0452309,-117.2061386,358.80,1.75,WIFI
F8:5B:3B:79:21:1A,SpectrumSetup-1C,[WPA2_PSK],2025-8-1 2:12:8,1,-73,34.0452309,-117.2061386,358.80,1.75,WIFI
F0:81:75:FA:31:46,SpectrumSetup-40,[WPA2_PSK],2025-8-1 2:12:8,1,-73,34.0452309,-117.2061386,358.80,1.75,WIFI
A0:55:1F:16:98:43,SpectrumSetup-983D,[WPA2_PSK],2025-8-1 2:12:8,1,-73,34.0452309,-117.2061386,358.80,1.75,WIFI
A0:89:66:EA:79:5C,,[WPA_WPA2_PSK],2025-8-1 2:12:8,1,-74,34.0452309,-117.2061386,358.80,1.75,WIFI
A0:89:66:94:27:D8,,[WPA_WPA2_PSK],2025-8-1 2:12:8,1,-76,34.0452309,-117.2061386,358.80,1.75,WIFI
9C:3D:CF:93:3B:90,ARLO_VMB_1663536594,[WPA2_PSK],2025-8-1 2:12:8,1,-78,34.0452309,-117.2061386,358.80,1.75,WIFI
A0:89:66:94:7B:78,,[WPA_WPA2_PSK],2025-8-1 2:12:8,1,-90,34.0452309,-117.2061386,358.80,1.75,WIFI
9C:3D:CF:C9:87:C5,NETGEAR53,[WPA2_PSK],2025-8-1 2:12:8,2,-67,34.0452309,-117.2061386,358.80,1.75,WIFI
10:2C:B1:E5:31:D9,,[WPA_WPA2_PSK],2025-8-1 2:12:12,3,-77,34.0456161,-117.2064438,356.30,1.75,WIFI
6C:CD:D6:E5:75:DD,,[WPA2_PSK],2025-8-1 2:12:12,3,-79,34.0456161,-117.2064438,356.30,1.75,WIFI
72:CD:D6:E5:75:DD,ORBI32,[WPA2_PSK],2025-8-1 2:12:12,3,-80,34.0456161,-117.2064438,356.30,1.75,WIFI
C4:41:1E:C0:3C:14,RCBJK,[WPA2_PSK],2025-8-1 2:12:14,5,-69,34.0458031,-117.2065735,354.00,1.75,WIFI
4C:19:5D:0C:C9:75,SpectrumSetup-6F,[WPA2_PSK],2025-8-1 2:12:15,6,-63,34.0458984,-117.2066345,353.40,1.50,WIFI
88:67:46:79:CC:E6,wifi,[WPA2_WPA3_PSK],2025-8-1 2:12:15,6,-65,34.0458984,-117.2066345,353.40,1.50,WIFI
88:67:46:79:CC:E9,,[OPEN],2025-8-1 2:12:15,6,-67,34.0458984,-117.2066345,353.40,1.50,WIFI
90:D3:CF:D9:4B:66,AREA51,[WPA2_PSK],2025-8-1 2:12:15,6,-68,34.0458984,-117.2066345,353.40,1.50,WIFI
9C:0B:05:6D:38:C4,,[WPA3_PSK],2025-8-1 2:12:15,6,-70,34.0458984,-117.2066345,353.40,1.50,WIFI
9C:0B:05:6D:38:CA,,[OPEN],2025-8-1 2:12:15,6,-70,34.0458984,-117.2066345,353.40,1.50,WIFI
F0:7B:65:F2:8A:9D,SpectrumSetup-8A97,[WPA2_PSK],2025-8-1 2:12:15,6,-71,34.0458984,-117.2066345,353.40,1.50,WIFI
44:AC:85:4B:60:86,G and R’s Lair ,[WPA2_PSK],2025-8-1 2:12:15,6,-72,34.0458984,-117.2066345,353.40,1.50,WIFI
9C:0B:05:6D:38:C7,MarceloWifi2,[WPA2_PSK],2025-8-1 2:12:15,6,-74,34.0458984,-117.2066345,353.40,1.50,WIFI
4C:19:5D:B3:F2:08,SpectrumSetup-02,[WPA2_PSK],2025-8-1 2:12:15,6,-84,34.0458984,-117.2066345,353.40,1.50,WIFI
2C:67:BE:0A:E5:91,SpectrumSetup-F1,[WPA2_PSK],2025-8-1 2:12:15,6,-88,34.0458984,-117.2066345,353.40,1.50,WIFI
60:38:E0:80:AE:3A,TheUPSstore6876,[WPA2_PSK],2025-8-1 2:12:18,8,-83,34.0461617,-117.2067337,352.50,1.50,WIFI
48:BA:4E:15:95:87,DIRECT-86-HP OfficeJet 4650,[WPA2_PSK],2025-8-1 2:12:20,10,-79,34.0462952,-117.2067566,352.40,1.50,WIFI
88:67:46:63:F9:06,9mbs,[WPA2_PSK],2025-8-1 2:12:21,11,-61,34.0463562,-117.2067566,352.30,1.50,WIFI
60:F4:19:74:CF:C3,,[WPA3_PSK],2025-8-1 2:12:21,11,-66,34.0463562,-117.2067566,352.30,1.50,WIFI
88:67:46:63:F9:03,,[WPA3_PSK],2025-8-1 2:12:21,11,-66,34.0463562,-117.2067566,352.30,1.50,WIFI
EC:A9:40:3E:47:08,MySpectrumWiFi07-2G,[WPA2_PSK],2025-8-1 2:12:21,11,-68,34.0463562,-117.2067566,352.30,1.50,WIFI
D4:A9:28:18:6A:92,FiOS-ALV6I,[WPA2_PSK],2025-8-1 2:12:21,11,-69,34.0463562,-117.2067566,352.30,1.50,WIFI
44:AC:85:5D:E2:09,,[OPEN],2025-8-1 2:12:21,11,-70,34.0463562,-117.2067566,352.30,1.50,WIFI
44:AC:85:95:BD:09,,[OPEN],2025-8-1 2:12:21,11,-72,34.0463562,-117.2067566,352.30,1.50,WIFI
44:AC:85:95:BD:06,hernandezcgj,[WPA2_PSK],2025-8-1 2:12:21,11,-72,34.0463562,-117.2067566,352.30,1.50,WIFI
44:AC:85:95:BD:03,,[WPA3_PSK],2025-8-1 2:12:21,11,-73,34.0463562,-117.2067566,352.30,1.50,WIFI
58:9B:4A:AB:7F:03,SpectrumSetup-7EFF,[WPA2_PSK],2025-8-1 2:12:21,11,-74,34.0463562,-117.2067566,352.30,1.50,WIFI
80:78:71:EC:CE:A9,SpectrumSetup-AB,[WPA2_PSK],2025-8-1 2:12:24,1,-87,34.0464668,-117.2067337,352.20,1.50,WIFI
88:DE:7C:C7:05:D9,Figgusssssss,[WPA2_PSK],2025-8-1 2:12:30,6,-73,34.0465508,-117.2067032,352.50,1.50,WIFI
4C:AB:F8:30:0B:39,SpectrumSetup-3B,[WPA2_PSK],2025-8-1 2:12:30,6,-74,34.0465508,-117.2067032,352.50,1.50,WIFI
C8:B4:22:D3:D7:DA,MySpectrumWiFiDC-2G,[WPA2_PSK],2025-8-1 2:12:30,6,-75,34.0465508,-117.2067032,352.50,1.50,WIFI
C0:3C:04:A2:8E:27,SpectrumSetup-21,[WPA2_PSK],2025-8-1 2:12:30,6,-83,34.0465508,-117.2067032,352.50,1.50,WIFI
18:A5:FF:A2:C4:3A,TMOBILE-C438,[WPA2_WPA3_PSK],2025-8-1 2:12:32,8,-90,34.0465698,-117.2067032,352.60,1.50,WIFI
8E:5A:B0:27:BA:1B,,[WPA2_PSK],2025-8-1 2:12:33,9,-69,34.0465813,-117.2066956,352.60,1.50,WIFI
6C:5A:B0:27:BA:1B,Turton,[WPA2_PSK],2025-8-1 2:12:33,9,-70,34.0465813,-117.2066956,352.60,1.50,WIFI
D4:3F:32:DA:EF:E3,,[WPA3_PSK],2025-8-1 2:12:35,11,-68,34.0466080,-117.2066956,352.70,1.50,WIFI
D4:3F:32:DA:EF:E9,,[OPEN],2025-8-1 2:12:35,11,-68,34.0466080,-117.2066956,352.70,1.50,WIFI
60:F4:19:63:EF:89,,[OPEN],2025-8-1 2:12:35,11,-69,34.0466080,-117.2066956,352.70,1.50,WIFI
60:F4:19:63:EF:86,Charmy,[WPA2_PSK],2025-8-1 2:12:35,11,-69,34.0466080,-117.2066956,352.70,1.50,WIFI
D4:3F:32:DA:EF:E6,CSAV,[WPA2_PSK],2025-8-1 2:12:35,11,-69,34.0466080,-117.2066956,352.70,1.50,WIFI
88:67:46:63:F9:09,,[OPEN],2025-8-1 2:12:35,11,-71,34.0466080,-117.2066956,352.70,1.50,WIFI
74:93:DA:A4:65:E1,SpectrumSetup-E3,[WPA2_PSK],2025-8-1 2:12:35,11,-71,34.0466080,-117.2066956,352.70,1.50,WIFI
48:22:54:2F:55:D3,SkadooshNet,[WPA2_PSK],2025-8-1 2:12:41,3,-81,34.0467796,-117.2069016,352.20,1.50,WIFI
6A:22:54:2F:55:D3,,[WPA2_PSK],2025-8-1 2:12:41,3,-85,34.0467796,-117.2069016,352.20,1.50,WIFI
2C:67:BE:02:57:E6,Spectrum1261,[WPA2_PSK],2025-8-1 2:12:44,6,-62,34.0468483,-117.2071686,351.70,1.50,WIFI
D8:A7:56:64:7B:4E,MySpectrumWiFi48-2G,[WPA2_PSK],2025-8-1 2:12:44,6,-66,34.0468483,-117.2071686,351.70,1.50,WIFI
60:F4:19:F1:E9:23,,[WPA3_PSK],2025-8-1 2:12:44,6,-78,34.0468483,-117.2071686,351.70,1.50,WIFI
40:E1:E4:46:12:09,TMOBILE-1200,[WPA2_WPA3_PSK],2025-8-1 2:12:44,6,-79,34.0468483,-117.2071686,351.70,1.50,WIFI
88:DE:7C:8D:0D:F9,SpectrumSetup-FB,[WPA2_PSK],2025-8-1 2:12:44,6,-83,34.0468483,-117.2071686,351.70,1.50,WIFI
6C:99:61:CC:3E:26,SpectrumSetup-20,[WPA2_PSK],2025-8-1 2:12:44,6,-86,34.0468483,-117.2071686,351.70,1.50,WIFI
44:07:0B:0F:F0:36,Waves,[WPA2_PSK],2025-8-1 2:12:44,6,-86,34.0468483,-117.2071686,351.70,1.50,WIFI
A0:89:66:9F:07:A8,,[WPA_WPA2_PSK],2025-8-1 2:12:46,8,-74,34.0469131,-117.2073898,351.30,1.50,WIFI
6C:CD:D6:DB:80:FC,NETGEAR49,[WPA2_PSK],2025-8-1 2:12:48,10,-68,34.0469894,-117.2076416,350.90,1.50,WIFI
D8:CF:61:44:AE:0A,LeDollarBeanz,[WPA2_PSK],2025-8-1 2:12:49,11,-54,34.0470314,-117.2077713,350.80,1.50,WIFI
F4:52:46:92:46:A1,stardewstudio,[WPA2_PSK],2025-8-1 2:12:49,11,-59,34.0470314,-117.2077713,350.80,1.50,WIFI
B0:FC:88:79:15:EE,SPECTRE,[WPA2_PSK],2025-8-1 2:12:49,11,-69,34.0470314,-117.2077713,350.80,1.50,WIFI
34:53:D2:EE:54:50,mywifi,[WPA2_PSK],2025-8-1 2:12:49,11,-69,34.0470314,-117.2077713,350.80,1.50,WIFI
60:F4:19:5F:39:83,,[WPA3_PSK],2025-8-1 2:12:49,11,-71,34.0470314,-117.2077713,350.80,1.50,WIFI
60:F4:19:5F:39:89,,[OPEN],2025-8-1 2:12:49,11,-71,34.0470314,-117.2077713,350.80,1.50,WIFI
60:F4:19:51:8E:A9,,[OPEN],2025-8-1 2:12:49,11,-72,34.0470314,-117.2077713,350.80,1.50,WIFI
4C:19:5D:03:C2:FD,SpectrumSetup-F7,[WPA2_PSK],2025-8-1 2:12:49,11,-74,34.0470314,-117.2077713,350.80,1.50,WIFI
C8:C6:FE:19:EB:66,S&L WiFi,[WPA2_PSK],2025-8-1 2:12:49,11,-76,34.0470314,-117.2077713,350.80,1.50,WIFI
88:67:46:97:9D:63,,[WPA3_PSK],2025-8-1 2:12:49,11,-76,34.0470314,-117.2077713,350.80,1.50,WIFI
88:67:46:97:9D:69,,[OPEN],2025-8-1 2:12:49,11,-76,34.0470314,-117.2077713,350.80,1.50,WIFI
88:67:46:97:9D:66,Frontier Abc,[WPA2_PSK],2025-8-1 2:12:49,11,-76,34.0470314,-117.2077713,350.80,1.50,WIFI
44:AC:85:A0:91:69,,[OPEN],2025-8-1 2:12:49,11,-76,34.0470314,-117.2077713,350.80,1.50,WIFI
44:AC:85:A0:91:66,CT2WiFi,[WPA2_PSK],2025-8-1 2:12:49,11,-77,34.0470314,-117.2077713,350.80,1.50,WIFI
A8:9A:93:8D:AD:06,MySpectrumWiFi00-2G,[WPA2_PSK],2025-8-1 2:12:49,11,-85,34.0470314,-117.2077713,350.80,1.50,WIFI
4C:19:5D:45:47:94,Kim’s Wifi,[WPA2_PSK],2025-8-1 2:12:53,1,-74,34.0472069,-117.2082291,350.50,1.50,WIFI
C8:B4:22:03:28:2B,Roshambo,[WPA2_PSK],2025-8-1 2:12:53,1,-79,34.0472069,-117.2082291,350.50,1.50,WIFI
E6:46:EE:1C:66:07,mor405,[WPA2_PSK],2025-8-1 2:12:57,4,-75,34.0473366,-117.2085342,350.30,1.50,WIFI
E0:46:EE:1C:66:07,,[WPA2_PSK],2025-8-1 2:12:57,4,-77,34.0473366,-117.2085342,350.30,1.50,WIFI
E0:46:EE:1C:B7:83,,[WPA2_PSK],2025-8-1 2:12:57,4,-83,34.0473366,-117.2085342,350.30,1.50,WIFI
E6:46:EE:1C:B7:83,mor405,[WPA2_PSK],2025-8-1 2:12:57,4,-83,34.0473366,-117.2085342,350.30,1.50,WIFI
FC:12:63:7E:18:66,Daizy Daze,[WPA2_PSK],2025-8-1 2:12:59,6,-69,34.0473671,-117.2086029,350.10,1.50,WIFI
78:D6:D6:5A:A5:43,,[WPA3_PSK],2025-8-1 2:12:59,6,-72,34.0473671,-117.2086029,350.10,1.50,WIFI
78:D6:D6:5A:A5:47,,[OPEN],2025-8-1 2:12:59,6,-72,34.0473671,-117.2086029,350.10,1.50,WIFI
78:D6:D6:5A:A5:45,YoYo,[WPA2_PSK],2025-8-1 2:12:59,6,-72,34.0473671,-117.2086029,350.10,1.50,WIFI
4C:AB:F8:EA:90:23,SpectrumSetup-25,[WPA2_PSK],2025-8-1 2:12:59,6,-72,34.0473671,-117.2086029,350.10,1.50,WIFI
A0:8A:06:12:79:2D,SpectrumSetup-7930,[WPA2_PSK],2025-8-1 2:12:59,6,-78,34.0473671,-117.2086029,350.10,1.50,WIFI
2C:67:BE:0A:27:BE,SpectrumSetup-6F95,[WPA2_PSK],2025-8-1 2:12:59,6,-83,34.0473671,-117.2086029,350.10,1.50,WIFI
50:EB:F6:12:3D:F8,PilloWiFight,[WPA2_PSK],2025-8-1 2:13:0,7,-84,34.0473709,-117.2086105,350.10,1.50,WIFI
8C:90:2D:21:2D:AC,TP-Link,[WPA2_PSK],2025-8-1 2:13:2,9,-82,34.0473824,-117.2086258,350.00,1.50,WIFI
AC:DF:9F:51:A0:82,TMOBILE-A080,[WPA2_WPA3_PSK],2025-8-1 2:13:3,10,-74,34.0474014,-117.2086411,349.90,1.50,WIFI
E0:46:EE:39:FF:D9,NETGEAR50,[WPA2_PSK],2025-8-1 2:13:3,10,-83,34.0474014,-117.2086411,349.90,1.50,WIFI
18:A9:ED:75:1C:46,ThePacketsMustFlow,[WPA2_PSK],2025-8-1 2:13:4,11,-72,34.0474281,-117.2086563,349.80,1.50,WIFI
4C:AB:F8:45:E8:0D,SpectrumSetup-0F,[WPA2_PSK],2025-8-1 2:13:4,11,-75,34.0474281,-117.2086563,349.80,1.50,WIFI
AE:46:9D:1B:79:BF,,[WPA_PSK],2025-8-1 2:13:6,1,-81,34.0475121,-117.2086639,349.60,1.50,WIFI
1C:B0:44:CC:AF:B8,MySpectrumWiFiBA-2G,[WPA2_PSK],2025-8-1 2:13:12,6,-71,34.0480080,-117.2086182,349.30,1.50,WIFI
8C:85:80:CF:93:57,,[WPA_WPA2_PSK],2025-8-1 2:13:12,6,-75,34.0480080,-117.2086182,349.30,1.50,WIFI
D2:19:21:E2:C6:2B,,[WPA2_PSK],2025-8-1 2:13:12,6,-77,34.0480080,-117.2086182,349.30,1.50,WIFI
6C:99:61:D5:6E:FE,HayesHouse,[WPA2_PSK],2025-8-1 2:13:12,6,-82,34.0480080,-117.2086182,349.30,1.50,WIFI
B6:FB:E4:94:D1:29,MRC_Guest,[WPA2_PSK],2025-8-1 2:13:12,6,-83,34.0480080,-117.2086182,349.30,1.50,WIFI
B4:FB:E4:84:D1:29,MRC_Private,[WPA2_PSK],2025-8-1 2:13:12,6,-83,34.0480080,-117.2086182,349.30,1.50,WIFI
74:93:DA:56:7A:91,SpectrumSetup-93,[WPA2_PSK],2025-8-1 2:13:12,6,-86,34.0480080,-117.2086182,349.30,1.50,WIFI
D8:47:32:D9:9B:7B,KoiPond,[WPA_WPA2_PSK],2025-8-1 2:13:13,7,-79,34.0481186,-117.2086182,349.20,1.50,WIFI
7A:47:32:D9:9B:7E,AmbrosiaBox,[WPA2_PSK],2025-8-1 2:13:13,7,-80,34.0481186,-117.2086182,349.20,1.50,WIFI
18:A5:FF:F2:72:36,Homme66,[WPA2_WPA3_PSK],2025-8-1 2:13:14,8,-83,34.0482407,-117.2086258,349.00,1.50,WIFI
2C:4D:54:B1:AB:21,Oso Guest,[WPA2_PSK],2025-8-1 2:13:15,9,-89,34.0483551,-117.2086258,348.70,1.50,WIFI
AC:DF:9F:32:D6:4A,Simmons5G,[WPA2_WPA3_PSK],2025-8-1 2:13:16,10,-84,34.0484810,-117.2086258,348.40,1.50,WIFI
74:AC:B9:C4:6D:E1,Ocean Pho 3 Customer,[WPA2_PSK],2025-8-1 2:13:17,11,-72,34.0486069,-117.2086258,348.00,1.50,WIFI
C6:9E:28:FF:EB:4C,,[WPA2_PSK],2025-8-1 2:13:17,11,-73,34.0486069,-117.2086258,348.00,1.50,WIFI
7A:AC:B9:C4:6D:E1,Ocean Pho Staff-HW,[WPA2_PSK],2025-8-1 2:13:17,11,-74,34.0486069,-117.2086258,348.00,1.50,WIFI
7E:AC:B9:C4:6D:E1,,[WPA2_PSK],2025-8-1 2:13:17,11,-75,34.0486069,-117.2086258,348.00,1.50,WIFI
7A:AC:B9:C4:6D:A1,Ocean Pho Staff-HW,[WPA2_PSK],2025-8-1 2:13:17,11,-78,34.0486069,-117.2086258,348.00,1.50,WIFI
18:E8:29:47:05:15,MRC_Private,[WPA2_PSK],2025-8-1 2:13:17,11,-79,34.0486069,-117.2086258,348.00,1.50,WIFI
1A:E8:29:17:05:15,MRC_Guest,[WPA2_PSK],2025-8-1 2:13:17,11,-81,34.0486069,-117.2086258,348.00,1.50,WIFI
1A:E8:29:27:05:15,,[WPA2_PSK],2025-8-1 2:13:17,11,-82,34.0486069,-117.2086258,348.00,1.50,WIFI
2C:00:AB:D4:B4:80,Frontier5920,[WPA2_PSK],2025-8-1 2:13:17,11,-87,34.0486069,-117.2086258,348.00,1.50,WIFI
14:59:C0:13:4B:8B,NETGEAR90,[WPA2_PSK],2025-8-1 2:13:17,11,-87,34.0486069,-117.2086258,348.00,1.50,WIFI
F6:55:A8:93:1C:EB,,[WPA2_PSK],2025-8-1 2:13:17,11,-88,34.0486069,-117.2086258,348.00,1.50,WIFI
F0:AF:85:E5:0E:30,Frontier6160,[WPA2_PSK],2025-8-1 2:13:20,1,-61,34.0489960,-117.2086334,347.60,1.50,WIFI
2C:67:BE:11:AF:25,SpectrumSetup-AF21,[WPA2_PSK],2025-8-1 2:13:20,1,-69,34.0489960,-117.2086334,347.60,1.50,WIFI
C0:3C:04:A8:FE:8F,TheDoctorsDen,[WPA2_PSK],2025-8-1 2:13:20,1,-88,34.0489960,-117.2086334,347.60,1.50,WIFI
74:93:DA:8B:CC:19,SpectrumSetup-1B,[WPA2_PSK],2025-8-1 2:13:26,6,-69,34.0497932,-117.2086487,343.80,1.50,WIFI
58:96:71:1A:EE:D8,ATTAIR,[WPA2_PSK],2025-8-1 2:13:26,6,-76,34.0497932,-117.2086487,343.80,1.50,WIFI
4C:AB:F8:4C:61:5D,SpectrumSetup-5F,[WPA2_PSK],2025-8-1 2:13:26,6,-85,34.0497932,-117.2086487,343.80,1.50,WIFI
F0:81:75:FB:17:5E,SpectrumSetup-58,[WPA2_PSK],2025-8-1 2:13:26,6,-85,34.0497932,-117.2086487,343.80,1.50,WIFI
7A:47:32:D9:9B:7D,,[WPA2_PSK],2025-8-1 2:13:27,7,-89,34.0499229,-117.2086487,343.30,1.50,WIFI
18:A5:FF:A3:FF:CA,TMOBILE-FFC8,[WPA2_WPA3_PSK],2025-8-1 2:13:28,8,-80,34.0500565,-117.2086487,342.70,1.50,WIFI
46:3F:8C:6E:C7:9E,Bad Bitch Network _Guest,[WPA2_PSK],2025-8-1 2:13:28,8,-81,34.0500565,-117.2086487,342.70,1.50,WIFI
2C:4D:54:B1:AB:20,,[WPA2_PSK],2025-8-1 2:13:29,9,-73,34.0501938,-117.2086563,342.30,1.50,WIFI
00:C8:96:D1:5E:7A,,[WPA_WPA2_PSK],2025-8-1 2:13:29,9,-88,34.0501938,-117.2086563,342.30,1.50,WIFI
24:41:FE:BF:F1:6E,Verizon_SCWKJ3,[WPA2_PSK],2025-8-1 2:13:31,11,-65,34.0504646,-117.2086563,341.40,1.50,WIFI
2C:00:AB:98:F8:D8,Frontier1248,[WPA2_PSK],2025-8-1 2:13:31,11,-74,34.0504646,-117.2086563,341.40,1.50,WIFI
70:5A:0F:DB:31:45,DIRECT-D3-HP OfficeJet Pro 8710,[WPA2_PSK],2025-8-1 2:13:31,11,-75,34.0504646,-117.2086563,341.40,1.50,WIFI
A0:40:A0:61:C4:49,Frontier1248_EXT,[WPA2_PSK],2025-8-1 2:13:31,11,-79,34.0504646,-117.2086563,341.40,1.50,WIFI
00:26:B8:A7:AA:F8,3RKKK,[WEP],2025-8-1 2:13:34,1,-70,34.0508690,-117.2086639,340.60,1.50,WIFI
F0:81:75:CD:C8:EE,DJC7,[WPA2_PSK],2025-8-1 2:13:34,1,-73,34.0508690,-117.2086639,340.60,1.50,WIFI
24:41:FE:BF:B9:BE,Verizon_3KPZBR,[WPA2_PSK],2025-8-1 2:13:34,1,-76,34.0508690,-117.2086639,340.60,1.50,WIFI
90:D3:CF:34:2C:61,SpectrumSetup-2C64,[WPA2_PSK],2025-8-1 2:13:34,1,-78,34.0508690,-117.2086639,340.60,1.50,WIFI
F4:69:42:A3:54:B5,SpectrumSetup-B7,[WPA2_PSK],2025-8-1 2:13:34,1,-78,34.0508690,-117.2086639,340.60,1.50,WIFI
A0:89:66:8D:EE:80,,[WPA_WPA2_PSK],2025-8-1 2:13:34,1,-83,34.0508690,-117.2086639,340.60,1.50,WIFI
84:1E:A3:2E:53:A6,SpectrumSetup-A0,[WPA2_PSK],2025-8-1 2:13:34,1,-83,34.0508690,-117.2086639,340.60,1.50,WIFI
14:7D:05:8E:B9:1F,SpectrumSetup-1D,[WPA2_PSK],2025-8-1 2:13:34,1,-88,34.0508690,-117.2086639,340.60,1.50,WIFI
74:37:5F:9D:C4:9F,Your moms house,[WPA2_PSK],2025-8-1 2:13:34,1,-92,34.0508690,-117.2086639,340.60,1.50,WIFI
94:A6:7E:E2:4B:A3,NETGEAR81,[WPA2_PSK],2025-8-1 2:13:38,3,-79,34.0513573,-117.2086716,339.20,1.50,WIFI
74:37:5F:8E:E7:6B,SpectrumSetup-69,[WPA2_PSK],2025-8-1 2:13:41,6,-58,34.0516167,-117.2086716,338.80,1.50,WIFI
88:67:46:86:36:66,galatasaray,[WPA2_PSK],2025-8-1 2:13:41,6,-64,34.0516167,-117.2086716,338.80,1.50,WIFI
88:67:46:86:36:63,,[WPA3_PSK],2025-8-1 2:13:41,6,-65,34.0516167,-117.2086716,338.80,1.50,WIFI
88:67:46:86:36:69,,[OPEN],2025-8-1 2:13:41,6,-65,34.0516167,-117.2086716,338.80,1.50,WIFI
D4:3F:32:88:CD:03,,[WPA3_PSK],2025-8-1 2:13:41,6,-71,34.0516167,-117.2086716,338.80,1.50,WIFI
D4:3F:32:88:CD:06,bbygrl,[WPA2_PSK],2025-8-1 2:13:41,6,-74,34.0516167,-117.2086716,338.80,1.50,WIFI
C8:C6:FE:6C:E8:A6,RXMP,[WPA2_PSK],2025-8-1 2:13:41,6,-74,34.0516167,-117.2086716,338.80,1.50,WIFI
C8:C6:FE:6C:E8:A3,,[WPA3_PSK],2025-8-1 2:13:41,6,-75,34.0516167,-117.2086716,338.80,1.50,WIFI
C8:C6:FE:6C:E8:A9,,[OPEN],2025-8-1 2:13:41,6,-75,34.0516167,-117.2086716,338.80,1.50,WIFI
FC:3F:A6:DE:6C:06,Casa Acosta-Segura,[WPA2_PSK],2025-8-1 2:13:41,6,-79,34.0516167,-117.2086716,338.80,1.50,WIFI
FC:3F:A6:FE:67:23,,[WPA3_PSK],2025-8-1 2:13:41,6,-80,34.0516167,-117.2086716,338.80,1.50,WIFI
FC:3F:A6:FE:67:26,Casa Acosta-Segura,[WPA2_PSK],2025-8-1 2:13:41,6,-80,34.0516167,-117.2086716,338.80,1.50,WIFI
FC:3F:A6:FE:67:29,,[OPEN],2025-8-1 2:13:41,6,-81,34.0516167,-117.2086716,338.80,1.50,WIFI
FC:3F:A6:F8:D6:23,,[WPA3_PSK],2025-8-1 2:13:41,6,-81,34.0516167,-117.2086716,338.80,1.50,WIFI
86:69:93:CE:12:1C,DIRECT-1C-HP ENVY Inspire 7200,[WPA2_PSK],2025-8-1 2:13:41,6,-81,34.0516167,-117.2086716,338.80,1.50,WIFI
2C:C8:1B:2A:4A:B6,NextDVP-U000220686016,[WPA_WPA2_PSK],2025-8-1 2:13:43,8,-74,34.0517349,-117.2086716,338.60,1.50,WIFI
10:DA:43:71:65:FE,LaMerOpale2,[WPA2_PSK],2025-8-1 2:13:43,8,-84,34.0517349,-117.2086716,338.60,1.50,WIFI
9C:57:BC:B0:C3:86,PM,[WPA2_PSK],2025-8-1 2:13:46,11,-69,34.0518837,-117.2086716,338.60,1.50,WIFI
44:AC:85:FA:0C:C6,Fener house ,[WPA2_PSK],2025-8-1 2:13:46,11,-69,34.0518837,-117.2086716,338.60,1.50,WIFI
44:AC:85:FA:0C:C3,,[WPA3_PSK],2025-8-1 2:13:46,11,-69,34.0518837,-117.2086716,338.60,1.50,WIFI
9C:57:BC:B0:C3:83,,[WPA3_PSK],2025-8-1 2:13:46,11,-69,34.0518837,-117.2086716,338.60,1.50,WIFI
44:AC:85:FA:0C:C9,,[OPEN],2025-8-1 2:13:46,11,-70,34.0518837,-117.2086716,338.60,1.50,WIFI
9C:57:BC:B0:C3:89,,[OPEN],2025-8-1 2:13:46,11,-70,34.0518837,-117.2086716,338.60,1.50,WIFI
74:37:5F:9E:9A:87,SpectrumSetup-85,[WPA2_PSK],2025-8-1 2:13:46,11,-77,34.0518837,-117.2086716,338.60,1.50,WIFI
F8:5B:3B:75:13:85,SpectrumSetup-87,[WPA2_PSK],2025-8-1 2:13:46,11,-77,34.0518837,-117.2086716,338.60,1.50,WIFI
2C:58:4F:67:7A:28,Frontier5728,[WPA2_PSK],2025-8-1 2:13:46,11,-81,34.0518837,-117.2086716,338.60,1.50,WIFI
F4:52:46:B4:42:83,Schaffran,[WPA2_PSK],2025-8-1 2:13:47,1,-57,34.0519562,-117.2086716,338.50,1.50,WIFI
9C:57:BC:B2:58:03,,[WPA3_PSK],2025-8-1 2:13:47,1,-65,34.0519562,-117.2086716,338.50,1.50,WIFI
9C:57:BC:B2:58:09,,[OPEN],2025-8-1 2:13:47,1,-66,34.0519562,-117.2086716,338.50,1.50,WIFI
9C:57:BC:B2:58:06,RR,[WPA2_PSK],2025-8-1 2:13:47,1,-67,34.0519562,-117.2086716,338.50,1.50,WIFI
FC:B2:D6:C9:2D:AC,,[WPA_WPA2_PSK],2025-8-1 2:13:47,1,-70,34.0519562,-117.2086716,338.50,1.50,WIFI
54:04:63:16:60:C8,,[WPA_WPA2_PSK],2025-8-1 2:13:47,1,-74,34.0519562,-117.2086716,338.50,1.50,WIFI
74:37:5F:D9:2F:C3,Rambo's Hut,[WPA2_PSK],2025-8-1 2:13:47,1,-75,34.0519562,-117.2086716,338.50,1.50,WIFI
A0:89:66:F8:FC:69,,[WPA_WPA2_PSK],2025-8-1 2:13:47,1,-76,34.0519562,-117.2086716,338.50,1.50,WIFI
30:60:0A:FC:28:44,,[WPA_WPA2_PSK],2025-8-1 2:13:47,1,-77,34.0519562,-117.2086716,338.50,1.50,WIFI
F0:7B:65:EB:AD:88,SpectrumSetup-AD82,[WPA2_PSK],2025-8-1 2:13:47,1,-78,34.0519562,-117.2086716,338.50,1.50,WIFI
7C:DB:98:8C:E8:15,Finnternet,[WPA2_PSK],2025-8-1 2:13:47,1,-80,34.0519562,-117.2086716,338.50,1.50,WIFI
74:93:DA:92:1D:0D,SpectrumSetup-0F,[WPA2_PSK],2025-8-1 2:13:47,1,-81,34.0519562,-117.2086716,338.50,1.50,WIFI
54:04:63:C5:77:81,,[WPA_WPA2_PSK],2025-8-1 2:13:47,1,-82,34.0519562,-117.2086716,338.50,1.50,WIFI
74:37:5F:2E:7A:C3,SpectrumSetup-C1,[WPA2_PSK],2025-8-1 2:13:47,1,-83,34.0519562,-117.2086716,338.50,1.50,WIFI
94:F7:17:83:E8:80,,[WPA_WPA2_PSK],2025-8-1 2:13:47,1,-87,34.0519562,-117.2086716,338.50,1.50,WIFI
6E:7F:F0:04:1F:1A,,[WPA2_WPA3_PSK],2025-8-1 2:13:53,3,-67,34.0526161,-117.2086792,338.20,1.50,WIFI
6E:7F:F0:04:1F:1B,AK Network 5G,[WPA2_PSK],2025-8-1 2:13:53,3,-72,34.0526161,-117.2086792,338.20,1.50,WIFI
F0:2F:74:C1:9D:80,4Prophet,[WPA2_PSK],2025-8-1 2:13:55,5,-78,34.0528946,-117.2086868,338.20,1.50,WIFI
34:53:D2:C5:D6:1B,SpectrumSetup-1E,[WPA2_PSK],2025-8-1 2:13:56,6,-63,34.0530357,-117.2086868,338.20,1.75,WIFI
A0:8E:24:4D:16:C5,qtk786,[WPA2_PSK],2025-8-1 2:13:56,6,-69,34.0530357,-117.2086868,338.20,1.75,WIFI
28:EC:22:F5:32:26,HanShotFirst,[WPA2_PSK],2025-8-1 2:13:56,6,-77,34.0530357,-117.2086868,338.20,1.75,WIFI
88:67:46:7B:BD:26,Marquez310,[WPA2_PSK],2025-8-1 2:13:56,6,-77,34.0530357,-117.2086868,338.20,1.75,WIFI
28:EC:22:F8:6D:66,HanShotFirst,[WPA2_PSK],2025-8-1 2:13:56,6,-77,34.0530357,-117.2086868,338.20,1.75,WIFI
D4:3F:32:2C:FD:03,,[WPA3_PSK],2025-8-1 2:13:56,6,-77,34.0530357,-117.2086868,338.20,1.75,WIFI
7A:A7:41:8A:D6:10,,[WPA2_PSK],2025-8-1 2:13:56,6,-77,34.0530357,-117.2086868,338.20,1.75,WIFI
D4:3F:32:05:40:86,210,[WPA2_PSK],2025-8-1 2:13:56,6,-78,34.0530357,-117.2086868,338.20,1.75,WIFI
60:F4:19:3A:2B:43,,[WPA3_PSK],2025-8-1 2:13:56,6,-79,34.0530357,-117.2086868,338.20,1.75,WIFI
60:F4:19:3A:2B:46,wirelessav,[WPA2_PSK],2025-8-1 2:13:56,6,-80,34.0530357,-117.2086868,338.20,1.75,WIFI
60:F4:19:51:49:C3,,[WPA3_PSK],2025-8-1 2:13:56,6,-80,34.0530357,-117.2086868,338.20,1.75,WIFI
F0:7B:65:C2:F4:A6,SpectrumSetup-F4A0,[WPA2_PSK],2025-8-1 2:13:56,6,-84,34.0530357,-117.2086868,338.20,1.75,WIFI
48:F8:B3:F0:EC:22,SlicingWater2G,[WPA2_PSK],2025-8-1 2:13:56,7,-70,34.0530357,-117.2086868,338.20,1.75,WIFI
9A:8C:B5:39:40:B7,,[WPA2_PSK],2025-8-1 2:13:56,7,-82,34.0530357,-117.2086868,338.20,1.75,WIFI
78:8C:B5:39:40:B7,Tesseract ,[WPA2_PSK],2025-8-1 2:13:56,7,-86,34.0530357,-117.2086868,338.20,1.75,WIFI
FA:8F:CA:50:20:3E,JBL BAR 500_0972.l086_,[OPEN],2025-8-1 2:13:58,8,-89,34.0533257,-117.2086868,338.10,1.75,WIFI
34:98:B5:56:70:EF,,[WPA2_PSK],2025-8-1 2:13:59,9,-79,34.0534668,-117.2086945,338.20,1.75,WIFI
3A:98:B5:56:70:EF,ORBI49,[WPA2_PSK],2025-8-1 2:13:59,9,-80,34.0534668,-117.2086945,338.20,1.75,WIFI
34:98:B5:58:10:F8,ORBI49,[WPA2_PSK],2025-8-1 2:13:59,9,-84,34.0534668,-117.2086945,338.20,1.75,WIFI
3A:98:B5:58:10:F8,,[WPA2_PSK],2025-8-1 2:13:59,9,-85,34.0534668,-117.2086945,338.20,1.75,WIFI
56:07:7D:E6:19:A5,Stallant Space,[WPA2_WPA3_PSK],2025-8-1 2:13:59,9,-92,34.0534668,-117.2086945,338.20,1.75,WIFI
84:23:88:AC:57:28,RCS Eagles,[WPA2_PSK],2025-8-1 2:14:0,10,-81,34.0536156,-117.2086945,338.20,1.75,WIFI
84:23:88:EC:57:28,RCS Device,[WPA2_PSK],2025-8-1 2:14:0,10,-83,34.0536156,-117.2086945,338.20,1.75,WIFI
84:23:88:6C:57:28,rcsChromebooks,[WPA2_PSK],2025-8-1 2:14:0,10,-84,34.0536156,-117.2086945,338.20,1.75,WIFI
E4:C0:E2:6E:43:EE,Kimchi,[WPA2_PSK],2025-8-1 2:14:1,11,-79,34.0537605,-117.2086945,338.20,1.75,WIFI
90:D3:CF:E3:E6:7E,SpectrumSetup-E681,[WPA2_PSK],2025-8-1 2:14:1,11,-89,34.0537605,-117.2086945,338.20,1.75,WIFI
DC:03:98:43:2F:26,AT_201_T1789EFH_F_2f26,[WPA2_PSK],2025-8-1 2:14:1,11,-92,34.0537605,-117.2086945,338.20,1.75,WIFI
A0:89:66:95:00:38,,[WPA_WPA2_PSK],2025-8-1 2:14:4,1,-87,34.0542068,-117.2087021,338.50,1.75,WIFI
14:22:3B:31:9F:BA,office,[WPA2_PSK],2025-8-1 2:14:4,1,-88,34.0542068,-117.2087021,338.50,1.75,WIFI
28:6B:B4:0F:0E:08,[range]_E30AJT7113308W,[WPA2_PSK],2025-8-1 2:14:4,1,-91,34.0542068,-117.2087021,338.50,1.75,WIFI
C0:C7:0A:72:90:C8,RCS Eagles,[WPA2_PSK],2025-8-1 2:14:9,5,-89,34.0549393,-117.2087097,339.40,1.50,WIFI
A6:05:D6:50:AF:D1,Frontier0184,[WPA2_PSK],2025-8-1 2:14:24,6,-83,34.0571098,-117.2087326,340.10,1.50,WIFI
60:22:32:6A:87:76,Hatami,[WPA2_PSK],2025-8-1 2:14:24,6,-85,34.0571098,-117.2087326,340.10,1.50,WIFI
A2:05:D6:50:AF:D1,,[WPA2_PSK],2025-8-1 2:14:24,6,-85,34.0571098,-117.2087326,340.10,1.50,WIFI
30:B4:B8:7D:A4:33,Boltron,[WPA2_PSK],2025-8-1 2:14:24,6,-86,34.0571098,-117.2087326,340.10,1.50,WIFI
84:25:3F:90:79:8B,27263MX-3071,[WPA_WPA2_PSK],2025-8-1 2:14:25,7,-86,34.0572548,-117.2087326,340.10,1.50,WIFI
FC:EC:DA:E9:E7:D2,chunDDS,[WPA2_PSK],2025-8-1 2:14:29,11,-69,34.0578270,-117.2087402,340.10,1.75,WIFI
24:F5:A2:06:A6:33,HAL9000,[WPA_WPA2_PSK],2025-8-1 2:14:29,11,-79,34.0578270,-117.2087402,340.10,1.75,WIFI
24:94:CB:4C:2B:88,Warrior,[WPA2_PSK],2025-8-1 2:14:29,11,-81,34.0578270,-117.2087402,340.10,1.75,WIFI
6A:22:32:2D:78:06,,[WPA2_PSK],2025-8-1 2:14:29,11,-83,34.0578270,-117.2087402,340.10,1.75,WIFI
60:22:32:2D:78:06,Hatami,[WPA2_PSK],2025-8-1 2:14:29,11,-83,34.0578270,-117.2087402,340.10,1.75,WIFI
64:A5:C3:71:27:88,SRIwest,[WPA2_PSK],2025-8-1 2:14:29,11,-84,34.0578270,-117.2087402,340.10,1.75,WIFI
66:22:32:2D:78:06,Smile-Guest,[WPA2_WPA3_PSK],2025-8-1 2:14:29,11,-85,34.0578270,-117.2087402,340.10,1.75,WIFI
94:3C:96:F5:E6:26,Frontier0806,[WPA2_PSK],2025-8-1 2:14:29,11,-85,34.0578270,-117.2087402,340.10,1.75,WIFI
DC:8C:37:3E:10:A0,CSLWLAN,[WPA2],2025-8-1 2:14:29,11,-87,34.0578270,-117.2087402,340.10,1.75,WIFI
DC:8C:37:3E:10:A1,CSLGUEST,[WPA2_PSK],2025-8-1 2:14:29,11,-87,34.0578270,-117.2087402,340.10,1.75,WIFI
24:E5:0F:60:DD:59,Union Office,[WPA2_PSK],2025-8-1 2:14:33,1,-71,34.0583572,-117.2087402,340.10,1.50,WIFI
80:2A:A8:1A:99:9E,drfranco,[WPA2_PSK],2025-8-1 2:14:33,1,-72,34.0583572,-117.2087402,340.10,1.50,WIFI
86:2A:A8:1A:99:9E,,[WPA2_PSK],2025-8-1 2:14:33,1,-75,34.0583572,-117.2087402,340.10,1.50,WIFI
D0:6D:C9:39:DF:E6,Frontier0367,[WPA2_PSK],2025-8-1 2:14:33,1,-81,34.0583572,-117.2087402,340.10,1.50,WIFI
F0:2F:74:92:07:B8,hideyourkidshideyourwifi,[WPA2_PSK],2025-8-1 2:14:33,1,-85,34.0583572,-117.2087402,340.10,1.50,WIFI
F0:2F:74:92:07:BA,,[WPA2_PSK],2025-8-1 2:14:33,1,-85,34.0583572,-117.2087402,340.10,1.50,WIFI
F0:2F:74:92:07:B9,noobs,[WPA_WPA2_PSK],2025-8-1 2:14:33,1,-88,34.0583572,-117.2087402,340.10,1.50,WIFI
DC:8C:37:D5:D8:C1,CSLGUEST,[WPA2_PSK],2025-8-1 2:14:33,1,-93,34.0583572,-117.2087402,340.10,1.50,WIFI
DC:8C:37:D5:D8:C0,CSLWLAN,[WPA2],2025-8-1 2:14:33,1,-94,34.0583572,-117.2087402,340.10,1.50,WIFI
9C:C9:EB:5A:8D:B0,VAIS,[WPA2_PSK],2025-8-1 2:14:36,3,-76,34.0587044,-117.2087555,339.90,1.50,WIFI
7E:4D:8F:4D:F2:A0,DIRECT-A0-HP Color LJ 4301,[WPA2_PSK],2025-8-1 2:14:39,6,-77,34.0590363,-117.2087555,339.80,1.50,WIFI
80:2A:A8:1A:99:A5,drfranco,[WPA2_PSK],2025-8-1 2:14:39,6,-81,34.0590363,-117.2087555,339.80,1.50,WIFI
44:EB:2E:00:89:82,MY MAXIMA5622,[WPA2_PSK],2025-8-1 2:14:39,6,-81,34.0590363,-117.2087555,339.80,1.50,WIFI
94:10:3E:90:FB:EA,Nava Realty Group,[WPA2_PSK],2025-8-1 2:14:39,6,-82,34.0590363,-117.2087555,339.80,1.50,WIFI
80:2A:A8:1A:99:47,drfranco,[WPA2_PSK],2025-8-1 2:14:39,6,-89,34.0590363,-117.2087555,339.80,1.50,WIFI
7A:AC:B9:B1:5B:60,,[WPA2_PSK],2025-8-1 2:14:44,11,-79,34.0596237,-117.2087631,339.80,1.50,WIFI
74:AC:B9:B1:5B:60,ManhattanComfortWest,[WPA2_PSK],2025-8-1 2:14:44,11,-80,34.0596237,-117.2087631,339.80,1.50,WIFI
0E:5A:25:21:79:B5,SpectrumSetup-B4,[WPA2_PSK],2025-8-1 2:14:44,11,-82,34.0596237,-117.2087631,339.80,1.50,WIFI
7A:AC:B9:B1:5E:3C,,[WPA2_PSK],2025-8-1 2:14:44,11,-84,34.0596237,-117.2087631,339.80,1.50,WIFI
74:37:5F:9F:B0:57,SpectrumSetup-55,[WPA2_PSK],2025-8-1 2:14:44,11,-85,34.0596237,-117.2087631,339.80,1.50,WIFI
A6:05:D6:41:18:56,ChiroTouch,[WPA2_PSK],2025-8-1 2:14:44,11,-88,34.0596237,-117.2087631,339.80,1.50,WIFI
AA:05:D6:50:BC:01,DontRunWithScissors,[WPA2_PSK],2025-8-1 2:14:44,11,-91,34.0596237,-117.2087631,339.80,1.50,WIFI
F0:7B:65:BB:C4:08,SpectrumSetup-C402,[WPA2_PSK],2025-8-1 2:14:44,11,-92,34.0596237,-117.2087631,339.80,1.50,WIFI
84:EB:3E:F8:88:47,tlf88846,[WPA2_PSK],2025-8-1 2:14:47,1,-78,34.0600166,-117.2087708,339.90,1.50,WIFI
88:EF:16:F1:93:98,Centaurus,[WPA2_PSK],2025-8-1 2:14:47,1,-83,34.0600166,-117.2087708,339.90,1.50,WIFI
72:EF:16:F1:93:99,Centaurus Guest,[WPA2_PSK],2025-8-1 2:14:47,1,-86,34.0600166,-117.2087708,339.90,1.50,WIFI
A2:05:D6:41:17:BE,ChiroTouch,[WPA2_PSK],2025-8-1 2:14:47,1,-88,34.0600166,-117.2087708,339.90,1.50,WIFI
2E:4C:C6:FA:D5:3B,CMML-2c4cc6fad53b,[OPEN],2025-8-1 2:14:50,3,-80,34.0604210,-117.2087708,340.10,1.50,WIFI
2E:4C:C6:F5:D3:E2,CMML-2c4cc6f5d3e2,[OPEN],2025-8-1 2:14:50,3,-86,34.0604210,-117.2087708,340.10,1.50,WIFI
2E:4C:C6:FA:31:E6,CMML-2c4cc6fa31e6,[OPEN],2025-8-1 2:14:50,3,-87,34.0604210,-117.2087708,340.10,1.50,WIFI
EA:E8:B7:17:27:51,CMML-e8e8b7172751,[OPEN],2025-8-1 2:14:50,3,-89,34.0604210,-117.2087708,340.10,1.50,WIFI
2E:4C:C6:F8:16:DC,CMML-2c4cc6f816dc,[OPEN],2025-8-1 2:14:50,3,-89,34.0604210,-117.2087708,340.10,1.50,WIFI
34:C9:F0:94:E7:17,VMI IR APSD 1270,[WPA2_PSK],2025-8-1 2:14:52,5,-73,34.0606880,-117.2087708,340.30,1.50,WIFI
A6:05:D6:50:BD:51,Running,[WPA2_PSK],2025-8-1 2:14:53,6,-83,34.0608253,-117.2087708,340.30,1.50,WIFI
10:DA:43:C5:44:69,NETGEAR55,[WPA2_PSK],2025-8-1 2:14:55,8,-79,34.0611000,-117.2087708,340.40,1.50,WIFI
46:37:86:2D:3C:66,,[WPA2_PSK],2025-8-1 2:14:58,11,-68,34.0615044,-117.2087631,340.50,1.50,WIFI
9C:05:D6:41:18:56,,[WPA2_PSK],2025-8-1 2:14:58,11,-72,34.0615044,-117.2087631,340.50,1.50,WIFI
A6:05:D6:50:BF:89,Running,[WPA2_PSK],2025-8-1 2:15:1,1,-70,34.0618782,-117.2087555,340.60,1.50,WIFI
AA:05:D6:50:BF:89,DontRunWithScissors,[WPA2_PSK],2025-8-1 2:15:1,1,-71,34.0618782,-117.2087555,340.60,1.50,WIFI
9C:05:D6:50:BF:89,,[WPA2_PSK],2025-8-1 2:15:1,1,-73,34.0618782,-117.2087555,340.60,1.50,WIFI
A2:05:D6:50:BF:89,,[WPA2_PSK],2025-8-1 2:15:1,1,-77,34.0618782,-117.2087555,340.60,1.50,WIFI
00:C8:96:2B:DB:14,,[WPA_WPA2_PSK],2025-8-1 2:15:1,1,-77,34.0618782,-117.2087555,340.60,1.50,WIFI
34:49:5B:D4:10:8E,MySpectrumWiFi88-2G,[WPA2_PSK],2025-8-1 2:15:1,1,-82,34.0618782,-117.2087555,340.60,1.50,WIFI
CC:CF:83:6B:5B:46,,[WPA_WPA2_PSK],2025-8-1 2:15:1,1,-85,34.0618782,-117.2087555,340.60,1.50,WIFI
74:37:5F:A8:05:EB,SpectrumSetup-E9,[WPA2_PSK],2025-8-1 2:15:1,1,-85,34.0618782,-117.2087555,340.60,1.50,WIFI
78:D2:94:19:81:36,NETGEAR36,[WPA2_PSK],2025-8-1 2:15:4,3,-85,34.0621681,-117.2087402,340.70,1.75,WIFI
A4:97:33:5F:CA:89,SpectrumSetup-8B,[WPA2_PSK],2025-8-1 2:15:7,6,-69,34.0623856,-117.2087326,340.80,1.75,WIFI
58:93:96:A5:FA:78,Spectrum Free Trial,[OPEN],2025-8-1 2:15:7,6,-73,34.0623856,-117.2087326,340.80,1.75,WIFI
58:93:96:65:FA:79,Spectrum Mobile,[WPA2],2025-8-1 2:15:7,6,-73,34.0623856,-117.2087326,340.80,1.75,WIFI
48:4E:FC:44:9A:E0,Frontier3488,[WPA2_PSK],2025-8-1 2:15:7,6,-86,34.0623856,-117.2087326,340.80,1.75,WIFI
F4:52:46:ED:43:83,Ultra Brite Smiles,[WPA2_PSK],2025-8-1 2:15:7,6,-88,34.0623856,-117.2087326,340.80,1.75,WIFI
A2:05:D6:50:BF:71,ChiroTouch,[WPA2_PSK],2025-8-1 2:15:7,6,-89,34.0623856,-117.2087326,340.80,1.75,WIFI
00:30:44:31:F6:0B,AER1600-60a,[WPA2_PSK],2025-8-1 2:15:12,11,-66,34.0625916,-117.2087326,340.80,1.50,WIFI
90:D3:CF:2C:11:73,SpectrumSetup-7D,[WPA2_PSK],2025-8-1 2:15:15,1,-55,34.0626106,-117.2087326,340.80,1.50,WIFI
00:30:44:9C:39:CC,GMREPCR,[WPA2_PSK],2025-8-1 2:15:15,1,-68,34.0626106,-117.2087326,340.80,1.50,WIFI
A6:18:88:BE:F0:09,,[WPA2_PSK],2025-8-1 2:15:15,1,-77,34.0626106,-117.2087326,340.80,1.50,WIFI
00:11:74:9E:CB:F1,DelGuest,[OPEN],2025-8-1 2:15:15,1,-79,34.0626106,-117.2087326,340.80,1.50,WIFI
98:18:88:BE:F0:09,big5cisco2,[WPA_WPA2_PSK],2025-8-1 2:15:15,1,-82,34.0626106,-117.2087326,340.80,1.50,WIFI
00:11:74:9E:CB:F0,DelEmployee,[WPA2_PSK],2025-8-1 2:15:15,1,-82,34.0626106,-117.2087326,340.80,1.50,WIFI
92:18:88:BE:F0:09,BGFVWRLSS,[WPA_WPA2_PSK],2025-8-1 2:15:15,1,-83,34.0626106,-117.2087326,340.80,1.50,WIFI
E4:38:83:13:3C:B2,TBC-Service,[WPA_WPA2_PSK],2025-8-1 2:15:15,1,-87,34.0626106,-117.2087326,340.80,1.50,WIFI
EE:38:83:13:3C:B2,TBC-Guest,[WPA_WPA2_PSK],2025-8-1 2:15:15,1,-88,34.0626106,-117.2087326,340.80,1.50,WIFI
22:AD:56:35:C5:B1,HotspotC5B1,[WPA_WPA2_PSK],2025-8-1 2:15:15,1,-92,34.0626106,-117.2087326,340.80,1.50,WIFI
F2:38:83:13:3C:B2,,[WPA2_PSK],2025-8-1 2:15:29,1,-82,34.0626144,-117.2087326,341.20,1.50,WIFI
9E:18:88:BE:F0:09,BGFVWRLSS-EMP,[WPA_WPA2_PSK],2025-8-1 2:15:29,1,-86,34.0626144,-117.2087326,341.20,1.50,WIFI
96:18:88:BE:F0:09,BGFVWRLSS-CHRMBK,[WPA_WPA2_PSK],2025-8-1 2:15:29,1,-86,34.0626144,-117.2087326,341.20,1.50,WIFI
4C:AB:F8:1C:E3:8E,Verizon_LH6JW6,[WPA2_PSK],2025-8-1 2:15:29,1,-87,34.0626144,-117.2087326,341.20,1.50,WIFI
60:38:E0:81:99:3E,Mr. Taco (Office),[WPA_WPA2_PSK],2025-8-1 2:15:32,3,-87,34.0626144,-117.2087326,341.30,1.50,WIFI
E4:38:83:13:39:06,TBC-Service,[WPA_WPA2_PSK],2025-8-1 2:15:35,6,-85,34.0626144,-117.2087326,341.40,1.50,WIFI
2C:00:AB:98:F9:B8,Frontier7360,[WPA2_PSK],2025-8-1 2:15:35,6,-86,34.0626144,-117.2087326,341.40,1.50,WIFI
C2:55:A8:20:7F:11,SMW,[WPA2],2025-8-1 2:15:40,11,-75,34.0626144,-117.2087326,341.50,1.50,WIFI
00:30:44:5A:C4:5F,IBR600C-45e,[WPA2_PSK],2025-8-1 2:15:49,6,-85,34.0626106,-117.2087326,341.60,1.50,WIFI
DA:55:A8:20:7F:11,,[WPA2_PSK],2025-8-1 2:15:54,11,-83,34.0626144,-117.2087326,341.90,1.50,WIFI
EE:38:83:13:89:62,TBC-Guest,[WPA_WPA2_PSK],2025-8-1 2:15:54,11,-86,34.0626144,-117.2087326,341.90,1.50,WIFI
0C:EA:C9:4D:A0:98,Frontier8368,[WPA2_PSK],2025-8-1 2:16:3,6,-81,34.0629158,-117.2087250,342.50,1.50,WIFI
8C:0C:90:83:09:88,Spectrum Free Trial,[OPEN],2025-8-1 2:16:3,6,-82,34.0629158,-117.2087250,342.50,1.50,WIFI
8C:0C:90:43:09:89,Spectrum Mobile,[WPA2],2025-8-1 2:16:3,6,-82,34.0629158,-117.2087250,342.50,1.50,WIFI
C6:55:A8:20:7F:11,GMFDP,[WPA3_PSK],2025-8-1 2:16:8,11,-65,34.0634499,-117.2087250,343.40,1.50,WIFI
00:30:44:5A:E0:AC,RAI-SIGNAGE,[WPA2_PSK],2025-8-1 2:16:8,11,-75,34.0634499,-117.2087250,343.40,1.50,WIFI
F2:38:83:13:89:62,,[WPA2_PSK],2025-8-1 2:16:8,11,-80,34.0634499,-117.2087250,343.40,1.50,WIFI
20:F8:5E:DD:CC:26,ADJ Airstream DMX,[WPA2_PSK],2025-8-1 2:16:8,11,-81,34.0634499,-117.2087250,343.40,1.50,WIFI
10:DA:43:3A:6E:99,ngHub_319468NB01B61,[WPA2_PSK],2025-8-1 2:16:8,11,-82,34.0634499,-117.2087250,343.40,1.50,WIFI
00:30:44:50:C4:96,RAI-SIGNAGE,[WPA2_PSK],2025-8-1 2:16:8,11,-82,34.0634499,-117.2087250,343.40,1.50,WIFI
E4:38:83:13:89:62,TBC-Service,[WPA_WPA2_PSK],2025-8-1 2:16:8,11,-83,34.0634499,-117.2087250,343.40,1.50,WIFI
2C:05:47:1B:0F:E1,Fanimation_1B0FE1,[OPEN],2025-8-1 2:16:14,3,-86,34.0640640,-117.2087173,343.50,1.50,WIFI
B6:8B:A9:D2:15:02,TBC-Guest,[WPA_WPA2_PSK],2025-8-1 2:16:17,6,-84,34.0642281,-117.2087173,343.50,1.50,WIFI
AC:8B:A9:D2:15:02,TBC-Service,[WPA_WPA2_PSK],2025-8-1 2:16:17,6,-86,34.0642281,-117.2087173,343.50,1.50,WIFI
22:AD:56:3C:79:1E,Hotspot791E,[WPA_WPA2_PSK],2025-8-1 2:16:22,11,-84,34.0642662,-117.2087173,343.60,1.50,WIFI
A4:11:62:EE:3B:D8,ARLO_VMB_7388909407,[WPA2_PSK],2025-8-1 2:16:22,11,-90,34.0642662,-117.2087173,343.60,1.50,WIFI
2C:58:4F:0D:94:22,Frontier4144,[WPA2_PSK],2025-8-1 2:16:25,1,-77,34.0642967,-117.2087173,343.50,1.50,WIFI
2A:03:EB:F9:07:8B,myGMC9798,[WPA2_PSK],2025-8-1 2:16:25,1,-85,34.0642967,-117.2087173,343.50,1.50,WIFI
A4:97:33:81:F2:1D,SpectrumSetup-1F,[WPA2_PSK],2025-8-1 2:16:31,6,-89,34.0647202,-117.2087097,343.70,1.50,WIFI
38:08:FD:00:00:66,Silca-Futura_0066,[WEP],2025-8-1 2:16:34,9,-91,34.0650635,-117.2087021,345.20,1.50,WIFI
D0:CB:DD:A3:82:05,,[WPA3_PSK],2025-8-1 2:16:36,11,-92,34.0652962,-117.2087021,346.30,1.50,WIFI
00:54:AF:1B:96:56,Hotspot9656,[WPA_WPA2_PSK],2025-8-1 2:16:39,1,-76,34.0655785,-117.2087021,348.00,1.50,WIFI
18:0C:7A:E4:45:77,TMOBILE-4571,[WPA2_WPA3_PSK],2025-8-1 2:16:39,1,-89,34.0655785,-117.2087021,348.00,1.50,WIFI
B2:8B:A9:D2:15:02,,[WPA2_PSK],2025-8-1 2:16:45,6,-82,34.0658226,-117.2087021,349.30,1.50,WIFI
44:1E:98:7D:47:19,,[WPA2_PSK],2025-8-1 2:16:46,7,-88,34.0658302,-117.2087021,349.30,1.50,WIFI
44:1E:98:3D:47:19,,[WPA2_PSK],2025-8-1 2:16:46,7,-92,34.0658302,-117.2087021,349.30,1.50,WIFI
94:3C:96:FB:A6:06,Frontier2486,[WPA2_PSK],2025-8-1 2:16:50,11,-84,34.0658302,-117.2087021,349.50,1.50,WIFI
8C:FE:74:62:02:19,,[WPA2_PSK],2025-8-1 2:16:50,11,-87,34.0658302,-117.2087021,349.50,1.50,WIFI
FA:6D:CC:43:0D:7C,myChevrolet 0d7c,[WPA2_PSK],2025-8-1 2:16:53,1,-83,34.0658302,-117.2087021,349.50,1.50,WIFI
02:24:A5:A9:6D:48,myChevrolet8313,[WPA2_PSK],2025-8-1 2:16:53,1,-85,34.0658302,-117.2087021,349.50,1.50,WIFI
28:38:5C:2E:8D:53,HotspothN2i,[WPA_WPA2_PSK],2025-8-1 2:16:59,6,-77,34.0658302,-117.2087097,349.70,1.50,WIFI
8C:FE:74:22:02:18,,[WPA2_PSK],2025-8-1 2:17:4,11,-86,34.0658302,-117.2087097,349.60,1.50,WIFI
8C:FE:74:E2:02:18,,[WPA2_PSK],2025-8-1 2:17:4,11,-88,34.0658302,-117.2087097,349.60,1.50,WIFI
8C:FE:74:22:02:19,,[WPA2_PSK],2025-8-1 2:17:4,11,-88,34.0658302,-117.2087097,349.60,1.50,WIFI
8C:FE:74:62:02:18,,[WPA2],2025-8-1 2:17:4,11,-89,34.0658302,-117.2087097,349.60,1.50,WIFI
EE:38:83:13:86:82,TBC-Guest,[WPA_WPA2_PSK],2025-8-1 2:17:4,11,-93,34.0658302,-117.2087097,349.60,1.50,WIFI
8C:FE:74:A2:02:18,OL_Guest,[OPEN],2025-8-1 2:17:18,11,-88,34.0658264,-117.2087021,349.80,1.50,WIFI
38:88:71:05:4A:3A,Verizon_M3M9YR,[WPA2_PSK],2025-8-1 2:17:32,11,-85,34.0663719,-117.2087097,351.10,1.50,WIFI
2C:58:4F:65:69:88,Frontier0400,[WPA2_PSK],2025-8-1 2:17:32,11,-91,34.0663719,-117.2087097,351.10,1.50,WIFI
00:30:44:6E:E0:CC,IBR600C-0cb,[WPA2_PSK],2025-8-1 2:17:41,6,-75,34.0670166,-117.2087021,350.80,1.50,WIFI
FC:DB:21:38:7B:DF,Pun Enterprises Inc,[WPA2_PSK],2025-8-1 2:17:41,6,-83,34.0670166,-117.2087021,350.80,1.50,WIFI
60:E8:5B:EE:F5:5B,Vive Hub-017e2fdc,[WPA2_PSK],2025-8-1 2:17:45,10,-93,34.0672874,-117.2087021,350.20,1.50,WIFI
F8:08:4F:D5:6F:A6,NubiRedlandsGuest,[WPA2_PSK],2025-8-1 2:17:46,11,-91,34.0673828,-117.2087021,349.90,1.50,WIFI
EE:55:A8:08:EE:2B,dmtnet,[WPA2_PSK],2025-8-1 2:17:49,1,-68,34.0677376,-117.2086868,348.30,1.50,WIFI
F6:55:A8:08:EE:2B,PRESTO,[WPA2_PSK],2025-8-1 2:17:49,1,-68,34.0677376,-117.2086868,348.30,1.50,WIFI
DA:55:A8:08:EE:2B,,[WPA2_PSK],2025-8-1 2:17:49,1,-68,34.0677376,-117.2086868,348.30,1.50,WIFI
E4:55:A8:08:EE:2B,Dennys Guest Wifi,[OPEN],2025-8-1 2:17:49,1,-70,34.0677376,-117.2086868,348.30,1.50,WIFI
E2:55:A8:08:EE:2B,Dennys_Employee_WIFI,[WPA2_PSK],2025-8-1 2:17:49,1,-79,34.0677376,-117.2086868,348.30,1.50,WIFI
04:D5:90:12:B5:01,SBI-Office-AP,[WPA2],2025-8-1 2:17:49,1,-82,34.0677376,-117.2086868,348.30,1.50,WIFI
C6:5B:BE:F7:C3:B9,SmartLife-C3B9,[OPEN],2025-8-1 2:17:49,1,-83,34.0677376,-117.2086868,348.30,1.50,WIFI
00:5F:67:6F:15:60,office 2.4ghz,[WPA2_WPA3_PSK],2025-8-1 2:17:51,2,-64,34.0679855,-117.2086868,346.90,1.50,WIFI
DC:62:79:F6:22:FE,ABVI 3,[OPEN],2025-8-1 2:17:52,3,-71,34.0681076,-117.2086792,346.10,1.50,WIFI
EE:CB:BC:91:68:AB,sip,[WPA2],2025-8-1 2:17:55,6,-83,34.0684662,-117.2086792,344.00,1.50,WIFI
E0:CB:BC:91:68:AB,Starbucks WiFi,[OPEN],2025-8-1 2:17:55,6,-84,34.0684662,-117.2086792,344.00,1.50,WIFI
E6:CB:BC:91:68:AB,smll,[WPA2],2025-8-1 2:17:55,6,-85,34.0684662,-117.2086792,344.00,1.50,WIFI
EA:CB:BC:91:68:AB,notes,[WPA2_PSK],2025-8-1 2:17:55,6,-85,34.0684662,-117.2086792,344.00,1.50,WIFI
2C:B8:ED:D0:EA:D3,SSM,[WPA2_PSK],2025-8-1 2:17:55,6,-85,34.0684662,-117.2086792,344.00,1.50,WIFI
2C:B8:ED:D0:EA:D1,,[WPA2_PSK],2025-8-1 2:17:55,6,-85,34.0684662,-117.2086792,344.00,1.50,WIFI
FC:DB:21:03:95:37,DPCurtis,[WPA2_PSK],2025-8-1 2:17:55,6,-85,34.0684662,-117.2086792,344.00,1.50,WIFI
0C:8D:DB:7A:6C:F7,U-Haul Guest WIFI,[OPEN],2025-8-1 2:18:0,11,-73,34.0690422,-117.2086868,342.10,1.50,WIFI
28:C6:8E:CF:95:05,ngHub_319436NY076C6,[WPA2_PSK],2025-8-1 2:18:0,11,-74,34.0690422,-117.2086868,342.10,1.50,WIFI
E6:CB:BC:91:72:D2,smll,[WPA2],2025-8-1 2:18:3,1,-75,34.0693550,-117.2086945,341.90,1.50,WIFI
F8:AA:3F:ED:09:FF,SpectrumSetup-FD,[WPA2_PSK],2025-8-1 2:18:3,1,-75,34.0693550,-117.2086945,341.90,1.50,WIFI
04:D5:90:12:B5:03,SBI-IoT,[WPA2_PSK],2025-8-1 2:18:3,1,-76,34.0693550,-117.2086945,341.90,1.50,WIFI
E0:CB:BC:91:72:D2,Starbucks WiFi,[OPEN],2025-8-1 2:18:3,1,-76,34.0693550,-117.2086945,341.90,1.50,WIFI
EA:CB:BC:91:72:D2,notes,[WPA2_PSK],2025-8-1 2:18:3,1,-76,34.0693550,-117.2086945,341.90,1.50,WIFI
EE:CB:BC:91:72:D2,sip,[WPA2],2025-8-1 2:18:3,1,-76,34.0693550,-117.2086945,341.90,1.50,WIFI
04:D5:90:12:B5:02,SBI-Public-IoT,[WPA2_PSK],2025-8-1 2:18:3,1,-77,34.0693550,-117.2086945,341.90,1.50,WIFI
A0:89:66:E1:8E:EC,,[WPA_WPA2_PSK],2025-8-1 2:18:3,1,-78,34.0693550,-117.2086945,341.90,1.50,WIFI
5C:83:8F:FF:06:75,snexternal,[WPA2_PSK],2025-8-1 2:18:3,1,-83,34.0693550,-117.2086945,341.90,1.50,WIFI
6C:63:9C:87:4D:20,Frontier4912,[WPA2_PSK],2025-8-1 2:18:3,1,-84,34.0693550,-117.2086945,341.90,1.50,WIFI
38:88:71:13:77:0C,Verizon_G4XH4H,[WPA2_PSK],2025-8-1 2:18:3,1,-86,34.0693550,-117.2086945,341.90,1.50,WIFI
80:E5:40:ED:1A:18,Front,[WPA2_PSK],2025-8-1 2:18:3,1,-88,34.0693550,-117.2086945,341.90,1.50,WIFI
02:54:AF:F2:29:1A,Hotspot291A,[WPA_WPA2_PSK],2025-8-1 2:18:3,1,-90,34.0693550,-117.2086945,341.90,1.50,WIFI
88:DC:96:8E:45:32,100,[WPA2_PSK],2025-8-1 2:18:7,4,-71,34.0696869,-117.2087021,341.70,1.50,WIFI
00:18:0A:83:A5:80,Free WiFi,[OPEN],2025-8-1 2:18:9,6,-74,34.0698357,-117.2087021,341.60,1.50,WIFI
40:D5:21:17:9E:68,myChevrolet3114,[WPA2_WPA3_PSK],2025-8-1 2:18:9,6,-80,34.0698357,-117.2087021,341.60,1.50,WIFI
B0:95:75:46:0F:2F,TPLINK2.4,[WPA2_PSK],2025-8-1 2:18:9,6,-81,34.0698357,-117.2087021,341.60,1.50,WIFI
F8:E4:FB:97:76:B6,2223J,[WPA2_PSK],2025-8-1 2:18:9,6,-82,34.0698357,-117.2087021,341.60,1.50,WIFI
2C:30:33:64:E4:67,ICS 2.4G,[WPA2_PSK],2025-8-1 2:18:10,7,-90,34.0699081,-117.2087021,341.60,1.50,WIFI
B0:FC:88:27:6D:AC,MySpectrumWiFiB3-5G,[WPA2_PSK],2025-8-1 2:18:14,11,-71,34.0701828,-117.2086945,341.50,1.50,WIFI
C4:49:BB:3A:D1:20,lily wifi,[WPA2_PSK],2025-8-1 2:18:17,1,-79,34.0702667,-117.2085953,341.70,1.50,WIFI
88:DC:96:8F:10:85,100,[WPA2_PSK],2025-8-1 2:18:20,3,-82,34.0702629,-117.2083435,341.80,1.50,WIFI
C4:49:BB:E4:4D:45,WiFi Hotspot 2990,[WPA2_PSK],2025-8-1 2:18:23,6,-85,34.0702553,-117.2080078,342.10,1.50,WIFI
B0:19:21:9C:E9:DB,Netgear,[WPA2_PSK],2025-8-1 2:18:25,8,-86,34.0702515,-117.2077484,342.30,1.50,WIFI
CC:40:D0:0A:05:37,GSMI-Guest,[WPA2_PSK],2025-8-1 2:18:26,9,-79,34.0702515,-117.2076111,342.40,1.50,WIFI
2E:AA:8E:AF:C4:EC,,[WPA_WPA2_PSK],2025-8-1 2:18:28,11,-80,34.0702477,-117.2073135,342.90,1.50,WIFI
24:F3:E3:51:1F:89,,[OPEN],2025-8-1 2:18:31,1,-62,34.0702438,-117.2068481,343.30,1.50,WIFI
BC:C7:DA:57:D6:D3,Peztio_Q2_I6-d6d3,[WPA_WPA2_PSK],2025-8-1 2:18:36,5,-90,34.0702324,-117.2062836,344.30,1.75,WIFI
48:4E:FC:43:A3:48,Frontier0096,[WPA2_PSK],2025-8-1 2:18:37,6,-82,34.0702324,-117.2061996,344.50,1.75,WIFI
94:91:7F:52:B5:3C,MySpectrumWiFi3E-2G,[WPA2_PSK],2025-8-1 2:18:37,6,-91,34.0702324,-117.2061996,344.50,1.75,WIFI
62:E6:F0:D1:F2:D9,Hotspot,[WPA2_PSK],2025-8-1 2:18:38,7,-82,34.0702324,-117.2061386,344.60,1.75,WIFI
10:DA:43:8F:C6:AB,NETGEAR08,[WPA2_PSK],2025-8-1 2:18:41,10,-89,34.0702286,-117.2060165,344.60,1.50,WIFI
C4:49:BB:1C:A1:38,Dawns Equinox,[WPA2_PSK],2025-8-1 2:18:42,11,-84,34.0702286,-117.2060013,344.60,1.50,WIFI
B0:B9:8A:58:66:A6,ICS 2.4G,[WPA2_PSK],2025-8-1 2:18:42,11,-90,34.0702286,-117.2060013,344.60,1.50,WIFI
24:F3:E3:51:1F:86,CRYO SPA,[WPA2_PSK],2025-8-1 2:18:47,1,-78,34.0702286,-117.2060013,344.60,1.50,WIFI
12:59:32:CE:E7:FE,,[WPA2_PSK],2025-8-1 2:18:47,1,-86,34.0702286,-117.2060013,344.60,1.50,WIFI
24:41:FE:D7:30:B6,Verizon_4HTGNR,[WPA2_PSK],2025-8-1 2:18:52,6,-82,34.0702286,-117.2059937,344.50,1.50,WIFI
DC:62:79:3D:2D:30,SpectrumWifi,[WPA2_PSK],2025-8-1 2:18:54,8,-90,34.0702286,-117.2059937,344.50,1.50,WIFI
BC:2B:02:9D:15:2E,CAR_CAM_CM7053DW152e,[WPA2_PSK],2025-8-1 2:18:55,9,-82,34.0702286,-117.2059937,344.50,1.50,WIFI
24:94:CB:11:B6:70,Frontier5408,[WPA2_PSK],2025-8-1 2:19:11,11,-93,34.0702286,-117.2060013,344.20,1.50,WIFI
90:D3:CF:39:6A:A4,SpectrumSetup-6AA7,[WPA2_PSK],2025-8-1 2:19:25,11,-86,34.0702286,-117.2059937,344.20,1.50,WIFI
D4:DC:09:C8:55:AD,,[WPA2_PSK],2025-8-1 2:19:25,11,-87,34.0702286,-117.2059937,344.20,1.50,WIFI
D4:DC:09:C8:55:AB,,[WPA2_PSK],2025-8-1 2:19:25,11,-88,34.0702286,-117.2059937,344.20,1.50,WIFI
D4:DC:09:C8:55:AC,,[WPA2_PSK],2025-8-1 2:19:25,11,-89,34.0702286,-117.2059937,344.20,1.50,WIFI
24:F3:E3:51:1F:83,,[WPA3_PSK],2025-8-1 2:19:28,1,-71,34.0702286,-117.2058487,344.30,1.50,WIFI
8C:61:A3:01:9B:E9,MySpectrumWiFiE8-2G,[WPA2_PSK],2025-8-1 2:19:28,1,-86,34.0702286,-117.2058487,344.30,1.50,WIFI
00:3E:73:95:94:C4,,[WPA2_PSK],2025-8-1 2:19:28,1,-92,34.0702286,-117.2058487,344.30,1.50,WIFI
32:B4:B8:28:A1:4C,My VW 9313,[WPA2_PSK],2025-8-1 2:19:34,6,-79,34.0702248,-117.2052002,345.40,1.50,WIFI
0A:18:0A:7B:8F:02,safety,[WPA2_PSK],2025-8-1 2:19:34,6,-84,34.0702248,-117.2052002,345.40,1.50,WIFI
06:18:0A:7B:8F:02,skillitWIFI,[WPA2_PSK],2025-8-1 2:19:34,6,-86,34.0702248,-117.2052002,345.40,1.50,WIFI
18:80:90:18:5B:C2,,[WPA2],2025-8-1 2:19:34,6,-90,34.0702248,-117.2052002,345.40,1.50,WIFI
D4:DC:09:C8:55:AA,CFA Private Wi-Fi,[WPA2],2025-8-1 2:19:39,11,-81,34.0702209,-117.2046356,346.40,1.50,WIFI
00:3E:73:95:94:C1,CFA Private Wi-Fi,[WPA2],2025-8-1 2:19:42,1,-77,34.0702171,-117.2042847,347.00,1.50,WIFI
00:3E:73:95:94:C3,,[WPA2_PSK],2025-8-1 2:19:42,1,-80,34.0702171,-117.2042847,347.00,1.50,WIFI
00:3E:73:95:94:C2,,[WPA2_PSK],2025-8-1 2:19:42,1,-83,34.0702171,-117.2042847,347.00,1.50,WIFI
F4:92:BF:54:71:F0,crumbl,[WPA2_PSK],2025-8-1 2:19:42,1,-85,34.0702171,-117.2042847,347.00,1.50,WIFI
F8:55:CD:F0:4A:E1,HotspotNk7h,[WPA_WPA2_PSK],2025-8-1 2:19:48,6,-76,34.0702057,-117.2034225,348.30,1.50,WIFI
00:30:44:5A:E3:D6,IBR600C-3d5,[WPA2_PSK],2025-8-1 2:19:48,6,-76,34.0702057,-117.2034225,348.30,1.50,WIFI
22:AD:56:27:F9:BF,HotspotF9BF,[WPA_WPA2_PSK],2025-8-1 2:19:48,6,-85,34.0702057,-117.2034225,348.30,1.50,WIFI
32:B4:B8:27:C8:03,My VW 6782,[WPA2_PSK],2025-8-1 2:19:48,6,-88,34.0702057,-117.2034225,348.30,1.50,WIFI
84:70:D7:CA:D4:C4,,[WPA3_PSK],2025-8-1 2:19:53,11,-78,34.0702019,-117.2027435,349.50,1.50,WIFI
84:70:D7:CA:D4:C7,bere,[WPA2_PSK],2025-8-1 2:19:53,11,-79,34.0702019,-117.2027435,349.50,1.50,WIFI
D4:DC:09:C8:6A:DB,,[WPA2_PSK],2025-8-1 2:19:53,11,-91,34.0702019,-117.2027435,349.50,1.50,WIFI
00:A7:42:85:2F:02,,[WPA2],2025-8-1 2:19:56,1,-72,34.0701942,-117.2024918,350.00,1.50,WIFI
00:A7:42:85:2F:00,,[WPA2],2025-8-1 2:19:56,1,-73,34.0701942,-117.2024918,350.00,1.50,WIFI
00:A7:42:85:2F:01,,[WPA2_PSK],2025-8-1 2:19:56,1,-75,34.0701942,-117.2024918,350.00,1.50,WIFI
48:A9:8A:EE:5B:14,NextDVP-W00233118595,[WPA_WPA2_PSK],2025-8-1 2:19:59,3,-76,34.0701942,-117.2023544,350.20,1.50,WIFI
B4:E3:D0:3E:C2:36,CAR-5965,[WPA2_PSK],2025-8-1 2:19:59,3,-84,34.0701942,-117.2023544,350.20,1.50,WIFI
18:80:90:18:5B:C0,,[WPA2],2025-8-1 2:20:2,6,-86,34.0701904,-117.2023087,350.30,1.50,WIFI
A0:23:9F:37:EC:70,,[WPA2],2025-8-1 2:20:2,6,-88,34.0701904,-117.2023087,350.30,1.50,WIFI
84:70:D7:CA:D4:CA,,[OPEN],2025-8-1 2:20:7,11,-78,34.0701904,-117.2023087,350.30,1.50,WIFI
18:80:90:18:5B:C1,,[WPA2_PSK],2025-8-1 2:20:16,6,-78,34.0701866,-117.2021790,350.70,1.50,WIFI
CC:64:1A:40:86:6E,Roamsweetroam909,[WPA2_PSK],2025-8-1 2:20:21,11,-91,34.0701752,-117.2016983,351.40,1.50,WIFI
F8:96:FE:80:71:09,myChevrolet4105,[WPA2_PSK],2025-8-1 2:20:24,1,-85,34.0701714,-117.2013397,352.50,1.50,WIFI
F0:AB:54:92:C7:B2,TheColorado,[WPA2_PSK],2025-8-1 2:20:30,6,-89,34.0701561,-117.2005157,354.00,1.50,WIFI
D4:A9:28:08:E3:5A,FiOS-ZMIHL,[WPA2_PSK],2025-8-1 2:20:38,1,-83,34.0701523,-117.1997757,355.30,1.50,WIFI
9A:49:14:DE:1F:A8,bebesota,[WPA2_PSK],2025-8-1 2:20:44,6,-77,34.0701485,-117.1994781,355.70,1.50,WIFI
78:29:ED:F1:E8:5E,LovingMyLife,[WPA2_PSK],2025-8-1 2:20:44,6,-92,34.0701485,-117.1994781,355.70,1.50,WIFI
00:54:AF:72:42:96,Hotspot4296,[WPA_WPA2_PSK],2025-8-1 2:20:49,11,-77,34.0701370,-117.1989059,356.40,1.50,WIFI
24:41:FE:8F:7B:65,Verizon_3FP4SK,[WPA2_PSK],2025-8-1 2:20:49,11,-91,34.0701370,-117.1989059,356.40,1.50,WIFI
48:2F:6B:86:60:61,Guest-WiFi,[OPEN],2025-8-1 2:20:52,1,-82,34.0701332,-117.1984863,356.90,1.50,WIFI
48:2F:6B:86:60:63,demopool2,[WPA2_PSK],2025-8-1 2:20:52,1,-82,34.0701332,-117.1984863,356.90,1.50,WIFI
48:2F:6B:86:60:66,lattice,[WPA2_PSK],2025-8-1 2:20:52,1,-82,34.0701332,-117.1984863,356.90,1.50,WIFI
E4:55:A8:94:18:1C,,[WPA2_PSK],2025-8-1 2:20:52,1,-82,34.0701332,-117.1984863,356.90,1.50,WIFI
EE:55:A8:94:18:1C,,[WPA2_PSK],2025-8-1 2:20:52,1,-82,34.0701332,-117.1984863,356.90,1.50,WIFI
48:2F:6B:86:60:60,demopool1,[WPA2_PSK],2025-8-1 2:20:52,1,-83,34.0701332,-117.1984863,356.90,1.50,WIFI
E2:55:A8:94:18:1C,Jacks_Guest,[OPEN],2025-8-1 2:20:52,1,-83,34.0701332,-117.1984863,356.90,1.50,WIFI
DA:55:A8:94:18:1C,,[WPA2_PSK],2025-8-1 2:20:52,1,-83,34.0701332,-117.1984863,356.90,1.50,WIFI
E8:4E:06:87:1B:25,PWM87193,[WPA2_PSK],2025-8-1 2:20:52,1,-87,34.0701332,-117.1984863,356.90,1.50,WIFI
AA:17:C8:07:F9:7A,,[OPEN],2025-8-1 2:20:52,1,-87,34.0701332,-117.1984863,356.90,1.50,WIFI
AA:17:C8:07:FD:DB,,[OPEN],2025-8-1 2:20:52,1,-91,34.0701332,-117.1984863,356.90,1.50,WIFI
E8:D2:FF:B2:37:8E,SpectrumSetup-88,[WPA2_PSK],2025-8-1 2:20:58,6,-91,34.0701218,-117.1976013,357.90,1.50,WIFI
16:36:C9:26:62:67,NETGEAR-Guest,[WPA2_PSK],2025-8-1 2:21:1,9,-92,34.0701103,-117.1971207,358.60,1.50,WIFI
EA:55:A8:94:18:1C,,[WPA2_PSK],2025-8-1 2:21:5,1,-77,34.0701065,-117.1964569,359.50,1.50,WIFI
92:17:C8:07:FD:DB,,[WPA2_PSK],2025-8-1 2:21:5,1,-85,34.0701065,-117.1964569,359.50,1.50,WIFI
B2:65:16:58:88:5F,Piss off ya bloody nuts,[WPA2_WPA3_PSK],2025-8-1 2:21:10,4,-91,34.0700951,-117.1955872,360.90,1.50,WIFI
7E:8A:20:24:89:6F,TOR,[WPA2_PSK],2025-8-1 2:21:12,6,-74,34.0700912,-117.1952057,361.50,1.50,WIFI
78:8A:20:24:89:6F,ToyotaSecure,[WPA2_PSK],2025-8-1 2:21:12,6,-75,34.0700912,-117.1952057,361.50,1.50,WIFI
78:45:58:2A:45:82,ToyotaSecure,[WPA2_PSK],2025-8-1 2:21:12,6,-82,34.0700912,-117.1952057,361.50,1.50,WIFI
7E:45:58:2A:45:82,TOR,[WPA2_PSK],2025-8-1 2:21:12,6,-83,34.0700912,-117.1952057,361.50,1.50,WIFI
74:93:DA:0F:38:AD,SpectrumSetup-AF,[WPA2_PSK],2025-8-1 2:21:12,6,-86,34.0700912,-117.1952057,361.50,1.50,WIFI
2C:67:BE:0B:2E:B1,Casa de Palma,[WPA2_PSK],2025-8-1 2:21:12,6,-89,34.0700912,-117.1952057,361.50,1.50,WIFI
0E:36:C9:26:62:67,ORBI31,[WPA2_PSK],2025-8-1 2:21:15,9,-68,34.0700874,-117.1946411,362.40,1.50,WIFI
46:94:ED:2B:84:E9,NETGEAR-Guest,[WPA2_PSK],2025-8-1 2:21:15,9,-73,34.0700874,-117.1946411,362.40,1.50,WIFI
3E:94:ED:2B:84:E9,ORBI31,[WPA2_PSK],2025-8-1 2:21:15,9,-78,34.0700874,-117.1946411,362.40,1.50,WIFI
74:93:DA:3F:3A:99,Spectrum,[WPA2_PSK],2025-8-1 2:21:17,11,-84,34.0700798,-117.1942673,362.90,1.50,WIFI
EC:75:0C:35:D4:2C,Hazel Rulz_EXT,[WPA2_PSK],2025-8-1 2:21:19,1,-71,34.0700760,-117.1939011,363.40,1.50,WIFI
BE:D7:D4:D6:C8:C8,,[WPA2_PSK],2025-8-1 2:21:19,1,-76,34.0700760,-117.1939011,363.40,1.50,WIFI
08:F0:1E:E3:F7:E3,,[WPA3_PSK],2025-8-1 2:21:19,1,-86,34.0700760,-117.1939011,363.40,1.50,WIFI
D8:0F:99:AF:08:78,Garcia-2.4G,[WPA2_PSK],2025-8-1 2:21:26,6,-74,34.0700569,-117.1926575,365.10,1.50,WIFI
84:1E:A3:CE:E7:56,SpectrumSetup-50,[WPA2_PSK],2025-8-1 2:21:26,6,-76,34.0700569,-117.1926575,365.10,1.50,WIFI
18:A5:FF:32:32:B2,TMOBILE-32B0,[WPA2_WPA3_PSK],2025-8-1 2:21:26,6,-82,34.0700569,-117.1926575,365.10,1.50,WIFI
9C:A5:70:50:B9:67,,[OPEN],2025-8-1 2:21:26,6,-83,34.0700569,-117.1926575,365.10,1.50,WIFI
9C:A5:70:50:B9:65,Chris,[WPA2_PSK],2025-8-1 2:21:26,6,-83,34.0700569,-117.1926575,365.10,1.50,WIFI
20:E5:2A:79:1D:54,ngHub_319331N30468A,[WPA2_PSK],2025-8-1 2:21:26,6,-84,34.0700569,-117.1926575,365.10,1.50,WIFI
AE:AE:19:DB:27:05,,[WPA2_PSK],2025-8-1 2:21:26,6,-85,34.0700569,-117.1926575,365.10,1.50,WIFI
F8:5B:3B:D1:8B:39,SpectrumSetup-3B,[WPA2_PSK],2025-8-1 2:21:26,6,-87,34.0700569,-117.1926575,365.10,1.50,WIFI
F0:7B:65:6D:CE:4A,SpectrumSetup-BF,[WPA2_PSK],2025-8-1 2:21:31,11,-67,34.0700455,-117.1917953,366.40,1.50,WIFI
F4:05:95:D6:33:AD,SpectrumSetup-A7,[WPA2_PSK],2025-8-1 2:21:31,11,-78,34.0700455,-117.1917953,366.40,1.50,WIFI
90:D3:CF:17:12:7B,SpectrumSetup-127E,[WPA2_PSK],2025-8-1 2:21:31,11,-80,34.0700455,-117.1917953,366.40,1.50,WIFI
C8:C6:FE:1F:42:C3,,[WPA3_PSK],2025-8-1 2:21:31,11,-82,34.0700455,-117.1917953,366.40,1.50,WIFI
60:F4:19:3C:CB:43,,[WPA3_PSK],2025-8-1 2:21:31,11,-82,34.0700455,-117.1917953,366.40,1.50,WIFI
F4:52:46:A3:B0:F7,SpectrumSetup-B0FA,[WPA2_PSK],2025-8-1 2:21:31,11,-84,34.0700455,-117.1917953,366.40,1.50,WIFI
08:3A:2F:11:D0:31,NVR083a2f11d031,[WPA2_PSK],2025-8-1 2:21:33,13,-95,34.0700417,-117.1914368,366.80,1.50,WIFI
4C:19:5D:3C:C9:3C,SpectrumSetup-36,[WPA2_PSK],2025-8-1 2:21:33,1,-70,34.0700417,-117.1914368,366.80,1.50,WIFI
F4:52:46:99:AE:12,Princess,[WPA2_PSK],2025-8-1 2:21:33,1,-80,34.0700417,-117.1914368,366.80,1.50,WIFI
28:EC:22:2F:64:66,FunnyName,[WPA2_WPA3_PSK],2025-8-1 2:21:33,1,-81,34.0700417,-117.1914368,366.80,1.50,WIFI
88:67:46:5D:C6:66,Home,[WPA2_PSK],2025-8-1 2:21:40,6,-57,34.0700417,-117.1901627,368.80,1.50,WIFI
88:67:46:5D:C6:63,,[WPA3_PSK],2025-8-1 2:21:40,6,-59,34.0700417,-117.1901627,368.80,1.50,WIFI
88:67:46:5D:C6:69,,[OPEN],2025-8-1 2:21:40,6,-59,34.0700417,-117.1901627,368.80,1.50,WIFI
F4:05:95:9F:37:D1,SpectrumSetup-CB,[WPA2_PSK],2025-8-1 2:21:40,6,-73,34.0700417,-117.1901627,368.80,1.50,WIFI
9E:EA:DC:D8:27:86,,[WPA2_PSK],2025-8-1 2:21:40,6,-81,34.0700417,-117.1901627,368.80,1.50,WIFI
18:A5:FF:2F:F8:FA,Hi-Girls,[WPA2_WPA3_PSK],2025-8-1 2:21:40,6,-87,34.0700417,-117.1901627,368.80,1.50,WIFI
10:0C:6B:F7:92:40,Yeni_Dy_Yem,[WPA2_PSK],2025-8-1 2:21:41,7,-84,34.0700417,-117.1899796,369.20,1.50,WIFI
F0:B6:61:57:87:24,,[WPA3_PSK],2025-8-1 2:21:45,11,-69,34.0700417,-117.1892319,370.30,1.50,WIFI
F0:B6:61:57:87:2A,,[OPEN],2025-8-1 2:21:45,11,-69,34.0700417,-117.1892319,370.30,1.50,WIFI
F0:B6:61:57:87:27,Goodson2020,[WPA2_PSK],2025-8-1 2:21:45,11,-69,34.0700417,-117.1892319,370.30,1.50,WIFI
C8:C6:FE:1F:42:C9,,[OPEN],2025-8-1 2:21:45,11,-70,34.0700417,-117.1892319,370.30,1.50,WIFI
C8:C6:FE:1F:42:C6,Abraham Linksys ,[WPA2_PSK],2025-8-1 2:21:45,11,-71,34.0700417,-117.1892319,370.30,1.50,WIFI
A4:97:33:AB:F3:48,SpectrumSetup-4A,[WPA2_PSK],2025-8-1 2:21:45,11,-72,34.0700417,-117.1892319,370.30,1.50,WIFI
58:9B:4A:9E:94:5F,SpectrumSetup-945B,[WPA2_PSK],2025-8-1 2:21:45,11,-79,34.0700417,-117.1892319,370.30,1.50,WIFI
36:BC:CB:4A:D2:26,,[WPA2_PSK],2025-8-1 2:21:45,11,-85,34.0700417,-117.1892319,370.30,1.50,WIFI
36:BC:CB:2A:D2:26,Pimp,[WPA2_PSK],2025-8-1 2:21:45,11,-86,34.0700417,-117.1892319,370.30,1.50,WIFI
36:BC:CB:6A:D2:26,,[WPA2_PSK],2025-8-1 2:21:45,11,-86,34.0700417,-117.1892319,370.30,1.50,WIFI
9E:A3:A9:6F:4D:CF,,[WPA2_PSK],2025-8-1 2:21:46,13,-88,34.0700417,-117.1890488,370.50,1.50,WIFI
9E:A3:A9:93:AA:C7,,[WPA2_PSK],2025-8-1 2:21:46,13,-88,34.0700417,-117.1890488,370.50,1.50,WIFI
88:67:46:7A:49:A6,Nicholas L wifi,[WPA2_PSK],2025-8-1 2:21:50,1,-78,34.0700417,-117.1883469,371.40,1.50,WIFI
E8:D2:FF:C7:D5:EE,SpectrumSetup-E8,[WPA2_PSK],2025-8-1 2:21:50,1,-80,34.0700417,-117.1883469,371.40,1.50,WIFI
6C:CD:D6:07:35:33,NETGEAR22,[WPA2_PSK],2025-8-1 2:21:52,3,-69,34.0700417,-117.1880035,371.80,1.50,WIFI
6C:5A:B0:DA:FE:6E,YotaGang2.0,[WPA2_PSK],2025-8-1 2:21:53,4,-82,34.0700417,-117.1878204,372.00,1.50,WIFI
72:5A:B0:DA:FE:7A,,[WPA2_PSK],2025-8-1 2:21:53,4,-83,34.0700417,-117.1878204,372.00,1.50,WIFI
6C:5A:B0:DA:FE:7A,YotaGang2.0,[WPA2_PSK],2025-8-1 2:21:53,4,-86,34.0700417,-117.1878204,372.00,1.50,WIFI
6C:5A:B0:DA:FE:76,YotaGang2.0,[WPA2_PSK],2025-8-1 2:21:53,4,-87,34.0700417,-117.1878204,372.00,1.50,WIFI
84:70:D7:97:36:0A,,[OPEN],2025-8-1 2:21:55,6,-62,34.0700417,-117.1874695,372.40,1.50,WIFI
84:70:D7:97:36:07,Florentino,[WPA2_PSK],2025-8-1 2:21:55,6,-63,34.0700417,-117.1874695,372.40,1.50,WIFI
84:70:D7:97:36:04,,[WPA3_PSK],2025-8-1 2:21:55,6,-64,34.0700417,-117.1874695,372.40,1.50,WIFI
4C:AB:F8:54:8A:D5,SpectrumSetup-843F,[WPA2_PSK],2025-8-1 2:21:55,6,-71,34.0700417,-117.1874695,372.40,1.50,WIFI
20:9A:7D:1A:C1:4E,SpectrumSetup-48,[WPA2_PSK],2025-8-1 2:21:55,6,-83,34.0700417,-117.1874695,372.40,1.50,WIFI
10:0C:6B:F7:92:49,Yeni_Dy_Yem,[WPA2_PSK],2025-8-1 2:21:56,7,-77,34.0700417,-117.1872940,372.70,1.50,WIFI
06:39:26:4C:39:F0,ZMD_SAP,[OPEN],2025-8-1 2:21:59,10,-70,34.0700378,-117.1867676,373.80,1.50,WIFI
F0:7B:65:22:DF:1D,Stowers12,[WPA2_PSK],2025-8-1 2:22:0,11,-74,34.0700378,-117.1865997,374.00,1.50,WIFI
88:67:46:79:7E:63,,[WPA3_PSK],2025-8-1 2:22:0,11,-74,34.0700378,-117.1865997,374.00,1.50,WIFI
88:67:46:79:7E:69,,[OPEN],2025-8-1 2:22:0,11,-75,34.0700378,-117.1865997,374.00,1.50,WIFI
88:67:46:79:7E:66,FiOS-O1FK9,[WPA2_PSK],2025-8-1 2:22:0,11,-75,34.0700378,-117.1865997,374.00,1.50,WIFI
B8:8C:2B:D0:A3:ED,ThreatLevelMidnight,[WPA2_PSK],2025-8-1 2:22:0,11,-87,34.0700378,-117.1865997,374.00,1.50,WIFI
F8:AA:3F:F4:34:03,SpectrumSetup-88,[WPA2_PSK],2025-8-1 2:22:3,1,-48,34.0700302,-117.1861038,374.90,1.50,WIFI
84:A0:6E:C9:7F:36,MySpectrumWiFi30-2G,[WPA2_PSK],2025-8-1 2:22:3,1,-65,34.0700302,-117.1861038,374.90,1.50,WIFI
88:67:46:79:46:83,,[WPA3_PSK],2025-8-1 2:22:3,1,-71,34.0700302,-117.1861038,374.90,1.50,WIFI
88:67:46:79:46:86,Rstudio,[WPA2_PSK],2025-8-1 2:22:3,1,-71,34.0700302,-117.1861038,374.90,1.50,WIFI
9C:3D:CF:73:76:12,ARLO_VMB_1743129394,[WPA2_PSK],2025-8-1 2:22:3,1,-77,34.0700302,-117.1861038,374.90,1.50,WIFI
44:AC:85:73:A3:E3,,[WPA3_PSK],2025-8-1 2:22:3,1,-83,34.0700302,-117.1861038,374.90,1.50,WIFI
44:AC:85:73:A3:E9,,[OPEN],2025-8-1 2:22:3,1,-83,34.0700302,-117.1861038,374.90,1.50,WIFI
18:A9:ED:7C:87:C6,Gonzalez,[WPA2_PSK],2025-8-1 2:22:9,6,-66,34.0700302,-117.1850967,376.70,1.50,WIFI
18:A9:ED:7C:87:C3,,[WPA3_PSK],2025-8-1 2:22:9,6,-68,34.0700302,-117.1850967,376.70,1.50,WIFI
F4:05:95:B0:82:8D,SpectrumSetup-87,[WPA2_PSK],2025-8-1 2:22:9,6,-70,34.0700302,-117.1850967,376.70,1.50,WIFI
18:A9:ED:7C:87:C9,,[OPEN],2025-8-1 2:22:9,6,-70,34.0700302,-117.1850967,376.70,1.50,WIFI
4A:A2:E6:16:DD:9D,NewThermostat_16DD9D,[OPEN],2025-8-1 2:22:9,6,-71,34.0700302,-117.1850967,376.70,1.50,WIFI
9C:A5:70:2B:75:C3,,[WPA3_PSK],2025-8-1 2:22:9,6,-75,34.0700302,-117.1850967,376.70,1.50,WIFI
9C:A5:70:2B:75:C7,,[OPEN],2025-8-1 2:22:9,6,-75,34.0700302,-117.1850967,376.70,1.50,WIFI
9C:A5:70:2B:75:C5,steveo,[WPA2_PSK],2025-8-1 2:22:9,6,-75,34.0700302,-117.1850967,376.70,1.50,WIFI
94:F7:17:E8:FA:30,,[WPA_WPA2_PSK],2025-8-1 2:22:9,6,-80,34.0700302,-117.1850967,376.70,1.50,WIFI
36:3F:0B:B2:53:0E,RPD BYOD,[WPA2],2025-8-1 2:22:9,6,-82,34.0700302,-117.1850967,376.70,1.50,WIFI
16:3F:0B:B2:53:0E,rpdguest,[WPA2_WPA3_PSK],2025-8-1 2:22:9,6,-82,34.0700302,-117.1850967,376.70,1.50,WIFI
2C:3F:0B:B2:53:0E,City of Redlands,[OPEN],2025-8-1 2:22:9,6,-83,34.0700302,-117.1850967,376.70,1.50,WIFI
22:3F:0B:B2:53:0E,Redlands Private,[WPA2_WPA3_PSK],2025-8-1 2:22:9,6,-83,34.0700302,-117.1850967,376.70,1.50,WIFI
3E:3F:0B:B2:53:0E,Redlands Internet,[WPA2_WPA3_PSK],2025-8-1 2:22:9,6,-83,34.0700302,-117.1850967,376.70,1.50,WIFI
2A:3F:0B:B2:53:0E,Redlands Corp,[WPA2],2025-8-1 2:22:9,6,-84,34.0700302,-117.1850967,376.70,1.50,WIFI
26:3F:0B:B2:53:0E,Redlands BYOD,[WPA2],2025-8-1 2:22:9,6,-84,34.0700302,-117.1850967,376.70,1.50,WIFI
94:F7:17:D0:AB:84,,[WPA_WPA2_PSK],2025-8-1 2:22:13,9,-77,34.0700226,-117.1844711,377.70,1.50,WIFI
9C:3D:CF:3B:AF:E4,NETGEAR14,[WPA2_PSK],2025-8-1 2:22:15,11,-80,34.0700226,-117.1841812,378.20,1.50,WIFI
2C:67:BE:02:29:1A,SpectrumSetup-2916,[WPA2_PSK],2025-8-1 2:22:15,11,-82,34.0700226,-117.1841812,378.20,1.50,WIFI
9C:4F:5F:A0:29:53,Seleska1,[WPA2_PSK],2025-8-1 2:22:15,11,-83,34.0700226,-117.1841812,378.20,1.50,WIFI
F4:05:95:DB:FD:68,Qcop,[WPA2_PSK],2025-8-1 2:22:15,11,-83,34.0700226,-117.1841812,378.20,1.50,WIFI
9C:4F:5F:A0:29:ED,Seleska1,[WPA2_PSK],2025-8-1 2:22:15,11,-86,34.0700226,-117.1841812,378.20,1.50,WIFI
B0:FC:88:6F:5D:26,SpectrumSetup-39,[WPA2_PSK],2025-8-1 2:22:15,11,-89,34.0700226,-117.1841812,378.20,1.50,WIFI
34:53:D2:B7:67:F5,SpectrumSetup-EF,[WPA2_PSK],2025-8-1 2:22:18,1,-77,34.0700188,-117.1837769,378.90,1.50,WIFI
34:98:B5:FA:79:85,SpectrumSetup-FF,[WPA2_PSK],2025-8-1 2:22:18,1,-78,34.0700188,-117.1837769,378.90,1.50,WIFI
E2:55:7D:48:13:91,Redlands Corp,[WPA2],2025-8-1 2:22:18,1,-79,34.0700188,-117.1837769,378.90,1.50,WIFI
E2:55:7D:48:13:90,City of Redlands,[OPEN],2025-8-1 2:22:18,1,-80,34.0700188,-117.1837769,378.90,1.50,WIFI
E2:55:7D:48:13:92,Redlands BYOD,[WPA2],2025-8-1 2:22:18,1,-81,34.0700188,-117.1837769,378.90,1.50,WIFI
E2:55:7D:48:13:93,Redlands Private,[WPA2_PSK],2025-8-1 2:22:18,1,-81,34.0700188,-117.1837769,378.90,1.50,WIFI
E2:55:7D:48:13:94,Redlands Internet,[WPA2_PSK],2025-8-1 2:22:18,1,-81,34.0700188,-117.1837769,378.90,1.50,WIFI
B0:FC:88:67:C6:46,SpectrumSetup-40,[WPA2_PSK],2025-8-1 2:22:18,1,-82,34.0700188,-117.1837769,378.90,1.50,WIFI
E2:55:7D:48:13:9E,rpdguest,[WPA2_PSK],2025-8-1 2:22:18,1,-83,34.0700188,-117.1837769,378.90,1.50,WIFI
E8:D2:FF:C3:B0:5E,Herculespower,[WPA2_PSK],2025-8-1 2:22:18,1,-84,34.0700188,-117.1837769,378.90,1.50,WIFI
28:9E:FC:63:05:26,MySpectrumWiFi20-2G,[WPA2_PSK],2025-8-1 2:22:18,1,-86,34.0700188,-117.1837769,378.90,1.50,WIFI
2C:67:BE:36:0E:DD,SpectrumSetup-13,[WPA2_PSK],2025-8-1 2:22:18,1,-86,34.0700188,-117.1837769,378.90,1.50,WIFI
C8:B4:22:58:F6:9D,Front,[WPA2_PSK],2025-8-1 2:22:18,1,-87,34.0700188,-117.1837769,378.90,1.50,WIFI
00:54:AF:14:B9:93,HotspotB993,[WPA_WPA2_PSK],2025-8-1 2:22:22,4,-87,34.0700302,-117.1833572,379.60,1.50,WIFI
32:13:8B:0B:08:E0,DIRECT-E0-HP Color LJ 4301,[WPA2_PSK],2025-8-1 2:22:24,6,-72,34.0700417,-117.1832352,379.90,1.50,WIFI
3A:4B:76:8A:44:9A,DIRECT-Ee-EDU-AST-SUP-24,[WPA2_PSK],2025-8-1 2:22:24,6,-76,34.0700417,-117.1832352,379.90,1.50,WIFI
F6:CB:BC:8C:25:B6,rusd_facl,[WPA2_PSK],2025-8-1 2:22:24,6,-81,34.0700417,-117.1832352,379.90,1.50,WIFI
2A:C5:C8:1A:F9:9D,DIRECT-9D-HP 4101fdw LJ,[WPA2_PSK],2025-8-1 2:22:24,6,-81,34.0700417,-117.1832352,379.90,1.50,WIFI
80:78:71:BA:7E:57,SpectrumSetup-59,[WPA2_PSK],2025-8-1 2:22:24,6,-82,34.0700417,-117.1832352,379.90,1.50,WIFI
3A:4B:76:89:A1:CA,DIRECT-nL-Mobile Conference N-24,[WPA2_PSK],2025-8-1 2:22:24,6,-82,34.0700417,-117.1832352,379.90,1.50,WIFI
3A:4B:76:8A:9A:25,DIRECT-uH-Business Office-24,[WPA2_PSK],2025-8-1 2:22:24,6,-84,34.0700417,-117.1832352,379.90,1.50,WIFI
08:7B:12:5E:69:38,SpectrumSetup-32,[WPA2_PSK],2025-8-1 2:22:24,6,-87,34.0700417,-117.1832352,379.90,1.50,WIFI
28:EC:22:C3:6E:A3,,[WPA3_PSK],2025-8-1 2:22:29,11,-80,34.0700417,-117.1831665,380.00,1.50,WIFI
28:EC:22:C3:6E:A6,Morl,[WPA2_PSK],2025-8-1 2:22:29,11,-82,34.0700417,-117.1831665,380.00,1.50,WIFI
28:EC:22:C3:6E:A9,,[OPEN],2025-8-1 2:22:29,11,-83,34.0700417,-117.1831665,380.00,1.50,WIFI
52:81:40:E2:FB:C2,DIRECT-c2-HP M29 LaserJet,[WPA2_PSK],2025-8-1 2:22:29,11,-86,34.0700417,-117.1831665,380.00,1.50,WIFI
CE:CB:BC:8C:3D:E7,RUSD_Guest,[OPEN],2025-8-1 2:22:31,1,-72,34.0700417,-117.1831665,380.00,1.50,WIFI
F6:CB:BC:8C:3D:E7,rusd_facl,[WPA2_PSK],2025-8-1 2:22:31,1,-73,34.0700417,-117.1831665,380.00,1.50,WIFI
C6:CB:BC:8C:3D:E7,student_chrome,[OPEN],2025-8-1 2:22:31,1,-73,34.0700417,-117.1831665,380.00,1.50,WIFI
DA:CB:BC:8C:3D:E7,RUSD_Devices,[WPA2_PSK],2025-8-1 2:22:31,1,-73,34.0700417,-117.1831665,380.00,1.50,WIFI
E6:CB:BC:8C:3D:E7,,[WPA2],2025-8-1 2:22:31,1,-73,34.0700417,-117.1831665,380.00,1.50,WIFI
C2:CB:BC:8C:3D:E7,RUSD_BYOD-DO,[WPA2],2025-8-1 2:22:31,1,-74,34.0700417,-117.1831665,380.00,1.50,WIFI
CA:CB:BC:8C:3D:E7,RUSD_WiFi,[WPA2],2025-8-1 2:22:31,1,-74,34.0700417,-117.1831665,380.00,1.50,WIFI
54:47:CC:F5:D2:B6,Frontier0335,[WPA2_PSK],2025-8-1 2:22:31,1,-81,34.0700417,-117.1831665,380.00,1.50,WIFI
14:7D:05:8F:3B:DF,SpectrumSetup-DD,[WPA2_PSK],2025-8-1 2:22:31,1,-83,34.0700417,-117.1831665,380.00,1.50,WIFI
B0:FC:88:3E:8C:F7,SpectrumSetup-F1,[WPA2_PSK],2025-8-1 2:22:31,1,-88,34.0700417,-117.1831665,380.00,1.50,WIFI
04:95:E6:22:F7:F1,Tenda_22F7F0,[WPA_WPA2_PSK],2025-8-1 2:22:35,3,-80,34.0700417,-117.1831665,380.10,1.50,WIFI
6A:7B:1E:57:D9:66,,[WPA2_PSK],2025-8-1 2:22:35,3,-88,34.0700417,-117.1831665,380.10,1.50,WIFI
2C:EA:DC:EE:01:79,SpectrumSetup-7B,[WPA2_PSK],2025-8-1 2:22:38,6,-79,34.0700378,-117.1831741,380.10,1.50,WIFI
20:D7:78:C9:C4:D3,ENVOY_031845,[OPEN],2025-8-1 2:22:39,7,-91,34.0700378,-117.1831741,380.20,1.50,WIFI
C2:B5:D7:D1:45:70,DIRECT-70-HP M227f LaserJet,[WPA2_PSK],2025-8-1 2:22:43,11,-93,34.0700417,-117.1831741,380.30,1.50,WIFI
54:21:60:80:7F:CA,HelixAF09,[WPA_WPA2_PSK],2025-8-1 2:22:50,4,-89,34.0700417,-117.1831512,380.60,1.50,WIFI
6C:CD:D6:4B:CD:CB,PornNation,[WPA2_PSK],2025-8-1 2:22:52,6,-84,34.0700378,-117.1830597,380.80,1.50,WIFI
0A:33:ED:DE:89:DE,,[WPA2_WPA3_PSK],2025-8-1 2:22:55,9,-85,34.0700302,-117.1828003,381.40,1.50,WIFI
E4:C3:2A:DA:21:78,Magical Mystery Wifi,[WPA_WPA2_PSK],2025-8-1 2:22:56,10,-86,34.0700264,-117.1826935,381.60,1.50,WIFI
A6:97:5C:9E:8B:4F,VTECH_7766_8b4f,[WPA2_PSK],2025-8-1 2:22:57,11,-81,34.0700264,-117.1825867,381.80,1.50,WIFI
AC:91:9B:BB:BD:FC,Verizon_NHV774,[WPA2_PSK],2025-8-1 2:22:57,11,-81,34.0700264,-117.1825867,381.80,1.50,WIFI
70:77:81:CB:DC:A5,SETUP,[OPEN],2025-8-1 2:22:57,11,-87,34.0700264,-117.1825867,381.80,1.50,WIFI
84:EB:3E:FC:03:DF,tlfc03de,[WPA2_PSK],2025-8-1 2:22:57,11,-88,34.0700264,-117.1825867,381.80,1.50,WIFI
A0:89:66:94:FF:20,,[WPA_WPA2_PSK],2025-8-1 2:23:0,1,-75,34.0700226,-117.1822357,382.20,1.50,WIFI
A0:89:66:E1:4F:0C,,[WPA_WPA2_PSK],2025-8-1 2:23:0,1,-76,34.0700226,-117.1822357,382.20,1.50,WIFI
14:7D:05:94:AE:4F,SpectrumSetup-08,[WPA2_PSK],2025-8-1 2:23:0,1,-85,34.0700226,-117.1822357,382.20,1.50,WIFI
C0:A0:BB:E4:B3:D3,BlackHoleNet2,[WPA_WPA2_PSK],2025-8-1 2:23:3,3,-88,34.0700226,-117.1818771,383.00,1.50,WIFI
34:53:D2:C2:B0:AD,SpectrumSetup-A7,[WPA2_PSK],2025-8-1 2:23:6,6,-62,34.0700226,-117.1815109,383.60,1.50,WIFI
8E:49:62:39:57:11,,[WPA2_PSK],2025-8-1 2:23:6,6,-72,34.0700226,-117.1815109,383.60,1.50,WIFI
34:53:D2:40:5B:A6,SpectrumSetup-A0,[WPA2_PSK],2025-8-1 2:23:6,6,-73,34.0700226,-117.1815109,383.60,1.50,WIFI
2C:05:47:9F:64:B3,70mai_d06_64b3,[WPA2_PSK],2025-8-1 2:23:6,6,-83,34.0700226,-117.1815109,383.60,1.50,WIFI
82:C3:2A:26:80:ED,,[WPA2_PSK],2025-8-1 2:23:10,10,-83,34.0700264,-117.1809998,384.30,1.50,WIFI
E4:C3:2A:26:80:EB,smolhouse,[WPA_WPA2_PSK],2025-8-1 2:23:10,10,-88,34.0700264,-117.1809998,384.30,1.50,WIFI
D0:3F:27:4E:1F:BF,,[WPA_WPA2_PSK],2025-8-1 2:23:11,11,-68,34.0700264,-117.1808624,384.50,1.50,WIFI
D2:3F:27:4E:1F:BF,,[WPA_WPA2_PSK],2025-8-1 2:23:11,11,-75,34.0700264,-117.1808624,384.50,1.50,WIFI
F0:7B:65:75:29:1B,Ozzy2,[WPA2_PSK],2025-8-1 2:23:11,11,-81,34.0700264,-117.1808624,384.50,1.50,WIFI
7C:DB:98:63:A4:46,HughMungus2G,[WPA2_PSK],2025-8-1 2:23:11,11,-82,34.0700264,-117.1808624,384.50,1.50,WIFI
F0:7B:65:0A:B8:4B,SpectrumSetup-B845,[WPA2_PSK],2025-8-1 2:23:14,1,-69,34.0700226,-117.1804581,384.90,1.50,WIFI
AC:B6:87:3A:FC:C5,Verizon_4X9RLV,[WPA2_PSK],2025-8-1 2:23:14,1,-76,34.0700226,-117.1804581,384.90,1.50,WIFI
C8:C6:FE:7E:3C:E9,,[OPEN],2025-8-1 2:23:14,1,-79,34.0700226,-117.1804581,384.90,1.50,WIFI
C8:C6:FE:7E:3C:EF,Rio312,[WPA2_PSK],2025-8-1 2:23:14,1,-79,34.0700226,-117.1804581,384.90,1.50,WIFI
C8:C6:FE:7E:3C:E3,,[WPA3_PSK],2025-8-1 2:23:14,1,-82,34.0700226,-117.1804581,384.90,1.50,WIFI
A0:89:66:8F:88:A8,,[WPA_WPA2_PSK],2025-8-1 2:23:14,1,-82,34.0700226,-117.1804581,384.90,1.50,WIFI
94:A6:7E:7B:90:48,NETGEAR04,[WPA2_PSK],2025-8-1 2:23:16,2,-85,34.0700226,-117.1801682,385.70,1.50,WIFI
A8:6B:AD:F5:26:0E,Rodriguez,[WPA2_PSK],2025-8-1 2:23:18,4,-74,34.0700226,-117.1798706,386.00,1.50,WIFI
4C:AB:F8:D9:86:D6,SpectrumSetup-D8,[WPA2_PSK],2025-8-1 2:23:20,6,-72,34.0700264,-117.1795731,386.40,1.50,WIFI
3C:64:CF:92:20:21,Frontier4277_EXT,[WPA2_PSK],2025-8-1 2:23:20,6,-72,34.0700264,-117.1795731,386.40,1.50,WIFI
34:53:D2:B2:4D:BA,SpectrumSetup-B4,[WPA2_PSK],2025-8-1 2:23:20,6,-80,34.0700264,-117.1795731,386.40,1.50,WIFI
A4:97:33:4D:31:35,Bichota,[WPA2_PSK],2025-8-1 2:23:20,6,-83,34.0700264,-117.1795731,386.40,1.50,WIFI
FC:12:63:B8:31:D1,VaderS,[WPA2_PSK],2025-8-1 2:23:20,6,-88,34.0700264,-117.1795731,386.40,1.50,WIFI
AC:DF:9F:90:2B:3A,TMOBILE-2B38,[WPA2_WPA3_PSK],2025-8-1 2:23:22,8,-69,34.0700264,-117.1792755,386.80,1.50,WIFI
F0:B6:61:8A:DF:A7,roberto,[WPA2_PSK],2025-8-1 2:23:25,11,-69,34.0700264,-117.1788177,387.40,1.50,WIFI
A8:9A:93:BE:FC:CE,MySpectrumWiFic8-2G,[WPA2_PSK],2025-8-1 2:23:25,11,-73,34.0700264,-117.1788177,387.40,1.50,WIFI
22:0C:7A:D3:69:C6,,[WPA2_PSK],2025-8-1 2:23:25,11,-79,34.0700264,-117.1788177,387.40,1.50,WIFI
84:70:D7:AC:67:27,erin,[WPA2_PSK],2025-8-1 2:23:25,11,-81,34.0700264,-117.1788177,387.40,1.50,WIFI
24:41:FE:7A:CA:3E,Verizon_SWKK9T,[WPA2_PSK],2025-8-1 2:23:25,11,-90,34.0700264,-117.1788177,387.40,1.50,WIFI
90:D3:CF:11:26:3C,SpectrumSetup-0D,[WPA2_PSK],2025-8-1 2:23:28,1,-51,34.0700264,-117.1783524,387.90,1.50,WIFI
44:D4:53:82:A9:6E,SpectrumSetup-68,[WPA2_PSK],2025-8-1 2:23:28,1,-67,34.0700264,-117.1783524,387.90,1.50,WIFI
F8:5B:3B:78:53:80,SpectrumSetup-82,[WPA2_PSK],2025-8-1 2:23:28,1,-67,34.0700264,-117.1783524,387.90,1.50,WIFI
58:9B:4A:95:9A:3D,SpectrumNaNa,[WPA2_PSK],2025-8-1 2:23:28,1,-68,34.0700264,-117.1783524,387.90,1.50,WIFI
A0:8A:06:53:82:84,Tiddiez,[WPA2_PSK],2025-8-1 2:23:28,1,-72,34.0700264,-117.1783524,387.90,1.50,WIFI
AA:D6:69:81:82:E5,Da iPhone,[WPA2_PSK],2025-8-1 2:23:28,1,-81,34.0700264,-117.1783524,387.90,1.50,WIFI
74:37:5F:55:19:53,SpectrumSetup-51,[WPA2_PSK],2025-8-1 2:23:28,1,-82,34.0700264,-117.1783524,387.90,1.50,WIFI
AC:3B:77:1E:78:B8,frontier4277,[WPA2_PSK],2025-8-1 2:23:28,1,-83,34.0700264,-117.1783524,387.90,1.50,WIFI
78:8C:B5:17:62:56,TP-Link_2.4GEXT,[WPA2_PSK],2025-8-1 2:23:30,2,-83,34.0700226,-117.1780243,388.70,1.50,WIFI
06:0E:3C:FB:35:9F,DIRECT-9F-HP OfficeJet Pro 7740,[WPA2_PSK],2025-8-1 2:23:30,2,-85,34.0700226,-117.1780243,388.70,1.50,WIFI
68:7F:F0:01:F4:AB,TP-Link_2.4,[WPA2_PSK],2025-8-1 2:23:33,5,-68,34.0700073,-117.1775208,389.50,1.50,WIFI
18:A5:FF:78:C5:7E,TMOBILE-C57C,[WPA2_WPA3_PSK],2025-8-1 2:23:33,5,-79,34.0700073,-117.1775208,389.50,1.50,WIFI
F4:52:46:FF:04:3F,SpectrumSetup-0442,[WPA2_PSK],2025-8-1 2:23:34,6,-61,34.0700073,-117.1773453,389.70,1.50,WIFI
F4:52:46:ED:3C:8B,Carrillo,[WPA2_PSK],2025-8-1 2:23:34,6,-68,34.0700073,-117.1773453,389.70,1.50,WIFI
FC:12:63:09:8A:CB,SpectrumSetup-CD,[WPA2_PSK],2025-8-1 2:23:34,6,-69,34.0700073,-117.1773453,389.70,1.50,WIFI
24:2D:6C:49:ED:C5,,[WPA3_PSK],2025-8-1 2:23:34,6,-71,34.0700073,-117.1773453,389.70,1.50,WIFI
74:93:DA:05:CD:DE,SpectrumSetup-E0,[WPA2_PSK],2025-8-1 2:23:34,6,-75,34.0700073,-117.1773453,389.70,1.50,WIFI
AC:DF:9F:32:7C:7A,TMOBILE-7C78,[WPA2_WPA3_PSK],2025-8-1 2:23:37,9,-79,34.0699997,-117.1768417,390.40,1.50,WIFI
AC:91:9B:B3:5A:A0,ATT6C8NwJ4,[WPA2_PSK],2025-8-1 2:23:38,10,-78,34.0699997,-117.1766815,390.50,1.50,WIFI
B0:E4:D5:80:B0:C7,Spectrum620,[WPA2_PSK],2025-8-1 2:23:39,11,-72,34.0699997,-117.1765137,390.80,1.50,WIFI
F2:72:EA:0F:3D:69,Friends,[WPA2_PSK],2025-8-1 2:23:39,11,-78,34.0699997,-117.1765137,390.80,1.50,WIFI
94:F7:17:D0:A9:A4,,[WPA_WPA2_PSK],2025-8-1 2:23:39,11,-86,34.0699997,-117.1765137,390.80,1.50,WIFI
80:78:71:62:D3:A6,SpectrumSetup-A8,[WPA2_PSK],2025-8-1 2:23:42,1,-69,34.0699997,-117.1760254,391.20,1.50,WIFI
F4:69:42:34:5E:55,SpectrumSetup-57,[WPA2_PSK],2025-8-1 2:23:42,1,-70,34.0699997,-117.1760254,391.20,1.50,WIFI
F4:05:95:D8:E7:8D,SpectrumSetup-87,[WPA2_PSK],2025-8-1 2:23:42,1,-70,34.0699997,-117.1760254,391.20,1.50,WIFI
84:1E:A3:22:10:0E,SpectrumSetup-08,[WPA2_PSK],2025-8-1 2:23:42,1,-71,34.0699997,-117.1760254,391.20,1.50,WIFI
A0:7F:8A:5B:6B:7A,SpectrumSetup-6B74,[WPA2_PSK],2025-8-1 2:23:42,1,-72,34.0699997,-117.1760254,391.20,1.50,WIFI
6A:7B:1E:E6:D5:76,,[WPA2_PSK],2025-8-1 2:23:42,1,-72,34.0699997,-117.1760254,391.20,1.50,WIFI
6E:7B:1E:E6:D5:76,ATT78izwhr,[WPA2_PSK],2025-8-1 2:23:42,1,-74,34.0699997,-117.1760254,391.20,1.50,WIFI
B0:92:4A:70:6A:E7,Ti-fi613,[WPA2_WPA3_PSK],2025-8-1 2:23:42,1,-80,34.0699997,-117.1760254,391.20,1.50,WIFI
B0:FC:88:32:A7:E8,SpectrumSetup-E2,[WPA2_PSK],2025-8-1 2:23:42,1,-81,34.0699997,-117.1760254,391.20,1.50,WIFI
4C:AB:F8:5F:B5:4C,SpectrumSetup-4E,[WPA2_PSK],2025-8-1 2:23:42,1,-87,34.0699997,-117.1760254,391.20,1.50,WIFI
34:19:4D:B1:87:C0,TMOBILE-C57C,[WPA2_WPA3_PSK],2025-8-1 2:23:46,3,-68,34.0699997,-117.1753922,392.60,1.50,WIFI
B0:FC:88:56:2C:E5,SpectrumSetup-DF,[WPA2_PSK],2025-8-1 2:23:49,6,-70,34.0699921,-117.1749344,393.40,1.50,WIFI
94:91:7F:79:84:45,SpectrumSetup-47,[WPA2_PSK],2025-8-1 2:23:49,6,-74,34.0699921,-117.1749344,393.40,1.50,WIFI
9C:65:F9:2B:00:03,,[WPA2_PSK],2025-8-1 2:23:49,6,-75,34.0699921,-117.1749344,393.40,1.50,WIFI
0A:33:ED:D9:3C:AF,,[WPA2_WPA3_PSK],2025-8-1 2:23:51,8,-64,34.0699921,-117.1746674,393.70,1.50,WIFI
08:33:ED:D9:3C:AF,ATT-WIFI-2437,[WPA2_WPA3_PSK],2025-8-1 2:23:51,8,-65,34.0699921,-117.1746674,393.70,1.50,WIFI
62:52:A1:CC:E3:89,,[WPA2_PSK],2025-8-1 2:23:51,8,-85,34.0699921,-117.1746674,393.70,1.50,WIFI
B8:66:85:62:48:16,CortezFamily,[WPA2_PSK],2025-8-1 2:23:54,11,-72,34.0699844,-117.1743546,394.20,1.50,WIFI
44:AD:B1:7E:CB:66,SpectrumSetup-60,[WPA2_PSK],2025-8-1 2:23:57,1,-69,34.0699844,-117.1741333,394.60,1.50,WIFI
DC:92:72:4D:4C:87,TMOBILE-4C81,[WPA2_WPA3_PSK],2025-8-1 2:23:57,1,-78,34.0699844,-117.1741333,394.60,1.50,WIFI
E8:AD:A6:44:1C:CE,MySpectrumWiFic8-2G,[WPA2_PSK],2025-8-1 2:23:57,1,-84,34.0699844,-117.1741333,394.60,1.50,WIFI
B0:BE:76:8C:46:41,The Hide Out,[WPA_WPA2_PSK],2025-8-1 2:23:59,2,-80,34.0699844,-117.1740112,394.90,1.50,WIFI
C0:C9:E3:C8:F3:16,PooPoo,[WPA2_PSK],2025-8-1 2:24:0,3,-73,34.0699844,-117.1739273,395.00,1.50,WIFI
9A:C9:E3:C8:F3:18,,[WPA2_PSK],2025-8-1 2:24:0,3,-75,34.0699844,-117.1739273,395.00,1.50,WIFI
3E:AA:8E:AF:D2:6F,,[WPA_WPA2_PSK],2025-8-1 2:24:0,3,-82,34.0699844,-117.1739273,395.00,1.50,WIFI
18:A5:FF:A4:27:DE,Chico1972,[WPA2_WPA3_PSK],2025-8-1 2:24:2,5,-65,34.0699844,-117.1737518,395.40,1.50,WIFI
F4:52:46:8C:A4:71,SpectrumSetup-A474,[WPA2_PSK],2025-8-1 2:24:3,6,-77,34.0699844,-117.1736526,395.50,1.50,WIFI
2C:EA:DC:8C:DB:D0,SpectrumSetup-D2,[WPA2_PSK],2025-8-1 2:24:3,6,-79,34.0699844,-117.1736526,395.50,1.50,WIFI
14:59:C0:A5:F8:18,ARLO_VMB_1625909519,[WPA2_PSK],2025-8-1 2:24:3,6,-81,34.0699844,-117.1736526,395.50,1.50,WIFI
E8:D2:FF:B2:3A:86,spectrumwifi-80,[WPA2_PSK],2025-8-1 2:24:3,6,-84,34.0699844,-117.1736526,395.50,1.50,WIFI
62:52:A1:CC:E3:88,BurningBytes,[WPA2_PSK],2025-8-1 2:24:5,8,-80,34.0699844,-117.1734390,395.90,1.50,WIFI
74:37:5F:A7:42:27,SpectrumSetup-25,[WPA2_PSK],2025-8-1 2:24:8,11,-59,34.0699844,-117.1730652,396.50,1.50,WIFI
90:D3:CF:C1:4B:01,2 Bears 1 Cub,[WPA2_PSK],2025-8-1 2:24:8,11,-68,34.0699844,-117.1730652,396.50,1.50,WIFI
4C:AB:F8:E3:02:03,SpectrumSetup-05,[WPA2_PSK],2025-8-1 2:24:8,11,-72,34.0699844,-117.1730652,396.50,1.50,WIFI
24:F3:E3:0F:0E:C3,,[WPA3_PSK],2025-8-1 2:24:8,11,-73,34.0699844,-117.1730652,396.50,1.50,WIFI
24:F3:E3:0F:0E:C6,TornbergFamily,[WPA2_PSK],2025-8-1 2:24:8,11,-73,34.0699844,-117.1730652,396.50,1.50,WIFI
24:F3:E3:0F:0E:C9,,[OPEN],2025-8-1 2:24:8,11,-75,34.0699844,-117.1730652,396.50,1.50,WIFI
F0:81:75:08:28:26,MySpectrumWiFi20-2G,[WPA2_PSK],2025-8-1 2:24:8,11,-79,34.0699844,-117.1730652,396.50,1.50,WIFI
34:DB:9C:6C:26:76,MySpectrumWiFi70-2G,[WPA2_PSK],2025-8-1 2:24:11,1,-72,34.0699844,-117.1726379,397.10,1.50,WIFI
24:F3:E3:5F:5C:86,ARK HUYNH,[WPA2_PSK],2025-8-1 2:24:11,1,-75,34.0699844,-117.1726379,397.10,1.50,WIFI
4C:19:5D:59:EF:F5,SpectrumSetup-EF,[WPA2_PSK],2025-8-1 2:24:11,1,-79,34.0699844,-117.1726379,397.10,1.50,WIFI
FC:12:63:CC:92:07,SpectrumSetup-09,[WPA2_PSK],2025-8-1 2:24:17,6,-64,34.0699921,-117.1717148,398.20,1.50,WIFI
94:3C:96:F6:96:F6,Frontier1000,[WPA2_PSK],2025-8-1 2:24:17,6,-73,34.0699921,-117.1717148,398.20,1.50,WIFI
18:0C:7A:9F:8C:46,Frontier0066,[WPA2_PSK],2025-8-1 2:24:17,6,-76,34.0699921,-117.1717148,398.20,1.50,WIFI
9C:A5:70:80:25:E3,,[WPA3_PSK],2025-8-1 2:24:17,6,-78,34.0699921,-117.1717148,398.20,1.50,WIFI
9C:A5:70:80:25:E7,,[OPEN],2025-8-1 2:24:17,6,-78,34.0699921,-117.1717148,398.20,1.50,WIFI
9C:A5:70:80:25:E5,FiOS-NHJI9-5G,[WPA2_PSK],2025-8-1 2:24:17,6,-78,34.0699921,-117.1717148,398.20,1.50,WIFI
F0:7B:65:24:78:0E,Speedygonzales,[WPA2_PSK],2025-8-1 2:24:17,6,-81,34.0699921,-117.1717148,398.20,1.50,WIFI
9C:A5:70:7F:DA:C5,FiOS-NHJI9-5G,[WPA2_PSK],2025-8-1 2:24:17,6,-82,34.0699921,-117.1717148,398.20,1.50,WIFI
84:1E:A3:22:1F:86,Diagon Alley,[WPA2_PSK],2025-8-1 2:24:17,6,-85,34.0699921,-117.1717148,398.20,1.50,WIFI
7A:62:79:FD:26:B9,,[WPA2_PSK],2025-8-1 2:24:17,7,-75,34.0699921,-117.1717148,398.20,1.50,WIFI
A2:06:C3:C9:D1:19,,[WPA2_PSK],2025-8-1 2:24:19,8,-81,34.0699959,-117.1713867,398.80,1.50,WIFI
E4:C3:2A:78:D0:27,TP-Link_D028,[WPA_WPA2_PSK],2025-8-1 2:24:20,9,-84,34.0699997,-117.1712189,399.00,1.50,WIFI
40:B8:9A:E4:FD:E4,WIFIE4FDE1,[WPA_WPA2_PSK],2025-8-1 2:24:21,10,-60,34.0699997,-117.1710510,399.30,1.50,WIFI
42:B4:CD:FC:0C:17,,[WPA2_PSK],2025-8-1 2:24:21,10,-73,34.0699997,-117.1710510,399.30,1.50,WIFI
FA:09:0D:8D:2A:E0,Hunter1305,[WPA2_PSK],2025-8-1 2:24:21,10,-81,34.0699997,-117.1710510,399.30,1.50,WIFI
94:E3:6D:7E:1A:FD,ENVOY_039793,[OPEN],2025-8-1 2:24:21,10,-83,34.0699997,-117.1710510,399.30,1.50,WIFI
10:2C:B1:8F:4A:DF,,[WPA_WPA2_PSK],2025-8-1 2:24:22,11,-71,34.0699997,-117.1708832,399.50,1.50,WIFI
64:7B:1E:E6:42:76,913,[WPA2_PSK],2025-8-1 2:24:22,11,-76,34.0699997,-117.1708832,399.50,1.50,WIFI
D0:6D:C9:2F:0C:46,Frontier0871,[WPA2_PSK],2025-8-1 2:24:22,11,-79,34.0699997,-117.1708832,399.50,1.50,WIFI
84:EB:3E:D9:3A:29,tld93a28,[WPA2_PSK],2025-8-1 2:24:22,11,-80,34.0699997,-117.1708832,399.50,1.50,WIFI
B0:E4:D5:88:94:39,Azul,[WPA2_PSK],2025-8-1 2:24:22,11,-88,34.0699997,-117.1708832,399.50,1.50,WIFI
74:37:5F:30:B7:6F,SpectrumSetup-6D,[WPA2_PSK],2025-8-1 2:24:25,1,-55,34.0700035,-117.1703796,400.20,1.50,WIFI
D0:6D:C9:37:28:46,Frontier0885,[WPA2_PSK],2025-8-1 2:24:25,1,-69,34.0700035,-117.1703796,400.20,1.50,WIFI
88:EF:16:F2:11:08,Frontier4096,[WPA2_PSK],2025-8-1 2:24:25,1,-77,34.0700035,-117.1703796,400.20,1.50,WIFI
A0:89:66:E1:8A:CC,,[WPA_WPA2_PSK],2025-8-1 2:24:25,1,-86,34.0700035,-117.1703796,400.20,1.50,WIFI
68:7F:F0:00:1A:D7,FBI surveillance van,[WPA2_PSK],2025-8-1 2:24:28,3,-86,34.0700073,-117.1698685,400.90,1.50,WIFI
CA:41:1E:88:0F:73,,[WPA2_PSK],2025-8-1 2:24:29,4,-84,34.0700073,-117.1697006,401.10,1.50,WIFI
C4:41:1E:88:0F:73,Rocky Net,[WPA2_PSK],2025-8-1 2:24:29,4,-86,34.0700073,-117.1697006,401.10,1.50,WIFI
9C:0B:05:E7:FF:07,Twins21,[WPA2_PSK],2025-8-1 2:24:31,6,-55,34.0700073,-117.1693649,401.60,1.50,WIFI
9C:0B:05:E7:FF:10,Chick-fil-A,[WPA2_PSK],2025-8-1 2:24:31,6,-56,34.0700073,-117.1693649,401.60,1.50,WIFI
4C:19:5D:96:42:3C,Raw-Stadium,[WPA2_PSK],2025-8-1 2:24:31,6,-63,34.0700073,-117.1693649,401.60,1.50,WIFI
F0:B6:61:0E:E8:A4,,[WPA3_PSK],2025-8-1 2:24:31,6,-63,34.0700073,-117.1693649,401.60,1.50,WIFI
F0:B6:61:0E:E8:AA,,[OPEN],2025-8-1 2:24:31,6,-63,34.0700073,-117.1693649,401.60,1.50,WIFI
AE:AE:19:BE:DF:1A,,[WPA2_PSK],2025-8-1 2:24:31,6,-63,34.0700073,-117.1693649,401.60,1.50,WIFI
F0:B6:61:B0:B7:64,,[WPA3_PSK],2025-8-1 2:24:31,6,-64,34.0700073,-117.1693649,401.60,1.50,WIFI
F0:B6:61:B0:B7:6A,,[OPEN],2025-8-1 2:24:31,6,-64,34.0700073,-117.1693649,401.60,1.50,WIFI
F0:B6:61:0E:E8:A7,LGCY WIFI,[WPA2_PSK],2025-8-1 2:24:31,6,-65,34.0700073,-117.1693649,401.60,1.50,WIFI
9C:0B:05:BE:F5:07,Twins21,[WPA2_PSK],2025-8-1 2:24:31,6,-65,34.0700073,-117.1693649,401.60,1.50,WIFI
9C:0B:05:BE:F5:10,Chick-fil-A,[WPA2_PSK],2025-8-1 2:24:31,6,-65,34.0700073,-117.1693649,401.60,1.50,WIFI
9C:0B:05:E7:FF:04,,[WPA3_PSK],2025-8-1 2:24:31,6,-65,34.0700073,-117.1693649,401.60,1.50,WIFI
9C:0B:05:E7:FF:0A,,[OPEN],2025-8-1 2:24:31,6,-65,34.0700073,-117.1693649,401.60,1.50,WIFI
F0:B6:61:28:03:44,,[WPA3_PSK],2025-8-1 2:24:31,6,-67,34.0700073,-117.1693649,401.60,1.50,WIFI
F0:B6:61:28:03:4A,,[OPEN],2025-8-1 2:24:31,6,-67,34.0700073,-117.1693649,401.60,1.50,WIFI
F0:B6:61:93:1F:C4,,[WPA3_PSK],2025-8-1 2:24:31,6,-67,34.0700073,-117.1693649,401.60,1.50,WIFI
F0:B6:61:93:1F:CA,,[OPEN],2025-8-1 2:24:31,6,-68,34.0700073,-117.1693649,401.60,1.50,WIFI
F0:B6:61:93:1F:C7,NoChickFilASauce?,[WPA2_PSK],2025-8-1 2:24:31,6,-72,34.0700073,-117.1693649,401.60,1.50,WIFI
F0:B6:61:B0:B7:67,Journie,[WPA2_PSK],2025-8-1 2:24:31,6,-72,34.0700073,-117.1693649,401.60,1.50,WIFI
9C:0B:05:BE:F5:0A,,[OPEN],2025-8-1 2:24:31,6,-72,34.0700073,-117.1693649,401.60,1.50,WIFI
F0:B6:61:28:03:47,LGCY WIFI,[WPA2_PSK],2025-8-1 2:24:31,6,-76,34.0700073,-117.1693649,401.60,1.50,WIFI
7A:62:79:FD:26:B8,Angelic,[WPA2_PSK],2025-8-1 2:24:31,7,-64,34.0700073,-117.1693649,401.60,1.50,WIFI
B0:FC:88:3B:10:11,ImWatchingYou,[WPA2_PSK],2025-8-1 2:24:37,11,-64,34.0700035,-117.1683426,403.10,1.50,WIFI
24:F3:E3:1C:6E:46,Yo,[WPA2_WPA3_PSK],2025-8-1 2:24:37,11,-70,34.0700035,-117.1683426,403.10,1.50,WIFI
C4:A8:16:D7:6A:89,,[OPEN],2025-8-1 2:24:37,11,-70,34.0700035,-117.1683426,403.10,1.50,WIFI
C4:A8:16:D7:6A:83,,[WPA3_PSK],2025-8-1 2:24:37,11,-71,34.0700035,-117.1683426,403.10,1.50,WIFI
C4:A8:16:C8:DF:46,LUNA HOUSE,[WPA2_PSK],2025-8-1 2:24:37,11,-73,34.0700035,-117.1683426,403.10,1.50,WIFI
F0:7B:65:41:D4:98,Chacon,[WPA2_PSK],2025-8-1 2:24:37,11,-74,34.0700035,-117.1683426,403.10,1.50,WIFI
24:F3:E3:1C:6E:49,,[OPEN],2025-8-1 2:24:37,11,-75,34.0700035,-117.1683426,403.10,1.50,WIFI
84:70:D7:BE:A6:07,ParraFam30,[WPA2_PSK],2025-8-1 2:24:37,11,-76,34.0700035,-117.1683426,403.10,1.50,WIFI
94:98:8F:18:E1:F7,TMOBIL1,[WPA2_WPA3_PSK],2025-8-1 2:24:39,1,-64,34.0699997,-117.1679993,403.70,1.50,WIFI
92:32:4B:02:05:47,DIRECT-47-HP M426 LaserJet,[WPA2_PSK],2025-8-1 2:24:39,1,-77,34.0699997,-117.1679993,403.70,1.50,WIFI
FC:B2:D6:3D:B4:3F,,[WPA_WPA2_PSK],2025-8-1 2:24:39,1,-78,34.0699997,-117.1679993,403.70,1.50,WIFI
F0:81:75:F8:89:B6,SpectrumSetup-B0,[WPA2_PSK],2025-8-1 2:24:39,1,-79,34.0699997,-117.1679993,403.70,1.50,WIFI
E8:ED:05:38:B3:A0,SSVwireless,[WPA2_PSK],2025-8-1 2:24:42,2,-78,34.0699997,-117.1674957,404.30,1.50,WIFI
D8:EC:5E:F7:2A:DE,why fi?,[WPA2_PSK],2025-8-1 2:24:45,5,-80,34.0699997,-117.1669846,405.20,1.50,WIFI
DE:EC:5E:F7:2A:DE,,[WPA2_PSK],2025-8-1 2:24:45,5,-81,34.0699997,-117.1669846,405.20,1.50,WIFI
88:DE:7C:28:DC:29,SpectrumSetup-2B,[WPA2_PSK],2025-8-1 2:24:46,6,-64,34.0699997,-117.1668167,405.60,1.50,WIFI
FC:12:63:A0:E1:6D,Love111206,[WPA2_PSK],2025-8-1 2:24:46,6,-66,34.0699997,-117.1668167,405.60,1.50,WIFI
FC:12:63:A1:E3:59,SpectrumSetup-5B,[WPA2_PSK],2025-8-1 2:24:46,6,-72,34.0699997,-117.1668167,405.60,1.50,WIFI
58:9B:4A:88:D7:90,SpectrumSetup-D78C,[WPA2_PSK],2025-8-1 2:24:46,6,-74,34.0699997,-117.1668167,405.60,1.50,WIFI
88:DE:7C:C7:D1:DD,SpectrumSetup-DF,[WPA2_PSK],2025-8-1 2:24:46,6,-74,34.0699997,-117.1668167,405.60,1.50,WIFI
08:7B:12:5E:7F:94,SpectrumSetup-08,[WPA2_PSK],2025-8-1 2:24:46,6,-82,34.0699997,-117.1668167,405.60,1.50,WIFI
90:D3:CF:D3:A1:17,SpectrumSetup-88,[WPA2_PSK],2025-8-1 2:24:46,6,-84,34.0699997,-117.1668167,405.60,1.50,WIFI
66:A4:B7:92:0E:16,,[WPA2_PSK],2025-8-1 2:24:48,8,-85,34.0700035,-117.1664581,406.30,1.50,WIFI
90:D3:CF:58:04:FD,wifi25,[WPA2_PSK],2025-8-1 2:24:51,11,-69,34.0700073,-117.1659164,407.10,1.50,WIFI
E4:C0:E2:71:65:96,SpectrumSetup-90,[WPA2_PSK],2025-8-1 2:24:51,11,-71,34.0700073,-117.1659164,407.10,1.50,WIFI
F4:52:46:F8:88:CA,Specwifiwp5G,[WPA2_PSK],2025-8-1 2:24:51,11,-71,34.0700073,-117.1659164,407.10,1.50,WIFI
58:96:71:35:98:D0,ATTgkE3ksH,[WPA2_PSK],2025-8-1 2:24:51,11,-72,34.0700073,-117.1659164,407.10,1.50,WIFI
E4:19:7F:65:A0:03,,[WPA3_PSK],2025-8-1 2:24:53,1,-68,34.0700150,-117.1655655,407.70,1.50,WIFI
E4:19:7F:65:A0:09,,[OPEN],2025-8-1 2:24:53,1,-69,34.0700150,-117.1655655,407.70,1.50,WIFI
E4:19:7F:65:A0:06,Semperfi,[WPA2_PSK],2025-8-1 2:24:53,1,-69,34.0700150,-117.1655655,407.70,1.50,WIFI
D8:A7:56:72:74:6E,MySpectrumWiFi68-2G,[WPA_WPA2_PSK],2025-8-1 2:24:58,4,-76,34.0700188,-117.1646729,409.30,1.50,WIFI
0E:5A:25:27:6F:6A,Guz-58,[WPA2_PSK],2025-8-1 2:25:0,6,-64,34.0700188,-117.1643219,409.90,1.50,WIFI
84:1E:A3:2C:A4:1E,SpectrumSetup-18,[WPA2_PSK],2025-8-1 2:25:0,6,-70,34.0700188,-117.1643219,409.90,1.50,WIFI
A0:55:1F:A8:7A:ED,SpectrumSetup-7AE7,[WPA2_PSK],2025-8-1 2:25:0,6,-72,34.0700188,-117.1643219,409.90,1.50,WIFI
5C:FA:25:EF:4C:87,SpectrumSetup-81,[WPA2_PSK],2025-8-1 2:25:0,6,-76,34.0700188,-117.1643219,409.90,1.50,WIFI
38:88:71:2C:E3:D9,ByeFelicia,[WPA2_PSK],2025-8-1 2:25:0,6,-78,34.0700188,-117.1643219,409.90,1.50,WIFI
FC:12:63:B6:DD:17,SpectrumSetup-19,[WPA2_PSK],2025-8-1 2:25:0,6,-78,34.0700188,-117.1643219,409.90,1.50,WIFI
74:37:5F:9F:D8:A3,SpectrumSetup-A1,[WPA2_PSK],2025-8-1 2:25:0,6,-84,34.0700188,-117.1643219,409.90,1.50,WIFI
74:FE:CE:E5:C0:FA,,[WPA2_PSK],2025-8-1 2:25:3,9,-82,34.0700188,-117.1637726,410.70,1.50,WIFI
76:AE:CE:E5:C0:FA,WhoreHouse,[WPA2_PSK],2025-8-1 2:25:3,9,-82,34.0700188,-117.1637726,410.70,1.50,WIFI
74:FE:CE:E5:C0:FE,,[WPA2_PSK],2025-8-1 2:25:3,9,-86,34.0700188,-117.1637726,410.70,1.50,WIFI
76:AE:CE:E5:C0:FE,WhoreHouse,[WPA2_PSK],2025-8-1 2:25:3,9,-86,34.0700188,-117.1637726,410.70,1.50,WIFI
AC:91:9B:A8:78:6E,Pink_Unicorn,[WPA2_PSK],2025-8-1 2:25:5,11,-61,34.0700226,-117.1634064,411.20,1.50,WIFI
90:D3:CF:58:AE:76,FossandLo,[WPA2_PSK],2025-8-1 2:25:5,11,-63,34.0700226,-117.1634064,411.20,1.50,WIFI
1C:B0:44:E0:31:3F,MySpectrumWiFi41-2G,[WPA2_PSK],2025-8-1 2:25:5,11,-64,34.0700226,-117.1634064,411.20,1.50,WIFI
F0:7B:65:0A:B4:62,mywifi,[WPA2_PSK],2025-8-1 2:25:5,11,-71,34.0700226,-117.1634064,411.20,1.50,WIFI
B0:6E:BF:E5:53:C0,ASUS2G,[WPA2_PSK],2025-8-1 2:25:5,11,-77,34.0700226,-117.1634064,411.20,1.50,WIFI
08:7B:12:5E:6C:E9,Ashebash,[WPA2_PSK],2025-8-1 2:25:5,11,-78,34.0700226,-117.1634064,411.20,1.50,WIFI
22:76:13:0E:9C:11,,[WPA2_PSK],2025-8-1 2:25:5,11,-82,34.0700226,-117.1634064,411.20,1.50,WIFI
F0:7B:65:E8:F2:6D,SpectrumSetup-F267,[WPA2_PSK],2025-8-1 2:25:5,11,-83,34.0700226,-117.1634064,411.20,1.50,WIFI
E8:D2:FF:C2:FB:6E,SpectrumSetup-68,[WPA2_PSK],2025-8-1 2:25:5,11,-89,34.0700226,-117.1634064,411.20,1.50,WIFI
CC:58:30:63:A2:97,TMOBILE-A291,[WPA2_WPA3_PSK],2025-8-1 2:25:8,1,-59,34.0700226,-117.1628571,411.40,1.50,WIFI
34:53:D2:B8:82:31,SpectrumSetup-2B,[WPA2_PSK],2025-8-1 2:25:8,1,-76,34.0700226,-117.1628571,411.40,1.50,WIFI
DC:62:79:6B:95:23,H-Gaming,[WPA2_PSK],2025-8-1 2:25:12,4,-83,34.0700302,-117.1621170,413.10,1.50,WIFI
58:9B:4A:87:F0:B3,Fmlsalas,[WPA2_PSK],2025-8-1 2:25:14,6,-58,34.0700378,-117.1617508,413.70,1.50,WIFI
F4:52:46:18:9B:89,SpectrumSetup-8B,[WPA2_PSK],2025-8-1 2:25:14,6,-66,34.0700378,-117.1617508,413.70,1.50,WIFI
90:D3:CF:02:22:72,JesusSaves7,[WPA2_PSK],2025-8-1 2:25:14,6,-67,34.0700378,-117.1617508,413.70,1.50,WIFI
A4:97:33:5F:CC:CD,spectrumsetup05,[WPA2_PSK],2025-8-1 2:25:14,6,-72,34.0700378,-117.1617508,413.70,1.50,WIFI
FC:12:63:1A:F8:4D,spectrum sucks,[WPA2_PSK],2025-8-1 2:25:14,6,-72,34.0700378,-117.1617508,413.70,1.50,WIFI
C8:B4:22:5F:4F:D1,MySpectrumWiFiD3-2G,[WPA2_PSK],2025-8-1 2:25:14,6,-88,34.0700378,-117.1617508,413.70,1.50,WIFI
2A:F5:A2:9E:F7:EB,,[WPA2_PSK],2025-8-1 2:25:17,9,-77,34.0700455,-117.1612015,414.60,1.50,WIFI
24:F5:A2:9E:F7:EB,SteelerNation,[WPA2_PSK],2025-8-1 2:25:17,9,-85,34.0700455,-117.1612015,414.60,1.50,WIFI
60:38:E0:8B:36:94,Linksys25751,[WPA_WPA2_PSK],2025-8-1 2:25:17,9,-90,34.0700455,-117.1612015,414.60,1.50,WIFI
24:2F:D0:AE:DF:6E,Happy Family_EXT,[WPA2_PSK],2025-8-1 2:25:17,9,-95,34.0700455,-117.1612015,414.60,1.50,WIFI
38:94:ED:65:B0:14,HerediaFamBam,[WPA2_PSK],2025-8-1 2:25:18,10,-83,34.0700493,-117.1610107,415.00,1.50,WIFI
6C:CD:D6:08:67:34,HerediaFamBam,[WPA2_PSK],2025-8-1 2:25:18,10,-91,34.0700493,-117.1610107,415.00,1.50,WIFI
A0:7F:8A:13:60:7D,SpectrumSetup-6077,[WPA2_PSK],2025-8-1 2:25:19,11,-56,34.0700493,-117.1608276,415.30,1.50,WIFI
74:37:5F:9D:CA:1B,SpectrumSetup-D7,[WPA2_PSK],2025-8-1 2:25:19,11,-77,34.0700493,-117.1608276,415.30,1.50,WIFI
24:F3:E3:4D:D7:49,,[OPEN],2025-8-1 2:25:19,11,-81,34.0700493,-117.1608276,415.30,1.50,WIFI
24:F3:E3:4D:D7:46,Acuna,[WPA2_PSK],2025-8-1 2:25:19,11,-81,34.0700493,-117.1608276,415.30,1.50,WIFI
1C:39:29:07:85:12,AT_401_WIN_056905_WW_8512,[WPA2_PSK],2025-8-1 2:25:19,11,-83,34.0700493,-117.1608276,415.30,1.50,WIFI
D4:A9:28:14:FB:C8,FiOS-2EZI3,[WPA2_PSK],2025-8-1 2:25:19,11,-86,34.0700493,-117.1608276,415.30,1.50,WIFI
D6:8D:26:BF:95:4A,,[WPA2_PSK],2025-8-1 2:25:19,11,-87,34.0700493,-117.1608276,415.30,1.50,WIFI
A8:A2:37:1F:71:B3,Verizon_SJ6PKR,[WPA2_PSK],2025-8-1 2:25:19,11,-88,34.0700493,-117.1608276,415.30,1.50,WIFI
4C:19:5D:34:29:48,Sibrian Family,[WPA2_PSK],2025-8-1 2:25:19,11,-93,34.0700493,-117.1608276,415.30,1.50,WIFI
58:9B:4A:82:6B:D9,SpectrumSetup-6BD5,[WPA2_PSK],2025-8-1 2:25:22,1,-73,34.0700569,-117.1602478,415.60,1.50,WIFI
E4:8E:10:D5:AD:9C,,[WPA_WPA2_PSK],2025-8-1 2:25:22,1,-80,34.0700569,-117.1602478,415.60,1.50,WIFI
2C:67:BE:0E:B1:DF,nodaddyjustissues,[WPA2_PSK],2025-8-1 2:25:22,1,-83,34.0700569,-117.1602478,415.60,1.50,WIFI
D0:D3:E0:57:56:40,UoR,[WPA2],2025-8-1 2:25:22,1,-86,34.0700569,-117.1602478,415.60,1.50,WIFI
60:45:CB:B0:94:90,Newlife Church,[WPA2_PSK],2025-8-1 2:25:24,2,-60,34.0700607,-117.1598587,416.80,1.50,WIFI
64:C2:69:98:2C:67,,[OPEN],2025-8-1 2:25:28,6,-72,34.0700645,-117.1590805,418.10,1.50,WIFI
64:C2:69:98:2C:65,gabenika,[WPA2_PSK],2025-8-1 2:25:28,6,-76,34.0700645,-117.1590805,418.10,1.50,WIFI
9C:A5:70:9C:10:E5,gabenika,[WPA2_PSK],2025-8-1 2:25:28,6,-79,34.0700645,-117.1590805,418.10,1.50,WIFI
60:83:E7:C2:E1:0E,,[WPA2_PSK],2025-8-1 2:25:31,9,-77,34.0700645,-117.1585083,419.00,1.50,WIFI
62:83:E7:22:E1:0E,When in Roam,[WPA2_PSK],2025-8-1 2:25:31,9,-78,34.0700645,-117.1585083,419.00,1.50,WIFI
62:83:E7:22:E2:9E,When in Roam,[WPA2_PSK],2025-8-1 2:25:31,9,-84,34.0700645,-117.1585083,419.00,1.50,WIFI
20:BE:CD:46:01:8A,,[OPEN],2025-8-1 2:25:33,11,-71,34.0700645,-117.1581421,419.70,1.50,WIFI
20:9A:7D:17:7B:B6,SpectrumSetup-B0,[WPA2_PSK],2025-8-1 2:25:33,11,-72,34.0700645,-117.1581421,419.70,1.50,WIFI
20:BE:CD:46:01:84,,[WPA3_PSK],2025-8-1 2:25:33,11,-72,34.0700645,-117.1581421,419.70,1.50,WIFI
20:BE:CD:46:01:87,Morales,[WPA2_PSK],2025-8-1 2:25:33,11,-72,34.0700645,-117.1581421,419.70,1.50,WIFI
86:45:58:2A:FA:0C,Max,[WPA2_PSK],2025-8-1 2:25:33,11,-80,34.0700645,-117.1581421,419.70,1.50,WIFI
8A:45:58:2A:FA:0C,,[WPA2_PSK],2025-8-1 2:25:33,11,-82,34.0700645,-117.1581421,419.70,1.50,WIFI
CC:58:30:65:8F:37,TMOBILE-8F31,[WPA2_WPA3_PSK],2025-8-1 2:25:36,1,-68,34.0700645,-117.1575928,420.20,1.50,WIFI
14:7D:05:50:87:33,SpectrumSetup-31,[WPA2_PSK],2025-8-1 2:25:36,1,-70,34.0700645,-117.1575928,420.20,1.50,WIFI
38:94:ED:34:53:F8,NETGEAR_EXT,[OPEN],2025-8-1 2:25:36,1,-73,34.0700645,-117.1575928,420.20,1.50,WIFI
18:60:24:D4:67:97,DIRECT-96-HP OfficeJet 4650,[WPA2_PSK],2025-8-1 2:25:36,1,-81,34.0700645,-117.1575928,420.20,1.50,WIFI
F4:69:42:91:EB:D1,SpectrumSetup-D3,[WPA2_PSK],2025-8-1 2:25:42,6,-73,34.0700569,-117.1564865,422.40,1.50,WIFI
0A:80:AE:06:9E:F2,,[WPA2_PSK],2025-8-1 2:25:42,6,-78,34.0700569,-117.1564865,422.40,1.50,WIFI
3C:04:61:A7:86:68,sangma,[WPA2_PSK],2025-8-1 2:25:42,6,-79,34.0700569,-117.1564865,422.40,1.50,WIFI
44:AC:85:28:15:43,,[WPA3_PSK],2025-8-1 2:25:42,6,-81,34.0700569,-117.1564865,422.40,1.50,WIFI
4C:AB:F8:4A:A3:05,SpectrumSetup-07,[WPA2_PSK],2025-8-1 2:25:42,6,-82,34.0700569,-117.1564865,422.40,1.50,WIFI
6C:CD:D6:16:9D:2A,HOUHOUSE,[WPA2_PSK],2025-8-1 2:25:44,8,-81,34.0700531,-117.1561127,423.00,1.50,WIFI
5C:FA:25:BA:D0:44,SpectrumSetup-3E,[WPA2_PSK],2025-8-1 2:25:47,11,-66,34.0700493,-117.1555176,424.00,1.50,WIFI
AC:B6:87:4A:B8:F7,FWA_X64RB4,[WPA2_PSK],2025-8-1 2:25:47,11,-74,34.0700493,-117.1555176,424.00,1.50,WIFI
4C:19:5D:25:82:88,SpectrumSetup-82,[WPA2_PSK],2025-8-1 2:25:52,1,-70,34.0700455,-117.1545181,425.50,1.50,WIFI
C8:99:B2:7B:03:6B,SLOW-WIFI,[WPA2_PSK],2025-8-1 2:25:52,1,-73,34.0700455,-117.1545181,425.50,1.50,WIFI
08:36:C9:25:CA:20,Miramontes_2GEXT,[WPA2_PSK],2025-8-1 2:25:52,1,-81,34.0700455,-117.1545181,425.50,1.50,WIFI
0C:EA:14:30:6E:02,The1310,[WPA2_PSK],2025-8-1 2:25:52,1,-84,34.0700455,-117.1545181,425.50,1.50,WIFI
12:EA:14:30:6E:02,The1310-5G,[WPA2_PSK],2025-8-1 2:25:52,1,-85,34.0700455,-117.1545181,425.50,1.50,WIFI
16:EA:14:30:6E:02,,[WPA2_PSK],2025-8-1 2:25:52,1,-85,34.0700455,-117.1545181,425.50,1.50,WIFI
F4:69:42:ED:47:44,SpectrumSetup-46,[WPA2_PSK],2025-8-1 2:25:52,1,-85,34.0700455,-117.1545181,425.50,1.50,WIFI
3C:84:6A:DD:26:E6,YEET,[WPA2_PSK],2025-8-1 2:25:54,3,-73,34.0700455,-117.1541138,426.20,1.50,WIFI
42:84:6A:DD:26:E6,,[WPA2_PSK],2025-8-1 2:25:54,3,-81,34.0700455,-117.1541138,426.20,1.50,WIFI
9C:C9:EB:6F:37:C3,NETGEAR46,[WPA2_PSK],2025-8-1 2:25:54,3,-86,34.0700455,-117.1541138,426.20,1.50,WIFI
90:D3:CF:7F:30:F4,whitepony,[WPA2_PSK],2025-8-1 2:25:57,6,-69,34.0700417,-117.1535034,427.10,1.50,WIFI
02:D3:CF:7F:30:F4,,[WPA2_PSK],2025-8-1 2:25:57,6,-70,34.0700417,-117.1535034,427.10,1.50,WIFI
62:B7:6E:F9:79:D8,HallGuest,[WPA2_PSK],2025-8-1 2:25:57,6,-72,34.0700417,-117.1535034,427.10,1.50,WIFI
38:94:ED:5A:9B:53,,[WPA2_PSK],2025-8-1 2:25:57,6,-72,34.0700417,-117.1535034,427.10,1.50,WIFI
60:B7:6E:F9:79:D9,BHall,[WPA2_PSK],2025-8-1 2:25:57,6,-73,34.0700417,-117.1535034,427.10,1.50,WIFI
F8:AA:3F:CE:6D:CF,dtrills,[WPA2_PSK],2025-8-1 2:25:57,6,-75,34.0700417,-117.1535034,427.10,1.50,WIFI
3E:94:ED:5A:9B:53,Wu Tang LAN,[WPA2_PSK],2025-8-1 2:25:57,6,-76,34.0700417,-117.1535034,427.10,1.50,WIFI
84:70:D7:E1:D2:C4,,[WPA3_PSK],2025-8-1 2:25:57,6,-79,34.0700417,-117.1535034,427.10,1.50,WIFI
34:49:5B:C2:B7:6E,MySpectrumWiFi68-2G,[WPA2_PSK],2025-8-1 2:25:59,8,-76,34.0700302,-117.1530991,427.70,1.50,WIFI
90:D3:CF:29:03:F7,SpectrumSetup-E1,[WPA2_PSK],2025-8-1 2:26:2,11,-80,34.0700188,-117.1524963,428.70,1.50,WIFI
CC:58:30:F1:C9:07,Dudley7,[WPA2_WPA3_PSK],2025-8-1 2:26:5,1,-70,34.0700226,-117.1519012,429.90,1.50,WIFI
A0:7F:8A:23:84:D0,SpectrumSetup-84CA,[WPA2_PSK],2025-8-1 2:26:5,1,-72,34.0700226,-117.1519012,429.90,1.50,WIFI
12:2C:6B:9D:DD:18,SunPower09993,[WPA2_PSK],2025-8-1 2:26:5,1,-80,34.0700226,-117.1519012,429.90,1.50,WIFI
28:94:01:37:30:83,NSA omega,[WPA2_PSK],2025-8-1 2:26:7,2,-78,34.0700226,-117.1515045,430.80,1.50,WIFI
E8:9F:80:72:2C:CC,Linksys14731_2.4GHz,[WPA2_PSK],2025-8-1 2:26:7,2,-87,34.0700226,-117.1515045,430.80,1.50,WIFI
B0:B2:1C:F9:C1:3D,SentryMini_C13D,[OPEN],2025-8-1 2:26:8,3,-89,34.0700226,-117.1513062,431.20,1.50,WIFI
DE:EC:5E:56:01:2B,,[WPA2_PSK],2025-8-1 2:26:9,4,-90,34.0700226,-117.1511078,431.50,1.50,WIFI
F6:37:5F:97:36:CF,,[WPA2_PSK],2025-8-1 2:26:11,6,-59,34.0700264,-117.1507111,432.30,1.50,WIFI
74:37:5F:97:36:CF,SpectrumSetup-CD,[WPA2_PSK],2025-8-1 2:26:11,6,-61,34.0700264,-117.1507111,432.30,1.50,WIFI
E6:37:5F:97:36:CF,,[WPA2_PSK],2025-8-1 2:26:11,6,-63,34.0700264,-117.1507111,432.30,1.50,WIFI
00:7F:28:76:1E:2E,3JFYD,[WPA2_PSK],2025-8-1 2:26:11,6,-84,34.0700264,-117.1507111,432.30,1.50,WIFI
3C:84:6A:8F:42:76,Azurin's,[WPA2_PSK],2025-8-1 2:26:11,6,-86,34.0700264,-117.1507111,432.30,1.50,WIFI
42:84:6A:8F:42:76,,[WPA2_PSK],2025-8-1 2:26:11,6,-87,34.0700264,-117.1507111,432.30,1.50,WIFI
38:94:ED:4C:18:B9,Aco 1-87,[WPA2_PSK],2025-8-1 2:26:12,7,-85,34.0700302,-117.1505127,432.70,1.50,WIFI
38:06:E6:86:B0:C8,Verizon_P3WBQH,[WPA2_PSK],2025-8-1 2:26:16,11,-61,34.0700302,-117.1497421,434.20,1.50,WIFI
BC:96:E5:39:58:DF,spectrum56,[WPA2_PSK],2025-8-1 2:26:16,11,-83,34.0700302,-117.1497421,434.20,1.50,WIFI
AE:50:DE:DC:BC:B5,DIRECT-b5-HP M283 LaserJet,[WPA2_PSK],2025-8-1 2:26:16,11,-83,34.0700302,-117.1497421,434.20,1.50,WIFI
E4:19:7F:7F:C5:43,,[WPA3_PSK],2025-8-1 2:26:16,11,-84,34.0700302,-117.1497421,434.20,1.50,WIFI
A0:7F:8A:1B:BB:17,ScorpiosRule,[WPA2_PSK],2025-8-1 2:26:16,11,-84,34.0700302,-117.1497421,434.20,1.50,WIFI
34:53:D2:1C:FD:D6,DidaDadu,[WPA2_PSK],2025-8-1 2:26:16,11,-88,34.0700302,-117.1497421,434.20,1.50,WIFI
B4:B0:24:B2:83:40,SpectrumSetup-C6_EXT,[WPA2_PSK],2025-8-1 2:26:16,11,-89,34.0700302,-117.1497421,434.20,1.50,WIFI
6C:63:9C:8A:F4:F8,Frontier4480,[WPA2_PSK],2025-8-1 2:26:16,11,-91,34.0700302,-117.1497421,434.20,1.50,WIFI
C4:A8:16:F7:5A:43,,[WPA3_PSK],2025-8-1 2:26:19,1,-55,34.0700302,-117.1492004,435.20,1.50,WIFI
C4:A8:16:F7:5A:49,,[OPEN],2025-8-1 2:26:19,1,-56,34.0700302,-117.1492004,435.20,1.50,WIFI
C4:A8:16:F7:5A:46,MTownsendFamily,[WPA2_PSK],2025-8-1 2:26:19,1,-59,34.0700302,-117.1492004,435.20,1.50,WIFI
24:F3:E3:1B:E6:C9,,[OPEN],2025-8-1 2:26:19,1,-61,34.0700302,-117.1492004,435.20,1.50,WIFI
24:F3:E3:1B:E6:C6,MTownsendFamily,[WPA2_PSK],2025-8-1 2:26:19,1,-62,34.0700302,-117.1492004,435.20,1.50,WIFI
24:F3:E3:1B:E6:C3,,[WPA3_PSK],2025-8-1 2:26:19,1,-63,34.0700302,-117.1492004,435.20,1.50,WIFI
12:59:32:46:D3:8B,,[WPA2_PSK],2025-8-1 2:26:19,1,-66,34.0700302,-117.1492004,435.20,1.50,WIFI
90:D3:CF:D5:13:17,SpectrumSetup-131A,[WPA2_PSK],2025-8-1 2:26:19,1,-70,34.0700302,-117.1492004,435.20,1.50,WIFI
74:93:DA:56:DC:39,Leatherman,[WPA2_PSK],2025-8-1 2:26:19,1,-72,34.0700302,-117.1492004,435.20,1.50,WIFI
24:F3:E3:1E:4C:06,MTownsendFamily,[WPA2_PSK],2025-8-1 2:26:19,1,-73,34.0700302,-117.1492004,435.20,1.50,WIFI
24:F3:E3:1E:4C:09,,[OPEN],2025-8-1 2:26:19,1,-74,34.0700302,-117.1492004,435.20,1.50,WIFI
CA:3A:6B:20:5A:C0,,[WPA2_PSK],2025-8-1 2:26:19,1,-75,34.0700302,-117.1492004,435.20,1.50,WIFI
24:F3:E3:1E:4C:03,,[WPA3_PSK],2025-8-1 2:26:19,1,-75,34.0700302,-117.1492004,435.20,1.50,WIFI
58:96:71:13:07:8A,Verizon_P3WBQH,[WPA2_PSK],2025-8-1 2:26:19,1,-81,34.0700302,-117.1492004,435.20,1.50,WIFI
FC:B2:D6:86:A9:D5,,[WPA_WPA2_PSK],2025-8-1 2:26:19,1,-81,34.0700302,-117.1492004,435.20,1.50,WIFI
FA:8F:CA:92:C5:6B,Onkyo TX-NR6050 F7922B.d062,[OPEN],2025-8-1 2:26:19,2,-89,34.0700302,-117.1492004,435.20,1.50,WIFI
AC:15:A2:34:46:F6,Spectrum76,[WPA2_PSK],2025-8-1 2:26:23,4,-87,34.0700417,-117.1485519,436.30,1.50,WIFI
B2:15:A2:34:46:F6,,[WPA2_PSK],2025-8-1 2:26:23,4,-87,34.0700417,-117.1485519,436.30,1.50,WIFI
A8:B0:88:5A:B4:4E,GLM 2.4ghz,[WPA2_PSK],2025-8-1 2:26:25,6,-63,34.0700378,-117.1482925,436.60,1.50,WIFI
A8:B0:88:5A:B4:48,GLM,[WPA2_PSK],2025-8-1 2:26:25,6,-65,34.0700378,-117.1482925,436.60,1.50,WIFI
A8:B0:88:5A:B4:4A,,[OPEN],2025-8-1 2:26:25,6,-68,34.0700378,-117.1482925,436.60,1.50,WIFI
A8:B0:88:5A:B4:46,,[WPA3_PSK],2025-8-1 2:26:25,6,-69,34.0700378,-117.1482925,436.60,1.50,WIFI
90:D3:CF:B8:89:59,T-Rex,[WPA2_PSK],2025-8-1 2:26:25,6,-76,34.0700378,-117.1482925,436.60,1.50,WIFI
AC:EC:85:91:31:24,GLM,[WPA2_PSK],2025-8-1 2:26:25,6,-77,34.0700378,-117.1482925,436.60,1.50,WIFI
A6:97:5C:AD:7F:E6,VTECH_901HD_7fe6,[WPA2_PSK],2025-8-1 2:26:25,6,-78,34.0700378,-117.1482925,436.60,1.50,WIFI
AC:EC:85:91:31:2A,GLM 2.4ghz,[WPA2_PSK],2025-8-1 2:26:25,6,-79,34.0700378,-117.1482925,436.60,1.50,WIFI
84:70:D7:A8:F1:A7,GalwayZoo,[WPA2_PSK],2025-8-1 2:26:25,6,-80,34.0700378,-117.1482925,436.60,1.50,WIFI
84:70:D7:A8:F1:A4,,[WPA3_PSK],2025-8-1 2:26:25,6,-81,34.0700378,-117.1482925,436.60,1.50,WIFI
84:70:D7:A8:F1:AA,,[OPEN],2025-8-1 2:26:25,6,-81,34.0700378,-117.1482925,436.60,1.50,WIFI
24:E8:53:E1:2F:64,AT_301_WLSGL6335F_2f64,[WPA2_PSK],2025-8-1 2:26:31,11,-83,34.0700378,-117.1475601,437.90,1.50,WIFI
C8:B4:22:7E:95:98,SpectrumSetup-9A,[WPA2_PSK],2025-8-1 2:26:31,11,-84,34.0700378,-117.1475601,437.90,1.50,WIFI
A4:11:62:72:8D:C2,ARLO_VMB_1272123717,[WPA2_PSK],2025-8-1 2:26:31,11,-91,34.0700378,-117.1475601,437.90,1.50,WIFI
DC:69:B5:29:84:09,,[OPEN],2025-8-1 2:26:34,1,-65,34.0700378,-117.1471100,438.70,1.50,WIFI
DC:69:B5:29:84:06,1Skellington,[WPA2_PSK],2025-8-1 2:26:34,1,-65,34.0700378,-117.1471100,438.70,1.50,WIFI
18:9C:27:D3:FF:2B,MySpectrumWiFi2A-2G,[WPA2_PSK],2025-8-1 2:26:34,1,-65,34.0700378,-117.1471100,438.70,1.50,WIFI
DC:69:B5:29:84:03,,[WPA3_PSK],2025-8-1 2:26:34,1,-66,34.0700378,-117.1471100,438.70,1.50,WIFI
88:67:46:64:C5:43,,[WPA3_PSK],2025-8-1 2:26:34,1,-71,34.0700378,-117.1471100,438.70,1.50,WIFI
88:67:46:64:C5:49,,[OPEN],2025-8-1 2:26:34,1,-71,34.0700378,-117.1471100,438.70,1.50,WIFI
88:67:46:64:C5:46,1Skellington,[WPA2_PSK],2025-8-1 2:26:34,1,-72,34.0700378,-117.1471100,438.70,1.50,WIFI
88:67:46:64:93:E3,,[WPA3_PSK],2025-8-1 2:26:34,1,-76,34.0700378,-117.1471100,438.70,1.50,WIFI
88:67:46:64:93:E9,,[OPEN],2025-8-1 2:26:34,1,-76,34.0700378,-117.1471100,438.70,1.50,WIFI
88:67:46:64:93:E6,1Skellington,[WPA2_PSK],2025-8-1 2:26:34,1,-76,34.0700378,-117.1471100,438.70,1.50,WIFI
34:5D:9E:C3:36:36,Frontier0911,[WPA2_PSK],2025-8-1 2:26:34,1,-84,34.0700378,-117.1471100,438.70,1.50,WIFI
80:3F:5D:C5:FB:08,GDLL,[WPA_WPA2_PSK],2025-8-1 2:26:34,1,-84,34.0700378,-117.1471100,438.70,1.50,WIFI
5C:62:8B:AC:77:C2,lakeshow1 ,[WPA2_PSK],2025-8-1 2:26:34,2,-75,34.0700378,-117.1471100,438.70,1.50,WIFI
62:62:8B:AC:77:C2,,[WPA2_PSK],2025-8-1 2:26:34,2,-81,34.0700378,-117.1471100,438.70,1.50,WIFI
5C:62:8B:AC:77:CA,lakeshow1 ,[WPA2_PSK],2025-8-1 2:26:34,2,-88,34.0700378,-117.1471100,438.70,1.50,WIFI
80:3F:5D:C6:32:A4,GDLL,[WPA_WPA2_PSK],2025-8-1 2:26:37,4,-78,34.0700417,-117.1466141,439.60,1.50,WIFI
9E:25:4A:62:2A:62,,[WPA2_PSK],2025-8-1 2:26:37,4,-87,34.0700417,-117.1466141,439.60,1.50,WIFI
4C:22:F3:5F:AA:3B,Verizon_GR7K7F,[WPA2_PSK],2025-8-1 2:26:40,6,-69,34.0700417,-117.1460800,440.60,1.50,WIFI
88:DE:7C:B5:50:EC,SpectrumSetup-EE,[WPA2_PSK],2025-8-1 2:26:40,6,-76,34.0700417,-117.1460800,440.60,1.50,WIFI
B4:B6:86:B7:62:BC,DIRECT-BB-HP OfficeJet Pro 8710,[WPA2_PSK],2025-8-1 2:26:40,6,-81,34.0700417,-117.1460800,440.60,1.50,WIFI
24:41:FE:95:AB:F6,Verizon_CTG4KZ,[WPA2_PSK],2025-8-1 2:26:40,6,-85,34.0700417,-117.1460800,440.60,1.50,WIFI
F0:7B:65:8A:D6:47,OhanaMeansFamily,[WPA2_PSK],2025-8-1 2:26:40,6,-86,34.0700417,-117.1460800,440.60,1.50,WIFI
A4:97:33:E3:2B:ED,SpectrumSetup-EF,[WPA2_PSK],2025-8-1 2:26:40,6,-88,34.0700417,-117.1460800,440.60,1.50,WIFI
74:37:5F:49:30:9F,SpectrumSetup-9D,[WPA2_PSK],2025-8-1 2:26:40,6,-89,34.0700417,-117.1460800,440.60,1.50,WIFI
22:3E:A4:95:8B:35,,[WPA2_PSK],2025-8-1 2:26:40,6,-89,34.0700417,-117.1460800,440.60,1.50,WIFI
A0:55:1F:1D:39:A0,SpectrumSetup-399A,[WPA2_PSK],2025-8-1 2:26:40,6,-90,34.0700417,-117.1460800,440.60,1.50,WIFI
A0:7F:8A:10:70:D3,SpectrumSetup-41,[WPA2_PSK],2025-8-1 2:26:40,6,-90,34.0700417,-117.1460800,440.60,1.50,WIFI
4C:AB:F8:EA:E8:9B,SpectrumSetup-9D,[WPA2_PSK],2025-8-1 2:26:40,6,-91,34.0700417,-117.1460800,440.60,1.50,WIFI
84:1E:A3:30:81:7E,Oregonducks2028,[WPA2_PSK],2025-8-1 2:26:45,11,-74,34.0700455,-117.1451645,442.30,1.50,WIFI
24:F3:E3:EE:BB:C6,getobox227,[WPA2_PSK],2025-8-1 2:26:48,1,-76,34.0700493,-117.1446152,443.40,1.50,WIFI
24:F3:E3:EE:BB:CF,getobox227 Guest,[WPA2_PSK],2025-8-1 2:26:48,1,-80,34.0700493,-117.1446152,443.40,1.50,WIFI
90:D3:CF:C0:44:C9,My Wifi,[WPA2_PSK],2025-8-1 2:26:48,1,-86,34.0700493,-117.1446152,443.40,1.50,WIFI
7C:1C:4E:26:79:D6,ADC_Bridge_9d6,[OPEN],2025-8-1 2:26:48,1,-88,34.0700493,-117.1446152,443.40,1.50,WIFI
2C:30:33:CB:F4:2B,NETGEAR47_2GEXT,[WPA2_PSK],2025-8-1 2:26:51,3,-67,34.0700531,-117.1440506,444.80,1.50,WIFI
10:DA:43:8E:72:DE,NETGEAR47,[WPA2_PSK],2025-8-1 2:26:51,3,-78,34.0700531,-117.1440506,444.80,1.50,WIFI
B8:2C:A0:AE:6C:FB,HVP_b82ca0ae6cfa-Pairing,[WPA2_PSK],2025-8-1 2:26:51,3,-83,34.0700531,-117.1440506,444.80,1.50,WIFI
D4:3F:32:96:89:43,,[WPA3_PSK],2025-8-1 2:26:54,6,-70,34.0700531,-117.1434784,446.00,1.50,WIFI
D4:3F:32:96:89:49,,[OPEN],2025-8-1 2:26:54,6,-70,34.0700531,-117.1434784,446.00,1.50,WIFI
D4:3F:32:96:89:46,P/B1267@05$,[WPA2_PSK],2025-8-1 2:26:54,6,-70,34.0700531,-117.1434784,446.00,1.50,WIFI
34:53:D2:C0:28:14,SpectrumSetup-77,[WPA2_PSK],2025-8-1 2:26:54,6,-71,34.0700531,-117.1434784,446.00,1.50,WIFI
0E:5A:25:24:BB:B0,SpectrumSetup-AF,[WPA2_PSK],2025-8-1 2:26:54,6,-78,34.0700531,-117.1434784,446.00,1.50,WIFI
CC:40:D0:57:86:C8,NETGEAR78,[WPA2_PSK],2025-8-1 2:26:54,6,-83,34.0700531,-117.1434784,446.00,1.50,WIFI
2C:67:BE:34:A3:7C,SpectrumSetup-A378,[WPA2_PSK],2025-8-1 2:26:54,6,-85,34.0700531,-117.1434784,446.00,1.50,WIFI
F0:B6:61:83:4F:0A,,[OPEN],2025-8-1 2:26:54,6,-85,34.0700531,-117.1434784,446.00,1.50,WIFI
F0:B6:61:83:4F:04,,[WPA3_PSK],2025-8-1 2:26:54,6,-86,34.0700531,-117.1434784,446.00,1.50,WIFI
88:41:FC:A4:8B:70,,[WPA_WPA2_PSK],2025-8-1 2:26:54,6,-87,34.0700531,-117.1434784,446.00,1.50,WIFI
A0:8E:78:58:C8:D2,MySpectrumWiFicc-2G,[WPA2_PSK],2025-8-1 2:26:54,6,-88,34.0700531,-117.1434784,446.00,1.50,WIFI
E8:48:B8:98:02:0A,NETGEAR65_EXT,[WPA2_PSK],2025-8-1 2:26:54,7,-85,34.0700531,-117.1434784,446.00,1.50,WIFI
9E:A6:7E:6E:DE:69,,[WPA2_PSK],2025-8-1 2:26:56,8,-90,34.0700569,-117.1431046,446.90,1.50,WIFI
FC:3F:A6:F9:08:A6,Frontier2544,[WPA2_PSK],2025-8-1 2:26:59,11,-59,34.0700569,-117.1425247,448.10,1.50,WIFI
FC:3F:A6:F9:08:A9,,[OPEN],2025-8-1 2:26:59,11,-63,34.0700569,-117.1425247,448.10,1.50,WIFI
C8:C6:FE:1E:AC:69,,[OPEN],2025-8-1 2:26:59,11,-73,34.0700569,-117.1425247,448.10,1.50,WIFI
C8:C6:FE:1E:AC:66,Frontier2544,[WPA2_PSK],2025-8-1 2:26:59,11,-73,34.0700569,-117.1425247,448.10,1.50,WIFI
A4:11:62:5A:80:28,ARLO_VMB_5032660457,[WPA2_PSK],2025-8-1 2:26:59,11,-73,34.0700569,-117.1425247,448.10,1.50,WIFI
C8:C6:FE:1E:AC:63,,[WPA3_PSK],2025-8-1 2:26:59,11,-74,34.0700569,-117.1425247,448.10,1.50,WIFI
18:A9:ED:4B:FB:43,,[WPA3_PSK],2025-8-1 2:26:59,11,-74,34.0700569,-117.1425247,448.10,1.50,WIFI
18:A9:ED:3D:58:86,HHB13,[WPA2_PSK],2025-8-1 2:26:59,11,-74,34.0700569,-117.1425247,448.10,1.50,WIFI
18:A9:ED:4B:FB:46,HHB13,[WPA2_PSK],2025-8-1 2:26:59,11,-75,34.0700569,-117.1425247,448.10,1.50,WIFI
18:A9:ED:4B:FB:49,,[OPEN],2025-8-1 2:26:59,11,-76,34.0700569,-117.1425247,448.10,1.50,WIFI
C8:E3:06:41:77:67,,[OPEN],2025-8-1 2:27:3,1,-80,34.0700607,-117.1417618,449.80,1.50,WIFI
C8:E3:06:41:77:65,FiOS-R95MQ,[WPA2_PSK],2025-8-1 2:27:3,1,-81,34.0700607,-117.1417618,449.80,1.50,WIFI
24:F3:E3:3D:15:06,Brando,[WPA2_PSK],2025-8-1 2:27:3,1,-82,34.0700607,-117.1417618,449.80,1.50,WIFI
C8:E3:06:41:77:63,,[WPA3_PSK],2025-8-1 2:27:3,1,-82,34.0700607,-117.1417618,449.80,1.50,WIFI
24:F3:E3:3D:15:09,,[OPEN],2025-8-1 2:27:3,1,-83,34.0700607,-117.1417618,449.80,1.50,WIFI
30:60:0A:64:84:63,,[WPA_WPA2_PSK],2025-8-1 2:27:3,1,-84,34.0700607,-117.1417618,449.80,1.50,WIFI
34:98:B5:4B:0B:58,Cajero,[WPA2_PSK],2025-8-1 2:27:5,3,-88,34.0700645,-117.1413727,450.60,1.50,WIFI
2C:EA:DC:BD:72:13,SpectrumSetup-15,[WPA2_PSK],2025-8-1 2:27:8,6,-70,34.0700645,-117.1408157,451.90,1.50,WIFI
AC:91:9B:D3:00:5A,Verizon_3TGW96,[WPA2_PSK],2025-8-1 2:27:8,6,-73,34.0700645,-117.1408157,451.90,1.50,WIFI
08:33:ED:C5:EF:21,SpectrumSetup-23,[WPA2_PSK],2025-8-1 2:27:8,6,-84,34.0700645,-117.1408157,451.90,1.50,WIFI
F4:05:95:DC:08:3C,SpectrumSetup-18,[WPA2_PSK],2025-8-1 2:27:13,11,-73,34.0700722,-117.1399612,454.10,1.50,WIFI
C8:B4:22:D0:EC:F5,SpectrumSetup-F7,[WPA2_PSK],2025-8-1 2:27:16,1,-74,34.0700722,-117.1395493,455.20,1.50,WIFI
4C:AB:F8:9F:8D:ED,SpectrumSetup-EF,[WPA2_PSK],2025-8-1 2:27:16,1,-77,34.0700722,-117.1395493,455.20,1.50,WIFI
DA:55:A8:93:68:C7,,[WPA2_PSK],2025-8-1 2:27:16,1,-80,34.0700722,-117.1395493,455.20,1.50,WIFI
C8:99:B2:B6:1D:1F,uchihaclan,[WPA2_PSK],2025-8-1 2:27:16,1,-81,34.0700722,-117.1395493,455.20,1.50,WIFI
00:C8:96:C4:44:60,,[WPA_WPA2_PSK],2025-8-1 2:27:16,1,-82,34.0700722,-117.1395493,455.20,1.50,WIFI
90:48:6C:92:86:B6,Ring Setup b6,[OPEN],2025-8-1 2:27:16,1,-83,34.0700722,-117.1395493,455.20,1.50,WIFI
EA:55:A8:93:68:C7,,[WPA2_PSK],2025-8-1 2:27:16,1,-84,34.0700722,-117.1395493,455.20,1.50,WIFI
D4:DC:09:E8:E8:D6,,[WPA2],2025-8-1 2:27:16,1,-85,34.0700722,-117.1395493,455.20,1.50,WIFI
D4:DC:09:E8:E8:D3,,[WPA2_PSK],2025-8-1 2:27:16,1,-86,34.0700722,-117.1395493,455.20,1.50,WIFI
D4:DC:09:E8:E8:D5,,[WPA_PSK],2025-8-1 2:27:16,1,-86,34.0700722,-117.1395493,455.20,1.50,WIFI
D4:DC:09:E8:E8:DA,,[WPA2_PSK],2025-8-1 2:27:16,1,-91,34.0700722,-117.1395493,455.20,1.50,WIFI
60:D2:48:0E:3D:20,Frontier1360,[WPA2_PSK],2025-8-1 2:27:16,1,-92,34.0700722,-117.1395493,455.20,1.50,WIFI
10:56:CA:D1:C4:28,GoEnergy-DB25,[WPA2_PSK],2025-8-1 2:27:19,3,-77,34.0700722,-117.1392975,455.90,1.50,WIFI
10:56:CA:E3:E9:A4,GoEnergy-DB25,[WPA2_PSK],2025-8-1 2:27:19,3,-84,34.0700722,-117.1392975,455.90,1.50,WIFI
38:17:C3:ED:2D:21,McDonalds Free WiFi,[OPEN],2025-8-1 2:27:22,6,-74,34.0700645,-117.1391525,456.20,1.50,WIFI
38:17:C3:ED:2D:22,eBOS,[OPEN],2025-8-1 2:27:22,6,-75,34.0700645,-117.1391525,456.20,1.50,WIFI
4C:AB:F8:05:7F:1A,Mentone#3,[WPA2_PSK],2025-8-1 2:27:22,6,-78,34.0700645,-117.1391525,456.20,1.50,WIFI
CA:33:ED:C5:EF:21,Dynamic guest,[WPA2_PSK],2025-8-1 2:27:22,6,-79,34.0700645,-117.1391525,456.20,1.50,WIFI
F4:05:95:9F:0C:F6,Spectrum-JBon,[WPA2_PSK],2025-8-1 2:27:22,6,-81,34.0700645,-117.1391525,456.20,1.50,WIFI
2C:67:BE:11:4D:D7,SpectrumSetup-B9,[WPA2_PSK],2025-8-1 2:27:22,6,-86,34.0700645,-117.1391525,456.20,1.50,WIFI
AC:23:16:48:94:A3,,[WPA2_PSK],2025-8-1 2:27:22,6,-87,34.0700645,-117.1391525,456.20,1.50,WIFI
AC:23:16:48:94:A5,,[WPA_PSK],2025-8-1 2:27:22,6,-87,34.0700645,-117.1391525,456.20,1.50,WIFI
AC:23:16:48:94:AD,,[WPA2],2025-8-1 2:27:22,6,-87,34.0700645,-117.1391525,456.20,1.50,WIFI
AC:23:16:48:94:A4,,[WPA2_PSK],2025-8-1 2:27:22,6,-88,34.0700645,-117.1391525,456.20,1.50,WIFI
AC:23:16:48:94:AB,,[WPA2_PSK],2025-8-1 2:27:22,6,-88,34.0700645,-117.1391525,456.20,1.50,WIFI
26:5A:4C:3E:D6:BC,JohnnysGuest,[WPA2_PSK],2025-8-1 2:27:22,6,-89,34.0700645,-117.1391525,456.20,1.50,WIFI
AC:23:16:48:94:AF,CVSConnect,[OPEN],2025-8-1 2:27:22,6,-90,34.0700645,-117.1391525,456.20,1.50,WIFI
C8:9E:43:67:0F:F7,TAB,[WPA2_PSK],2025-8-1 2:27:26,9,-89,34.0700645,-117.1391296,456.30,1.50,WIFI
CE:9E:43:67:0F:F7,,[WPA2_PSK],2025-8-1 2:27:26,9,-90,34.0700645,-117.1391296,456.30,1.50,WIFI
D4:DC:09:E8:E8:DB,,[WPA2_PSK],2025-8-1 2:27:31,1,-79,34.0700645,-117.1391220,456.50,1.50,WIFI
9C:EF:D5:FD:85:79,,[WPA2_PSK],2025-8-1 2:27:37,6,-89,34.0700607,-117.1390915,456.80,1.50,WIFI
06:31:92:41:86:CA,,[WPA2_PSK],2025-8-1 2:27:38,7,-88,34.0700569,-117.1390686,456.90,1.50,WIFI
D4:76:A0:85:BC:18,,[WPA_WPA2_PSK],2025-8-1 2:27:42,11,-72,34.0699501,-117.1389771,457.00,1.50,WIFI
8C:FE:74:56:74:18,F19Staff,[WPA2_PSK],2025-8-1 2:27:42,11,-82,34.0699501,-117.1389771,457.00,1.50,WIFI
8C:FE:74:16:74:18,F19-Redlands-Members,[WPA2_PSK],2025-8-1 2:27:42,11,-85,34.0699501,-117.1389771,457.00,1.50,WIFI
E2:55:A8:93:68:C7,Jacks_Guest,[OPEN],2025-8-1 2:27:45,1,-65,34.0697441,-117.1389618,457.30,1.50,WIFI
EE:55:A8:93:68:C7,,[WPA2_PSK],2025-8-1 2:27:45,1,-66,34.0697441,-117.1389618,457.30,1.50,WIFI
20:A6:CD:23:49:C2,eBOS,[OPEN],2025-8-1 2:27:45,1,-67,34.0697441,-117.1389618,457.30,1.50,WIFI
E4:55:A8:93:68:C7,,[WPA2_PSK],2025-8-1 2:27:45,1,-69,34.0697441,-117.1389618,457.30,1.50,WIFI
20:A6:CD:23:49:C1,McDonalds Free WiFi,[OPEN],2025-8-1 2:27:45,1,-74,34.0697441,-117.1389618,457.30,1.50,WIFI
04:95:E6:3E:69:81,Tenda_3E6980,[WPA_WPA2_PSK],2025-8-1 2:27:49,4,-77,34.0693436,-117.1389542,457.40,1.50,WIFI
24:2D:6C:66:B7:85,,[WPA3_PSK],2025-8-1 2:27:51,6,-80,34.0691109,-117.1389542,457.60,1.50,WIFI
18:1B:EB:03:E5:DE,PRHD2,[WPA2_PSK],2025-8-1 2:27:51,6,-84,34.0691109,-117.1389542,457.60,1.50,WIFI
0E:AB:F8:05:7F:1A,Guest-Mentone,[WPA2_PSK],2025-8-1 2:27:51,6,-84,34.0691109,-117.1389542,457.60,1.50,WIFI
E8:AD:A6:39:0D:A6,Uniique Threading Customer,[WPA2_PSK],2025-8-1 2:27:51,6,-85,34.0691109,-117.1389542,457.60,1.50,WIFI
E8:AD:A6:62:42:76,Subway,[WPA2_PSK],2025-8-1 2:27:51,6,-85,34.0691109,-117.1389542,457.60,1.50,WIFI
54:47:CC:E8:7F:06,Frontier1896,[WPA2_PSK],2025-8-1 2:27:51,6,-86,34.0691109,-117.1389542,457.60,1.50,WIFI
00:31:92:41:86:CA,borellsdeco,[WPA2_PSK],2025-8-1 2:27:52,7,-75,34.0689850,-117.1389542,457.70,1.50,WIFI
F0:A7:31:69:A8:BD,borellsdeco,[WPA2_PSK],2025-8-1 2:27:52,7,-81,34.0689850,-117.1389542,457.70,1.50,WIFI
62:A6:E6:BE:93:96,,[WPA2_PSK],2025-8-1 2:27:52,7,-82,34.0689850,-117.1389542,457.70,1.50,WIFI
5C:A6:E6:BE:93:96,borellsdeco,[WPA2_PSK],2025-8-1 2:27:52,7,-82,34.0689850,-117.1389542,457.70,1.50,WIFI
F6:A7:31:69:A8:BD,,[WPA2_PSK],2025-8-1 2:27:52,7,-83,34.0689850,-117.1389542,457.70,1.50,WIFI
5C:A6:E6:BE:93:92,borellsdeco,[WPA2_PSK],2025-8-1 2:27:52,7,-84,34.0689850,-117.1389542,457.70,1.50,WIFI
62:A6:E6:BE:93:92,,[WPA2_PSK],2025-8-1 2:27:52,7,-87,34.0689850,-117.1389542,457.70,1.50,WIFI
F6:A7:31:69:A9:8F,,[WPA2_PSK],2025-8-1 2:27:52,7,-90,34.0689850,-117.1389542,457.70,1.50,WIFI
58:EF:68:3D:D1:8B,Joy,[WPA2_PSK],2025-8-1 2:27:52,8,-88,34.0689850,-117.1389542,457.70,1.50,WIFI
58:EF:68:3C:BF:B3,_VelopSetupFB2,[WPA2_PSK],2025-8-1 2:27:54,9,-88,34.0687256,-117.1389542,457.60,1.50,WIFI
E4:6F:13:35:99:28,DNK,[WPA_WPA2_PSK],2025-8-1 2:27:55,10,-88,34.0685844,-117.1389542,457.60,1.50,WIFI
94:83:C4:62:13:57,57a6fcc9,[WPA2_PSK],2025-8-1 2:27:56,11,-81,34.0684471,-117.1389542,457.70,1.50,WIFI
6E:D7:9A:D4:3C:F0,,[WPA2_PSK],2025-8-1 2:27:56,11,-84,34.0684471,-117.1389542,457.70,1.50,WIFI
E8:AD:A6:40:BC:D6,MySpectrumWiFid0-2G,[WPA2_PSK],2025-8-1 2:27:56,11,-90,34.0684471,-117.1389542,457.70,1.50,WIFI
B0:BB:E5:28:8C:6E,Spectrum-Lu,[WPA2_PSK],2025-8-1 2:27:59,1,-87,34.0680237,-117.1389542,457.80,1.50,WIFI
58:24:29:95:33:95,ChanceTheRouter,[WPA2_PSK],2025-8-1 2:28:5,6,-77,34.0671768,-117.1389694,457.80,1.50,WIFI
58:24:29:95:4C:FA,ChanceTheRouter,[WPA2_PSK],2025-8-1 2:28:5,6,-78,34.0671768,-117.1389694,457.80,1.50,WIFI
E8:FC:AF:AF:3C:F4,ngHub_319446NB00218,[WPA2_PSK],2025-8-1 2:28:5,6,-79,34.0671768,-117.1389694,457.80,1.50,WIFI
FC:9C:98:7E:31:F0,ARLO_VMB_6507776405,[WPA2_PSK],2025-8-1 2:28:5,6,-80,34.0671768,-117.1389694,457.80,1.50,WIFI
34:32:E6:3D:D6:3A,158AWOIBOC271,[WPA2_PSK],2025-8-1 2:28:5,6,-90,34.0671768,-117.1389694,457.80,1.50,WIFI
44:1C:A8:DD:22:3C,HUGHES,[WPA2_PSK],2025-8-1 2:28:5,6,-91,34.0671768,-117.1389694,457.80,1.50,WIFI
A4:D7:95:2C:A8:C8,T-Mobile Hotspot_3372_2.4GHz,[WPA2_PSK],2025-8-1 2:28:7,8,-89,34.0669365,-117.1389694,457.80,1.50,WIFI
16:0C:6B:E2:BB:A2,,[WPA2_PSK],2025-8-1 2:28:8,9,-67,34.0668411,-117.1389694,457.60,1.50,WIFI
10:0C:6B:E2:BB:A2,ORBI44,[WPA2_PSK],2025-8-1 2:28:8,9,-69,34.0668411,-117.1389694,457.60,1.50,WIFI
1A:0C:6B:E2:BB:A2,WoodGymGuest,[WPA2_PSK],2025-8-1 2:28:8,9,-69,34.0668411,-117.1389694,457.60,1.50,WIFI
0E:36:C9:85:83:02,ORBI44,[WPA2_PSK],2025-8-1 2:28:8,9,-81,34.0668411,-117.1389694,457.60,1.50,WIFI
08:36:C9:85:83:02,,[WPA2_PSK],2025-8-1 2:28:8,9,-83,34.0668411,-117.1389694,457.60,1.50,WIFI
12:36:C9:85:83:02,WoodGymGuest,[WPA2_PSK],2025-8-1 2:28:8,9,-83,34.0668411,-117.1389694,457.60,1.50,WIFI
30:45:11:44:9A:B2,,[WPA2_PSK],2025-8-1 2:28:8,9,-94,34.0668411,-117.1389694,457.60,1.50,WIFI
24:2D:6C:48:44:48,Longoria Home,[WPA2_PSK],2025-8-1 2:28:10,11,-65,34.0667076,-117.1389694,457.30,1.50,WIFI
24:2D:6C:48:44:45,,[WPA3_PSK],2025-8-1 2:28:10,11,-65,34.0667076,-117.1389694,457.30,1.50,WIFI
24:2D:6C:48:44:4B,,[OPEN],2025-8-1 2:28:10,11,-66,34.0667076,-117.1389694,457.30,1.50,WIFI
28:EC:22:4B:DD:46,VidaEliya,[WPA2_PSK],2025-8-1 2:28:10,11,-77,34.0667076,-117.1389694,457.30,1.50,WIFI
28:EC:22:4B:DD:43,,[WPA3_PSK],2025-8-1 2:28:10,11,-78,34.0667076,-117.1389694,457.30,1.50,WIFI
24:2D:6C:39:1E:C5,,[WPA3_PSK],2025-8-1 2:28:10,11,-79,34.0667076,-117.1389694,457.30,1.50,WIFI
68:D7:9A:D4:3C:F0,JacintoRV,[WPA2_PSK],2025-8-1 2:28:10,11,-80,34.0667076,-117.1389694,457.30,1.50,WIFI
9C:0B:05:BB:76:64,,[WPA3_PSK],2025-8-1 2:28:10,11,-80,34.0667076,-117.1389694,457.30,1.50,WIFI
9C:0B:05:BB:76:6A,,[OPEN],2025-8-1 2:28:10,11,-80,34.0667076,-117.1389694,457.30,1.50,WIFI
C4:A8:16:E4:7D:89,,[OPEN],2025-8-1 2:28:10,11,-82,34.0667076,-117.1389694,457.30,1.50,WIFI
C4:A8:16:E4:7D:86,SexyJexy,[WPA2_PSK],2025-8-1 2:28:10,11,-83,34.0667076,-117.1389694,457.30,1.50,WIFI
24:2D:6C:39:1E:CB,,[OPEN],2025-8-1 2:28:10,11,-84,34.0667076,-117.1389694,457.30,1.50,WIFI
DC:92:72:E3:6E:6F,Frontier0250,[WPA2_PSK],2025-8-1 2:28:10,11,-85,34.0667076,-117.1389694,457.30,1.50,WIFI
58:9B:4A:85:22:22,SpectrumSetup-221E,[WPA2_PSK],2025-8-1 2:28:10,11,-86,34.0667076,-117.1389694,457.30,1.50,WIFI
E8:ED:05:6B:44:70,NUKES,[WPA2_PSK],2025-8-1 2:28:10,11,-86,34.0667076,-117.1389694,457.30,1.50,WIFI
B0:BB:E5:22:B7:D6,KingNugget,[WPA2_PSK],2025-8-1 2:28:10,11,-90,34.0667076,-117.1389694,457.30,1.50,WIFI
4C:AB:F8:06:BF:80,NonnaPomba,[WPA2_PSK],2025-8-1 2:28:14,1,-84,34.0666313,-117.1389694,457.30,1.50,WIFI
C2:18:03:8D:1E:29,DIRECT-29-HP OfficeJet Pro 9010,[WPA2_PSK],2025-8-1 2:28:14,1,-86,34.0666313,-117.1389694,457.30,1.50,WIFI
4A:A6:E6:99:70:FC,,[WPA2_PSK],2025-8-1 2:28:17,3,-87,34.0665131,-117.1389694,457.20,1.50,WIFI
4A:A6:E6:99:70:FD,hummingbird,[WPA2_PSK],2025-8-1 2:28:17,3,-87,34.0665131,-117.1389694,457.20,1.50,WIFI
88:EF:16:E9:14:A8,Frontier5200,[WPA2_PSK],2025-8-1 2:28:20,6,-90,34.0662613,-117.1389694,457.10,1.50,WIFI
C0:6F:98:61:7B:C9,,[OPEN],2025-8-1 2:28:25,11,-60,34.0656967,-117.1389618,456.70,1.50,WIFI
C0:6F:98:61:7B:C3,,[WPA3_PSK],2025-8-1 2:28:25,11,-64,34.0656967,-117.1389618,456.70,1.50,WIFI
C0:6F:98:61:7B:C6,gvilla24,[WPA2_PSK],2025-8-1 2:28:25,11,-65,34.0656967,-117.1389618,456.70,1.50,WIFI
C0:6F:98:6F:46:49,,[OPEN],2025-8-1 2:28:25,11,-66,34.0656967,-117.1389618,456.70,1.50,WIFI
C0:6F:98:6F:46:43,,[WPA3_PSK],2025-8-1 2:28:25,11,-68,34.0656967,-117.1389618,456.70,1.50,WIFI
C0:6F:98:6F:46:46,gvilla24,[WPA2_PSK],2025-8-1 2:28:25,11,-69,34.0656967,-117.1389618,456.70,1.50,WIFI
24:F3:E3:FA:99:C9,,[OPEN],2025-8-1 2:28:25,11,-70,34.0656967,-117.1389618,456.70,1.50,WIFI
24:F3:E3:FA:99:C3,,[WPA3_PSK],2025-8-1 2:28:25,11,-71,34.0656967,-117.1389618,456.70,1.50,WIFI
24:F3:E3:FA:99:C6,Tea_S,[WPA2_PSK],2025-8-1 2:28:25,11,-72,34.0656967,-117.1389618,456.70,1.50,WIFI
0A:9B:4A:85:22:24,,[WPA2_PSK],2025-8-1 2:28:25,11,-73,34.0656967,-117.1389618,456.70,1.50,WIFI
24:F3:E3:FC:55:86,Tea_S,[WPA2_PSK],2025-8-1 2:28:25,11,-74,34.0656967,-117.1389618,456.70,1.50,WIFI
24:F3:E3:FC:55:83,,[WPA3_PSK],2025-8-1 2:28:25,11,-76,34.0656967,-117.1389618,456.70,1.50,WIFI
24:F3:E3:F5:0B:86,Armijo's Brave Frontier,[WPA2_PSK],2025-8-1 2:28:25,1,-72,34.0656967,-117.1389618,456.70,1.50,WIFI
24:F3:E3:F5:0B:8F,Armijo Family Internet Guest,[WPA2_PSK],2025-8-1 2:28:25,1,-72,34.0656967,-117.1389618,456.70,1.50,WIFI
D4:3F:32:8B:D6:23,,[WPA3_PSK],2025-8-1 2:28:25,1,-77,34.0656967,-117.1389618,456.70,1.50,WIFI
D4:3F:32:8B:D6:29,,[OPEN],2025-8-1 2:28:25,1,-82,34.0656967,-117.1389618,456.70,1.50,WIFI
08:9B:F1:1B:AE:87,,[OPEN],2025-8-1 2:28:34,6,-74,34.0644264,-117.1389694,456.20,1.50,WIFI
08:9B:F1:1B:AE:83,,[WPA3_PSK],2025-8-1 2:28:34,6,-74,34.0644264,-117.1389694,456.20,1.50,WIFI
08:9B:F1:1B:AE:85,Explorer 2,[WPA2_PSK],2025-8-1 2:28:34,6,-74,34.0644264,-117.1389694,456.20,1.50,WIFI
24:41:FE:D6:D3:4E,Verizon_MNGR6V,[WPA2_PSK],2025-8-1 2:28:34,6,-76,34.0644264,-117.1389694,456.20,1.50,WIFI
28:F5:D1:97:0A:01,G34-3401,[WPA2_WPA3_PSK],2025-8-1 2:28:34,6,-76,34.0644264,-117.1389694,456.20,1.50,WIFI
4C:AB:F8:B7:D3:1E,SpectrumSetup-20,[WPA2_PSK],2025-8-1 2:28:34,6,-76,34.0644264,-117.1389694,456.20,1.50,WIFI
88:DE:7C:B1:32:59,SpectrumSetup-20,[WPA2_PSK],2025-8-1 2:28:34,6,-84,34.0644264,-117.1389694,456.20,1.50,WIFI
88:6A:E3:AD:8E:AE,tlad8eae,[WPA2_PSK],2025-8-1 2:28:34,6,-85,34.0644264,-117.1389694,456.20,1.50,WIFI
F0:7B:65:0A:B4:F1,SpectrumSetup-B4EB,[WPA2_PSK],2025-8-1 2:28:34,6,-85,34.0644264,-117.1389694,456.20,1.50,WIFI
6C:CD:D6:80:A7:1F,netg11,[WPA2_PSK],2025-8-1 2:28:37,9,-76,34.0639915,-117.1389771,456.00,1.50,WIFI
E4:26:86:EF:20:22,DBC835 (EF:20:22),[OPEN],2025-8-1 2:28:37,9,-93,34.0639915,-117.1389771,456.00,1.50,WIFI
F4:52:46:C0:30:39,SpectrumSetup-AA,[WPA2_PSK],2025-8-1 2:28:39,11,-80,34.0637360,-117.1389771,455.80,1.50,WIFI
48:BA:4E:A2:FB:D7,DIRECT-D6-HP OfficeJet 4650,[WPA2_PSK],2025-8-1 2:28:39,11,-83,34.0637360,-117.1389771,455.80,1.50,WIFI
F0:7B:65:ED:09:FE,Waffle House-CA,[WPA2_PSK],2025-8-1 2:28:39,11,-89,34.0637360,-117.1389771,455.80,1.50,WIFI
F8:5B:3B:D1:85:69,RouterOfRohan,[WPA2_PSK],2025-8-1 2:28:39,11,-89,34.0637360,-117.1389771,455.80,1.50,WIFI
D4:3F:32:A1:E4:86,Frontier,[WPA2_PSK],2025-8-1 2:28:41,1,-80,34.0635071,-117.1390076,455.70,1.50,WIFI
D4:3F:32:A1:E4:83,,[WPA3_PSK],2025-8-1 2:28:41,1,-81,34.0635071,-117.1390076,455.70,1.50,WIFI
F8:5B:3B:7E:D6:09,SpectrumSetup-0B,[WPA2_PSK],2025-8-1 2:28:41,1,-81,34.0635071,-117.1390076,455.70,1.50,WIFI
26:D7:EB:E3:49:25,Tineco_6754,[OPEN],2025-8-1 2:28:41,1,-83,34.0635071,-117.1390076,455.70,1.50,WIFI
B0:22:7A:C1:B9:15,DIRECT-14-HP OfficeJet Pro 6970,[WPA2_PSK],2025-8-1 2:28:41,1,-86,34.0635071,-117.1390076,455.70,1.50,WIFI
F8:5B:3B:7F:41:7D,SpectrumSetup-90,[WPA2_PSK],2025-8-1 2:28:41,1,-87,34.0635071,-117.1390076,455.70,1.50,WIFI
12:7B:65:63:44:E6,,[WPA2_PSK],2025-8-1 2:28:41,1,-89,34.0635071,-117.1390076,455.70,1.50,WIFI
FC:12:63:B3:A6:A3,SpectrumSetup-A5,[WPA2_PSK],2025-8-1 2:28:48,6,-78,34.0630226,-117.1390915,456.00,1.50,WIFI
84:1E:A3:30:FC:16,SpectrumSetup-10,[WPA2_PSK],2025-8-1 2:28:48,6,-86,34.0630226,-117.1390915,456.00,1.50,WIFI
94:18:65:2D:4F:97,AbarcaOrbi,[WPA2_PSK],2025-8-1 2:28:51,9,-91,34.0630074,-117.1390991,456.10,1.50,WIFI
F8:5B:3B:22:84:67,Hutchinson,[WPA2_PSK],2025-8-1 2:28:53,11,-70,34.0629692,-117.1391068,456.30,1.50,WIFI
F4:69:42:4F:85:FF,SpectrumSetup-01,[WPA2_PSK],2025-8-1 2:28:53,11,-80,34.0629692,-117.1391068,456.30,1.50,WIFI
84:EB:3E:E0:48:1D,tle0481c,[WPA2_PSK],2025-8-1 2:28:53,11,-86,34.0629692,-117.1391068,456.30,1.50,WIFI
BC:96:E5:52:67:8B,Fambam,[WPA2_PSK],2025-8-1 2:28:53,11,-88,34.0629692,-117.1391068,456.30,1.50,WIFI
84:A0:6E:B7:95:EE,MySpectrumWiFie8-2G,[WPA2_PSK],2025-8-1 2:28:53,11,-90,34.0629692,-117.1391068,456.30,1.50,WIFI
F8:5B:3B:5D:E2:BE,SpectrumSetup-C0,[WPA2_PSK],2025-8-1 2:28:55,1,-76,34.0629082,-117.1391602,456.40,1.50,WIFI
88:DE:7C:ED:68:6C,SpectrumSetup-6E,[WPA2_PSK],2025-8-1 2:28:55,1,-77,34.0629082,-117.1391602,456.40,1.50,WIFI
74:37:5F:56:1F:CB,SpectrumSetup-C9,[WPA2_PSK],2025-8-1 2:28:55,1,-77,34.0629082,-117.1391602,456.40,1.50,WIFI
24:41:FE:94:45:FE,ramirez family,[WPA2_PSK],2025-8-1 2:28:55,1,-77,34.0629082,-117.1391602,456.40,1.50,WIFI
88:DE:7C:CB:B9:45,SpectrumSetup-47,[WPA2_PSK],2025-8-1 2:28:55,1,-80,34.0629082,-117.1391602,456.40,1.50,WIFI
AC:91:9B:94:8B:06,Verizon_WJVCL4,[WPA2_PSK],2025-8-1 2:28:55,1,-83,34.0629082,-117.1391602,456.40,1.50,WIFI
B0:92:4A:61:7F:36,Breezy,[WPA2_PSK],2025-8-1 2:28:55,1,-84,34.0629082,-117.1391602,456.40,1.50,WIFI
BA:92:4A:61:7F:36,,[WPA2_PSK],2025-8-1 2:28:55,1,-84,34.0629082,-117.1391602,456.40,1.50,WIFI
04:17:B6:54:BB:3C,,[WPA_WPA2_PSK],2025-8-1 2:28:58,2,-79,34.0628624,-117.1393814,456.10,1.50,WIFI
0E:36:C9:FB:FC:38,ORBI12,[WPA2_PSK],2025-8-1 2:29:0,4,-76,34.0628433,-117.1396027,455.70,1.50,WIFI
08:36:C9:F8:D4:E3,ORBI12,[WPA2_PSK],2025-8-1 2:29:0,4,-81,34.0628433,-117.1396027,455.70,1.50,WIFI
02:D3:CF:25:BE:51,,[WPA2_PSK],2025-8-1 2:29:2,6,-81,34.0628204,-117.1398621,455.00,1.50,WIFI
3A:98:B5:EA:8A:38,AbarcaOrbi,[WPA2_PSK],2025-8-1 2:29:5,9,-85,34.0628090,-117.1403122,454.00,1.50,WIFI
9A:18:65:2D:4F:97,,[WPA2_PSK],2025-8-1 2:29:5,9,-87,34.0628090,-117.1403122,454.00,1.50,WIFI
AC:91:9B:1E:83:60,ATT458W3XT,[WPA2_PSK],2025-8-1 2:29:6,10,-84,34.0628090,-117.1404800,453.70,1.50,WIFI
58:96:71:98:44:48,ATTy5H7tT8,[WPA2_PSK],2025-8-1 2:29:7,11,-80,34.0628090,-117.1406403,453.30,1.50,WIFI
74:37:5F:CE:92:07,SpectrumSetup-05,[WPA2_PSK],2025-8-1 2:29:7,11,-85,34.0628090,-117.1406403,453.30,1.50,WIFI
E8:AD:A6:3D:82:F6,MySpectrumWiFif0-2G,[WPA2_PSK],2025-8-1 2:29:7,11,-87,34.0628090,-117.1406403,453.30,1.50,WIFI
74:37:5F:DA:A0:67,SpectrumSetup-65,[WPA2_PSK],2025-8-1 2:29:7,11,-89,34.0628090,-117.1406403,453.30,1.50,WIFI
C8:BE:19:6E:C9:EB,DELIA,[WPA_WPA2_PSK],2025-8-1 2:29:9,1,-76,34.0628090,-117.1409607,452.60,1.50,WIFI
44:AD:B1:7D:EE:96,SpectrumSetup-90,[WPA2_PSK],2025-8-1 2:29:9,1,-80,34.0628090,-117.1409607,452.60,1.50,WIFI
74:37:5F:D9:FF:3B,SpectrumSetup-39,[WPA2_PSK],2025-8-1 2:29:9,1,-84,34.0628090,-117.1409607,452.60,1.50,WIFI
F4:52:46:EA:5D:A3,SpectrumSetup-5DA6,[WPA2_PSK],2025-8-1 2:29:9,1,-84,34.0628090,-117.1409607,452.60,1.50,WIFI
B2:BB:E5:26:7C:77,SpectrumSetup-0A,[WPA2_PSK],2025-8-1 2:29:9,1,-85,34.0628090,-117.1409607,452.60,1.50,WIFI
04:17:B6:3E:F3:D2,,[WPA_WPA2_PSK],2025-8-1 2:29:9,1,-86,34.0628090,-117.1409607,452.60,1.50,WIFI
A2:2A:6F:24:84:E6,,[WPA2_PSK],2025-8-1 2:29:9,1,-87,34.0628090,-117.1409607,452.60,1.50,WIFI
AC:DF:9F:B1:77:72,TMOBILE-7770,[WPA2_WPA3_PSK],2025-8-1 2:29:15,5,-70,34.0628090,-117.1419525,450.60,1.50,WIFI
AC:B6:87:B0:F4:77,Verizon_ZL7XS9,[WPA2_PSK],2025-8-1 2:29:16,6,-69,34.0628090,-117.1421204,450.20,1.50,WIFI
4C:AB:F8:6D:AD:04,SpectrumSetup-06,[WPA2_PSK],2025-8-1 2:29:16,6,-72,34.0628090,-117.1421204,450.20,1.50,WIFI
3C:5C:F1:57:F2:04,,[WPA3_PSK],2025-8-1 2:29:21,11,-59,34.0628090,-117.1429596,448.60,1.50,WIFI
3C:5C:F1:57:F2:08,,[OPEN],2025-8-1 2:29:21,11,-59,34.0628090,-117.1429596,448.60,1.50,WIFI
3C:5C:F1:57:F2:06,Johnny5Alive,[WPA2_PSK],2025-8-1 2:29:21,11,-63,34.0628090,-117.1429596,448.60,1.50,WIFI
4C:AB:F8:4A:B1:55,SpectrumSetup-57,[WPA2_PSK],2025-8-1 2:29:21,11,-75,34.0628090,-117.1429596,448.60,1.50,WIFI
90:D3:CF:58:3C:4D,PPwifi,[WPA2_PSK],2025-8-1 2:29:21,11,-88,34.0628090,-117.1429596,448.60,1.50,WIFI
44:AD:B1:5E:14:F6,SpectrumSetup-F0,[WPA2_PSK],2025-8-1 2:29:23,1,-70,34.0628090,-117.1432953,447.90,1.50,WIFI
58:96:71:D0:14:B6,Verizon_KW473Z,[WPA2_PSK],2025-8-1 2:29:23,1,-72,34.0628090,-117.1432953,447.90,1.50,WIFI
22:76:13:4F:CB:46,,[WPA2_PSK],2025-8-1 2:29:23,1,-73,34.0628090,-117.1432953,447.90,1.50,WIFI
22:E0:19:58:1D:3E,,[WPA2_PSK],2025-8-1 2:29:23,1,-77,34.0628090,-117.1432953,447.90,1.50,WIFI
A0:89:66:EA:5C:54,,[WPA_WPA2_PSK],2025-8-1 2:29:23,1,-79,34.0628090,-117.1432953,447.90,1.50,WIFI
40:CA:63:07:7E:FA,[range]_E30AJT7113145V,[WPA2_PSK],2025-8-1 2:29:23,1,-83,34.0628090,-117.1432953,447.90,1.50,WIFI
F4:05:95:9F:DA:A0,SpectrumSetup-9A,[WPA2_PSK],2025-8-1 2:29:23,1,-85,34.0628090,-117.1432953,447.90,1.50,WIFI
4C:19:5D:05:5B:DB,SpectrumSetup-D5,[WPA2_PSK],2025-8-1 2:29:23,1,-85,34.0628090,-117.1432953,447.90,1.50,WIFI
84:A0:6E:9F:7C:86,MySpectrumWiFi80-2G,[WPA2_PSK],2025-8-1 2:29:23,1,-85,34.0628090,-117.1432953,447.90,1.50,WIFI
68:3A:48:2C:37:5E,[oven] Samsung,[WPA2_PSK],2025-8-1 2:29:23,1,-86,34.0628090,-117.1432953,447.90,1.50,WIFI
40:CA:63:A5:F4:52,Samsung Dryer_E50AJTDR167Z,[WPA2_PSK],2025-8-1 2:29:23,1,-86,34.0628090,-117.1432953,447.90,1.50,WIFI
A0:89:66:8F:88:30,,[WPA_WPA2_PSK],2025-8-1 2:29:23,1,-87,34.0628090,-117.1432953,447.90,1.50,WIFI
3C:84:6A:67:F9:FA,Decomesh2020,[WPA_WPA2_PSK],2025-8-1 2:29:29,4,-80,34.0628166,-117.1442871,445.90,1.50,WIFI
42:84:6A:67:F9:FA,Decomesh2020_Guest,[WPA_WPA2_PSK],2025-8-1 2:29:29,4,-84,34.0628166,-117.1442871,445.90,1.50,WIFI
30:23:03:82:FD:90,Imladris Extension,[WPA2_PSK],2025-8-1 2:29:30,5,-86,34.0628166,-117.1444473,445.60,1.50,WIFI
A4:97:33:76:95:41,SpectrumSetup-43,[WPA2_PSK],2025-8-1 2:29:31,6,-71,34.0628166,-117.1446152,445.20,1.50,WIFI
F8:5B:3B:DC:D0:A1,SpectrumSetup-A3,[WPA2_PSK],2025-8-1 2:29:31,6,-71,34.0628166,-117.1446152,445.20,1.50,WIFI
08:7B:12:5E:B8:FD,SpectrumSetup-F7,[WPA2_PSK],2025-8-1 2:29:31,6,-76,34.0628166,-117.1446152,445.20,1.50,WIFI
B2:68:E6:7A:1C:51,DIRECT-51-HP M203 LaserJet,[WPA2_PSK],2025-8-1 2:29:31,6,-78,34.0628166,-117.1446152,445.20,1.50,WIFI
C8:B4:22:6C:35:82,MySpectrumWiFi84-2G,[WPA2_PSK],2025-8-1 2:29:31,6,-79,34.0628166,-117.1446152,445.20,1.50,WIFI
FA:6D:CC:EA:59:4D,myGMC 594D,[WPA2_PSK],2025-8-1 2:29:32,7,-84,34.0628166,-117.1447754,444.90,1.50,WIFI
50:27:A9:F6:A1:E5,nini,[WPA2_PSK],2025-8-1 2:29:36,11,-73,34.0628242,-117.1454239,443.40,1.50,WIFI
F0:B6:61:50:C8:8A,,[OPEN],2025-8-1 2:29:36,11,-73,34.0628242,-117.1454239,443.40,1.50,WIFI
F0:B6:61:50:C8:87,Mecham,[WPA2_PSK],2025-8-1 2:29:36,11,-74,34.0628242,-117.1454239,443.40,1.50,WIFI
50:27:A9:F6:A1:E7,,[OPEN],2025-8-1 2:29:36,11,-75,34.0628242,-117.1454239,443.40,1.50,WIFI
F0:B6:61:50:C8:84,,[WPA3_PSK],2025-8-1 2:29:36,11,-76,34.0628242,-117.1454239,443.40,1.50,WIFI
D2:AD:08:F5:F6:98,DIRECT-98-HP Smart Tank 7600,[WPA2_PSK],2025-8-1 2:29:36,11,-81,34.0628242,-117.1454239,443.40,1.50,WIFI
44:AD:B1:81:AA:CE,SpectrumSetup-C8,[WPA2_PSK],2025-8-1 2:29:36,11,-88,34.0628242,-117.1454239,443.40,1.50,WIFI
4E:BA:D7:1B:51:95,[LG_Oven]5195,[WPA2_PSK],2025-8-1 2:29:36,11,-92,34.0628242,-117.1454239,443.40,1.50,WIFI
4C:19:5D:97:22:13,SpectrumSetup-0D,[WPA2_PSK],2025-8-1 2:29:39,1,-72,34.0628319,-117.1459045,442.30,1.50,WIFI
14:7D:05:8F:1A:93,SpectrumSetup-91,[WPA2_PSK],2025-8-1 2:29:39,1,-74,34.0628319,-117.1459045,442.30,1.50,WIFI
A6:05:D6:BD:89:8E,,[WPA2_PSK],2025-8-1 2:29:39,1,-76,34.0628319,-117.1459045,442.30,1.50,WIFI
A2:05:D6:BD:89:8E,Casa Legno IOT,[WPA2_PSK],2025-8-1 2:29:39,1,-77,34.0628319,-117.1459045,442.30,1.50,WIFI
9C:05:D6:BD:89:8E,Casa Legno Media,[WPA2_WPA3_PSK],2025-8-1 2:29:39,1,-78,34.0628319,-117.1459045,442.30,1.50,WIFI
3C:58:5D:60:63:C7,TMOBILE-63C1,[WPA2_WPA3_PSK],2025-8-1 2:29:39,1,-83,34.0628319,-117.1459045,442.30,1.50,WIFI
1C:E8:9E:A5:35:CE,[oven] Samsung,[WPA2_PSK],2025-8-1 2:29:39,1,-85,34.0628319,-117.1459045,442.30,1.50,WIFI
BC:96:E5:86:9B:A7,forelight24,[WPA2_PSK],2025-8-1 2:29:39,1,-86,34.0628319,-117.1459045,442.30,1.50,WIFI
E4:5E:1B:9C:9B:E2,VADERNETWORK,[WPA2_PSK],2025-8-1 2:29:39,1,-91,34.0628319,-117.1459045,442.30,1.50,WIFI
34:98:B5:4D:9D:28,SpectrumSetup-FC,[WPA2_PSK],2025-8-1 2:29:42,3,-77,34.0628319,-117.1463928,441.20,1.50,WIFI
34:98:B5:4E:75:3E,SpectrumSetup-FC,[WPA2_PSK],2025-8-1 2:29:42,3,-85,34.0628319,-117.1463928,441.20,1.50,WIFI
C8:DF:84:39:9E:53,,[WPA2_PSK],2025-8-1 2:29:42,3,-87,34.0628319,-117.1463928,441.20,1.50,WIFI
48:22:54:31:6A:A5,SpectrumSetup-FC_EXT,[WPA2_PSK],2025-8-1 2:29:42,3,-89,34.0628319,-117.1463928,441.20,1.50,WIFI
9C:A2:F4:78:D9:16,,[WPA2_PSK],2025-8-1 2:29:43,4,-90,34.0628319,-117.1465530,440.90,1.50,WIFI
E6:5E:1B:F7:F2:34,Guest WiFi,[WPA2_PSK],2025-8-1 2:29:45,6,-77,34.0628357,-117.1468582,440.20,1.50,WIFI
A0:8E:24:55:E8:C5,Frontier3024,[WPA2_PSK],2025-8-1 2:29:45,6,-79,34.0628357,-117.1468582,440.20,1.50,WIFI
E4:5E:1B:F7:F2:37,VADERNETWORK,[WPA2_PSK],2025-8-1 2:29:45,6,-79,34.0628357,-117.1468582,440.20,1.50,WIFI
C8:E3:06:02:71:43,,[WPA3_PSK],2025-8-1 2:29:45,6,-81,34.0628357,-117.1468582,440.20,1.50,WIFI
C8:E3:06:02:71:45,Frontier3024,[WPA2_PSK],2025-8-1 2:29:45,6,-81,34.0628357,-117.1468582,440.20,1.50,WIFI
0C:83:CC:C6:76:10,tlc67610,[WPA2_PSK],2025-8-1 2:29:45,6,-81,34.0628357,-117.1468582,440.20,1.50,WIFI
C8:E3:06:02:71:47,,[OPEN],2025-8-1 2:29:45,6,-82,34.0628357,-117.1468582,440.20,1.50,WIFI
F4:69:42:1D:F7:2D,SpectrumSetup-2F,[WPA2_PSK],2025-8-1 2:29:45,6,-83,34.0628357,-117.1468582,440.20,1.50,WIFI
34:64:A9:87:08:FF,HP-Print-FF-ENVY 4500 series,[WPA2_PSK],2025-8-1 2:29:45,6,-83,34.0628357,-117.1468582,440.20,1.50,WIFI
AE:AE:19:DE:75:9E,,[WPA2_PSK],2025-8-1 2:29:45,6,-83,34.0628357,-117.1468582,440.20,1.50,WIFI
F0:81:75:D6:E6:5E,SpectrumSetup-58,[WPA2_PSK],2025-8-1 2:29:45,6,-87,34.0628357,-117.1468582,440.20,1.50,WIFI
B0:7F:B9:93:9D:98,RAIDERNATION,[WPA2_PSK],2025-8-1 2:29:47,8,-83,34.0628395,-117.1471100,439.60,1.50,WIFI
18:A9:ED:5A:42:06,Arnold Residence,[WPA2_PSK],2025-8-1 2:29:50,11,-66,34.0628433,-117.1473694,439.00,1.50,WIFI
18:A9:ED:59:43:C6,Arnold Residence,[WPA2_PSK],2025-8-1 2:29:50,11,-68,34.0628433,-117.1473694,439.00,1.50,WIFI
94:F7:17:D0:AE:64,,[WPA_WPA2_PSK],2025-8-1 2:29:50,11,-69,34.0628433,-117.1473694,439.00,1.50,WIFI
18:A9:ED:59:43:C3,,[WPA3_PSK],2025-8-1 2:29:50,11,-69,34.0628433,-117.1473694,439.00,1.50,WIFI
18:A9:ED:59:43:C9,,[OPEN],2025-8-1 2:29:50,11,-69,34.0628433,-117.1473694,439.00,1.50,WIFI
18:A9:ED:5A:42:03,,[WPA3_PSK],2025-8-1 2:29:50,11,-70,34.0628433,-117.1473694,439.00,1.50,WIFI
2C:EA:DC:00:D2:0C,SpectrumSetup-0E,[WPA2_PSK],2025-8-1 2:29:50,11,-76,34.0628433,-117.1473694,439.00,1.50,WIFI
84:70:D7:98:C1:87,Thompson714,[WPA2_PSK],2025-8-1 2:29:50,11,-78,34.0628433,-117.1473694,439.00,1.50,WIFI
84:70:D7:98:C1:8A,,[OPEN],2025-8-1 2:29:50,11,-78,34.0628433,-117.1473694,439.00,1.50,WIFI
26:4C:E3:4C:A5:2D,,[WPA2_PSK],2025-8-1 2:29:50,11,-91,34.0628433,-117.1473694,439.00,1.50,WIFI
78:29:ED:FF:01:D5,MySpectrumWiFiD7-2G,[WPA2_PSK],2025-8-1 2:29:51,1,-70,34.0628471,-117.1474152,438.90,1.50,WIFI
1C:E8:9E:B3:96:B9,Samsung Dryer_E50AJTDR163M,[WPA2_PSK],2025-8-1 2:29:51,1,-72,34.0628471,-117.1474152,438.90,1.50,WIFI
E6:5E:1B:9C:9B:E1,Guest WiFi,[WPA2_PSK],2025-8-1 2:29:51,1,-73,34.0628471,-117.1474152,438.90,1.50,WIFI
54:04:63:CB:E1:01,,[WPA_WPA2_PSK],2025-8-1 2:29:51,1,-76,34.0628471,-117.1474152,438.90,1.50,WIFI
DC:69:B5:38:EF:49,,[OPEN],2025-8-1 2:29:51,1,-83,34.0628471,-117.1474152,438.90,1.50,WIFI
34:53:D2:B6:17:C2,RonaldJanet,[WPA2_PSK],2025-8-1 2:29:51,1,-83,34.0628471,-117.1474152,438.90,1.50,WIFI
7C:DB:98:2C:58:3B,MySpectrumWiFi3D-2G,[WPA2_PSK],2025-8-1 2:29:51,1,-84,34.0628471,-117.1474152,438.90,1.50,WIFI
AE:AE:19:08:50:82,,[WPA2_PSK],2025-8-1 2:29:51,1,-86,34.0628471,-117.1474152,438.90,1.50,WIFI
30:F7:72:99:AD:5B,WHITE,[WPA2_PSK],2025-8-1 2:29:51,1,-87,34.0628471,-117.1474152,438.90,1.50,WIFI
6C:CD:D6:D5:BA:C1,NETGEAR42,[WPA2_PSK],2025-8-1 2:29:56,3,-80,34.0628471,-117.1474991,438.60,1.50,WIFI
6C:CD:D6:D5:C1:0F,NETGEAR42,[WPA2_PSK],2025-8-1 2:29:56,3,-81,34.0628471,-117.1474991,438.60,1.50,WIFI
9E:A2:F4:28:D9:16,DodgerChamps2024,[WPA2_PSK],2025-8-1 2:29:57,4,-71,34.0628471,-117.1475372,438.50,1.50,WIFI
A0:8E:24:55:E8:C3,,[WPA3_PSK],2025-8-1 2:29:59,6,-71,34.0628510,-117.1476822,438.20,1.50,WIFI
A0:8E:24:55:E8:C7,,[OPEN],2025-8-1 2:29:59,6,-71,34.0628510,-117.1476822,438.20,1.50,WIFI
24:2D:6C:31:DB:88,Living Room Wifi,[WPA2_PSK],2025-8-1 2:29:59,6,-80,34.0628510,-117.1476822,438.20,1.50,WIFI
B6:46:3B:32:ED:04,CHEVROLET8405,[WPA2_WPA3_PSK],2025-8-1 2:29:59,6,-82,34.0628510,-117.1476822,438.20,1.50,WIFI
74:37:5F:C9:87:93,Alpha7,[WPA2_PSK],2025-8-1 2:29:59,6,-83,34.0628510,-117.1476822,438.20,1.50,WIFI
12:02:00:08:B0:4B,Galaxy A15 5G 8CA0,[WPA2_PSK],2025-8-1 2:29:59,6,-83,34.0628510,-117.1476822,438.20,1.50,WIFI
BC:F8:7E:7C:9C:EB,Verizon_3T6NVH,[WPA2_PSK],2025-8-1 2:29:59,6,-87,34.0628510,-117.1476822,438.20,1.50,WIFI
88:DE:7C:27:D6:F1,SpectrumSetup-F3,[WPA2_PSK],2025-8-1 2:29:59,6,-88,34.0628510,-117.1476822,438.20,1.50,WIFI
84:70:D7:96:1E:E7,Thompson714,[WPA2_PSK],2025-8-1 2:30:4,11,-72,34.0628471,-117.1482315,437.10,1.50,WIFI
DC:69:B5:4A:1F:A9,,[OPEN],2025-8-1 2:30:7,1,-74,34.0628395,-117.1486588,436.50,1.50,WIFI
DC:69:B5:4A:1F:A6,Disneyland25,[WPA2_PSK],2025-8-1 2:30:7,1,-77,34.0628395,-117.1486588,436.50,1.50,WIFI
DC:69:B5:38:EF:43,,[WPA3_PSK],2025-8-1 2:30:7,1,-79,34.0628395,-117.1486588,436.50,1.50,WIFI
DC:69:B5:38:EF:46,Disneyland25,[WPA2_PSK],2025-8-1 2:30:7,1,-80,34.0628395,-117.1486588,436.50,1.50,WIFI
88:6A:E3:A3:B6:96,tla3b696,[WPA2_PSK],2025-8-1 2:30:7,1,-87,34.0628395,-117.1486588,436.50,1.50,WIFI
5C:18:DD:EB:5C:84,,[WPA_WPA2_PSK],2025-8-1 2:30:7,1,-91,34.0628395,-117.1486588,436.50,1.50,WIFI
6A:EB:B6:28:A3:2C,Asmara,[WPA2_PSK],2025-8-1 2:30:9,2,-88,34.0628281,-117.1489410,435.70,1.50,WIFI
44:EE:14:C4:C7:F1,ENVOY_007885,[OPEN],2025-8-1 2:30:10,3,-94,34.0628242,-117.1490860,435.50,1.50,WIFI
F0:7B:65:2E:6C:90,SpectrumSetup-91,[WPA2_PSK],2025-8-1 2:30:13,6,-63,34.0628204,-117.1495361,434.60,1.50,WIFI
F0:7B:65:EF:C2:5B,The Knightens,[WPA2_PSK],2025-8-1 2:30:13,6,-67,34.0628204,-117.1495361,434.60,1.50,WIFI
F4:05:95:AD:02:50,SpectrumSetup-4A,[WPA2_PSK],2025-8-1 2:30:13,6,-73,34.0628204,-117.1495361,434.60,1.50,WIFI
88:DE:7C:C7:AE:91,SpectrumSetup-93,[WPA2_PSK],2025-8-1 2:30:13,6,-80,34.0628204,-117.1495361,434.60,1.50,WIFI
84:70:D7:85:0B:0A,,[OPEN],2025-8-1 2:30:13,6,-82,34.0628204,-117.1495361,434.60,1.50,WIFI
84:70:D7:85:0B:04,,[WPA3_PSK],2025-8-1 2:30:13,6,-83,34.0628204,-117.1495361,434.60,1.50,WIFI
58:20:B1:D4:3B:8F,HP-Print-8F-ENVY 4500 series,[OPEN],2025-8-1 2:30:13,6,-84,34.0628204,-117.1495361,434.60,1.50,WIFI
84:70:D7:85:0B:07,ColtonG,[WPA2_WPA3_PSK],2025-8-1 2:30:13,6,-84,34.0628204,-117.1495361,434.60,1.50,WIFI
84:70:D7:9D:EE:87,ColtonG,[WPA2_WPA3_PSK],2025-8-1 2:30:13,6,-85,34.0628204,-117.1495361,434.60,1.50,WIFI
C8:FD:19:9B:65:DC,ENVOY_013258,[OPEN],2025-8-1 2:30:15,8,-89,34.0628204,-117.1498413,434.30,1.50,WIFI
F2:09:0D:60:29:98,,[WPA_WPA2_PSK],2025-8-1 2:30:17,10,-68,34.0628166,-117.1501465,433.40,1.50,WIFI
A4:11:62:6F:FE:58,ARLO_VMB_9999482718,[WPA2_PSK],2025-8-1 2:30:17,10,-69,34.0628166,-117.1501465,433.40,1.50,WIFI
D6:E2:2F:D0:51:8B,,[WPA2_PSK],2025-8-1 2:30:17,10,-84,34.0628166,-117.1501465,433.40,1.50,WIFI
F0:7B:65:31:C5:72,SpectrumSetup-C56C,[WPA2_PSK],2025-8-1 2:30:18,11,-70,34.0628166,-117.1502991,433.10,1.50,WIFI
14:7D:05:CD:BB:E3,SpectrumSetup-E1,[WPA2_PSK],2025-8-1 2:30:18,11,-71,34.0628166,-117.1502991,433.10,1.50,WIFI
22:48:6C:5F:3A:A3,,[WPA2_PSK],2025-8-1 2:30:23,1,-68,34.0628204,-117.1510696,431.60,1.50,WIFI
34:53:D2:27:99:C6,SpectrumSetup-C0,[WPA2_PSK],2025-8-1 2:30:23,1,-75,34.0628204,-117.1510696,431.60,1.50,WIFI
9C:A3:A9:6D:5F:79,IPCZ68A1994183242,[OPEN],2025-8-1 2:30:23,1,-78,34.0628204,-117.1510696,431.60,1.50,WIFI
36:5E:08:51:74:1D,,[WPA2_PSK],2025-8-1 2:30:23,1,-79,34.0628204,-117.1510696,431.60,1.50,WIFI
18:B8:1F:52:77:28,Frontier7232,[WPA2_PSK],2025-8-1 2:30:23,1,-80,34.0628204,-117.1510696,431.60,1.50,WIFI
88:67:46:73:F6:06,Price,[WPA2_PSK],2025-8-1 2:30:23,1,-82,34.0628204,-117.1510696,431.60,1.50,WIFI
30:60:0A:3C:91:A8,,[WPA_WPA2_PSK],2025-8-1 2:30:23,1,-83,34.0628204,-117.1510696,431.60,1.50,WIFI
28:6B:B4:02:EF:62,[fridge]_E30AJT5123570D,[WPA2_PSK],2025-8-1 2:30:23,1,-84,34.0628204,-117.1510696,431.60,1.50,WIFI
F4:69:42:EC:15:DD,SpectrumSetup-4D,[WPA2_PSK],2025-8-1 2:30:23,1,-91,34.0628204,-117.1510696,431.60,1.50,WIFI
B0:A7:B9:AF:E6:8A,TP-Link_Extender,[OPEN],2025-8-1 2:30:23,2,-81,34.0628204,-117.1510696,431.60,1.50,WIFI
90:BF:D9:3A:E3:35,,[WPA_WPA2_PSK],2025-8-1 2:30:26,4,-77,34.0628204,-117.1515045,430.80,1.50,WIFI
CA:41:1E:24:AE:9C,,[WPA2_PSK],2025-8-1 2:30:26,4,-88,34.0628204,-117.1515045,430.80,1.50,WIFI
F0:7B:65:31:C0:2A,SpectrumSetup-C024,[WPA2_PSK],2025-8-1 2:30:28,6,-63,34.0628166,-117.1517410,430.30,1.50,WIFI
18:A9:ED:AC:31:C3,,[WPA3_PSK],2025-8-1 2:30:28,6,-65,34.0628166,-117.1517410,430.30,1.50,WIFI
18:A9:ED:AC:31:C6,TNT1210$,[WPA2_PSK],2025-8-1 2:30:28,6,-71,34.0628166,-117.1517410,430.30,1.50,WIFI
88:DE:7C:F7:13:B1,woodsmithfoundation,[WPA2_PSK],2025-8-1 2:30:28,6,-80,34.0628166,-117.1517410,430.30,1.50,WIFI
78:76:89:99:4B:14,Chile23,[WPA2_PSK],2025-8-1 2:30:28,6,-83,34.0628166,-117.1517410,430.30,1.50,WIFI
78:76:89:99:4B:12,,[WPA3_PSK],2025-8-1 2:30:28,6,-84,34.0628166,-117.1517410,430.30,1.50,WIFI
78:76:89:99:4B:16,,[OPEN],2025-8-1 2:30:28,6,-84,34.0628166,-117.1517410,430.30,1.50,WIFI
12:3D:0A:F2:06:9D,,[WPA2_PSK],2025-8-1 2:30:28,6,-85,34.0628166,-117.1517410,430.30,1.50,WIFI
2C:67:BE:1F:12:69,SpectrumSetup-1265,[WPA2_PSK],2025-8-1 2:30:28,6,-87,34.0628166,-117.1517410,430.30,1.50,WIFI
18:A5:FF:77:21:72,UniversityCastle,[WPA2_WPA3_PSK],2025-8-1 2:30:28,6,-90,34.0628166,-117.1517410,430.30,1.50,WIFI
AC:91:9B:B3:E8:19,SALOMON WIFI,[WPA2_PSK],2025-8-1 2:30:32,10,-89,34.0628204,-117.1522141,429.50,1.50,WIFI
AC:91:9B:B3:E8:18,LUZ WIFI,[WPA2_PSK],2025-8-1 2:30:32,10,-90,34.0628204,-117.1522141,429.50,1.50,WIFI
B0:6A:41:CD:E9:F9,LacasadelSancho,[WPA2_PSK],2025-8-1 2:30:33,11,-75,34.0628204,-117.1523514,429.20,1.50,WIFI
1E:FC:88:67:57:C0,,[WPA2_PSK],2025-8-1 2:30:36,1,-73,34.0628166,-117.1527939,428.50,1.50,WIFI
4C:19:5D:84:30:F9,SpectrumSetup-F3,[WPA2_PSK],2025-8-1 2:30:36,1,-84,34.0628166,-117.1527939,428.50,1.50,WIFI
F4:69:42:34:1E:45,SpectrumSetup-47,[WPA2_PSK],2025-8-1 2:30:36,1,-85,34.0628166,-117.1527939,428.50,1.50,WIFI
B0:19:21:56:3C:76,Colton,[WPA2_WPA3_PSK],2025-8-1 2:30:38,2,-67,34.0628166,-117.1531067,427.90,1.50,WIFI
B6:19:21:56:3C:76,,[WPA2_PSK],2025-8-1 2:30:38,2,-67,34.0628166,-117.1531067,427.90,1.50,WIFI
84:A0:6E:B4:82:6E,MySpectrumWiFi68-2G,[WPA2_PSK],2025-8-1 2:30:42,6,-61,34.0628166,-117.1537628,426.80,1.50,WIFI
78:8C:B5:9D:45:CA,HAL3000,[WPA2_PSK],2025-8-1 2:30:42,6,-71,34.0628166,-117.1537628,426.80,1.50,WIFI
F0:7B:65:F2:5A:45,HiccupWifi,[WPA2_PSK],2025-8-1 2:30:42,6,-72,34.0628166,-117.1537628,426.80,1.50,WIFI
7E:8C:B5:9D:45:CA,,[WPA2_PSK],2025-8-1 2:30:42,6,-73,34.0628166,-117.1537628,426.80,1.50,WIFI
B4:B9:E6:E9:60:A8,,[OPEN],2025-8-1 2:30:42,6,-74,34.0628166,-117.1537628,426.80,1.50,WIFI
B4:B9:E6:E9:60:A6,Flores House,[WPA2_PSK],2025-8-1 2:30:42,6,-74,34.0628166,-117.1537628,426.80,1.50,WIFI
82:8C:B5:9D:45:C2,TP-LINK_IoT,[WPA_WPA2_PSK],2025-8-1 2:30:42,6,-78,34.0628166,-117.1537628,426.80,1.50,WIFI
82:8C:B5:9D:45:CA,TP-LINK_IoT,[WPA_WPA2_PSK],2025-8-1 2:30:42,6,-78,34.0628166,-117.1537628,426.80,1.50,WIFI
3C:64:CF:BE:07:46,,[WPA2_PSK],2025-8-1 2:30:42,7,-74,34.0628166,-117.1537628,426.80,1.50,WIFI
2A:64:CF:BE:06:CC,Moms Home ,[WPA2_PSK],2025-8-1 2:30:42,7,-77,34.0628166,-117.1537628,426.80,1.50,WIFI
3A:64:CF:BE:07:40,Moms Home ,[WPA2_PSK],2025-8-1 2:30:42,7,-79,34.0628166,-117.1537628,426.80,1.50,WIFI
34:98:B5:D8:D8:1C,NETGEAR-Rivera 2G,[WPA2_PSK],2025-8-1 2:30:44,8,-85,34.0628166,-117.1540833,426.10,1.50,WIFI
F0:81:75:F9:9D:FE,SpectrumSetup-F8,[WPA2_PSK],2025-8-1 2:30:47,11,-79,34.0628204,-117.1545868,425.20,1.50,WIFI
82:5B:65:45:6B:38,[LG_Oven]6b38,[WPA2_PSK],2025-8-1 2:30:47,11,-82,34.0628204,-117.1545868,425.20,1.50,WIFI
9C:0B:05:EF:22:44,,[WPA3_PSK],2025-8-1 2:30:47,11,-89,34.0628204,-117.1545868,425.20,1.50,WIFI
9C:0B:05:EF:22:4A,,[OPEN],2025-8-1 2:30:47,11,-89,34.0628204,-117.1545868,425.20,1.50,WIFI
A0:89:66:9F:02:38,,[WPA_WPA2_PSK],2025-8-1 2:30:54,4,-89,34.0628166,-117.1557312,423.50,1.50,WIFI
D4:05:DE:97:D1:C7,House 4,[WPA2_PSK],2025-8-1 2:30:56,6,-68,34.0628166,-117.1559753,423.10,1.50,WIFI
D4:05:DE:97:D1:C4,,[WPA3_PSK],2025-8-1 2:30:56,6,-72,34.0628166,-117.1559753,423.10,1.50,WIFI
D4:05:DE:97:D1:CA,,[OPEN],2025-8-1 2:30:56,6,-72,34.0628166,-117.1559753,423.10,1.50,WIFI
74:37:5F:DA:AC:9B,SpectrumSetup-99,[WPA2_PSK],2025-8-1 2:30:56,6,-74,34.0628166,-117.1559753,423.10,1.50,WIFI
84:70:D7:F6:B0:24,,[WPA3_PSK],2025-8-1 2:30:56,6,-74,34.0628166,-117.1559753,423.10,1.50,WIFI
84:70:D7:F6:B0:2A,,[OPEN],2025-8-1 2:30:56,6,-74,34.0628166,-117.1559753,423.10,1.50,WIFI
78:76:89:33:8D:E4,,[WPA3_PSK],2025-8-1 2:30:56,6,-79,34.0628166,-117.1559753,423.10,1.50,WIFI
6C:CD:D6:DF:02:AC,get off my lawn,[WPA2_PSK],2025-8-1 2:30:57,7,-61,34.0628166,-117.1560822,422.90,1.50,WIFI
C8:B4:22:C1:1D:3D,SpectrumSetup-3F,[WPA2_PSK],2025-8-1 2:31:1,11,-75,34.0628166,-117.1562881,422.50,1.50,WIFI
2C:67:BE:33:A8:E1,SpectrumSetup-A8DD,[WPA2_PSK],2025-8-1 2:31:1,11,-75,34.0628166,-117.1562881,422.50,1.50,WIFI
1C:B0:44:BD:23:FA,SpectrumSetup-FC,[WPA2_PSK],2025-8-1 2:31:1,11,-75,34.0628166,-117.1562881,422.50,1.50,WIFI
4C:19:5D:3E:08:11,SpectrumSetup-0B,[WPA2_PSK],2025-8-1 2:31:1,11,-78,34.0628166,-117.1562881,422.50,1.50,WIFI
F0:7B:65:0B:B3:75,111GodsHouse,[WPA2_PSK],2025-8-1 2:31:1,11,-83,34.0628166,-117.1562881,422.50,1.50,WIFI
76:90:BC:AF:D6:13,WilliamsWifi-IoT,[WPA2_PSK],2025-8-1 2:31:1,11,-86,34.0628166,-117.1562881,422.50,1.50,WIFI
A0:04:60:6C:CC:FA,NETGEAR76,[WPA2_PSK],2025-8-1 2:31:1,11,-88,34.0628166,-117.1562881,422.50,1.50,WIFI
24:41:FE:D7:1C:4A,Verizon_CN9QL9,[WPA2_PSK],2025-8-1 2:31:4,1,-55,34.0628204,-117.1563568,422.40,1.50,WIFI
08:BF:B8:20:BE:98,tubieswifi,[WPA2_PSK],2025-8-1 2:31:8,4,-67,34.0628204,-117.1566772,421.80,1.50,WIFI
4C:19:5D:4C:44:E4,BIGGGGHOUSE,[WPA2_PSK],2025-8-1 2:31:10,6,-69,34.0628204,-117.1569138,421.40,1.50,WIFI
B2:67:A1:34:EA:A6,SpectrumSetup-2666,[WPA2_PSK],2025-8-1 2:31:10,6,-70,34.0628204,-117.1569138,421.40,1.50,WIFI
D4:05:DE:95:5E:E7,Beansprout,[WPA2_PSK],2025-8-1 2:31:10,6,-73,34.0628204,-117.1569138,421.40,1.50,WIFI
D4:05:DE:95:5E:E4,,[WPA3_PSK],2025-8-1 2:31:10,6,-74,34.0628204,-117.1569138,421.40,1.50,WIFI
76:90:BC:AC:26:36,WilliamsWifi-IoT,[WPA2_PSK],2025-8-1 2:31:10,6,-75,34.0628204,-117.1569138,421.40,1.50,WIFI
74:90:BC:AC:26:36,WilliamsWifi,[WPA2_PSK],2025-8-1 2:31:10,6,-75,34.0628204,-117.1569138,421.40,1.50,WIFI
D4:05:DE:95:5E:EA,,[OPEN],2025-8-1 2:31:10,6,-75,34.0628204,-117.1569138,421.40,1.50,WIFI
FC:9C:98:47:0C:2A,ARLO_VMB_5752563476,[WPA2_PSK],2025-8-1 2:31:10,6,-86,34.0628204,-117.1569138,421.40,1.50,WIFI
12:59:32:B0:C3:85,,[WPA2_PSK],2025-8-1 2:31:10,6,-87,34.0628204,-117.1569138,421.40,1.50,WIFI
8C:3B:AD:C0:A4:1A,DR4Money_EXT,[WPA2_PSK],2025-8-1 2:31:12,8,-82,34.0628204,-117.1571655,421.00,1.50,WIFI
00:31:92:47:05:72,Posha,[WPA2_PSK],2025-8-1 2:31:13,9,-76,34.0628204,-117.1573029,420.70,1.50,WIFI
06:31:92:47:05:72,,[WPA2_PSK],2025-8-1 2:31:13,9,-77,34.0628204,-117.1573029,420.70,1.50,WIFI
38:94:ED:0A:6C:44,ORBI99,[WPA2_PSK],2025-8-1 2:31:13,9,-84,34.0628204,-117.1573029,420.70,1.50,WIFI
F4:69:42:34:2D:E9,SpectrumSetup-EB,[WPA2_PSK],2025-8-1 2:31:15,11,-73,34.0628242,-117.1575775,420.20,1.50,WIFI
BC:96:E5:44:E5:AE,SpectrumSetup-E5AA,[WPA2_PSK],2025-8-1 2:31:15,11,-73,34.0628242,-117.1575775,420.20,1.50,WIFI
0A:9B:4A:98:26:6B,,[WPA2_PSK],2025-8-1 2:31:15,11,-73,34.0628242,-117.1575775,420.20,1.50,WIFI
0A:9B:4A:98:26:6C,,[WPA2_PSK],2025-8-1 2:31:15,11,-73,34.0628242,-117.1575775,420.20,1.50,WIFI
00:13:EF:A0:79:E4,SpectrumSetup-EB-EXT,[WPA2_PSK],2025-8-1 2:31:15,11,-74,34.0628242,-117.1575775,420.20,1.50,WIFI
76:90:BC:9F:D6:13,Willz4Realz_G,[WPA2_PSK],2025-8-1 2:31:15,11,-77,34.0628242,-117.1575775,420.20,1.50,WIFI
58:9B:4A:98:26:6A,SpectrumSetup-2666,[WPA2_PSK],2025-8-1 2:31:15,11,-79,34.0628242,-117.1575775,420.20,1.50,WIFI
74:90:BC:AF:D6:13,WilliamsWifi,[WPA2_PSK],2025-8-1 2:31:15,11,-80,34.0628242,-117.1575775,420.20,1.50,WIFI
40:47:5E:A1:7F:09,,[OPEN],2025-8-1 2:31:15,11,-82,34.0628242,-117.1575775,420.20,1.50,WIFI
40:47:5E:A1:7F:06,EColtonHouse,[WPA2_PSK],2025-8-1 2:31:15,11,-83,34.0628242,-117.1575775,420.20,1.50,WIFI
C0:6F:98:83:6E:E3,,[WPA3_PSK],2025-8-1 2:31:16,1,-60,34.0628242,-117.1577225,420.00,1.50,WIFI
C0:6F:98:83:6E:E9,,[OPEN],2025-8-1 2:31:16,1,-60,34.0628242,-117.1577225,420.00,1.50,WIFI
C0:6F:98:83:6E:E6,6Fam,[WPA2_PSK],2025-8-1 2:31:16,1,-61,34.0628242,-117.1577225,420.00,1.50,WIFI
00:C8:96:CD:73:AA,,[WPA_WPA2_PSK],2025-8-1 2:31:16,1,-74,34.0628242,-117.1577225,420.00,1.50,WIFI
CC:CF:83:0D:FB:B4,,[WPA_WPA2_PSK],2025-8-1 2:31:16,1,-88,34.0628242,-117.1577225,420.00,1.50,WIFI
7C:7E:F9:4A:25:32,,[WPA3_PSK],2025-8-1 2:31:24,6,-65,34.0628242,-117.1588974,418.20,1.50,WIFI
7C:7E:F9:4A:25:36,,[OPEN],2025-8-1 2:31:24,6,-67,34.0628242,-117.1588974,418.20,1.50,WIFI
0C:EA:C9:CA:BE:E8,NachoWifi_2.4G,[WPA2_PSK],2025-8-1 2:31:24,6,-69,34.0628242,-117.1588974,418.20,1.50,WIFI
7C:7E:F9:4A:25:34,CIA surveillance van,[WPA2_PSK],2025-8-1 2:31:24,6,-69,34.0628242,-117.1588974,418.20,1.50,WIFI
9C:3D:CF:1E:3C:F3,Frontier8912_2GEXT,[WPA2_PSK],2025-8-1 2:31:24,6,-83,34.0628242,-117.1588974,418.20,1.50,WIFI
48:DD:0C:1A:9B:87,,[OPEN],2025-8-1 2:31:24,6,-83,34.0628242,-117.1588974,418.20,1.50,WIFI
48:DD:0C:1A:9B:83,,[WPA3_PSK],2025-8-1 2:31:24,6,-83,34.0628242,-117.1588974,418.20,1.50,WIFI
00:AB:48:4E:93:C3,,[WPA3_PSK],2025-8-1 2:31:24,6,-84,34.0628242,-117.1588974,418.20,1.50,WIFI
00:AB:48:4E:93:C5,CIA surveillance van,[WPA2_PSK],2025-8-1 2:31:24,6,-84,34.0628242,-117.1588974,418.20,1.50,WIFI
00:AB:48:4E:93:C7,,[OPEN],2025-8-1 2:31:24,6,-85,34.0628242,-117.1588974,418.20,1.50,WIFI
34:53:D2:26:B0:0E,the DJ,[WPA2_PSK],2025-8-1 2:31:24,6,-86,34.0628242,-117.1588974,418.20,1.50,WIFI
08:B4:B1:25:63:46,WiFi-iron,[WPA2_PSK],2025-8-1 2:31:24,6,-87,34.0628242,-117.1588974,418.20,1.50,WIFI
AE:AE:19:48:8F:F6,,[WPA2_PSK],2025-8-1 2:31:24,6,-87,34.0628242,-117.1588974,418.20,1.50,WIFI
4C:AB:F8:D9:4A:22,SpectrumSetup-24,[WPA2_PSK],2025-8-1 2:31:24,6,-88,34.0628242,-117.1588974,418.20,1.50,WIFI
48:70:1E:0D:F1:D3,ENVOY_049304,[OPEN],2025-8-1 2:31:24,6,-89,34.0628242,-117.1588974,418.20,1.50,WIFI
B0:FC:88:52:DA:77,MyHomeWi-Fi,[WPA2_PSK],2025-8-1 2:31:24,6,-91,34.0628242,-117.1588974,418.20,1.50,WIFI
F0:09:0D:C9:FA:35,TP-Link_FA35,[WPA2_PSK],2025-8-1 2:31:28,9,-90,34.0628242,-117.1594925,417.20,1.50,WIFI
64:67:72:56:94:15,SpectrumSetup-13,[WPA2_PSK],2025-8-1 2:31:30,11,-63,34.0628281,-117.1597824,416.70,1.50,WIFI
C8:63:FC:7C:5B:18,Frontier5712,[WPA2_PSK],2025-8-1 2:31:30,11,-74,34.0628281,-117.1597824,416.70,1.50,WIFI
F0:B6:61:66:19:04,,[WPA3_PSK],2025-8-1 2:31:30,11,-74,34.0628281,-117.1597824,416.70,1.50,WIFI
F0:B6:61:66:19:0A,,[OPEN],2025-8-1 2:31:30,11,-74,34.0628281,-117.1597824,416.70,1.50,WIFI
F0:B6:61:66:19:07,Party House,[WPA2_PSK],2025-8-1 2:31:30,11,-74,34.0628281,-117.1597824,416.70,1.50,WIFI
22:EF:BD:A7:56:BC,,[WPA2_PSK],2025-8-1 2:31:30,11,-84,34.0628281,-117.1597824,416.70,1.50,WIFI
F4:52:46:ED:AF:7F,730NGR,[WPA2_PSK],2025-8-1 2:31:30,11,-85,34.0628281,-117.1597824,416.70,1.50,WIFI
22:76:13:4F:60:90,,[WPA2_PSK],2025-8-1 2:31:30,11,-85,34.0628281,-117.1597824,416.70,1.50,WIFI
CC:F4:11:40:37:BE,R&TWIFI,[WPA2_PSK],2025-8-1 2:31:30,11,-91,34.0628281,-117.1597824,416.70,1.50,WIFI
F0:81:75:C6:55:7E,SpectrumSetup-78,[WPA2_PSK],2025-8-1 2:31:30,11,-94,34.0628281,-117.1597824,416.70,1.50,WIFI
14:7D:05:50:DF:EF,SpectrumSetup-ED,[WPA2_PSK],2025-8-1 2:31:31,1,-54,34.0628319,-117.1599121,416.60,1.50,WIFI
F8:5B:3B:4B:F0:21,SpectrumSetup-23,[WPA2_PSK],2025-8-1 2:31:31,1,-62,34.0628319,-117.1599121,416.60,1.50,WIFI
FC:34:97:D8:59:B0,LomaLindaBottomFeeders_2G,[WPA2_PSK],2025-8-1 2:31:38,5,-67,34.0628395,-117.1603546,415.80,1.50,WIFI
2C:EA:DC:98:70:69,CanaanT,[WPA2_PSK],2025-8-1 2:31:39,6,-80,34.0628395,-117.1603851,415.80,1.50,WIFI
CA:3A:6B:69:CF:41,,[WPA2_PSK],2025-8-1 2:31:39,6,-86,34.0628395,-117.1603851,415.80,1.50,WIFI
F0:61:C0:E0:87:00,UoR,[WPA2],2025-8-1 2:31:44,11,-89,34.0628433,-117.1607742,415.10,1.50,WIFI
AC:B6:87:A8:B1:DD,woodworking101,[WPA2_PSK],2025-8-1 2:31:44,11,-90,34.0628433,-117.1607742,415.10,1.50,WIFI
A4:97:33:B4:19:D9,SpectrumSetup-DB,[WPA2_PSK],2025-8-1 2:31:44,11,-91,34.0628433,-117.1607742,415.10,1.50,WIFI
4A:5F:99:51:B5:F6,DIRECT-f6-HP M118 LaserJet,[WPA2_PSK],2025-8-1 2:31:57,10,-91,34.0628471,-117.1623611,412.20,1.50,WIFI
54:D7:E3:BE:0F:83,eduroam,[WPA2],2025-8-1 2:31:58,11,-87,34.0628471,-117.1624832,411.90,1.50,WIFI
54:D7:E3:BE:0F:82,therm,[WPA2_PSK],2025-8-1 2:31:58,11,-87,34.0628471,-117.1624832,411.90,1.50,WIFI
D0:D3:E0:53:94:00,UoR,[WPA2],2025-8-1 2:31:58,11,-88,34.0628471,-117.1624832,411.90,1.50,WIFI
94:91:7F:E2:24:7D,MySpectrumWiFi7F-2G,[WPA2_PSK],2025-8-1 2:31:58,11,-88,34.0628471,-117.1624832,411.90,1.50,WIFI
54:D7:E3:BE:0F:81,UoR,[WPA2],2025-8-1 2:31:58,11,-89,34.0628471,-117.1624832,411.90,1.50,WIFI
54:D7:E3:BE:0F:84,Redlands2025,[WPA2_PSK],2025-8-1 2:31:58,11,-89,34.0628471,-117.1624832,411.90,1.50,WIFI
54:D7:E3:BE:0F:80,UoR-Guest,[OPEN],2025-8-1 2:31:58,11,-90,34.0628471,-117.1624832,411.90,1.50,WIFI
A6:FC:77:01:D0:6B,DIRECT-6b-HP M254 LaserJet,[WPA2_PSK],2025-8-1 2:32:0,1,-80,34.0628510,-117.1627350,411.60,1.50,WIFI
BC:82:5D:DF:BB:E2,WiFi Hotspot 6453,[WPA2_PSK],2025-8-1 2:32:0,1,-86,34.0628510,-117.1627350,411.60,1.50,WIFI
1C:28:AF:71:CA:A0,UoR,[WPA2],2025-8-1 2:32:0,1,-86,34.0628510,-117.1627350,411.60,1.50,WIFI
54:D7:E3:C9:E7:00,UoR,[WPA2],2025-8-1 2:32:0,1,-92,34.0628510,-117.1627350,411.60,1.50,WIFI
92:4C:A5:E9:43:05,peanuts35,[WPA2],2025-8-1 2:32:7,6,-87,34.0628548,-117.1635437,410.30,1.50,WIFI
70:4C:A5:E9:43:05,enable,[WPA2_PSK],2025-8-1 2:32:7,6,-89,34.0628548,-117.1635437,410.30,1.50,WIFI
06:50:C2:81:DB:A6,techtrex,[WPA2_PSK],2025-8-1 2:32:11,10,-80,34.0628548,-117.1640015,409.90,1.50,WIFI
1C:28:AF:6A:BF:04,Redlands2025,[WPA2_PSK],2025-8-1 2:32:12,11,-89,34.0628548,-117.1641083,409.70,1.50,WIFI
D0:D3:E0:55:0A:00,UoR,[WPA2],2025-8-1 2:32:15,1,-75,34.0628548,-117.1643372,409.30,1.50,WIFI
D0:D3:E0:54:93:40,UoR,[WPA2],2025-8-1 2:32:26,11,-86,34.0628548,-117.1657257,407.00,1.50,WIFI
74:37:5F:F7:48:DD,SpectrumSetup-DB,[WPA2_PSK],2025-8-1 2:32:26,11,-90,34.0628548,-117.1657257,407.00,1.50,WIFI
24:F3:E3:61:8D:C3,,[WPA3_PSK],2025-8-1 2:32:28,1,-77,34.0628548,-117.1659622,406.50,1.50,WIFI
24:F3:E3:61:8D:C6,FBI Surveillance,[WPA2_PSK],2025-8-1 2:32:28,1,-77,34.0628548,-117.1659622,406.50,1.50,WIFI
24:F3:E3:61:8D:C9,,[OPEN],2025-8-1 2:32:28,1,-78,34.0628548,-117.1659622,406.50,1.50,WIFI
22:9F:C3:59:E7:24,,[WPA2_PSK],2025-8-1 2:32:28,1,-81,34.0628548,-117.1659622,406.50,1.50,WIFI
44:12:44:2F:23:80,UoR,[WPA2],2025-8-1 2:32:28,1,-84,34.0628548,-117.1659622,406.50,1.50,WIFI
44:12:44:2F:23:81,UoR-Game,[OPEN],2025-8-1 2:32:28,1,-84,34.0628548,-117.1659622,406.50,1.50,WIFI
22:9F:C3:59:E7:75,,[WPA2_PSK],2025-8-1 2:32:28,1,-85,34.0628548,-117.1659622,406.50,1.50,WIFI
2C:EA:DC:98:87:1D,SpectrumSetup-1F,[WPA2_PSK],2025-8-1 2:32:28,1,-85,34.0628548,-117.1659622,406.50,1.50,WIFI
E8:10:98:7A:D9:60,UoR,[WPA2],2025-8-1 2:32:28,1,-88,34.0628548,-117.1659622,406.50,1.50,WIFI
44:12:44:2F:24:81,UoR-Game,[OPEN],2025-8-1 2:32:28,1,-89,34.0628548,-117.1659622,406.50,1.50,WIFI
F8:5B:3B:37:DE:00,SpectrumSetup-02,[WPA2_PSK],2025-8-1 2:32:28,1,-90,34.0628548,-117.1659622,406.50,1.50,WIFI
42:98:B5:EE:58:CA,Get off my wifey orbi-IoT,[WPA2_PSK],2025-8-1 2:32:33,3,-91,34.0628548,-117.1665497,405.80,1.50,WIFI
34:98:B5:EE:58:CA,Get off my wifey orbi,[WPA2_PSK],2025-8-1 2:32:33,3,-93,34.0628548,-117.1665497,405.80,1.50,WIFI
3A:98:B5:EE:58:CA,,[WPA2_PSK],2025-8-1 2:32:33,3,-93,34.0628548,-117.1665497,405.80,1.50,WIFI
F4:69:42:4E:D1:71,SpectrumSetup-73,[WPA2_PSK],2025-8-1 2:32:36,6,-77,34.0628510,-117.1668777,405.80,1.50,WIFI
44:AC:85:2E:03:23,,[WPA3_PSK],2025-8-1 2:32:36,6,-83,34.0628510,-117.1668777,405.80,1.50,WIFI
44:AC:85:2E:03:29,,[OPEN],2025-8-1 2:32:36,6,-84,34.0628510,-117.1668777,405.80,1.50,WIFI
44:AC:85:2E:03:26,Cheesehead Drive 1025,[WPA2_PSK],2025-8-1 2:32:36,6,-84,34.0628510,-117.1668777,405.80,1.50,WIFI
50:0F:F5:E5:B5:41,GoPackGo1919,[WPA2_PSK],2025-8-1 2:32:36,6,-84,34.0628510,-117.1668777,405.80,1.50,WIFI
84:1E:A3:33:3A:4E,SpectrumSetup-48,[WPA2_PSK],2025-8-1 2:32:36,6,-86,34.0628510,-117.1668777,405.80,1.50,WIFI
54:D7:E3:BF:8B:91,UoR-Guest,[OPEN],2025-8-1 2:32:36,6,-88,34.0628510,-117.1668777,405.80,1.50,WIFI
54:D7:E3:BF:8B:93,eduroam,[WPA2],2025-8-1 2:32:36,6,-88,34.0628510,-117.1668777,405.80,1.50,WIFI
54:D7:E3:BF:8B:94,Redlands2025,[WPA2_PSK],2025-8-1 2:32:36,6,-88,34.0628510,-117.1668777,405.80,1.50,WIFI
54:D7:E3:BF:8B:90,UoR,[WPA2],2025-8-1 2:32:36,6,-90,34.0628510,-117.1668777,405.80,1.50,WIFI
AA:6E:84:A3:CC:9C,jediwifi,[WPA2_PSK],2025-8-1 2:32:40,10,-88,34.0628471,-117.1670914,406.00,1.50,WIFI
AA:6E:84:A3:C6:54,jediwifi,[WPA2_PSK],2025-8-1 2:32:40,10,-89,34.0628471,-117.1670914,406.00,1.50,WIFI
2C:67:BE:47:E7:A7,Getoffmyshit,[WPA2_PSK],2025-8-1 2:32:41,11,-85,34.0628471,-117.1670914,406.00,1.50,WIFI
A4:97:33:E7:6D:D3,SpectrumSetup-D5,[WPA2_PSK],2025-8-1 2:32:41,11,-89,34.0628471,-117.1670914,406.00,1.50,WIFI
60:D5:61:1B:84:CC,,[WPA2_PSK],2025-8-1 2:32:42,13,-91,34.0628471,-117.1670914,406.00,1.50,WIFI
84:A0:6E:D4:55:B6,MySpectrumWiFib0-2G,[WPA2_PSK],2025-8-1 2:32:44,1,-75,34.0628471,-117.1671371,406.00,1.50,WIFI
A0:89:66:8D:B6:90,,[WPA_WPA2_PSK],2025-8-1 2:32:44,1,-81,34.0628471,-117.1671371,406.00,1.50,WIFI
F0:7B:65:41:AC:46,SpectrumSetup-AC40,[WPA2_PSK],2025-8-1 2:32:44,1,-82,34.0628471,-117.1671371,406.00,1.50,WIFI
50:FD:D5:86:CB:7B,[range]_E30AJT7113132W,[WPA2_PSK],2025-8-1 2:32:44,1,-83,34.0628471,-117.1671371,406.00,1.50,WIFI
00:E0:23:01:9E:00,Frontier4096-ext,[WPA2_PSK],2025-8-1 2:32:44,1,-88,34.0628471,-117.1671371,406.00,1.50,WIFI
2C:67:BE:29:FF:30,SpectrumSetup-FF2C,[WPA2_PSK],2025-8-1 2:32:50,6,-83,34.0628471,-117.1676559,404.60,1.50,WIFI
54:D7:E3:BD:ED:30,Chi-Rho-Psi,[WPA2_PSK],2025-8-1 2:32:50,6,-85,34.0628471,-117.1676559,404.60,1.50,WIFI
F4:B8:98:02:45:0C,ENVOY_010183,[OPEN],2025-8-1 2:32:50,6,-90,34.0628471,-117.1676559,404.60,1.50,WIFI
F8:5B:3B:7D:A2:3D,BLM,[WPA2_PSK],2025-8-1 2:32:55,11,-49,34.0628319,-117.1682892,403.70,1.50,WIFI
7C:7E:F9:87:C6:68,,[OPEN],2025-8-1 2:32:55,11,-73,34.0628319,-117.1682892,403.70,1.50,WIFI
7C:7E:F9:87:C6:66,dodgers1981,[WPA2_PSK],2025-8-1 2:32:55,11,-73,34.0628319,-117.1682892,403.70,1.50,WIFI
7C:7E:F9:87:C6:64,,[WPA3_PSK],2025-8-1 2:32:55,11,-75,34.0628319,-117.1682892,403.70,1.50,WIFI
60:F4:19:7A:D5:06,dodgers1981,[WPA2_PSK],2025-8-1 2:32:55,11,-83,34.0628319,-117.1682892,403.70,1.50,WIFI
50:91:E3:66:18:5F,SpectrumSetup-1F_EXT,[WPA2_PSK],2025-8-1 2:32:58,1,-71,34.0628319,-117.1686859,403.20,1.50,WIFI
98:F7:81:DD:54:D8,Frontier0096,[WPA2_PSK],2025-8-1 2:32:58,1,-72,34.0628319,-117.1686859,403.20,1.50,WIFI
12:19:5D:58:2F:E5,,[WPA2_PSK],2025-8-1 2:32:58,1,-87,34.0628319,-117.1686859,403.20,1.50,WIFI
12:19:5D:58:2F:E6,,[WPA2_PSK],2025-8-1 2:32:58,1,-87,34.0628319,-117.1686859,403.20,1.50,WIFI
7C:10:C9:A4:3E:40,Sanctuary,[WPA2_PSK],2025-8-1 2:33:0,2,-75,34.0628357,-117.1689606,402.70,1.50,WIFI
10:0C:6B:54:3F:65,NETGEAR73,[WPA2_PSK],2025-8-1 2:33:2,4,-75,34.0628357,-117.1692429,402.20,1.50,WIFI
4C:19:5D:B7:51:D2,SpectrumSetup-CC,[WPA2_PSK],2025-8-1 2:33:4,6,-65,34.0628357,-117.1695175,401.70,1.50,WIFI
F0:B6:61:FF:F2:E4,,[WPA3_PSK],2025-8-1 2:33:4,6,-77,34.0628357,-117.1695175,401.70,1.50,WIFI
F0:B6:61:FF:F2:EA,,[OPEN],2025-8-1 2:33:4,6,-77,34.0628357,-117.1695175,401.70,1.50,WIFI
F0:B6:61:FF:F2:E7,Frontier6736,[WPA2_PSK],2025-8-1 2:33:4,6,-77,34.0628357,-117.1695175,401.70,1.50,WIFI
2C:67:BE:21:C2:E3,Tylia_04,[WPA2_PSK],2025-8-1 2:33:4,6,-77,34.0628357,-117.1695175,401.70,1.50,WIFI
A0:7F:8A:52:88:FC,SpectrumSetup-88F6,[WPA2_PSK],2025-8-1 2:33:4,6,-79,34.0628357,-117.1695175,401.70,1.50,WIFI
1C:B7:2C:36:9C:28,ASUS_9C28,[WPA2_PSK],2025-8-1 2:33:4,6,-82,34.0628357,-117.1695175,401.70,1.50,WIFI
12:7F:8A:2D:24:86,,[WPA2_PSK],2025-8-1 2:33:4,6,-82,34.0628357,-117.1695175,401.70,1.50,WIFI
12:7F:8A:2D:24:85,,[WPA2_PSK],2025-8-1 2:33:4,6,-83,34.0628357,-117.1695175,401.70,1.50,WIFI
EC:75:0C:2C:C2:24,SpectrumSetup-88F6_EXT,[WPA2_PSK],2025-8-1 2:33:4,6,-85,34.0628357,-117.1695175,401.70,1.50,WIFI
1A:1E:A3:33:3A:4F,,[WPA2_PSK],2025-8-1 2:33:4,6,-87,34.0628357,-117.1695175,401.70,1.50,WIFI
A0:55:1F:04:AA:9A,SpectrumSetup-AA94,[WPA2_PSK],2025-8-1 2:33:9,11,-55,34.0628319,-117.1701508,400.50,1.50,WIFI
F0:7B:65:F0:ED:4E,SpectrumSetup-E3,[WPA2_PSK],2025-8-1 2:33:9,11,-74,34.0628319,-117.1701508,400.50,1.50,WIFI
DC:69:B5:D8:57:63,,[WPA3_PSK],2025-8-1 2:33:9,11,-84,34.0628319,-117.1701508,400.50,1.50,WIFI
A6:97:5C:09:BC:56,VTECH_5854_bc56,[WPA2_PSK],2025-8-1 2:33:11,1,-80,34.0628014,-117.1702423,400.30,1.50,WIFI
4C:19:5D:56:27:D3,SpectrumBomb,[WPA2_PSK],2025-8-1 2:33:11,1,-87,34.0628014,-117.1702423,400.30,1.50,WIFI
DE:CD:2F:74:45:E9,DIRECT-jg-EPSON-WF-2950 Series,[WPA2_PSK],2025-8-1 2:33:11,1,-87,34.0628014,-117.1702423,400.30,1.50,WIFI
00:C8:96:2B:D3:E4,,[WPA_WPA2_PSK],2025-8-1 2:33:11,1,-90,34.0628014,-117.1702423,400.30,1.50,WIFI
98:25:4A:F9:EA:AA,Neil’s Pad,[WPA2_PSK],2025-8-1 2:33:15,3,-81,34.0626793,-117.1702576,400.20,1.50,WIFI
A0:7F:8A:2D:24:84,SpectrumSetup-247E,[WPA2_PSK],2025-8-1 2:33:18,6,-78,34.0625381,-117.1702499,400.60,1.50,WIFI
3E:55:76:79:5D:3A,DIRECT-3a-HP M203 LaserJet,[WPA2_PSK],2025-8-1 2:33:18,6,-79,34.0625381,-117.1702499,400.60,1.50,WIFI
3E:55:76:79:68:A3,DIRECT-a3-HP M203 LaserJet,[WPA2_PSK],2025-8-1 2:33:18,6,-83,34.0625381,-117.1702499,400.60,1.50,WIFI
3E:55:76:79:71:01,DIRECT-01-HP M203 LaserJet,[WPA2_PSK],2025-8-1 2:33:18,6,-85,34.0625381,-117.1702499,400.60,1.50,WIFI
3E:55:76:79:5D:3F,DIRECT-3f-HP M203 LaserJet,[WPA2_PSK],2025-8-1 2:33:18,6,-87,34.0625381,-117.1702499,400.60,1.50,WIFI
2C:EA:DC:00:F2:84,SpectrumSetup-86,[WPA2_PSK],2025-8-1 2:33:18,6,-88,34.0625381,-117.1702499,400.60,1.50,WIFI
7C:10:C9:05:92:F0,The Smudge Pot Ext,[WPA2_PSK],2025-8-1 2:33:19,7,-88,34.0624809,-117.1702499,400.60,1.50,WIFI
7C:10:C9:DD:F2:50,Office,[WPA2_PSK],2025-8-1 2:33:20,8,-66,34.0624199,-117.1702499,400.80,1.50,WIFI
EC:75:0C:C6:83:22,Office_EXT,[WPA2_PSK],2025-8-1 2:33:20,8,-67,34.0624199,-117.1702499,400.80,1.50,WIFI
6C:CD:D6:52:7F:57,NETGEAR79,[WPA2_PSK],2025-8-1 2:33:20,8,-87,34.0624199,-117.1702499,400.80,1.50,WIFI
24:F3:E3:B7:F2:C6,verizon@2025,[WPA2_PSK],2025-8-1 2:33:23,11,-62,34.0622063,-117.1702499,401.50,1.50,WIFI
24:F3:E3:B7:F2:C9,,[OPEN],2025-8-1 2:33:23,11,-63,34.0622063,-117.1702499,401.50,1.50,WIFI
2C:67:BE:15:9B:53,Treat em and Yeet em,[WPA2_PSK],2025-8-1 2:33:23,11,-73,34.0622063,-117.1702499,401.50,1.50,WIFI
C8:C6:FE:70:13:C9,,[OPEN],2025-8-1 2:33:23,11,-76,34.0622063,-117.1702499,401.50,1.50,WIFI
C8:C6:FE:70:13:C3,,[WPA3_PSK],2025-8-1 2:33:23,11,-77,34.0622063,-117.1702499,401.50,1.50,WIFI
C8:C6:FE:70:13:C6,Nola,[WPA2_PSK],2025-8-1 2:33:23,11,-77,34.0622063,-117.1702499,401.50,1.50,WIFI
84:EB:3E:FE:77:07,tlfe7706,[WPA2_PSK],2025-8-1 2:33:23,11,-79,34.0622063,-117.1702499,401.50,1.50,WIFI
28:EC:22:FA:07:E9,,[OPEN],2025-8-1 2:33:23,11,-82,34.0622063,-117.1702499,401.50,1.50,WIFI
F8:5B:3B:B3:63:25,SpectrumSetup-61,[WPA2_PSK],2025-8-1 2:33:23,11,-90,34.0622063,-117.1702499,401.50,1.50,WIFI
34:53:D2:F0:6E:73,SpectrumSetup-6D,[WPA2_PSK],2025-8-1 2:33:26,1,-67,34.0619736,-117.1702576,401.80,1.50,WIFI
BC:96:E5:3A:9E:9E,YourWifiSucks,[WPA2_PSK],2025-8-1 2:33:26,1,-78,34.0619736,-117.1702576,401.80,1.50,WIFI
00:C8:96:04:97:F8,,[WPA_WPA2_PSK],2025-8-1 2:33:26,1,-80,34.0619736,-117.1702576,401.80,1.50,WIFI
F4:52:46:FB:97:AF,SpectrumSetup-97B2,[WPA2_PSK],2025-8-1 2:33:26,1,-84,34.0619736,-117.1702576,401.80,1.50,WIFI
1E:24:72:22:41:D8,Treat em and Yeet em,[WPA2_PSK],2025-8-1 2:33:26,1,-86,34.0619736,-117.1702576,401.80,1.50,WIFI
74:37:5F:56:E5:C3,SpectrumSetup-C1,[WPA2_PSK],2025-8-1 2:33:26,1,-86,34.0619736,-117.1702576,401.80,1.50,WIFI
94:F7:BE:4E:FD:C2,TMOBILE-FDC0,[WPA2_WPA3_PSK],2025-8-1 2:33:26,1,-86,34.0619736,-117.1702576,401.80,1.50,WIFI
34:DB:9C:78:DC:8E,MySpectrumWiFi88-2G,[WPA2_PSK],2025-8-1 2:33:26,1,-87,34.0619736,-117.1702576,401.80,1.50,WIFI
B0:FC:88:52:DA:92,SpectrumSetup-8C,[WPA2_PSK],2025-8-1 2:33:26,1,-88,34.0619736,-117.1702576,401.80,1.50,WIFI
0E:24:72:22:41:D8,,[WPA2_PSK],2025-8-1 2:33:26,1,-88,34.0619736,-117.1702576,401.80,1.50,WIFI
2E:24:72:22:41:D8,,[WPA2_PSK],2025-8-1 2:33:26,1,-88,34.0619736,-117.1702576,401.80,1.50,WIFI
34:53:D2:DF:59:AE,SpectrumSetup-A8,[WPA2_PSK],2025-8-1 2:33:26,1,-90,34.0619736,-117.1702576,401.80,1.50,WIFI
3C:F0:83:C9:0E:3C,TMOBILE-FDC0,[WPA2_WPA3_PSK],2025-8-1 2:33:30,3,-81,34.0616302,-117.1702576,402.60,1.50,WIFI
74:93:DA:0F:26:C9,SpectrumSetup-CB,[WPA2_PSK],2025-8-1 2:33:33,6,-67,34.0613785,-117.1702576,402.80,1.50,WIFI
AC:B6:87:A8:0F:71,Verizon_PST4D6,[WPA2_PSK],2025-8-1 2:33:33,6,-73,34.0613785,-117.1702576,402.80,1.50,WIFI
F8:5B:3B:90:FA:B9,TrapNet,[WPA2_PSK],2025-8-1 2:33:33,6,-86,34.0613785,-117.1702576,402.80,1.50,WIFI
3C:84:6A:BD:85:9F,Custom_24,[WPA_WPA2_PSK],2025-8-1 2:33:37,10,-55,34.0610466,-117.1702499,402.80,1.50,WIFI
1C:39:29:0D:20:CF,AD_401_WIN_056905_WW-20cf,[WPA2_PSK],2025-8-1 2:33:38,11,-73,34.0609665,-117.1702499,402.90,1.50,WIFI
C0:6F:98:DA:62:C3,,[WPA3_PSK],2025-8-1 2:33:38,11,-74,34.0609665,-117.1702499,402.90,1.50,WIFI
C0:6F:98:DA:62:C9,,[OPEN],2025-8-1 2:33:38,11,-74,34.0609665,-117.1702499,402.90,1.50,WIFI
C0:6F:98:DA:62:C6,cortez,[WPA2_PSK],2025-8-1 2:33:38,11,-74,34.0609665,-117.1702499,402.90,1.50,WIFI
DC:69:B5:D8:57:66,FiOS-8SJGR,[WPA2_PSK],2025-8-1 2:33:38,11,-75,34.0609665,-117.1702499,402.90,1.50,WIFI
DC:69:B5:D8:57:69,,[OPEN],2025-8-1 2:33:38,11,-76,34.0609665,-117.1702499,402.90,1.50,WIFI
28:EC:22:F1:26:C3,,[WPA3_PSK],2025-8-1 2:33:38,11,-84,34.0609665,-117.1702499,402.90,1.50,WIFI
28:EC:22:F1:26:C6,DaddyTrump,[WPA2_PSK],2025-8-1 2:33:38,11,-84,34.0609665,-117.1702499,402.90,1.50,WIFI
94:3C:96:F6:3B:C6,Frontier0147,[WPA2_PSK],2025-8-1 2:33:41,1,-75,34.0607491,-117.1702499,403.10,1.50,WIFI
94:F7:17:84:4D:50,,[WPA_WPA2_PSK],2025-8-1 2:33:41,1,-76,34.0607491,-117.1702499,403.10,1.50,WIFI
74:93:DA:05:54:46,SpectrumSetup-48,[WPA2_PSK],2025-8-1 2:33:41,1,-79,34.0607491,-117.1702499,403.10,1.50,WIFI
7C:F1:7E:3F:C3:7C,Connecto Patronum_EXT,[WPA2_PSK],2025-8-1 2:33:41,1,-88,34.0607491,-117.1702499,403.10,1.50,WIFI
74:37:5F:86:0F:FB,kbear,[WPA2_PSK],2025-8-1 2:33:41,1,-90,34.0607491,-117.1702499,403.10,1.50,WIFI
14:2B:2F:E8:83:B9,Windmill AC-776C1,[OPEN],2025-8-1 2:33:41,1,-91,34.0607491,-117.1702499,403.10,1.50,WIFI
F0:7B:65:66:68:67,SpectrumSetup-6861,[WPA2_PSK],2025-8-1 2:33:47,6,-68,34.0605278,-117.1702576,403.00,1.50,WIFI
C8:99:B2:DB:34:35,TMOBILE-3433,[WPA2_WPA3_PSK],2025-8-1 2:33:50,9,-82,34.0605049,-117.1702576,403.20,1.50,WIFI
F0:B6:61:8C:48:C4,,[WPA3_PSK],2025-8-1 2:33:52,11,-77,34.0604324,-117.1702576,403.20,1.50,WIFI
F0:B6:61:8C:48:CA,,[OPEN],2025-8-1 2:33:52,11,-77,34.0604324,-117.1702576,403.20,1.50,WIFI
F0:B6:61:8C:48:C7,Sunshine,[WPA2_PSK],2025-8-1 2:33:52,11,-77,34.0604324,-117.1702576,403.20,1.50,WIFI
C0:6F:98:DB:05:89,,[OPEN],2025-8-1 2:33:52,11,-78,34.0604324,-117.1702576,403.20,1.50,WIFI
28:EC:22:FA:07:E3,,[WPA3_PSK],2025-8-1 2:33:52,11,-78,34.0604324,-117.1702576,403.20,1.50,WIFI
C0:6F:98:DB:05:83,,[WPA3_PSK],2025-8-1 2:33:52,11,-80,34.0604324,-117.1702576,403.20,1.50,WIFI
30:34:22:39:1D:E9,,[OPEN],2025-8-1 2:33:52,11,-80,34.0604324,-117.1702576,403.20,1.50,WIFI
C0:6F:98:D9:C0:29,,[OPEN],2025-8-1 2:33:52,11,-80,34.0604324,-117.1702576,403.20,1.50,WIFI
C0:6F:98:D9:C0:23,,[WPA3_PSK],2025-8-1 2:33:52,11,-81,34.0604324,-117.1702576,403.20,1.50,WIFI
30:34:22:39:1D:E6,jeremy,[WPA2_PSK],2025-8-1 2:33:52,11,-83,34.0604324,-117.1702576,403.20,1.50,WIFI
DC:4A:3E:32:71:9F,DIRECT-9E-HP ENVY 4520 series,[WPA2_PSK],2025-8-1 2:33:52,11,-86,34.0604324,-117.1702576,403.20,1.50,WIFI
80:CC:9C:84:6C:D1,HJH :),[WPA2_PSK],2025-8-1 2:33:58,3,-88,34.0600853,-117.1702423,400.30,1.75,WIFI
20:D7:78:D9:D0:1A,ENVOY_071248,[OPEN],2025-8-1 2:34:4,9,-92,34.0596123,-117.1702423,397.50,1.75,WIFI
C8:B4:22:2D:55:67,not a little league team,[WPA2_PSK],2025-8-1 2:34:6,11,-82,34.0594482,-117.1702576,397.60,1.75,WIFI
60:F4:19:40:EB:46,Lana wifi,[WPA2_PSK],2025-8-1 2:34:6,11,-83,34.0594482,-117.1702576,397.60,1.75,WIFI
C0:6F:98:DB:05:86,cortez,[WPA2_PSK],2025-8-1 2:34:6,11,-83,34.0594482,-117.1702576,397.60,1.75,WIFI
F4:52:46:99:31:7B,SpectrumSetup-317E,[WPA2_PSK],2025-8-1 2:34:6,11,-83,34.0594482,-117.1702576,397.60,1.75,WIFI
3C:28:6D:67:46:92,METALLEGS,[WPA2_PSK],2025-8-1 2:34:6,11,-86,34.0594482,-117.1702576,397.60,1.75,WIFI
74:37:5F:56:29:AF,SpectrumSetup-AD,[WPA2_PSK],2025-8-1 2:34:6,11,-91,34.0594482,-117.1702576,397.60,1.75,WIFI
74:37:5F:DA:87:03,SpectrumSetup-01,[WPA2_PSK],2025-8-1 2:34:6,11,-93,34.0594482,-117.1702576,397.60,1.75,WIFI
A4:11:62:54:F2:5E,NTGR_VMB_9772706985,[WPA2_PSK],2025-8-1 2:34:9,1,-82,34.0592308,-117.1702652,397.80,1.75,WIFI
24:F3:E3:12:8F:06,Arizona Green Tea,[WPA2_PSK],2025-8-1 2:34:15,6,-82,34.0590096,-117.1701660,398.00,1.75,WIFI
F0:7B:65:ED:23:B0,SpectrumSetup-23AA,[WPA2_PSK],2025-8-1 2:34:15,6,-88,34.0590096,-117.1701660,398.00,1.75,WIFI
F8:E4:FB:B1:AE:7B,R3HHL,[WPA2_PSK],2025-8-1 2:34:15,6,-89,34.0590096,-117.1701660,398.00,1.75,WIFI
2C:67:BE:2F:2D:DE,SpectrumSetup-2DDA,[WPA2_PSK],2025-8-1 2:34:15,6,-92,34.0590096,-117.1701660,398.00,1.75,WIFI
C8:B4:22:7F:09:14,SpectrumSetup-16,[WPA2_PSK],2025-8-1 2:34:29,6,-84,34.0589714,-117.1690903,400.70,1.75,WIFI
34:53:D2:C4:4A:B4,SpectrumSetup-AE,[WPA2_PSK],2025-8-1 2:34:29,6,-86,34.0589714,-117.1690903,400.70,1.75,WIFI
0E:5A:25:0C:09:55,SpectrumSetup-54,[WPA2_PSK],2025-8-1 2:34:37,1,-84,34.0590363,-117.1688080,400.90,1.75,WIFI
C0:6F:98:D9:C0:26,cortez,[WPA2_PSK],2025-8-1 2:34:48,11,-78,34.0593796,-117.1688538,401.60,1.75,WIFI
24:5A:4C:5E:1F:05,Micah House Chapel-STAFF,[WPA2_PSK],2025-8-1 2:34:48,11,-87,34.0593796,-117.1688538,401.60,1.75,WIFI
7C:9E:BD:39:16:31,Ballroom-Control,[WPA2_PSK],2025-8-1 2:34:48,11,-88,34.0593796,-117.1688538,401.60,1.75,WIFI
78:45:58:4D:12:89,Micah House Chapel-STAFF,[WPA2_PSK],2025-8-1 2:34:51,1,-83,34.0594482,-117.1688309,402.00,1.75,WIFI
7A:45:58:1D:12:89,MH-Volunteer,[WPA2_PSK],2025-8-1 2:34:51,1,-83,34.0594482,-117.1688309,402.00,1.75,WIFI
2C:67:BE:0F:18:23,SpectrumSetup-181F,[WPA2_PSK],2025-8-1 2:34:51,1,-89,34.0594482,-117.1688309,402.00,1.75,WIFI
34:53:D2:B2:4F:DF,SpectrumSetup-D9,[WPA2_PSK],2025-8-1 2:35:5,1,-93,34.0594559,-117.1687698,402.20,1.75,WIFI
2C:EA:DC:20:F6:9D,SpectrumSetup-9F,[WPA2_PSK],2025-8-1 2:35:16,11,-85,34.0594559,-117.1687622,402.30,1.75,WIFI
84:1E:A3:30:4B:BE,SpectrumSetup-B8,[WPA2_PSK],2025-8-1 2:35:16,11,-92,34.0594559,-117.1687622,402.30,1.75,WIFI
90:D3:CF:C1:1A:28,GeekFest713,[WPA2_PSK],2025-8-1 2:35:19,1,-86,34.0594559,-117.1687622,402.30,1.75,WIFI
08:7B:12:5E:B4:7D,Ask me,[WPA2_PSK],2025-8-1 2:35:19,1,-87,34.0594559,-117.1687622,402.30,1.75,WIFI
26:5A:4C:A9:45:82,,[WPA2_PSK],2025-8-1 2:35:46,1,-91,34.0594559,-117.1687546,402.50,1.75,WIFI
94:F7:17:D0:AB:5C,,[WPA_WPA2_PSK],2025-8-1 2:37:37,1,-89,34.0594597,-117.1687469,401.90,1.75,WIFI
FC:DB:21:93:E0:5B,av-trucking-group,[WPA2_WPA3_PSK],2025-8-1 2:38:12,6,-93,34.0594597,-117.1687469,401.90,1.75,WIFI
44:AD:B1:52:25:FE,Queen12bee,[WPA2_PSK],2025-8-1 2:39:27,11,-89,34.0594559,-117.1687393,401.80,1.75,WIFI
D4:05:DE:8D:9A:07,Dont Ask,[WPA2_PSK],2025-8-1 2:39:36,6,-83,34.0594559,-117.1687393,401.70,1.75,WIFI
D4:05:DE:8D:9A:04,,[WPA3_PSK],2025-8-1 2:39:36,6,-84,34.0594559,-117.1687393,401.70,1.75,WIFI
00:0E:8E:5F:B2:48,BusWiFi_86894_312000208,[OPEN],2025-8-1 2:40:24,11,-91,34.0594559,-117.1687469,401.70,2.00,WIFI
F0:7B:65:1F:7F:EF,BYOS,[WPA2_PSK],2025-8-1 2:40:27,1,-92,34.0594559,-117.1687469,401.70,2.00,WIFI
40:2B:50:89:82:58,Connecto Patronum,[WPA2_PSK],2025-8-1 2:40:41,1,-93,34.0594597,-117.1687469,401.70,2.00,WIFI
74:90:BC:13:25:97,Verizon_37TQJR,[WPA2_PSK],2025-8-1 2:41:9,1,-91,34.0594597,-117.1687469,401.60,1.75,WIFI
A0:89:66:95:01:68,,[WPA_WPA2_PSK],2025-8-1 2:41:23,1,-87,34.0594597,-117.1687469,401.60,2.00,WIFI
34:A6:EF:9B:AF:5E,S80_4BED2502,[WPA2_PSK],2025-8-1 2:41:29,6,-89,34.0594597,-117.1687393,401.60,2.00,WIFI
A0:CD:F3:49:6F:EA,gemini-wifi-v1-38EC53,[WPA2_PSK],2025-8-1 2:42:0,10,-90,34.0594635,-117.1687393,401.50,2.00,WIFI
18:A5:FF:F2:98:E8,OROPEZA@2025,[WPA2_WPA3_PSK],2025-8-1 2:42:11,7,-89,34.0594635,-117.1687393,401.40,1.75,WIFI
7A:45:58:2D:12:89,,[WPA2_PSK],2025-8-1 2:43:56,1,-88,34.0594406,-117.1687088,401.10,1.75,WIFI
24:F3:E3:12:8F:03,,[WPA3_PSK],2025-8-1 2:44:2,6,-73,34.0592613,-117.1687088,401.00,1.75,WIFI
24:F3:E3:12:8F:09,,[OPEN],2025-8-1 2:44:2,6,-74,34.0592613,-117.1687088,401.00,1.75,WIFI
E8:51:9E:70:B1:A5,ROVE_R2-4K_70b1a5,[WPA_WPA2_PSK],2025-8-1 2:44:11,1,-83,34.0590324,-117.1687851,400.90,1.75,WIFI
F4:69:42:4D:CF:69,Bluejay,[WPA2_PSK],2025-8-1 2:44:16,6,-89,34.0590172,-117.1687851,400.70,1.75,WIFI
08:F0:1E:F1:3B:E3,,[WPA3_PSK],2025-8-1 2:44:21,11,-78,34.0589714,-117.1686783,401.00,1.75,WIFI
08:F0:1E:F1:3B:E9,,[OPEN],2025-8-1 2:44:21,11,-78,34.0589714,-117.1686783,401.00,1.75,WIFI
08:F0:1E:F1:3B:EF,test Guest,[WPA2_PSK],2025-8-1 2:44:21,11,-78,34.0589714,-117.1686783,401.00,1.75,WIFI
08:F0:1E:F1:3B:E6,Ferrel,[WPA2_PSK],2025-8-1 2:44:21,11,-80,34.0589714,-117.1686783,401.00,1.75,WIFI
D4:05:DE:8D:9A:0A,,[OPEN],2025-8-1 2:44:30,6,-84,34.0589561,-117.1679840,402.00,1.75,WIFI
4C:AB:F8:A6:06:F6,Verizon_LLC4M9,[WPA2_PSK],2025-8-1 2:44:30,6,-85,34.0589561,-117.1679840,402.00,1.75,WIFI
90:D3:CF:39:9D:A3,C-home,[WPA2_PSK],2025-8-1 2:44:30,6,-86,34.0589561,-117.1679840,402.00,1.75,WIFI
48:2F:6B:89:F4:A0,UoR,[WPA2],2025-8-1 2:44:35,11,-84,34.0589447,-117.1675262,402.90,1.75,WIFI
AE:DA:1D:03:A2:3D,7@$Ħ¡3,[WPA2_WPA3_PSK],2025-8-1 2:44:35,11,-87,34.0589447,-117.1675262,402.90,1.75,WIFI
F4:05:95:C7:C1:8E,SpectrumSetup-88,[WPA2_PSK],2025-8-1 2:44:35,11,-93,34.0589447,-117.1675262,402.90,1.75,WIFI
24:F3:E3:1C:E4:86,Wu-Tang LAN,[WPA2_PSK],2025-8-1 2:44:37,1,-80,34.0589447,-117.1673431,403.30,1.75,WIFI
F0:B6:61:C5:32:10,Tanka Jahari,[WPA2_WPA3_PSK],2025-8-1 2:44:44,6,-74,34.0589943,-117.1670227,404.30,1.75,WIFI
F0:B6:61:C5:32:07,Gurlz Haus,[WPA2_WPA3_PSK],2025-8-1 2:44:44,6,-76,34.0589943,-117.1670227,404.30,1.75,WIFI
AC:91:9B:4E:CB:36,Verizon_GB99QB,[WPA2_PSK],2025-8-1 2:44:44,6,-87,34.0589943,-117.1670227,404.30,1.75,WIFI
E8:AD:A6:58:7B:9E,MySpectrumWiFi98-2G,[WPA2_PSK],2025-8-1 2:44:49,11,-81,34.0589828,-117.1669312,404.50,1.75,WIFI
84:A0:6E:B4:CD:E6,Bootyshy-2G,[WPA2_PSK],2025-8-1 2:44:49,11,-83,34.0589828,-117.1669312,404.50,1.75,WIFI
BC:A5:11:70:56:4F,NETGEAR47,[WPA2_PSK],2025-8-1 2:44:49,11,-85,34.0589828,-117.1669312,404.50,1.75,WIFI
A0:89:66:94:FE:60,,[WPA_WPA2_PSK],2025-8-1 2:44:51,1,-87,34.0589142,-117.1669083,404.60,1.75,WIFI
88:67:46:D2:FF:29,,[OPEN],2025-8-1 2:44:58,6,-70,34.0583534,-117.1668930,404.50,1.75,WIFI
88:67:46:D2:FF:26,Frontier4784,[WPA2_PSK],2025-8-1 2:44:58,6,-70,34.0583534,-117.1668930,404.50,1.75,WIFI
F0:B6:61:C5:32:0A,,[OPEN],2025-8-1 2:44:58,6,-71,34.0583534,-117.1668930,404.50,1.75,WIFI
88:67:46:D2:FF:23,,[WPA3_PSK],2025-8-1 2:44:58,6,-71,34.0583534,-117.1668930,404.50,1.75,WIFI
F0:B6:61:C5:32:04,,[WPA3_PSK],2025-8-1 2:44:58,6,-73,34.0583534,-117.1668930,404.50,1.75,WIFI
64:C2:69:89:38:83,,[WPA3_PSK],2025-8-1 2:44:58,6,-80,34.0583534,-117.1668930,404.50,1.75,WIFI
64:C2:69:89:38:85,Gurlz Haus,[WPA2_WPA3_PSK],2025-8-1 2:44:58,6,-81,34.0583534,-117.1668930,404.50,1.75,WIFI
64:C2:69:89:38:8B,Tanka Jahari,[WPA2_WPA3_PSK],2025-8-1 2:44:58,6,-82,34.0583534,-117.1668930,404.50,1.75,WIFI
D4:05:DE:73:49:C4,,[WPA3_PSK],2025-8-1 2:44:58,6,-82,34.0583534,-117.1668930,404.50,1.75,WIFI
A0:40:A0:A7:B3:FE,NTGR_VMB_1462060952,[WPA2_PSK],2025-8-1 2:44:58,6,-82,34.0583534,-117.1668930,404.50,1.75,WIFI
64:C2:69:89:38:87,,[OPEN],2025-8-1 2:44:58,6,-83,34.0583534,-117.1668930,404.50,1.75,WIFI
D4:05:DE:73:49:CA,,[OPEN],2025-8-1 2:44:58,6,-83,34.0583534,-117.1668930,404.50,1.75,WIFI
D4:05:DE:73:49:C7,Frazier99,[WPA2_PSK],2025-8-1 2:44:58,6,-83,34.0583534,-117.1668930,404.50,1.75,WIFI
D4:05:DE:73:49:D0,Frazier99 Guest,[WPA2_PSK],2025-8-1 2:44:58,6,-83,34.0583534,-117.1668930,404.50,1.75,WIFI
DA:5D:E2:3E:18:CD,DIRECT-cd-HP M277 LaserJet,[WPA2_PSK],2025-8-1 2:44:58,6,-88,34.0583534,-117.1668930,404.50,1.75,WIFI
38:94:ED:69:38:28,,[WPA2_PSK],2025-8-1 2:45:2,9,-83,34.0579033,-117.1668854,404.30,1.75,WIFI
3E:94:ED:69:38:28,ORBI36,[WPA2_PSK],2025-8-1 2:45:2,9,-85,34.0579033,-117.1668854,404.30,1.75,WIFI
42:94:ED:69:38:28,Frontier8208,[WPA2_PSK],2025-8-1 2:45:2,9,-86,34.0579033,-117.1668854,404.30,1.75,WIFI
78:76:89:32:FB:07,Soy_Aguila,[WPA2_PSK],2025-8-1 2:45:4,11,-65,34.0576744,-117.1668854,404.10,1.75,WIFI
78:76:89:32:FB:04,,[WPA3_PSK],2025-8-1 2:45:4,11,-65,34.0576744,-117.1668854,404.10,1.75,WIFI
78:76:89:32:FB:0A,,[OPEN],2025-8-1 2:45:4,11,-65,34.0576744,-117.1668854,404.10,1.75,WIFI
24:F3:E3:E3:40:46,PoundTownUSA.com,[WPA2_PSK],2025-8-1 2:45:4,11,-68,34.0576744,-117.1668854,404.10,1.75,WIFI
24:F3:E3:E3:40:43,,[WPA3_PSK],2025-8-1 2:45:4,11,-69,34.0576744,-117.1668854,404.10,1.75,WIFI
24:F3:E3:E3:40:49,,[OPEN],2025-8-1 2:45:4,11,-69,34.0576744,-117.1668854,404.10,1.75,WIFI
74:37:5F:CE:AC:0F,wompy woods,[WPA2_PSK],2025-8-1 2:45:4,11,-75,34.0576744,-117.1668854,404.10,1.75,WIFI
78:76:89:38:4A:64,,[WPA3_PSK],2025-8-1 2:45:4,11,-75,34.0576744,-117.1668854,404.10,1.75,WIFI
78:76:89:38:4A:6A,,[OPEN],2025-8-1 2:45:4,11,-76,34.0576744,-117.1668854,404.10,1.75,WIFI
78:76:89:38:4A:67,Soy_Aguila,[WPA2_PSK],2025-8-1 2:45:4,11,-76,34.0576744,-117.1668854,404.10,1.75,WIFI
B0:FC:88:38:0D:56,TechnoHouse23,[WPA2_PSK],2025-8-1 2:45:5,1,-69,34.0575676,-117.1668854,404.10,1.75,WIFI
FC:3D:73:3C:EA:C6,Hello_ you,[WPA2_PSK],2025-8-1 2:45:5,1,-87,34.0575676,-117.1668854,404.10,1.75,WIFI
F0:7B:65:C0:FF:70,twinflame,[WPA2_PSK],2025-8-1 2:45:13,6,-76,34.0567169,-117.1669235,403.20,1.75,WIFI
F4:05:95:D6:35:C9,SpectrumSetup-C3,[WPA2_PSK],2025-8-1 2:45:13,6,-78,34.0567169,-117.1669235,403.20,1.75,WIFI
34:53:D2:F0:1F:35,SpectrumSetup-2F,[WPA2_PSK],2025-8-1 2:45:18,11,-66,34.0563622,-117.1668777,406.20,1.75,WIFI
98:1E:19:29:9C:36,MySpectrumWiFi30-2G,[WPA2_PSK],2025-8-1 2:45:18,11,-90,34.0563622,-117.1668777,406.20,1.75,WIFI
12:E8:A7:F8:EA:B3,CINDYLU633,[WPA2_PSK],2025-8-1 2:45:20,1,-71,34.0563049,-117.1668701,407.80,1.75,WIFI
D8:CF:61:37:3E:27,SotoInternet,[WPA2_WPA3_PSK],2025-8-1 2:45:20,1,-85,34.0563049,-117.1668701,407.80,1.75,WIFI
74:37:5F:97:34:1F,SpectrumSetup-1D,[WPA2_PSK],2025-8-1 2:45:20,1,-86,34.0563049,-117.1668701,407.80,1.75,WIFI
14:2D:27:3C:51:D1,ACK4611,[WPA2_PSK],2025-8-1 2:45:20,1,-90,34.0563049,-117.1668701,407.80,1.75,WIFI
94:18:65:36:25:8E,Frontier2336,[WPA2_PSK],2025-8-1 2:45:20,1,-90,34.0563049,-117.1668701,407.80,1.75,WIFI
80:69:1A:6F:9C:D7,RingBooster,[WPA2_PSK],2025-8-1 2:45:26,5,-87,34.0559692,-117.1668854,408.30,1.75,WIFI
86:69:1A:6F:9C:D7,,[WPA2_PSK],2025-8-1 2:45:26,5,-87,34.0559692,-117.1668854,408.30,1.75,WIFI
5C:62:8B:AB:C7:1E,Frontier2704_Deco,[WPA2_PSK],2025-8-1 2:45:27,6,-89,34.0559044,-117.1668854,408.10,1.75,WIFI
7E:F1:7E:2F:01:8A,Hk construction ,[WPA2_PSK],2025-8-1 2:45:28,7,-85,34.0558434,-117.1668854,407.90,1.75,WIFI
7C:F1:7E:CF:01:8A,,[WPA_WPA2_PSK],2025-8-1 2:45:28,7,-87,34.0558434,-117.1668854,407.90,1.75,WIFI
06:31:92:45:98:0C,,[WPA2_PSK],2025-8-1 2:45:30,9,-78,34.0557289,-117.1668930,407.40,1.75,WIFI
00:31:92:45:75:AA,FOREVERMORE,[WPA2_PSK],2025-8-1 2:45:30,9,-79,34.0557289,-117.1668930,407.40,1.75,WIFI
00:31:92:45:98:0C,FOREVERMORE,[WPA2_PSK],2025-8-1 2:45:30,9,-79,34.0557289,-117.1668930,407.40,1.75,WIFI
06:31:92:45:75:AA,,[WPA2_PSK],2025-8-1 2:45:30,9,-87,34.0557289,-117.1668930,407.40,1.75,WIFI
38:94:ED:68:83:A3,ORBI36,[WPA2_PSK],2025-8-1 2:45:30,9,-88,34.0557289,-117.1668930,407.40,1.75,WIFI
A0:89:66:9D:A1:F8,,[WPA_WPA2_PSK],2025-8-1 2:45:32,11,-79,34.0556412,-117.1669312,406.90,1.75,WIFI
24:41:FE:47:56:CA,Verizon_67MGKY,[WPA3_PSK],2025-8-1 2:45:32,11,-86,34.0556412,-117.1669312,406.90,1.75,WIFI
94:98:8F:3F:C1:67,JJJWIFI,[WPA2_WPA3_PSK],2025-8-1 2:45:34,1,-87,34.0555878,-117.1670074,406.40,1.75,WIFI
1C:B0:44:24:AF:17,SpectrumSetup-19,[WPA2_PSK],2025-8-1 2:45:34,1,-89,34.0555878,-117.1670074,406.40,1.75,WIFI
D0:16:7C:27:34:B4,Gaby's Casa,[WPA2_PSK],2025-8-1 2:45:41,6,-72,34.0555687,-117.1676865,403.30,1.75,WIFI
D0:16:7C:27:34:B2,,[WPA3_PSK],2025-8-1 2:45:41,6,-73,34.0555687,-117.1676865,403.30,1.75,WIFI
D0:16:7C:27:34:B6,,[OPEN],2025-8-1 2:45:41,6,-73,34.0555687,-117.1676865,403.30,1.75,WIFI
64:97:14:DF:49:44,,[WPA3_PSK],2025-8-1 2:45:41,6,-82,34.0555687,-117.1676865,403.30,1.75,WIFI
64:97:14:DF:49:46,Gaby's Casa,[WPA2_PSK],2025-8-1 2:45:41,6,-83,34.0555687,-117.1676865,403.30,1.75,WIFI
64:97:14:DF:49:48,,[OPEN],2025-8-1 2:45:41,6,-84,34.0555687,-117.1676865,403.30,1.75,WIFI
D0:16:7C:24:80:06,,[OPEN],2025-8-1 2:45:41,6,-84,34.0555687,-117.1676865,403.30,1.75,WIFI
7A:FE:CE:7E:F9:2E,,[WPA2_PSK],2025-8-1 2:45:41,6,-94,34.0555687,-117.1676865,403.30,1.75,WIFI
42:94:ED:68:83:A3,Frontier8208,[WPA2_PSK],2025-8-1 2:45:44,9,-93,34.0555649,-117.1680527,402.10,1.75,WIFI
3E:94:ED:68:83:A3,,[WPA2_PSK],2025-8-1 2:45:44,9,-95,34.0555649,-117.1680527,402.10,1.75,WIFI
D4:A9:28:15:32:C8,FiOS-MGL5B,[WPA2_PSK],2025-8-1 2:45:46,11,-83,34.0555649,-117.1683044,401.40,1.75,WIFI
44:AD:B1:41:62:B6,SpectrumSetup-B0,[WPA2_PSK],2025-8-1 2:45:46,11,-86,34.0555649,-117.1683044,401.40,1.75,WIFI
B0:FC:88:26:31:A7,SpectrumSetup-A1,[WPA2_PSK],2025-8-1 2:45:46,11,-89,34.0555649,-117.1683044,401.40,1.75,WIFI
4C:19:5D:83:E7:0A,Bookish,[WPA2_PSK],2025-8-1 2:45:46,11,-89,34.0555649,-117.1683044,401.40,1.75,WIFI
00:30:44:9D:5C:9F,IBR600C-c9e,[WPA2_PSK],2025-8-1 2:45:46,11,-90,34.0555649,-117.1683044,401.40,1.75,WIFI
58:2F:F7:F5:AD:D6,SpectrumSetup-D0,[WPA2_PSK],2025-8-1 2:45:48,1,-69,34.0555649,-117.1685410,400.90,1.75,WIFI
74:37:5F:8E:74:3B,SpectrumSetup-39,[WPA2_PSK],2025-8-1 2:45:48,1,-83,34.0555649,-117.1685410,400.90,1.75,WIFI
FC:12:63:F5:20:4D,blackcherry,[WPA2_PSK],2025-8-1 2:45:48,1,-88,34.0555649,-117.1685410,400.90,1.75,WIFI
4C:AB:F8:4C:3C:B9,SpectrumSetup-BB,[WPA2_PSK],2025-8-1 2:45:48,1,-92,34.0555649,-117.1685410,400.90,1.75,WIFI
84:70:D7:02:BA:44,,[WPA3_PSK],2025-8-1 2:45:55,6,-69,34.0555611,-117.1693573,399.30,1.75,WIFI
84:70:D7:02:BA:4A,,[OPEN],2025-8-1 2:45:55,6,-70,34.0555611,-117.1693573,399.30,1.75,WIFI
84:70:D7:02:BA:47,Daytona & Hexie,[WPA2_PSK],2025-8-1 2:45:55,6,-71,34.0555611,-117.1693573,399.30,1.75,WIFI
D4:05:DE:E8:82:0A,,[OPEN],2025-8-1 2:45:55,6,-75,34.0555611,-117.1693573,399.30,1.75,WIFI
D4:05:DE:E8:82:07,Daytona & Hexie,[WPA2_PSK],2025-8-1 2:45:55,6,-75,34.0555611,-117.1693573,399.30,1.75,WIFI
D4:05:DE:E8:82:04,,[WPA3_PSK],2025-8-1 2:45:55,6,-76,34.0555611,-117.1693573,399.30,1.75,WIFI
D0:16:7C:24:80:02,,[WPA3_PSK],2025-8-1 2:45:55,6,-83,34.0555611,-117.1693573,399.30,1.75,WIFI
32:24:A9:57:08:3B,DIRECT-3B-HP OfficeJet Pro 8210,[WPA2_PSK],2025-8-1 2:45:55,6,-84,34.0555611,-117.1693573,399.30,1.75,WIFI
62:E9:AA:2F:6B:06,DIRECT-06-HP M209 LaserJet,[WPA2_PSK],2025-8-1 2:45:55,6,-84,34.0555611,-117.1693573,399.30,1.75,WIFI
62:E9:AA:2F:7F:5C,DIRECT-5c-HP M209 LaserJet,[WPA2_PSK],2025-8-1 2:45:55,6,-84,34.0555611,-117.1693573,399.30,1.75,WIFI
3A:CA:84:37:39:C5,DIRECT-C5-HP M454dw Color LJ,[WPA2_PSK],2025-8-1 2:45:55,6,-88,34.0555611,-117.1693573,399.30,1.75,WIFI
82:5B:65:27:57:EA,[LG_Oven]57ea,[WPA2_PSK],2025-8-1 2:46:0,11,-95,34.0555611,-117.1699448,398.20,1.75,WIFI
88:67:46:8D:7F:03,,[WPA3_PSK],2025-8-1 2:46:3,1,-83,34.0555687,-117.1703110,397.80,1.50,WIFI
88:67:46:8D:7F:06,Gillam,[WPA2_PSK],2025-8-1 2:46:3,1,-84,34.0555687,-117.1703110,397.80,1.50,WIFI
74:93:DA:92:5B:8D,SpectrumSetup-8F,[WPA2_PSK],2025-8-1 2:46:3,1,-86,34.0555687,-117.1703110,397.80,1.50,WIFI
C4:EB:42:9A:9A:97,TMOBILE-9A91,[WPA2_WPA3_PSK],2025-8-1 2:46:3,1,-91,34.0555687,-117.1703110,397.80,1.50,WIFI
DE:CB:BC:B9:7D:2E,,[WPA2],2025-8-1 2:46:3,1,-93,34.0555687,-117.1703110,397.80,1.50,WIFI
62:E9:AA:2F:6B:80,DIRECT-80-HP M209 LaserJet,[WPA2_PSK],2025-8-1 2:46:9,6,-76,34.0555801,-117.1710434,397.20,1.50,WIFI
C2:B5:D7:14:AF:86,DIRECT-86-HP M281 LaserJet,[WPA2_PSK],2025-8-1 2:46:9,6,-77,34.0555801,-117.1710434,397.20,1.50,WIFI
62:E9:AA:6B:2F:28,DIRECT-28-HP M209 LaserJet,[WPA2_PSK],2025-8-1 2:46:9,6,-88,34.0555801,-117.1710434,397.20,1.50,WIFI
04:F0:21:67:B9:E5,,[WPA2_PSK],2025-8-1 2:46:15,11,-67,34.0555801,-117.1717529,396.50,1.50,WIFI
3E:8D:DB:6D:43:80,SBCSS_Redlands,[WPA2_PSK],2025-8-1 2:46:15,11,-73,34.0555801,-117.1717529,396.50,1.50,WIFI
1A:8D:DB:6D:43:80,rusd_facl,[WPA2_PSK],2025-8-1 2:46:15,11,-75,34.0555801,-117.1717529,396.50,1.50,WIFI
12:8D:DB:6D:43:80,RUSD_WiFi,[WPA2],2025-8-1 2:46:15,11,-75,34.0555801,-117.1717529,396.50,1.50,WIFI
2A:8D:DB:6D:43:80,student_chrome,[OPEN],2025-8-1 2:46:15,11,-76,34.0555801,-117.1717529,396.50,1.50,WIFI
36:8D:DB:6D:43:80,RUSD_Devices,[WPA2_PSK],2025-8-1 2:46:15,11,-77,34.0555801,-117.1717529,396.50,1.50,WIFI
90:D3:CF:66:F3:BB,Linksys101,[WPA2_PSK],2025-8-1 2:46:15,11,-90,34.0555801,-117.1717529,396.50,1.50,WIFI
50:95:51:B5:E8:84,MySpectrumWiFi83-2G,[WPA2_PSK],2025-8-1 2:46:15,11,-91,34.0555801,-117.1717529,396.50,1.50,WIFI
B0:B3:53:71:91:3D,,[WPA2_PSK],2025-8-1 2:46:15,13,-93,34.0555801,-117.1717529,396.50,1.50,WIFI
F8:5B:3B:0A:9C:45,ShaBzness,[WPA2_PSK],2025-8-1 2:46:17,1,-87,34.0555840,-117.1719818,396.50,1.50,WIFI
10:8E:BA:04:AD:E7,,[WPA2_PSK],2025-8-1 2:46:17,1,-90,34.0555840,-117.1719818,396.50,1.50,WIFI
AC:91:9B:BC:8A:AC,Verizon_9MLSSG,[WPA2_PSK],2025-8-1 2:46:17,1,-92,34.0555840,-117.1719818,396.50,1.50,WIFI
62:E9:AA:6B:2A:58,DIRECT-58-HP M209 LaserJet,[WPA2_PSK],2025-8-1 2:46:24,6,-75,34.0555840,-117.1728134,394.70,1.50,WIFI
62:E9:AA:2F:7E:BC,DIRECT-bc-HP M209 LaserJet,[WPA2_PSK],2025-8-1 2:46:24,6,-77,34.0555840,-117.1728134,394.70,1.50,WIFI
62:E9:AA:30:8E:48,DIRECT-48-HP M209 LaserJet,[WPA2_PSK],2025-8-1 2:46:24,6,-78,34.0555840,-117.1728134,394.70,1.50,WIFI
BC:96:E5:39:82:A0,SpectrumSetup-829C,[WPA2_PSK],2025-8-1 2:46:24,6,-80,34.0555840,-117.1728134,394.70,1.50,WIFI
62:E9:AA:2F:70:94,DIRECT-94-HP M209 LaserJet,[WPA2_PSK],2025-8-1 2:46:24,6,-80,34.0555840,-117.1728134,394.70,1.50,WIFI
34:53:D2:3E:98:C6,SpectrumSetup-C0,[WPA2_PSK],2025-8-1 2:46:24,6,-84,34.0555840,-117.1728134,394.70,1.50,WIFI
62:E9:AA:2F:7F:1C,DIRECT-1c-HP M209 LaserJet,[WPA2_PSK],2025-8-1 2:46:24,6,-86,34.0555840,-117.1728134,394.70,1.50,WIFI
62:E9:AA:2F:70:96,DIRECT-96-HP M209 LaserJet,[WPA2_PSK],2025-8-1 2:46:24,6,-87,34.0555840,-117.1728134,394.70,1.50,WIFI
98:ED:7E:39:8D:44,,[WPA3_PSK],2025-8-1 2:46:29,11,-76,34.0555801,-117.1734009,393.80,1.50,WIFI
98:ED:7E:39:8D:4A,,[OPEN],2025-8-1 2:46:29,11,-76,34.0555801,-117.1734009,393.80,1.50,WIFI
98:ED:7E:39:8D:47,Nalora,[WPA2_PSK],2025-8-1 2:46:29,11,-76,34.0555801,-117.1734009,393.80,1.50,WIFI
F0:7B:65:26:3E:58,SpectrumSetup-A8,[WPA2_PSK],2025-8-1 2:46:29,11,-87,34.0555801,-117.1734009,393.80,1.50,WIFI
24:F3:E3:CE:2F:43,,[WPA3_PSK],2025-8-1 2:46:32,1,-63,34.0555801,-117.1736298,393.30,1.50,WIFI
24:F3:E3:CE:2F:49,,[OPEN],2025-8-1 2:46:32,1,-64,34.0555801,-117.1736298,393.30,1.50,WIFI
24:F3:E3:CE:2F:46,nbtriton,[WPA2_PSK],2025-8-1 2:46:32,1,-68,34.0555801,-117.1736298,393.30,1.50,WIFI
44:AD:B1:82:DE:A6,PandaFam-4,[WPA2_PSK],2025-8-1 2:46:32,1,-80,34.0555801,-117.1736298,393.30,1.50,WIFI
BA:8B:A9:DA:99:51,,[WPA2_PSK],2025-8-1 2:46:32,1,-82,34.0555801,-117.1736298,393.30,1.50,WIFI
AC:8B:A9:DA:99:51,,[WPA2_WPA3_PSK],2025-8-1 2:46:32,1,-84,34.0555801,-117.1736298,393.30,1.50,WIFI
54:04:63:C5:54:41,,[WPA_WPA2_PSK],2025-8-1 2:46:32,1,-86,34.0555801,-117.1736298,393.30,1.50,WIFI
00:1C:7B:D1:3F:E7,Zoomd609,[WPA_WPA2_PSK],2025-8-1 2:46:32,1,-89,34.0555801,-117.1736298,393.30,1.50,WIFI
AC:8B:A9:5F:60:9A,,[WPA2_WPA3_PSK],2025-8-1 2:46:32,1,-92,34.0555801,-117.1736298,393.30,1.50,WIFI
62:E9:AA:2F:72:0C,DIRECT-0c-HP M209 LaserJet,[WPA2_PSK],2025-8-1 2:46:38,6,-72,34.0555801,-117.1737366,393.20,1.50,WIFI
06:92:BF:57:CD:AB,,[WPA2_PSK],2025-8-1 2:46:38,6,-77,34.0555801,-117.1737366,393.20,1.50,WIFI
F4:05:95:9F:18:5A,SpectrumSetup-54,[WPA2_PSK],2025-8-1 2:46:38,6,-77,34.0555801,-117.1737366,393.20,1.50,WIFI
F4:92:BF:57:CD:AB,Discount Auto,[WPA2_PSK],2025-8-1 2:46:38,6,-77,34.0555801,-117.1737366,393.20,1.50,WIFI
02:92:BF:57:CD:AB,camera,[WPA2_PSK],2025-8-1 2:46:38,6,-77,34.0555801,-117.1737366,393.20,1.50,WIFI
A4:97:33:38:DD:27,SpectrumSetup-29,[WPA2_PSK],2025-8-1 2:46:38,6,-78,34.0555801,-117.1737366,393.20,1.50,WIFI
FE:92:BF:57:CD:AB,Discount Auto Guest,[OPEN],2025-8-1 2:46:38,6,-78,34.0555801,-117.1737366,393.20,1.50,WIFI
FA:92:BF:57:CD:AB,DATS-IoT,[WPA2_PSK],2025-8-1 2:46:38,6,-79,34.0555801,-117.1737366,393.20,1.50,WIFI
22:AD:56:4E:C9:E3,HotspotC9E3,[WPA_WPA2_PSK],2025-8-1 2:46:38,6,-80,34.0555801,-117.1737366,393.20,1.50,WIFI
B2:46:9D:26:66:52,,[WPA2],2025-8-1 2:46:38,6,-84,34.0555801,-117.1737366,393.20,1.50,WIFI
62:E9:AA:6B:25:92,DIRECT-92-HP M209 LaserJet,[WPA2_PSK],2025-8-1 2:46:38,6,-85,34.0555801,-117.1737366,393.20,1.50,WIFI
08:97:58:00:58:3A,JLAN_18648,[WPA2_PSK],2025-8-1 2:46:38,6,-87,34.0555801,-117.1737366,393.20,1.50,WIFI
98:ED:7E:39:8D:50,Nalora Guest,[WPA2_PSK],2025-8-1 2:46:43,11,-70,34.0555801,-117.1737671,393.30,1.50,WIFI
9E:18:88:BE:79:20,,[WPA_WPA2_PSK],2025-8-1 2:46:43,11,-81,34.0555801,-117.1737671,393.30,1.50,WIFI
8E:18:88:BE:79:20,,[WPA2_PSK],2025-8-1 2:46:43,11,-82,34.0555801,-117.1737671,393.30,1.50,WIFI
B2:8B:A9:DA:99:51,,[WPA2_PSK],2025-8-1 2:46:46,1,-82,34.0555763,-117.1739349,393.10,1.50,WIFI
B6:8B:A9:DA:99:51,,[WPA2_PSK],2025-8-1 2:46:46,1,-82,34.0555763,-117.1739349,393.10,1.50,WIFI
82:18:88:BE:79:23,,[WPA2],2025-8-1 2:46:46,1,-84,34.0555763,-117.1739349,393.10,1.50,WIFI
BC:96:E5:08:20:61,TMOBILE-205F,[WPA2_WPA3_PSK],2025-8-1 2:46:46,1,-84,34.0555763,-117.1739349,393.10,1.50,WIFI
22:AD:56:2C:7A:27,Hotspot7A27,[WPA_WPA2_PSK],2025-8-1 2:46:46,1,-89,34.0555763,-117.1739349,393.10,1.50,WIFI
2C:EA:DC:21:DE:7D,SpectrumSetup-7F,[WPA2_PSK],2025-8-1 2:46:46,1,-89,34.0555763,-117.1739349,393.10,1.50,WIFI
AC:8B:A9:5F:5B:E6,,[WPA2_WPA3_PSK],2025-8-1 2:46:46,1,-90,34.0555763,-117.1739349,393.10,1.50,WIFI
EE:55:A8:09:91:9B,DelManager,[WPA2],2025-8-1 2:46:46,1,-95,34.0555763,-117.1739349,393.10,1.50,WIFI
94:F7:BE:2D:AA:6A,Geeezus,[WPA2_WPA3_PSK],2025-8-1 2:46:47,2,-90,34.0555763,-117.1740265,393.10,1.50,WIFI
F2:A6:54:D5:EF:8E,DIRECT-gSMFC-L3710CW_BRef8e,[WPA2_PSK],2025-8-1 2:46:52,6,-79,34.0555687,-117.1744995,392.20,1.50,WIFI
74:97:8E:02:5B:FA,Helium,[WPA2],2025-8-1 2:46:52,6,-88,34.0555687,-117.1744995,392.20,1.50,WIFI
5A:E4:03:9E:E2:5D,myChevrolet E25D,[WPA2_PSK],2025-8-1 2:46:53,7,-88,34.0555687,-117.1745987,392.10,1.50,WIFI
14:59:C0:A1:C5:3C,local1354Dormroom,[WPA2_PSK],2025-8-1 2:46:55,9,-76,34.0555611,-117.1747971,391.70,1.50,WIFI
00:C8:96:D1:55:72,,[WPA_WPA2_PSK],2025-8-1 2:47:0,1,-74,34.0555534,-117.1752777,391.00,1.50,WIFI
E8:4E:06:87:21:55,PWM35594,[WPA2_PSK],2025-8-1 2:47:0,1,-81,34.0555534,-117.1752777,391.00,1.50,WIFI
F0:9F:C2:D1:51:78,Thrif T Lodge,[WPA2_PSK],2025-8-1 2:47:0,1,-82,34.0555534,-117.1752777,391.00,1.50,WIFI
08:55:31:67:A5:32,NextDVP-U000213074946,[WPA_WPA2_PSK],2025-8-1 2:47:0,1,-85,34.0555534,-117.1752777,391.00,1.50,WIFI
F6:9F:C2:D1:51:78,,[WPA2_PSK],2025-8-1 2:47:0,1,-87,34.0555534,-117.1752777,391.00,1.50,WIFI
10:DA:43:AB:1B:87,NETGEAR10,[WPA2_PSK],2025-8-1 2:47:4,4,-89,34.0555496,-117.1755829,390.40,1.50,WIFI
D0:6D:C9:2D:C8:56,Frontier0957,[WPA2_PSK],2025-8-1 2:47:6,6,-84,34.0555496,-117.1757507,390.30,1.50,WIFI
EE:55:A8:48:A6:12,CityThatWorks,[WPA2],2025-8-1 2:47:8,8,-82,34.0555496,-117.1759338,390.10,1.50,WIFI
14:59:C0:A1:C5:51,NETGEAR09,[WPA2_PSK],2025-8-1 2:47:8,8,-83,34.0555496,-117.1759338,390.10,1.50,WIFI
E2:55:A8:48:A6:12,,[WPA_WPA2_PSK],2025-8-1 2:47:8,8,-85,34.0555496,-117.1759338,390.10,1.50,WIFI
14:7D:05:4B:24:5B,deaux,[WPA2_PSK],2025-8-1 2:47:11,11,-75,34.0555496,-117.1762619,389.50,1.50,WIFI
EE:55:A8:A2:DA:07,CONFIRE,[WPA2_PSK],2025-8-1 2:47:11,11,-80,34.0555496,-117.1762619,389.50,1.50,WIFI
EE:55:A8:A2:DC:E8,CONFIRE,[WPA2_PSK],2025-8-1 2:47:14,1,-77,34.0555458,-117.1765976,389.00,1.50,WIFI
10:0C:6B:13:CD:0B,NETGEAR56,[WPA2_PSK],2025-8-1 2:47:19,5,-81,34.0555382,-117.1771622,388.00,1.50,WIFI
FC:12:63:8F:F3:A2,Verizon_BRL3K4,[WPA2_PSK],2025-8-1 2:47:20,6,-60,34.0555458,-117.1772690,387.90,1.50,WIFI
18:A9:ED:60:0D:8F,ShearPerfection Guest,[OPEN],2025-8-1 2:47:20,6,-75,34.0555458,-117.1772690,387.90,1.50,WIFI
92:D3:1D:FC:A3:94,,[WPA2_PSK],2025-8-1 2:47:20,6,-75,34.0555458,-117.1772690,387.90,1.50,WIFI
18:A9:ED:60:0D:86,ShearPerfection,[WPA2_PSK],2025-8-1 2:47:20,6,-76,34.0555458,-117.1772690,387.90,1.50,WIFI
60:22:32:47:02:7D,RedlandsLaw,[WPA2_WPA3_PSK],2025-8-1 2:47:20,6,-78,34.0555458,-117.1772690,387.90,1.50,WIFI
CE:5E:F8:AE:01:9A,DIRECT-9a-HP M283 LaserJet,[WPA2_PSK],2025-8-1 2:47:20,6,-85,34.0555458,-117.1772690,387.90,1.50,WIFI
8A:78:48:D2:69:91,Y-fi,[WPA2_WPA3_PSK],2025-8-1 2:47:20,6,-89,34.0555458,-117.1772690,387.90,1.50,WIFI
10:62:E5:B4:8C:72,DIRECT-71-HP OfficeJet Pro 8710,[WPA2_PSK],2025-8-1 2:47:22,8,-85,34.0555496,-117.1774902,387.50,1.50,WIFI
B0:39:56:4F:81:E3,ANACONDA,[WPA2_PSK],2025-8-1 2:47:23,9,-69,34.0555496,-117.1775970,387.30,1.50,WIFI
F6:B4:D2:F9:1B:AB,Miner Secure,[WPA2_WPA3_PSK],2025-8-1 2:47:23,9,-82,34.0555496,-117.1775970,387.30,1.50,WIFI
AC:D3:1D:FC:A4:6F,Sturdy Bridge,[WPA2_PSK],2025-8-1 2:47:25,11,-63,34.0555496,-117.1778183,386.90,1.50,WIFI
92:D3:1D:FC:A4:6F,,[WPA2_PSK],2025-8-1 2:47:25,11,-64,34.0555496,-117.1778183,386.90,1.50,WIFI
AA:D3:1D:FC:A4:6F,Citrone Guest,[WPA2_PSK],2025-8-1 2:47:25,11,-64,34.0555496,-117.1778183,386.90,1.50,WIFI
94:3C:96:FA:98:96,Frontier1316,[WPA2_PSK],2025-8-1 2:47:25,11,-66,34.0555496,-117.1778183,386.90,1.50,WIFI
7C:DB:98:49:58:41,MySpectrumWiFi43-2G,[WPA2_PSK],2025-8-1 2:47:25,11,-67,34.0555496,-117.1778183,386.90,1.50,WIFI
EE:55:A8:48:A5:92,CityThatWorks,[WPA2],2025-8-1 2:47:25,11,-72,34.0555496,-117.1778183,386.90,1.50,WIFI
E4:55:A8:48:A5:92,RedCity,[WPA_WPA2_PSK],2025-8-1 2:47:25,11,-72,34.0555496,-117.1778183,386.90,1.50,WIFI
D4:05:DE:20:DF:EA,,[OPEN],2025-8-1 2:47:25,11,-76,34.0555496,-117.1778183,386.90,1.50,WIFI
84:A0:6E:B6:E8:BE,UNCORKEDONSTATE2,[WPA2_PSK],2025-8-1 2:47:28,1,-80,34.0555534,-117.1781235,386.50,1.50,WIFI
4C:ED:FB:31:02:50,FWY,[WPA2_PSK],2025-8-1 2:47:31,3,-82,34.0555534,-117.1784058,386.10,1.50,WIFI
40:B0:34:7E:0F:D6,DIRECT-D5-HP OfficeJet Pro 8720,[WPA2_PSK],2025-8-1 2:47:34,6,-61,34.0555573,-117.1787033,385.50,1.50,WIFI
8E:49:62:3D:0D:11,,[WPA2_PSK],2025-8-1 2:47:34,6,-66,34.0555573,-117.1787033,385.50,1.50,WIFI
9C:3D:CF:81:E0:42,NETGEAR76,[WPA2_PSK],2025-8-1 2:47:34,6,-68,34.0555573,-117.1787033,385.50,1.50,WIFI
9C:4F:5F:48:96:DA,swoonswank,[WPA2_PSK],2025-8-1 2:47:34,6,-70,34.0555573,-117.1787033,385.50,1.50,WIFI
78:71:9C:18:38:B0,DG1670AB2,[WPA2_PSK],2025-8-1 2:47:34,6,-73,34.0555573,-117.1787033,385.50,1.50,WIFI
E2:55:7D:48:0F:65,RPD Corp,[WPA2],2025-8-1 2:47:34,6,-73,34.0555573,-117.1787033,385.50,1.50,WIFI
E2:55:7D:48:0F:66,RPD BYOD,[WPA2],2025-8-1 2:47:34,6,-73,34.0555573,-117.1787033,385.50,1.50,WIFI
E2:55:7D:48:0F:6B,RPD,[WPA2_PSK],2025-8-1 2:47:34,6,-73,34.0555573,-117.1787033,385.50,1.50,WIFI
E2:55:7D:48:0F:6E,rpdguest,[WPA2_PSK],2025-8-1 2:47:34,6,-73,34.0555573,-117.1787033,385.50,1.50,WIFI
E2:55:7D:48:0F:63,Redlands Private,[WPA2_PSK],2025-8-1 2:47:34,6,-74,34.0555573,-117.1787033,385.50,1.50,WIFI
E2:55:7D:48:0F:64,Redlands Internet,[WPA2_PSK],2025-8-1 2:47:34,6,-74,34.0555573,-117.1787033,385.50,1.50,WIFI
82:E8:2C:AA:B2:F5,DIRECT-F5-HP M454dw Color LJ,[WPA2_PSK],2025-8-1 2:47:34,6,-75,34.0555573,-117.1787033,385.50,1.50,WIFI
E2:55:7D:48:0F:62,Redlands BYOD,[WPA2],2025-8-1 2:47:34,6,-77,34.0555573,-117.1787033,385.50,1.50,WIFI
2C:AA:8E:A7:E5:4E,WYZE_AF62AE51676F3C8A,[WPA_WPA2_PSK],2025-8-1 2:47:34,6,-86,34.0555573,-117.1787033,385.50,1.50,WIFI
72:D7:9A:D1:45:BD,,[WPA2_PSK],2025-8-1 2:47:34,6,-90,34.0555573,-117.1787033,385.50,1.50,WIFI
10:0C:6B:59:CD:3C,,[WPA2_PSK],2025-8-1 2:47:36,8,-84,34.0555611,-117.1788940,385.50,1.50,WIFI
E4:55:A8:48:A6:12,RedCity,[WPA_WPA2_PSK],2025-8-1 2:47:36,8,-87,34.0555611,-117.1788940,385.50,1.50,WIFI
5C:18:DD:F9:1A:2C,,[WPA_WPA2_PSK],2025-8-1 2:47:37,9,-78,34.0555611,-117.1789932,385.00,1.50,WIFI
D4:05:DE:20:DF:E7,Energy Lab,[WPA2_PSK],2025-8-1 2:47:39,11,-64,34.0555611,-117.1791916,384.60,1.50,WIFI
D4:05:DE:20:DF:E4,,[WPA3_PSK],2025-8-1 2:47:39,11,-67,34.0555611,-117.1791916,384.60,1.50,WIFI
98:ED:7E:29:95:2A,,[OPEN],2025-8-1 2:47:39,11,-72,34.0555611,-117.1791916,384.60,1.50,WIFI
98:ED:7E:29:95:30,210 Redlands Guest,[WPA2_PSK],2025-8-1 2:47:39,11,-72,34.0555611,-117.1791916,384.60,1.50,WIFI
F0:B6:61:B9:D9:6A,,[OPEN],2025-8-1 2:47:39,11,-79,34.0555611,-117.1791916,384.60,1.50,WIFI
98:ED:7E:2B:CF:2A,,[OPEN],2025-8-1 2:47:39,11,-80,34.0555611,-117.1791916,384.60,1.50,WIFI
F0:B6:61:B9:D9:64,,[WPA3_PSK],2025-8-1 2:47:39,11,-80,34.0555611,-117.1791916,384.60,1.50,WIFI
90:D3:CF:29:3D:DB,SpectrumSetup-3DDE,[WPA2_PSK],2025-8-1 2:47:39,11,-85,34.0555611,-117.1791916,384.60,1.50,WIFI
F4:52:46:DA:11:34,SpectrumSetup-1137,[WPA2_PSK],2025-8-1 2:47:39,11,-87,34.0555611,-117.1791916,384.60,1.50,WIFI
E2:55:A8:48:A5:92,,[WPA_WPA2_PSK],2025-8-1 2:47:39,11,-90,34.0555611,-117.1791916,384.60,1.50,WIFI
80:3F:5D:2F:1B:BC,@WAVLINK_BB,[WPA_WPA2_PSK],2025-8-1 2:47:40,13,-85,34.0555649,-117.1792984,384.50,1.50,WIFI
88:67:46:93:A7:26,The Mane Collective,[WPA2_PSK],2025-8-1 2:47:43,1,-69,34.0555611,-117.1795807,384.00,1.50,WIFI
88:67:46:93:A7:2F,The Mane Collective Salon,[WPA2_PSK],2025-8-1 2:47:43,1,-69,34.0555611,-117.1795807,384.00,1.50,WIFI
34:49:5B:C2:8E:36,MySpectrumWiFi30-2G,[WPA2_PSK],2025-8-1 2:47:43,1,-72,34.0555611,-117.1795807,384.00,1.50,WIFI
C0:36:53:73:B7:66,MFS,[WPA2_PSK],2025-8-1 2:47:43,1,-79,34.0555611,-117.1795807,384.00,1.50,WIFI
C0:36:53:73:B7:64,,[WPA3_PSK],2025-8-1 2:47:43,1,-81,34.0555611,-117.1795807,384.00,1.50,WIFI
C0:36:53:73:B7:68,,[OPEN],2025-8-1 2:47:43,1,-81,34.0555611,-117.1795807,384.00,1.50,WIFI
24:2D:6C:69:23:45,,[WPA3_PSK],2025-8-1 2:47:43,1,-85,34.0555611,-117.1795807,384.00,1.50,WIFI
4C:AB:F8:36:C3:CD,SpectrumSetup-CF,[WPA2_PSK],2025-8-1 2:47:49,6,-71,34.0555649,-117.1800766,383.10,1.50,WIFI
1E:C2:98:2D:E3:70,Thelofthairstudio,[WPA2_PSK],2025-8-1 2:47:49,6,-75,34.0555649,-117.1800766,383.10,1.50,WIFI
1E:C2:98:8D:E3:70,,[WPA2_PSK],2025-8-1 2:47:49,6,-77,34.0555649,-117.1800766,383.10,1.50,WIFI
1E:C2:98:5D:E3:70,,[WPA2_PSK],2025-8-1 2:47:49,6,-78,34.0555649,-117.1800766,383.10,1.50,WIFI
08:7B:12:3F:8B:D6,2.4 Gotham,[WPA2_PSK],2025-8-1 2:47:49,6,-81,34.0555649,-117.1800766,383.10,1.50,WIFI
18:1B:EB:F6:BC:AB,Dorothea,[WEP],2025-8-1 2:47:49,6,-81,34.0555649,-117.1800766,383.10,1.50,WIFI
FA:DE:7C:B9:41:81,,[WPA2_PSK],2025-8-1 2:47:49,6,-81,34.0555649,-117.1800766,383.10,1.50,WIFI
00:1D:05:61:5C:73,Cooper-001D05615C73,[WPA2_PSK],2025-8-1 2:47:49,6,-82,34.0555649,-117.1800766,383.10,1.50,WIFI
0A:DE:7C:B9:41:81,,[WPA2_PSK],2025-8-1 2:47:49,6,-83,34.0555649,-117.1800766,383.10,1.50,WIFI
74:93:DA:95:9D:5A,SpectrumSetup-5C,[WPA2_PSK],2025-8-1 2:47:49,6,-83,34.0555649,-117.1800766,383.10,1.50,WIFI
28:80:88:3E:10:DE,whitefrog,[WPA2_PSK],2025-8-1 2:47:51,8,-79,34.0555687,-117.1801376,383.00,1.50,WIFI
98:ED:7E:2B:CF:27,210 Redlands,[WPA2_PSK],2025-8-1 2:47:54,11,-62,34.0555687,-117.1801834,383.00,1.50,WIFI
98:ED:7E:2B:CF:30,210 Redlands Guest,[WPA2_PSK],2025-8-1 2:47:54,11,-62,34.0555687,-117.1801834,383.00,1.50,WIFI
98:ED:7E:2B:CF:24,,[WPA3_PSK],2025-8-1 2:47:54,11,-63,34.0555687,-117.1801834,383.00,1.50,WIFI
98:ED:7E:29:95:27,210 Redlands,[WPA2_PSK],2025-8-1 2:47:54,11,-70,34.0555687,-117.1801834,383.00,1.50,WIFI
54:47:CC:F5:D7:26,HOSS,[WPA2_PSK],2025-8-1 2:47:54,11,-74,34.0555687,-117.1801834,383.00,1.50,WIFI
00:30:44:AB:88:63,E100-862,[WPA2_PSK],2025-8-1 2:47:54,11,-77,34.0555687,-117.1801834,383.00,1.50,WIFI
90:D3:CF:26:73:80,SpectrumSetup-7383,[WPA2_PSK],2025-8-1 2:47:54,11,-77,34.0555687,-117.1801834,383.00,1.50,WIFI
AE:8B:A9:12:62:AA,The Eating Room Guest,[WPA2_PSK],2025-8-1 2:47:54,11,-92,34.0555687,-117.1801834,383.00,1.50,WIFI
82:3F:5D:2F:1B:BE,@WAVLINK_Guest,[WPA_WPA2_PSK],2025-8-1 2:47:57,13,-89,34.0555687,-117.1802444,382.90,1.50,WIFI
88:67:46:93:A7:29,,[OPEN],2025-8-1 2:47:57,1,-71,34.0555687,-117.1802444,382.90,1.50,WIFI
88:67:46:93:A7:23,,[WPA3_PSK],2025-8-1 2:47:57,1,-73,34.0555687,-117.1802444,382.90,1.50,WIFI
24:2D:6C:69:23:48,MFS,[WPA2_PSK],2025-8-1 2:47:57,1,-80,34.0555687,-117.1802444,382.90,1.50,WIFI
88:67:46:79:3A:C6,Remember It LLC,[WPA2_PSK],2025-8-1 2:47:57,1,-82,34.0555687,-117.1802444,382.90,1.50,WIFI
54:04:63:CB:E9:59,,[WPA_WPA2_PSK],2025-8-1 2:47:57,1,-85,34.0555687,-117.1802444,382.90,1.50,WIFI
44:07:0B:0C:37:CF,L22,[WPA2_PSK],2025-8-1 2:47:57,1,-89,34.0555687,-117.1802444,382.90,1.50,WIFI
94:A6:7E:E3:5D:72,SES147,[WPA2_PSK],2025-8-1 2:47:59,2,-74,34.0555725,-117.1802750,382.90,1.50,WIFI
88:DE:7C:B9:41:81,SpectrumSetup-83,[WPA2_PSK],2025-8-1 2:48:3,6,-66,34.0555763,-117.1804276,382.50,1.50,WIFI
FC:12:63:82:9A:59,SpectrumSetup-5B,[WPA2_PSK],2025-8-1 2:48:3,6,-87,34.0555763,-117.1804276,382.50,1.50,WIFI
10:0C:6B:F7:99:A8,whitefrog,[WPA2_PSK],2025-8-1 2:48:5,8,-84,34.0555763,-117.1805344,382.40,1.50,WIFI
98:03:CF:13:5B:5C,Peztio-Q4-135b5c,[WPA2_PSK],2025-8-1 2:48:8,11,-78,34.0555763,-117.1806946,382.20,1.50,WIFI
5C:E9:31:0D:B2:50,MGER-RDL-AP2,[WPA_WPA2_PSK],2025-8-1 2:48:8,11,-79,34.0555763,-117.1806946,382.20,1.50,WIFI
AE:8B:A9:22:62:AA,WCP-MGRN-AP,[WPA2_PSK],2025-8-1 2:48:8,11,-86,34.0555763,-117.1806946,382.20,1.50,WIFI
AE:8B:A9:12:6D:C6,The Eating Room Guest,[WPA2_PSK],2025-8-1 2:48:17,6,-54,34.0555763,-117.1811981,380.80,1.50,WIFI
AE:8B:A9:32:6D:C6,,[WPA2_PSK],2025-8-1 2:48:17,6,-54,34.0555763,-117.1811981,380.80,1.50,WIFI
AC:8B:A9:42:6D:C6,The Eating Room,[WPA2_PSK],2025-8-1 2:48:17,6,-55,34.0555763,-117.1811981,380.80,1.50,WIFI
AE:8B:A9:22:6D:C6,WCP-MGRN-AP,[WPA2_PSK],2025-8-1 2:48:17,6,-55,34.0555763,-117.1811981,380.80,1.50,WIFI
06:92:BF:54:18:5E,,[WPA2_PSK],2025-8-1 2:48:17,6,-79,34.0555763,-117.1811981,380.80,1.50,WIFI
F6:92:BF:54:18:5E,BDA First Floor Guest,[WPA2_PSK],2025-8-1 2:48:17,6,-80,34.0555763,-117.1811981,380.80,1.50,WIFI
60:B7:6E:C9:52:1D,GATE,[WPA2_PSK],2025-8-1 2:48:17,6,-88,34.0555763,-117.1811981,380.80,1.50,WIFI
42:49:0F:0F:C3:3D,DIRECT-3d-HP M477 LaserJet,[WPA2_PSK],2025-8-1 2:48:17,6,-88,34.0555763,-117.1811981,380.80,1.50,WIFI
A4:13:4E:D7:CC:31,BatterRebellion 2.4,[WPA2_PSK],2025-8-1 2:48:17,6,-88,34.0555763,-117.1811981,380.80,1.50,WIFI
4C:AB:F8:E3:96:CB,eXp Luxury,[WPA2_PSK],2025-8-1 2:48:17,6,-90,34.0555763,-117.1811981,380.80,1.50,WIFI
6E:D7:9A:C1:A9:00,IoT,[WPA2_PSK],2025-8-1 2:48:22,11,-65,34.0555763,-117.1813507,380.60,1.50,WIFI
68:D7:9A:C1:A9:00,Redlands-Jewelers,[WPA2_PSK],2025-8-1 2:48:22,11,-67,34.0555763,-117.1813507,380.60,1.50,WIFI
72:D7:9A:C1:A9:00,,[WPA2_PSK],2025-8-1 2:48:22,11,-67,34.0555763,-117.1813507,380.60,1.50,WIFI
DC:92:72:E4:00:7F,Frontier0139,[WPA2_PSK],2025-8-1 2:48:22,11,-80,34.0555763,-117.1813507,380.60,1.50,WIFI
8C:90:2D:81:69:F2,SpectrumSetup-3C_EXT,[WPA2_PSK],2025-8-1 2:48:22,11,-81,34.0555763,-117.1813507,380.60,1.50,WIFI
10:0C:6B:15:8B:EA,OHara DD,[WPA2_PSK],2025-8-1 2:48:22,11,-82,34.0555763,-117.1813507,380.60,1.50,WIFI
08:7B:12:4A:46:42,SpectrumSetup-3C,[WPA2_PSK],2025-8-1 2:48:22,11,-83,34.0555763,-117.1813507,380.60,1.50,WIFI
94:3C:96:FC:9E:06,Frontier0180,[WPA2_PSK],2025-8-1 2:48:22,11,-90,34.0555763,-117.1813507,380.60,1.50,WIFI
74:37:5F:86:B9:57,SpectrumSetup-55,[WPA2_PSK],2025-8-1 2:48:25,1,-76,34.0555725,-117.1813660,380.50,1.50,WIFI
74:37:5F:CA:E0:7B,SpectrumSetup-79,[WPA2_PSK],2025-8-1 2:48:25,1,-76,34.0555725,-117.1813660,380.50,1.50,WIFI
38:94:ED:4B:99:3E,JBM,[WPA2_PSK],2025-8-1 2:48:30,5,-76,34.0555687,-117.1813660,380.60,1.75,WIFI
42:94:ED:4E:64:D6,The State,[WPA2_PSK],2025-8-1 2:48:30,5,-77,34.0555687,-117.1813660,380.60,1.75,WIFI
D4:A9:28:0A:79:4A,The Orange Space 2G,[WPA2_PSK],2025-8-1 2:48:31,6,-80,34.0555687,-117.1813660,380.60,1.75,WIFI
E2:55:7D:45:5E:F2,Redlands BYOD,[WPA2],2025-8-1 2:48:31,6,-83,34.0555687,-117.1813660,380.60,1.75,WIFI
5E:EF:68:69:C7:23,Hounder-guest,[WPA2_PSK],2025-8-1 2:48:32,7,-80,34.0555725,-117.1813660,380.60,1.75,WIFI
58:EF:68:69:C7:23,Hounder,[WPA2_PSK],2025-8-1 2:48:32,7,-86,34.0555725,-117.1813660,380.60,1.75,WIFI
88:41:FC:A5:1A:84,FTRSecure_4920_93VS,[WPA2_PSK],2025-8-1 2:48:35,10,-75,34.0555725,-117.1814194,380.90,1.75,WIFI
C8:A7:0A:8C:C6:EA,FiOS-5LE4L,[WPA2_PSK],2025-8-1 2:48:36,11,-77,34.0555725,-117.1814575,381.10,1.75,WIFI
B8:66:85:CA:A5:D6,MySpectrumWiFid0-2G,[WPA2_PSK],2025-8-1 2:48:36,11,-78,34.0555725,-117.1814575,381.10,1.75,WIFI
10:0C:6B:15:90:61,OHara DD,[WPA2_PSK],2025-8-1 2:48:36,11,-83,34.0555725,-117.1814575,381.10,1.75,WIFI
CA:33:ED:FA:00:B5,TCG Guest,[WPA2_PSK],2025-8-1 2:48:36,11,-85,34.0555725,-117.1814575,381.10,1.75,WIFI
C6:B0:24:0E:6C:6C,,[WPA2_PSK],2025-8-1 2:48:41,2,-68,34.0555687,-117.1817017,381.00,1.50,WIFI
B4:B0:24:0E:6C:6C,TP-Link_6C6C,[WPA2_PSK],2025-8-1 2:48:41,2,-70,34.0555687,-117.1817017,381.00,1.50,WIFI
A4:13:4E:D7:DA:11,BatterRebellion 2.4,[WPA2_PSK],2025-8-1 2:48:45,6,-57,34.0555687,-117.1819687,380.40,1.75,WIFI
14:7D:05:E7:6F:7F,SpectrumSetup-7D,[WPA2_PSK],2025-8-1 2:48:45,6,-63,34.0555687,-117.1819687,380.40,1.75,WIFI
E2:55:7D:47:9A:42,Redlands BYOD,[WPA2],2025-8-1 2:48:45,6,-64,34.0555687,-117.1819687,380.40,1.75,WIFI
E2:55:7D:47:9A:44,Redlands Internet,[WPA2_PSK],2025-8-1 2:48:45,6,-65,34.0555687,-117.1819687,380.40,1.75,WIFI
E2:55:7D:47:9A:45,RPD Corp,[WPA2],2025-8-1 2:48:45,6,-65,34.0555687,-117.1819687,380.40,1.75,WIFI
E2:55:7D:47:9A:46,RPD BYOD,[WPA2],2025-8-1 2:48:45,6,-65,34.0555687,-117.1819687,380.40,1.75,WIFI
E2:55:7D:47:9A:40,City of Redlands,[OPEN],2025-8-1 2:48:45,6,-66,34.0555687,-117.1819687,380.40,1.75,WIFI
E2:55:7D:47:9A:41,Redlands Corp,[WPA2],2025-8-1 2:48:45,6,-66,34.0555687,-117.1819687,380.40,1.75,WIFI
E2:55:7D:47:9A:4B,RPD,[WPA2_PSK],2025-8-1 2:48:45,6,-66,34.0555687,-117.1819687,380.40,1.75,WIFI
E2:55:7D:47:9A:4D,CityThatWorks,[WPA2],2025-8-1 2:48:45,6,-66,34.0555687,-117.1819687,380.40,1.75,WIFI
E2:55:7D:47:9A:4E,rpdguest,[WPA2_PSK],2025-8-1 2:48:45,6,-66,34.0555687,-117.1819687,380.40,1.75,WIFI
86:15:44:67:8B:E6,Redlands Private,[WPA2_PSK],2025-8-1 2:48:45,6,-71,34.0555687,-117.1819687,380.40,1.75,WIFI
92:15:44:67:8B:E6,RPD BYOD,[WPA2],2025-8-1 2:48:45,6,-71,34.0555687,-117.1819687,380.40,1.75,WIFI
8E:15:44:67:8B:E6,Redlands Corp,[WPA2],2025-8-1 2:48:45,6,-72,34.0555687,-117.1819687,380.40,1.75,WIFI
B2:15:44:67:8B:E6,rpdguest,[WPA2_PSK],2025-8-1 2:48:45,6,-73,34.0555687,-117.1819687,380.40,1.75,WIFI
A6:15:44:67:8B:E6,RPD,[WPA2_PSK],2025-8-1 2:48:45,6,-73,34.0555687,-117.1819687,380.40,1.75,WIFI
9E:15:44:67:8B:E6,RPD Corp,[WPA2],2025-8-1 2:48:45,6,-75,34.0555687,-117.1819687,380.40,1.75,WIFI
9A:15:44:67:8B:E6,Redlands Internet,[WPA2_PSK],2025-8-1 2:48:45,6,-76,34.0555687,-117.1819687,380.40,1.75,WIFI
5C:E9:31:0B:AD:E6,PacRestTher,[WPA2_PSK],2025-8-1 2:48:49,9,-80,34.0555725,-117.1822510,379.70,1.75,WIFI
DC:92:72:E4:1A:1F,Frontier0566,[WPA2_PSK],2025-8-1 2:48:51,11,-65,34.0555649,-117.1823807,379.40,1.75,WIFI
88:DE:7C:B4:47:B4,SpectrumSetup-B6,[WPA2_PSK],2025-8-1 2:48:51,11,-81,34.0555649,-117.1823807,379.40,1.75,WIFI
54:04:63:FB:00:20,,[WPA_WPA2_PSK],2025-8-1 2:48:56,1,-70,34.0555649,-117.1824417,379.40,1.50,WIFI
94:83:C4:4E:CA:28,Quiz,[OPEN],2025-8-1 2:48:56,1,-82,34.0555649,-117.1824417,379.40,1.50,WIFI
9A:CD:AC:18:C2:D5,DHub-3e7f,[WPA2_PSK],2025-8-1 2:49:1,6,-73,34.0555649,-117.1824493,379.50,1.50,WIFI
62:E9:31:0B:AD:E6,,[WPA2_PSK],2025-8-1 2:49:4,9,-84,34.0555649,-117.1824493,379.50,1.50,WIFI
6C:CD:D6:FC:8A:B6,cheesewalla admin,[WPA2_PSK],2025-8-1 2:49:5,10,-80,34.0555649,-117.1824493,379.50,1.50,WIFI
88:15:44:67:8B:E6,City of Redlands,[OPEN],2025-8-1 2:49:15,6,-76,34.0555649,-117.1824722,379.40,1.50,WIFI
82:15:44:67:8B:E6,Redlands BYOD,[WPA2],2025-8-1 2:49:15,6,-76,34.0555649,-117.1824722,379.40,1.50,WIFI
60:B7:6E:D7:60:A9,Kissui,[WPA2_PSK],2025-8-1 2:49:20,11,-78,34.0555649,-117.1825104,379.60,1.50,WIFI
E2:55:7D:48:5F:FD,CityThatWorks,[WPA2],2025-8-1 2:49:22,1,-65,34.0555611,-117.1825485,379.50,1.50,WIFI
E2:55:7D:48:5F:F6,RPD BYOD,[WPA2],2025-8-1 2:49:22,1,-66,34.0555611,-117.1825485,379.50,1.50,WIFI
E2:55:7D:48:5F:F4,Redlands Internet,[WPA2_PSK],2025-8-1 2:49:22,1,-67,34.0555611,-117.1825485,379.50,1.50,WIFI
E2:55:7D:48:5F:F5,RPD Corp,[WPA2],2025-8-1 2:49:22,1,-67,34.0555611,-117.1825485,379.50,1.50,WIFI
E2:55:7D:48:5F:FB,RPD,[WPA2_PSK],2025-8-1 2:49:22,1,-67,34.0555611,-117.1825485,379.50,1.50,WIFI
E2:55:7D:48:5F:F2,Redlands BYOD,[WPA2],2025-8-1 2:49:22,1,-68,34.0555611,-117.1825485,379.50,1.50,WIFI
E2:55:7D:48:5F:F3,Redlands Private,[WPA2_PSK],2025-8-1 2:49:22,1,-68,34.0555611,-117.1825485,379.50,1.50,WIFI
E2:55:7D:48:5F:FE,rpdguest,[WPA2_PSK],2025-8-1 2:49:22,1,-68,34.0555611,-117.1825485,379.50,1.50,WIFI
E2:55:7D:48:5F:F0,City of Redlands,[OPEN],2025-8-1 2:49:22,1,-69,34.0555611,-117.1825485,379.50,1.50,WIFI
E2:55:7D:48:5F:F1,Redlands Corp,[WPA2],2025-8-1 2:49:22,1,-70,34.0555611,-117.1825485,379.50,1.50,WIFI
80:CC:9C:91:29:9E,Bonilla-2.4G,[WPA2_PSK],2025-8-1 2:49:27,4,-79,34.0553741,-117.1826553,379.40,1.75,WIFI
6C:AE:F6:BC:3B:AA,,[OPEN],2025-8-1 2:49:34,11,-81,34.0549698,-117.1825638,379.70,1.75,WIFI
84:34:97:AF:8B:0D,HP-Print-0D-Officejet Pro 8600,[OPEN],2025-8-1 2:49:34,11,-83,34.0549698,-117.1825638,379.70,1.75,WIFI
9E:A3:A9:89:63:03,,[WPA2_PSK],2025-8-1 2:49:35,13,-86,34.0549202,-117.1825256,379.90,1.75,WIFI
8A:88:81:6C:A0:40,Redlands Corp,[WPA2],2025-8-1 2:49:37,1,-78,34.0548363,-117.1824570,380.00,1.50,WIFI
82:88:81:6C:A0:40,Redlands Private,[WPA2_WPA3_PSK],2025-8-1 2:49:37,1,-80,34.0548363,-117.1824570,380.00,1.50,WIFI
86:88:81:6C:A0:40,Redlands BYOD,[WPA2],2025-8-1 2:49:37,1,-80,34.0548363,-117.1824570,380.00,1.50,WIFI
78:45:58:F3:29:3C,FPR Control,[WPA2_PSK],2025-8-1 2:49:43,6,-67,34.0546150,-117.1822891,380.80,1.50,WIFI
7A:45:58:A3:29:3C,Listen Everywhere,[OPEN],2025-8-1 2:49:43,6,-69,34.0546150,-117.1822891,380.80,1.50,WIFI
7A:45:58:93:29:3C,,[WPA2_PSK],2025-8-1 2:49:43,6,-73,34.0546150,-117.1822891,380.80,1.50,WIFI
98:1E:19:4E:5A:66,MySpectrumWiFi60-2G,[WPA2_PSK],2025-8-1 2:49:43,6,-76,34.0546150,-117.1822891,380.80,1.50,WIFI
F4:3C:3B:C7:47:7F,Shark_RV2500WX-NA-f43c3bc7477f,[OPEN],2025-8-1 2:49:43,6,-79,34.0546150,-117.1822891,380.80,1.50,WIFI
00:23:97:C6:5F:D2,09FX11106995,[WEP],2025-8-1 2:49:43,6,-82,34.0546150,-117.1822891,380.80,1.50,WIFI
E2:55:7D:48:85:23,Redlands Private,[WPA2_PSK],2025-8-1 2:49:43,6,-83,34.0546150,-117.1822891,380.80,1.50,WIFI
04:17:B6:3E:36:F8,,[WPA_WPA2_PSK],2025-8-1 2:49:43,6,-89,34.0546150,-117.1822891,380.80,1.50,WIFI
A2:C9:EB:D0:2B:F6,Harshbarger,[WPA2_PSK],2025-8-1 2:49:45,8,-73,34.0545387,-117.1822357,381.00,1.50,WIFI
FC:12:63:82:53:1D,SpectrumSetup-1F,[WPA2_PSK],2025-8-1 2:49:48,11,-52,34.0543861,-117.1821136,381.40,1.50,WIFI
A4:97:33:45:54:81,Root CS,[WPA2_PSK],2025-8-1 2:49:48,11,-58,34.0543861,-117.1821136,381.40,1.50,WIFI
6C:AE:F6:BB:37:30,FPC Guest,[WPA2_PSK],2025-8-1 2:49:48,11,-61,34.0543861,-117.1821136,381.40,1.50,WIFI
6C:AE:F6:BB:37:27,FPCR,[WPA2_PSK],2025-8-1 2:49:48,11,-63,34.0543861,-117.1821136,381.40,1.50,WIFI
36:56:BE:9D:D2:41,Theron's Frozen Custard POS,[WPA2_PSK],2025-8-1 2:49:48,11,-86,34.0543861,-117.1821136,381.40,1.50,WIFI
9E:A3:A9:8E:39:45,,[WPA2_PSK],2025-8-1 2:49:49,13,-84,34.0543289,-117.1820602,381.50,1.50,WIFI
08:3A:2F:1A:DB:FF,NVR083a2f1adbff,[WPA2_PSK],2025-8-1 2:49:49,13,-88,34.0543289,-117.1820602,381.50,1.50,WIFI
D0:57:94:FC:0A:1E,MySpectrumWiFi18-2G,[WPA2_PSK],2025-8-1 2:49:49,1,-58,34.0543289,-117.1820602,381.50,1.50,WIFI
F4:69:42:ED:3D:AC,preciouscreature,[WPA2_PSK],2025-8-1 2:49:49,1,-61,34.0543289,-117.1820602,381.50,1.50,WIFI
E4:19:7F:14:AA:C6,The Mushu Network,[WPA2_PSK],2025-8-1 2:49:49,1,-64,34.0543289,-117.1820602,381.50,1.50,WIFI
B6:69:42:ED:3D:AC,preciouscreature_family,[WPA2_PSK],2025-8-1 2:49:49,1,-66,34.0543289,-117.1820602,381.50,1.50,WIFI
70:F1:96:66:77:41,NSCJC,[WPA_WPA2_PSK],2025-8-1 2:49:49,1,-67,34.0543289,-117.1820602,381.50,1.50,WIFI
4C:AB:F8:4C:31:0D,SpectrumSetup-0F,[WPA2_PSK],2025-8-1 2:49:49,1,-67,34.0543289,-117.1820602,381.50,1.50,WIFI
14:7D:05:4E:53:A7,CLM,[WPA2_PSK],2025-8-1 2:49:49,1,-69,34.0543289,-117.1820602,381.50,1.50,WIFI
D8:A7:56:97:00:BE,MySpectrumWiFib8-2G,[WPA2_PSK],2025-8-1 2:49:49,1,-69,34.0543289,-117.1820602,381.50,1.50,WIFI
E4:19:7F:14:AA:C9,,[OPEN],2025-8-1 2:49:49,1,-72,34.0543289,-117.1820602,381.50,1.50,WIFI
E4:19:7F:14:AA:C3,,[WPA3_PSK],2025-8-1 2:49:49,1,-73,34.0543289,-117.1820602,381.50,1.50,WIFI
C6:47:CC:7F:69:2C,,[WPA2_PSK],2025-8-1 2:49:49,1,-84,34.0543289,-117.1820602,381.50,1.50,WIFI
E6:47:CC:7F:69:2C,,[WPA2_PSK],2025-8-1 2:49:49,1,-84,34.0543289,-117.1820602,381.50,1.50,WIFI
A8:9A:93:B2:1F:FE,MySpectrumWiFif8-2G,[WPA2_PSK],2025-8-1 2:49:49,1,-87,34.0543289,-117.1820602,381.50,1.50,WIFI
34:53:D2:F0:0A:65,SpectrumSetup-5F,[WPA2_PSK],2025-8-1 2:49:49,1,-87,34.0543289,-117.1820602,381.50,1.50,WIFI
F0:7B:65:EF:E3:F9,NYC,[WPA2_PSK],2025-8-1 2:49:49,1,-89,34.0543289,-117.1820602,381.50,1.50,WIFI
DC:92:72:4C:70:77,Penthouse Network,[WPA2_WPA3_PSK],2025-8-1 2:49:49,1,-90,34.0543289,-117.1820602,381.50,1.50,WIFI
38:94:ED:60:52:A3,Frontier4762(NETGEAR),[WPA2_PSK],2025-8-1 2:49:56,4,-82,34.0539055,-117.1817093,383.10,1.75,WIFI
86:78:48:9A:5B:90,FCC Guest,[WPA2_PSK],2025-8-1 2:49:58,6,-68,34.0537796,-117.1816177,383.60,1.75,WIFI
86:78:48:AA:5B:90,,[WPA2_PSK],2025-8-1 2:49:58,6,-68,34.0537796,-117.1816177,383.60,1.75,WIFI
7C:DB:98:EB:44:EE,MySpectrumWiFiF0-2G,[WPA2_PSK],2025-8-1 2:49:58,6,-74,34.0537796,-117.1816177,383.60,1.75,WIFI
84:78:48:BA:5B:90,FCCR,[WPA2_PSK],2025-8-1 2:49:58,6,-75,34.0537796,-117.1816177,383.60,1.75,WIFI
90:D3:CF:ED:2B:EC,SpectrumSetup-2BEF,[WPA2_PSK],2025-8-1 2:49:58,6,-76,34.0537796,-117.1816177,383.60,1.75,WIFI
32:13:8B:AF:B0:44,DIRECT-44-HP Color LJ 3301,[WPA2_PSK],2025-8-1 2:49:58,6,-83,34.0537796,-117.1816177,383.60,1.75,WIFI
EA:CB:BC:92:E3:25,Guest,[WPA2_PSK],2025-8-1 2:49:58,6,-84,34.0537796,-117.1816177,383.60,1.75,WIFI
E0:CB:BC:92:E3:25,cutler,[WPA2_PSK],2025-8-1 2:49:58,6,-85,34.0537796,-117.1816177,383.60,1.75,WIFI
E6:CB:BC:92:E3:25,Cutler Guest,[WPA2_PSK],2025-8-1 2:49:58,6,-85,34.0537796,-117.1816177,383.60,1.75,WIFI
6C:AE:F6:3E:DC:E9,,[OPEN],2025-8-1 2:50:3,11,-71,34.0534897,-117.1814346,384.60,1.50,WIFI
F8:9E:28:DA:FC:5F,cutler,[WPA2_PSK],2025-8-1 2:50:3,11,-79,34.0534897,-117.1814346,384.60,1.50,WIFI
FE:9E:28:DA:FC:5F,Cutler Guest,[WPA2_PSK],2025-8-1 2:50:3,11,-79,34.0534897,-117.1814346,384.60,1.50,WIFI
C6:9E:28:DA:FC:5F,,[WPA2],2025-8-1 2:50:3,11,-79,34.0534897,-117.1814346,384.60,1.50,WIFI
F2:9E:28:DA:FC:5F,Guest,[WPA2_PSK],2025-8-1 2:50:3,11,-80,34.0534897,-117.1814346,384.60,1.50,WIFI
F4:69:42:A6:1C:59,SpectrumSetup-5B,[WPA2_PSK],2025-8-1 2:50:5,1,-59,34.0533981,-117.1814575,384.60,1.50,WIFI
86:78:48:AA:4B:CA,,[WPA2_PSK],2025-8-1 2:50:5,1,-66,34.0533981,-117.1814575,384.60,1.50,WIFI
84:78:48:BA:4B:CA,FCCR,[WPA2_PSK],2025-8-1 2:50:5,1,-66,34.0533981,-117.1814575,384.60,1.50,WIFI
86:78:48:9A:4B:CA,FCC Guest,[WPA2_PSK],2025-8-1 2:50:5,1,-71,34.0533981,-117.1814575,384.60,1.50,WIFI
02:22:6C:16:D6:C6,SoundBarSetup_D6C6,[OPEN],2025-8-1 2:50:5,1,-79,34.0533981,-117.1814575,384.60,1.50,WIFI
3A:64:CF:90:EF:00,McConaughey,[WPA2_PSK],2025-8-1 2:50:8,2,-60,34.0532913,-117.1816101,385.20,1.50,WIFI
3C:64:CF:90:EF:06,,[WPA2_PSK],2025-8-1 2:50:8,2,-60,34.0532913,-117.1816101,385.20,1.50,WIFI
6C:CD:D6:C7:2A:DB,,[WPA2_PSK],2025-8-1 2:50:9,3,-74,34.0532532,-117.1816788,385.20,1.50,WIFI
72:CD:D6:C7:2A:DB,ORBI38,[WPA2_PSK],2025-8-1 2:50:9,3,-74,34.0532532,-117.1816788,385.20,1.50,WIFI
76:CD:D6:C7:2A:DB,NETGEAR-Guest,[WPA2_PSK],2025-8-1 2:50:9,3,-75,34.0532532,-117.1816788,385.20,1.50,WIFI
7A:CD:D6:C7:2A:DB,ORBI38-IoT,[WPA2_PSK],2025-8-1 2:50:9,3,-76,34.0532532,-117.1816788,385.20,1.50,WIFI
72:CD:D6:C7:24:7E,ORBI38,[WPA2_PSK],2025-8-1 2:50:9,3,-78,34.0532532,-117.1816788,385.20,1.50,WIFI
76:CD:D6:C7:24:7E,NETGEAR-Guest,[WPA2_PSK],2025-8-1 2:50:9,3,-78,34.0532532,-117.1816788,385.20,1.50,WIFI
7A:CD:D6:C7:24:7E,ORBI38-IoT,[WPA2_PSK],2025-8-1 2:50:9,3,-79,34.0532532,-117.1816788,385.20,1.50,WIFI
6C:CD:D6:C7:24:7E,,[WPA2_PSK],2025-8-1 2:50:9,3,-80,34.0532532,-117.1816788,385.20,1.50,WIFI
34:98:B5:D7:35:62,ORBI38,[WPA2_PSK],2025-8-1 2:50:9,3,-82,34.0532532,-117.1816788,385.20,1.50,WIFI
3E:98:B5:D7:35:62,NETGEAR-Guest,[WPA2_PSK],2025-8-1 2:50:9,3,-82,34.0532532,-117.1816788,385.20,1.50,WIFI
42:98:B5:D7:35:62,ORBI38-IoT,[WPA2_PSK],2025-8-1 2:50:9,3,-84,34.0532532,-117.1816788,385.20,1.50,WIFI
A4:11:62:1B:A0:0E,NTGR_VMB_6913106575,[WPA2_PSK],2025-8-1 2:50:9,3,-86,34.0532532,-117.1816788,385.20,1.50,WIFI
90:D3:CF:13:16:C6,TJ319,[WPA2_PSK],2025-8-1 2:50:13,6,-66,34.0530586,-117.1820221,385.00,1.50,WIFI
F4:69:42:1E:72:3D,Pink Pony Club,[WPA2_PSK],2025-8-1 2:50:13,6,-67,34.0530586,-117.1820221,385.00,1.50,WIFI
A0:8C:FD:71:8B:71,DIRECT-70-HP Officejet 5740,[WPA2_PSK],2025-8-1 2:50:13,6,-70,34.0530586,-117.1820221,385.00,1.50,WIFI
A2:05:D6:C8:64:5C,ParadoxAdmin,[WPA2_PSK],2025-8-1 2:50:13,6,-76,34.0530586,-117.1820221,385.00,1.50,WIFI
9C:05:D6:C8:64:5C,ParadoxRedlands,[WPA2_PSK],2025-8-1 2:50:13,6,-76,34.0530586,-117.1820221,385.00,1.50,WIFI
08:7B:12:69:71:64,Flower,[WPA2_PSK],2025-8-1 2:50:18,11,-66,34.0527992,-117.1824799,384.60,1.75,WIFI
C8:C6:FE:12:D1:06,DAMME,[WPA2_PSK],2025-8-1 2:50:18,11,-71,34.0527992,-117.1824799,384.60,1.75,WIFI
C8:E3:06:65:27:87,,[OPEN],2025-8-1 2:50:18,11,-71,34.0527992,-117.1824799,384.60,1.75,WIFI
C8:E3:06:65:27:85,RoxanneandElyse2025,[WPA2_PSK],2025-8-1 2:50:18,11,-73,34.0527992,-117.1824799,384.60,1.75,WIFI
5C:DF:89:74:79:08,SBDStudents,[WPA2_PSK],2025-8-1 2:50:18,11,-74,34.0527992,-117.1824799,384.60,1.75,WIFI
9E:A3:A9:8A:97:51,,[WPA2_PSK],2025-8-1 2:50:20,13,-82,34.0526962,-117.1826630,384.50,1.50,WIFI
9E:A3:A9:88:C6:FD,,[WPA2_PSK],2025-8-1 2:50:20,13,-83,34.0526962,-117.1826630,384.50,1.50,WIFI
38:8B:59:C0:96:C3,getonit,[WPA2_PSK],2025-8-1 2:50:20,1,-58,34.0526962,-117.1826630,384.50,1.50,WIFI
74:37:5F:CD:56:AB,SpectrumSetup-A9,[WPA2_PSK],2025-8-1 2:50:20,1,-60,34.0526962,-117.1826630,384.50,1.50,WIFI
8C:83:94:A0:59:BD,Verizon_RN9Z6H,[WPA2_PSK],2025-8-1 2:50:20,1,-68,34.0526962,-117.1826630,384.50,1.50,WIFI
14:7D:05:B8:14:61,SpectrumSetup-5F,[WPA2_PSK],2025-8-1 2:50:20,1,-72,34.0526962,-117.1826630,384.50,1.50,WIFI
78:29:ED:F5:EA:32,MySpectrumWiFi34-2G,[WPA2_PSK],2025-8-1 2:50:20,1,-79,34.0526962,-117.1826630,384.50,1.50,WIFI
3A:98:B5:D7:35:62,,[WPA2_PSK],2025-8-1 2:50:23,3,-59,34.0525703,-117.1828995,384.20,1.50,WIFI
94:F7:17:D0:18:24,,[WPA_WPA2_PSK],2025-8-1 2:50:24,4,-82,34.0525436,-117.1829529,384.10,1.50,WIFI
70:3A:CB:28:B3:59,getonit,[WPA2_PSK],2025-8-1 2:50:26,6,-66,34.0525093,-117.1830063,384.00,1.50,WIFI
F8:08:4F:D1:7B:E6,MySpectrumWiFie0-2G,[WPA2_PSK],2025-8-1 2:50:26,6,-72,34.0525093,-117.1830063,384.00,1.50,WIFI
30:60:0A:65:20:6B,,[WPA_WPA2_PSK],2025-8-1 2:50:26,6,-73,34.0525093,-117.1830063,384.00,1.50,WIFI
C8:63:FC:87:DF:48,Frontier0448,[WPA2_PSK],2025-8-1 2:50:26,6,-85,34.0525093,-117.1830063,384.00,1.50,WIFI
BC:96:E5:C0:14:A0,SpectrumSetup-149C,[WPA2_PSK],2025-8-1 2:50:26,6,-87,34.0525093,-117.1830063,384.00,1.50,WIFI
9C:D3:6D:B7:F5:81,NETGEAR92,[WPA2_PSK],2025-8-1 2:50:27,7,-76,34.0525055,-117.1830215,383.90,1.50,WIFI
80:69:1A:21:0A:C1,Linksys05403,[WPA2_PSK],2025-8-1 2:50:28,8,-77,34.0525055,-117.1830215,383.80,1.75,WIFI
86:69:1A:21:0A:C1,,[WPA2_PSK],2025-8-1 2:50:28,8,-77,34.0525055,-117.1830215,383.80,1.75,WIFI
48:00:33:DA:4B:C0,Bacon,[WPA2_PSK],2025-8-1 2:50:29,9,-71,34.0525055,-117.1830215,383.80,1.75,WIFI
94:18:65:EC:2B:C1,NETGEAR45,[WPA2_PSK],2025-8-1 2:50:29,9,-73,34.0525055,-117.1830215,383.80,1.75,WIFI
D2:32:E5:3E:A6:0E,,[WPA2_PSK],2025-8-1 2:50:30,10,-65,34.0524902,-117.1830368,383.70,1.75,WIFI
CC:32:E5:3E:A6:0E,Olive Project,[WPA2_PSK],2025-8-1 2:50:30,10,-68,34.0524902,-117.1830368,383.70,1.75,WIFI
90:D3:CF:89:87:28,SpectrumSetup-872B,[WPA2_PSK],2025-8-1 2:50:31,11,-65,34.0524712,-117.1830826,383.70,1.75,WIFI
C8:E3:06:65:27:83,,[WPA3_PSK],2025-8-1 2:50:31,11,-69,34.0524712,-117.1830826,383.70,1.75,WIFI
84:1E:A3:30:8B:C6,BobsBurgers,[WPA2_PSK],2025-8-1 2:50:33,1,-79,34.0524178,-117.1831818,383.60,1.75,WIFI
4A:55:19:C0:2F:61,Tineco_0160,[OPEN],2025-8-1 2:50:33,1,-83,34.0524178,-117.1831818,383.60,1.75,WIFI
DE:47:32:FC:A4:F1,,[WPA2_PSK],2025-8-1 2:50:36,2,-69,34.0522957,-117.1834106,383.00,1.50,WIFI
D8:47:32:FC:A4:F1,TP-Link_A4F1,[WPA_WPA2_PSK],2025-8-1 2:50:36,2,-74,34.0522957,-117.1834106,383.00,1.50,WIFI
CA:2F:74:9D:C5:D3,House,[WPA2_PSK],2025-8-1 2:50:36,2,-82,34.0522957,-117.1834106,383.00,1.50,WIFI
C8:9E:43:E1:3C:F1,OK,[WPA2_PSK],2025-8-1 2:50:38,4,-73,34.0522003,-117.1835785,382.60,1.50,WIFI
DE:EC:5E:99:16:64,,[WPA2_PSK],2025-8-1 2:50:39,5,-60,34.0521507,-117.1836624,382.50,1.50,WIFI
B4:B9:E6:78:57:26,KOC,[WPA2_PSK],2025-8-1 2:50:40,6,-69,34.0521011,-117.1837540,382.40,1.50,WIFI
2C:EA:DC:09:B7:AD,SpectrumSetup-AF,[WPA2_PSK],2025-8-1 2:50:40,6,-71,34.0521011,-117.1837540,382.40,1.50,WIFI
0C:7F:B2:91:0C:09,ARRIS-8349,[WPA2_PSK],2025-8-1 2:50:40,6,-71,34.0521011,-117.1837540,382.40,1.50,WIFI
78:76:89:DC:BF:C6,,[OPEN],2025-8-1 2:50:40,6,-73,34.0521011,-117.1837540,382.40,1.50,WIFI
CA:3A:6B:D8:FE:CD,DIRECT-roku-042-FCFC8F,[WPA2_PSK],2025-8-1 2:50:40,6,-73,34.0521011,-117.1837540,382.40,1.50,WIFI
78:76:89:DC:BF:C2,,[WPA3_PSK],2025-8-1 2:50:40,6,-75,34.0521011,-117.1837540,382.40,1.50,WIFI
78:76:89:DC:BF:C4,KOC,[WPA2_PSK],2025-8-1 2:50:40,6,-75,34.0521011,-117.1837540,382.40,1.50,WIFI
3C:5C:F1:BB:96:F4,OLDRANCH,[WPA2_PSK],2025-8-1 2:50:40,6,-80,34.0521011,-117.1837540,382.40,1.50,WIFI
3C:5C:F1:BB:96:F2,,[WPA3_PSK],2025-8-1 2:50:40,6,-82,34.0521011,-117.1837540,382.40,1.50,WIFI
3C:5C:F1:BB:96:F6,,[OPEN],2025-8-1 2:50:40,6,-83,34.0521011,-117.1837540,382.40,1.50,WIFI
B0:DA:F9:6F:99:38,Frontier9600,[WPA2_PSK],2025-8-1 2:50:40,6,-86,34.0521011,-117.1837540,382.40,1.50,WIFI
1C:3B:F3:D4:74:2A,HK841_2_EXT,[WPA_WPA2_PSK],2025-8-1 2:50:41,7,-80,34.0520477,-117.1838379,382.30,1.50,WIFI
C8:9E:43:A4:85:D3,,[WPA2_PSK],2025-8-1 2:50:43,8,-84,34.0519524,-117.1840134,382.10,1.50,WIFI
3C:F0:83:CE:47:D0,TMOBILE-3424,[WPA2_WPA3_PSK],2025-8-1 2:50:44,9,-75,34.0519028,-117.1841125,382.00,1.50,WIFI
40:AE:30:CB:B5:AA,Sybil System_EXT,[WPA2_PSK],2025-8-1 2:50:45,10,-56,34.0518570,-117.1841965,381.90,1.50,WIFI
34:98:B5:D3:B4:98,Sybil System,[WPA2_PSK],2025-8-1 2:50:45,10,-73,34.0518570,-117.1841965,381.90,1.50,WIFI
18:A9:ED:41:FE:89,,[OPEN],2025-8-1 2:50:46,11,-58,34.0518074,-117.1842880,381.80,1.50,WIFI
18:A9:ED:41:FE:86,Gibson,[WPA2_PSK],2025-8-1 2:50:46,11,-59,34.0518074,-117.1842880,381.80,1.50,WIFI
18:A9:ED:41:FE:83,,[WPA3_PSK],2025-8-1 2:50:46,11,-60,34.0518074,-117.1842880,381.80,1.50,WIFI
F0:B6:61:C7:78:27,theburjerjoint,[WPA2_PSK],2025-8-1 2:50:46,11,-62,34.0518074,-117.1842880,381.80,1.50,WIFI
F0:B6:61:C7:78:24,,[WPA3_PSK],2025-8-1 2:50:46,11,-62,34.0518074,-117.1842880,381.80,1.50,WIFI
F0:B6:61:C7:78:2A,,[OPEN],2025-8-1 2:50:46,11,-62,34.0518074,-117.1842880,381.80,1.50,WIFI
38:88:71:34:1B:F1,Verizon_6RQ7TJ,[WPA2_PSK],2025-8-1 2:50:46,11,-65,34.0518074,-117.1842880,381.80,1.50,WIFI
C0:6F:98:A1:D1:C9,,[OPEN],2025-8-1 2:50:46,11,-69,34.0518074,-117.1842880,381.80,1.50,WIFI
F8:F5:32:34:CC:E8,Frontier7088,[WPA2_PSK],2025-8-1 2:50:46,11,-78,34.0518074,-117.1842880,381.80,1.50,WIFI
C8:C6:FE:5D:C2:A9,,[OPEN],2025-8-1 2:50:49,1,-61,34.0516624,-117.1845627,381.50,1.50,WIFI
00:C8:96:04:0E:10,,[WPA_WPA2_PSK],2025-8-1 2:50:49,1,-62,34.0516624,-117.1845627,381.50,1.50,WIFI
4A:5B:A5:97:1C:68,Connect,[WPA2_WPA3_PSK],2025-8-1 2:50:49,1,-73,34.0516624,-117.1845627,381.50,1.50,WIFI
54:04:63:CB:EB:11,,[WPA_WPA2_PSK],2025-8-1 2:50:49,1,-75,34.0516624,-117.1845627,381.50,1.50,WIFI
34:53:D2:1C:F3:56,Ryan's Pad,[WPA2_PSK],2025-8-1 2:50:49,1,-81,34.0516624,-117.1845627,381.50,1.50,WIFI
8C:85:80:CB:6B:19,,[WPA_WPA2_PSK],2025-8-1 2:50:51,2,-59,34.0515671,-117.1847382,381.10,1.50,WIFI
00:54:AF:6A:D0:A6,HotspotD0A6,[WPA_WPA2_PSK],2025-8-1 2:50:53,4,-72,34.0514717,-117.1849136,380.80,1.50,WIFI
88:DE:7C:D9:B8:DF,SpectrumSetup-E1,[WPA2_PSK],2025-8-1 2:50:55,6,-70,34.0513763,-117.1850815,380.50,1.50,WIFI
18:A5:FF:86:34:26,TMOBILE-3424,[WPA2_WPA3_PSK],2025-8-1 2:50:55,6,-71,34.0513763,-117.1850815,380.50,1.50,WIFI
18:A5:C0:87:34:26,Peachy,[WPA2_WPA3_PSK],2025-8-1 2:50:55,6,-73,34.0513763,-117.1850815,380.50,1.50,WIFI
20:BE:CD:91:61:24,,[WPA3_PSK],2025-8-1 2:50:55,6,-73,34.0513763,-117.1850815,380.50,1.50,WIFI
20:BE:CD:91:61:2A,,[OPEN],2025-8-1 2:50:55,6,-73,34.0513763,-117.1850815,380.50,1.50,WIFI
20:BE:CD:91:61:27,BrownTownWest,[WPA2_PSK],2025-8-1 2:50:55,6,-76,34.0513763,-117.1850815,380.50,1.50,WIFI
20:BE:CD:91:61:30,BrownTownWest Guest,[WPA2_PSK],2025-8-1 2:50:55,6,-77,34.0513763,-117.1850815,380.50,1.50,WIFI
20:BE:CD:8B:B9:47,BrownTownWest,[WPA2_PSK],2025-8-1 2:50:55,6,-79,34.0513763,-117.1850815,380.50,1.50,WIFI
8C:85:80:70:66:7C,,[WPA_WPA2_PSK],2025-8-1 2:50:55,6,-80,34.0513763,-117.1850815,380.50,1.50,WIFI
BC:F8:7E:7D:2E:73,Verizon_NF9QK4,[WPA2_PSK],2025-8-1 2:50:55,6,-81,34.0513763,-117.1850815,380.50,1.50,WIFI
20:BE:CD:8B:B9:50,BrownTownWest Guest,[WPA2_PSK],2025-8-1 2:50:55,6,-81,34.0513763,-117.1850815,380.50,1.50,WIFI
AA:3B:76:03:D0:BC,DIRECT-bc-HP M283 LaserJet,[WPA2_PSK],2025-8-1 2:50:55,6,-82,34.0513763,-117.1850815,380.50,1.50,WIFI
D4:3F:32:90:EE:C9,,[OPEN],2025-8-1 2:50:55,6,-84,34.0513763,-117.1850815,380.50,1.50,WIFI
D4:3F:32:90:EE:C6,Lisa Wifi,[WPA2_PSK],2025-8-1 2:50:55,6,-84,34.0513763,-117.1850815,380.50,1.50,WIFI
16:CB:19:B3:59:51,DIRECT-51-HP ENVY Photo 7800,[WPA2_PSK],2025-8-1 2:50:55,6,-85,34.0513763,-117.1850815,380.50,1.50,WIFI
D4:3F:32:90:EE:C3,,[WPA3_PSK],2025-8-1 2:50:55,6,-85,34.0513763,-117.1850815,380.50,1.50,WIFI
10:0C:6B:1F:51:FC,The Library,[WPA2_PSK],2025-8-1 2:50:55,7,-66,34.0513763,-117.1850815,380.50,1.50,WIFI
CE:9E:43:A6:97:9A,TRH123,[WPA2_PSK],2025-8-1 2:50:58,8,-80,34.0512314,-117.1853333,380.00,1.50,WIFI
CE:9E:43:A6:99:DE,TRH123,[WPA2_PSK],2025-8-1 2:50:58,8,-83,34.0512314,-117.1853333,380.00,1.50,WIFI
D2:9E:43:A6:97:9A,TheRedlandsHouse-Guest,[WPA2_PSK],2025-8-1 2:50:58,8,-83,34.0512314,-117.1853333,380.00,1.50,WIFI
D2:9E:43:A6:99:DE,TheRedlandsHouse-Guest,[WPA2_PSK],2025-8-1 2:50:58,8,-84,34.0512314,-117.1853333,380.00,1.50,WIFI
CE:9E:43:A4:85:D3,TRH123,[WPA2_PSK],2025-8-1 2:50:58,8,-85,34.0512314,-117.1853333,380.00,1.50,WIFI
D2:9E:43:A4:85:D3,TheRedlandsHouse-Guest,[WPA2_PSK],2025-8-1 2:50:58,8,-87,34.0512314,-117.1853333,380.00,1.50,WIFI
C8:9E:43:42:83:45,CookCasa,[WPA2_PSK],2025-8-1 2:50:59,9,-72,34.0511894,-117.1854172,379.80,1.50,WIFI
3E:F0:83:1E:47:D0,Peachy,[WPA2_WPA3_PSK],2025-8-1 2:50:59,9,-90,34.0511894,-117.1854172,379.80,1.50,WIFI
DC:69:B5:3F:C4:C6,Walsh Wifi,[WPA2_PSK],2025-8-1 2:51:1,11,-68,34.0510902,-117.1855927,379.50,1.50,WIFI
DC:69:B5:3B:93:26,Walsh Wifi,[WPA2_PSK],2025-8-1 2:51:1,11,-69,34.0510902,-117.1855927,379.50,1.50,WIFI
DC:69:B5:3F:C4:C9,,[OPEN],2025-8-1 2:51:1,11,-76,34.0510902,-117.1855927,379.50,1.50,WIFI
30:E1:71:49:D0:67,DIRECT-66-HP ENVY 5540 series,[WPA2_PSK],2025-8-1 2:51:1,11,-80,34.0510902,-117.1855927,379.50,1.50,WIFI
98:F7:81:DD:A1:F8,Frontier9840,[WPA2_PSK],2025-8-1 2:51:1,11,-88,34.0510902,-117.1855927,379.50,1.50,WIFI
88:DE:7C:32:88:01,SpectrumSetup-03,[WPA2_PSK],2025-8-1 2:51:1,11,-89,34.0510902,-117.1855927,379.50,1.50,WIFI
3C:37:86:98:FD:C3,NETGEAR25,[WPA2_PSK],2025-8-1 2:51:1,11,-93,34.0510902,-117.1855927,379.50,1.50,WIFI
C4:EB:42:73:56:37,TMOBILE-5631,[WPA2_WPA3_PSK],2025-8-1 2:51:4,1,-62,34.0509377,-117.1858749,379.10,1.50,WIFI
F6:09:0D:CC:86:FE,,[WPA2_PSK],2025-8-1 2:51:7,3,-83,34.0507774,-117.1861649,378.80,1.50,WIFI
88:DE:7C:27:D5:D9,Espresso,[WPA2_PSK],2025-8-1 2:51:10,6,-51,34.0506134,-117.1864624,378.60,1.75,WIFI
E8:D2:FF:C9:85:7E,ShopGirl152,[WPA2_PSK],2025-8-1 2:51:10,6,-63,34.0506134,-117.1864624,378.60,1.75,WIFI
A4:97:33:4D:37:09,SpectrumSetup-0B,[WPA2_PSK],2025-8-1 2:51:10,6,-69,34.0506134,-117.1864624,378.60,1.75,WIFI
F8:5B:3B:15:74:2D,SpectrumSetup-2F,[WPA2_PSK],2025-8-1 2:51:10,6,-78,34.0506134,-117.1864624,378.60,1.75,WIFI
A0:8E:24:4D:90:A7,,[OPEN],2025-8-1 2:51:10,6,-79,34.0506134,-117.1864624,378.60,1.75,WIFI
A0:8E:24:4D:90:A5,Hannah’s Hale,[WPA2_PSK],2025-8-1 2:51:10,6,-79,34.0506134,-117.1864624,378.60,1.75,WIFI
20:BE:CD:8B:B9:44,,[WPA3_PSK],2025-8-1 2:51:10,6,-81,34.0506134,-117.1864624,378.60,1.75,WIFI
A0:8E:24:4D:90:A3,,[WPA3_PSK],2025-8-1 2:51:10,6,-81,34.0506134,-117.1864624,378.60,1.75,WIFI
C8:D9:D2:38:42:40,DIRECT-3F-HP DeskJet 3700 series,[WPA2_PSK],2025-8-1 2:51:10,6,-86,34.0506134,-117.1864624,378.60,1.75,WIFI
F8:CA:59:85:F8:67,AWI-635546,[WPA2_PSK],2025-8-1 2:51:10,6,-89,34.0506134,-117.1864624,378.60,1.75,WIFI
80:CC:9C:8D:D0:D0,Hogar,[WPA2_PSK],2025-8-1 2:51:12,8,-90,34.0504990,-117.1866531,378.50,1.75,WIFI
80:E5:40:D7:6B:98,Frontier5712,[WPA2_PSK],2025-8-1 2:51:15,11,-72,34.0503311,-117.1869583,378.30,1.75,WIFI
44:AC:85:B0:CF:06,Mace Do,[WPA2_PSK],2025-8-1 2:51:15,11,-78,34.0503311,-117.1869583,378.30,1.75,WIFI
24:94:CB:8A:50:F8,Frontier9280,[WPA2_PSK],2025-8-1 2:51:15,11,-82,34.0503311,-117.1869583,378.30,1.75,WIFI
12:59:32:6D:FD:7B,,[WPA2_PSK],2025-8-1 2:51:15,11,-83,34.0503311,-117.1869583,378.30,1.75,WIFI
74:37:5F:39:CF:87,SpectrumSetup-85,[WPA2_PSK],2025-8-1 2:51:15,11,-85,34.0503311,-117.1869583,378.30,1.75,WIFI
2C:67:BE:47:EA:45,SpectrumSetup-EA41,[WPA2_PSK],2025-8-1 2:51:15,11,-90,34.0503311,-117.1869583,378.30,1.75,WIFI
6E:A9:40:59:22:6F,SpectrumSetup-6E,[WPA2_PSK],2025-8-1 2:51:15,11,-90,34.0503311,-117.1869583,378.30,1.75,WIFI
B0:FC:88:53:8A:CF,SpectrumSetup-3C,[WPA2_PSK],2025-8-1 2:51:18,1,-61,34.0501595,-117.1872711,378.10,1.75,WIFI
6A:22:54:A1:70:F7,,[WPA2_PSK],2025-8-1 2:51:21,3,-78,34.0499878,-117.1875916,377.80,1.50,WIFI
48:22:54:A1:70:F7,bigbutts100,[WPA2_PSK],2025-8-1 2:51:21,3,-79,34.0499878,-117.1875916,377.80,1.50,WIFI
E8:D3:EB:87:5E:43,,[WPA3_PSK],2025-8-1 2:51:24,6,-67,34.0498123,-117.1879120,377.30,1.50,WIFI
E8:D3:EB:87:5E:49,,[OPEN],2025-8-1 2:51:24,6,-68,34.0498123,-117.1879120,377.30,1.50,WIFI
E8:D3:EB:87:5E:46,wifi628,[WPA2_PSK],2025-8-1 2:51:24,6,-68,34.0498123,-117.1879120,377.30,1.50,WIFI
84:70:D7:A9:1B:4A,,[OPEN],2025-8-1 2:51:24,6,-75,34.0498123,-117.1879120,377.30,1.50,WIFI
58:9B:4A:96:AB:60,NachoNetwork,[WPA2_PSK],2025-8-1 2:51:24,6,-80,34.0498123,-117.1879120,377.30,1.50,WIFI
98:25:4A:F7:79:02,,[WPA2_PSK],2025-8-1 2:51:27,9,-78,34.0496483,-117.1882095,377.10,1.50,WIFI
98:25:4A:F7:78:B6,,[WPA2_PSK],2025-8-1 2:51:27,9,-84,34.0496483,-117.1882095,377.10,1.50,WIFI
00:11:32:D3:C3:B7,HEREANDTHERE,[WPA2_PSK],2025-8-1 2:51:28,10,-67,34.0496063,-117.1882782,377.00,1.50,WIFI
00:11:32:CE:D6:8C,HEREANDTHERE,[WPA2_PSK],2025-8-1 2:51:28,10,-68,34.0496063,-117.1882782,377.00,1.50,WIFI
16:11:32:CE:D6:8C,,[WPA2_PSK],2025-8-1 2:51:28,10,-69,34.0496063,-117.1882782,377.00,1.50,WIFI
16:11:32:D3:C3:B7,,[WPA2_PSK],2025-8-1 2:51:28,10,-72,34.0496063,-117.1882782,377.00,1.50,WIFI
C2:95:75:F2:E2:4B,,[WPA2_PSK],2025-8-1 2:51:28,10,-75,34.0496063,-117.1882782,377.00,1.50,WIFI
4C:AB:F8:B7:9C:52,SpectrumSetup-54,[WPA2_PSK],2025-8-1 2:51:29,11,-65,34.0495720,-117.1883469,377.10,1.50,WIFI
70:CA:97:03:9A:18,Ruckus,[WPA2_PSK],2025-8-1 2:51:29,11,-68,34.0495720,-117.1883469,377.10,1.50,WIFI
74:37:5F:97:97:F7,SpectrumSetup-F5,[WPA2_PSK],2025-8-1 2:51:29,11,-69,34.0495720,-117.1883469,377.10,1.50,WIFI
70:CA:97:43:9A:18,party wfii,[WPA2_PSK],2025-8-1 2:51:29,11,-69,34.0495720,-117.1883469,377.10,1.50,WIFI
2C:EA:DC:22:36:3D,SpectrumSetup-3F,[WPA2_PSK],2025-8-1 2:51:29,11,-77,34.0495720,-117.1883469,377.10,1.50,WIFI
1C:39:29:03:74:A0,AT_401_WIN_056905_WW_74a0,[WPA2_PSK],2025-8-1 2:51:29,11,-92,34.0495720,-117.1883469,377.10,1.50,WIFI
14:7D:05:65:94:B3,Happy Hour,[WPA2_PSK],2025-8-1 2:51:32,1,-62,34.0495148,-117.1884460,376.70,1.75,WIFI
F0:81:75:D2:9D:CE,SpectrumSetup-C8,[WPA2_PSK],2025-8-1 2:51:32,1,-67,34.0495148,-117.1884460,376.70,1.75,WIFI
98:DA:C4:80:B3:CE,TP-LINK_B3CE,[WPA_WPA2_PSK],2025-8-1 2:51:34,2,-79,34.0495071,-117.1884613,376.60,1.75,WIFI
22:48:6C:56:8B:25,,[WPA2_PSK],2025-8-1 2:51:35,3,-84,34.0495033,-117.1884766,376.60,1.75,WIFI
04:42:1A:DB:EC:C0,PrettyFly4aWiFi,[WPA2_PSK],2025-8-1 2:51:36,4,-68,34.0494881,-117.1885071,376.50,1.75,WIFI
C2:42:1A:DB:EC:C1,ASUS_C0_2G_Guest,[WPA2_PSK],2025-8-1 2:51:36,4,-69,34.0494881,-117.1885071,376.50,1.75,WIFI
C2:8A:60:FD:E0:AD,phi_C02009F44770,[WPA2_PSK],2025-8-1 2:51:36,4,-87,34.0494881,-117.1885071,376.50,1.75,WIFI
DC:AE:EB:4D:59:F8,party wfii,[WPA2_PSK],2025-8-1 2:51:38,6,-70,34.0494347,-117.1885986,376.60,1.75,WIFI
88:DE:7C:DD:15:B5,Onmyown,[WPA2_PSK],2025-8-1 2:51:38,6,-71,34.0494347,-117.1885986,376.60,1.75,WIFI
DC:AE:EB:0D:59:F8,Ruckus,[WPA2_PSK],2025-8-1 2:51:38,6,-71,34.0494347,-117.1885986,376.60,1.75,WIFI
9C:57:BC:9C:A8:C6,Greens,[WPA2_PSK],2025-8-1 2:51:38,6,-75,34.0494347,-117.1885986,376.60,1.75,WIFI
9C:57:BC:9C:A8:C3,,[WPA3_PSK],2025-8-1 2:51:38,6,-75,34.0494347,-117.1885986,376.60,1.75,WIFI
9C:57:BC:9C:A8:C9,,[OPEN],2025-8-1 2:51:38,6,-75,34.0494347,-117.1885986,376.60,1.75,WIFI
9C:57:BC:EC:92:69,,[OPEN],2025-8-1 2:51:38,6,-75,34.0494347,-117.1885986,376.60,1.75,WIFI
F0:B6:61:C7:3A:2A,,[OPEN],2025-8-1 2:51:38,6,-77,34.0494347,-117.1885986,376.60,1.75,WIFI
9C:57:BC:EC:92:66,The Internet,[WPA2_PSK],2025-8-1 2:51:38,6,-78,34.0494347,-117.1885986,376.60,1.75,WIFI
F0:B6:61:C7:3A:27,Greens,[WPA2_PSK],2025-8-1 2:51:38,6,-78,34.0494347,-117.1885986,376.60,1.75,WIFI
9A:25:4A:27:78:B6,nachoNetwork,[WPA2_PSK],2025-8-1 2:51:41,9,-66,34.0493240,-117.1887970,376.30,1.75,WIFI
9A:25:4A:27:45:2E,nachoNetwork,[WPA2_PSK],2025-8-1 2:51:41,9,-72,34.0493240,-117.1887970,376.30,1.75,WIFI
B0:95:75:F2:E2:4B,PineApple,[WPA2_PSK],2025-8-1 2:51:42,10,-75,34.0492783,-117.1888809,376.40,1.75,WIFI
74:93:DA:8C:3F:41,harriswifi,[WPA2_PSK],2025-8-1 2:51:43,11,-63,34.0492363,-117.1889648,376.30,1.75,WIFI
C8:63:FC:5C:33:50,MySpectrumWiFi4F-2G,[WPA2_PSK],2025-8-1 2:51:43,11,-69,34.0492363,-117.1889648,376.30,1.75,WIFI
78:29:ED:BF:3F:4A,MySpectrumWiFi4c-2G,[WPA2_PSK],2025-8-1 2:51:43,11,-88,34.0492363,-117.1889648,376.30,1.75,WIFI
18:A9:ED:5B:31:83,,[WPA3_PSK],2025-8-1 2:51:44,1,-60,34.0491829,-117.1890564,376.20,1.75,WIFI
18:A9:ED:5B:31:89,,[OPEN],2025-8-1 2:51:44,1,-60,34.0491829,-117.1890564,376.20,1.75,WIFI
18:A9:ED:5B:31:86,RiynoWifi,[WPA2_PSK],2025-8-1 2:51:44,1,-64,34.0491829,-117.1890564,376.20,1.75,WIFI
34:DB:9C:76:5E:46,MySpectrumWiFi40-2G,[WPA2_PSK],2025-8-1 2:51:44,1,-71,34.0491829,-117.1890564,376.20,1.75,WIFI
A8:11:FC:A0:D5:F8,Frontier9360,[WPA2_PSK],2025-8-1 2:51:44,1,-73,34.0491829,-117.1890564,376.20,1.75,WIFI
94:F7:17:7F:44:68,,[WPA_WPA2_PSK],2025-8-1 2:51:44,1,-74,34.0491829,-117.1890564,376.20,1.75,WIFI
30:93:BC:7E:8F:A6,MySpectrumWiFia0-2G,[WPA2_PSK],2025-8-1 2:51:44,1,-76,34.0491829,-117.1890564,376.20,1.75,WIFI
BC:96:E5:87:35:D1,SpectrumSetup-35CD,[WPA2_PSK],2025-8-1 2:51:44,1,-80,34.0491829,-117.1890564,376.20,1.75,WIFI
2C:67:BE:3D:0B:66,Thequeenscasa10,[WPA2_PSK],2025-8-1 2:51:44,1,-81,34.0491829,-117.1890564,376.20,1.75,WIFI
62:62:8B:AB:C0:5E,Hemme_Guest,[WPA2_PSK],2025-8-1 2:51:49,3,-63,34.0489082,-117.1895447,375.60,1.75,WIFI
5C:62:8B:AB:C0:CE,Hemme,[WPA2_PSK],2025-8-1 2:51:49,3,-64,34.0489082,-117.1895447,375.60,1.75,WIFI
5C:62:8B:AB:C0:5E,Hemme,[WPA2_PSK],2025-8-1 2:51:49,3,-64,34.0489082,-117.1895447,375.60,1.75,WIFI
62:62:8B:AB:C0:5A,Hemme_Guest,[WPA2_PSK],2025-8-1 2:51:49,3,-85,34.0489082,-117.1895447,375.60,1.75,WIFI
42:94:ED:C0:9B:91,,[WPA2_PSK],2025-8-1 2:51:50,4,-63,34.0488472,-117.1896591,375.50,1.75,WIFI
3E:94:ED:C0:9B:91,FBI Van,[WPA2_PSK],2025-8-1 2:51:50,4,-66,34.0488472,-117.1896591,375.50,1.75,WIFI
46:94:ED:BF:0B:F8,Ewalt Guest,[WPA2_PSK],2025-8-1 2:51:50,4,-79,34.0488472,-117.1896591,375.50,1.75,WIFI
6E:A9:40:3C:71:09,SpectrumSetup-08,[WPA2_PSK],2025-8-1 2:51:52,6,-60,34.0487289,-117.1898727,375.10,1.75,WIFI
92:B8:2B:62:3A:D6,,[WPA2_PSK],2025-8-1 2:51:52,6,-66,34.0487289,-117.1898727,375.10,1.75,WIFI
A2:B8:2B:62:3A:D6,NotSmut,[WPA2_PSK],2025-8-1 2:51:52,6,-67,34.0487289,-117.1898727,375.10,1.75,WIFI
08:F0:1E:EB:F4:C3,,[WPA3_PSK],2025-8-1 2:51:52,6,-67,34.0487289,-117.1898727,375.10,1.75,WIFI
08:F0:1E:EB:F4:C9,,[OPEN],2025-8-1 2:51:52,6,-67,34.0487289,-117.1898727,375.10,1.75,WIFI
08:F0:1E:EB:F4:C6,Amanda’s Wifi,[WPA2_PSK],2025-8-1 2:51:52,6,-67,34.0487289,-117.1898727,375.10,1.75,WIFI
78:76:89:37:E7:A4,,[WPA3_PSK],2025-8-1 2:51:52,6,-67,34.0487289,-117.1898727,375.10,1.75,WIFI
78:76:89:37:E7:AA,,[OPEN],2025-8-1 2:51:52,6,-67,34.0487289,-117.1898727,375.10,1.75,WIFI
78:76:89:37:E7:A7,B&J WiFi,[WPA2_PSK],2025-8-1 2:51:52,6,-67,34.0487289,-117.1898727,375.10,1.75,WIFI
F4:69:42:02:72:D0,MauiRedlands,[WPA2_PSK],2025-8-1 2:51:52,6,-68,34.0487289,-117.1898727,375.10,1.75,WIFI
70:3A:CB:C3:B1:77,GHarris,[WPA2_PSK],2025-8-1 2:51:52,6,-79,34.0487289,-117.1898727,375.10,1.75,WIFI
42:94:ED:1B:98:AE,,[WPA2_PSK],2025-8-1 2:51:55,9,-76,34.0485382,-117.1902237,374.70,1.50,WIFI
3E:94:ED:1B:98:AE,Poor Richards,[WPA2_PSK],2025-8-1 2:51:55,9,-78,34.0485382,-117.1902237,374.70,1.50,WIFI
16:36:C9:2D:EE:22,NETGEAR-Guest,[WPA2_PSK],2025-8-1 2:51:55,9,-81,34.0485382,-117.1902237,374.70,1.50,WIFI
12:36:C9:2D:EE:22,,[WPA2_PSK],2025-8-1 2:51:55,9,-82,34.0485382,-117.1902237,374.70,1.50,WIFI
C6:A5:11:97:47:0B,,[WPA2_PSK],2025-8-1 2:51:55,9,-87,34.0485382,-117.1902237,374.70,1.50,WIFI
0E:36:C9:2D:DD:24,Poor Richards,[WPA2_PSK],2025-8-1 2:51:55,9,-90,34.0485382,-117.1902237,374.70,1.50,WIFI
02:D3:CF:FA:33:65,,[WPA2_PSK],2025-8-1 2:51:57,11,-69,34.0484123,-117.1904526,374.50,1.50,WIFI
90:D3:CF:FA:33:65,NotSmut,[WPA2_PSK],2025-8-1 2:51:57,11,-70,34.0484123,-117.1904526,374.50,1.50,WIFI
44:AC:85:71:A2:69,,[OPEN],2025-8-1 2:51:57,11,-72,34.0484123,-117.1904526,374.50,1.50,WIFI
44:AC:85:71:A2:66,PRNTS,[WPA2_PSK],2025-8-1 2:51:57,11,-72,34.0484123,-117.1904526,374.50,1.50,WIFI
88:EF:16:F1:87:68,Frontier8864,[WPA2_PSK],2025-8-1 2:51:57,11,-74,34.0484123,-117.1904526,374.50,1.50,WIFI
12:D3:CF:FA:33:65,,[WPA2_PSK],2025-8-1 2:51:57,11,-74,34.0484123,-117.1904526,374.50,1.50,WIFI
40:47:5E:2C:C8:23,,[WPA3_PSK],2025-8-1 2:51:57,11,-75,34.0484123,-117.1904526,374.50,1.50,WIFI
54:EF:FE:F5:B2:16,Sleeptracker-B2-16,[OPEN],2025-8-1 2:51:57,11,-80,34.0484123,-117.1904526,374.50,1.50,WIFI
22:9F:C3:54:DC:10,,[WPA2_PSK],2025-8-1 2:51:57,11,-84,34.0484123,-117.1904526,374.50,1.50,WIFI
58:9B:4A:A0:51:9C,SpectrumSetup-5198,[WPA2_PSK],2025-8-1 2:51:57,11,-85,34.0484123,-117.1904526,374.50,1.50,WIFI
28:9E:FC:67:7A:C6,MySpectrumWiFic0-2G,[WPA2_PSK],2025-8-1 2:51:57,11,-87,34.0484123,-117.1904526,374.50,1.50,WIFI
08:7B:12:5E:3B:9F,GneissSchist,[WPA2_PSK],2025-8-1 2:51:57,11,-87,34.0484123,-117.1904526,374.50,1.50,WIFI
60:83:E7:DE:8E:04,Frontier8864_EXT,[WPA2_PSK],2025-8-1 2:51:57,11,-88,34.0484123,-117.1904526,374.50,1.50,WIFI
74:FE:CE:49:E4:B4,Frontier2976_EXT,[WPA2_PSK],2025-8-1 2:51:57,11,-90,34.0484123,-117.1904526,374.50,1.50,WIFI
A0:89:66:EA:4F:D4,,[WPA_WPA2_PSK],2025-8-1 2:52:1,1,-76,34.0481491,-117.1909256,374.20,1.50,WIFI
C0:3C:04:A0:33:15,SpectrumSetup-0F,[WPA2_PSK],2025-8-1 2:52:1,1,-77,34.0481491,-117.1909256,374.20,1.50,WIFI
48:5D:36:15:A6:50,FiOS-YEOCX,[WPA2_PSK],2025-8-1 2:52:1,1,-81,34.0481491,-117.1909256,374.20,1.50,WIFI
28:6B:B4:0F:0E:22,[range]_E30AJT7113261J,[WPA2_PSK],2025-8-1 2:52:1,1,-91,34.0481491,-117.1909256,374.20,1.50,WIFI
D4:5D:64:31:F7:F0,Funkey Monkey,[WPA2_PSK],2025-8-1 2:52:4,3,-83,34.0479507,-117.1912766,374.00,1.50,WIFI
74:93:DA:57:06:C5,SpectrumSetup-C7,[WPA2_PSK],2025-8-1 2:52:7,6,-79,34.0477562,-117.1916351,374.20,1.50,WIFI
88:3D:24:7E:8F:20,RedlandsPD,[WPA2_PSK],2025-8-1 2:52:7,6,-82,34.0477562,-117.1916351,374.20,1.50,WIFI
88:3D:24:7E:92:7A,RedlandsPD,[WPA2_PSK],2025-8-1 2:52:7,6,-86,34.0477562,-117.1916351,374.20,1.50,WIFI
5E:52:A1:38:6A:D7,,[WPA2_PSK],2025-8-1 2:52:8,7,-85,34.0476913,-117.1917496,374.20,1.50,WIFI
3C:37:86:B6:83:2B,Dilligaf,[WPA2_PSK],2025-8-1 2:52:9,8,-77,34.0476265,-117.1918716,374.20,1.50,WIFI
0E:36:C9:2D:EE:22,Poor Richards,[WPA2_PSK],2025-8-1 2:52:10,9,-78,34.0475655,-117.1919861,374.30,1.50,WIFI
46:94:ED:1B:98:AE,NETGEAR-Guest,[WPA2_PSK],2025-8-1 2:52:10,9,-83,34.0475655,-117.1919861,374.30,1.50,WIFI
16:36:C9:2D:DD:24,NETGEAR-Guest,[WPA2_PSK],2025-8-1 2:52:10,9,-87,34.0475655,-117.1919861,374.30,1.50,WIFI
4A:A5:6E:45:B6:D6,Thor,[WPA2_PSK],2025-8-1 2:52:10,9,-88,34.0475655,-117.1919861,374.30,1.50,WIFI
46:3F:8C:E6:DB:1E,,[WPA2_PSK],2025-8-1 2:52:11,10,-84,34.0475006,-117.1920929,374.30,1.50,WIFI
4C:19:5D:0E:57:40,SpectrumSetup-3A,[WPA2_PSK],2025-8-1 2:52:12,11,-78,34.0474358,-117.1922150,374.30,1.50,WIFI
24:F3:E3:43:83:06,Frontier6288,[WPA2_PSK],2025-8-1 2:52:12,11,-78,34.0474358,-117.1922150,374.30,1.50,WIFI
9C:57:BC:AE:B5:89,,[OPEN],2025-8-1 2:52:12,11,-85,34.0474358,-117.1922150,374.30,1.50,WIFI
C0:89:AB:1F:9C:18,Frontier8048,[WPA2_PSK],2025-8-1 2:52:12,11,-90,34.0474358,-117.1922150,374.30,1.50,WIFI
9E:30:5B:B0:4D:23,DIRECT-23-HP M477 LaserJet,[WPA2_PSK],2025-8-1 2:52:12,11,-92,34.0474358,-117.1922150,374.30,1.50,WIFI
F0:81:75:CE:D1:F6,SpectrumSetup-F0,[WPA2_PSK],2025-8-1 2:52:13,1,-75,34.0473709,-117.1923294,374.30,1.50,WIFI
84:A0:6E:CB:AF:46,MySpectrumWiFia8-2G,[WPA2_PSK],2025-8-1 2:52:13,1,-83,34.0473709,-117.1923294,374.30,1.50,WIFI
1C:3B:F3:15:91:64,LittleWhale_EXT,[WPA_WPA2_PSK],2025-8-1 2:52:13,1,-84,34.0473709,-117.1923294,374.30,1.50,WIFI
00:C8:96:66:64:16,,[WPA_WPA2_PSK],2025-8-1 2:52:13,1,-86,34.0473709,-117.1923294,374.30,1.50,WIFI
20:9A:7D:15:C9:E6,TheLevineRanch,[WPA2_PSK],2025-8-1 2:52:13,1,-87,34.0473709,-117.1923294,374.30,1.50,WIFI
C0:C1:C0:B3:0C:66,LittleWhale-guest,[OPEN],2025-8-1 2:52:13,1,-88,34.0473709,-117.1923294,374.30,1.50,WIFI
E4:8E:10:DC:01:CC,,[WPA_WPA2_PSK],2025-8-1 2:52:13,1,-89,34.0473709,-117.1923294,374.30,1.50,WIFI
68:FF:7B:D8:EB:B7,MySpectrumWiFia8-2G_EXT,[WPA_WPA2_PSK],2025-8-1 2:52:13,1,-90,34.0473709,-117.1923294,374.30,1.50,WIFI
3C:84:6A:0C:F4:BD,PERK,[WPA_WPA2_PSK],2025-8-1 2:52:17,2,-81,34.0471077,-117.1928024,374.10,1.50,WIFI
42:84:6A:0C:F4:BD,,[WPA2_PSK],2025-8-1 2:52:17,2,-82,34.0471077,-117.1928024,374.10,1.50,WIFI
8C:85:80:55:58:ED,,[WPA_WPA2_PSK],2025-8-1 2:52:17,2,-85,34.0471077,-117.1928024,374.10,1.50,WIFI
82:7F:F0:01:CB:0D,,[WPA2_PSK],2025-8-1 2:52:18,3,-83,34.0470428,-117.1929245,374.00,1.50,WIFI
FC:34:97:B4:11:D1,Funkey Monkey,[WPA2_PSK],2025-8-1 2:52:18,3,-86,34.0470428,-117.1929245,374.00,1.50,WIFI
04:17:B6:AB:46:30,,[WPA_WPA2_PSK],2025-8-1 2:52:19,4,-66,34.0469742,-117.1930466,374.00,1.50,WIFI
30:34:22:27:71:C6,Frontier8256,[WPA2_PSK],2025-8-1 2:52:21,6,-64,34.0468407,-117.1932983,374.00,1.50,WIFI
D8:8E:D4:80:44:A4,,[WPA3_PSK],2025-8-1 2:52:21,6,-64,34.0468407,-117.1932983,374.00,1.50,WIFI
D8:8E:D4:80:44:AA,,[OPEN],2025-8-1 2:52:21,6,-64,34.0468407,-117.1932983,374.00,1.50,WIFI
30:34:22:27:71:C9,,[OPEN],2025-8-1 2:52:21,6,-65,34.0468407,-117.1932983,374.00,1.50,WIFI
30:34:22:27:71:C3,,[WPA3_PSK],2025-8-1 2:52:21,6,-66,34.0468407,-117.1932983,374.00,1.50,WIFI
78:76:89:7E:A6:27,MySpectrumWiFi92-2G,[WPA2_PSK],2025-8-1 2:52:21,6,-69,34.0468407,-117.1932983,374.00,1.50,WIFI
D8:8E:D4:80:30:27,MySpectrumWiFi92-2G,[WPA2_PSK],2025-8-1 2:52:21,6,-70,34.0468407,-117.1932983,374.00,1.50,WIFI
78:76:89:7E:A6:2A,,[OPEN],2025-8-1 2:52:21,6,-71,34.0468407,-117.1932983,374.00,1.50,WIFI
78:76:89:7E:A6:24,,[WPA3_PSK],2025-8-1 2:52:21,6,-72,34.0468407,-117.1932983,374.00,1.50,WIFI
D8:8E:D4:80:44:A7,MySpectrumWiFi92-2G,[WPA2_PSK],2025-8-1 2:52:21,6,-74,34.0468407,-117.1932983,374.00,1.50,WIFI
9C:B6:54:5B:E2:3F,HP-Print-3F-Officejet Pro 8600,[OPEN],2025-8-1 2:52:21,6,-79,34.0468407,-117.1932983,374.00,1.50,WIFI
9C:3D:CF:1A:90:FA,NETGEAR60,[WPA2_PSK],2025-8-1 2:52:21,6,-84,34.0468407,-117.1932983,374.00,1.50,WIFI
1A:59:C0:32:DB:94,R2S,[WPA2_PSK],2025-8-1 2:52:23,8,-65,34.0467033,-117.1935425,374.10,1.50,WIFI
22:59:C0:32:DB:94,R2S-Guest,[WPA2_PSK],2025-8-1 2:52:23,8,-65,34.0467033,-117.1935425,374.10,1.50,WIFI
D2:40:D0:51:62:42,R2S,[WPA2_PSK],2025-8-1 2:52:23,8,-73,34.0467033,-117.1935425,374.10,1.50,WIFI
D6:40:D0:51:62:42,,[WPA2_PSK],2025-8-1 2:52:23,8,-78,34.0467033,-117.1935425,374.10,1.50,WIFI
E8:FC:AF:A1:DF:EE,koko,[WPA2_PSK],2025-8-1 2:52:23,8,-92,34.0467033,-117.1935425,374.10,1.50,WIFI
D4:5D:64:0D:91:B0,upElk,[WPA2_PSK],2025-8-1 2:52:25,10,-62,34.0465736,-117.1937790,374.10,1.50,WIFI
6A:22:54:DB:1C:D3,,[WPA2_PSK],2025-8-1 2:52:25,10,-84,34.0465736,-117.1937790,374.10,1.50,WIFI
44:AC:85:FC:5D:83,,[WPA3_PSK],2025-8-1 2:52:26,11,-66,34.0465050,-117.1938934,374.10,1.50,WIFI
90:D3:CF:58:38:D8,SpectrumSetup-38DB,[WPA2_PSK],2025-8-1 2:52:26,11,-67,34.0465050,-117.1938934,374.10,1.50,WIFI
44:AC:85:FC:5D:86,FiOS-JSW1X,[WPA2_PSK],2025-8-1 2:52:26,11,-67,34.0465050,-117.1938934,374.10,1.50,WIFI
44:AC:85:FC:5D:89,,[OPEN],2025-8-1 2:52:26,11,-67,34.0465050,-117.1938934,374.10,1.50,WIFI
44:AC:85:72:94:E3,,[WPA3_PSK],2025-8-1 2:52:26,11,-74,34.0465050,-117.1938934,374.10,1.50,WIFI
44:AC:85:72:94:E9,,[OPEN],2025-8-1 2:52:26,11,-74,34.0465050,-117.1938934,374.10,1.50,WIFI
44:AC:85:72:94:E6,FiOS-JSW1X,[WPA2_PSK],2025-8-1 2:52:26,11,-74,34.0465050,-117.1938934,374.10,1.50,WIFI
DC:69:B5:9E:F9:E9,,[OPEN],2025-8-1 2:52:26,11,-79,34.0465050,-117.1938934,374.10,1.50,WIFI
DC:69:B5:9E:F9:E6,Bachman,[WPA2_PSK],2025-8-1 2:52:26,11,-79,34.0465050,-117.1938934,374.10,1.50,WIFI
DC:69:B5:9E:F9:E3,,[WPA3_PSK],2025-8-1 2:52:26,11,-80,34.0465050,-117.1938934,374.10,1.50,WIFI
44:AC:85:4D:86:83,,[WPA3_PSK],2025-8-1 2:52:26,11,-81,34.0465050,-117.1938934,374.10,1.50,WIFI
44:AC:85:4D:86:86,FiOS-JSW1X,[WPA2_PSK],2025-8-1 2:52:26,11,-84,34.0465050,-117.1938934,374.10,1.50,WIFI
84:BB:69:B2:AD:68,Frontier8256,[WPA2_PSK],2025-8-1 2:52:26,11,-85,34.0465050,-117.1938934,374.10,1.50,WIFI
44:AC:85:98:DC:43,,[WPA3_PSK],2025-8-1 2:52:26,11,-86,34.0465050,-117.1938934,374.10,1.50,WIFI
44:AC:85:98:DC:49,,[OPEN],2025-8-1 2:52:26,11,-88,34.0465050,-117.1938934,374.10,1.50,WIFI
4C:6E:6E:4F:60:35,the pickle jar-2.4G-EXT,[WPA2_PSK],2025-8-1 2:52:27,13,-88,34.0464401,-117.1940155,374.10,1.50,WIFI
D0:6D:C9:37:76:86,Frontier0216,[WPA2_PSK],2025-8-1 2:52:27,1,-60,34.0464401,-117.1940155,374.10,1.50,WIFI
94:F7:17:B8:A5:60,,[WPA_WPA2_PSK],2025-8-1 2:52:27,1,-67,34.0464401,-117.1940155,374.10,1.50,WIFI
BE:F4:D4:1F:BC:31,DIRECT-31-HP M283 LaserJet,[WPA2_PSK],2025-8-1 2:52:27,1,-81,34.0464401,-117.1940155,374.10,1.50,WIFI
5C:FA:25:EE:F9:74,SpectrumSetup-6E,[WPA2_PSK],2025-8-1 2:52:27,1,-82,34.0464401,-117.1940155,374.10,1.50,WIFI
78:76:89:EA:9C:62,,[WPA3_PSK],2025-8-1 2:52:27,1,-83,34.0464401,-117.1940155,374.10,1.50,WIFI
78:76:89:EA:9C:66,,[OPEN],2025-8-1 2:52:27,1,-84,34.0464401,-117.1940155,374.10,1.50,WIFI
F4:52:46:FE:51:34,SpectrumSetup-5137,[WPA2_PSK],2025-8-1 2:52:27,1,-84,34.0464401,-117.1940155,374.10,1.50,WIFI
72:3A:CB:55:C7:54,Guest,[WPA2_WPA3_PSK],2025-8-1 2:52:27,1,-86,34.0464401,-117.1940155,374.10,1.50,WIFI
4C:12:65:1E:E8:38,Frontier6640,[WPA2_PSK],2025-8-1 2:52:27,1,-88,34.0464401,-117.1940155,374.10,1.50,WIFI
4C:12:65:2C:38:C8,Frontier9232,[WPA2_PSK],2025-8-1 2:52:27,1,-88,34.0464401,-117.1940155,374.10,1.50,WIFI
70:3A:CB:55:C7:56,QQCYL-5G,[WPA2_WPA3_PSK],2025-8-1 2:52:27,1,-89,34.0464401,-117.1940155,374.10,1.50,WIFI
A8:97:CD:BD:7B:C8,Frontier5328,[WPA2_PSK],2025-8-1 2:52:27,1,-89,34.0464401,-117.1940155,374.10,1.50,WIFI
72:CD:D6:F9:93:50,ButtonandSherman,[WPA2_PSK],2025-8-1 2:52:34,3,-78,34.0459747,-117.1948471,373.70,1.50,WIFI
6C:CD:D6:F7:8D:72,ButtonandSherman,[WPA2_PSK],2025-8-1 2:52:34,3,-83,34.0459747,-117.1948471,373.70,1.50,WIFI
32:83:98:A6:B2:8D,AMBWeatherPro-A6B28D,[OPEN],2025-8-1 2:52:35,4,-88,34.0459137,-117.1949692,373.60,1.50,WIFI
34:86:5D:BD:37:A1,Traeger-37A1,[WPA2_PSK],2025-8-1 2:52:36,5,-84,34.0458527,-117.1950836,373.50,1.50,WIFI
D4:3F:32:A0:49:C3,,[WPA3_PSK],2025-8-1 2:52:37,6,-69,34.0457916,-117.1951904,373.40,1.50,WIFI
D4:3F:32:A0:49:C9,,[OPEN],2025-8-1 2:52:37,6,-70,34.0457916,-117.1951904,373.40,1.50,WIFI
D4:3F:32:A0:49:C6,Casita,[WPA2_PSK],2025-8-1 2:52:37,6,-76,34.0457916,-117.1951904,373.40,1.50,WIFI
D4:3F:32:7B:05:69,,[OPEN],2025-8-1 2:52:37,6,-76,34.0457916,-117.1951904,373.40,1.50,WIFI
D4:3F:32:7B:05:66,Casita,[WPA2_PSK],2025-8-1 2:52:37,6,-78,34.0457916,-117.1951904,373.40,1.50,WIFI
A0:04:60:D8:08:77,NETGEAR88,[WPA2_PSK],2025-8-1 2:52:39,8,-86,34.0456848,-117.1953735,373.30,1.50,WIFI
2C:EA:DC:31:5E:BB,SpectrumSetup-BD,[WPA2_PSK],2025-8-1 2:52:42,11,-73,34.0455551,-117.1955872,373.20,1.50,WIFI
F8:B9:5A:CE:E4:C5,AT_301_WLRGL5825F_e4c5,[WPA2_PSK],2025-8-1 2:52:42,11,-82,34.0455551,-117.1955872,373.20,1.50,WIFI
40:4C:77:11:F2:58,Frontier7008,[WPA2_PSK],2025-8-1 2:52:42,11,-82,34.0455551,-117.1955872,373.20,1.50,WIFI
6A:4C:77:11:F2:59,SpookyGhost_2.4G,[WPA2_PSK],2025-8-1 2:52:42,11,-82,34.0455551,-117.1955872,373.20,1.50,WIFI
A4:97:33:81:F5:61,SpectrumSetup-63,[WPA2_PSK],2025-8-1 2:52:45,1,-78,34.0454979,-117.1956711,372.80,1.50,WIFI
50:FD:D5:7E:D8:CB,[range]_E30AJT7113388E,[WPA2_PSK],2025-8-1 2:52:45,1,-80,34.0454979,-117.1956711,372.80,1.50,WIFI
58:9B:4A:93:9B:BB,SpectrumSetup-9BB7,[WPA2_PSK],2025-8-1 2:52:45,1,-87,34.0454979,-117.1956711,372.80,1.50,WIFI
A8:11:FC:BB:5B:C8,Frontier7552,[WPA2_PSK],2025-8-1 2:52:45,1,-90,34.0454979,-117.1956711,372.80,1.50,WIFI
72:CD:D6:F7:8D:72,,[WPA2_PSK],2025-8-1 2:52:48,3,-70,34.0454712,-117.1957092,372.60,1.50,WIFI
6C:CD:D6:F9:93:50,,[WPA2_PSK],2025-8-1 2:52:48,3,-71,34.0454712,-117.1957092,372.60,1.50,WIFI
72:CD:D6:F9:93:F4,ButtonandSherman,[WPA2_PSK],2025-8-1 2:52:48,3,-73,34.0454712,-117.1957092,372.60,1.50,WIFI
6C:CD:D6:F9:93:F4,,[WPA2_PSK],2025-8-1 2:52:48,3,-75,34.0454712,-117.1957092,372.60,1.50,WIFI
6A:B9:D3:BB:1B:53,LEISURE470-C697F2,[WPA2_PSK],2025-8-1 2:52:51,6,-73,34.0453758,-117.1957779,372.60,1.50,WIFI
B0:FC:88:6F:8D:7D,SpectrumSetup-77,[WPA2_PSK],2025-8-1 2:52:51,6,-79,34.0453758,-117.1957779,372.60,1.50,WIFI
9C:0B:05:1F:FA:64,,[WPA3_PSK],2025-8-1 2:52:51,6,-82,34.0453758,-117.1957779,372.60,1.50,WIFI
94:91:7F:E2:E9:3F,MySpectrumWiFi41-2G,[WPA2_PSK],2025-8-1 2:52:56,11,-75,34.0451012,-117.1956100,373.00,1.50,WIFI
0C:EA:C9:C6:FD:68,Frontier1984,[WPA2_PSK],2025-8-1 2:52:56,11,-82,34.0451012,-117.1956100,373.00,1.50,WIFI
E4:C0:E2:5F:B2:BE,SpectrumSetup-B8,[WPA2_PSK],2025-8-1 2:52:56,11,-91,34.0451012,-117.1956100,373.00,1.50,WIFI
F0:7B:65:EE:05:9D,cowboy,[WPA2_PSK],2025-8-1 2:52:59,1,-78,34.0448761,-117.1954269,373.80,1.50,WIFI
14:C0:3E:EB:ED:78,Frontier5488,[WPA2_PSK],2025-8-1 2:52:59,1,-82,34.0448761,-117.1954269,373.80,1.50,WIFI
4C:19:5D:3C:2B:8F,SpectrumSetup-89,[WPA2_PSK],2025-8-1 2:52:59,1,-87,34.0448761,-117.1954269,373.80,1.50,WIFI
3C:31:74:F7:2D:44,QQCYL-5G,[WPA2_PSK],2025-8-1 2:52:59,1,-88,34.0448761,-117.1954269,373.80,1.50,WIFI
A8:97:CD:A8:E0:78,Broadcom,[OPEN],2025-8-1 2:52:59,1,-88,34.0448761,-117.1954269,373.80,1.50,WIFI
08:36:C9:2C:35:35,NETGEAR_EXT,[OPEN],2025-8-1 2:52:59,1,-89,34.0448761,-117.1954269,373.80,1.50,WIFI
C0:25:E9:0A:78:E1,MedTwo_EXT,[WPA2_PSK],2025-8-1 2:53:2,3,-62,34.0446281,-117.1952133,375.00,1.50,WIFI
A0:04:60:D0:67:90,harrisweb,[WPA2_PSK],2025-8-1 2:53:2,3,-73,34.0446281,-117.1952133,375.00,1.50,WIFI
48:F8:B3:FC:94:82,MedTwo,[WPA2_PSK],2025-8-1 2:53:2,3,-73,34.0446281,-117.1952133,375.00,1.50,WIFI
DA:EC:5E:9B:A7:18,Black Lion1-guest,[OPEN],2025-8-1 2:53:3,4,-86,34.0445442,-117.1951447,375.40,1.50,WIFI
D8:EC:5E:9B:A7:18,Black Lion1,[WPA2_PSK],2025-8-1 2:53:3,4,-87,34.0445442,-117.1951447,375.40,1.50,WIFI
08:36:C9:9D:93:85,,[WPA2_PSK],2025-8-1 2:53:3,4,-92,34.0445442,-117.1951447,375.40,1.50,WIFI
54:E0:19:B4:72:9D,Ring Setup 9d,[OPEN],2025-8-1 2:53:5,6,-58,34.0443687,-117.1950073,376.20,1.50,WIFI
78:76:89:05:6C:EA,,[OPEN],2025-8-1 2:53:5,6,-77,34.0443687,-117.1950073,376.20,1.50,WIFI
60:F4:19:12:17:A3,,[WPA3_PSK],2025-8-1 2:53:5,6,-77,34.0443687,-117.1950073,376.20,1.50,WIFI
60:F4:19:12:17:A9,,[OPEN],2025-8-1 2:53:5,6,-77,34.0443687,-117.1950073,376.20,1.50,WIFI
60:F4:19:12:17:A6,roti,[WPA2_PSK],2025-8-1 2:53:5,6,-77,34.0443687,-117.1950073,376.20,1.50,WIFI
44:07:0B:16:B3:CF,GoogleFrontier,[WPA2_PSK],2025-8-1 2:53:5,6,-78,34.0443687,-117.1950073,376.20,1.50,WIFI
78:76:89:05:6C:E4,,[WPA3_PSK],2025-8-1 2:53:5,6,-78,34.0443687,-117.1950073,376.20,1.50,WIFI
78:76:89:05:6C:E7,roti,[WPA2_PSK],2025-8-1 2:53:5,6,-78,34.0443687,-117.1950073,376.20,1.50,WIFI
60:B7:6E:B6:AF:CF,QQCYL-5G,[WPA2_WPA3_PSK],2025-8-1 2:53:5,6,-79,34.0443687,-117.1950073,376.20,1.50,WIFI
D6:40:D0:41:FF:C5,,[WPA2_PSK],2025-8-1 2:53:5,6,-80,34.0443687,-117.1950073,376.20,1.50,WIFI
D4:05:DE:1A:FE:E4,,[WPA3_PSK],2025-8-1 2:53:5,6,-83,34.0443687,-117.1950073,376.20,1.50,WIFI
D4:05:DE:1A:FE:EA,,[OPEN],2025-8-1 2:53:5,6,-83,34.0443687,-117.1950073,376.20,1.50,WIFI
D4:05:DE:1A:FE:E7,O’Brien,[WPA2_PSK],2025-8-1 2:53:5,6,-83,34.0443687,-117.1950073,376.20,1.50,WIFI
44:07:0B:17:3A:D1,GoogleFrontier,[WPA2_PSK],2025-8-1 2:53:5,6,-83,34.0443687,-117.1950073,376.20,1.50,WIFI
90:D3:CF:6F:DC:48,FOGBANK1969,[WPA2_PSK],2025-8-1 2:53:5,6,-84,34.0443687,-117.1950073,376.20,1.50,WIFI
72:3A:CB:64:01:7C,Guest,[WPA2_WPA3_PSK],2025-8-1 2:53:5,6,-84,34.0443687,-117.1950073,376.20,1.50,WIFI
26:5A:4C:97:2A:9E,,[WPA2_PSK],2025-8-1 2:53:5,6,-87,34.0443687,-117.1950073,376.20,1.50,WIFI
14:59:C0:8C:B6:58,NETGEAR30,[WPA2_PSK],2025-8-1 2:53:8,8,-57,34.0440979,-117.1947937,377.50,1.50,WIFI
08:62:66:E5:EC:70,asusHM,[WPA2_PSK],2025-8-1 2:53:8,8,-59,34.0440979,-117.1947937,377.50,1.50,WIFI
F0:A7:31:66:7F:EE,ASUS_EXT,[WPA2_PSK],2025-8-1 2:53:9,9,-75,34.0440063,-117.1947174,378.00,1.50,WIFI
C4:38:75:B6:64:4E,,[WPA2_PSK],2025-8-1 2:53:11,11,-74,34.0438156,-117.1945648,378.80,1.50,WIFI
30:60:0A:25:39:CC,,[WPA_WPA2_PSK],2025-8-1 2:53:11,11,-75,34.0438156,-117.1945648,378.80,1.50,WIFI
24:2D:6C:42:DE:88,Patriots,[WPA2_PSK],2025-8-1 2:53:11,11,-77,34.0438156,-117.1945648,378.80,1.50,WIFI
88:DC:96:6C:18:9A,BlueSkyNetwork_2.4GHz,[WPA2_PSK],2025-8-1 2:53:11,11,-78,34.0438156,-117.1945648,378.80,1.50,WIFI
24:2D:6C:42:DE:8B,,[OPEN],2025-8-1 2:53:11,11,-81,34.0438156,-117.1945648,378.80,1.50,WIFI
24:2D:6C:42:DE:85,,[WPA3_PSK],2025-8-1 2:53:11,11,-82,34.0438156,-117.1945648,378.80,1.50,WIFI
48:F8:B3:FC:38:32,not your wifi,[WPA2_PSK],2025-8-1 2:53:11,11,-84,34.0438156,-117.1945648,378.80,1.50,WIFI
E0:37:BF:F0:5D:F9,BMW79209 CarPlay,[WPA_WPA2_PSK],2025-8-1 2:53:11,11,-90,34.0438156,-117.1945648,378.80,1.50,WIFI
C0:6F:98:07:73:63,,[WPA3_PSK],2025-8-1 2:53:14,1,-80,34.0435295,-117.1943359,380.20,1.50,WIFI
54:47:CC:F5:E9:E6,Frontier0706,[WPA2_PSK],2025-8-1 2:53:14,1,-85,34.0435295,-117.1943359,380.20,1.50,WIFI
A4:11:62:B1:28:30,ARLO_VMB_5228727833,[WPA2_PSK],2025-8-1 2:53:16,2,-81,34.0433311,-117.1941757,381.10,1.50,WIFI
A4:11:62:0B:EF:D6,NETGEAR27,[WPA2_PSK],2025-8-1 2:53:16,2,-87,34.0433311,-117.1941757,381.10,1.50,WIFI
3C:F0:83:D1:6F:14,Alfaro-Home,[WPA2_WPA3_PSK],2025-8-1 2:53:17,3,-85,34.0432396,-117.1941071,381.60,1.50,WIFI
0E:36:C9:9D:93:85,mywn-ORBI,[WPA2_PSK],2025-8-1 2:53:18,4,-83,34.0431442,-117.1940308,382.00,1.50,WIFI
C8:9E:43:58:87:F4,You Hit Me In The Cup,[WPA2_PSK],2025-8-1 2:53:18,4,-84,34.0431442,-117.1940308,382.00,1.50,WIFI
CE:9E:43:58:87:F4,,[WPA2_PSK],2025-8-1 2:53:18,4,-90,34.0431442,-117.1940308,382.00,1.50,WIFI
08:36:C9:9D:95:79,,[WPA2_PSK],2025-8-1 2:53:18,4,-92,34.0431442,-117.1940308,382.00,1.50,WIFI
E4:C0:E2:70:2B:D6,RossiFamily,[WPA2_PSK],2025-8-1 2:53:20,6,-72,34.0429726,-117.1938858,382.90,1.50,WIFI
90:D3:CF:31:FE:0F,SpectrumSetup-FE12,[WPA2_PSK],2025-8-1 2:53:20,6,-73,34.0429726,-117.1938858,382.90,1.50,WIFI
F0:B6:61:A8:E5:CA,,[OPEN],2025-8-1 2:53:20,6,-76,34.0429726,-117.1938858,382.90,1.50,WIFI
F0:B6:61:A8:E5:C7,ilovemywife,[WPA2_PSK],2025-8-1 2:53:20,6,-77,34.0429726,-117.1938858,382.90,1.50,WIFI
F0:B6:61:A8:E5:C4,,[WPA3_PSK],2025-8-1 2:53:20,6,-78,34.0429726,-117.1938858,382.90,1.50,WIFI
D4:05:DE:0E:53:AA,,[OPEN],2025-8-1 2:53:20,6,-85,34.0429726,-117.1938858,382.90,1.50,WIFI
D4:05:DE:0E:53:A4,,[WPA3_PSK],2025-8-1 2:53:20,6,-86,34.0429726,-117.1938858,382.90,1.50,WIFI
D4:05:DE:0E:53:A7,O’Brien,[WPA2_PSK],2025-8-1 2:53:20,6,-86,34.0429726,-117.1938858,382.90,1.50,WIFI
DC:69:B5:43:E4:66,Franklin WiFi,[WPA2_PSK],2025-8-1 2:53:25,11,-74,34.0426178,-117.1936111,384.90,1.50,WIFI
DC:69:B5:43:E4:63,,[WPA3_PSK],2025-8-1 2:53:25,11,-76,34.0426178,-117.1936111,384.90,1.50,WIFI
DC:69:B5:43:E4:6F,Franklin WiFi Guest,[WPA2_PSK],2025-8-1 2:53:25,11,-76,34.0426178,-117.1936111,384.90,1.50,WIFI
4C:AB:F8:47:35:41,SpectrumSetup-43,[WPA2_PSK],2025-8-1 2:53:25,11,-77,34.0426178,-117.1936111,384.90,1.50,WIFI
DC:69:B5:43:E4:69,,[OPEN],2025-8-1 2:53:25,11,-77,34.0426178,-117.1936111,384.90,1.50,WIFI
84:EB:3E:D9:88:F9,tld988f8,[WPA2_PSK],2025-8-1 2:53:25,11,-78,34.0426178,-117.1936111,384.90,1.50,WIFI
DC:69:B5:39:81:66,Franklin WiFi,[WPA2_PSK],2025-8-1 2:53:25,11,-79,34.0426178,-117.1936111,384.90,1.50,WIFI
DC:69:B5:39:81:69,,[OPEN],2025-8-1 2:53:25,11,-81,34.0426178,-117.1936111,384.90,1.50,WIFI
DC:69:B5:39:81:6F,Franklin WiFi Guest,[WPA2_PSK],2025-8-1 2:53:25,11,-82,34.0426178,-117.1936111,384.90,1.50,WIFI
B0:FC:88:6F:4D:42,SpectrumSetup-3C,[WPA2_PSK],2025-8-1 2:53:25,11,-83,34.0426178,-117.1936111,384.90,1.50,WIFI
A8:6B:AD:F7:5F:0C,Apodaca,[WPA2_PSK],2025-8-1 2:53:25,11,-87,34.0426178,-117.1936111,384.90,1.50,WIFI
A4:97:33:5F:44:C1,SpectrumSetup-C3,[WPA2_PSK],2025-8-1 2:53:25,11,-88,34.0426178,-117.1936111,384.90,1.50,WIFI
24:94:CB:4C:D3:C8,Frontier9536,[WPA2_PSK],2025-8-1 2:53:25,1,-81,34.0426178,-117.1936111,384.90,1.50,WIFI
AC:B6:87:38:81:35,Verizon_V4ZP3C,[WPA2_PSK],2025-8-1 2:53:25,1,-82,34.0426178,-117.1936111,384.90,1.50,WIFI
CC:40:D0:C5:D8:20,Frontier7488_2GEXT,[WPA2_PSK],2025-8-1 2:53:25,1,-83,34.0426178,-117.1936111,384.90,1.50,WIFI
F8:2D:C0:E4:A8:28,Frontier7488,[WPA2_PSK],2025-8-1 2:53:25,1,-83,34.0426178,-117.1936111,384.90,1.50,WIFI
3C:BD:C5:E7:60:B9,Verizon_3C3HZF,[WPA2_PSK],2025-8-1 2:53:25,1,-84,34.0426178,-117.1936111,384.90,1.50,WIFI
02:22:6C:36:BA:19,SoundBarSetup_BA19,[OPEN],2025-8-1 2:53:25,1,-84,34.0426178,-117.1936111,384.90,1.50,WIFI
00:C8:96:CD:3A:9A,,[WPA_WPA2_PSK],2025-8-1 2:53:25,1,-88,34.0426178,-117.1936111,384.90,1.50,WIFI
C8:9E:43:52:CF:75,,[WPA2_PSK],2025-8-1 2:53:32,4,-81,34.0424728,-117.1934891,385.90,1.50,WIFI
CE:9E:43:52:CF:75,You Hit Me In The Cup,[WPA2_PSK],2025-8-1 2:53:32,4,-81,34.0424728,-117.1934891,385.90,1.50,WIFI
16:36:C9:9D:93:85,mywn-ORBI-2.5,[WPA2_PSK],2025-8-1 2:53:32,4,-84,34.0424728,-117.1934891,385.90,1.50,WIFI
24:41:FE:D1:3B:C2,Verizon_M3R9SC,[WPA2_PSK],2025-8-1 2:53:34,6,-59,34.0423927,-117.1934204,386.50,1.50,WIFI
9C:0B:05:20:1C:A7,living room,[WPA2_WPA3_PSK],2025-8-1 2:53:34,6,-65,34.0423927,-117.1934204,386.50,1.50,WIFI
66:4E:D7:01:DE:77,DIRECT-77-HP OfficeJet Pro 9010,[WPA2_PSK],2025-8-1 2:53:34,6,-71,34.0423927,-117.1934204,386.50,1.50,WIFI
9C:0B:05:1F:FC:C4,,[WPA3_PSK],2025-8-1 2:53:34,6,-84,34.0423927,-117.1934204,386.50,1.50,WIFI
9C:0B:05:1F:FC:C7,living room,[WPA2_WPA3_PSK],2025-8-1 2:53:34,6,-84,34.0423927,-117.1934204,386.50,1.50,WIFI
9C:0B:05:1F:FC:CA,,[OPEN],2025-8-1 2:53:34,6,-85,34.0423927,-117.1934204,386.50,1.50,WIFI
FA:8F:CA:93:33:DF,Family Room TV.b,[OPEN],2025-8-1 2:53:34,6,-86,34.0423927,-117.1934204,386.50,1.50,WIFI
DC:69:B5:E5:21:66,Franklin WiFi,[WPA2_PSK],2025-8-1 2:53:39,11,-52,34.0420799,-117.1931763,388.10,1.50,WIFI
DC:69:B5:E5:21:6F,Franklin WiFi Guest,[WPA2_PSK],2025-8-1 2:53:39,11,-54,34.0420799,-117.1931763,388.10,1.50,WIFI
60:F4:19:3A:57:43,,[WPA3_PSK],2025-8-1 2:53:39,11,-70,34.0420799,-117.1931763,388.10,1.50,WIFI
60:F4:19:3A:57:49,,[OPEN],2025-8-1 2:53:39,11,-70,34.0420799,-117.1931763,388.10,1.50,WIFI
60:F4:19:3A:57:46,Lucia,[WPA2_PSK],2025-8-1 2:53:39,11,-70,34.0420799,-117.1931763,388.10,1.50,WIFI
DC:69:B5:39:81:63,,[WPA3_PSK],2025-8-1 2:53:39,11,-70,34.0420799,-117.1931763,388.10,1.50,WIFI
A0:89:66:94:71:58,,[WPA_WPA2_PSK],2025-8-1 2:53:41,1,-63,34.0419273,-117.1930542,388.90,1.50,WIFI
0C:83:CC:F3:30:86,tlf33086,[WPA2_PSK],2025-8-1 2:53:41,1,-76,34.0419273,-117.1930542,388.90,1.50,WIFI
14:91:82:AA:0F:CA,Linksys00698,[WPA2_PSK],2025-8-1 2:53:41,1,-81,34.0419273,-117.1930542,388.90,1.50,WIFI
BC:10:2F:75:22:1D,[range]_E30AJT7113166E,[WPA2_PSK],2025-8-1 2:53:41,1,-88,34.0419273,-117.1930542,388.90,1.50,WIFI
80:CC:9C:82:FD:50,NETGEAR27,[WPA2_PSK],2025-8-1 2:53:45,3,-76,34.0415993,-117.1928024,390.40,1.50,WIFI
6C:CD:D6:BE:B5:18,NETGEAR27-EXT,[WPA2_PSK],2025-8-1 2:53:45,3,-77,34.0415993,-117.1928024,390.40,1.50,WIFI
88:67:46:9A:BA:4F,Garage Guest,[WPA2_PSK],2025-8-1 2:53:48,6,-59,34.0413437,-117.1925888,391.60,1.50,WIFI
88:67:46:9A:BA:46,Howard,[WPA2_PSK],2025-8-1 2:53:48,6,-59,34.0413437,-117.1925888,391.60,1.50,WIFI
88:67:46:9A:BA:43,,[WPA3_PSK],2025-8-1 2:53:48,6,-61,34.0413437,-117.1925888,391.60,1.50,WIFI
88:67:46:9A:BA:49,,[OPEN],2025-8-1 2:53:48,6,-61,34.0413437,-117.1925888,391.60,1.50,WIFI
9C:0B:05:20:1C:A4,,[WPA3_PSK],2025-8-1 2:53:48,6,-78,34.0413437,-117.1925888,391.60,1.50,WIFI
9C:0B:05:20:1C:AA,,[OPEN],2025-8-1 2:53:48,6,-79,34.0413437,-117.1925888,391.60,1.50,WIFI
F4:69:42:C7:39:79,SpectrumSetup-7B,[WPA2_PSK],2025-8-1 2:53:48,6,-87,34.0413437,-117.1925888,391.60,1.50,WIFI
18:A5:FF:D4:EE:98,Alfaro-Home,[WPA2_WPA3_PSK],2025-8-1 2:53:50,8,-84,34.0411682,-117.1924591,392.40,1.50,WIFI
DC:92:72:E4:E8:1F,Frontier0101,[WPA2_PSK],2025-8-1 2:53:53,11,-78,34.0409050,-117.1922379,393.60,1.50,WIFI
D2:CB:BC:8C:48:CB,SBCSS_Redlands,[WPA2_PSK],2025-8-1 2:53:53,11,-83,34.0409050,-117.1922379,393.60,1.50,WIFI
DA:CB:BC:8C:48:CB,RUSD_Devices,[WPA2_PSK],2025-8-1 2:53:53,11,-83,34.0409050,-117.1922379,393.60,1.50,WIFI
F4:52:46:E3:A0:D6,SpectrumSetup-A0D9,[WPA2_PSK],2025-8-1 2:53:55,1,-70,34.0407143,-117.1920929,394.40,1.50,WIFI
DE:A2:66:00:26:9E,DIRECT-9e-HP M452 LaserJet,[WPA2_PSK],2025-8-1 2:54:2,6,-79,34.0400696,-117.1915741,397.20,1.50,WIFI
9C:57:BC:58:39:29,,[OPEN],2025-8-1 2:54:2,6,-81,34.0400696,-117.1915741,397.20,1.50,WIFI
36:8D:DB:6D:3E:8C,RUSD_Devices,[WPA2_PSK],2025-8-1 2:54:2,6,-81,34.0400696,-117.1915741,397.20,1.50,WIFI
FE:CB:BC:8C:4F:36,RUSD_WiFi,[WPA2],2025-8-1 2:54:2,6,-82,34.0400696,-117.1915741,397.20,1.50,WIFI
E6:CB:BC:8C:4F:36,,[WPA2],2025-8-1 2:54:2,6,-84,34.0400696,-117.1915741,397.20,1.50,WIFI
DA:CB:BC:8C:4F:36,RUSD_Devices,[WPA2_PSK],2025-8-1 2:54:2,6,-84,34.0400696,-117.1915741,397.20,1.50,WIFI
04:09:86:4A:4D:15,Verizon_L93LFT,[WPA2_PSK],2025-8-1 2:54:2,6,-85,34.0400696,-117.1915741,397.20,1.50,WIFI
CC:40:D0:55:6E:6B,Frontier8592_2GEXT,[WPA2_PSK],2025-8-1 2:54:2,6,-91,34.0400696,-117.1915741,397.20,1.50,WIFI
DC:92:72:E3:6C:8F,Frontier0214,[WPA2_PSK],2025-8-1 2:54:2,6,-93,34.0400696,-117.1915741,397.20,1.50,WIFI
12:09:0D:FD:7C:33,,[WPA2_PSK],2025-8-1 2:54:4,8,-90,34.0399017,-117.1914444,397.80,1.50,WIFI
10:0C:6B:27:34:73,NETGEAR00,[WPA2_PSK],2025-8-1 2:54:5,9,-79,34.0398216,-117.1913834,398.10,1.50,WIFI
88:67:46:7A:F6:09,,[OPEN],2025-8-1 2:54:7,11,-72,34.0396729,-117.1912613,398.80,1.50,WIFI
88:67:46:7A:F6:06,cocoAfamily,[WPA2_PSK],2025-8-1 2:54:7,11,-78,34.0396729,-117.1912613,398.80,1.50,WIFI
A0:89:66:EA:7A:E4,,[WPA_WPA2_PSK],2025-8-1 2:54:9,1,-80,34.0395622,-117.1911774,399.20,1.50,WIFI
CC:F4:11:4E:C8:0E,moralezwifi-2,[WPA2_PSK],2025-8-1 2:54:9,1,-91,34.0395622,-117.1911774,399.20,1.50,WIFI
60:57:47:69:FA:D7,,[WPA_WPA2_PSK],2025-8-1 2:54:12,2,-86,34.0395050,-117.1911316,399.50,1.50,WIFI
64:CB:E9:F2:B7:5A,RESU_64CBE9F2B759,[WPA_WPA2_PSK],2025-8-1 2:54:13,3,-90,34.0394936,-117.1911163,399.60,1.50,WIFI
1A:59:C0:4A:51:79,GbaysOrbi,[WPA2_PSK],2025-8-1 2:54:14,4,-83,34.0394669,-117.1911011,399.70,1.50,WIFI
20:9A:7D:E4:0B:EE,SpectrumSetup-E8,[WPA2_PSK],2025-8-1 2:54:16,6,-70,34.0393867,-117.1910400,400.20,1.50,WIFI
28:EC:22:4B:6A:03,,[WPA3_PSK],2025-8-1 2:54:16,6,-74,34.0393867,-117.1910400,400.20,1.50,WIFI
28:EC:22:4B:6A:09,,[OPEN],2025-8-1 2:54:16,6,-74,34.0393867,-117.1910400,400.20,1.50,WIFI
28:EC:22:4B:6A:06,Candice,[WPA2_PSK],2025-8-1 2:54:16,6,-77,34.0393867,-117.1910400,400.20,1.50,WIFI
9C:57:BC:9D:DC:C6,Candice,[WPA2_PSK],2025-8-1 2:54:16,6,-78,34.0393867,-117.1910400,400.20,1.50,WIFI
9C:57:BC:9D:DC:C3,,[WPA3_PSK],2025-8-1 2:54:16,6,-86,34.0393867,-117.1910400,400.20,1.50,WIFI
84:A0:6E:CB:A2:A6,MySpectrumWiFia0-2G,[WPA2_PSK],2025-8-1 2:54:16,6,-87,34.0393867,-117.1910400,400.20,1.50,WIFI
F0:09:0D:FD:7C:33,PizzaHouse,[WPA2_PSK],2025-8-1 2:54:18,8,-70,34.0392723,-117.1909409,400.80,1.50,WIFI
94:18:65:DA:56:19,NETGEAR45,[WPA2_PSK],2025-8-1 2:54:20,10,-79,34.0391350,-117.1908417,401.40,1.50,WIFI
94:18:65:DA:77:67,NETGEAR45,[WPA2_PSK],2025-8-1 2:54:20,10,-85,34.0391350,-117.1908417,401.40,1.50,WIFI
C8:D3:FF:1B:49:5D,DIRECT-5C-HP ENVY 7640 series,[WPA2_PSK],2025-8-1 2:54:20,10,-92,34.0391350,-117.1908417,401.40,1.50,WIFI
64:C2:69:9D:67:C5,FiOS-LCETY,[WPA2_PSK],2025-8-1 2:54:21,11,-79,34.0390587,-117.1907730,401.70,1.50,WIFI
64:C2:69:9D:67:CB,FiOS-LCETY Guest,[WPA2_PSK],2025-8-1 2:54:21,11,-79,34.0390587,-117.1907730,401.70,1.50,WIFI
88:67:46:7A:F6:03,,[WPA3_PSK],2025-8-1 2:54:21,11,-79,34.0390587,-117.1907730,401.70,1.50,WIFI
64:C2:69:9D:67:C7,,[OPEN],2025-8-1 2:54:21,11,-79,34.0390587,-117.1907730,401.70,1.50,WIFI
50:91:E3:46:54:46,TP-Link_Extender,[WPA2_PSK],2025-8-1 2:54:21,11,-82,34.0390587,-117.1907730,401.70,1.50,WIFI
88:DE:A9:18:F0:D3,,[WPA2_PSK],2025-8-1 2:54:23,1,-81,34.0388908,-117.1906509,402.60,1.50,WIFI
EA:07:B6:75:E7:74,,[WPA2_PSK],2025-8-1 2:54:26,2,-81,34.0386238,-117.1904373,403.80,1.50,WIFI
D8:07:B6:66:DB:C5,moralezwifi,[WPA2_PSK],2025-8-1 2:54:26,2,-85,34.0386238,-117.1904373,403.80,1.50,WIFI
C4:41:1E:25:B4:74,No_ You can't use the WiFi,[WPA2_PSK],2025-8-1 2:54:28,4,-78,34.0384331,-117.1902924,404.70,1.50,WIFI
CA:41:1E:25:B4:74,,[WPA2_PSK],2025-8-1 2:54:28,4,-78,34.0384331,-117.1902924,404.70,1.50,WIFI
18:A5:FF:38:B5:D4,AMAG2025,[WPA2_WPA3_PSK],2025-8-1 2:54:29,5,-79,34.0383377,-117.1902237,405.00,1.50,WIFI
A8:97:CD:A5:93:B8,Frontier8592,[WPA2_PSK],2025-8-1 2:54:30,6,-80,34.0382347,-117.1901474,405.40,1.75,WIFI
F0:B6:61:BA:B7:A4,,[WPA3_PSK],2025-8-1 2:54:30,6,-83,34.0382347,-117.1901474,405.40,1.75,WIFI
F0:B6:61:BA:B7:A7,nancys wi fi,[WPA2_PSK],2025-8-1 2:54:30,6,-84,34.0382347,-117.1901474,405.40,1.75,WIFI
F0:B6:61:BA:B7:AA,,[OPEN],2025-8-1 2:54:30,6,-85,34.0382347,-117.1901474,405.40,1.75,WIFI
28:BD:89:F1:7D:D9,HelloGoodbye,[WPA2_PSK],2025-8-1 2:54:30,6,-86,34.0382347,-117.1901474,405.40,1.75,WIFI
34:98:B5:31:58:FC,Frontier3424,[WPA2_PSK],2025-8-1 2:54:33,9,-91,34.0379562,-117.1899261,406.60,1.75,WIFI
7C:D9:5C:9C:6D:E5,HelloGoodbye,[WPA2_PSK],2025-8-1 2:54:35,11,-67,34.0377731,-117.1897812,407.30,1.75,WIFI
E8:D3:EB:05:7B:23,,[WPA3_PSK],2025-8-1 2:54:35,11,-75,34.0377731,-117.1897812,407.30,1.75,WIFI
E8:D3:EB:05:7B:29,,[OPEN],2025-8-1 2:54:35,11,-76,34.0377731,-117.1897812,407.30,1.75,WIFI
E8:D3:EB:05:7B:26,DaHomies,[WPA2_PSK],2025-8-1 2:54:35,11,-78,34.0377731,-117.1897812,407.30,1.75,WIFI
A8:11:FC:9E:F1:58,Frontier5296,[WPA2_PSK],2025-8-1 2:54:35,11,-86,34.0377731,-117.1897812,407.30,1.75,WIFI
0C:EA:C9:C7:EC:F8,Frontier3312,[WPA2_PSK],2025-8-1 2:54:35,11,-88,34.0377731,-117.1897812,407.30,1.75,WIFI
00:19:9D:FF:1C:E9,VIZIOCastDisplay0855,[OPEN],2025-8-1 2:54:35,11,-89,34.0377731,-117.1897812,407.30,1.75,WIFI
FA:8F:CA:6F:D6:69,,[OPEN],2025-8-1 2:54:35,11,-90,34.0377731,-117.1897812,407.30,1.75,WIFI
54:A0:50:D1:22:90,Mabud,[WPA2_PSK],2025-8-1 2:54:35,11,-98,34.0377731,-117.1897812,407.30,1.75,WIFI
30:60:0A:24:E7:E4,,[WPA_WPA2_PSK],2025-8-1 2:54:38,1,-74,34.0374947,-117.1895599,407.70,1.75,WIFI
FA:48:B8:1D:D7:0A,,[WPA2_PSK],2025-8-1 2:54:40,2,-91,34.0373077,-117.1894073,409.30,1.75,WIFI
08:02:8E:CE:4C:93,bell1,[WPA2_PSK],2025-8-1 2:54:41,3,-90,34.0372162,-117.1893387,409.70,1.75,WIFI
C8:C6:FE:D5:6D:85,Wise24,[WPA2_PSK],2025-8-1 2:54:44,6,-66,34.0369453,-117.1891174,411.10,1.75,WIFI
C8:C6:FE:0D:15:69,,[OPEN],2025-8-1 2:54:44,6,-67,34.0369453,-117.1891174,411.10,1.75,WIFI
C8:C6:FE:D5:6D:87,,[OPEN],2025-8-1 2:54:44,6,-67,34.0369453,-117.1891174,411.10,1.75,WIFI
C8:C6:FE:0D:15:63,,[WPA3_PSK],2025-8-1 2:54:44,6,-68,34.0369453,-117.1891174,411.10,1.75,WIFI
C8:C6:FE:0D:15:66,Wise24,[WPA2_PSK],2025-8-1 2:54:44,6,-69,34.0369453,-117.1891174,411.10,1.75,WIFI
C8:C6:FE:D5:6D:83,,[WPA3_PSK],2025-8-1 2:54:44,6,-69,34.0369453,-117.1891174,411.10,1.75,WIFI
FC:3F:A6:1B:2E:EF,Dillon Guest,[WPA2_PSK],2025-8-1 2:54:44,6,-74,34.0369453,-117.1891174,411.10,1.75,WIFI
FC:3F:A6:1B:2E:E9,,[OPEN],2025-8-1 2:54:44,6,-75,34.0369453,-117.1891174,411.10,1.75,WIFI
FC:3F:A6:1B:2E:E6,Dillon1,[WPA2_PSK],2025-8-1 2:54:44,6,-76,34.0369453,-117.1891174,411.10,1.75,WIFI
DC:69:B5:40:B1:E6,Dillon1,[WPA2_PSK],2025-8-1 2:54:44,6,-78,34.0369453,-117.1891174,411.10,1.75,WIFI
C8:C6:FE:D7:32:83,,[WPA3_PSK],2025-8-1 2:54:44,6,-78,34.0369453,-117.1891174,411.10,1.75,WIFI
C8:C6:FE:D7:32:87,,[OPEN],2025-8-1 2:54:44,6,-78,34.0369453,-117.1891174,411.10,1.75,WIFI
2C:EA:DC:01:18:7C,SpectrumSetup-8F,[WPA2_PSK],2025-8-1 2:54:44,6,-78,34.0369453,-117.1891174,411.10,1.75,WIFI
DC:69:B5:40:B1:E3,,[WPA3_PSK],2025-8-1 2:54:44,6,-80,34.0369453,-117.1891174,411.10,1.75,WIFI
DC:69:B5:40:B1:E9,,[OPEN],2025-8-1 2:54:44,6,-80,34.0369453,-117.1891174,411.10,1.75,WIFI
C8:C6:FE:D7:32:85,Wise24,[WPA2_PSK],2025-8-1 2:54:44,6,-81,34.0369453,-117.1891174,411.10,1.75,WIFI
DC:69:B5:40:B1:EF,Dillon Guest,[WPA2_PSK],2025-8-1 2:54:44,6,-83,34.0369453,-117.1891174,411.10,1.75,WIFI
16:91:38:0B:3D:AE,,[WPA2_PSK],2025-8-1 2:54:44,6,-83,34.0369453,-117.1891174,411.10,1.75,WIFI
C0:06:C3:1B:41:BE,MegMarSlow_EXT,[WPA2_PSK],2025-8-1 2:54:44,6,-84,34.0369453,-117.1891174,411.10,1.75,WIFI
00:22:3F:7F:77:2A,NETGEAR,[OPEN],2025-8-1 2:54:44,6,-96,34.0369453,-117.1891174,411.10,1.75,WIFI
48:70:1E:10:C5:A6,ENVOY_056861,[OPEN],2025-8-1 2:54:45,7,-81,34.0368576,-117.1890488,411.40,1.75,WIFI
5E:A9:31:7A:13:AE,waffles house,[WPA2_PSK],2025-8-1 2:54:48,8,-73,34.0366211,-117.1888580,412.60,1.75,WIFI
5C:E9:31:7A:13:AE,,[WPA2_PSK],2025-8-1 2:54:48,8,-77,34.0366211,-117.1888580,412.60,1.75,WIFI
5E:A9:31:7A:0D:2E,waffles house,[WPA2_PSK],2025-8-1 2:54:48,8,-80,34.0366211,-117.1888580,412.60,1.75,WIFI
5C:E9:31:7A:0D:2E,,[WPA2_PSK],2025-8-1 2:54:48,8,-84,34.0366211,-117.1888580,412.60,1.75,WIFI
E4:8E:10:00:47:50,,[WPA_WPA2_PSK],2025-8-1 2:54:48,8,-86,34.0366211,-117.1888580,412.60,1.75,WIFI
C0:06:C3:FA:09:E0,AIM Center Guest,[WPA2_PSK],2025-8-1 2:54:50,10,-78,34.0365067,-117.1887665,413.10,1.75,WIFI
18:A5:FF:B2:6B:3E,TMOBILE-6B3C,[WPA2_WPA3_PSK],2025-8-1 2:54:50,10,-85,34.0365067,-117.1887665,413.10,1.75,WIFI
D2:06:C3:FA:09:E0,,[WPA2_PSK],2025-8-1 2:54:50,10,-88,34.0365067,-117.1887665,413.10,1.75,WIFI
C0:89:AB:24:C3:C8,Frontier5888,[WPA2_PSK],2025-8-1 2:54:51,11,-70,34.0364723,-117.1887360,413.30,1.75,WIFI
40:B0:34:DF:95:9E,DIRECT-9D-HP OfficeJet 4650,[WPA2_PSK],2025-8-1 2:54:51,11,-85,34.0364723,-117.1887360,413.30,1.75,WIFI
22:48:6C:50:B2:AF,,[WPA2_PSK],2025-8-1 2:54:51,11,-87,34.0364723,-117.1887360,413.30,1.75,WIFI
F8:2D:C0:CF:84:08,Frontier1984,[WPA2_PSK],2025-8-1 2:54:51,11,-88,34.0364723,-117.1887360,413.30,1.75,WIFI
88:EF:16:EB:71:58,Frontier0000,[WPA2_PSK],2025-8-1 2:54:54,1,-81,34.0364304,-117.1887054,413.60,1.75,WIFI
8A:D8:1B:64:69:4E,,[WPA2_PSK],2025-8-1 2:54:57,3,-88,34.0363426,-117.1886368,414.10,1.75,WIFI
CC:40:D0:15:14:61,Shiperi1,[WPA2_PSK],2025-8-1 2:54:58,4,-88,34.0362930,-117.1885910,414.30,1.75,WIFI
50:33:8B:DD:6B:1D,,[WPA2_PSK],2025-8-1 2:55:0,6,-79,34.0361633,-117.1884995,414.70,1.75,WIFI
F4:52:46:AC:DC:19,SpectrumSetup-1B,[WPA2_PSK],2025-8-1 2:55:0,6,-87,34.0361633,-117.1884995,414.70,1.75,WIFI
F4:52:46:A5:20:F9,SpectrumSetup-20FC,[WPA2_PSK],2025-8-1 2:55:0,6,-89,34.0361633,-117.1884995,414.70,1.75,WIFI
68:7F:F0:00:1F:E7,cxcb,[WPA2_PSK],2025-8-1 2:55:1,7,-87,34.0360909,-117.1884384,414.90,1.75,WIFI
62:7F:F0:00:1F:E1,,[WPA2_PSK],2025-8-1 2:55:1,7,-88,34.0360909,-117.1884384,414.90,1.75,WIFI
04:42:1A:40:BB:08,sunset34_2G,[WPA2_PSK],2025-8-1 2:55:3,9,-90,34.0359306,-117.1883163,415.40,1.75,WIFI
04:42:1A:40:BB:09,sunset34_2GG,[WPA2_PSK],2025-8-1 2:55:3,9,-91,34.0359306,-117.1883163,415.40,1.75,WIFI
90:48:46:C3:67:53,ENVOY_026695,[OPEN],2025-8-1 2:55:4,10,-83,34.0358467,-117.1882477,415.80,1.75,WIFI
A8:9A:93:A9:5D:66,MySpectrumWiFi60-2G,[WPA2_PSK],2025-8-1 2:55:5,11,-66,34.0357590,-117.1881790,416.00,1.75,WIFI
78:76:89:13:29:C7,HappyHome,[WPA2_PSK],2025-8-1 2:55:5,11,-75,34.0357590,-117.1881790,416.00,1.75,WIFI
D4:3F:32:2B:AD:86,FiOS-S3VUA,[WPA2_PSK],2025-8-1 2:55:5,11,-76,34.0357590,-117.1881790,416.00,1.75,WIFI
48:5D:36:74:08:2C,FiOS-6EKHM,[WPA2_PSK],2025-8-1 2:55:5,11,-80,34.0357590,-117.1881790,416.00,1.75,WIFI
F0:B6:61:C1:90:EA,,[OPEN],2025-8-1 2:55:5,11,-80,34.0357590,-117.1881790,416.00,1.75,WIFI
F0:B6:61:C1:90:E7,jrobi,[WPA2_PSK],2025-8-1 2:55:5,11,-80,34.0357590,-117.1881790,416.00,1.75,WIFI
68:FF:7B:FE:1D:E6,FiOS-6EKHM_EXT,[WPA2_PSK],2025-8-1 2:55:5,11,-84,34.0357590,-117.1881790,416.00,1.75,WIFI
B0:FC:88:75:B9:84,Cat-Hair-Everywhere,[WPA2_PSK],2025-8-1 2:55:8,1,-78,34.0354919,-117.1879654,417.20,1.75,WIFI
8A:D8:1B:63:F7:7E,,[WPA2_PSK],2025-8-1 2:55:11,3,-71,34.0352249,-117.1877518,418.20,1.75,WIFI
84:D8:1B:63:F7:7E,Link,[WPA2_PSK],2025-8-1 2:55:11,3,-78,34.0352249,-117.1877518,418.20,1.75,WIFI
84:D8:1B:64:61:6E,Link,[WPA2_PSK],2025-8-1 2:55:11,3,-83,34.0352249,-117.1877518,418.20,1.75,WIFI
C0:56:27:10:3D:F9,Hustler’s University,[WPA2_PSK],2025-8-1 2:55:14,6,-74,34.0349655,-117.1875458,419.20,1.75,WIFI
9C:57:BC:98:DB:63,,[WPA3_PSK],2025-8-1 2:55:14,6,-79,34.0349655,-117.1875458,419.20,1.75,WIFI
9C:57:BC:98:DB:66,Sunnygirl,[WPA2_PSK],2025-8-1 2:55:14,6,-79,34.0349655,-117.1875458,419.20,1.75,WIFI
9C:57:BC:98:DB:69,,[OPEN],2025-8-1 2:55:14,6,-80,34.0349655,-117.1875458,419.20,1.75,WIFI
78:76:89:8F:65:D2,,[WPA3_PSK],2025-8-1 2:55:14,6,-85,34.0349655,-117.1875458,419.20,1.75,WIFI
46:50:DD:31:AA:03,,[WPA2_PSK],2025-8-1 2:55:14,6,-88,34.0349655,-117.1875458,419.20,1.75,WIFI
62:B7:6E:A7:72:1C,farmstrong-caregiver,[WPA2_PSK],2025-8-1 2:55:14,6,-93,34.0349655,-117.1875458,419.20,1.75,WIFI
C4:41:1E:F0:1D:5F,Trojanhorse,[WPA2_PSK],2025-8-1 2:55:16,8,-77,34.0347939,-117.1874084,419.80,1.75,WIFI
CA:41:1E:F0:1D:5F,,[WPA2_PSK],2025-8-1 2:55:16,8,-79,34.0347939,-117.1874084,419.80,1.75,WIFI
C4:41:1E:F0:1E:CC,_VelopSetupECB,[WPA2_PSK],2025-8-1 2:55:17,9,-87,34.0347023,-117.1873474,420.20,1.75,WIFI
30:23:03:9F:BB:62,Frontier1216,[WPA2_PSK],2025-8-1 2:55:18,10,-85,34.0346222,-117.1872787,420.60,1.75,WIFI
9C:0B:05:BB:9C:24,,[WPA3_PSK],2025-8-1 2:55:19,11,-73,34.0345345,-117.1872177,421.00,1.75,WIFI
9C:0B:05:BB:9C:27,who's wifi?,[WPA2_PSK],2025-8-1 2:55:19,11,-73,34.0345345,-117.1872177,421.00,1.75,WIFI
9C:0B:05:BB:9C:2A,,[OPEN],2025-8-1 2:55:19,11,-74,34.0345345,-117.1872177,421.00,1.75,WIFI
C0:89:AB:2A:56:38,Frontier1056,[WPA2_PSK],2025-8-1 2:55:19,11,-75,34.0345345,-117.1872177,421.00,1.75,WIFI
A8:97:CD:BA:0B:C8,Frontier0048,[WPA2_PSK],2025-8-1 2:55:19,11,-80,34.0345345,-117.1872177,421.00,1.75,WIFI
60:38:E0:3C:71:DA,Frontier9088_Ext,[WPA2_PSK],2025-8-1 2:55:19,11,-86,34.0345345,-117.1872177,421.00,1.75,WIFI
90:D3:CF:24:A1:09,Frontier3360,[WPA2_PSK],2025-8-1 2:55:19,11,-87,34.0345345,-117.1872177,421.00,1.75,WIFI
C0:89:AB:3B:8A:88,Frontier8560,[WPA2_PSK],2025-8-1 2:55:19,11,-90,34.0345345,-117.1872177,421.00,1.75,WIFI
FC:B2:D6:C9:14:34,,[WPA_WPA2_PSK],2025-8-1 2:55:22,1,-79,34.0342598,-117.1870804,422.30,1.75,WIFI
28:EC:22:24:86:A6,inky,[WPA2_PSK],2025-8-1 2:55:22,1,-80,34.0342598,-117.1870804,422.30,1.75,WIFI
4A:5D:36:9E:AF:4B,denmark-guest,[WPA2_PSK],2025-8-1 2:55:22,1,-84,34.0342598,-117.1870804,422.30,1.75,WIFI
A4:11:62:B1:5F:92,ARLO_VMB_5338379680,[WPA2_PSK],2025-8-1 2:55:27,5,-83,34.0337410,-117.1869202,424.30,1.75,WIFI
B0:E4:D5:6E:C4:E0,Google nest,[WPA2_PSK],2025-8-1 2:55:28,6,-70,34.0336418,-117.1868896,424.70,1.75,WIFI
22:9F:C3:58:62:E9,,[WPA2_PSK],2025-8-1 2:55:28,6,-76,34.0336418,-117.1868896,424.70,1.75,WIFI
9C:DF:03:9F:05:E9,MB WLAN 96722,[WPA_WPA2_PSK],2025-8-1 2:55:28,6,-78,34.0336418,-117.1868896,424.70,1.75,WIFI
B0:E4:D5:01:6F:6A,Google nest,[WPA2_PSK],2025-8-1 2:55:28,6,-84,34.0336418,-117.1868896,424.70,1.75,WIFI
FC:9C:98:4B:26:52,ARLO_VMB_0026245117,[WPA2_PSK],2025-8-1 2:55:29,7,-83,34.0335426,-117.1868668,425.10,1.75,WIFI
AA:CD:D6:0C:AC:37,NETGEAR34-Guest,[WPA2_PSK],2025-8-1 2:55:29,7,-83,34.0335426,-117.1868668,425.10,1.75,WIFI
6C:CD:D6:0C:AC:36,NETGEAR34,[WPA2_PSK],2025-8-1 2:55:29,7,-85,34.0335426,-117.1868668,425.10,1.75,WIFI
3E:94:ED:24:0C:A6,ORBI62,[WPA2_PSK],2025-8-1 2:55:30,8,-76,34.0334473,-117.1868286,425.40,1.75,WIFI
3E:94:ED:24:15:C0,ORBI62,[WPA2_PSK],2025-8-1 2:55:30,8,-81,34.0334473,-117.1868286,425.40,1.75,WIFI
3A:98:B5:51:EA:9B,ORBI88benandnatalia,[WPA2_WPA3_PSK],2025-8-1 2:55:31,9,-93,34.0333633,-117.1868057,425.80,1.75,WIFI
34:98:B5:51:EA:9B,,[WPA2_PSK],2025-8-1 2:55:31,9,-96,34.0333633,-117.1868057,425.80,1.75,WIFI
A6:05:D6:CD:FF:DA,WiFi'd and Dangerous 2.4,[WPA2_WPA3_PSK],2025-8-1 2:55:33,11,-77,34.0332375,-117.1867676,426.40,1.75,WIFI
A2:05:D6:CD:FF:DA,WiFi'd and Dangerous Guest,[WPA2_WPA3_PSK],2025-8-1 2:55:33,11,-78,34.0332375,-117.1867676,426.40,1.75,WIFI
AA:05:D6:CD:FF:DA,,[WPA2_PSK],2025-8-1 2:55:33,11,-78,34.0332375,-117.1867676,426.40,1.75,WIFI
9C:05:D6:CD:FF:DA,WiFi'd and Dangerous,[WPA2_WPA3_PSK],2025-8-1 2:55:33,11,-81,34.0332375,-117.1867676,426.40,1.75,WIFI
A6:05:D6:F4:71:5A,WiFi'd and Dangerous 2.4,[WPA2_WPA3_PSK],2025-8-1 2:55:33,11,-82,34.0332375,-117.1867676,426.40,1.75,WIFI
A2:05:D6:F4:71:5A,WiFi'd and Dangerous Guest,[WPA2_WPA3_PSK],2025-8-1 2:55:33,11,-83,34.0332375,-117.1867676,426.40,1.75,WIFI
9C:05:D6:F4:71:5A,WiFi'd and Dangerous,[WPA2_WPA3_PSK],2025-8-1 2:55:33,11,-84,34.0332375,-117.1867676,426.40,1.75,WIFI
FC:EC:DA:A4:85:44,Casa de Cleo 2G,[WPA2_PSK],2025-8-1 2:55:33,11,-85,34.0332375,-117.1867676,426.40,1.75,WIFI
C8:D3:FF:17:65:A3,DIRECT-A2-HP ENVY 7640 series,[WPA2_PSK],2025-8-1 2:55:33,11,-87,34.0332375,-117.1867676,426.40,1.75,WIFI
FC:EC:DA:A4:85:66,Casa de Cleo 2G,[WPA2_PSK],2025-8-1 2:55:33,11,-87,34.0332375,-117.1867676,426.40,1.75,WIFI
A6:05:D6:F4:83:8A,WiFi'd and Dangerous 2.4,[WPA2_WPA3_PSK],2025-8-1 2:55:36,1,-83,34.0331497,-117.1867371,426.70,1.75,WIFI
AA:05:D6:F4:83:8A,,[WPA2_PSK],2025-8-1 2:55:36,1,-83,34.0331497,-117.1867371,426.70,1.75,WIFI
44:1C:A8:D0:C2:7A,MCPECK,[WPA2_PSK],2025-8-1 2:55:36,1,-86,34.0331497,-117.1867371,426.70,1.75,WIFI
F0:7B:65:F1:D1:9E,SpectrumSetup-D198,[WPA2_PSK],2025-8-1 2:55:36,1,-86,34.0331497,-117.1867371,426.70,1.75,WIFI
A2:05:D6:F4:71:AE,WiFi'd and Dangerous Guest,[WPA2_WPA3_PSK],2025-8-1 2:55:36,1,-87,34.0331497,-117.1867371,426.70,1.75,WIFI
9C:05:D6:F4:71:AE,WiFi'd and Dangerous,[WPA2_WPA3_PSK],2025-8-1 2:55:36,1,-88,34.0331497,-117.1867371,426.70,1.75,WIFI
A2:05:D6:F4:83:8A,WiFi'd and Dangerous Guest,[WPA2_WPA3_PSK],2025-8-1 2:55:36,1,-88,34.0331497,-117.1867371,426.70,1.75,WIFI
9C:05:D6:F4:83:8A,WiFi'd and Dangerous,[WPA2_WPA3_PSK],2025-8-1 2:55:36,1,-89,34.0331497,-117.1867371,426.70,1.75,WIFI
A6:05:D6:F4:71:AE,WiFi'd and Dangerous 2.4,[WPA2_WPA3_PSK],2025-8-1 2:55:36,1,-89,34.0331497,-117.1867371,426.70,1.75,WIFI
D4:F5:13:25:7B:23,ENVOY_038636,[OPEN],2025-8-1 2:55:40,4,-89,34.0331039,-117.1866531,427.20,1.75,WIFI
22:9F:C3:58:02:02,,[WPA2_PSK],2025-8-1 2:55:42,6,-86,34.0331268,-117.1865463,427.20,1.75,WIFI
9C:0B:05:A0:6F:84,,[WPA3_PSK],2025-8-1 2:55:47,11,-82,34.0333595,-117.1861267,427.60,1.75,WIFI
9C:0B:05:A0:6F:8A,,[OPEN],2025-8-1 2:55:47,11,-83,34.0333595,-117.1861267,427.60,1.75,WIFI
9C:0B:05:A0:6F:87,highland-house,[WPA2_PSK],2025-8-1 2:55:47,11,-83,34.0333595,-117.1861267,427.60,1.75,WIFI
F0:7B:65:F1:27:E8,SpectrumSetup-27E2,[WPA2_PSK],2025-8-1 2:55:49,1,-73,34.0334663,-117.1859283,427.50,1.75,WIFI
6C:5A:B0:0E:16:68,Frontier1536_EXT,[WPA2_PSK],2025-8-1 2:55:49,1,-75,34.0334663,-117.1859283,427.50,1.75,WIFI
00:C8:96:CD:3E:82,,[WPA_WPA2_PSK],2025-8-1 2:55:49,1,-77,34.0334663,-117.1859283,427.50,1.75,WIFI
F8:BC:0E:71:5C:A3,,[WPA3_PSK],2025-8-1 2:55:49,1,-84,34.0334663,-117.1859283,427.50,1.75,WIFI
00:21:7E:46:B8:77,MLG38810,[OPEN],2025-8-1 2:55:49,1,-95,34.0334663,-117.1859283,427.50,1.75,WIFI
FA:8F:CA:79:53:60,Master Bathroom speaker.n001_,[OPEN],2025-8-1 2:55:52,2,-90,34.0336304,-117.1856308,427.10,1.75,WIFI
74:37:5F:84:4B:FB,SpectrumSetup-F9,[WPA2_PSK],2025-8-1 2:55:56,6,-72,34.0338631,-117.1852188,426.40,1.75,WIFI
2A:0F:EB:63:B3:F4,TEG-0FB,[WPA2_PSK],2025-8-1 2:55:56,6,-78,34.0338631,-117.1852188,426.40,1.75,WIFI
F4:69:42:EC:65:55,SpectrumSetup-57,[WPA2_PSK],2025-8-1 2:55:56,6,-84,34.0338631,-117.1852188,426.40,1.75,WIFI
B0:B9:8A:71:F0:E0,NETGEAR71F0EF-SETUP,[WPA2_PSK],2025-8-1 2:55:56,6,-84,34.0338631,-117.1852188,426.40,1.75,WIFI
14:7D:05:95:1F:37,SpectrumSetup-35,[WPA2_PSK],2025-8-1 2:55:56,6,-86,34.0338631,-117.1852188,426.40,1.75,WIFI
90:D3:CF:02:27:DB,SpectrumSetup-27DE,[WPA2_PSK],2025-8-1 2:55:56,6,-89,34.0338631,-117.1852188,426.40,1.75,WIFI
18:A9:ED:85:0F:C3,,[WPA3_PSK],2025-8-1 2:56:1,11,-61,34.0341606,-117.1846848,426.80,1.75,WIFI
18:A9:ED:85:0F:C9,,[OPEN],2025-8-1 2:56:1,11,-62,34.0341606,-117.1846848,426.80,1.75,WIFI
9C:0B:05:A5:74:27,SkyNet,[WPA2_PSK],2025-8-1 2:56:1,11,-64,34.0341606,-117.1846848,426.80,1.75,WIFI
18:A9:ED:85:0F:C6,ZJLHH,[WPA2_PSK],2025-8-1 2:56:1,11,-67,34.0341606,-117.1846848,426.80,1.75,WIFI
9C:0B:05:AE:CD:AA,,[OPEN],2025-8-1 2:56:1,11,-73,34.0341606,-117.1846848,426.80,1.75,WIFI
9C:0B:05:A2:5B:E7,SkyNet,[WPA2_PSK],2025-8-1 2:56:1,11,-74,34.0341606,-117.1846848,426.80,1.75,WIFI
9C:0B:05:AE:CD:A4,,[WPA3_PSK],2025-8-1 2:56:1,11,-74,34.0341606,-117.1846848,426.80,1.75,WIFI
9C:0B:05:AE:CD:A7,eerowifi,[WPA2_PSK],2025-8-1 2:56:1,11,-77,34.0341606,-117.1846848,426.80,1.75,WIFI
8E:49:62:6B:0A:19,,[WPA2_PSK],2025-8-1 2:56:1,11,-79,34.0341606,-117.1846848,426.80,1.75,WIFI
9C:0B:05:A5:74:2A,,[OPEN],2025-8-1 2:56:1,11,-80,34.0341606,-117.1846848,426.80,1.75,WIFI
9C:0B:05:A5:74:24,,[WPA3_PSK],2025-8-1 2:56:1,11,-81,34.0341606,-117.1846848,426.80,1.75,WIFI
78:76:89:D7:74:44,SkyNet,[WPA2_PSK],2025-8-1 2:56:1,11,-83,34.0341606,-117.1846848,426.80,1.75,WIFI
9C:0B:05:6A:6D:44,,[WPA3_PSK],2025-8-1 2:56:1,11,-84,34.0341606,-117.1846848,426.80,1.75,WIFI
9C:0B:05:6A:6D:47,escalera,[WPA2_PSK],2025-8-1 2:56:1,11,-85,34.0341606,-117.1846848,426.80,1.75,WIFI
84:1E:A3:C6:9C:FE,SpectrumSetup-F8,[WPA2_PSK],2025-8-1 2:56:1,11,-87,34.0341606,-117.1846848,426.80,1.75,WIFI
38:42:0B:4F:98:29,,[WPA2_PSK],2025-8-1 2:56:1,11,-90,34.0341606,-117.1846848,426.80,1.75,WIFI
94:91:7F:A0:06:E5,MySpectrumWiFie7-2G,[WPA2_PSK],2025-8-1 2:56:5,1,-57,34.0343933,-117.1842804,427.10,1.75,WIFI
22:68:7E:BF:6B:B8,SpectrumSetup-B7,[WPA2_PSK],2025-8-1 2:56:5,1,-71,34.0343933,-117.1842804,427.10,1.75,WIFI
88:67:46:C9:C9:49,,[OPEN],2025-8-1 2:56:5,1,-84,34.0343933,-117.1842804,427.10,1.75,WIFI
A8:97:CD:BA:05:68,Frontier8416,[WPA2_PSK],2025-8-1 2:56:5,1,-86,34.0343933,-117.1842804,427.10,1.75,WIFI
40:CA:63:F6:18:73,[fridge]_E30AJT5133305M,[WPA2_PSK],2025-8-1 2:56:5,1,-86,34.0343933,-117.1842804,427.10,1.75,WIFI
6C:99:61:DA:7D:26,SpectrumSetup-20,[WPA2_PSK],2025-8-1 2:56:5,1,-90,34.0343933,-117.1842804,427.10,1.75,WIFI
3A:60:F9:7E:0B:F3,amelia,[WPA2_PSK],2025-8-1 2:56:7,2,-81,34.0345039,-117.1840744,426.80,1.75,WIFI
32:60:F9:7E:0A:A0,,[WPA2_PSK],2025-8-1 2:56:7,2,-86,34.0345039,-117.1840744,426.80,1.75,WIFI
32:60:F9:7E:0A:A1,amelia,[WPA2_PSK],2025-8-1 2:56:7,2,-86,34.0345039,-117.1840744,426.80,1.75,WIFI
22:47:5E:FF:AC:2E,,[WPA2_PSK],2025-8-1 2:56:7,2,-89,34.0345039,-117.1840744,426.80,1.75,WIFI
C0:89:AB:53:E0:B8,Frontier3488,[WPA2_PSK],2025-8-1 2:56:11,6,-80,34.0347366,-117.1836472,426.10,1.75,WIFI
FC:12:63:D7:92:26,it burns when IP,[WPA2_PSK],2025-8-1 2:56:11,6,-85,34.0347366,-117.1836472,426.10,1.75,WIFI
64:DA:ED:05:2F:47,,[OPEN],2025-8-1 2:56:11,6,-87,34.0347366,-117.1836472,426.10,1.75,WIFI
48:5D:36:20:1B:D0,FiOS-9PJ7O,[WPA2_PSK],2025-8-1 2:56:16,11,-63,34.0350304,-117.1831207,425.10,1.75,WIFI
C8:A7:0A:94:90:3C,FiOS-KWCHI,[WPA2_PSK],2025-8-1 2:56:16,11,-77,34.0350304,-117.1831207,425.10,1.75,WIFI
9C:3D:CF:FC:10:26,Lyle Family Internet_2GEXT,[WPA2_PSK],2025-8-1 2:56:16,11,-81,34.0350304,-117.1831207,425.10,1.75,WIFI
DC:69:B5:38:E5:4F,Lyle Family Internet  Guest,[WPA2_PSK],2025-8-1 2:56:16,11,-81,34.0350304,-117.1831207,425.10,1.75,WIFI
DC:69:B5:38:E5:46,Lyle Family Internet ,[WPA2_PSK],2025-8-1 2:56:16,11,-81,34.0350304,-117.1831207,425.10,1.75,WIFI
DC:69:B5:38:E5:49,,[OPEN],2025-8-1 2:56:16,11,-82,34.0350304,-117.1831207,425.10,1.75,WIFI
DC:69:B5:3B:B3:E9,,[OPEN],2025-8-1 2:56:16,11,-84,34.0350304,-117.1831207,425.10,1.75,WIFI
DC:69:B5:40:5C:43,,[WPA3_PSK],2025-8-1 2:56:16,11,-84,34.0350304,-117.1831207,425.10,1.75,WIFI
DC:69:B5:40:5C:49,,[OPEN],2025-8-1 2:56:16,11,-84,34.0350304,-117.1831207,425.10,1.75,WIFI
DC:69:B5:40:5C:4F,Lyle Family Internet  Guest,[WPA2_PSK],2025-8-1 2:56:16,11,-84,34.0350304,-117.1831207,425.10,1.75,WIFI
DC:69:B5:3B:B3:EF,Lyle Family Internet  Guest,[WPA2_PSK],2025-8-1 2:56:16,11,-85,34.0350304,-117.1831207,425.10,1.75,WIFI
DC:69:B5:40:5C:46,Lyle Family Internet ,[WPA2_PSK],2025-8-1 2:56:16,11,-85,34.0350304,-117.1831207,425.10,1.75,WIFI
60:B7:6E:BA:1E:6F,Steve's2,[WPA2_PSK],2025-8-1 2:56:16,11,-93,34.0350304,-117.1831207,425.10,1.75,WIFI
28:EC:22:38:02:83,,[WPA3_PSK],2025-8-1 2:56:19,1,-75,34.0352097,-117.1828079,425.00,1.75,WIFI
28:EC:22:38:02:89,,[OPEN],2025-8-1 2:56:19,1,-75,34.0352097,-117.1828079,425.00,1.75,WIFI
28:EC:22:38:02:86,digerhome,[WPA2_PSK],2025-8-1 2:56:19,1,-75,34.0352097,-117.1828079,425.00,1.75,WIFI
54:04:63:C5:4C:59,,[WPA_WPA2_PSK],2025-8-1 2:56:19,1,-75,34.0352097,-117.1828079,425.00,1.75,WIFI
28:EC:22:38:02:8F,digerhome Guest,[WPA2_PSK],2025-8-1 2:56:19,1,-76,34.0352097,-117.1828079,425.00,1.75,WIFI
84:A0:6E:C5:69:EE,MySpectrumWiFie8-2G,[WPA2_PSK],2025-8-1 2:56:19,1,-80,34.0352097,-117.1828079,425.00,1.75,WIFI
A0:89:66:8D:D9:50,,[WPA_WPA2_PSK],2025-8-1 2:56:19,1,-81,34.0352097,-117.1828079,425.00,1.75,WIFI
88:67:46:BD:73:83,,[WPA3_PSK],2025-8-1 2:56:19,1,-82,34.0352097,-117.1828079,425.00,1.75,WIFI
88:67:46:BD:73:89,,[OPEN],2025-8-1 2:56:19,1,-84,34.0352097,-117.1828079,425.00,1.75,WIFI
9A:3C:96:65:52:A7,IditarodGuest,[WPA2_WPA3_PSK],2025-8-1 2:56:19,1,-88,34.0352097,-117.1828079,425.00,1.75,WIFI
CC:CF:83:83:08:9F,,[WPA_WPA2_PSK],2025-8-1 2:56:19,1,-88,34.0352097,-117.1828079,425.00,1.75,WIFI
3A:60:F9:7E:0B:F2,,[WPA2_PSK],2025-8-1 2:56:21,2,-83,34.0353279,-117.1825943,424.90,1.75,WIFI
F4:63:49:C1:3B:0F,Franklin T10 0390,[WPA2_PSK],2025-8-1 2:56:23,3,-88,34.0354385,-117.1823807,424.50,1.75,WIFI
54:AF:97:20:A7:84,Pedalers7_EXT,[WPA2_PSK],2025-8-1 2:56:24,4,-87,34.0355034,-117.1822739,424.60,1.75,WIFI
FC:3F:A6:26:B3:A3,,[WPA3_PSK],2025-8-1 2:56:26,6,-76,34.0356293,-117.1820450,424.90,1.75,WIFI
FC:3F:A6:26:B3:A9,,[OPEN],2025-8-1 2:56:26,6,-77,34.0356293,-117.1820450,424.90,1.75,WIFI
FC:3F:A6:26:B3:A6,Maderowifi,[WPA2_PSK],2025-8-1 2:56:26,6,-79,34.0356293,-117.1820450,424.90,1.75,WIFI
40:47:5E:4C:54:E3,,[WPA3_PSK],2025-8-1 2:56:26,6,-79,34.0356293,-117.1820450,424.90,1.75,WIFI
40:47:5E:4C:54:E9,,[OPEN],2025-8-1 2:56:26,6,-79,34.0356293,-117.1820450,424.90,1.75,WIFI
40:47:5E:4C:54:E6,Maderowifi,[WPA2_PSK],2025-8-1 2:56:26,6,-79,34.0356293,-117.1820450,424.90,1.75,WIFI
40:47:5E:4E:7A:03,,[WPA3_PSK],2025-8-1 2:56:26,6,-81,34.0356293,-117.1820450,424.90,1.75,WIFI
40:47:5E:4E:7A:09,,[OPEN],2025-8-1 2:56:26,6,-82,34.0356293,-117.1820450,424.90,1.75,WIFI
40:47:5E:4E:7A:06,Maderowifi,[WPA2_PSK],2025-8-1 2:56:26,6,-82,34.0356293,-117.1820450,424.90,1.75,WIFI
AC:EC:85:BD:91:04,trains trains trains,[WPA2_PSK],2025-8-1 2:56:26,6,-83,34.0356293,-117.1820450,424.90,1.75,WIFI
AC:EC:85:BD:91:02,,[WPA3_PSK],2025-8-1 2:56:26,6,-83,34.0356293,-117.1820450,424.90,1.75,WIFI
AC:EC:85:BD:91:06,,[OPEN],2025-8-1 2:56:26,6,-83,34.0356293,-117.1820450,424.90,1.75,WIFI
36:23:03:19:01:E5,Primrose,[WPA2_PSK],2025-8-1 2:56:26,7,-92,34.0356293,-117.1820450,424.90,1.75,WIFI
6C:CD:D6:E5:7E:B1,,[WPA2_PSK],2025-8-1 2:56:29,9,-97,34.0358124,-117.1817093,425.70,1.75,WIFI
3A:23:03:18:FB:61,,[WPA2_PSK],2025-8-1 2:56:30,10,-82,34.0358734,-117.1816101,426.00,1.75,WIFI
E8:9C:25:59:51:CA,Yuzu,[WPA2_PSK],2025-8-1 2:56:30,10,-92,34.0358734,-117.1816101,426.00,1.75,WIFI
10:BE:F5:51:59:E8,96H6B-EXT,[WPA_WPA2_PSK],2025-8-1 2:56:31,11,-86,34.0359268,-117.1814957,426.20,1.75,WIFI
2C:00:AB:A4:6F:58,Frontier2480,[WPA2_PSK],2025-8-1 2:56:31,11,-86,34.0359268,-117.1814957,426.20,1.75,WIFI
6E:02:E0:E7:2D:90,DIRECT-90-HP ENVY Photo 7800,[WPA2_PSK],2025-8-1 2:56:31,11,-92,34.0359268,-117.1814957,426.20,1.75,WIFI
E4:5E:1B:99:4A:3A,GoBulldogs,[WPA2_PSK],2025-8-1 2:56:33,1,-75,34.0360489,-117.1812897,426.30,1.75,WIFI
3E:94:ED:AE:C8:B2,ORBI26,[WPA2_PSK],2025-8-1 2:56:33,1,-78,34.0360489,-117.1812897,426.30,1.75,WIFI
42:94:ED:AE:C9:FC,,[WPA2_PSK],2025-8-1 2:56:33,1,-80,34.0360489,-117.1812897,426.30,1.75,WIFI
42:94:ED:AE:C8:B2,,[WPA2_PSK],2025-8-1 2:56:33,1,-82,34.0360489,-117.1812897,426.30,1.75,WIFI
A0:89:66:E1:B5:BC,,[WPA_WPA2_PSK],2025-8-1 2:56:33,1,-83,34.0360489,-117.1812897,426.30,1.75,WIFI
50:09:59:DD:9D:15,TC8717T0F,[WPA2_PSK],2025-8-1 2:56:33,1,-85,34.0360489,-117.1812897,426.30,1.75,WIFI
8C:85:80:8A:34:56,,[WPA_WPA2_PSK],2025-8-1 2:56:33,1,-85,34.0360489,-117.1812897,426.30,1.75,WIFI
42:94:ED:AE:C8:5D,,[WPA2_PSK],2025-8-1 2:56:33,1,-87,34.0360489,-117.1812897,426.30,1.75,WIFI
94:3C:96:65:52:A7,Iditarod,[WPA2_PSK],2025-8-1 2:56:33,1,-88,34.0360489,-117.1812897,426.30,1.75,WIFI
08:33:ED:F8:49:3A,ATT-WIFI-3560,[WPA2_WPA3_PSK],2025-8-1 2:56:37,3,-77,34.0362816,-117.1808624,426.90,1.75,WIFI
0A:33:ED:D8:49:3A,,[WPA2_WPA3_PSK],2025-8-1 2:56:37,3,-82,34.0362816,-117.1808624,426.90,1.75,WIFI
54:AF:97:15:E6:17,Cheeky,[WPA2_WPA3_PSK],2025-8-1 2:56:37,3,-85,34.0362816,-117.1808624,426.90,1.75,WIFI
D8:0D:17:DE:DD:D3,Cheeky,[WPA_WPA2_PSK],2025-8-1 2:56:37,3,-86,34.0362816,-117.1808624,426.90,1.75,WIFI
A4:11:62:C5:20:C5,ARLO_VMB_2815713798,[WPA2_PSK],2025-8-1 2:56:38,4,-89,34.0363388,-117.1807632,427.10,1.75,WIFI
B0:E4:D5:6E:2E:DF,GoBulldogs,[WPA2_PSK],2025-8-1 2:56:40,6,-72,34.0364571,-117.1805420,427.30,1.75,WIFI
74:B6:B6:83:74:47,,[OPEN],2025-8-1 2:56:40,6,-75,34.0364571,-117.1805420,427.30,1.75,WIFI
74:B6:B6:83:74:45,Myralee Cottage,[WPA2_PSK],2025-8-1 2:56:40,6,-75,34.0364571,-117.1805420,427.30,1.75,WIFI
74:B6:B6:83:74:4B,Myralee Cottage Guest,[WPA2_PSK],2025-8-1 2:56:40,6,-76,34.0364571,-117.1805420,427.30,1.75,WIFI
74:B6:B6:83:74:43,,[WPA3_PSK],2025-8-1 2:56:40,6,-76,34.0364571,-117.1805420,427.30,1.75,WIFI
74:B6:B6:84:CE:85,Myralee Cottage,[WPA2_PSK],2025-8-1 2:56:40,6,-77,34.0364571,-117.1805420,427.30,1.75,WIFI
74:B6:B6:84:CE:8B,Myralee Cottage Guest,[WPA2_PSK],2025-8-1 2:56:40,6,-77,34.0364571,-117.1805420,427.30,1.75,WIFI
74:B6:B6:84:CE:87,,[OPEN],2025-8-1 2:56:40,6,-78,34.0364571,-117.1805420,427.30,1.75,WIFI
9C:57:BC:5A:EE:69,,[OPEN],2025-8-1 2:56:40,6,-85,34.0364571,-117.1805420,427.30,1.75,WIFI
9C:57:BC:5A:EE:63,,[WPA3_PSK],2025-8-1 2:56:40,6,-86,34.0364571,-117.1805420,427.30,1.75,WIFI
C8:D3:FF:16:51:61,DIRECT-60-HP ENVY 5660 series,[WPA2_PSK],2025-8-1 2:56:45,11,-75,34.0367699,-117.1800003,427.90,1.75,WIFI
9C:57:BC:9B:E5:83,,[WPA3_PSK],2025-8-1 2:56:45,11,-76,34.0367699,-117.1800003,427.90,1.75,WIFI
9C:57:BC:9B:E5:89,,[OPEN],2025-8-1 2:56:45,11,-76,34.0367699,-117.1800003,427.90,1.75,WIFI
9C:57:BC:9B:E5:86,everquest7,[WPA2_PSK],2025-8-1 2:56:45,11,-76,34.0367699,-117.1800003,427.90,1.75,WIFI
CC:F4:11:6A:32:A8,Rhynumust II,[WPA2_PSK],2025-8-1 2:56:45,11,-78,34.0367699,-117.1800003,427.90,1.75,WIFI
FC:3F:A6:83:67:E9,,[OPEN],2025-8-1 2:56:45,11,-89,34.0367699,-117.1800003,427.90,1.75,WIFI
3E:94:ED:AE:C9:FC,ORBI26,[WPA2_PSK],2025-8-1 2:56:48,1,-77,34.0369568,-117.1796570,428.20,1.75,WIFI
B0:FC:88:73:93:A3,SpectrumSetup-9D,[WPA2_PSK],2025-8-1 2:56:48,1,-80,34.0369568,-117.1796570,428.20,1.75,WIFI
FC:3F:A6:7F:38:C6,juanito,[WPA2_PSK],2025-8-1 2:56:48,1,-82,34.0369568,-117.1796570,428.20,1.75,WIFI
64:67:72:56:B3:F9,Murray Brand,[WPA2_PSK],2025-8-1 2:56:48,1,-82,34.0369568,-117.1796570,428.20,1.75,WIFI
F0:72:EA:88:CC:FA,Rhynumust II,[WPA2_PSK],2025-8-1 2:56:48,1,-84,34.0369568,-117.1796570,428.20,1.75,WIFI
FC:3F:A6:7F:38:C3,,[WPA3_PSK],2025-8-1 2:56:48,1,-84,34.0369568,-117.1796570,428.20,1.75,WIFI
3E:94:ED:AD:9D:87,ORBI26,[WPA2_PSK],2025-8-1 2:56:48,1,-85,34.0369568,-117.1796570,428.20,1.75,WIFI
D0:21:F9:62:31:F4,RMR NET,[WPA2_PSK],2025-8-1 2:56:48,1,-89,34.0369568,-117.1796570,428.20,1.75,WIFI
40:B0:34:5D:0A:7C,DIRECT-7B-HP DeskJet 3630 series,[WPA2_PSK],2025-8-1 2:56:48,1,-90,34.0369568,-117.1796570,428.20,1.75,WIFI
02:0A:F5:75:E4:F6,softap_B0672F369568,[OPEN],2025-8-1 2:56:50,2,-88,34.0370789,-117.1794357,428.70,1.75,WIFI
2C:EA:DC:20:D3:9D,SpectrumSetup-9F,[WPA2_PSK],2025-8-1 2:56:54,6,-67,34.0372505,-117.1791229,429.10,1.75,WIFI
D0:CB:DD:F4:23:48,Simbaland,[WPA2_PSK],2025-8-1 2:56:59,11,-64,34.0372849,-117.1790543,429.60,1.75,WIFI
D0:CB:DD:F4:23:45,,[WPA3_PSK],2025-8-1 2:56:59,11,-65,34.0372849,-117.1790543,429.60,1.75,WIFI
D0:CB:DD:F4:23:4B,,[OPEN],2025-8-1 2:56:59,11,-65,34.0372849,-117.1790543,429.60,1.75,WIFI
D0:CB:DD:E4:71:CB,,[OPEN],2025-8-1 2:56:59,11,-69,34.0372849,-117.1790543,429.60,1.75,WIFI
D0:CB:DD:E4:71:C8,Simbaland,[WPA2_PSK],2025-8-1 2:56:59,11,-70,34.0372849,-117.1790543,429.60,1.75,WIFI
FC:3F:A6:83:67:E6,divito,[WPA2_PSK],2025-8-1 2:56:59,11,-71,34.0372849,-117.1790543,429.60,1.75,WIFI
FC:3F:A6:83:67:EF,divito Guest,[WPA2_PSK],2025-8-1 2:56:59,11,-71,34.0372849,-117.1790543,429.60,1.75,WIFI
FC:3F:A6:83:67:E3,,[WPA3_PSK],2025-8-1 2:56:59,11,-73,34.0372849,-117.1790543,429.60,1.75,WIFI
D0:CB:DD:E2:08:48,Simbaland,[WPA2_PSK],2025-8-1 2:56:59,11,-75,34.0372849,-117.1790543,429.60,1.75,WIFI
9C:57:BC:87:98:86,everquest7,[WPA2_PSK],2025-8-1 2:56:59,11,-78,34.0372849,-117.1790543,429.60,1.75,WIFI
D0:CB:DD:E2:08:45,,[WPA3_PSK],2025-8-1 2:56:59,11,-78,34.0372849,-117.1790543,429.60,1.75,WIFI
D0:CB:DD:E2:08:4B,,[OPEN],2025-8-1 2:56:59,11,-78,34.0372849,-117.1790543,429.60,1.75,WIFI
9C:57:BC:9C:B0:43,,[WPA3_PSK],2025-8-1 2:56:59,11,-81,34.0372849,-117.1790543,429.60,1.75,WIFI
9C:57:BC:87:98:83,,[WPA3_PSK],2025-8-1 2:56:59,11,-81,34.0372849,-117.1790543,429.60,1.75,WIFI
9C:57:BC:9C:B0:49,,[OPEN],2025-8-1 2:56:59,11,-83,34.0372849,-117.1790543,429.60,1.75,WIFI
9C:57:BC:9C:B0:46,everquest7,[WPA2_PSK],2025-8-1 2:56:59,11,-83,34.0372849,-117.1790543,429.60,1.75,WIFI
D2:21:F9:12:31:F4,,[WPA2_PSK],2025-8-1 2:57:0,1,-80,34.0372849,-117.1790543,429.60,1.75,WIFI
A0:7F:8A:11:CA:30,Mpire,[WPA2_PSK],2025-8-1 2:57:0,1,-84,34.0372849,-117.1790543,429.60,1.75,WIFI
DE:9F:DB:1C:2F:FD,,[WPA2_PSK],2025-8-1 2:57:0,1,-90,34.0372849,-117.1790543,429.60,1.75,WIFI
5C:18:DD:F0:91:9B,,[WPA_WPA2_PSK],2025-8-1 2:57:0,1,-93,34.0372849,-117.1790543,429.60,1.75,WIFI
46:31:78:70:70:BB,,[WPA2_PSK],2025-8-1 2:57:0,1,-94,34.0372849,-117.1790543,429.60,1.75,WIFI
90:D3:CF:EE:02:1A,SpectrumSetup-021D,[WPA2_PSK],2025-8-1 2:57:9,6,-76,34.0375938,-117.1784897,429.00,1.75,WIFI
20:C9:D0:A4:C7:74,Murray Brand,[WPA2_PSK],2025-8-1 2:57:9,6,-78,34.0375938,-117.1784897,429.00,1.75,WIFI
8E:49:62:D9:50:E9,,[WPA2_PSK],2025-8-1 2:57:9,6,-88,34.0375938,-117.1784897,429.00,1.75,WIFI
F0:B6:61:5F:CB:AA,,[OPEN],2025-8-1 2:57:14,11,-70,34.0379143,-117.1779022,429.20,1.75,WIFI
F0:B6:61:5F:CB:A4,,[WPA3_PSK],2025-8-1 2:57:14,11,-71,34.0379143,-117.1779022,429.20,1.75,WIFI
F0:B6:61:5F:CB:A7,Stein,[WPA2_PSK],2025-8-1 2:57:14,11,-76,34.0379143,-117.1779022,429.20,1.75,WIFI
84:70:D7:E1:4F:0A,,[OPEN],2025-8-1 2:57:14,11,-80,34.0379143,-117.1779022,429.20,1.75,WIFI
D0:CB:DD:E4:71:C5,,[WPA3_PSK],2025-8-1 2:57:14,11,-80,34.0379143,-117.1779022,429.20,1.75,WIFI
84:70:D7:C3:DB:AA,,[OPEN],2025-8-1 2:57:14,11,-83,34.0379143,-117.1779022,429.20,1.75,WIFI
18:A9:ED:59:0A:06,Ahoy Matey,[WPA2_PSK],2025-8-1 2:57:14,11,-83,34.0379143,-117.1779022,429.20,1.75,WIFI
40:47:5E:3E:05:C3,,[WPA3_PSK],2025-8-1 2:57:14,11,-84,34.0379143,-117.1779022,429.20,1.75,WIFI
84:70:D7:C3:DB:A7,Stein,[WPA2_PSK],2025-8-1 2:57:14,11,-85,34.0379143,-117.1779022,429.20,1.75,WIFI
E4:19:7F:01:63:C6,Highland,[WPA2_PSK],2025-8-1 2:57:17,1,-75,34.0381050,-117.1775589,429.10,1.75,WIFI
E4:19:7F:01:63:C3,,[WPA3_PSK],2025-8-1 2:57:17,1,-79,34.0381050,-117.1775589,429.10,1.75,WIFI
54:04:63:C5:36:91,,[WPA_WPA2_PSK],2025-8-1 2:57:17,1,-79,34.0381050,-117.1775589,429.10,1.75,WIFI
E4:19:7F:01:63:C9,,[OPEN],2025-8-1 2:57:17,1,-80,34.0381050,-117.1775589,429.10,1.75,WIFI
3C:31:78:70:70:BB,Alsop_Mesh,[WPA2_PSK],2025-8-1 2:57:17,1,-85,34.0381050,-117.1775589,429.10,1.75,WIFI
A8:B1:3B:1B:11:15,DIRECT-14-HP OfficeJet Pro 6970,[WPA2_PSK],2025-8-1 2:57:17,1,-86,34.0381050,-117.1775589,429.10,1.75,WIFI
40:CA:63:E3:E2:44,[dryer]_E30AJT3103872N,[WPA2_PSK],2025-8-1 2:57:17,1,-86,34.0381050,-117.1775589,429.10,1.75,WIFI
4A:31:78:70:70:BB,Guest_7070DC,[WPA2_PSK],2025-8-1 2:57:17,1,-87,34.0381050,-117.1775589,429.10,1.75,WIFI
28:6B:B4:7A:94:72,[fridge]_E30AJT5123256P,[WPA2_PSK],2025-8-1 2:57:17,1,-87,34.0381050,-117.1775589,429.10,1.75,WIFI
00:C8:96:D1:50:D2,,[WPA_WPA2_PSK],2025-8-1 2:57:17,1,-89,34.0381050,-117.1775589,429.10,1.75,WIFI
94:3C:C6:B9:BB:15,PNR08IF3101C820089,[OPEN],2025-8-1 2:57:17,1,-90,34.0381050,-117.1775589,429.10,1.75,WIFI
CC:40:D0:17:68:14,NTGR_VMB_1462060938,[WPA2_PSK],2025-8-1 2:57:21,3,-76,34.0383606,-117.1771011,428.50,1.75,WIFI
92:3B:AD:CB:7C:E5,SouthernbaseTC,[WPA2_PSK],2025-8-1 2:57:21,3,-77,34.0383606,-117.1771011,428.50,1.75,WIFI
3E:94:ED:17:5C:C1,SouthernbaseTC,[WPA2_PSK],2025-8-1 2:57:21,3,-80,34.0383606,-117.1771011,428.50,1.75,WIFI
18:A9:ED:81:33:C9,,[OPEN],2025-8-1 2:57:24,6,-58,34.0385513,-117.1767578,428.40,1.75,WIFI
18:A9:ED:81:33:C6,431bluffstreet,[WPA2_PSK],2025-8-1 2:57:24,6,-59,34.0385513,-117.1767578,428.40,1.75,WIFI
18:A9:ED:81:33:C3,,[WPA3_PSK],2025-8-1 2:57:24,6,-59,34.0385513,-117.1767578,428.40,1.75,WIFI
18:A9:ED:61:4E:C3,,[WPA3_PSK],2025-8-1 2:57:24,6,-60,34.0385513,-117.1767578,428.40,1.75,WIFI
18:A9:ED:61:4E:C9,,[OPEN],2025-8-1 2:57:24,6,-60,34.0385513,-117.1767578,428.40,1.75,WIFI
18:A9:ED:7C:94:06,431bluffstreet,[WPA2_PSK],2025-8-1 2:57:24,6,-61,34.0385513,-117.1767578,428.40,1.75,WIFI
18:A9:ED:61:4E:C6,431bluffstreet,[WPA2_PSK],2025-8-1 2:57:24,6,-65,34.0385513,-117.1767578,428.40,1.75,WIFI
18:A9:ED:7C:94:03,,[WPA3_PSK],2025-8-1 2:57:24,6,-65,34.0385513,-117.1767578,428.40,1.75,WIFI
18:A9:ED:7C:94:09,,[OPEN],2025-8-1 2:57:24,6,-65,34.0385513,-117.1767578,428.40,1.75,WIFI
34:53:D2:C4:32:84,MySpectrumWiFi98-2G,[WPA2_PSK],2025-8-1 2:57:24,6,-69,34.0385513,-117.1767578,428.40,1.75,WIFI
68:4A:76:7B:7E:45,FIOS-9L4JQ,[WPA2_PSK],2025-8-1 2:57:24,6,-83,34.0385513,-117.1767578,428.40,1.75,WIFI
68:4A:76:7B:7E:47,,[OPEN],2025-8-1 2:57:24,6,-87,34.0385513,-117.1767578,428.40,1.75,WIFI
90:48:46:61:5A:E5,ENVOY_025244,[OPEN],2025-8-1 2:57:24,6,-90,34.0385513,-117.1767578,428.40,1.75,WIFI
60:F4:19:40:0C:49,,[OPEN],2025-8-1 2:57:29,11,-63,34.0388756,-117.1761627,429.30,1.75,WIFI
60:F4:19:40:0C:43,,[WPA3_PSK],2025-8-1 2:57:29,11,-63,34.0388756,-117.1761627,429.30,1.75,WIFI
60:F4:19:40:0C:46,TEST,[WPA2_PSK],2025-8-1 2:57:29,11,-65,34.0388756,-117.1761627,429.30,1.75,WIFI
84:A0:6E:BA:00:96,MySpectrumWiFi90-2G,[WPA2_PSK],2025-8-1 2:57:29,11,-74,34.0388756,-117.1761627,429.30,1.75,WIFI
D0:BF:9C:EC:26:10,DIRECT-0F-HP ENVY 7640 series,[WPA2_PSK],2025-8-1 2:57:29,11,-78,34.0388756,-117.1761627,429.30,1.75,WIFI
FC:3F:A6:DE:4D:06,PerkinsRes,[WPA2_PSK],2025-8-1 2:57:31,1,-65,34.0390053,-117.1759262,429.90,1.75,WIFI
D4:3F:32:01:A4:09,,[OPEN],2025-8-1 2:57:31,1,-68,34.0390053,-117.1759262,429.90,1.75,WIFI
FC:3F:A6:DE:4D:09,,[OPEN],2025-8-1 2:57:31,1,-68,34.0390053,-117.1759262,429.90,1.75,WIFI
D4:3F:32:01:A4:03,,[WPA3_PSK],2025-8-1 2:57:31,1,-69,34.0390053,-117.1759262,429.90,1.75,WIFI
D4:3F:32:01:A4:06,PerkinsRes,[WPA2_PSK],2025-8-1 2:57:31,1,-69,34.0390053,-117.1759262,429.90,1.75,WIFI
28:EC:22:13:55:46,PerkinsRes,[WPA2_PSK],2025-8-1 2:57:31,1,-75,34.0390053,-117.1759262,429.90,1.75,WIFI
30:60:0A:3C:A3:78,,[WPA_WPA2_PSK],2025-8-1 2:57:31,1,-77,34.0390053,-117.1759262,429.90,1.75,WIFI
FC:3F:A6:F4:F7:A9,,[OPEN],2025-8-1 2:57:31,1,-78,34.0390053,-117.1759262,429.90,1.75,WIFI
FC:3F:A6:F4:F7:A6,PerkinsRes,[WPA2_PSK],2025-8-1 2:57:31,1,-78,34.0390053,-117.1759262,429.90,1.75,WIFI
28:EC:22:11:0A:66,PerkinsRes,[WPA2_PSK],2025-8-1 2:57:31,1,-83,34.0390053,-117.1759262,429.90,1.75,WIFI
18:9C:27:87:24:88,Frontier2928,[WPA2_PSK],2025-8-1 2:57:31,1,-83,34.0390053,-117.1759262,429.90,1.75,WIFI
78:B2:13:E9:E1:C3,1c28dcfbfa5219e22c6dcc8d6673a9b9,[WPA2_PSK],2025-8-1 2:57:31,1,-88,34.0390053,-117.1759262,429.90,1.75,WIFI
96:3B:AD:CB:7C:E5,,[WPA2_PSK],2025-8-1 2:57:36,3,-86,34.0393257,-117.1753616,431.70,1.75,WIFI
14:EB:B6:0F:48:3A,HOV-NET,[WPA2_PSK],2025-8-1 2:57:36,3,-90,34.0393257,-117.1753616,431.70,1.75,WIFI
1A:EB:B6:0F:48:3A,,[WPA2_PSK],2025-8-1 2:57:36,3,-90,34.0393257,-117.1753616,431.70,1.75,WIFI
58:EF:68:09:83:E7,Band of Brothers,[WPA_WPA2_PSK],2025-8-1 2:57:36,3,-91,34.0393257,-117.1753616,431.70,1.75,WIFI
F0:7B:65:8E:0A:F4,SpectrumSetup-0AEE,[WPA2_PSK],2025-8-1 2:57:39,6,-88,34.0395088,-117.1750183,432.30,1.75,WIFI
C8:9E:43:D1:73:15,,[WPA2_PSK],2025-8-1 2:57:41,8,-81,34.0396347,-117.1747818,432.70,1.75,WIFI
CE:9E:43:D1:72:E9,Avenge Me Again,[WPA2_PSK],2025-8-1 2:57:41,8,-82,34.0396347,-117.1747818,432.70,1.75,WIFI
CE:9E:43:C7:24:D3,,[WPA2_PSK],2025-8-1 2:57:41,8,-89,34.0396347,-117.1747818,432.70,1.75,WIFI
CE:9E:43:D1:73:15,Avenge Me Again,[WPA2_PSK],2025-8-1 2:57:41,8,-90,34.0396347,-117.1747818,432.70,1.75,WIFI
24:F3:E3:10:EB:46,280,[WPA2_PSK],2025-8-1 2:57:44,11,-67,34.0398331,-117.1744308,433.50,1.75,WIFI
24:F3:E3:10:EB:43,,[WPA3_PSK],2025-8-1 2:57:44,11,-75,34.0398331,-117.1744308,433.50,1.75,WIFI
C4:A8:16:CC:B1:C3,,[WPA3_PSK],2025-8-1 2:57:44,11,-77,34.0398331,-117.1744308,433.50,1.75,WIFI
C4:A8:16:CC:B1:C6,280,[WPA2_PSK],2025-8-1 2:57:44,11,-79,34.0398331,-117.1744308,433.50,1.75,WIFI
C4:A8:16:C8:F0:C3,,[WPA3_PSK],2025-8-1 2:57:44,11,-79,34.0398331,-117.1744308,433.50,1.75,WIFI
C4:A8:16:C8:F0:C9,,[OPEN],2025-8-1 2:57:44,11,-79,34.0398331,-117.1744308,433.50,1.75,WIFI
C4:A8:16:C8:F0:C6,280,[WPA2_PSK],2025-8-1 2:57:44,11,-80,34.0398331,-117.1744308,433.50,1.75,WIFI
9E:93:4E:45:F0:EF,DIRECT-7pWorkCentre 3215,[WPA2_PSK],2025-8-1 2:57:44,11,-88,34.0398331,-117.1744308,433.50,1.75,WIFI
18:A9:ED:01:5F:86,Redlands,[WPA2_WPA3_PSK],2025-8-1 2:57:47,1,-67,34.0400238,-117.1740799,434.20,1.75,WIFI
18:A9:ED:01:5F:83,,[WPA3_PSK],2025-8-1 2:57:47,1,-67,34.0400238,-117.1740799,434.20,1.75,WIFI
18:A9:ED:01:5F:89,,[OPEN],2025-8-1 2:57:47,1,-69,34.0400238,-117.1740799,434.20,1.75,WIFI
24:F3:E3:F2:CA:86,Redlands,[WPA2_WPA3_PSK],2025-8-1 2:57:47,1,-72,34.0400238,-117.1740799,434.20,1.75,WIFI
94:F7:17:7F:44:E8,,[WPA_WPA2_PSK],2025-8-1 2:57:47,1,-76,34.0400238,-117.1740799,434.20,1.75,WIFI
18:1B:EB:9D:77:8B,FiOS-2M7HS,[WPA2_PSK],2025-8-1 2:57:47,1,-88,34.0400238,-117.1740799,434.20,1.75,WIFI
28:6B:B4:8C:8B:B4,[range]_E30AJT7113578L,[WPA2_PSK],2025-8-1 2:57:47,1,-90,34.0400238,-117.1740799,434.20,1.75,WIFI
14:EB:B6:0F:48:36,HOV-NET,[WPA2_PSK],2025-8-1 2:57:50,3,-87,34.0402145,-117.1737289,435.00,1.75,WIFI
1A:EB:B6:0F:48:36,,[WPA2_PSK],2025-8-1 2:57:50,3,-87,34.0402145,-117.1737289,435.00,1.75,WIFI
1E:EB:B6:0F:48:36,,[WPA2_PSK],2025-8-1 2:57:50,3,-88,34.0402145,-117.1737289,435.00,1.75,WIFI
14:EB:B6:0F:49:FA,HOV-NET,[WPA2_PSK],2025-8-1 2:57:50,3,-91,34.0402145,-117.1737289,435.00,1.75,WIFI
AC:EC:85:9E:92:B4,eero,[WPA2_PSK],2025-8-1 2:57:53,6,-69,34.0404091,-117.1733780,435.90,1.75,WIFI
AC:EC:85:9E:92:B2,,[WPA3_PSK],2025-8-1 2:57:53,6,-75,34.0404091,-117.1733780,435.90,1.75,WIFI
AC:EC:85:9E:92:B6,,[OPEN],2025-8-1 2:57:53,6,-75,34.0404091,-117.1733780,435.90,1.75,WIFI
AC:EC:85:9E:A2:C2,,[WPA3_PSK],2025-8-1 2:57:53,6,-84,34.0404091,-117.1733780,435.90,1.75,WIFI
AC:EC:85:9E:A2:C6,,[OPEN],2025-8-1 2:57:53,6,-84,34.0404091,-117.1733780,435.90,1.75,WIFI
C0:36:53:0C:BB:44,,[WPA3_PSK],2025-8-1 2:57:53,6,-85,34.0404091,-117.1733780,435.90,1.75,WIFI
AC:EC:85:9E:A2:C4,eero,[WPA2_PSK],2025-8-1 2:57:53,6,-86,34.0404091,-117.1733780,435.90,1.75,WIFI
14:59:C0:A8:4E:FC,NETGEAR52,[WPA2_PSK],2025-8-1 2:57:53,6,-88,34.0404091,-117.1733780,435.90,1.75,WIFI
CC:F4:11:78:1F:BB,rxman1151,[WPA2_PSK],2025-8-1 2:57:53,6,-92,34.0404091,-117.1733780,435.90,1.75,WIFI
92:3B:AD:AC:45:69,THE 178,[WPA2_PSK],2025-8-1 2:57:56,9,-80,34.0405922,-117.1730499,436.80,1.75,WIFI
96:3B:AD:AC:44:51,,[WPA2_PSK],2025-8-1 2:57:56,9,-83,34.0405922,-117.1730499,436.80,1.75,WIFI
96:3B:AD:AF:A6:89,,[WPA2_PSK],2025-8-1 2:57:56,9,-85,34.0405922,-117.1730499,436.80,1.75,WIFI
90:E2:02:B0:20:17,,[WPA2_PSK],2025-8-1 2:57:56,9,-92,34.0405922,-117.1730499,436.80,1.75,WIFI
0E:19:5D:30:09:4C,,[WPA2_PSK],2025-8-1 2:57:58,11,-71,34.0407104,-117.1728287,437.30,1.75,WIFI
4C:19:5D:30:09:4B,SpectrumSetup-45,[WPA2_PSK],2025-8-1 2:57:58,11,-73,34.0407104,-117.1728287,437.30,1.75,WIFI
18:A9:ED:4B:E9:03,,[WPA3_PSK],2025-8-1 2:57:58,11,-86,34.0407104,-117.1728287,437.30,1.75,WIFI
2C:67:BE:18:37:78,SpectrumSetup-3774,[WPA2_PSK],2025-8-1 2:58:1,1,-71,34.0408783,-117.1725388,437.90,1.75,WIFI
F0:72:EA:80:9C:C2,rxman1151,[WPA2_PSK],2025-8-1 2:58:1,1,-78,34.0408783,-117.1725388,437.90,1.75,WIFI
90:72:40:1D:BC:52,Michael's Wi-Fi Network,[WPA2_PSK],2025-8-1 2:58:1,1,-79,34.0408783,-117.1725388,437.90,1.75,WIFI
CC:2D:E0:1D:0F:6E,STW-1,[WPA2],2025-8-1 2:58:1,1,-84,34.0408783,-117.1725388,437.90,1.75,WIFI
CE:2D:E0:1D:0F:70,STW-5,[WPA2_PSK],2025-8-1 2:58:1,1,-84,34.0408783,-117.1725388,437.90,1.75,WIFI
12:2C:6B:6E:8B:64,SunPower40591,[WPA2_PSK],2025-8-1 2:58:1,1,-85,34.0408783,-117.1725388,437.90,1.75,WIFI
74:37:5F:F9:BE:B1,SpectrumSetup-AF,[WPA2_PSK],2025-8-1 2:58:1,1,-86,34.0408783,-117.1725388,437.90,1.75,WIFI
6E:3B:6B:7D:6C:2D,STW-2,[WPA2_PSK],2025-8-1 2:58:1,1,-86,34.0408783,-117.1725388,437.90,1.75,WIFI
30:60:0A:25:39:AC,,[WPA_WPA2_PSK],2025-8-1 2:58:1,1,-90,34.0408783,-117.1725388,437.90,1.75,WIFI
5C:A5:BC:08:05:07,,[OPEN],2025-8-1 2:58:7,6,-67,34.0411758,-117.1719971,439.00,1.75,WIFI
5C:A5:BC:08:05:03,,[WPA3_PSK],2025-8-1 2:58:7,6,-68,34.0411758,-117.1719971,439.00,1.75,WIFI
5C:A5:BC:08:05:05,4Corners,[WPA2_PSK],2025-8-1 2:58:7,6,-69,34.0411758,-117.1719971,439.00,1.75,WIFI
10:2C:B1:8C:FA:28,,[WPA_WPA2_PSK],2025-8-1 2:58:7,6,-74,34.0411758,-117.1719971,439.00,1.75,WIFI
5C:A5:BC:02:3F:03,,[WPA3_PSK],2025-8-1 2:58:7,6,-79,34.0411758,-117.1719971,439.00,1.75,WIFI
5C:A5:BC:02:3F:05,4Corners,[WPA2_PSK],2025-8-1 2:58:7,6,-80,34.0411758,-117.1719971,439.00,1.75,WIFI
5C:A5:BC:02:3F:07,,[OPEN],2025-8-1 2:58:7,6,-80,34.0411758,-117.1719971,439.00,1.75,WIFI
1E:E1:92:D5:E1:1A,DIRECT-MBUX 97928,[WPA2_PSK],2025-8-1 2:58:7,6,-81,34.0411758,-117.1719971,439.00,1.75,WIFI
FC:12:63:81:CB:D9,SpectrumSetup-DB,[WPA2_PSK],2025-8-1 2:58:7,6,-91,34.0411758,-117.1719971,439.00,1.75,WIFI
F4:69:42:04:8B:84,SpectrumSetup-86,[WPA2_PSK],2025-8-1 2:58:7,6,-92,34.0411758,-117.1719971,439.00,1.75,WIFI
9A:18:65:E7:D9:4C,RSWD-Treatment,[WPA2_WPA3_PSK],2025-8-1 2:58:7,7,-91,34.0411758,-117.1719971,439.00,1.75,WIFI
2C:30:33:45:0D:AA,NETGEAR83,[WPA2_PSK],2025-8-1 2:58:7,7,-93,34.0411758,-117.1719971,439.00,1.75,WIFI
D4:5D:64:9A:7E:B0,McMWiFi,[WPA_WPA2_PSK],2025-8-1 2:58:11,10,-90,34.0412750,-117.1718216,439.40,1.75,WIFI
CC:2D:E0:0F:D5:26,STW-1,[WPA2],2025-8-1 2:58:12,11,-90,34.0412865,-117.1718063,439.40,1.75,WIFI
CE:2D:E0:0F:D5:29,STW-5,[WPA2_PSK],2025-8-1 2:58:12,11,-91,34.0412865,-117.1718063,439.40,1.75,WIFI
10:2C:B1:7F:60:AE,,[WPA_WPA2_PSK],2025-8-1 2:58:17,2,-81,34.0414162,-117.1717377,439.40,1.75,WIFI
54:21:60:19:8D:7D,Alula198D7C,[WPA_WPA2_PSK],2025-8-1 2:58:17,2,-88,34.0414162,-117.1717377,439.40,1.75,WIFI
B0:19:21:BC:5D:C2,Nilknarf,[WPA2_PSK],2025-8-1 2:58:18,3,-90,34.0414772,-117.1717606,439.10,1.75,WIFI
56:07:7D:60:FA:89,Guest,[WPA2_PSK],2025-8-1 2:58:18,3,-90,34.0414772,-117.1717606,439.10,1.75,WIFI
66:67:72:12:92:C8,Mesh,[WPA2_WPA3_PSK],2025-8-1 2:58:18,3,-91,34.0414772,-117.1717606,439.10,1.75,WIFI
56:07:7D:60:FA:8F,.,[WPA2_WPA3_PSK],2025-8-1 2:58:18,3,-93,34.0414772,-117.1717606,439.10,1.75,WIFI
18:A9:ED:59:57:46,Orbi41,[WPA2_PSK],2025-8-1 2:58:21,6,-83,34.0416565,-117.1719208,438.20,1.75,WIFI
74:93:DA:04:F2:4E,SpectrumSetup-50,[WPA2_PSK],2025-8-1 2:58:21,6,-83,34.0416565,-117.1719208,438.20,1.75,WIFI
22:48:6C:BE:20:D1,,[WPA2_PSK],2025-8-1 2:58:21,6,-83,34.0416565,-117.1719208,438.20,1.75,WIFI
A4:97:33:B5:14:91,SpectrumSetup-93,[WPA2_PSK],2025-8-1 2:58:21,6,-86,34.0416565,-117.1719208,438.20,1.75,WIFI
22:48:6C:BD:38:F9,,[WPA2_PSK],2025-8-1 2:58:21,6,-89,34.0416565,-117.1719208,438.20,1.75,WIFI
1A:FD:74:50:23:C2,STW-2,[WPA2_PSK],2025-8-1 2:58:21,6,-89,34.0416565,-117.1719208,438.20,1.75,WIFI
18:FD:74:50:23:C0,STW-1,[WPA2],2025-8-1 2:58:21,6,-90,34.0416565,-117.1719208,438.20,1.75,WIFI
A0:36:BC:D4:E0:50,Mountain Wireless,[WPA2_PSK],2025-8-1 2:58:23,8,-84,34.0417976,-117.1720428,437.60,1.75,WIFI
34:49:5B:C0:8F:B6,MySpectrumWiFib0-2G,[WPA2_PSK],2025-8-1 2:58:26,11,-68,34.0420151,-117.1722260,436.20,1.75,WIFI
C4:A8:16:37:1C:08,Eero95,[WPA2_PSK],2025-8-1 2:58:26,11,-69,34.0420151,-117.1722260,436.20,1.75,WIFI
C4:A8:16:1C:8D:8B,,[OPEN],2025-8-1 2:58:26,11,-74,34.0420151,-117.1722260,436.20,1.75,WIFI
C4:A8:16:1C:8D:88,Eero95,[WPA2_PSK],2025-8-1 2:58:26,11,-74,34.0420151,-117.1722260,436.20,1.75,WIFI
C4:A8:16:37:1C:05,,[WPA3_PSK],2025-8-1 2:58:26,11,-74,34.0420151,-117.1722260,436.20,1.75,WIFI
C4:A8:16:37:1C:0B,,[OPEN],2025-8-1 2:58:26,11,-76,34.0420151,-117.1722260,436.20,1.75,WIFI
4C:AB:F8:FA:4A:B4,Verizon_S4H7V9,[WPA2_PSK],2025-8-1 2:58:26,11,-83,34.0420151,-117.1722260,436.20,1.75,WIFI
C0:89:AB:24:80:B8,Frontier8720,[WPA2_PSK],2025-8-1 2:58:26,11,-87,34.0420151,-117.1722260,436.20,1.75,WIFI
AC:3B:77:1C:DF:40,MySpectrumWiFi3a-2G,[WPA2_PSK],2025-8-1 2:58:26,11,-91,34.0420151,-117.1722260,436.20,1.75,WIFI
A0:89:66:94:FC:40,,[WPA_WPA2_PSK],2025-8-1 2:58:27,1,-74,34.0420952,-117.1722870,435.80,1.75,WIFI
24:F5:A2:B7:13:05,fatboy1961,[WPA2_PSK],2025-8-1 2:58:31,2,-73,34.0424232,-117.1725464,433.60,1.75,WIFI
2A:F5:A2:B7:13:05,,[WPA2_PSK],2025-8-1 2:58:31,2,-74,34.0424232,-117.1725464,433.60,1.75,WIFI
8E:49:62:43:8D:66,,[WPA2_PSK],2025-8-1 2:58:31,2,-88,34.0424232,-117.1725464,433.60,1.75,WIFI
E4:F4:C6:DF:B4:24,fatboy1961_EXT,[WPA2_PSK],2025-8-1 2:58:31,2,-92,34.0424232,-117.1725464,433.60,1.75,WIFI
B0:19:21:E2:CC:2F,TP-Link_CC30,[WPA2_PSK],2025-8-1 2:58:33,4,-77,34.0425911,-117.1726837,432.60,1.75,WIFI
D2:19:21:E2:CC:2F,,[WPA2_PSK],2025-8-1 2:58:33,4,-77,34.0425911,-117.1726837,432.60,1.75,WIFI
FC:12:63:D8:35:3A,SpectrumSetup-3C,[WPA2_PSK],2025-8-1 2:58:35,6,-68,34.0427589,-117.1728058,431.80,1.75,WIFI
02:68:EB:CF:AA:84,DIRECT-84-HP ENVY Photo 7800,[WPA2_PSK],2025-8-1 2:58:35,6,-85,34.0427589,-117.1728058,431.80,1.75,WIFI
2C:67:BE:0E:28:A0,SpectrumSetup-289C,[WPA2_PSK],2025-8-1 2:58:35,6,-87,34.0427589,-117.1728058,431.80,1.75,WIFI
2C:EA:DC:21:0C:A9,ksbeechum,[WPA2_PSK],2025-8-1 2:58:35,6,-87,34.0427589,-117.1728058,431.80,1.75,WIFI
88:DE:7C:CD:BC:35,SpectrumSetup-37,[WPA2_PSK],2025-8-1 2:58:35,6,-91,34.0427589,-117.1728058,431.80,1.75,WIFI
6E:57:25:02:E1:9C,,[WPA2_PSK],2025-8-1 2:58:37,8,-65,34.0429268,-117.1729431,430.90,1.75,WIFI
30:F7:72:96:05:6D,MBevins,[WPA2_PSK],2025-8-1 2:58:37,8,-76,34.0429268,-117.1729431,430.90,1.75,WIFI
C0:FF:D4:BE:0A:5C,MBevins_EXT,[WPA2_PSK],2025-8-1 2:58:37,8,-87,34.0429268,-117.1729431,430.90,1.75,WIFI
78:76:89:31:CC:8A,,[OPEN],2025-8-1 2:58:40,11,-72,34.0431824,-117.1731491,429.50,1.75,WIFI
78:76:89:31:CC:87,Giselle,[WPA2_PSK],2025-8-1 2:58:40,11,-72,34.0431824,-117.1731491,429.50,1.75,WIFI
5C:FA:25:D5:37:9E,SpectrumSetup-98,[WPA2_PSK],2025-8-1 2:58:40,11,-80,34.0431824,-117.1731491,429.50,1.75,WIFI
88:EF:16:F3:27:38,Frontier5312,[WPA2_PSK],2025-8-1 2:58:40,11,-80,34.0431824,-117.1731491,429.50,1.75,WIFI
4C:AB:F8:4B:32:5D,SpectrumSetup-5F,[WPA2_PSK],2025-8-1 2:58:40,11,-80,34.0431824,-117.1731491,429.50,1.75,WIFI
14:7D:05:50:7D:03,SpectrumSetup-01,[WPA2_PSK],2025-8-1 2:58:40,11,-81,34.0431824,-117.1731491,429.50,1.75,WIFI
08:02:8E:29:F1:56,TN6JT_2GEXT,[WPA2_PSK],2025-8-1 2:58:40,11,-84,34.0431824,-117.1731491,429.50,1.75,WIFI
18:1B:EB:FD:7D:D5,TN6JT,[WPA2_PSK],2025-8-1 2:58:40,11,-85,34.0431824,-117.1731491,429.50,1.75,WIFI
6A:14:01:75:79:FF,HP-Setup>ff-M277 LaserJet,[OPEN],2025-8-1 2:58:40,11,-86,34.0431824,-117.1731491,429.50,1.75,WIFI
34:53:D2:3C:BC:A6,tombisally1s,[WPA2_PSK],2025-8-1 2:58:40,11,-89,34.0431824,-117.1731491,429.50,1.75,WIFI
E4:8E:10:D5:E4:1C,,[WPA_WPA2_PSK],2025-8-1 2:58:41,1,-88,34.0432663,-117.1732254,429.00,1.75,WIFI
5E:62:8B:2E:D9:7E,DecoTPLink,[WPA2_PSK],2025-8-1 2:58:45,2,-81,34.0436058,-117.1734924,427.40,1.75,WIFI
00:AB:48:86:B5:45,Taxgirls,[WPA2_PSK],2025-8-1 2:58:49,6,-65,34.0439110,-117.1737289,425.60,1.75,WIFI
00:AB:48:86:B5:47,,[OPEN],2025-8-1 2:58:49,6,-66,34.0439110,-117.1737289,425.60,1.75,WIFI
00:AB:48:86:B5:43,,[WPA3_PSK],2025-8-1 2:58:49,6,-68,34.0439110,-117.1737289,425.60,1.75,WIFI
F8:5B:3B:D3:44:40,SpectrumSetup-42,[WPA2_PSK],2025-8-1 2:58:49,6,-70,34.0439110,-117.1737289,425.60,1.75,WIFI
00:AB:48:B7:0E:E5,Taxgirls,[WPA2_PSK],2025-8-1 2:58:49,6,-75,34.0439110,-117.1737289,425.60,1.75,WIFI
00:AB:48:B7:0E:E3,,[WPA3_PSK],2025-8-1 2:58:49,6,-76,34.0439110,-117.1737289,425.60,1.75,WIFI
00:AB:48:B7:0E:E7,,[OPEN],2025-8-1 2:58:49,6,-77,34.0439110,-117.1737289,425.60,1.75,WIFI
4C:AB:F8:34:58:B9,SpectrumSetup-E8,[WPA2_PSK],2025-8-1 2:58:49,6,-78,34.0439110,-117.1737289,425.60,1.75,WIFI
F0:81:75:F8:B9:CE,SpectrumSetup-C8,[WPA2_PSK],2025-8-1 2:58:49,6,-83,34.0439110,-117.1737289,425.60,1.75,WIFI
E0:D3:62:1E:92:02,TP-Link_9202,[WPA2_PSK],2025-8-1 2:58:51,8,-81,34.0440407,-117.1738358,424.60,1.75,WIFI
E2:D3:62:2E:92:02,,[WPA2_PSK],2025-8-1 2:58:51,8,-84,34.0440407,-117.1738358,424.60,1.75,WIFI
A4:99:A8:0F:24:46,skip,[WPA2_PSK],2025-8-1 2:58:54,11,-71,34.0441856,-117.1739426,423.30,1.75,WIFI
DC:69:B5:ED:90:46,skip,[WPA2_PSK],2025-8-1 2:58:54,11,-78,34.0441856,-117.1739426,423.30,1.75,WIFI
88:67:46:79:D6:A6,skip,[WPA2_PSK],2025-8-1 2:58:54,11,-79,34.0441856,-117.1739426,423.30,1.75,WIFI
88:67:46:79:D6:A3,,[WPA3_PSK],2025-8-1 2:58:54,11,-79,34.0441856,-117.1739426,423.30,1.75,WIFI
88:67:46:79:D6:A9,,[OPEN],2025-8-1 2:58:54,11,-79,34.0441856,-117.1739426,423.30,1.75,WIFI
DC:69:B5:ED:90:43,,[WPA3_PSK],2025-8-1 2:58:54,11,-79,34.0441856,-117.1739426,423.30,1.75,WIFI
74:37:5F:70:0A:AB,SpectrumSetup-A9,[WPA2_PSK],2025-8-1 2:58:57,1,-66,34.0442352,-117.1739807,423.00,1.75,WIFI
E4:19:7F:8D:15:C3,,[WPA3_PSK],2025-8-1 2:58:57,1,-73,34.0442352,-117.1739807,423.00,1.75,WIFI
E4:19:7F:8D:15:C9,,[OPEN],2025-8-1 2:58:57,1,-74,34.0442352,-117.1739807,423.00,1.75,WIFI
A0:89:66:94:7B:F0,,[WPA_WPA2_PSK],2025-8-1 2:58:57,1,-75,34.0442352,-117.1739807,423.00,1.75,WIFI
E4:19:7F:8D:15:C6,home G-A,[WPA2_PSK],2025-8-1 2:58:57,1,-76,34.0442352,-117.1739807,423.00,1.75,WIFI
5C:62:8B:AE:D9:8E,,[WPA_WPA2_PSK],2025-8-1 2:58:59,2,-85,34.0442581,-117.1740112,422.80,1.75,WIFI
5E:62:8B:2E:D9:8E,DecoTPLink,[WPA2_PSK],2025-8-1 2:58:59,2,-85,34.0442581,-117.1740112,422.80,1.75,WIFI
7C:7E:F9:67:0E:46,,[OPEN],2025-8-1 2:59:3,6,-70,34.0444374,-117.1741562,421.60,1.50,WIFI
7C:7E:F9:67:0E:44,peggy,[WPA2_PSK],2025-8-1 2:59:3,6,-71,34.0444374,-117.1741562,421.60,1.50,WIFI
7C:7E:F9:67:0E:42,,[WPA3_PSK],2025-8-1 2:59:3,6,-71,34.0444374,-117.1741562,421.60,1.50,WIFI
FA:6A:1F:38:3B:DB,SpectrumSetup-DA,[WPA2_PSK],2025-8-1 2:59:3,6,-78,34.0444374,-117.1741562,421.60,1.50,WIFI
C0:6F:98:89:21:89,,[OPEN],2025-8-1 2:59:3,6,-78,34.0444374,-117.1741562,421.60,1.50,WIFI
A2:B8:2B:00:9D:E8,Error,[WPA2_PSK],2025-8-1 2:59:3,6,-84,34.0444374,-117.1741562,421.60,1.50,WIFI
FC:15:B4:70:82:80,HP-Print-80-ENVY 5530 series,[OPEN],2025-8-1 2:59:3,6,-90,34.0444374,-117.1741562,421.60,1.50,WIFI
98:E7:F4:1D:92:C9,DIRECT-C8-HP ENVY 5660 series,[WPA2_PSK],2025-8-1 2:59:3,6,-93,34.0444374,-117.1741562,421.60,1.50,WIFI
D2:9E:43:D7:48:55,AIPS Guest,[WPA2_PSK],2025-8-1 2:59:5,8,-91,34.0445747,-117.1742630,420.90,1.50,WIFI
2E:F5:A2:81:4D:81,,[WPA2_PSK],2025-8-1 2:59:6,9,-90,34.0446472,-117.1743164,420.50,1.50,WIFI
4C:12:65:17:06:58,Frontier0064,[WPA2_PSK],2025-8-1 2:59:8,11,-80,34.0448074,-117.1744461,419.60,1.50,WIFI
0C:80:63:65:52:A3,summandrew,[WPA_WPA2_PSK],2025-8-1 2:59:8,11,-80,34.0448074,-117.1744461,419.60,1.50,WIFI
08:7B:12:3F:04:F6,Frontier1593,[WPA2_PSK],2025-8-1 2:59:8,11,-82,34.0448074,-117.1744461,419.60,1.50,WIFI
F4:52:46:AD:01:C9,SpectrumSetup-CB,[WPA2_PSK],2025-8-1 2:59:11,1,-64,34.0450630,-117.1746597,418.90,1.50,WIFI
74:37:5F:CD:B4:13,SpectrumSetup-11,[WPA2_PSK],2025-8-1 2:59:11,1,-67,34.0450630,-117.1746597,418.90,1.50,WIFI
B4:FB:E4:11:67:D7,Emmaus-Private,[WPA2_PSK],2025-8-1 2:59:11,1,-80,34.0450630,-117.1746597,418.90,1.50,WIFI
A0:40:A0:7D:16:EB,sybelco_EXT,[WPA2_PSK],2025-8-1 2:59:11,1,-82,34.0450630,-117.1746597,418.90,1.50,WIFI
B4:FB:E4:71:2A:30,Emmaus-Private,[WPA2_PSK],2025-8-1 2:59:11,1,-82,34.0450630,-117.1746597,418.90,1.50,WIFI
BE:FB:E4:11:67:D7,Emmaus-TH,[WPA2_PSK],2025-8-1 2:59:11,1,-83,34.0450630,-117.1746597,418.90,1.50,WIFI
BA:FB:E4:11:67:D7,Emmaus-Guest,[WPA2_PSK],2025-8-1 2:59:11,1,-83,34.0450630,-117.1746597,418.90,1.50,WIFI
C2:FB:E4:11:67:D7,,[WPA2_PSK],2025-8-1 2:59:11,1,-85,34.0450630,-117.1746597,418.90,1.50,WIFI
BA:FB:E4:71:2A:30,Emmaus-Guest,[WPA2_PSK],2025-8-1 2:59:11,1,-86,34.0450630,-117.1746597,418.90,1.50,WIFI
BE:FB:E4:71:2A:30,Emmaus-TH,[WPA2_PSK],2025-8-1 2:59:11,1,-91,34.0450630,-117.1746597,418.90,1.50,WIFI
F4:52:46:D9:3A:20,Error,[WPA2_PSK],2025-8-1 2:59:11,1,-94,34.0450630,-117.1746597,418.90,1.50,WIFI
D0:16:7C:19:CB:B2,,[WPA3_PSK],2025-8-1 2:59:18,6,-71,34.0457001,-117.1751709,415.80,1.50,WIFI
D0:16:7C:19:CB:B6,,[OPEN],2025-8-1 2:59:18,6,-71,34.0457001,-117.1751709,415.80,1.50,WIFI
24:41:FE:DE:17:C6,Verizon_7HJ3CW,[WPA2_PSK],2025-8-1 2:59:18,6,-72,34.0457001,-117.1751709,415.80,1.50,WIFI
D0:16:7C:19:CB:B4,Kauai,[WPA2_PSK],2025-8-1 2:59:18,6,-72,34.0457001,-117.1751709,415.80,1.50,WIFI
A8:B0:88:67:CB:C6,,[WPA3_PSK],2025-8-1 2:59:18,6,-78,34.0457001,-117.1751709,415.80,1.50,WIFI
A8:B0:88:67:CB:CA,,[OPEN],2025-8-1 2:59:18,6,-78,34.0457001,-117.1751709,415.80,1.50,WIFI
B4:20:46:F5:88:A4,,[WPA3_PSK],2025-8-1 2:59:18,6,-82,34.0457001,-117.1751709,415.80,1.50,WIFI
B4:20:46:F5:88:A8,,[OPEN],2025-8-1 2:59:18,6,-83,34.0457001,-117.1751709,415.80,1.50,WIFI
92:B8:2B:00:9D:E8,,[WPA2_PSK],2025-8-1 2:59:18,6,-83,34.0457001,-117.1751709,415.80,1.50,WIFI
B2:B8:2B:00:9D:E8,,[WPA2_PSK],2025-8-1 2:59:18,6,-84,34.0457001,-117.1751709,415.80,1.50,WIFI
24:F3:E3:99:FD:03,,[WPA3_PSK],2025-8-1 2:59:18,6,-85,34.0457001,-117.1751709,415.80,1.50,WIFI
C8:B4:22:6D:56:C6,Nothing187,[WPA2_PSK],2025-8-1 2:59:18,6,-86,34.0457001,-117.1751709,415.80,1.50,WIFI
08:36:C9:83:1E:89,NETGEAR71,[WPA2_PSK],2025-8-1 2:59:18,7,-82,34.0457001,-117.1751709,415.80,1.50,WIFI
72:36:C9:83:1E:8A,NETGEAR71-Guest,[WPA2_PSK],2025-8-1 2:59:18,7,-85,34.0457001,-117.1751709,415.80,1.50,WIFI
CE:9E:43:D7:48:55,AIPS,[WPA2_PSK],2025-8-1 2:59:20,8,-86,34.0458870,-117.1753235,415.00,1.50,WIFI
DC:92:72:E3:6F:2F,Frontier0262,[WPA2_PSK],2025-8-1 2:59:23,11,-67,34.0461731,-117.1755447,413.90,1.50,WIFI
A0:89:66:9E:B4:00,,[WPA_WPA2_PSK],2025-8-1 2:59:23,11,-72,34.0461731,-117.1755447,413.90,1.50,WIFI
F0:B6:61:FD:BE:A7,Wifi123,[WPA2_PSK],2025-8-1 2:59:23,11,-73,34.0461731,-117.1755447,413.90,1.50,WIFI
F0:B6:61:FD:BE:AA,,[OPEN],2025-8-1 2:59:23,11,-76,34.0461731,-117.1755447,413.90,1.50,WIFI
A0:8E:78:1E:BF:0E,MySpectrumWiFi08-2G,[WPA2_PSK],2025-8-1 2:59:23,11,-82,34.0461731,-117.1755447,413.90,1.50,WIFI
B0:FC:88:52:F0:EE,kaits wifi,[WPA2_PSK],2025-8-1 2:59:23,11,-85,34.0461731,-117.1755447,413.90,1.50,WIFI
D2:CB:BC:8C:4F:01,SBCSS_Redlands,[WPA2_PSK],2025-8-1 2:59:23,11,-85,34.0461731,-117.1755447,413.90,1.50,WIFI
94:91:7F:3A:7E:2D,MySpectrumWiFi2F-2G,[WPA2_PSK],2025-8-1 2:59:23,11,-88,34.0461731,-117.1755447,413.90,1.50,WIFI
58:9B:4A:AB:8A:02,505,[WPA2_PSK],2025-8-1 2:59:25,1,-76,34.0463600,-117.1756897,412.90,1.50,WIFI
4C:22:F3:BB:C1:D3,ASHFAM1981,[WPA2_PSK],2025-8-1 2:59:25,1,-79,34.0463600,-117.1756897,412.90,1.50,WIFI
FA:B4:6A:CC:C7:E6,DIRECT-E6-HP OfficeJet 5200,[WPA2_PSK],2025-8-1 2:59:25,1,-80,34.0463600,-117.1756897,412.90,1.50,WIFI
F0:81:75:D2:23:B6,MojoDojo Casa House,[WPA2_PSK],2025-8-1 2:59:25,1,-80,34.0463600,-117.1756897,412.90,1.50,WIFI
FC:12:63:A2:43:05,SpectrumSetup-07,[WPA2_PSK],2025-8-1 2:59:25,1,-82,34.0463600,-117.1756897,412.90,1.50,WIFI
4C:AB:F8:AE:5B:55,SpectrumSetup-57,[WPA2_PSK],2025-8-1 2:59:25,1,-83,34.0463600,-117.1756897,412.90,1.50,WIFI
74:37:5F:D9:4B:17,SpectrumSetup-15,[WPA2_PSK],2025-8-1 2:59:25,1,-83,34.0463600,-117.1756897,412.90,1.50,WIFI
E0:1F:2B:A1:C0:3A,NOKIA-C031,[WPA2_PSK],2025-8-1 2:59:25,1,-86,34.0463600,-117.1756897,412.90,1.50,WIFI
98:1E:19:21:FE:CE,MySpectrumWiFic8-2G,[WPA2_PSK],2025-8-1 2:59:30,4,-88,34.0467987,-117.1760406,410.90,1.50,WIFI
4C:19:5D:04:40:F4,SpectrumSetup-EE,[WPA2_PSK],2025-8-1 2:59:32,6,-62,34.0469589,-117.1761703,410.30,1.50,WIFI
60:F4:19:02:CF:86,lesbosisland,[WPA2_PSK],2025-8-1 2:59:32,6,-65,34.0469589,-117.1761703,410.30,1.50,WIFI
60:F4:19:02:CF:89,,[OPEN],2025-8-1 2:59:32,6,-66,34.0469589,-117.1761703,410.30,1.50,WIFI
F8:AA:3F:CF:0A:97,SpectrumSetup-95,[WPA2_PSK],2025-8-1 2:59:32,6,-67,34.0469589,-117.1761703,410.30,1.50,WIFI
60:F4:19:02:CF:83,,[WPA3_PSK],2025-8-1 2:59:32,6,-67,34.0469589,-117.1761703,410.30,1.50,WIFI
F4:69:42:B2:B5:C1,SpectrumSetup-C3,[WPA2_PSK],2025-8-1 2:59:32,6,-69,34.0469589,-117.1761703,410.30,1.50,WIFI
F0:B6:61:BA:E3:27,DSM Home,[WPA2_PSK],2025-8-1 2:59:32,6,-71,34.0469589,-117.1761703,410.30,1.50,WIFI
F0:B6:61:BA:E3:2A,,[OPEN],2025-8-1 2:59:32,6,-72,34.0469589,-117.1761703,410.30,1.50,WIFI
24:F3:E3:99:FD:06,MrZeroHI,[WPA2_PSK],2025-8-1 2:59:32,6,-76,34.0469589,-117.1761703,410.30,1.50,WIFI
F8:AA:3F:EC:8D:D3,SpectrumSetup-D1,[WPA2_PSK],2025-8-1 2:59:32,6,-76,34.0469589,-117.1761703,410.30,1.50,WIFI
4E:82:A9:11:27:DB,DIRECT-db-HP M283 LaserJet,[WPA2_PSK],2025-8-1 2:59:32,6,-85,34.0469589,-117.1761703,410.30,1.50,WIFI
A2:BF:B8:5F:E8:81,This is the wifi network-2.4,[WPA2_PSK],2025-8-1 2:59:32,7,-78,34.0469589,-117.1761703,410.30,1.50,WIFI
C8:9E:43:D7:48:55,,[WPA2_PSK],2025-8-1 2:59:34,8,-62,34.0470886,-117.1762772,410.10,1.50,WIFI
C8:9E:43:D5:A0:3A,AIPS,[WPA2_PSK],2025-8-1 2:59:34,8,-83,34.0470886,-117.1762772,410.10,1.50,WIFI
78:8C:B5:A1:36:23,TP-Link_3624,[WPA2_PSK],2025-8-1 2:59:35,9,-78,34.0471344,-117.1763229,409.70,1.50,WIFI
9A:8C:B5:A1:36:23,,[WPA2_PSK],2025-8-1 2:59:35,9,-81,34.0471344,-117.1763229,409.70,1.50,WIFI
AC:B6:87:39:36:F5,Verizon_FBQJV3,[WPA2_PSK],2025-8-1 2:59:37,11,-67,34.0472145,-117.1763840,409.40,1.50,WIFI
DC:92:72:E7:A3:BF,Frontier0204,[WPA2_PSK],2025-8-1 2:59:37,11,-73,34.0472145,-117.1763840,409.40,1.50,WIFI
E4:38:83:44:FA:3C,RL-Office,[WPA2_PSK],2025-8-1 2:59:37,11,-75,34.0472145,-117.1763840,409.40,1.50,WIFI
EA:38:83:44:FA:3C,,[WPA2_PSK],2025-8-1 2:59:37,11,-75,34.0472145,-117.1763840,409.40,1.50,WIFI
16:7F:67:6F:17:0A,[LG_Window A/C]170a,[WPA2_PSK],2025-8-1 2:59:37,11,-76,34.0472145,-117.1763840,409.40,1.50,WIFI
C8:99:B2:7F:6F:53,Verizon_H3LNV4,[WPA2_PSK],2025-8-1 2:59:37,11,-83,34.0472145,-117.1763840,409.40,1.50,WIFI
98:F7:81:DA:0E:C0,Frontier5552,[WPA2_PSK],2025-8-1 2:59:40,1,-77,34.0472527,-117.1764145,409.30,1.50,WIFI
4C:19:5D:14:3D:F3,RedlandsPD,[WPA2_PSK],2025-8-1 2:59:40,1,-80,34.0472527,-117.1764145,409.30,1.50,WIFI
86:69:1A:97:35:95,,[WPA2_WPA3_PSK],2025-8-1 2:59:40,1,-83,34.0472527,-117.1764145,409.30,1.50,WIFI
D4:A9:28:06:99:A2,FiOS-6H9XQ,[WPA2_PSK],2025-8-1 2:59:40,1,-87,34.0472527,-117.1764145,409.30,1.50,WIFI
62:01:94:91:20:76,LEDnet912076,[OPEN],2025-8-1 2:59:40,1,-87,34.0472527,-117.1764145,409.30,1.50,WIFI
4C:AB:F8:54:10:95,SpectrumSetup-97,[WPA2_PSK],2025-8-1 2:59:40,1,-90,34.0472527,-117.1764145,409.30,1.50,WIFI
C4:41:1E:4B:6D:38,Linksys08428,[WPA2_PSK],2025-8-1 2:59:43,3,-85,34.0473022,-117.1764984,408.90,1.50,WIFI
8C:88:21:41:8F:A0,Linksys08428_Ext,[WPA2_PSK],2025-8-1 2:59:43,3,-88,34.0473022,-117.1764984,408.90,1.50,WIFI
80:69:1A:95:9D:F5,))),[WPA2_WPA3_PSK],2025-8-1 2:59:49,9,-92,34.0471687,-117.1769257,408.20,1.50,WIFI
02:9B:CD:06:CD:15,tle64a92-EXT,[WPA2_PSK],2025-8-1 2:59:51,11,-78,34.0470543,-117.1771164,407.70,1.50,WIFI
B0:95:75:81:91:B9,FiOS-UQ92H_EXT,[WPA_WPA2_PSK],2025-8-1 2:59:51,11,-79,34.0470543,-117.1771164,407.70,1.50,WIFI
02:AD:24:47:02:3C,tle64a92-EXT,[WPA2_PSK],2025-8-1 2:59:51,11,-85,34.0470543,-117.1771164,407.70,1.50,WIFI
88:67:46:BF:3D:63,,[WPA3_PSK],2025-8-1 2:59:54,1,-71,34.0468826,-117.1774368,407.20,1.50,WIFI
88:67:46:BF:3D:66,wifi eero,[WPA2_PSK],2025-8-1 2:59:54,1,-72,34.0468826,-117.1774368,407.20,1.50,WIFI
88:67:46:BF:3D:69,,[OPEN],2025-8-1 2:59:54,1,-72,34.0468826,-117.1774368,407.20,1.50,WIFI
58:CB:52:A8:B8:E1,Slow Wi-Fi,[WPA2_PSK],2025-8-1 2:59:54,1,-76,34.0468826,-117.1774368,407.20,1.50,WIFI
04:B6:BE:8D:89:FC,,[WPA_WPA2_PSK],2025-8-1 2:59:54,1,-79,34.0468826,-117.1774368,407.20,1.50,WIFI
FC:12:63:36:10:14,Verizon_R6WY6T,[WPA2_PSK],2025-8-1 2:59:54,1,-84,34.0468826,-117.1774368,407.20,1.50,WIFI
48:A2:E6:D1:72:92,NewThermostat_D17292,[OPEN],2025-8-1 2:59:54,1,-85,34.0468826,-117.1774368,407.20,1.50,WIFI
D2:CB:BC:8C:4E:F0,SBCSS_Redlands,[WPA2_PSK],2025-8-1 2:59:54,1,-89,34.0468826,-117.1774368,407.20,1.50,WIFI
B0:95:75:C0:E5:F2,,[WPA2_PSK],2025-8-1 2:59:59,4,-88,34.0465736,-117.1780014,406.30,1.50,WIFI
22:3E:A4:0A:E3:90,,[WPA2_PSK],2025-8-1 3:0:1,6,-75,34.0464478,-117.1782227,406.10,1.50,WIFI
FC:12:63:4E:22:7D,SpectrumSetup-7F,[WPA2_PSK],2025-8-1 3:0:1,6,-79,34.0464478,-117.1782227,406.10,1.50,WIFI
58:CB:52:AA:BE:9C,Slow Wi-Fi,[WPA2_PSK],2025-8-1 3:0:1,6,-79,34.0464478,-117.1782227,406.10,1.50,WIFI
40:3F:8C:A8:7A:5C,SpectrumSetup-97_EXT,[WPA_WPA2_PSK],2025-8-1 3:0:1,6,-87,34.0464478,-117.1782227,406.10,1.50,WIFI
24:F3:E3:D0:59:C6,Huff Home,[WPA2_PSK],2025-8-1 3:0:6,11,-68,34.0461388,-117.1787872,405.80,1.50,WIFI
24:F3:E3:D0:59:C3,,[WPA3_PSK],2025-8-1 3:0:6,11,-69,34.0461388,-117.1787872,405.80,1.50,WIFI
24:F3:E3:D0:59:C9,,[OPEN],2025-8-1 3:0:6,11,-69,34.0461388,-117.1787872,405.80,1.50,WIFI
24:F3:E3:C6:2C:46,Huff Home,[WPA2_PSK],2025-8-1 3:0:6,11,-77,34.0461388,-117.1787872,405.80,1.50,WIFI
24:F3:E3:C0:F3:49,,[OPEN],2025-8-1 3:0:6,11,-77,34.0461388,-117.1787872,405.80,1.50,WIFI
24:F3:E3:C0:F3:43,,[WPA3_PSK],2025-8-1 3:0:6,11,-78,34.0461388,-117.1787872,405.80,1.50,WIFI
24:F3:E3:C0:F3:46,Huff Home,[WPA2_PSK],2025-8-1 3:0:6,11,-78,34.0461388,-117.1787872,405.80,1.50,WIFI
D2:21:F9:1D:F3:8D,base-iot,[WPA2_PSK],2025-8-1 3:0:6,11,-82,34.0461388,-117.1787872,405.80,1.50,WIFI
D2:21:F9:2D:F3:8D,,[WPA2_PSK],2025-8-1 3:0:6,11,-83,34.0461388,-117.1787872,405.80,1.50,WIFI
A8:97:CD:A5:74:A8,Frontier0640,[WPA2_PSK],2025-8-1 3:0:6,11,-85,34.0461388,-117.1787872,405.80,1.50,WIFI
88:6A:E3:E4:31:B9,tle431b9,[WPA2_PSK],2025-8-1 3:0:6,11,-86,34.0461388,-117.1787872,405.80,1.50,WIFI
48:4E:FC:3C:D8:D8,Cypress&Alvarado,[WPA2_PSK],2025-8-1 3:0:9,1,-72,34.0459633,-117.1791306,405.50,1.50,WIFI
94:F7:17:82:7D:38,,[WPA_WPA2_PSK],2025-8-1 3:0:9,1,-76,34.0459633,-117.1791306,405.50,1.50,WIFI
14:7D:05:0F:51:F3,GoKingsGo,[WPA2_PSK],2025-8-1 3:0:9,1,-82,34.0459633,-117.1791306,405.50,1.50,WIFI
04:17:B6:0D:A3:D7,,[WPA_WPA2_PSK],2025-8-1 3:0:9,1,-87,34.0459633,-117.1791306,405.50,1.50,WIFI
48:5D:36:A0:2E:66,FiOS-KRUOS,[WPA2_PSK],2025-8-1 3:0:9,1,-88,34.0459633,-117.1791306,405.50,1.50,WIFI
48:5D:36:3D:78:BA,FiOS-OOZFX,[WPA2_PSK],2025-8-1 3:0:9,1,-89,34.0459633,-117.1791306,405.50,1.50,WIFI
10:2C:B1:1C:43:FE,,[WPA_WPA2_PSK],2025-8-1 3:0:13,4,-86,34.0457153,-117.1796036,405.00,1.50,WIFI
BE:95:75:C0:E5:F2,birdlives,[WPA_WPA2_PSK],2025-8-1 3:0:13,4,-90,34.0457153,-117.1796036,405.00,1.50,WIFI
BA:95:75:C0:E9:9E,birdlives,[WPA_WPA2_PSK],2025-8-1 3:0:13,4,-91,34.0457153,-117.1796036,405.00,1.50,WIFI
34:53:D2:28:1E:8E,SpectrumSetup-88,[WPA2_PSK],2025-8-1 3:0:15,6,-82,34.0455856,-117.1798401,404.70,1.50,WIFI
E6:F0:42:C7:97:8C,Karlnet2-guest,[WPA2_PSK],2025-8-1 3:0:15,6,-86,34.0455856,-117.1798401,404.70,1.50,WIFI
A2:05:D6:ED:F9:F1,PGD4J,[WPA2_PSK],2025-8-1 3:0:15,6,-87,34.0455856,-117.1798401,404.70,1.50,WIFI
9C:05:D6:ED:F9:F1,,[WPA2_PSK],2025-8-1 3:0:15,6,-90,34.0455856,-117.1798401,404.70,1.50,WIFI
FC:15:B4:AA:A4:B3,HP-Print-B3-Officejet Pro 8620,[OPEN],2025-8-1 3:0:15,6,-91,34.0455856,-117.1798401,404.70,1.50,WIFI
34:53:D2:C1:84:9E,SpectrumSetup-98,[WPA2_PSK],2025-8-1 3:0:20,11,-83,34.0452576,-117.1804352,404.20,1.50,WIFI
D0:21:F9:4D:F3:8D,PGD4J,[WPA2_PSK],2025-8-1 3:0:20,11,-86,34.0452576,-117.1804352,404.20,1.50,WIFI
E6:F0:42:C7:88:78,Karlnet2-guest,[WPA2_PSK],2025-8-1 3:0:20,11,-90,34.0452576,-117.1804352,404.20,1.50,WIFI
F0:7B:65:E5:0F:9F,HoneyBunny-BMF,[WPA2_PSK],2025-8-1 3:0:20,11,-91,34.0452576,-117.1804352,404.20,1.50,WIFI
40:47:5E:21:42:A6,Fromtier3600,[WPA2_PSK],2025-8-1 3:0:23,1,-68,34.0450592,-117.1807938,404.10,1.50,WIFI
4C:19:5D:31:0C:9B,SpectrumSetup-95,[WPA2_PSK],2025-8-1 3:0:23,1,-68,34.0450592,-117.1807938,404.10,1.50,WIFI
40:47:5E:21:42:A9,,[OPEN],2025-8-1 3:0:23,1,-68,34.0450592,-117.1807938,404.10,1.50,WIFI
40:47:5E:21:42:A3,,[WPA3_PSK],2025-8-1 3:0:23,1,-69,34.0450592,-117.1807938,404.10,1.50,WIFI
28:EC:22:5C:84:86,Fromtier3600,[WPA2_PSK],2025-8-1 3:0:23,1,-78,34.0450592,-117.1807938,404.10,1.50,WIFI
C0:3C:04:A7:BB:82,SpectrumSetup-7C,[WPA2_PSK],2025-8-1 3:0:23,1,-80,34.0450592,-117.1807938,404.10,1.50,WIFI
F0:81:75:C1:F9:86,Gmoney,[WPA2_PSK],2025-8-1 3:0:23,1,-81,34.0450592,-117.1807938,404.10,1.50,WIFI
28:EC:22:5C:84:83,,[WPA3_PSK],2025-8-1 3:0:23,1,-84,34.0450592,-117.1807938,404.10,1.50,WIFI
F8:AA:3F:ED:13:1B,VillageHiddenInTheWifi,[WPA2_PSK],2025-8-1 3:0:23,1,-86,34.0450592,-117.1807938,404.10,1.50,WIFI
60:83:E7:08:62:14,SpectrumSetup-95_EXT,[WPA2_PSK],2025-8-1 3:0:23,1,-86,34.0450592,-117.1807938,404.10,1.50,WIFI
E6:F0:42:C7:97:B8,Karlnet2-guest,[WPA2_PSK],2025-8-1 3:0:23,1,-92,34.0450592,-117.1807938,404.10,1.50,WIFI
44:A5:6E:78:75:08,OLDBUZZARD1,[WPA2_PSK],2025-8-1 3:0:24,2,-77,34.0449944,-117.1809082,404.10,1.50,WIFI
86:CC:9C:13:7F:81,,[WPA2_PSK],2025-8-1 3:0:26,3,-89,34.0448647,-117.1811523,404.00,1.50,WIFI
80:CC:9C:13:7F:81,Tropos_AirLiberator11T,[WPA2_PSK],2025-8-1 3:0:26,3,-90,34.0448647,-117.1811523,404.00,1.50,WIFI
C4:F1:74:FD:78:09,Maddie Network Guest,[WPA2_PSK],2025-8-1 3:0:29,6,-67,34.0446548,-117.1815262,403.90,1.50,WIFI
AC:91:9B:C1:D7:B0,ATTEKR6I48,[WPA2_PSK],2025-8-1 3:0:29,6,-70,34.0446548,-117.1815262,403.90,1.50,WIFI
C4:F1:74:FD:78:01,,[WPA3_PSK],2025-8-1 3:0:29,6,-71,34.0446548,-117.1815262,403.90,1.50,WIFI
C4:F1:74:FD:78:03,Maddie Network,[WPA2_PSK],2025-8-1 3:0:29,6,-71,34.0446548,-117.1815262,403.90,1.50,WIFI
C4:F1:74:FD:78:05,,[OPEN],2025-8-1 3:0:29,6,-72,34.0446548,-117.1815262,403.90,1.50,WIFI
E0:88:5D:58:91:9D,Murguia,[WPA2_PSK],2025-8-1 3:0:29,6,-76,34.0446548,-117.1815262,403.90,1.50,WIFI
F0:B6:61:AE:52:C4,,[WPA3_PSK],2025-8-1 3:0:29,6,-80,34.0446548,-117.1815262,403.90,1.50,WIFI
F0:B6:61:AE:52:CA,,[OPEN],2025-8-1 3:0:29,6,-80,34.0446548,-117.1815262,403.90,1.50,WIFI
F0:B6:61:AE:52:C7,CypressChristian,[WPA2_PSK],2025-8-1 3:0:29,6,-80,34.0446548,-117.1815262,403.90,1.50,WIFI
80:DA:13:1D:DE:13,Maddie Network,[WPA2_PSK],2025-8-1 3:0:29,6,-83,34.0446548,-117.1815262,403.90,1.50,WIFI
24:F3:E3:5C:CD:C9,,[OPEN],2025-8-1 3:0:29,6,-84,34.0446548,-117.1815262,403.90,1.50,WIFI
80:DA:13:1D:DE:11,,[WPA3_PSK],2025-8-1 3:0:29,6,-84,34.0446548,-117.1815262,403.90,1.50,WIFI
30:57:8E:DC:4E:B1,,[WPA3_PSK],2025-8-1 3:0:29,6,-85,34.0446548,-117.1815262,403.90,1.50,WIFI
D0:16:7C:2C:DE:34,Jammfactory,[WPA2_PSK],2025-8-1 3:0:29,6,-86,34.0446548,-117.1815262,403.90,1.50,WIFI
30:57:8E:DC:4E:B5,,[OPEN],2025-8-1 3:0:29,6,-86,34.0446548,-117.1815262,403.90,1.50,WIFI
30:57:8E:DC:4E:B9,Maddie Network Guest,[WPA2_PSK],2025-8-1 3:0:29,6,-86,34.0446548,-117.1815262,403.90,1.50,WIFI
D0:16:7C:2C:B3:A2,,[WPA3_PSK],2025-8-1 3:0:29,6,-87,34.0446548,-117.1815262,403.90,1.50,WIFI
D0:16:7C:2C:B3:A4,Jammfactory,[WPA2_PSK],2025-8-1 3:0:29,6,-87,34.0446548,-117.1815262,403.90,1.50,WIFI
B4:0E:CF:AC:DB:25,LEDnet0035ACDB25,[OPEN],2025-8-1 3:0:33,9,-79,34.0443764,-117.1820297,403.90,1.50,WIFI
9C:0B:05:DB:8E:44,,[WPA3_PSK],2025-8-1 3:0:35,11,-79,34.0442390,-117.1822815,404.00,1.50,WIFI
9C:0B:05:DB:8E:4A,,[OPEN],2025-8-1 3:0:35,11,-79,34.0442390,-117.1822815,404.00,1.50,WIFI
9C:0B:05:DB:8E:47,bo,[WPA2_PSK],2025-8-1 3:0:35,11,-79,34.0442390,-117.1822815,404.00,1.50,WIFI
48:5D:36:52:FC:12,FiOS-JN8GZ,[WPA_WPA2_PSK],2025-8-1 3:0:35,11,-80,34.0442390,-117.1822815,404.00,1.50,WIFI
74:37:5F:8F:26:5F,SpectrumSetup-5D,[WPA2_PSK],2025-8-1 3:0:35,11,-83,34.0442390,-117.1822815,404.00,1.50,WIFI
C0:6F:98:F9:89:69,,[OPEN],2025-8-1 3:0:35,11,-83,34.0442390,-117.1822815,404.00,1.50,WIFI
F0:7B:65:6A:47:80,SpectrumSetup-477A,[WPA2_PSK],2025-8-1 3:0:35,11,-85,34.0442390,-117.1822815,404.00,1.50,WIFI
A0:3E:8C:11:D2:F0,Frontier6128_EXT,[WPA2_PSK],2025-8-1 3:0:35,11,-87,34.0442390,-117.1822815,404.00,1.50,WIFI
60:F4:19:E3:48:E6,NWN,[WPA2_PSK],2025-8-1 3:0:35,11,-87,34.0442390,-117.1822815,404.00,1.50,WIFI
C8:63:FC:60:BE:68,Frontier6128,[WPA2_PSK],2025-8-1 3:0:35,11,-87,34.0442390,-117.1822815,404.00,1.50,WIFI
F0:72:EA:18:F6:F2,WiFi,[WPA2_PSK],2025-8-1 3:0:35,11,-91,34.0442390,-117.1822815,404.00,1.50,WIFI
78:D6:D6:59:5D:47,,[OPEN],2025-8-1 3:0:39,1,-75,34.0439644,-117.1827774,403.80,1.50,WIFI
78:D6:D6:59:5D:45,tgmFIOS,[WPA2_PSK],2025-8-1 3:0:39,1,-76,34.0439644,-117.1827774,403.80,1.50,WIFI
78:D6:D6:59:5D:4B,tgmFIOS Guest,[WPA2_PSK],2025-8-1 3:0:39,1,-76,34.0439644,-117.1827774,403.80,1.50,WIFI
C8:A7:0A:9E:A6:A4,FiOS-9NQM9,[WPA2_PSK],2025-8-1 3:0:39,1,-78,34.0439644,-117.1827774,403.80,1.50,WIFI
00:C8:96:D1:51:82,,[WPA_WPA2_PSK],2025-8-1 3:0:39,1,-78,34.0439644,-117.1827774,403.80,1.50,WIFI
54:04:63:C8:4D:69,,[WPA_WPA2_PSK],2025-8-1 3:0:39,1,-78,34.0439644,-117.1827774,403.80,1.50,WIFI
20:0D:B0:72:F1:B2,GerrardsGuest,[OPEN],2025-8-1 3:0:39,1,-80,34.0439644,-117.1827774,403.80,1.50,WIFI
84:1E:A3:D7:33:46,SpectrumSetup-40,[WPA2_PSK],2025-8-1 3:0:39,1,-84,34.0439644,-117.1827774,403.80,1.50,WIFI
C8:99:B2:B4:79:6F,Verizon_X7CP6D,[WPA2_PSK],2025-8-1 3:0:39,1,-86,34.0439644,-117.1827774,403.80,1.50,WIFI
BC:82:5D:AD:9B:02,WiFi Hotspot 0003,[WPA2_PSK],2025-8-1 3:0:39,1,-89,34.0439644,-117.1827774,403.80,1.50,WIFI
8E:CC:9C:11:60:43,ORBI31-IoT,[WPA2_PSK],2025-8-1 3:0:41,3,-84,34.0438309,-117.1830063,403.70,1.50,WIFI
80:CC:9C:11:60:43,,[WPA2_PSK],2025-8-1 3:0:41,3,-86,34.0438309,-117.1830063,403.70,1.50,WIFI
86:CC:9C:11:60:43,Tropos_AirLiberator11T,[WPA2_PSK],2025-8-1 3:0:41,3,-86,34.0438309,-117.1830063,403.70,1.50,WIFI
8E:CC:9C:11:5A:B3,ORBI31-IoT,[WPA2_PSK],2025-8-1 3:0:41,3,-89,34.0438309,-117.1830063,403.70,1.50,WIFI
88:DC:96:26:FE:08,101,[OPEN],2025-8-1 3:0:43,5,-83,34.0437126,-117.1832352,403.50,1.50,WIFI
86:2A:FD:F8:A1:7B,DIRECT-7B-HP ENVY Photo 7100,[WPA2_PSK],2025-8-1 3:0:44,6,-75,34.0436554,-117.1833267,403.50,1.50,WIFI
D0:16:7C:96:65:67,,[OPEN],2025-8-1 3:0:44,6,-76,34.0436554,-117.1833267,403.50,1.50,WIFI
D0:16:7C:96:65:63,,[WPA3_PSK],2025-8-1 3:0:44,6,-76,34.0436554,-117.1833267,403.50,1.50,WIFI
D0:16:7C:96:6A:63,,[WPA3_PSK],2025-8-1 3:0:44,6,-80,34.0436554,-117.1833267,403.50,1.50,WIFI
D0:16:7C:96:6A:65,Cypress,[WPA2_PSK],2025-8-1 3:0:44,6,-80,34.0436554,-117.1833267,403.50,1.50,WIFI
34:53:D2:F2:0C:10,SpectrumSetup-0A,[WPA2_PSK],2025-8-1 3:0:44,6,-81,34.0436554,-117.1833267,403.50,1.50,WIFI
C0:3C:04:AD:12:E9,SpectrumSetup-E3,[WPA2_PSK],2025-8-1 3:0:44,6,-86,34.0436554,-117.1833267,403.50,1.50,WIFI
9C:0B:05:C1:D0:67,bo,[WPA2_PSK],2025-8-1 3:0:49,11,-77,34.0434875,-117.1836395,403.30,1.50,WIFI
F0:B6:61:84:A5:A7,twoplumsforone,[WPA2_PSK],2025-8-1 3:0:49,11,-78,34.0434875,-117.1836395,403.30,1.50,WIFI
F0:B6:61:84:A5:AA,,[OPEN],2025-8-1 3:0:49,11,-79,34.0434875,-117.1836395,403.30,1.50,WIFI
F0:B6:61:84:A5:A4,,[WPA3_PSK],2025-8-1 3:0:49,11,-80,34.0434875,-117.1836395,403.30,1.50,WIFI
14:59:C0:AC:CD:58,NETGEAR98,[WPA2_PSK],2025-8-1 3:0:49,11,-94,34.0434875,-117.1836395,403.30,1.50,WIFI
C0:6F:98:9C:AF:46,tgmFIOS,[WPA2_PSK],2025-8-1 3:0:51,1,-76,34.0434761,-117.1836624,403.30,1.50,WIFI
C0:6F:98:9C:AF:4F,tgmFIOS Guest,[WPA2_PSK],2025-8-1 3:0:51,1,-77,34.0434761,-117.1836624,403.30,1.50,WIFI
78:D6:D6:5A:F0:CB,tgmFIOS Guest,[WPA2_PSK],2025-8-1 3:0:51,1,-80,34.0434761,-117.1836624,403.30,1.50,WIFI
78:D6:D6:5A:F0:C3,,[WPA3_PSK],2025-8-1 3:0:51,1,-81,34.0434761,-117.1836624,403.30,1.50,WIFI
1C:BF:CE:6D:ED:34,tgmFIOS-pro,[WPA2_PSK],2025-8-1 3:0:51,1,-83,34.0434761,-117.1836624,403.30,1.50,WIFI
30:68:93:38:73:8E,TP-Link_738C,[WPA2_PSK],2025-8-1 3:0:54,2,-87,34.0434723,-117.1836624,403.30,1.50,WIFI
52:68:93:38:73:8E,,[WPA2_PSK],2025-8-1 3:0:54,2,-87,34.0434723,-117.1836624,403.30,1.50,WIFI
34:98:B5:49:86:9D,ORBI98,[WPA2_WPA3_PSK],2025-8-1 3:0:56,4,-90,34.0434723,-117.1836624,403.40,1.50,WIFI
5C:A5:BC:50:E3:87,,[OPEN],2025-8-1 3:0:58,6,-81,34.0434723,-117.1836624,403.40,1.50,WIFI
5C:A5:BC:50:E3:83,,[WPA3_PSK],2025-8-1 3:0:58,6,-81,34.0434723,-117.1836624,403.40,1.50,WIFI
5C:A5:BC:50:E3:85,Hyrule,[WPA2_PSK],2025-8-1 3:0:58,6,-81,34.0434723,-117.1836624,403.40,1.50,WIFI
B4:20:46:5F:CA:E6,CypressChristian,[WPA2_PSK],2025-8-1 3:0:58,6,-82,34.0434723,-117.1836624,403.40,1.50,WIFI
B2:8B:A9:97:D4:08,GerrardsGuest,[OPEN],2025-8-1 3:0:58,6,-83,34.0434723,-117.1836624,403.40,1.50,WIFI
F0:B6:61:FB:E6:CA,,[OPEN],2025-8-1 3:0:58,6,-83,34.0434723,-117.1836624,403.40,1.50,WIFI
B4:20:46:5F:CA:E8,,[OPEN],2025-8-1 3:0:58,6,-83,34.0434723,-117.1836624,403.40,1.50,WIFI
AC:8B:A9:97:D4:08,GerrardsWiFi,[WPA2_PSK],2025-8-1 3:0:58,6,-84,34.0434723,-117.1836624,403.40,1.50,WIFI
DC:9B:D6:24:5B:D4,Catville,[WPA2_PSK],2025-8-1 3:0:58,6,-84,34.0434723,-117.1836624,403.40,1.50,WIFI
B4:20:46:5F:CA:E4,,[WPA3_PSK],2025-8-1 3:0:58,6,-85,34.0434723,-117.1836624,403.40,1.50,WIFI
40:5D:82:08:CA:4F,ngHub_31945BNS03499,[WPA2_PSK],2025-8-1 3:0:58,6,-86,34.0434723,-117.1836624,403.40,1.50,WIFI
B2:8B:A9:97:C9:16,GerrardsGuest,[OPEN],2025-8-1 3:0:58,6,-86,34.0434723,-117.1836624,403.40,1.50,WIFI
AC:8B:A9:97:CD:0C,GerrardsWiFi,[WPA2_PSK],2025-8-1 3:0:58,6,-88,34.0434723,-117.1836624,403.40,1.50,WIFI
62:D4:F7:C1:EF:13,,[WPA2_PSK],2025-8-1 3:1:3,10,-85,34.0434418,-117.1837234,403.20,1.50,WIFI
DE:CB:BC:BE:B3:0B,,[WPA2_PSK],2025-8-1 3:1:4,11,-69,34.0434113,-117.1837692,403.20,1.50,WIFI
EA:CB:BC:BE:B3:0B,IOTConnect,[WPA2_PSK],2025-8-1 3:1:4,11,-71,34.0434113,-117.1837692,403.20,1.50,WIFI
E0:CB:BC:BE:B3:0B,Lehi,[WPA2_PSK],2025-8-1 3:1:4,11,-72,34.0434113,-117.1837692,403.20,1.50,WIFI
E6:CB:BC:BE:B3:0B,Liahona,[WPA2_PSK],2025-8-1 3:1:4,11,-72,34.0434113,-117.1837692,403.20,1.50,WIFI
C8:C6:FE:62:2F:03,,[WPA3_PSK],2025-8-1 3:1:4,11,-84,34.0434113,-117.1837692,403.20,1.50,WIFI
78:D6:D6:5A:F0:C7,,[OPEN],2025-8-1 3:1:7,1,-81,34.0432930,-117.1839828,403.10,1.50,WIFI
78:D6:D6:5A:F0:C5,tgmFIOS,[WPA2_PSK],2025-8-1 3:1:7,1,-81,34.0432930,-117.1839828,403.10,1.50,WIFI
C0:6F:98:9C:AF:49,,[OPEN],2025-8-1 3:1:7,1,-83,34.0432930,-117.1839828,403.10,1.50,WIFI
02:22:6C:16:E5:16,SoundBarSetup_E516,[OPEN],2025-8-1 3:1:7,1,-84,34.0432930,-117.1839828,403.10,1.50,WIFI
3A:22:E2:98:15:FF,DIRECT-FF-HP OfficeJet Pro 8020,[WPA2_PSK],2025-8-1 3:1:7,1,-87,34.0432930,-117.1839828,403.10,1.50,WIFI
02:22:6C:15:F2:79,SoundBarSetup_F279,[OPEN],2025-8-1 3:1:7,1,-88,34.0432930,-117.1839828,403.10,1.50,WIFI
34:53:D2:CC:E9:49,SpectrumSetup-43,[WPA2_PSK],2025-8-1 3:1:7,1,-93,34.0432930,-117.1839828,403.10,1.50,WIFI
3A:98:B5:49:86:9D,,[WPA2_PSK],2025-8-1 3:1:11,4,-80,34.0430870,-117.1843567,402.70,1.50,WIFI
A4:11:62:2C:49:DC,NTGR_VMB_9156597868,[WPA2_PSK],2025-8-1 3:1:11,4,-88,34.0430870,-117.1843567,402.70,1.50,WIFI
DC:9B:D6:24:5B:CC,Catville,[WPA2_PSK],2025-8-1 3:1:13,6,-84,34.0429764,-117.1845703,402.60,1.50,WIFI
B8:38:61:2C:14:4E,GerrardsWiFi,[OPEN],2025-8-1 3:1:13,6,-85,34.0429764,-117.1845703,402.60,1.50,WIFI
A0:D3:C1:BC:76:92,HP-Print-92-Photosmart 7520,[WPA2_PSK],2025-8-1 3:1:15,8,-86,34.0428543,-117.1847763,402.40,1.50,WIFI
BC:A5:11:32:CB:64,CaliforniaLuv,[WPA2_PSK],2025-8-1 3:1:15,8,-86,34.0428543,-117.1847763,402.40,1.50,WIFI
A6:3D:CF:E5:D4:50,,[WPA2_PSK],2025-8-1 3:1:16,9,-90,34.0427971,-117.1848907,402.20,1.50,WIFI
D0:6D:C9:27:0E:C6,Frontier1596,[WPA2_PSK],2025-8-1 3:1:18,11,-69,34.0426712,-117.1851196,401.90,1.50,WIFI
7C:5E:98:DF:1C:C3,,[WPA3_PSK],2025-8-1 3:1:18,11,-82,34.0426712,-117.1851196,401.90,1.50,WIFI
7C:5E:98:4B:5B:C5,SpectrumSetup-BD,[WPA2_PSK],2025-8-1 3:1:18,11,-85,34.0426712,-117.1851196,401.90,1.50,WIFI
7C:5E:98:DF:1C:C5,SpectrumSetup-BD,[WPA2_PSK],2025-8-1 3:1:18,11,-85,34.0426712,-117.1851196,401.90,1.50,WIFI
7C:5E:98:4B:5B:C7,,[OPEN],2025-8-1 3:1:18,11,-86,34.0426712,-117.1851196,401.90,1.50,WIFI
2C:67:BE:12:6C:B7,SpectrumSetup-A8,[WPA2_PSK],2025-8-1 3:1:21,1,-72,34.0424805,-117.1854630,401.40,1.50,WIFI
48:5D:36:22:79:98,FiOS-2L1YT,[WPA2_PSK],2025-8-1 3:1:21,1,-76,34.0424805,-117.1854630,401.40,1.50,WIFI
54:04:63:C5:0A:51,,[WPA_WPA2_PSK],2025-8-1 3:1:21,1,-83,34.0424805,-117.1854630,401.40,1.50,WIFI
94:F7:17:B8:A0:E8,,[WPA_WPA2_PSK],2025-8-1 3:1:21,1,-84,34.0424805,-117.1854630,401.40,1.50,WIFI
54:21:60:0D:18:5D,Alula0D185C,[WPA_WPA2_PSK],2025-8-1 3:1:21,1,-86,34.0424805,-117.1854630,401.40,1.50,WIFI
E8:AD:A6:49:2C:96,MySpectrumWiFi90-2G,[WPA2_PSK],2025-8-1 3:1:21,1,-86,34.0424805,-117.1854630,401.40,1.50,WIFI
78:D2:94:50:6E:02,SpectrumSetup-16_EXT,[WPA2_PSK],2025-8-1 3:1:21,1,-89,34.0424805,-117.1854630,401.40,1.50,WIFI
42:98:B5:49:86:9D,ORBI98-IoT,[WPA2_PSK],2025-8-1 3:1:25,4,-63,34.0422249,-117.1859283,400.70,1.50,WIFI
CC:40:D0:77:7D:CE,NETGEAR16,[WPA2_PSK],2025-8-1 3:1:25,4,-67,34.0422249,-117.1859283,400.70,1.50,WIFI
3A:98:B5:49:D4:D4,ORBI98,[WPA2_WPA3_PSK],2025-8-1 3:1:25,4,-67,34.0422249,-117.1859283,400.70,1.50,WIFI
34:98:B5:49:D4:D4,,[WPA2_PSK],2025-8-1 3:1:25,4,-67,34.0422249,-117.1859283,400.70,1.50,WIFI
3A:98:B5:49:D7:95,ORBI98,[WPA2_WPA3_PSK],2025-8-1 3:1:25,4,-73,34.0422249,-117.1859283,400.70,1.50,WIFI
42:98:B5:49:D4:D4,ORBI98-IoT,[WPA2_PSK],2025-8-1 3:1:25,4,-75,34.0422249,-117.1859283,400.70,1.50,WIFI
34:98:B5:49:D7:95,,[WPA2_PSK],2025-8-1 3:1:25,4,-76,34.0422249,-117.1859283,400.70,1.50,WIFI
42:98:B5:49:D7:95,ORBI98-IoT,[WPA2_PSK],2025-8-1 3:1:25,4,-79,34.0422249,-117.1859283,400.70,1.50,WIFI
44:EA:D8:24:6F:E8,,[WPA2_PSK],2025-8-1 3:1:25,4,-84,34.0422249,-117.1859283,400.70,1.50,WIFI
DC:F3:1C:2A:D1:3E,ENVOY_151291,[OPEN],2025-8-1 3:1:25,4,-89,34.0422249,-117.1859283,400.70,1.50,WIFI
C8:B4:22:D4:21:6A,MySpectrumWiFi6C-2G,[WPA2_PSK],2025-8-1 3:1:27,6,-52,34.0420952,-117.1861496,400.40,1.50,WIFI
98:ED:5C:FF:47:07,TeslaPV_FF4707,[WPA2_PSK],2025-8-1 3:1:27,6,-85,34.0420952,-117.1861496,400.40,1.50,WIFI
FA:8F:CA:68:0A:8E,Travel speaker.o_,[OPEN],2025-8-1 3:1:27,6,-89,34.0420952,-117.1861496,400.40,1.50,WIFI
2C:67:BE:0B:10:CF,SpectrumSetup-10CB,[WPA2_PSK],2025-8-1 3:1:32,11,-74,34.0417824,-117.1867218,399.50,1.50,WIFI
C4:F1:74:74:A6:EA,,[OPEN],2025-8-1 3:1:32,11,-82,34.0417824,-117.1867218,399.50,1.50,WIFI
18:A9:ED:53:E5:C6,casita,[WPA2_PSK],2025-8-1 3:1:35,1,-72,34.0415916,-117.1870651,399.10,1.50,WIFI
D0:B2:C4:3D:57:7E,TC8715D78,[WPA2_PSK],2025-8-1 3:1:35,1,-72,34.0415916,-117.1870651,399.10,1.50,WIFI
7C:DB:98:B3:98:C1,SpectrumSetup-C3,[WPA2_PSK],2025-8-1 3:1:35,1,-73,34.0415916,-117.1870651,399.10,1.50,WIFI
18:A9:ED:53:E5:C3,,[WPA3_PSK],2025-8-1 3:1:35,1,-77,34.0415916,-117.1870651,399.10,1.50,WIFI
18:A9:ED:53:E5:C9,,[OPEN],2025-8-1 3:1:35,1,-79,34.0415916,-117.1870651,399.10,1.50,WIFI
08:02:8E:E0:01:B8,USC4ME2g,[WPA2_PSK],2025-8-1 3:1:37,2,-88,34.0414696,-117.1872864,398.90,1.50,WIFI
F0:B6:61:FA:DB:A4,,[WPA3_PSK],2025-8-1 3:1:41,6,-65,34.0412254,-117.1877289,398.90,1.50,WIFI
F0:B6:61:FA:DB:AA,,[OPEN],2025-8-1 3:1:41,6,-65,34.0412254,-117.1877289,398.90,1.50,WIFI
F8:BB:BF:81:ED:53,1011 Wifi,[WPA2_PSK],2025-8-1 3:1:41,6,-69,34.0412254,-117.1877289,398.90,1.50,WIFI
F0:B6:61:FA:DB:A7,1011 Wifi,[WPA2_PSK],2025-8-1 3:1:41,6,-73,34.0412254,-117.1877289,398.90,1.50,WIFI
F8:BB:BF:81:ED:55,,[OPEN],2025-8-1 3:1:41,6,-75,34.0412254,-117.1877289,398.90,1.50,WIFI
F8:BB:BF:81:ED:51,,[WPA3_PSK],2025-8-1 3:1:41,6,-75,34.0412254,-117.1877289,398.90,1.50,WIFI
F8:BB:BF:81:74:D1,,[WPA3_PSK],2025-8-1 3:1:41,6,-78,34.0412254,-117.1877289,398.90,1.50,WIFI
F8:BB:BF:81:74:D3,1011 Wifi,[WPA2_PSK],2025-8-1 3:1:41,6,-78,34.0412254,-117.1877289,398.90,1.50,WIFI
AC:15:A2:32:A2:FE,SpectrumSetup-F7_EXT,[WPA2_PSK],2025-8-1 3:1:41,6,-88,34.0412254,-117.1877289,398.90,1.50,WIFI
3C:37:86:30:BC:D8,CQVQF_EXT,[WPA2_PSK],2025-8-1 3:1:41,6,-89,34.0412254,-117.1877289,398.90,1.50,WIFI
04:42:1A:9F:06:C0,Omah,[WPA2_PSK],2025-8-1 3:1:45,10,-89,34.0409851,-117.1881638,398.50,1.50,WIFI
C2:42:1A:9F:06:C1,Ahadu,[OPEN],2025-8-1 3:1:45,10,-90,34.0409851,-117.1881638,398.50,1.50,WIFI
78:76:89:32:DA:E4,,[WPA3_PSK],2025-8-1 3:1:46,11,-73,34.0409241,-117.1882629,398.40,1.50,WIFI
B0:FC:88:30:91:64,SpectrumSetup-5E,[WPA2_PSK],2025-8-1 3:1:46,11,-73,34.0409241,-117.1882629,398.40,1.50,WIFI
36:E6:E6:D0:9D:BA,[LG_Wall-Mount A/C]9dba,[WPA2_PSK],2025-8-1 3:1:46,11,-73,34.0409241,-117.1882629,398.40,1.50,WIFI
78:76:89:32:DA:E7,Cypress,[WPA2_PSK],2025-8-1 3:1:46,11,-74,34.0409241,-117.1882629,398.40,1.50,WIFI
78:76:89:32:DA:EA,,[OPEN],2025-8-1 3:1:46,11,-75,34.0409241,-117.1882629,398.40,1.50,WIFI
9C:0B:05:67:5E:E4,,[WPA3_PSK],2025-8-1 3:1:46,11,-83,34.0409241,-117.1882629,398.40,1.50,WIFI
A6:36:C7:13:84:98,[LG_Oven]8498,[WPA2_PSK],2025-8-1 3:1:46,11,-84,34.0409241,-117.1882629,398.40,1.50,WIFI
E0:62:34:CA:99:A6,,[WPA2_PSK],2025-8-1 3:1:46,11,-85,34.0409241,-117.1882629,398.40,1.50,WIFI
80:4A:F2:4B:F0:E5,,[WPA2_PSK],2025-8-1 3:1:46,11,-89,34.0409241,-117.1882629,398.40,1.50,WIFI
28:EC:22:27:4E:49,,[OPEN],2025-8-1 3:1:47,1,-73,34.0408669,-117.1883698,398.40,1.50,WIFI
28:EC:22:27:4E:46,Flubber,[WPA2_PSK],2025-8-1 3:1:47,1,-77,34.0408669,-117.1883698,398.40,1.50,WIFI
30:60:0A:3C:A3:20,,[WPA_WPA2_PSK],2025-8-1 3:1:47,1,-77,34.0408669,-117.1883698,398.40,1.50,WIFI
94:F7:17:84:17:00,,[WPA_WPA2_PSK],2025-8-1 3:1:47,1,-83,34.0408669,-117.1883698,398.40,1.50,WIFI
A0:04:60:CE:61:FE,NETGEAR71,[WPA2_PSK],2025-8-1 3:1:47,1,-85,34.0408669,-117.1883698,398.40,1.50,WIFI
24:2F:D0:E1:6A:C0,TP-Link_Extender,[WPA2_PSK],2025-8-1 3:1:51,2,-79,34.0406303,-117.1887970,398.20,1.50,WIFI
1A:59:C0:4A:51:83,GbaysOrbi,[WPA2_PSK],2025-8-1 3:1:53,4,-74,34.0405121,-117.1890182,398.30,1.50,WIFI
1A:59:C0:4A:51:79,GbaysOrbi,[WPA2_PSK],2025-8-1 3:1:53,4,-75,34.0405121,-117.1890182,398.30,1.50,WIFI
C4:41:1E:25:B4:74,No_ You can't use the WiFi,[WPA2_PSK],2025-8-1 3:1:53,4,-93,34.0405121,-117.1890182,398.30,1.50,WIFI
4C:19:5D:58:A6:79,SpectrumSetup-73,[WPA2_PSK],2025-8-1 3:1:55,6,-64,34.0403938,-117.1892319,398.50,1.50,WIFI
60:83:E7:D1:82:7E,SpectrumSetup-73_EXT,[WPA2_PSK],2025-8-1 3:1:55,6,-67,34.0403938,-117.1892319,398.50,1.50,WIFI
58:2F:F7:F5:C5:FD,SpectrumSetup-F7,[WPA2_PSK],2025-8-1 3:1:55,6,-75,34.0403938,-117.1892319,398.50,1.50,WIFI
9C:57:BC:B0:F9:E3,,[WPA3_PSK],2025-8-1 3:1:55,6,-77,34.0403938,-117.1892319,398.50,1.50,WIFI
9C:57:BC:B0:F9:E9,,[OPEN],2025-8-1 3:1:55,6,-78,34.0403938,-117.1892319,398.50,1.50,WIFI
9C:57:BC:B0:F9:E6,Milko,[WPA2_WPA3_PSK],2025-8-1 3:1:55,6,-78,34.0403938,-117.1892319,398.50,1.50,WIFI
9C:57:BC:9D:DC:C3,,[WPA3_PSK],2025-8-1 3:1:55,6,-80,34.0403938,-117.1892319,398.50,1.50,WIFI
9C:57:BC:9D:DC:C9,,[OPEN],2025-8-1 3:1:55,6,-82,34.0403938,-117.1892319,398.50,1.50,WIFI
70:5A:0F:F1:4F:D4,DIRECT-40-HP OfficeJet Pro 8720,[WPA2_PSK],2025-8-1 3:1:55,6,-83,34.0403938,-117.1892319,398.50,1.50,WIFI
4E:BC:E9:0F:EC:F7,,[WPA2_PSK],2025-8-1 3:1:55,6,-84,34.0403938,-117.1892319,398.50,1.50,WIFI
4E:BC:E9:11:1C:03,,[WPA2_PSK],2025-8-1 3:1:55,6,-84,34.0403938,-117.1892319,398.50,1.50,WIFI
20:9A:7D:E4:0B:EE,SpectrumSetup-E8,[WPA2_PSK],2025-8-1 3:1:55,6,-89,34.0403938,-117.1892319,398.50,1.50,WIFI
12:09:0D:FD:7C:33,,[WPA2_PSK],2025-8-1 3:1:58,8,-90,34.0401993,-117.1895752,398.70,1.50,WIFI
94:18:65:DA:77:67,NETGEAR45,[WPA2_PSK],2025-8-1 3:2:0,10,-91,34.0400734,-117.1897964,399.10,1.50,WIFI
04:42:1A:39:5C:81,Omah,[WPA2_PSK],2025-8-1 3:2:0,10,-92,34.0400734,-117.1897964,399.10,1.50,WIFI
88:67:46:7A:F6:03,,[WPA3_PSK],2025-8-1 3:2:1,11,-80,34.0400085,-117.1899109,399.20,1.50,WIFI
88:67:46:7A:F6:06,cocoAfamily,[WPA2_PSK],2025-8-1 3:2:1,11,-83,34.0400085,-117.1899109,399.20,1.50,WIFI
18:1B:EB:10:44:E7,YSQJ3,[WPA2_PSK],2025-8-1 3:2:1,11,-87,34.0400085,-117.1899109,399.20,1.50,WIFI
3C:52:A1:14:40:A2,lets go_EXT,[WPA2_PSK],2025-8-1 3:2:1,11,-93,34.0400085,-117.1899109,399.20,1.50,WIFI
3C:E1:A1:AF:74:CB,Ring-af74cb,[OPEN],2025-8-1 3:2:4,1,-79,34.0398331,-117.1902237,399.30,1.50,WIFI
A0:89:66:EA:7A:E4,,[WPA_WPA2_PSK],2025-8-1 3:2:4,1,-81,34.0398331,-117.1902237,399.30,1.50,WIFI
0C:80:63:47:DE:97,FiOS-2KGN4,[WPA_WPA2_PSK],2025-8-1 3:2:4,1,-84,34.0398331,-117.1902237,399.30,1.50,WIFI
D4:A9:28:09:B4:70,FiOS-2KGN4,[WPA2_PSK],2025-8-1 3:2:4,1,-90,34.0398331,-117.1902237,399.30,1.50,WIFI
04:09:86:4A:4D:15,Verizon_L93LFT,[WPA2_PSK],2025-8-1 3:2:10,6,-74,34.0395279,-117.1907806,399.00,1.50,WIFI
84:70:D7:41:EF:CA,,[OPEN],2025-8-1 3:2:10,6,-80,34.0395279,-117.1907806,399.00,1.50,WIFI
F6:CB:BC:8C:4E:F5,,[WPA_WPA2_PSK],2025-8-1 3:2:10,6,-80,34.0395279,-117.1907806,399.00,1.50,WIFI
FE:CB:BC:8C:4E:F5,RUSD_WiFi,[WPA2],2025-8-1 3:2:10,6,-80,34.0395279,-117.1907806,399.00,1.50,WIFI
C6:CB:BC:8C:4E:F5,student_chrome,[OPEN],2025-8-1 3:2:10,6,-80,34.0395279,-117.1907806,399.00,1.50,WIFI
84:70:D7:41:EF:C7,Simmons,[WPA2_PSK],2025-8-1 3:2:10,6,-81,34.0395279,-117.1907806,399.00,1.50,WIFI
00:03:7F:12:EF:DF,FX4100-00F0,[WPA2_WPA3_PSK],2025-8-1 3:2:10,6,-83,34.0395279,-117.1907806,399.00,1.50,WIFI
06:03:7F:12:EF:DF,DO_NOT_CONNECT_MESH-FX4100-efdf,[WPA2_PSK],2025-8-1 3:2:10,6,-84,34.0395279,-117.1907806,399.00,1.50,WIFI
DE:A2:66:00:26:9E,DIRECT-9e-HP M452 LaserJet,[WPA2_PSK],2025-8-1 3:2:10,6,-86,34.0395279,-117.1907806,399.00,1.50,WIFI
F0:09:0D:FD:7C:33,PizzaHouse,[WPA2_PSK],2025-8-1 3:2:12,8,-79,34.0394783,-117.1908722,399.00,1.50,WIFI
10:0C:6B:27:34:73,NETGEAR00,[WPA2_PSK],2025-8-1 3:2:13,9,-77,34.0394707,-117.1908875,399.00,1.50,WIFI
88:67:46:7A:F6:09,,[OPEN],2025-8-1 3:2:15,11,-64,34.0394707,-117.1908875,399.00,1.50,WIFI
BC:82:5D:AC:F1:4D,WiFi Hotspot 3874,[WPA2_PSK],2025-8-1 3:2:15,11,-84,34.0394707,-117.1908875,399.00,1.50,WIFI
DC:92:72:E4:E8:1F,Frontier0101,[WPA2_PSK],2025-8-1 3:2:15,11,-89,34.0394707,-117.1908875,399.00,1.50,WIFI
BC:96:E5:44:C1:FF,SpectrumSetup-C1FB,[WPA2_PSK],2025-8-1 3:2:18,1,-91,34.0394440,-117.1909409,399.00,1.50,WIFI
94:F7:17:D0:18:9C,,[WPA_WPA2_PSK],2025-8-1 3:2:21,3,-84,34.0393410,-117.1911392,399.00,1.50,WIFI
64:CB:E9:F2:B7:5A,RESU_64CBE9F2B759,[WPA_WPA2_PSK],2025-8-1 3:2:21,3,-87,34.0393410,-117.1911392,399.00,1.50,WIFI
D2:CB:BC:8C:4E:EE,SBCSS_Redlands,[WPA2_PSK],2025-8-1 3:2:24,6,-79,34.0391922,-117.1913986,399.20,1.50,WIFI
E6:CB:BC:8C:4E:F5,,[WPA2],2025-8-1 3:2:24,6,-80,34.0391922,-117.1913986,399.20,1.50,WIFI
D2:CB:BC:8C:4E:F5,SBCSS_Redlands,[WPA2_PSK],2025-8-1 3:2:24,6,-81,34.0391922,-117.1913986,399.20,1.50,WIFI
10:0C:6B:0D:52:07,Galileo,[WPA2_PSK],2025-8-1 3:2:27,9,-92,34.0390205,-117.1917114,399.40,1.50,WIFI
FC:3F:A6:5A:B1:C6,MySpectrumWiFi90,[WPA2_PSK],2025-8-1 3:2:29,11,-83,34.0388985,-117.1919327,399.60,1.50,WIFI
B6:B6:86:4E:D9:26,DIRECT-26-HP OfficeJet Pro 7740,[WPA2_PSK],2025-8-1 3:2:29,11,-85,34.0388985,-117.1919327,399.60,1.50,WIFI
BC:FC:E7:21:E4:C0,Linkup,[WPA2_WPA3_PSK],2025-8-1 3:2:29,11,-86,34.0388985,-117.1919327,399.60,1.50,WIFI
FA:6A:1F:30:EC:A2,Marpep,[WPA2_PSK],2025-8-1 3:2:29,11,-88,34.0388985,-117.1919327,399.60,1.50,WIFI
80:69:1A:38:D5:62,_LinksysSetup560,[WPA2_PSK],2025-8-1 3:2:38,6,-76,34.0383224,-117.1929932,398.70,1.50,WIFI
86:69:1A:38:D5:62,,[WPA2_PSK],2025-8-1 3:2:38,6,-81,34.0383224,-117.1929932,398.70,1.50,WIFI
34:08:E1:0D:FB:97,ENVOY_185618,[OPEN],2025-8-1 3:2:39,7,-74,34.0382614,-117.1931076,398.70,1.50,WIFI
FC:34:97:42:04:90,Unicorn123,[WPA2_PSK],2025-8-1 3:2:40,8,-77,34.0381927,-117.1932297,398.70,1.50,WIFI
1C:61:B4:48:5F:9C,Unicorn123_EXT,[WPA2_PSK],2025-8-1 3:2:40,8,-89,34.0381927,-117.1932297,398.70,1.50,WIFI
30:60:0A:64:C7:23,,[WPA_WPA2_PSK],2025-8-1 3:2:42,10,-71,34.0380554,-117.1934738,399.10,1.50,WIFI
90:9A:4A:CE:C9:2F,Toluca1016,[WPA2_PSK],2025-8-1 3:2:42,10,-92,34.0380554,-117.1934738,399.10,1.50,WIFI
40:47:5E:C6:7D:26,MySpectrumWiFi90,[WPA2_PSK],2025-8-1 3:2:43,11,-71,34.0379829,-117.1936035,399.30,1.50,WIFI
40:47:5E:C6:7D:29,,[OPEN],2025-8-1 3:2:43,11,-72,34.0379829,-117.1936035,399.30,1.50,WIFI
40:47:5E:C6:7D:23,,[WPA3_PSK],2025-8-1 3:2:43,11,-73,34.0379829,-117.1936035,399.30,1.50,WIFI
44:AC:85:8F:44:06,sirivenudestino,[WPA2_PSK],2025-8-1 3:2:43,11,-74,34.0379829,-117.1936035,399.30,1.50,WIFI
FC:3F:A6:5B:36:03,,[WPA3_PSK],2025-8-1 3:2:43,11,-78,34.0379829,-117.1936035,399.30,1.50,WIFI
FC:3F:A6:5B:36:09,,[OPEN],2025-8-1 3:2:43,11,-79,34.0379829,-117.1936035,399.30,1.50,WIFI
F0:B6:61:1D:B3:E4,,[WPA3_PSK],2025-8-1 3:2:43,11,-85,34.0379829,-117.1936035,399.30,1.50,WIFI
F0:B6:61:1D:B3:EA,,[OPEN],2025-8-1 3:2:43,11,-86,34.0379829,-117.1936035,399.30,1.50,WIFI
D8:A7:56:67:DE:56,MySpectrumWiFi50-2G,[WPA2_PSK],2025-8-1 3:2:43,11,-87,34.0379829,-117.1936035,399.30,1.50,WIFI
F0:B6:61:1D:B3:E7,eero,[WPA2_PSK],2025-8-1 3:2:43,11,-88,34.0379829,-117.1936035,399.30,1.50,WIFI
BA:16:5F:7C:A6:04,[LG_MicrowaveOven]a604,[WPA2_PSK],2025-8-1 3:2:43,11,-90,34.0379829,-117.1936035,399.30,1.50,WIFI
D4:A9:28:14:B4:CE,FiOS-XN2PV,[WPA2_PSK],2025-8-1 3:2:44,1,-75,34.0379143,-117.1937256,399.50,1.50,WIFI
24:41:FE:57:AD:86,Paddy's Pub,[WPA2_PSK],2025-8-1 3:2:44,1,-77,34.0379143,-117.1937256,399.50,1.50,WIFI
44:D4:53:84:80:C6,SpectrumSetup-C0,[WPA2_PSK],2025-8-1 3:2:44,1,-81,34.0379143,-117.1937256,399.50,1.50,WIFI
5C:18:DD:F0:4A:73,,[WPA_WPA2_PSK],2025-8-1 3:2:44,1,-81,34.0379143,-117.1937256,399.50,1.50,WIFI
90:9D:7D:46:BC:D8,Frontier3072,[WPA2_PSK],2025-8-1 3:2:44,1,-85,34.0379143,-117.1937256,399.50,1.50,WIFI
C8:99:B2:1A:1B:83,Verizon_PD7RZG,[WPA2_PSK],2025-8-1 3:2:44,1,-86,34.0379143,-117.1937256,399.50,1.50,WIFI
D4:A9:28:19:5A:3C,FiOS-INY4T,[WPA2_PSK],2025-8-1 3:2:44,1,-91,34.0379143,-117.1937256,399.50,1.50,WIFI
90:D3:CF:B8:B8:F7,SpectrumSetup-B8FA,[WPA2_PSK],2025-8-1 3:2:44,1,-91,34.0379143,-117.1937256,399.50,1.50,WIFI
7E:D2:94:31:84:3B,RAYNES-5G,[WPA2_PSK],2025-8-1 3:2:49,3,-72,34.0376091,-117.1942902,400.40,1.50,WIFI
24:62:AB:E7:E0:55,Traeger-E055,[WPA2_PSK],2025-8-1 3:2:51,5,-87,34.0375214,-117.1944504,400.50,1.50,WIFI
88:6A:E3:7E:92:FF,tl7e92ff,[WPA2_PSK],2025-8-1 3:2:52,6,-77,34.0374870,-117.1945114,400.60,1.50,WIFI
9C:3D:CF:59:4B:72,ARLO_VMB_1562492262,[WPA2_PSK],2025-8-1 3:2:52,6,-78,34.0374870,-117.1945114,400.60,1.50,WIFI
7C:7E:F9:54:DA:16,,[OPEN],2025-8-1 3:2:52,6,-80,34.0374870,-117.1945114,400.60,1.50,WIFI
7C:7E:F9:54:DA:12,,[WPA3_PSK],2025-8-1 3:2:52,6,-81,34.0374870,-117.1945114,400.60,1.50,WIFI
7C:7E:F9:54:02:74,Pooleportal,[WPA2_PSK],2025-8-1 3:2:52,6,-81,34.0374870,-117.1945114,400.60,1.50,WIFI
00:CB:51:41:54:CE,HomeRouter-2G,[WPA2_PSK],2025-8-1 3:2:54,8,-80,34.0374489,-117.1946030,400.60,1.50,WIFI
3A:42:0B:F0:DB:EC,SONOS-AyMBBwACHzhCC/Db7AM=,[OPEN],2025-8-1 3:2:55,9,-92,34.0374374,-117.1946335,400.60,1.50,WIFI
FC:15:B4:70:F5:B1,HP-Print-B1-ENVY 5530 series,[OPEN],2025-8-1 3:2:57,11,-82,34.0374222,-117.1946640,400.60,1.50,WIFI
06:26:B0:FE:9D:E7,Elizabeth Tyler's Guest Network,[WPA_WPA2_PSK],2025-8-1 3:2:57,11,-84,34.0374222,-117.1946640,400.60,1.50,WIFI
D6:8D:26:5A:3F:1A,[LG_Oven]3f1a,[WPA2_PSK],2025-8-1 3:2:57,11,-86,34.0374222,-117.1946640,400.60,1.50,WIFI
3A:22:E2:FA:00:0F,DIRECT-0f-HP M29 LaserJet,[WPA2_PSK],2025-8-1 3:2:59,1,-82,34.0374184,-117.1946869,400.70,1.50,WIFI
14:91:82:AC:D9:85,Linksys03151,[WPA2_PSK],2025-8-1 3:2:59,1,-83,34.0374184,-117.1946869,400.70,1.50,WIFI
D4:A9:28:08:27:D6,FiOS-KBMR5,[WPA2_PSK],2025-8-1 3:2:59,1,-88,34.0374184,-117.1946869,400.70,1.50,WIFI
14:59:C0:03:5A:0A,RAYNES-5G,[WPA2_PSK],2025-8-1 3:3:3,3,-88,34.0374908,-117.1948547,401.10,1.50,WIFI
B2:4A:39:C2:82:B5,,[OPEN],2025-8-1 3:3:6,6,-73,34.0376854,-117.1950150,400.00,1.50,WIFI
B4:B9:E6:44:DA:A4,,[WPA3_PSK],2025-8-1 3:3:6,6,-77,34.0376854,-117.1950150,400.00,1.50,WIFI
9C:0B:05:BA:15:87,sup,[WPA2_PSK],2025-8-1 3:3:6,6,-78,34.0376854,-117.1950150,400.00,1.50,WIFI
B4:B9:E6:44:DA:A8,,[OPEN],2025-8-1 3:3:6,6,-78,34.0376854,-117.1950150,400.00,1.50,WIFI
9C:0B:05:BA:15:84,,[WPA3_PSK],2025-8-1 3:3:6,6,-79,34.0376854,-117.1950150,400.00,1.50,WIFI
9C:0B:05:BA:15:8A,,[OPEN],2025-8-1 3:3:6,6,-79,34.0376854,-117.1950150,400.00,1.50,WIFI
78:76:89:C1:C9:E6,,[OPEN],2025-8-1 3:3:6,6,-80,34.0376854,-117.1950150,400.00,1.50,WIFI
78:76:89:C1:C9:E4,Mueller WiFi,[WPA2_PSK],2025-8-1 3:3:6,6,-81,34.0376854,-117.1950150,400.00,1.50,WIFI
78:76:89:C1:C9:E2,,[WPA3_PSK],2025-8-1 3:3:6,6,-81,34.0376854,-117.1950150,400.00,1.50,WIFI
B4:B9:E6:44:DA:A6,Mueller WiFi,[WPA2_PSK],2025-8-1 3:3:6,6,-82,34.0376854,-117.1950150,400.00,1.50,WIFI
FA:8F:CA:85:77:81,Chromecast0472.b_,[OPEN],2025-8-1 3:3:6,6,-92,34.0376854,-117.1950150,400.00,1.50,WIFI
04:B6:BE:B6:B3:D0,,[WPA_WPA2_PSK],2025-8-1 3:3:6,7,-86,34.0376854,-117.1950150,400.00,1.50,WIFI
16:0C:6B:FA:29:68,,[WPA2_PSK],2025-8-1 3:3:8,8,-79,34.0378494,-117.1951523,399.40,1.50,WIFI
10:0C:6B:FA:29:68,SpectrumSetup-07,[WPA2_PSK],2025-8-1 3:3:8,8,-82,34.0378494,-117.1951523,399.40,1.50,WIFI
10:0C:6B:FF:99:71,,[WPA2_PSK],2025-8-1 3:3:8,8,-86,34.0378494,-117.1951523,399.40,1.50,WIFI
1A:0C:6B:FA:29:68,SpectrumSetup-07-Guest,[WPA2_PSK],2025-8-1 3:3:8,8,-92,34.0378494,-117.1951523,399.40,1.50,WIFI
1A:0C:6B:FF:99:59,SpectrumSetup-07-Guest,[WPA2_PSK],2025-8-1 3:3:8,8,-92,34.0378494,-117.1951523,399.40,1.50,WIFI
72:91:E3:0C:D9:D8,,[WPA2_PSK],2025-8-1 3:3:10,10,-78,34.0380287,-117.1952972,397.90,1.50,WIFI
9C:A5:70:A5:45:65,DNPN8,[WPA2_PSK],2025-8-1 3:3:11,11,-71,34.0381165,-117.1953659,397.50,1.50,WIFI
78:D6:D6:59:42:05,DNPN8,[WPA2_PSK],2025-8-1 3:3:11,11,-72,34.0381165,-117.1953659,397.50,1.50,WIFI
78:D6:D6:59:42:03,,[WPA3_PSK],2025-8-1 3:3:11,11,-76,34.0381165,-117.1953659,397.50,1.50,WIFI
9C:A5:70:A5:45:67,,[OPEN],2025-8-1 3:3:11,11,-76,34.0381165,-117.1953659,397.50,1.50,WIFI
9C:A5:70:A5:45:63,,[WPA3_PSK],2025-8-1 3:3:11,11,-77,34.0381165,-117.1953659,397.50,1.50,WIFI
78:D6:D6:59:42:07,,[OPEN],2025-8-1 3:3:11,11,-79,34.0381165,-117.1953659,397.50,1.50,WIFI
E0:E1:A9:A9:99:F9,Frontier6960-plus,[WPA_WPA2_PSK],2025-8-1 3:3:11,11,-80,34.0381165,-117.1953659,397.50,1.50,WIFI
F0:7B:65:25:25:E1,SpectrumSetup-25DB,[WPA2_PSK],2025-8-1 3:3:11,11,-83,34.0381165,-117.1953659,397.50,1.50,WIFI
24:94:CB:EC:65:18,Frontier6960,[WPA2_PSK],2025-8-1 3:3:11,11,-87,34.0381165,-117.1953659,397.50,1.50,WIFI
2E:D7:5B:AE:17:A4,SpectrumSetup-AB0C,[WPA2_PSK],2025-8-1 3:3:11,11,-87,34.0381165,-117.1953659,397.50,1.50,WIFI
D2:C0:BF:38:13:71,ScreenCast-BF381371,[WPA2_PSK],2025-8-1 3:3:11,11,-87,34.0381165,-117.1953659,397.50,1.50,WIFI
48:5D:36:1F:C0:CC,FiOS-OEQ3H,[WPA2_PSK],2025-8-1 3:3:15,1,-76,34.0384903,-117.1956711,395.80,1.50,WIFI
2A:0F:EB:5A:FF:1E,TEG-1P7,[WPA2_PSK],2025-8-1 3:3:15,1,-79,34.0384903,-117.1956711,395.80,1.50,WIFI
8C:85:80:DB:4F:32,,[WPA_WPA2_PSK],2025-8-1 3:3:15,1,-87,34.0384903,-117.1956711,395.80,1.50,WIFI
A0:55:1F:37:AB:12,SpectrumSetup-AB0C,[WPA2_PSK],2025-8-1 3:3:21,6,-59,34.0389633,-117.1960449,393.80,1.50,WIFI
0A:55:1F:37:AB:13,,[WPA2_PSK],2025-8-1 3:3:21,6,-74,34.0389633,-117.1960449,393.80,1.50,WIFI
82:48:B8:F3:22:44,Proxima,[WPA2_PSK],2025-8-1 3:3:22,7,-77,34.0390396,-117.1961136,393.30,1.50,WIFI
82:48:B8:F3:22:45,,[WPA2_PSK],2025-8-1 3:3:22,7,-77,34.0390396,-117.1961136,393.30,1.50,WIFI
82:48:B8:F3:22:46,CLM1,[WPA2_PSK],2025-8-1 3:3:22,7,-77,34.0390396,-117.1961136,393.30,1.50,WIFI
16:0C:6B:FF:99:59,SpectrumSetup-07,[WPA2_PSK],2025-8-1 3:3:23,8,-57,34.0391197,-117.1961746,392.60,1.50,WIFI
64:DA:ED:50:5E:25,FiOS-HL8M8,[WPA2_PSK],2025-8-1 3:3:26,11,-66,34.0393753,-117.1963730,390.60,1.50,WIFI
44:AC:85:65:18:A6,Roger’s Wifi,[WPA2_PSK],2025-8-1 3:3:26,11,-71,34.0393753,-117.1963730,390.60,1.50,WIFI
44:AC:85:65:18:A3,,[WPA3_PSK],2025-8-1 3:3:26,11,-75,34.0393753,-117.1963730,390.60,1.50,WIFI
44:AC:85:65:18:A9,,[OPEN],2025-8-1 3:3:26,11,-75,34.0393753,-117.1963730,390.60,1.50,WIFI
90:8D:78:E4:86:7C,SIVASIVAYA-EXT,[WPA_WPA2_PSK],2025-8-1 3:3:26,11,-86,34.0393753,-117.1963730,390.60,1.50,WIFI
34:53:D2:C5:F2:71,LakesideChillin,[WPA2_PSK],2025-8-1 3:3:26,11,-87,34.0393753,-117.1963730,390.60,1.50,WIFI
B0:39:56:4F:60:89,NETGEAR43,[WPA2_PSK],2025-8-1 3:3:34,5,-80,34.0400467,-117.1968460,386.30,1.50,WIFI
F0:B6:61:B4:94:47,111-EE50,[WPA2_PSK],2025-8-1 3:3:35,6,-64,34.0401230,-117.1968765,386.00,1.50,WIFI
F0:B6:61:07:1B:2A,,[OPEN],2025-8-1 3:3:35,6,-65,34.0401230,-117.1968765,386.00,1.50,WIFI
F0:B6:61:07:1B:27,111-EE50,[WPA2_PSK],2025-8-1 3:3:35,6,-66,34.0401230,-117.1968765,386.00,1.50,WIFI
F0:B6:61:B4:94:44,,[WPA3_PSK],2025-8-1 3:3:35,6,-67,34.0401230,-117.1968765,386.00,1.50,WIFI
F0:B6:61:B4:94:4A,,[OPEN],2025-8-1 3:3:35,6,-67,34.0401230,-117.1968765,386.00,1.50,WIFI
F0:B6:61:07:1B:24,,[WPA3_PSK],2025-8-1 3:3:35,6,-68,34.0401230,-117.1968765,386.00,1.50,WIFI
B0:6A:41:B5:D3:D4,Netgear,[WPA2_PSK],2025-8-1 3:3:35,6,-80,34.0401230,-117.1968765,386.00,1.50,WIFI
CC:28:AA:57:4C:30,Finn's World,[WPA2_PSK],2025-8-1 3:3:35,7,-86,34.0401230,-117.1968765,386.00,1.50,WIFI
64:DA:ED:50:5E:23,,[WPA3_PSK],2025-8-1 3:3:40,11,-73,34.0403023,-117.1969986,385.40,1.50,WIFI
64:DA:ED:50:5E:27,,[OPEN],2025-8-1 3:3:40,11,-73,34.0403023,-117.1969986,385.40,1.50,WIFI
A8:11:FC:A4:15:98,Frontier2256,[WPA2_PSK],2025-8-1 3:3:40,11,-85,34.0403023,-117.1969986,385.40,1.50,WIFI
B0:4E:26:80:DA:63,TP-Link_DA63,[WPA_WPA2_PSK],2025-8-1 3:3:40,11,-85,34.0403023,-117.1969986,385.40,1.50,WIFI
B0:6A:41:B5:D3:3A,Netgear,[WPA2_PSK],2025-8-1 3:3:40,11,-87,34.0403023,-117.1969986,385.40,1.50,WIFI
28:BD:89:F2:63:00,DUW3RK,[WPA2_PSK],2025-8-1 3:3:40,11,-89,34.0403023,-117.1969986,385.40,1.50,WIFI
4A:55:19:05:96:C2,Tineco_0351,[OPEN],2025-8-1 3:3:43,1,-69,34.0403023,-117.1969986,385.30,1.75,WIFI
F8:BC:0E:2E:49:09,,[OPEN],2025-8-1 3:3:43,1,-69,34.0403023,-117.1969986,385.30,1.75,WIFI
F8:BC:0E:2E:49:03,,[WPA3_PSK],2025-8-1 3:3:43,1,-69,34.0403023,-117.1969986,385.30,1.75,WIFI
F8:BC:0E:2E:49:06,Loki,[WPA2_PSK],2025-8-1 3:3:43,1,-69,34.0403023,-117.1969986,385.30,1.75,WIFI
18:90:88:2F:9D:51,,[WPA3_PSK],2025-8-1 3:3:43,1,-69,34.0403023,-117.1969986,385.30,1.75,WIFI
4C:22:F3:BF:71:CF,Verizon_CH46KV,[WPA2_PSK],2025-8-1 3:3:43,1,-70,34.0403023,-117.1969986,385.30,1.75,WIFI
18:90:88:2F:9D:55,,[OPEN],2025-8-1 3:3:43,1,-70,34.0403023,-117.1969986,385.30,1.75,WIFI
48:DD:0C:39:DA:45,Loki,[WPA2_PSK],2025-8-1 3:3:43,1,-71,34.0403023,-117.1969986,385.30,1.75,WIFI
48:DD:0C:39:DA:43,,[WPA3_PSK],2025-8-1 3:3:43,1,-72,34.0403023,-117.1969986,385.30,1.75,WIFI
48:DD:0C:39:DA:47,,[OPEN],2025-8-1 3:3:43,1,-73,34.0403023,-117.1969986,385.30,1.75,WIFI
48:DD:0C:80:F6:65,Loki,[WPA2_PSK],2025-8-1 3:3:43,1,-74,34.0403023,-117.1969986,385.30,1.75,WIFI
18:90:88:2F:9D:53,Loki,[WPA2_PSK],2025-8-1 3:3:43,1,-74,34.0403023,-117.1969986,385.30,1.75,WIFI
80:3F:5D:79:CE:BC,WAVLINK-N_CEBA,[WPA2_PSK],2025-8-1 3:3:43,1,-82,34.0403023,-117.1969986,385.30,1.75,WIFI
A0:89:66:94:35:C0,,[WPA_WPA2_PSK],2025-8-1 3:3:43,1,-86,34.0403023,-117.1969986,385.30,1.75,WIFI
A0:89:66:94:7D:C0,,[WPA_WPA2_PSK],2025-8-1 3:3:43,1,-91,34.0403023,-117.1969986,385.30,1.75,WIFI
24:2D:6C:23:71:05,,[WPA3_PSK],2025-8-1 3:3:50,6,-68,34.0405426,-117.1971893,384.80,1.50,WIFI
24:2D:6C:23:71:0B,,[OPEN],2025-8-1 3:3:50,6,-68,34.0405426,-117.1971893,384.80,1.50,WIFI
24:2D:6C:23:71:08,Frontier0536,[WPA2_PSK],2025-8-1 3:3:50,6,-70,34.0405426,-117.1971893,384.80,1.50,WIFI
C8:C6:FE:77:BA:C6,frontier,[WPA2_PSK],2025-8-1 3:3:50,6,-84,34.0405426,-117.1971893,384.80,1.50,WIFI
28:EC:9A:0B:E1:BE,ENVOY_135102,[OPEN],2025-8-1 3:3:52,8,-90,34.0406914,-117.1973038,384.30,1.50,WIFI
C8:A7:0A:8D:30:A4,FiOS-73VMO,[WPA2_PSK],2025-8-1 3:3:54,11,-77,34.0408478,-117.1974335,383.60,1.50,WIFI
C2:D2:F3:72:6F:5A,,[WPA2_PSK],2025-8-1 3:3:54,11,-84,34.0408478,-117.1974335,383.60,1.50,WIFI
58:96:71:92:8A:92,Verizon_QMVL9L,[WPA2_PSK],2025-8-1 3:3:54,11,-86,34.0408478,-117.1974335,383.60,1.50,WIFI
3C:28:6D:9C:4E:34,Crazy House ,[WPA2_PSK],2025-8-1 3:3:54,11,-89,34.0408478,-117.1974335,383.60,1.50,WIFI
30:57:8E:F3:B9:63,Rockhound1948,[WPA2_PSK],2025-8-1 3:3:58,1,-73,34.0412025,-117.1977158,381.70,1.50,WIFI
80:DA:13:93:7B:03,,[WPA3_PSK],2025-8-1 3:3:58,1,-75,34.0412025,-117.1977158,381.70,1.50,WIFI
80:DA:13:93:7B:06,Rockhound1948,[WPA2_PSK],2025-8-1 3:3:58,1,-76,34.0412025,-117.1977158,381.70,1.50,WIFI
14:B7:F8:B0:61:F6,Izzy55,[WPA2_PSK],2025-8-1 3:3:58,1,-77,34.0412025,-117.1977158,381.70,1.50,WIFI
80:DA:13:93:7B:09,,[OPEN],2025-8-1 3:3:58,1,-77,34.0412025,-117.1977158,381.70,1.50,WIFI
1A:59:C0:36:BF:B2,CruzClan,[WPA2_PSK],2025-8-1 3:3:58,1,-81,34.0412025,-117.1977158,381.70,1.50,WIFI
B2:91:9B:C1:1A:BA,Verizon_Z4TGCG-Guest,[WPA2_PSK],2025-8-1 3:3:58,1,-81,34.0412025,-117.1977158,381.70,1.50,WIFI
B6:91:9B:C1:1A:BA,Verizon_Z4TGCG-IoT,[WPA2_PSK],2025-8-1 3:3:58,1,-81,34.0412025,-117.1977158,381.70,1.50,WIFI
84:A9:3E:E4:8E:C3,DIRECT-C2-HP DeskJet 2600 series,[WPA2_PSK],2025-8-1 3:3:58,1,-82,34.0412025,-117.1977158,381.70,1.50,WIFI
AC:91:9B:C1:1A:BA,Verizon_Z4TGCG,[WPA2_PSK],2025-8-1 3:3:58,1,-83,34.0412025,-117.1977158,381.70,1.50,WIFI
E8:D2:FF:B3:C5:E6,SpectrumSetup-48,[WPA2_PSK],2025-8-1 3:3:58,1,-86,34.0412025,-117.1977158,381.70,1.50,WIFI
94:F7:17:83:E6:60,,[WPA_WPA2_PSK],2025-8-1 3:3:58,1,-87,34.0412025,-117.1977158,381.70,1.50,WIFI
00:C8:96:66:67:4E,,[WPA_WPA2_PSK],2025-8-1 3:3:58,1,-90,34.0412025,-117.1977158,381.70,1.50,WIFI
F0:2F:74:6E:6C:48,OaktreeDev,[WPA2_PSK],2025-8-1 3:3:58,2,-80,34.0412025,-117.1977158,381.70,1.50,WIFI
9C:A2:F4:4E:E8:52,kal-mesh,[WPA2_PSK],2025-8-1 3:4:1,3,-74,34.0414886,-117.1979370,378.80,1.50,WIFI
A2:A2:F4:4E:E8:52,,[WPA2_PSK],2025-8-1 3:4:1,3,-75,34.0414886,-117.1979370,378.80,1.50,WIFI
A2:A2:F4:4E:E8:56,,[WPA2_PSK],2025-8-1 3:4:1,3,-78,34.0414886,-117.1979370,378.80,1.50,WIFI
96:3B:AD:21:A4:90,,[WPA2_PSK],2025-8-1 3:4:1,3,-85,34.0414886,-117.1979370,378.80,1.50,WIFI
90:BF:D9:42:95:6B,,[WPA_WPA2_PSK],2025-8-1 3:4:2,4,-58,34.0415802,-117.1980057,378.00,1.50,WIFI
64:33:DB:C6:02:C4,ENVOY_089040,[OPEN],2025-8-1 3:4:3,5,-77,34.0416679,-117.1980820,377.30,1.50,WIFI
24:F3:E3:61:CD:C6,extrafreakybob,[WPA2_PSK],2025-8-1 3:4:4,6,-56,34.0417557,-117.1981506,376.50,1.50,WIFI
24:F3:E3:61:CD:C9,,[OPEN],2025-8-1 3:4:4,6,-56,34.0417557,-117.1981506,376.50,1.50,WIFI
24:F3:E3:61:CD:C3,,[WPA3_PSK],2025-8-1 3:4:4,6,-57,34.0417557,-117.1981506,376.50,1.50,WIFI
24:F3:E3:61:3E:43,,[WPA3_PSK],2025-8-1 3:4:4,6,-63,34.0417557,-117.1981506,376.50,1.50,WIFI
24:F3:E3:61:3E:46,extrafreakybob,[WPA2_PSK],2025-8-1 3:4:4,6,-64,34.0417557,-117.1981506,376.50,1.50,WIFI
24:F3:E3:60:1B:03,,[WPA3_PSK],2025-8-1 3:4:4,6,-64,34.0417557,-117.1981506,376.50,1.50,WIFI
24:F3:E3:60:1B:09,,[OPEN],2025-8-1 3:4:4,6,-66,34.0417557,-117.1981506,376.50,1.50,WIFI
D0:6D:C9:31:5A:96,Frontier0018,[WPA2_PSK],2025-8-1 3:4:4,6,-73,34.0417557,-117.1981506,376.50,1.50,WIFI
F0:B6:61:7F:3C:CA,,[OPEN],2025-8-1 3:4:4,6,-76,34.0417557,-117.1981506,376.50,1.50,WIFI
F0:B6:61:7F:3C:C7,JCWAD,[WPA2_PSK],2025-8-1 3:4:4,6,-77,34.0417557,-117.1981506,376.50,1.50,WIFI
9C:57:BC:9D:DA:A6,KAL,[WPA2_PSK],2025-8-1 3:4:9,11,-49,34.0421829,-117.1984940,373.90,1.50,WIFI
9C:57:BC:9D:DA:A9,,[OPEN],2025-8-1 3:4:9,11,-52,34.0421829,-117.1984940,373.90,1.50,WIFI
9C:57:BC:9D:DA:A3,,[WPA3_PSK],2025-8-1 3:4:9,11,-55,34.0421829,-117.1984940,373.90,1.50,WIFI
9C:57:BC:98:E0:C6,KAL,[WPA2_PSK],2025-8-1 3:4:9,11,-68,34.0421829,-117.1984940,373.90,1.50,WIFI
9C:57:BC:98:E0:C3,,[WPA3_PSK],2025-8-1 3:4:9,11,-71,34.0421829,-117.1984940,373.90,1.50,WIFI
22:3E:A4:90:93:F2,,[WPA2_PSK],2025-8-1 3:4:9,11,-72,34.0421829,-117.1984940,373.90,1.50,WIFI
40:5D:82:05:5B:4A,ngHub_319459N804751,[WPA2_PSK],2025-8-1 3:4:9,11,-87,34.0421829,-117.1984940,373.90,1.50,WIFI
A0:89:66:EA:78:8C,,[WPA_WPA2_PSK],2025-8-1 3:4:11,1,-75,34.0423546,-117.1986313,373.20,1.50,WIFI
40:4C:77:32:20:B8,Frontier6032,[WPA2_PSK],2025-8-1 3:4:11,1,-81,34.0423546,-117.1986313,373.20,1.50,WIFI
60:D2:48:0B:15:08,Frontier4480,[WPA2_PSK],2025-8-1 3:4:11,1,-83,34.0423546,-117.1986313,373.20,1.50,WIFI
30:60:0A:25:34:64,,[WPA_WPA2_PSK],2025-8-1 3:4:11,1,-84,34.0423546,-117.1986313,373.20,1.50,WIFI
4C:19:5D:03:2F:70,SpectrumSetup-6A,[WPA2_PSK],2025-8-1 3:4:11,1,-85,34.0423546,-117.1986313,373.20,1.50,WIFI
92:3B:AD:21:A4:90,ORBI13,[WPA2_PSK],2025-8-1 3:4:15,3,-60,34.0427017,-117.1989136,372.10,1.50,WIFI
96:3B:AD:21:A2:B5,,[WPA2_PSK],2025-8-1 3:4:15,3,-66,34.0427017,-117.1989136,372.10,1.50,WIFI
92:3B:AD:21:A2:B5,ORBI13,[WPA2_PSK],2025-8-1 3:4:15,3,-72,34.0427017,-117.1989136,372.10,1.50,WIFI
E4:FA:C4:8F:20:F3,ThisOldHouse,[WPA2_PSK],2025-8-1 3:4:15,3,-76,34.0427017,-117.1989136,372.10,1.50,WIFI
E6:FA:C4:2F:20:F3,,[WPA2_PSK],2025-8-1 3:4:15,3,-80,34.0427017,-117.1989136,372.10,1.50,WIFI
9C:A2:F4:4E:E8:56,kal-mesh,[WPA2_PSK],2025-8-1 3:4:15,3,-83,34.0427017,-117.1989136,372.10,1.50,WIFI
A2:A2:F4:4E:E9:CA,,[WPA2_PSK],2025-8-1 3:4:15,3,-83,34.0427017,-117.1989136,372.10,1.50,WIFI
E6:FA:C4:1F:20:F3,TP-Link_Guest_20F3,[WPA2_PSK],2025-8-1 3:4:15,3,-83,34.0427017,-117.1989136,372.10,1.50,WIFI
92:EB:B6:74:01:C5,,[WPA2_PSK],2025-8-1 3:4:17,5,-72,34.0428696,-117.1990433,371.60,1.50,WIFI
14:EB:B6:74:01:C3,Husbander-tron,[WPA2_PSK],2025-8-1 3:4:17,5,-75,34.0428696,-117.1990433,371.60,1.50,WIFI
18:90:88:FF:5D:A5,Eero Wifi,[WPA2_PSK],2025-8-1 3:4:18,6,-72,34.0429459,-117.1991043,371.30,1.50,WIFI
18:90:88:FF:5D:AB,Eero Wifi Guest,[WPA2_PSK],2025-8-1 3:4:18,6,-72,34.0429459,-117.1991043,371.30,1.50,WIFI
18:90:88:DF:AA:25,Eero Wifi,[WPA2_PSK],2025-8-1 3:4:18,6,-79,34.0429459,-117.1991043,371.30,1.50,WIFI
18:90:88:DF:AA:2B,Eero Wifi Guest,[WPA2_PSK],2025-8-1 3:4:18,6,-80,34.0429459,-117.1991043,371.30,1.50,WIFI
18:90:88:DF:AA:23,,[WPA3_PSK],2025-8-1 3:4:18,6,-81,34.0429459,-117.1991043,371.30,1.50,WIFI
18:90:88:DF:AA:27,,[OPEN],2025-8-1 3:4:18,6,-82,34.0429459,-117.1991043,371.30,1.50,WIFI
4C:19:5D:59:CE:CE,SpectrumSetup-C8,[WPA2_PSK],2025-8-1 3:4:18,6,-83,34.0429459,-117.1991043,371.30,1.50,WIFI
78:76:89:2C:D6:4A,,[OPEN],2025-8-1 3:4:18,6,-84,34.0429459,-117.1991043,371.30,1.50,WIFI
2C:67:BE:36:4A:AB,SpectrumSetup-4AA7,[WPA2_PSK],2025-8-1 3:4:18,6,-86,34.0429459,-117.1991043,371.30,1.50,WIFI
F4:52:46:8C:52:F5,SpectrumSetup-52F8,[WPA2_PSK],2025-8-1 3:4:18,6,-86,34.0429459,-117.1991043,371.30,1.50,WIFI
FA:8F:CA:3D:D5:74,Master Mini.o_,[OPEN],2025-8-1 3:4:18,6,-89,34.0429459,-117.1991043,371.30,1.50,WIFI
40:B0:76:A9:49:B0,Tesla,[WPA2_PSK],2025-8-1 3:4:18,7,-93,34.0429459,-117.1991043,371.30,1.50,WIFI
18:A9:ED:46:CE:43,,[WPA3_PSK],2025-8-1 3:4:24,11,-66,34.0432625,-117.1993713,370.20,1.50,WIFI
18:A9:ED:46:CE:49,,[OPEN],2025-8-1 3:4:24,11,-66,34.0432625,-117.1993713,370.20,1.50,WIFI
18:A9:ED:46:CE:46,Endres Linksys,[WPA2_PSK],2025-8-1 3:4:24,11,-67,34.0432625,-117.1993713,370.20,1.50,WIFI
18:A9:ED:55:E5:86,Endres Linksys,[WPA2_PSK],2025-8-1 3:4:24,11,-68,34.0432625,-117.1993713,370.20,1.50,WIFI
24:F3:E3:6F:F7:86,Endres Linksys,[WPA2_PSK],2025-8-1 3:4:24,11,-75,34.0432625,-117.1993713,370.20,1.50,WIFI
24:F3:E3:6F:F7:89,,[OPEN],2025-8-1 3:4:24,11,-78,34.0432625,-117.1993713,370.20,1.50,WIFI
60:45:CB:5C:8F:31,Voldemort_2.4,[WPA2_PSK],2025-8-1 3:4:24,11,-91,34.0432625,-117.1993713,370.20,1.50,WIFI
98:F7:81:E8:DA:18,Frontier5104,[WPA2_PSK],2025-8-1 3:4:27,1,-75,34.0433044,-117.1993942,370.00,1.50,WIFI
C4:41:1E:2B:F5:96,Tell-My-WiFi-Luv-Her,[WPA2_PSK],2025-8-1 3:4:30,3,-72,34.0433922,-117.1994629,370.10,1.50,WIFI
CA:41:1E:2B:F5:96,,[WPA2_PSK],2025-8-1 3:4:30,3,-72,34.0433922,-117.1994629,370.10,1.50,WIFI
80:69:1A:94:41:B4,Leason2.0,[WPA2_WPA3_PSK],2025-8-1 3:4:31,4,-87,34.0434418,-117.1995010,369.90,1.50,WIFI
00:AB:48:18:C5:C7,,[OPEN],2025-8-1 3:4:33,6,-77,34.0435600,-117.1995926,368.80,1.50,WIFI
00:AB:48:18:C5:C5,I believe Wi can Fi,[WPA2_PSK],2025-8-1 3:4:33,6,-78,34.0435600,-117.1995926,368.80,1.50,WIFI
00:AB:48:18:C5:C3,,[WPA3_PSK],2025-8-1 3:4:33,6,-79,34.0435600,-117.1995926,368.80,1.50,WIFI
78:76:89:2D:85:4A,,[OPEN],2025-8-1 3:4:33,6,-81,34.0435600,-117.1995926,368.80,1.50,WIFI
78:76:89:2D:85:47,CoolCasa,[WPA2_PSK],2025-8-1 3:4:33,6,-82,34.0435600,-117.1995926,368.80,1.50,WIFI
08:B4:B1:E8:C4:5C,Drug Addicts Only,[WPA2_PSK],2025-8-1 3:4:33,6,-86,34.0435600,-117.1995926,368.80,1.50,WIFI
1A:AD:B1:43:22:3F,,[WPA2_PSK],2025-8-1 3:4:33,6,-90,34.0435600,-117.1995926,368.80,1.50,WIFI
1C:63:49:3D:58:FD,ENVOY_000889,[OPEN],2025-8-1 3:4:33,6,-91,34.0435600,-117.1995926,368.80,1.50,WIFI
98:6B:3D:D8:7E:B0,Dolly4595,[WPA_WPA2_PSK],2025-8-1 3:4:35,8,-81,34.0437126,-117.1997147,367.80,1.50,WIFI
80:CC:9C:EE:18:71,Keidel-guest2.4,[WPA2_PSK],2025-8-1 3:4:35,8,-86,34.0437126,-117.1997147,367.80,1.50,WIFI
82:CC:9C:EE:18:71,Keidel2.4-private,[WPA2_PSK],2025-8-1 3:4:35,8,-86,34.0437126,-117.1997147,367.80,1.50,WIFI
82:CC:9C:DE:18:71,Keidel5-private,[WPA2_PSK],2025-8-1 3:4:35,8,-87,34.0437126,-117.1997147,367.80,1.50,WIFI
4C:AB:F8:46:5B:FD,SpectrumSetup-FF,[WPA2_PSK],2025-8-1 3:4:38,11,-66,34.0439682,-117.1999130,366.60,1.50,WIFI
18:A9:ED:55:E5:83,,[WPA3_PSK],2025-8-1 3:4:38,11,-75,34.0439682,-117.1999130,366.60,1.50,WIFI
C8:B4:22:05:E5:E7,Cooks Retreat,[WPA2_PSK],2025-8-1 3:4:41,1,-84,34.0442314,-117.2001266,365.90,1.50,WIFI
C4:8E:8F:E4:98:76,WIFIE49872,[WPA2_PSK],2025-8-1 3:4:41,1,-84,34.0442314,-117.2001266,365.90,1.50,WIFI
A0:04:60:CE:27:A6,NETGEAR76,[WPA2_PSK],2025-8-1 3:4:41,1,-85,34.0442314,-117.2001266,365.90,1.50,WIFI
90:CA:FA:9B:5C:CF,The Force,[WPA2_PSK],2025-8-1 3:4:41,1,-86,34.0442314,-117.2001266,365.90,1.50,WIFI
90:CA:FA:9B:5D:1A,The Force,[WPA2_PSK],2025-8-1 3:4:41,1,-87,34.0442314,-117.2001266,365.90,1.50,WIFI
CC:58:30:64:D4:D7,TMOBILE-D4D1,[WPA2_WPA3_PSK],2025-8-1 3:4:41,1,-87,34.0442314,-117.2001266,365.90,1.50,WIFI
AA:B5:7C:67:F3:0D,,[WPA2_PSK],2025-8-1 3:4:41,1,-89,34.0442314,-117.2001266,365.90,1.50,WIFI
54:04:63:C8:48:E1,,[WPA_WPA2_PSK],2025-8-1 3:4:41,1,-90,34.0442314,-117.2001266,365.90,1.50,WIFI
A8:3A:79:F5:89:A1,CK_IOT,[WPA2_PSK],2025-8-1 3:4:41,1,-90,34.0442314,-117.2001266,365.90,1.50,WIFI
28:C2:DD:BD:4C:74,WMbd4c74,[OPEN],2025-8-1 3:4:41,2,-87,34.0442314,-117.2001266,365.90,1.50,WIFI
9C:C9:EB:53:1C:C0,X-COM_surveillance_van-458e7259,[WPA_WPA2_PSK],2025-8-1 3:4:41,2,-92,34.0442314,-117.2001266,365.90,1.50,WIFI
80:69:1A:94:49:9A,Leason2.0,[WPA2_WPA3_PSK],2025-8-1 3:4:44,3,-74,34.0445023,-117.2003326,365.10,1.50,WIFI
86:69:1A:94:49:9A,,[WPA2_WPA3_PSK],2025-8-1 3:4:44,3,-75,34.0445023,-117.2003326,365.10,1.50,WIFI
86:69:1A:94:41:B4,,[WPA2_WPA3_PSK],2025-8-1 3:4:45,4,-57,34.0445976,-117.2004166,364.80,1.50,WIFI
BA:B0:24:79:99:46,,[WPA2_PSK],2025-8-1 3:4:46,5,-82,34.0446892,-117.2004852,364.60,1.50,WIFI
B4:B0:24:79:97:1E,BVwifi,[WPA2_PSK],2025-8-1 3:4:46,5,-90,34.0446892,-117.2004852,364.60,1.50,WIFI
86:69:1A:94:49:40,,[WPA2_WPA3_PSK],2025-8-1 3:4:47,6,-61,34.0447807,-117.2005615,364.40,1.50,WIFI
80:69:1A:94:49:40,Leason2.0,[WPA2_WPA3_PSK],2025-8-1 3:4:47,6,-62,34.0447807,-117.2005615,364.40,1.50,WIFI
60:F4:19:01:28:A3,,[WPA3_PSK],2025-8-1 3:4:47,6,-62,34.0447807,-117.2005615,364.40,1.50,WIFI
60:F4:19:01:28:A6,WZWMK,[WPA2_PSK],2025-8-1 3:4:47,6,-62,34.0447807,-117.2005615,364.40,1.50,WIFI
60:F4:19:01:28:A9,,[OPEN],2025-8-1 3:4:47,6,-63,34.0447807,-117.2005615,364.40,1.50,WIFI
86:69:1A:94:41:18,,[WPA2_WPA3_PSK],2025-8-1 3:4:47,6,-71,34.0447807,-117.2005615,364.40,1.50,WIFI
80:69:1A:95:12:0F,Leason2.0,[WPA2_WPA3_PSK],2025-8-1 3:4:47,6,-78,34.0447807,-117.2005615,364.40,1.50,WIFI
D4:3F:32:6C:47:C6,durian,[WPA2_PSK],2025-8-1 3:4:47,6,-82,34.0447807,-117.2005615,364.40,1.50,WIFI
80:69:1A:94:41:18,Leason2.0,[WPA2_WPA3_PSK],2025-8-1 3:4:47,6,-83,34.0447807,-117.2005615,364.40,1.50,WIFI
D4:3F:32:6C:47:C9,,[OPEN],2025-8-1 3:4:47,6,-83,34.0447807,-117.2005615,364.40,1.50,WIFI
22:3E:A4:9A:0C:40,,[WPA2_PSK],2025-8-1 3:4:49,8,-84,34.0449600,-117.2006989,364.00,1.50,WIFI
10:DA:43:99:AA:F6,NETGEAR29,[WPA2_PSK],2025-8-1 3:4:50,9,-71,34.0450401,-117.2007599,363.90,1.50,WIFI
90:48:46:C2:6E:23,ENVOY_112083,[OPEN],2025-8-1 3:4:50,9,-91,34.0450401,-117.2007599,363.90,1.50,WIFI
44:AC:85:6E:45:C9,,[OPEN],2025-8-1 3:4:52,11,-71,34.0451698,-117.2008667,363.70,1.50,WIFI
9C:A5:70:9B:A0:03,,[WPA3_PSK],2025-8-1 3:4:52,11,-72,34.0451698,-117.2008667,363.70,1.50,WIFI
90:9A:4A:47:AA:E6,joola-5G_2.4GEXT,[WPA2_PSK],2025-8-1 3:4:52,11,-73,34.0451698,-117.2008667,363.70,1.50,WIFI
44:AC:85:6E:45:C6,Normanrose,[WPA2_PSK],2025-8-1 3:4:52,11,-74,34.0451698,-117.2008667,363.70,1.50,WIFI
9C:A5:70:9B:A0:07,,[OPEN],2025-8-1 3:4:52,11,-74,34.0451698,-117.2008667,363.70,1.50,WIFI
84:A0:6E:C9:E2:16,joola-2G,[WPA2_PSK],2025-8-1 3:4:52,11,-76,34.0451698,-117.2008667,363.70,1.50,WIFI
D0:16:7C:8D:8B:E7,,[OPEN],2025-8-1 3:4:52,11,-78,34.0451698,-117.2008667,363.70,1.50,WIFI
D0:16:7C:8D:8B:E3,,[WPA3_PSK],2025-8-1 3:4:52,11,-79,34.0451698,-117.2008667,363.70,1.50,WIFI
D0:16:7C:8D:8B:E5,curtanddi,[WPA2_PSK],2025-8-1 3:4:52,11,-79,34.0451698,-117.2008667,363.70,1.50,WIFI
7E:57:58:03:7B:CC,DIRECT-CC-HP OfficeJet Pro 8030,[WPA2_PSK],2025-8-1 3:4:52,11,-86,34.0451698,-117.2008667,363.70,1.50,WIFI
A0:89:66:E1:74:AC,,[WPA_WPA2_PSK],2025-8-1 3:4:53,1,-70,34.0452232,-117.2009048,363.70,1.50,WIFI
F0:9F:C2:CC:90:F6,ManagementVds,[WPA2_WPA3_PSK],2025-8-1 3:4:53,1,-79,34.0452232,-117.2009048,363.70,1.50,WIFI
F4:52:46:BD:F3:A5,Hashslingingslasher,[WPA2_PSK],2025-8-1 3:4:53,1,-80,34.0452232,-117.2009048,363.70,1.50,WIFI
74:37:5F:DA:99:47,SpectrumSetup-45,[WPA2_PSK],2025-8-1 3:4:53,1,-86,34.0452232,-117.2009048,363.70,1.50,WIFI
54:B7:BD:B8:7A:FF,Verizon_B3N96G,[WPA2_PSK],2025-8-1 3:4:53,1,-90,34.0452232,-117.2009048,363.70,1.50,WIFI
88:57:1D:51:C7:14,[range]_E30AJT7113083P,[WPA2_PSK],2025-8-1 3:4:59,4,-88,34.0453987,-117.2010803,363.50,1.50,WIFI
7C:2C:67:8D:42:2D,BME28AP,[WPA2_PSK],2025-8-1 3:5:0,5,-87,34.0453949,-117.2011261,363.40,1.50,WIFI
18:A9:ED:77:E2:46,2BPB2,[WPA2_PSK],2025-8-1 3:5:1,6,-65,34.0453796,-117.2011642,363.30,1.50,WIFI
18:A9:ED:77:E2:49,,[OPEN],2025-8-1 3:5:1,6,-67,34.0453796,-117.2011642,363.30,1.50,WIFI
18:A9:ED:77:E2:43,,[WPA3_PSK],2025-8-1 3:5:1,6,-68,34.0453796,-117.2011642,363.30,1.50,WIFI
9C:C8:FC:01:AE:48,Roberts,[WPA2_PSK],2025-8-1 3:5:1,6,-83,34.0453796,-117.2011642,363.30,1.50,WIFI
44:EA:D8:1E:24:B8,ChimePro-1E24B7,[OPEN],2025-8-1 3:5:1,6,-86,34.0453796,-117.2011642,363.30,1.50,WIFI
A0:04:60:CE:27:AC,NETGEAR49,[WPA2_PSK],2025-8-1 3:5:1,6,-88,34.0453796,-117.2011642,363.30,1.50,WIFI
56:60:F9:5F:7E:1B,,[WPA2_PSK],2025-8-1 3:5:3,8,-84,34.0453339,-117.2012558,363.30,1.50,WIFI
CC:40:D0:A2:8E:62,NETGEAR91,[WPA2_PSK],2025-8-1 3:5:5,10,-79,34.0452652,-117.2013702,363.40,1.50,WIFI
AE:AE:19:40:10:73,,[WPA2_PSK],2025-8-1 3:5:5,10,-86,34.0452652,-117.2013702,363.40,1.50,WIFI
7E:AC:B9:BD:CB:D1,iPhoneSetup,[WPA2_PSK],2025-8-1 3:5:6,11,-74,34.0452194,-117.2014313,363.40,1.50,WIFI
7A:AC:B9:BD:CB:D1,BT_Magnolia_guest,[WPA2_PSK],2025-8-1 3:5:6,11,-76,34.0452194,-117.2014313,363.40,1.50,WIFI
82:AC:B9:BD:CB:D1,,[WPA2_PSK],2025-8-1 3:5:6,11,-78,34.0452194,-117.2014313,363.40,1.50,WIFI
58:2F:F7:68:A1:56,SpectrumSetup-50,[WPA2_PSK],2025-8-1 3:5:6,11,-79,34.0452194,-117.2014313,363.40,1.50,WIFI
A8:B0:88:75:59:E6,,[WPA3_PSK],2025-8-1 3:5:6,11,-81,34.0452194,-117.2014313,363.40,1.50,WIFI
30:8D:99:FB:51:2F,HP-Print-2F-ENVY 4500 series,[OPEN],2025-8-1 3:5:6,11,-83,34.0452194,-117.2014313,363.40,1.50,WIFI
66:CB:E9:7C:99:EC,[LG_Oven]99ec,[WPA2_PSK],2025-8-1 3:5:6,11,-85,34.0452194,-117.2014313,363.40,1.50,WIFI
F8:F5:32:4C:34:08,Frontier0816,[WPA2_PSK],2025-8-1 3:5:6,11,-91,34.0452194,-117.2014313,363.40,1.50,WIFI
7E:AC:B9:BD:D4:B8,iPhoneSetup,[WPA2_PSK],2025-8-1 3:5:8,1,-78,34.0451355,-117.2015762,363.50,1.50,WIFI
1E:67:BE:09:97:E9,,[WPA2_PSK],2025-8-1 3:5:8,1,-82,34.0451355,-117.2015762,363.50,1.50,WIFI
A0:89:66:8D:EC:20,,[WPA_WPA2_PSK],2025-8-1 3:5:8,1,-83,34.0451355,-117.2015762,363.50,1.50,WIFI
88:57:1D:54:C8:BF,[dishwasher] Samsung,[WPA2_PSK],2025-8-1 3:5:8,1,-89,34.0451355,-117.2015762,363.50,1.50,WIFI
FC:34:97:05:D4:D1,BeOurGuest,[WPA2_WPA3_PSK],2025-8-1 3:5:11,2,-74,34.0450211,-117.2017593,363.60,1.50,WIFI
32:80:88:D9:17:30,,[WPA2_PSK],2025-8-1 3:5:13,4,-88,34.0449371,-117.2017975,363.70,1.50,WIFI
60:32:B1:31:E3:3E,DECO,[WPA2_PSK],2025-8-1 3:5:13,4,-88,34.0449371,-117.2017975,363.70,1.50,WIFI
66:32:B1:31:E3:3E,,[WPA2_PSK],2025-8-1 3:5:13,4,-91,34.0449371,-117.2017975,363.70,1.50,WIFI
A4:11:62:72:9A:12,ARLO_VMB_4422026869,[WPA2_PSK],2025-8-1 3:5:15,6,-69,34.0448532,-117.2017593,363.70,1.50,WIFI
9C:0B:05:C3:67:C4,,[WPA3_PSK],2025-8-1 3:5:15,6,-71,34.0448532,-117.2017593,363.70,1.50,WIFI
9C:0B:05:C3:67:CA,,[OPEN],2025-8-1 3:5:15,6,-71,34.0448532,-117.2017593,363.70,1.50,WIFI
9C:0B:05:C3:67:C7,GeorgeYaz,[WPA2_PSK],2025-8-1 3:5:15,6,-71,34.0448532,-117.2017593,363.70,1.50,WIFI
D4:3F:32:6C:47:C3,,[WPA3_PSK],2025-8-1 3:5:15,6,-75,34.0448532,-117.2017593,363.70,1.50,WIFI
D4:05:DE:89:EE:67,Honn,[WPA2_PSK],2025-8-1 3:5:15,6,-78,34.0448532,-117.2017593,363.70,1.50,WIFI
80:78:71:80:F3:1F,SpectrumSetup-21,[WPA2_PSK],2025-8-1 3:5:15,6,-84,34.0448532,-117.2017593,363.70,1.50,WIFI
F2:78:71:80:F3:1F,,[WPA2_PSK],2025-8-1 3:5:15,6,-86,34.0448532,-117.2017593,363.70,1.50,WIFI
12:78:71:80:F3:1F,,[WPA2_PSK],2025-8-1 3:5:15,6,-86,34.0448532,-117.2017593,363.70,1.50,WIFI
FC:12:63:A1:77:85,SpectrumSetup-87,[WPA2_PSK],2025-8-1 3:5:15,6,-89,34.0448532,-117.2017593,363.70,1.50,WIFI
58:2F:F7:75:40:C6,SpectrumSetup-C0,[WPA2_PSK],2025-8-1 3:5:15,6,-91,34.0448532,-117.2017593,363.70,1.50,WIFI
22:3E:A4:9C:D0:7F,,[WPA2_PSK],2025-8-1 3:5:17,8,-92,34.0447502,-117.2016983,363.80,1.50,WIFI
D6:47:CC:7F:68:AE,SpectrumSetup-21,[WPA2_PSK],2025-8-1 3:5:20,11,-74,34.0445824,-117.2015762,364.70,1.50,WIFI
22:48:6C:B1:A8:3B,,[WPA2_PSK],2025-8-1 3:5:20,11,-76,34.0445824,-117.2015762,364.70,1.50,WIFI
22:3E:A4:04:CF:C2,,[WPA2_PSK],2025-8-1 3:5:20,11,-80,34.0445824,-117.2015762,364.70,1.50,WIFI
F8:5B:3B:CE:64:39,MandC,[WPA2_PSK],2025-8-1 3:5:20,11,-86,34.0445824,-117.2015762,364.70,1.50,WIFI
04:B6:BE:46:60:CE,,[WPA_WPA2_PSK],2025-8-1 3:5:20,11,-87,34.0445824,-117.2015762,364.70,1.50,WIFI
08:7B:12:48:BA:26,Frontier0294,[WPA2_PSK],2025-8-1 3:5:20,11,-93,34.0445824,-117.2015762,364.70,1.50,WIFI
54:04:63:FB:12:D8,,[WPA_WPA2_PSK],2025-8-1 3:5:23,1,-76,34.0444450,-117.2014618,365.30,1.50,WIFI
1C:E8:9E:80:A6:30,[fridge]_E30AJT5123217F,[WPA2_PSK],2025-8-1 3:5:23,1,-78,34.0444450,-117.2014618,365.30,1.50,WIFI
F4:52:46:1D:8C:B9,Gaston,[WPA2_PSK],2025-8-1 3:5:23,1,-82,34.0444450,-117.2014618,365.30,1.50,WIFI
D4:05:DE:89:EE:64,,[WPA3_PSK],2025-8-1 3:5:29,6,-65,34.0443687,-117.2012711,366.20,1.50,WIFI
D4:05:DE:89:EE:6A,,[OPEN],2025-8-1 3:5:29,6,-65,34.0443687,-117.2012711,366.20,1.50,WIFI
90:CA:FA:9B:59:3C,The Force,[WPA2_PSK],2025-8-1 3:5:29,6,-68,34.0443687,-117.2012711,366.20,1.50,WIFI
98:ED:5C:83:A7:13,TeslaPV_83A713,[WPA2_PSK],2025-8-1 3:5:31,8,-63,34.0443764,-117.2012482,366.60,1.50,WIFI
94:A9:A8:49:B2:08,ENVOY_098670,[OPEN],2025-8-1 3:5:32,9,-93,34.0443764,-117.2012329,366.80,1.50,WIFI
C6:47:CC:7F:68:AE,,[WPA2_PSK],2025-8-1 3:5:34,11,-78,34.0443840,-117.2012024,366.90,1.50,WIFI
E6:47:CC:7F:68:AE,,[WPA2_PSK],2025-8-1 3:5:34,11,-78,34.0443840,-117.2012024,366.90,1.50,WIFI
A4:97:33:4C:EC:5D,SpectrumSetup-5F,[WPA2_PSK],2025-8-1 3:5:34,11,-88,34.0443840,-117.2012024,366.90,1.50,WIFI
C6:A5:11:13:4D:0C,,[WPA2_PSK],2025-8-1 3:5:46,9,-86,34.0443916,-117.2011871,367.10,1.50,WIFI
02:17:1A:D5:37:06,,[WPA2_PSK],2025-8-1 3:5:48,11,-87,34.0443916,-117.2011871,367.20,1.50,WIFI
