WigleWifi-1.4,appRelease=v1.2.0,model=ESP32 Marauder,release=v1.2.0,device=ESP32 Marauder,display=SPI TFT,board=ESP32 Marauder,brand=JustCallMeKoko
MAC,SSID,AuthMode,FirstSeen,Channel,RSSI,CurrentLatitude,CurrentLongitude,AltitudeMeters,AccuracyMeters,Type
82:6C:6C:2A:D7:70,Lan Solo,[WPA2_PSK],2025-12-5 0:38:9,1,-10,34.0425720,-117.1120758,601.20,2.00,WIFI
82:6C:6C:6A:D7:70,,[WPA2_PSK],2025-12-5 0:38:9,1,-10,34.0425720,-117.1120758,601.20,2.00,WIFI
82:6C:6C:4A:D7:70,,[WPA2_PSK],2025-12-5 0:38:9,1,-10,34.0425720,-117.1120758,601.20,2.00,WIFI
BC:82:5D:67:20:95,RonDog,[WPA2_PSK],2025-12-5 0:38:9,1,-85,34.0425720,-117.1120758,601.20,2.00,WIFI
C4:49:BB:E0:FC:09,Shadow,[WPA2_PSK],2025-12-5 0:38:14,6,-76,34.0433121,-117.1131592,592.90,2.00,WIFI
3A:14:F8:DD:A2:A4,GMC2055,[WPA2_WPA3_PSK],2025-12-5 0:38:14,6,-77,34.0433121,-117.1131592,592.90,2.00,WIFI
C4:49:BB:DC:45:FD,janettes canyon,[WPA2_PSK],2025-12-5 0:38:21,1,-75,34.0445213,-117.1145782,582.20,2.00,WIFI
62:E6:F0:E1:A8:48,2022GMC,[WPA2_PSK],2025-12-5 0:38:49,1,-81,34.0483093,-117.1202469,540.50,2.00,WIFI
24:F3:E3:74:AE:86,31144,[WPA2_PSK],2025-12-5 0:39:1,11,-81,34.0482712,-117.1230621,528.00,2.00,WIFI
60:B6:E1:C5:BB:DF,ENVOY_005846,[OPEN],2025-12-5 0:39:7,3,-94,34.0482826,-117.1244888,524.20,2.00,WIFI
80:3F:5D:76:99:7A,JCW Co,[WPA2_PSK],2025-12-5 0:39:11,7,-86,34.0482903,-117.1254272,519.50,2.00,WIFI
48:70:1E:10:2D:1D,ENVOY_049203,[OPEN],2025-12-5 0:39:12,8,-84,34.0482903,-117.1256485,518.90,2.00,WIFI
C8:C6:FE:03:AD:43,,[WPA3_PSK],2025-12-5 0:39:24,6,-89,34.0483131,-117.1282196,512.80,2.00,WIFI
54:B7:BD:DF:48:13,Verizon_9CD9V3,[WPA2_PSK],2025-12-5 0:39:24,6,-90,34.0483131,-117.1282196,512.80,2.00,WIFI
06:DF:5A:6A:B8:B5,,[WPA2_PSK],2025-12-5 0:39:29,11,-87,34.0483208,-117.1292953,512.40,2.00,WIFI
06:DF:5A:4A:B8:B5,,[WPA2_PSK],2025-12-5 0:39:29,11,-89,34.0483208,-117.1292953,512.40,2.00,WIFI
FA:92:BF:67:39:6F,,[WPA2_PSK],2025-12-5 0:39:29,11,-90,34.0483208,-117.1292953,512.40,2.00,WIFI
3A:98:B5:E2:B6:D7,rtgyyg-Wifi-Network,[WPA2_PSK],2025-12-5 0:39:41,9,-94,34.0483360,-117.1318207,510.10,2.00,WIFI
34:98:B5:E2:B6:D7,,[WPA2_PSK],2025-12-5 0:39:41,9,-95,34.0483360,-117.1318207,510.10,2.00,WIFI
42:98:B5:E2:B6:D7,rtgyyg-Wifi-Network-2G,[WPA2_PSK],2025-12-5 0:39:41,9,-96,34.0483360,-117.1318207,510.10,2.00,WIFI
F4:92:BF:67:39:6F,Driessnack-WiFi,[WPA2_PSK],2025-12-5 0:39:43,11,-80,34.0483398,-117.1322403,509.30,2.00,WIFI
1A:A7:12:6F:61:97,,[WPA2_PSK],2025-12-5 0:39:43,11,-87,34.0483398,-117.1322403,509.30,2.00,WIFI
1A:A7:12:4F:61:97,,[WPA2_PSK],2025-12-5 0:39:43,11,-89,34.0483398,-117.1322403,509.30,2.00,WIFI
3E:98:B5:96:62:4A,,[WPA2_PSK],2025-12-5 0:39:43,11,-90,34.0483398,-117.1322403,509.30,2.00,WIFI
1A:A7:12:2F:61:97,STARLINK,[OPEN],2025-12-5 0:39:43,11,-90,34.0483398,-117.1322403,509.30,2.00,WIFI
AA:A7:B9:A5:BB:BF,,[WPA2_PSK],2025-12-5 0:39:49,3,-66,34.0483513,-117.1334686,506.50,2.00,WIFI
24:2D:6C:12:4E:91,abc123 traeger,[WPA2_PSK],2025-12-5 0:39:52,6,-85,34.0483589,-117.1340790,505.40,2.00,WIFI
14:59:C0:A0:F7:46,NETGEAR49,[WPA2_PSK],2025-12-5 0:39:52,6,-89,34.0483589,-117.1340790,505.40,2.00,WIFI
04:17:B6:37:9C:3E,,[WPA_WPA2_PSK],2025-12-5 0:40:3,3,-90,34.0483818,-117.1362991,499.00,2.00,WIFI
58:96:71:57:E6:B2,Verizon_GRBG37,[WPA2_PSK],2025-12-5 0:40:6,6,-88,34.0483932,-117.1369095,496.70,2.00,WIFI
00:80:AE:E5:92:4F,hugh438563,[WPA2_PSK],2025-12-5 0:40:6,6,-88,34.0483932,-117.1369095,496.70,2.00,WIFI
24:41:FE:52:E8:72,Verizon_7LBVW6,[WPA2_PSK],2025-12-5 0:40:6,6,-90,34.0483932,-117.1369095,496.70,2.00,WIFI
24:41:FE:95:2E:4A,Verizon_VQQR4Y,[WPA2_PSK],2025-12-5 0:40:11,11,-87,34.0484161,-117.1378937,493.60,2.00,WIFI
BC:DF:58:FD:F2:32,K&L86,[WPA2_PSK],2025-12-5 0:40:11,11,-88,34.0484161,-117.1378937,493.60,2.00,WIFI
10:2C:B1:46:2C:2F,,[WPA_WPA2_PSK],2025-12-5 0:40:11,11,-90,34.0484161,-117.1378937,493.60,2.00,WIFI
00:80:AE:A4:38:88,hug2g566622,[WPA2_PSK],2025-12-5 0:40:11,11,-90,34.0484161,-117.1378937,493.60,2.00,WIFI
A8:A2:37:CB:94:97,Verizon_NDV64B,[WPA2_PSK],2025-12-5 0:40:11,11,-91,34.0484161,-117.1378937,493.60,2.00,WIFI
24:94:CB:4C:F2:B8,Frontier7456,[WPA2_PSK],2025-12-5 0:40:11,11,-93,34.0484161,-117.1378937,493.60,2.00,WIFI
0A:80:AE:A4:38:88,,[WPA2_PSK],2025-12-5 0:40:11,11,-94,34.0484161,-117.1378937,493.60,2.00,WIFI
AC:91:9B:C0:97:0A,Verizon_6TPYV7,[WPA2_PSK],2025-12-5 0:40:14,1,-84,34.0484238,-117.1383514,492.80,2.00,WIFI
E6:55:3D:F3:04:EC,Liahona,[WPA2_PSK],2025-12-5 0:40:14,1,-87,34.0484238,-117.1383514,492.80,2.00,WIFI
E0:55:3D:F3:04:EC,Lehi,[WPA2_PSK],2025-12-5 0:40:14,1,-88,34.0484238,-117.1383514,492.80,2.00,WIFI
CC:58:30:62:B2:17,jjeffrydill,[WPA2_WPA3_PSK],2025-12-5 0:40:14,1,-88,34.0484238,-117.1383514,492.80,2.00,WIFI
EA:55:3D:F3:04:EC,IOTConnect,[WPA2_PSK],2025-12-5 0:40:14,1,-90,34.0484238,-117.1383514,492.80,2.00,WIFI
3A:23:03:39:F9:DB,,[WPA2_PSK],2025-12-5 0:40:19,5,-85,34.0484238,-117.1387787,491.90,2.00,WIFI
4C:01:43:11:24:D1,,[WPA3_PSK],2025-12-5 0:40:20,6,-80,34.0484238,-117.1388016,491.80,2.00,WIFI
4C:01:43:11:24:D5,,[OPEN],2025-12-5 0:40:20,6,-81,34.0484238,-117.1388016,491.80,2.00,WIFI
BC:82:5D:AE:81:3F,ak472019,[WPA2_PSK],2025-12-5 0:40:25,11,-75,34.0484238,-117.1390228,491.60,2.00,WIFI
B0:E4:D5:79:69:5A,BrittanyL,[WPA2_PSK],2025-12-5 0:40:25,11,-83,34.0484238,-117.1390228,491.60,2.00,WIFI
AC:91:9B:C0:9E:92,Verizon_JV3ZPL,[WPA2_PSK],2025-12-5 0:40:25,11,-86,34.0484238,-117.1390228,491.60,2.00,WIFI
2C:00:AB:9F:96:50,Frontier4784,[WPA2_PSK],2025-12-5 0:40:25,11,-89,34.0484238,-117.1390228,491.60,2.00,WIFI
DE:55:3D:F3:04:EC,,[WPA2_PSK],2025-12-5 0:40:27,1,-75,34.0484161,-117.1392593,491.20,2.00,WIFI
F0:72:EA:1D:1E:3A,BrittanyL,[WPA2_PSK],2025-12-5 0:40:27,1,-86,34.0484161,-117.1392593,491.20,2.00,WIFI
88:57:1D:67:6C:3D,[fridge]_E30AJT5133970D,[WPA2_PSK],2025-12-5 0:40:27,1,-91,34.0484161,-117.1392593,491.20,2.00,WIFI
88:57:1D:42:A4:3C,[cooktop]_E30AJT8303151W,[WPA2_PSK],2025-12-5 0:40:27,1,-92,34.0484161,-117.1392593,491.20,2.00,WIFI
42:49:0F:7A:5B:59,DIRECT-59-HP M277 LaserJet,[WPA2_PSK],2025-12-5 0:40:35,7,-87,34.0484123,-117.1405716,488.30,2.00,WIFI
9A:18:65:CE:D8:0B,,[WPA2_PSK],2025-12-5 0:40:36,8,-79,34.0484123,-117.1407547,487.70,2.00,WIFI
94:18:65:CE:D8:0B,ORBI99,[WPA2_WPA3_PSK],2025-12-5 0:40:36,8,-80,34.0484123,-117.1407547,487.70,2.00,WIFI
9A:18:65:CF:18:82,ORBI99,[WPA2_WPA3_PSK],2025-12-5 0:40:36,8,-83,34.0484123,-117.1407547,487.70,2.00,WIFI
F0:B6:61:56:6C:E4,,[WPA3_PSK],2025-12-5 0:40:39,11,-73,34.0484123,-117.1413040,485.90,2.00,WIFI
F0:B6:61:56:6C:EA,,[OPEN],2025-12-5 0:40:39,11,-73,34.0484123,-117.1413040,485.90,2.00,WIFI
F0:B6:61:56:6C:E7,Dodgers 44,[WPA2_PSK],2025-12-5 0:40:39,11,-74,34.0484123,-117.1413040,485.90,2.00,WIFI
F0:B6:61:0F:51:E4,,[WPA3_PSK],2025-12-5 0:40:39,11,-81,34.0484123,-117.1413040,485.90,2.00,WIFI
F0:B6:61:0F:51:EA,,[OPEN],2025-12-5 0:40:39,11,-82,34.0484123,-117.1413040,485.90,2.00,WIFI
04:A1:51:5C:EE:BE,ngHub_319443N909B8E,[WPA2_PSK],2025-12-5 0:40:39,11,-85,34.0484123,-117.1413040,485.90,2.00,WIFI
D8:EC:5E:6E:18:7C,Brandon,[WPA2_PSK],2025-12-5 0:40:39,11,-87,34.0484123,-117.1413040,485.90,2.00,WIFI
DE:EC:5E:6E:18:7C,,[WPA2_PSK],2025-12-5 0:40:39,11,-88,34.0484123,-117.1413040,485.90,2.00,WIFI
CC:CF:83:0D:FE:14,,[WPA_WPA2_PSK],2025-12-5 0:40:41,1,-86,34.0484123,-117.1416779,484.90,2.00,WIFI
08:36:C9:8B:0F:2C,CIA1,[WPA2_PSK],2025-12-5 0:40:45,3,-82,34.0484085,-117.1424332,482.40,2.00,WIFI
08:36:C9:EE:54:4D,CIA1,[WPA2_PSK],2025-12-5 0:40:45,3,-85,34.0484085,-117.1424332,482.40,2.00,WIFI
CE:9E:43:C0:F5:D4,,[WPA2_PSK],2025-12-5 0:40:45,3,-85,34.0484085,-117.1424332,482.40,2.00,WIFI
24:E8:53:42:D3:DF,RMD24E85342D3DE,[WPA_WPA2_PSK],2025-12-5 0:40:45,3,-89,34.0484085,-117.1424332,482.40,2.00,WIFI
FC:12:63:F3:FD:79,CaseJohn410,[WPA2_PSK],2025-12-5 0:40:48,6,-78,34.0484085,-117.1429977,480.40,2.00,WIFI
D0:6D:C9:39:9F:86,Frontier1222,[WPA2_PSK],2025-12-5 0:40:48,6,-78,34.0484085,-117.1429977,480.40,2.00,WIFI
00:D0:2D:9B:09:E3,NewThermostat_9B09E3,[OPEN],2025-12-5 0:40:48,6,-85,34.0484085,-117.1429977,480.40,2.00,WIFI
4C:19:5D:33:73:86,SpectrumSetup-80,[WPA2_PSK],2025-12-5 0:40:48,6,-88,34.0484085,-117.1429977,480.40,2.00,WIFI
4C:AB:F8:08:9F:BA,DEATHSTAR,[WPA2_PSK],2025-12-5 0:40:48,6,-89,34.0484085,-117.1429977,480.40,2.00,WIFI
C0:6F:98:17:FF:86,JAZZY ,[WPA2_PSK],2025-12-5 0:40:53,11,-71,34.0484085,-117.1439514,477.00,2.00,WIFI
C0:6F:98:17:FF:83,,[WPA3_PSK],2025-12-5 0:40:53,11,-73,34.0484085,-117.1439514,477.00,2.00,WIFI
08:B4:B1:25:FF:CF,8Lakers24,[WPA2_PSK],2025-12-5 0:40:53,11,-77,34.0484085,-117.1439514,477.00,2.00,WIFI
64:C2:69:A4:D0:03,,[WPA3_PSK],2025-12-5 0:40:53,11,-77,34.0484085,-117.1439514,477.00,2.00,WIFI
64:C2:69:A4:D0:07,,[OPEN],2025-12-5 0:40:53,11,-78,34.0484085,-117.1439514,477.00,2.00,WIFI
64:C2:69:A4:D0:05,Fios-TE2LZ,[WPA2_PSK],2025-12-5 0:40:53,11,-78,34.0484085,-117.1439514,477.00,2.00,WIFI
88:6A:E3:D6:B9:C6,tld6b9c6,[WPA2_PSK],2025-12-5 0:40:53,11,-79,34.0484085,-117.1439514,477.00,2.00,WIFI
48:5D:36:7A:7C:7E,FiOS-K98E8,[WPA2_PSK],2025-12-5 0:40:55,1,-77,34.0484085,-117.1443329,475.80,2.00,WIFI
9C:57:BC:B2:84:66,Sys5fpdev,[WPA2_WPA3_PSK],2025-12-5 0:40:55,1,-78,34.0484085,-117.1443329,475.80,2.00,WIFI
AE:0B:FB:E4:FF:B1,LNL0CG800H,[WPA_WPA2_PSK],2025-12-5 0:40:55,1,-78,34.0484085,-117.1443329,475.80,2.00,WIFI
9C:57:BC:B2:84:63,,[WPA3_PSK],2025-12-5 0:40:55,1,-79,34.0484085,-117.1443329,475.80,2.00,WIFI
9C:57:BC:B2:84:69,,[OPEN],2025-12-5 0:40:55,1,-79,34.0484085,-117.1443329,475.80,2.00,WIFI
60:F4:19:61:96:83,,[WPA3_PSK],2025-12-5 0:40:55,1,-79,34.0484085,-117.1443329,475.80,2.00,WIFI
80:69:1A:6F:B5:1B,Jones320,[WPA2_PSK],2025-12-5 0:40:55,1,-85,34.0484085,-117.1443329,475.80,2.00,WIFI
B8:EE:0E:D5:C9:FA,MySpectrumWiFif4-2G,[WPA2_PSK],2025-12-5 0:40:55,1,-86,34.0484085,-117.1443329,475.80,2.00,WIFI
24:94:CB:E9:B5:68,Frontier0912,[WPA2_PSK],2025-12-5 0:40:55,1,-89,34.0484085,-117.1443329,475.80,2.00,WIFI
10:0C:6B:4F:01:92,Shuyun Mesh,[WPA2_PSK],2025-12-5 0:40:59,3,-82,34.0484085,-117.1450882,473.90,2.00,WIFI
DC:62:79:6A:0A:03,Pretty HTML Machine,[WPA2_PSK],2025-12-5 0:41:1,5,-88,34.0484085,-117.1454620,473.00,2.00,WIFI
36:68:93:2B:2C:1E,,[WPA2_PSK],2025-12-5 0:41:1,5,-88,34.0484085,-117.1454620,473.00,2.00,WIFI
88:67:46:79:AF:E9,,[OPEN],2025-12-5 0:41:2,6,-66,34.0484085,-117.1456528,472.50,2.00,WIFI
88:67:46:79:AF:E3,,[WPA3_PSK],2025-12-5 0:41:2,6,-67,34.0484085,-117.1456528,472.50,2.00,WIFI
88:67:46:79:AF:E6,JohnPatty7691,[WPA2_PSK],2025-12-5 0:41:2,6,-67,34.0484085,-117.1456528,472.50,2.00,WIFI
DC:69:B5:A0:9C:86,JohnPatty7691,[WPA2_PSK],2025-12-5 0:41:2,6,-82,34.0484085,-117.1456528,472.50,2.00,WIFI
FA:8F:CA:81:FF:CD,Mancave.b_,[OPEN],2025-12-5 0:41:2,6,-83,34.0484085,-117.1456528,472.50,2.00,WIFI
3A:1A:52:47:43:FA,DIRECT-5247C3FA,[WPA2_PSK],2025-12-5 0:41:2,6,-84,34.0484085,-117.1456528,472.50,2.00,WIFI
DC:69:B5:A0:9C:83,,[WPA3_PSK],2025-12-5 0:41:2,6,-85,34.0484085,-117.1456528,472.50,2.00,WIFI
DC:69:B5:A0:9C:89,,[OPEN],2025-12-5 0:41:2,6,-87,34.0484085,-117.1456528,472.50,2.00,WIFI
30:68:93:2B:26:56,Pretty HTML Machine,[WPA2_PSK],2025-12-5 0:41:4,8,-78,34.0484085,-117.1460342,471.70,2.00,WIFI
36:68:93:2B:26:56,,[WPA2_PSK],2025-12-5 0:41:4,8,-81,34.0484085,-117.1460342,471.70,2.00,WIFI
9A:49:14:28:EF:06,TinyWingMobile,[WPA2_PSK],2025-12-5 0:41:7,11,-87,34.0484123,-117.1465454,470.50,2.00,WIFI
94:F7:17:83:EB:98,,[WPA_WPA2_PSK],2025-12-5 0:41:9,1,-76,34.0484085,-117.1468582,469.60,2.00,WIFI
02:68:EB:6F:FD:93,DIRECT-93-HP OfficeJet 5200,[WPA2_PSK],2025-12-5 0:41:9,1,-88,34.0484085,-117.1468582,469.60,2.00,WIFI
90:D3:CF:DD:D3:7D,Pancer Home,[WPA2_PSK],2025-12-5 0:41:9,1,-94,34.0484085,-117.1468582,469.60,2.00,WIFI
10:0C:6B:49:BB:A5,Shuyun Mesh,[WPA2_PSK],2025-12-5 0:41:13,3,-80,34.0484047,-117.1473389,468.00,2.00,WIFI
30:68:93:2B:2C:1E,Pretty HTML Machine,[WPA2_PSK],2025-12-5 0:41:15,5,-88,34.0484047,-117.1474609,467.70,2.00,WIFI
12:98:C3:16:36:ED,DIRECT-6S-Car_85b6,[WPA2_PSK],2025-12-5 0:41:16,6,-82,34.0484047,-117.1474915,467.60,2.00,WIFI
88:DE:7C:DA:18:9B,SpectrumSetup-9D,[WPA2_PSK],2025-12-5 0:41:16,6,-84,34.0484047,-117.1474915,467.60,2.00,WIFI
24:F3:E3:60:93:C3,,[WPA3_PSK],2025-12-5 0:41:16,6,-85,34.0484047,-117.1474915,467.60,2.00,WIFI
24:F3:E3:61:0E:86,FiOS-HXONF,[WPA2_PSK],2025-12-5 0:41:16,6,-85,34.0484047,-117.1474915,467.60,2.00,WIFI
DE:B3:70:C1:8F:AF,High Acres-Guest,[WPA2_PSK],2025-12-5 0:41:16,6,-88,34.0484047,-117.1474915,467.60,2.00,WIFI
D0:68:27:E7:A7:46,mann family,[WPA2_PSK],2025-12-5 0:41:21,11,-71,34.0484047,-117.1476898,467.30,2.00,WIFI
D0:68:27:E7:A7:49,,[OPEN],2025-12-5 0:41:21,11,-72,34.0484047,-117.1476898,467.30,2.00,WIFI
D0:68:27:E7:A7:43,,[WPA3_PSK],2025-12-5 0:41:21,11,-75,34.0484047,-117.1476898,467.30,2.00,WIFI
FC:12:63:82:7A:91,SpectrumSetup-93,[WPA2_PSK],2025-12-5 0:41:23,1,-87,34.0484047,-117.1479034,466.50,2.00,WIFI
F0:9F:C2:24:1A:0C,Craw395,[WPA2_PSK],2025-12-5 0:41:23,1,-93,34.0484047,-117.1479034,466.50,2.00,WIFI
B4:AC:9D:15:44:88,ENVOY_006739,[OPEN],2025-12-5 0:41:28,4,-94,34.0484009,-117.1486130,465.20,2.00,WIFI
D0:21:F9:2A:21:46,P & G,[WPA2_PSK],2025-12-5 0:41:30,6,-85,34.0484047,-117.1489258,464.80,2.00,WIFI
92:3B:AD:17:76:52,JamesBond,[WPA2_PSK],2025-12-5 0:41:30,6,-86,34.0484047,-117.1489258,464.80,2.00,WIFI
D6:21:F9:2A:21:46,The Gloria Deo Estate,[WPA2_PSK],2025-12-5 0:41:30,6,-87,34.0484047,-117.1489258,464.80,2.00,WIFI
FA:6D:CC:90:F0:C6,myChevrolet f0c6,[WPA2_PSK],2025-12-5 0:41:44,6,-77,34.0484047,-117.1511688,458.30,2.00,WIFI
A0:55:1F:5B:94:D0,1443_Northview,[WPA2_PSK],2025-12-5 0:41:44,6,-88,34.0484047,-117.1511688,458.30,2.00,WIFI
A0:40:A0:A0:5D:1F,SpectrumSetup-3B_2GEXT,[WPA2_PSK],2025-12-5 0:41:44,6,-93,34.0484047,-117.1511688,458.30,2.00,WIFI
04:B6:BE:B6:B3:F8,,[WPA_WPA2_PSK],2025-12-5 0:41:44,6,-95,34.0484047,-117.1511688,458.30,2.00,WIFI
10:0C:6B:60:EE:1F,NETGEAR53,[WPA2_PSK],2025-12-5 0:41:45,7,-93,34.0484047,-117.1513290,457.80,2.00,WIFI
80:69:1A:80:EE:5D,Redlands,[WPA2_PSK],2025-12-5 0:41:47,9,-91,34.0484047,-117.1516571,456.80,2.00,WIFI
84:70:D7:15:B0:47,Nacho#1,[WPA2_PSK],2025-12-5 0:41:49,11,-66,34.0484047,-117.1519852,455.80,2.00,WIFI
84:70:D7:15:B0:50,Nacho#1 Guest,[WPA2_PSK],2025-12-5 0:41:49,11,-67,34.0484047,-117.1519852,455.80,2.00,WIFI
88:67:46:C4:15:E6,Nacho#1,[WPA2_PSK],2025-12-5 0:41:49,11,-74,34.0484047,-117.1519852,455.80,2.00,WIFI
88:67:46:C4:15:E9,,[OPEN],2025-12-5 0:41:49,11,-76,34.0484047,-117.1519852,455.80,2.00,WIFI
88:67:46:C4:15:EF,Nacho#1 Guest,[WPA2_PSK],2025-12-5 0:41:49,11,-76,34.0484047,-117.1519852,455.80,2.00,WIFI
84:70:D7:15:B0:4A,,[OPEN],2025-12-5 0:41:49,11,-77,34.0484047,-117.1519852,455.80,2.00,WIFI
84:70:D7:15:B0:44,,[WPA3_PSK],2025-12-5 0:41:49,11,-78,34.0484047,-117.1519852,455.80,2.00,WIFI
24:41:FE:8C:C0:B6,Verizon_L3ZVC6,[WPA2_PSK],2025-12-5 0:41:49,11,-87,34.0484047,-117.1519852,455.80,2.00,WIFI
2C:00:AB:D6:76:68,Frontier1088,[WPA2_PSK],2025-12-5 0:41:49,11,-95,34.0484047,-117.1519852,455.80,2.00,WIFI
14:22:3B:15:AD:12,Our Castle,[WPA2_PSK],2025-12-5 0:41:52,1,-70,34.0484009,-117.1524887,455.20,2.00,WIFI
14:22:3B:0D:03:D2,Our Castle,[WPA2_PSK],2025-12-5 0:41:52,1,-76,34.0484009,-117.1524887,455.20,2.00,WIFI
4E:75:25:27:8A:54,LNL0CG805E,[WPA_WPA2_PSK],2025-12-5 0:41:52,1,-78,34.0484009,-117.1524887,455.20,2.00,WIFI
04:B6:BE:8B:76:E4,,[WPA_WPA2_PSK],2025-12-5 0:41:52,1,-87,34.0484009,-117.1524887,455.20,2.00,WIFI
28:80:88:A7:12:F3,QUEEN,[WPA2_PSK],2025-12-5 0:41:52,1,-91,34.0484009,-117.1524887,455.20,2.00,WIFI
10:DA:43:C4:CB:CC,NETGEAR04,[WPA2_PSK],2025-12-5 0:41:55,3,-90,34.0484009,-117.1529999,452.90,2.00,WIFI
44:05:3F:5C:B4:87,Henrie,[WPA2_WPA3_PSK],2025-12-5 0:41:57,5,-82,34.0484085,-117.1533356,452.40,2.00,WIFI
4A:05:3F:5C:B4:87,Printer,[WPA_WPA2_PSK],2025-12-5 0:41:57,5,-84,34.0484085,-117.1533356,452.40,2.00,WIFI
38:8B:59:DE:B9:8B,Wiley,[WPA2_PSK],2025-12-5 0:41:58,6,-65,34.0484276,-117.1534958,452.10,2.00,WIFI
88:3D:24:AE:59:CA,Wiley,[WPA2_PSK],2025-12-5 0:41:58,6,-78,34.0484276,-117.1534958,452.10,2.00,WIFI
40:49:0F:C7:D2:1E,WIFIC7D21A,[WPA2_PSK],2025-12-5 0:41:58,6,-82,34.0484276,-117.1534958,452.10,2.00,WIFI
34:53:D2:D8:6F:09,SpectrumSetup-03,[WPA2_PSK],2025-12-5 0:41:58,6,-85,34.0484276,-117.1534958,452.10,2.00,WIFI
C8:9E:43:8D:3B:90,NETGEAR74,[WPA2_PSK],2025-12-5 0:42:1,9,-92,34.0485687,-117.1539688,450.60,2.00,WIFI
3A:6A:D2:9A:8D:98,SpectrumSetup-d0,[WPA2_PSK],2025-12-5 0:42:2,10,-93,34.0486412,-117.1541138,449.90,2.00,WIFI
50:C7:BF:38:A5:9A,49O06,[WPA_WPA2_PSK],2025-12-5 0:42:3,11,-82,34.0487289,-117.1542511,449.30,2.00,WIFI
3C:5C:F1:B1:FE:16,,[OPEN],2025-12-5 0:42:3,11,-90,34.0487289,-117.1542511,449.30,2.00,WIFI
44:AD:B1:55:EB:A6,SpectrumSetup-A0,[WPA2_PSK],2025-12-5 0:42:3,11,-94,34.0487289,-117.1542511,449.30,2.00,WIFI
CC:40:D0:0F:5E:03,NETGEAR09,[WPA2_PSK],2025-12-5 0:42:10,4,-81,34.0493126,-117.1549911,445.90,2.00,WIFI
94:A4:08:D9:4A:8D,6B3017GW,[WPA2_PSK],2025-12-5 0:42:12,6,-77,34.0494118,-117.1552124,444.90,2.00,WIFI
C8:C6:FE:79:B2:C6,julianswifi,[WPA2_PSK],2025-12-5 0:42:12,6,-78,34.0494118,-117.1552124,444.90,2.00,WIFI
C8:C6:FE:79:B2:C9,,[OPEN],2025-12-5 0:42:12,6,-79,34.0494118,-117.1552124,444.90,2.00,WIFI
C8:C6:FE:79:B2:C3,,[WPA3_PSK],2025-12-5 0:42:12,6,-80,34.0494118,-117.1552124,444.90,2.00,WIFI
28:EC:22:BD:53:63,,[WPA3_PSK],2025-12-5 0:42:12,6,-83,34.0494118,-117.1552124,444.90,2.00,WIFI
28:EC:22:BD:53:69,,[OPEN],2025-12-5 0:42:12,6,-84,34.0494118,-117.1552124,444.90,2.00,WIFI
28:EC:22:BD:53:66,WIFIF5CB53,[WPA2_PSK],2025-12-5 0:42:12,6,-84,34.0494118,-117.1552124,444.90,2.00,WIFI
88:6A:E3:AD:90:88,tlad9088,[WPA2_PSK],2025-12-5 0:42:12,6,-88,34.0494118,-117.1552124,444.90,2.00,WIFI
8E:49:62:C2:11:69,,[WPA2_PSK],2025-12-5 0:42:12,6,-90,34.0494118,-117.1552124,444.90,2.00,WIFI
94:F7:17:CF:C0:FC,,[WPA_WPA2_PSK],2025-12-5 0:42:16,9,-73,34.0495262,-117.1557312,442.80,2.00,WIFI
C0:6F:98:9B:36:E3,,[WPA3_PSK],2025-12-5 0:42:18,11,-72,34.0495377,-117.1559372,441.90,2.00,WIFI
C0:6F:98:9B:36:E9,,[OPEN],2025-12-5 0:42:18,11,-72,34.0495377,-117.1559372,441.90,2.00,WIFI
C0:6F:98:9B:36:E6,wifi4fun,[WPA2_PSK],2025-12-5 0:42:18,11,-74,34.0495377,-117.1559372,441.90,2.00,WIFI
C8:63:FC:65:27:88,Frontier5184,[WPA2_PSK],2025-12-5 0:42:18,11,-78,34.0495377,-117.1559372,441.90,2.00,WIFI
B8:66:85:49:CF:A6,MySpectrumWiFia0-2G,[WPA2_PSK],2025-12-5 0:42:18,11,-84,34.0495377,-117.1559372,441.90,2.00,WIFI
C8:D3:FF:16:48:A2,DIRECT-A1-HP ENVY 5660 series,[WPA2_PSK],2025-12-5 0:42:18,11,-87,34.0495377,-117.1559372,441.90,2.00,WIFI
90:9D:7D:47:09:F8,Frontier2816,[WPA2_PSK],2025-12-5 0:42:18,11,-93,34.0495377,-117.1559372,441.90,2.00,WIFI
D4:3F:32:7B:9D:69,,[OPEN],2025-12-5 0:42:21,1,-67,34.0495377,-117.1561508,441.00,2.00,WIFI
D4:3F:32:7B:9D:66,carballo,[WPA2_PSK],2025-12-5 0:42:21,1,-68,34.0495377,-117.1561508,441.00,2.00,WIFI
D4:3F:32:7B:9D:6F,carballo guest,[WPA2_PSK],2025-12-5 0:42:21,1,-68,34.0495377,-117.1561508,441.00,2.00,WIFI
D4:3F:32:88:8F:C6,carballo,[WPA2_PSK],2025-12-5 0:42:21,1,-81,34.0495377,-117.1561508,441.00,2.00,WIFI
D4:3F:32:88:8F:CF,carballo guest,[WPA2_PSK],2025-12-5 0:42:21,1,-82,34.0495377,-117.1561508,441.00,2.00,WIFI
9C:57:BC:6F:D2:03,,[WPA3_PSK],2025-12-5 0:42:27,6,-68,34.0495415,-117.1563873,440.80,2.00,WIFI
9C:57:BC:6F:D2:09,,[OPEN],2025-12-5 0:42:27,6,-68,34.0495415,-117.1563873,440.80,2.00,WIFI
9C:57:BC:6F:D2:06,Gonzalez1205,[WPA2_PSK],2025-12-5 0:42:27,6,-69,34.0495415,-117.1563873,440.80,2.00,WIFI
D0:16:7C:CC:1B:67,,[OPEN],2025-12-5 0:42:27,6,-81,34.0495415,-117.1563873,440.80,2.00,WIFI
D0:16:7C:CC:1B:65,LionBox,[WPA2_PSK],2025-12-5 0:42:27,6,-81,34.0495415,-117.1563873,440.80,2.00,WIFI
B6:8F:8C:60:09:E6,,[WPA2_PSK],2025-12-5 0:42:27,6,-82,34.0495415,-117.1563873,440.80,2.00,WIFI
D0:16:7C:CC:1B:63,,[WPA3_PSK],2025-12-5 0:42:27,6,-82,34.0495415,-117.1563873,440.80,2.00,WIFI
B6:8F:8C:40:09:E6,,[WPA2_PSK],2025-12-5 0:42:27,6,-83,34.0495415,-117.1563873,440.80,2.00,WIFI
CC:F4:11:08:01:DA,La Casa De Travesura,[WPA2_PSK],2025-12-5 0:42:27,6,-86,34.0495415,-117.1563873,440.80,2.00,WIFI
62:B7:6E:D1:A2:70,ICE,[WPA2_PSK],2025-12-5 0:42:27,6,-91,34.0495415,-117.1563873,440.80,2.00,WIFI
3C:37:86:68:0B:D2,NETGEAR73,[WPA2_PSK],2025-12-5 0:42:27,6,-94,34.0495415,-117.1563873,440.80,2.00,WIFI
28:94:01:3F:DF:F9,NETGEAR66,[WPA2_PSK],2025-12-5 0:42:29,8,-77,34.0495262,-117.1565781,440.50,2.00,WIFI
3C:37:86:D2:9F:56,NETGEAR61,[WPA2_PSK],2025-12-5 0:42:30,9,-88,34.0495110,-117.1566849,440.30,2.00,WIFI
DC:62:79:9D:23:0C,HopeCenter,[WPA2_PSK],2025-12-5 0:42:32,11,-74,34.0494576,-117.1569290,439.70,2.00,WIFI
DC:62:79:9D:25:42,HopeCenter,[WPA2_PSK],2025-12-5 0:42:32,11,-76,34.0494576,-117.1569290,439.70,2.00,WIFI
E2:62:79:9D:25:42,MySpectrumWiFi90-2G,[WPA2_PSK],2025-12-5 0:42:32,11,-77,34.0494576,-117.1569290,439.70,2.00,WIFI
E2:62:79:9D:23:0C,MySpectrumWiFi90-2G,[WPA2_PSK],2025-12-5 0:42:32,11,-87,34.0494576,-117.1569290,439.70,2.00,WIFI
A0:7F:8A:51:B8:1F,PinkPonyClub,[WPA2_PSK],2025-12-5 0:42:32,11,-95,34.0494576,-117.1569290,439.70,2.00,WIFI
A0:89:66:94:75:A8,,[WPA_WPA2_PSK],2025-12-5 0:42:35,1,-64,34.0492783,-117.1573257,438.90,2.00,WIFI
CC:CF:83:0C:56:FC,,[WPA_WPA2_PSK],2025-12-5 0:42:35,1,-77,34.0492783,-117.1573257,438.90,2.00,WIFI
58:96:71:41:7F:F6,CDY-RealEstate.com,[WPA2_PSK],2025-12-5 0:42:35,1,-78,34.0492783,-117.1573257,438.90,2.00,WIFI
F0:09:0D:FE:48:B0,MySpectrumWiFi90-2G_EXT,[WPA2_PSK],2025-12-5 0:42:35,1,-79,34.0492783,-117.1573257,438.90,2.00,WIFI
74:37:5F:A7:A4:6B,garshome,[WPA2_PSK],2025-12-5 0:42:35,1,-79,34.0492783,-117.1573257,438.90,2.00,WIFI
78:29:ED:BF:BD:8E,MySpectrumWiFi90-2G,[WPA2_PSK],2025-12-5 0:42:35,1,-83,34.0492783,-117.1573257,438.90,2.00,WIFI
82:E8:2C:89:DB:E4,DIRECT-E4-HP ENVY Photo 7800,[WPA2_PSK],2025-12-5 0:42:35,1,-86,34.0492783,-117.1573257,438.90,2.00,WIFI
90:D3:CF:C7:9F:0E,ATT-WIFI-4794,[WPA2_WPA3_PSK],2025-12-5 0:42:38,3,-74,34.0490570,-117.1577377,438.10,2.00,WIFI
92:D3:CF:D7:9F:0E,,[WPA2_WPA3_PSK],2025-12-5 0:42:38,3,-76,34.0490570,-117.1577377,438.10,2.00,WIFI
24:2D:6C:12:58:88,Girl Gang,[WPA2_PSK],2025-12-5 0:42:41,6,-62,34.0488205,-117.1581497,437.50,2.00,WIFI
24:2D:6C:12:58:85,,[WPA3_PSK],2025-12-5 0:42:41,6,-64,34.0488205,-117.1581497,437.50,2.00,WIFI
24:2D:6C:12:58:8B,,[OPEN],2025-12-5 0:42:41,6,-65,34.0488205,-117.1581497,437.50,2.00,WIFI
A8:13:0B:89:3E:85,,[WPA3_PSK],2025-12-5 0:42:41,6,-67,34.0488205,-117.1581497,437.50,2.00,WIFI
A8:13:0B:89:3E:8B,,[OPEN],2025-12-5 0:42:41,6,-68,34.0488205,-117.1581497,437.50,2.00,WIFI
F0:21:E0:47:01:67,,[OPEN],2025-12-5 0:42:41,6,-70,34.0488205,-117.1581497,437.50,2.00,WIFI
F0:21:E0:47:01:63,,[WPA3_PSK],2025-12-5 0:42:41,6,-70,34.0488205,-117.1581497,437.50,2.00,WIFI
F0:21:E0:47:E8:A3,,[WPA3_PSK],2025-12-5 0:42:41,6,-71,34.0488205,-117.1581497,437.50,2.00,WIFI
F0:21:E0:47:E8:A5,Famgonz,[WPA2_PSK],2025-12-5 0:42:41,6,-71,34.0488205,-117.1581497,437.50,2.00,WIFI
F0:21:E0:47:E8:A7,,[OPEN],2025-12-5 0:42:41,6,-72,34.0488205,-117.1581497,437.50,2.00,WIFI
F0:21:E0:47:01:65,Famgonz,[WPA2_PSK],2025-12-5 0:42:41,6,-74,34.0488205,-117.1581497,437.50,2.00,WIFI
DC:69:B5:3A:D8:43,,[WPA3_PSK],2025-12-5 0:42:41,6,-74,34.0488205,-117.1581497,437.50,2.00,WIFI
DC:69:B5:3A:D8:46,Girl Gang,[WPA2_PSK],2025-12-5 0:42:41,6,-74,34.0488205,-117.1581497,437.50,2.00,WIFI
DC:69:B5:3A:D8:49,,[OPEN],2025-12-5 0:42:41,6,-75,34.0488205,-117.1581497,437.50,2.00,WIFI
A8:13:0B:89:3E:88,Girl Gang,[WPA2_PSK],2025-12-5 0:42:41,6,-76,34.0488205,-117.1581497,437.50,2.00,WIFI
DC:69:B5:EE:EB:09,,[OPEN],2025-12-5 0:42:41,6,-77,34.0488205,-117.1581497,437.50,2.00,WIFI
DC:69:B5:EE:EB:03,,[WPA3_PSK],2025-12-5 0:42:41,6,-78,34.0488205,-117.1581497,437.50,2.00,WIFI
DC:69:B5:EE:EB:06,Famgonz,[WPA2_PSK],2025-12-5 0:42:41,6,-78,34.0488205,-117.1581497,437.50,2.00,WIFI
54:AF:97:A0:99:6A,Kisinger-2G_EXT,[WPA2_PSK],2025-12-5 0:42:47,11,-88,34.0483437,-117.1589890,436.90,2.00,WIFI
2C:58:4F:1F:5B:C8,Frontier9360,[WPA2_PSK],2025-12-5 0:42:50,1,-87,34.0481186,-117.1594086,438.40,2.00,WIFI
FA:8F:CA:53:A8:47,Family Room TV.v_,[OPEN],2025-12-5 0:42:56,6,-86,34.0476990,-117.1602020,439.30,2.00,WIFI
BC:CF:4F:CB:48:B6,ECRH Staff,[WPA2_PSK],2025-12-5 0:42:56,6,-87,34.0476990,-117.1602020,439.30,2.00,WIFI
BE:B6:4F:CB:48:B7,ECRH Guest,[WPA2_PSK],2025-12-5 0:42:56,6,-89,34.0476990,-117.1602020,439.30,2.00,WIFI
BE:B6:4F:CB:48:BA,,[OPEN],2025-12-5 0:42:56,6,-90,34.0476990,-117.1602020,439.30,2.00,WIFI
38:80:DF:FB:E0:A3,PSH9B,[WPA_WPA2_PSK],2025-12-5 0:42:58,8,-83,34.0475655,-117.1604462,439.10,2.00,WIFI
9C:3D:CF:1D:38:7F,Stella 2.4,[WPA2_PSK],2025-12-5 0:42:59,9,-92,34.0474968,-117.1605759,438.90,2.00,WIFI
D4:A9:28:12:92:A2,FiOS-COMUK,[WPA2_PSK],2025-12-5 0:43:1,11,-74,34.0473595,-117.1608276,438.20,2.00,WIFI
D4:A9:28:0C:93:98,FiOS-4NOCD,[WPA2_PSK],2025-12-5 0:43:1,11,-79,34.0473595,-117.1608276,438.20,2.00,WIFI
58:9B:4A:AF:3F:B7,Mojo-011625,[WPA2_PSK],2025-12-5 0:43:1,11,-90,34.0473595,-117.1608276,438.20,2.00,WIFI
40:47:5E:19:60:03,,[WPA3_PSK],2025-12-5 0:43:4,1,-86,34.0471497,-117.1612167,435.90,2.00,WIFI
D8:0D:17:0F:6A:51,TP-Link_Extender,[OPEN],2025-12-5 0:43:6,2,-88,34.0469971,-117.1614914,433.90,2.00,WIFI
F4:52:46:9A:17:58,SpectrumSetup-175B,[WPA2_PSK],2025-12-5 0:43:10,6,-76,34.0466766,-117.1620636,430.30,2.00,WIFI
2C:67:BE:35:ED:18,TellMyWifiLoveHer,[WPA2_PSK],2025-12-5 0:43:10,6,-86,34.0466766,-117.1620636,430.30,2.00,WIFI
18:58:80:B5:0B:91,NachoWIFI,[WPA2_WPA3_PSK],2025-12-5 0:43:13,9,-75,34.0464325,-117.1625061,428.30,2.00,WIFI
E8:D3:EB:EA:27:C6,LemonTree ,[WPA2_PSK],2025-12-5 0:43:15,11,-73,34.0462685,-117.1628036,427.40,2.00,WIFI
E8:D3:EB:EA:27:C3,,[WPA3_PSK],2025-12-5 0:43:15,11,-73,34.0462685,-117.1628036,427.40,2.00,WIFI
74:37:5F:CD:8C:27,Braga,[WPA2_PSK],2025-12-5 0:43:15,11,-84,34.0462685,-117.1628036,427.40,2.00,WIFI
4C:BC:E9:10:FC:F0,AT_301_WLSGL6335F_fcf0,[WPA2_PSK],2025-12-5 0:43:15,11,-86,34.0462685,-117.1628036,427.40,2.00,WIFI
60:D5:61:03:F5:54,,[WPA2_PSK],2025-12-5 0:43:16,13,-92,34.0461845,-117.1629410,427.10,2.00,WIFI
A8:9A:93:BE:E5:F6,MySpectrumWiFif0-2G,[WPA2_PSK],2025-12-5 0:43:18,1,-83,34.0460243,-117.1632385,426.30,2.00,WIFI
B0:FC:88:5D:22:28,SpectrumSetup-22,[WPA2_PSK],2025-12-5 0:43:18,1,-83,34.0460243,-117.1632385,426.30,2.00,WIFI
3C:52:A1:1B:7B:FE,BFSC - Admin,[WPA2_PSK],2025-12-5 0:43:20,2,-78,34.0458641,-117.1635284,425.90,2.00,WIFI
46:52:A1:1B:7B:FE,,[WPA2_PSK],2025-12-5 0:43:20,2,-78,34.0458641,-117.1635284,425.90,2.00,WIFI
42:52:A1:1B:7B:FE,BFSC Admin_Guest,[WPA2_PSK],2025-12-5 0:43:20,2,-79,34.0458641,-117.1635284,425.90,2.00,WIFI
40:AE:30:21:F6:72,BFSC - Admin,[WPA2_PSK],2025-12-5 0:43:20,2,-80,34.0458641,-117.1635284,425.90,2.00,WIFI
46:AE:30:21:F6:72,BFSC Admin_Guest,[WPA2_PSK],2025-12-5 0:43:20,2,-80,34.0458641,-117.1635284,425.90,2.00,WIFI
3C:52:A1:1B:88:96,BFSC - Admin,[WPA2_PSK],2025-12-5 0:43:20,2,-81,34.0458641,-117.1635284,425.90,2.00,WIFI
18:60:41:24:D4:CF,TMOBILE-D4CD,[WPA2_WPA3_PSK],2025-12-5 0:43:21,3,-80,34.0457840,-117.1636810,425.70,2.00,WIFI
E0:CB:BC:92:EC:96,,[WPA2_PSK],2025-12-5 0:43:24,6,-73,34.0455475,-117.1641006,425.70,2.00,WIFI
E6:CB:BC:92:EC:96,Highland Visitors & Vendors,[WPA2_PSK],2025-12-5 0:43:24,6,-73,34.0455475,-117.1641006,425.70,2.00,WIFI
DE:CB:BC:92:EC:96,,[WPA2_PSK],2025-12-5 0:43:24,6,-74,34.0455475,-117.1641006,425.70,2.00,WIFI
FC:12:63:B8:D8:99,SpectrumSetup-9B,[WPA2_PSK],2025-12-5 0:43:24,6,-76,34.0455475,-117.1641006,425.70,2.00,WIFI
14:7D:05:50:B2:03,SpectrumSetup-01,[WPA2_PSK],2025-12-5 0:43:24,6,-77,34.0455475,-117.1641006,425.70,2.00,WIFI
96:B3:F7:B5:36:87,,[WPA2_PSK],2025-12-5 0:43:24,6,-80,34.0455475,-117.1641006,425.70,2.00,WIFI
74:93:DA:44:E4:51,SpectrumSetup-53,[WPA2_PSK],2025-12-5 0:43:24,6,-90,34.0455475,-117.1641006,425.70,2.00,WIFI
74:90:BC:AF:66:63,Verizon_J6BTZ7,[WPA2_PSK],2025-12-5 0:43:29,11,-69,34.0451622,-117.1648178,426.90,2.00,WIFI
EA:CB:BC:33:4F:D6,Volunteer,[WPA2_PSK],2025-12-5 0:43:29,11,-81,34.0451622,-117.1648178,426.90,2.00,WIFI
2C:67:BE:1E:D8:67,SpectrumSetup-D863,[WPA2_PSK],2025-12-5 0:43:29,11,-85,34.0451622,-117.1648178,426.90,2.00,WIFI
D8:EC:5E:9C:22:F8,anette,[WPA2_PSK],2025-12-5 0:43:29,11,-86,34.0451622,-117.1648178,426.90,2.00,WIFI
E0:46:EE:04:B5:3B,NETGEAR06,[WPA2_PSK],2025-12-5 0:43:29,11,-89,34.0451622,-117.1648178,426.90,2.00,WIFI
F0:7B:65:A9:EF:4E,SpectrumSetup-EF48,[WPA2_PSK],2025-12-5 0:43:31,1,-74,34.0450172,-117.1650848,427.50,2.00,WIFI
44:A5:6E:8E:64:92,NETGEAR_EXT,[OPEN],2025-12-5 0:43:31,1,-86,34.0450172,-117.1650848,427.50,2.00,WIFI
46:AE:30:21:F7:5D,BFSC Admin_Guest,[WPA2_PSK],2025-12-5 0:43:34,2,-79,34.0448265,-117.1654358,427.80,2.00,WIFI
4A:52:A1:1B:46:FA,,[WPA2_PSK],2025-12-5 0:43:34,2,-83,34.0448265,-117.1654358,427.80,2.00,WIFI
46:52:A1:1B:46:FA,,[WPA2_PSK],2025-12-5 0:43:34,2,-85,34.0448265,-117.1654358,427.80,2.00,WIFI
34:98:B5:FF:37:94,,[WPA2_PSK],2025-12-5 0:43:36,4,-84,34.0447388,-117.1656036,427.90,2.00,WIFI
34:98:B5:FF:6B:2C,RDPes,[WPA2_WPA3_PSK],2025-12-5 0:43:36,4,-85,34.0447388,-117.1656036,427.90,2.00,WIFI
C0:A4:76:B0:08:A2,West Wing,[WPA_WPA2_PSK],2025-12-5 0:43:38,6,-66,34.0446892,-117.1657410,427.90,2.00,WIFI
C2:A4:76:D0:08:A2,,[WPA_WPA2_PSK],2025-12-5 0:43:38,6,-73,34.0446892,-117.1657410,427.90,2.00,WIFI
26:C0:2D:B2:1E:1B,CHEVROLET8746,[WPA2_WPA3_PSK],2025-12-5 0:43:38,6,-80,34.0446892,-117.1657410,427.90,2.00,WIFI
00:30:44:28:E1:B1,GuardianbyMankinESC_6,[WPA2_PSK],2025-12-5 0:43:38,6,-89,34.0446892,-117.1657410,427.90,2.00,WIFI
00:54:AF:3A:2F:38,Hotspot2F38,[WPA_WPA2_PSK],2025-12-5 0:43:40,8,-67,34.0447006,-117.1658859,427.80,2.00,WIFI
46:37:86:24:0E:68,,[WPA2_PSK],2025-12-5 0:43:40,8,-88,34.0447006,-117.1658859,427.80,2.00,WIFI
26:E8:29:94:0E:F8,,[WPA2_PSK],2025-12-5 0:43:43,11,-79,34.0448418,-117.1661606,426.90,2.00,WIFI
18:E8:29:94:0E:F8,TheRiver,[WPA2_PSK],2025-12-5 0:43:43,11,-81,34.0448418,-117.1661606,426.90,2.00,WIFI
22:E8:29:94:0E:F8,,[WPA2_PSK],2025-12-5 0:43:43,11,-81,34.0448418,-117.1661606,426.90,2.00,WIFI
F6:CB:BC:BE:CD:4A,,[WPA2],2025-12-5 0:43:43,11,-85,34.0448418,-117.1661606,426.90,2.00,WIFI
FA:CB:BC:BE:CD:4A,ECCStaff,[WPA2_PSK],2025-12-5 0:43:43,11,-86,34.0448418,-117.1661606,426.90,2.00,WIFI
FE:CB:BC:BE:CD:4A,ECCMedia,[WPA2_PSK],2025-12-5 0:43:43,11,-86,34.0448418,-117.1661606,426.90,2.00,WIFI
26:E8:29:64:BB:F5,,[WPA2_PSK],2025-12-5 0:43:43,11,-89,34.0448418,-117.1661606,426.90,2.00,WIFI
6C:99:61:D6:E0:1E,Mala,[WPA2_PSK],2025-12-5 0:43:45,1,-82,34.0449638,-117.1663818,426.20,2.00,WIFI
A0:89:66:E1:89:84,,[WPA_WPA2_PSK],2025-12-5 0:43:45,1,-83,34.0449638,-117.1663818,426.20,2.00,WIFI
F6:CB:BC:BE:C0:B1,,[WPA2],2025-12-5 0:43:45,1,-89,34.0449638,-117.1663818,426.20,2.00,WIFI
4C:19:5D:85:2C:0F,SpectrumSetup-09,[WPA2_PSK],2025-12-5 0:43:45,1,-90,34.0449638,-117.1663818,426.20,2.00,WIFI
F0:72:EA:84:64:8A,Sidhant Nest,[WPA2_PSK],2025-12-5 0:43:45,1,-91,34.0449638,-117.1663818,426.20,2.00,WIFI
8E:CE:4E:32:7F:23,LED2,[WPA_WPA2_PSK],2025-12-5 0:43:45,1,-92,34.0449638,-117.1663818,426.20,2.00,WIFI
3A:98:B5:FF:37:94,RDPes,[WPA2_WPA3_PSK],2025-12-5 0:43:50,4,-76,34.0453796,-117.1669922,423.90,2.00,WIFI
42:98:B5:FF:37:94,RDPes-IoT,[WPA2_PSK],2025-12-5 0:43:50,4,-77,34.0453796,-117.1669922,423.90,2.00,WIFI
A8:29:48:93:8A:A5,TP-Link_8AA5,[WPA2_PSK],2025-12-5 0:43:50,4,-87,34.0453796,-117.1669922,423.90,2.00,WIFI
F8:3E:B0:22:98:9E,TMOBILE-he,[WPA2_WPA3_PSK],2025-12-5 0:43:51,5,-92,34.0454712,-117.1671143,423.40,2.00,WIFI
E6:5E:1B:89:AE:69,Sidhant Guest,[WPA2_PSK],2025-12-5 0:43:52,6,-73,34.0455666,-117.1672211,422.80,2.00,WIFI
E4:5E:1B:89:AE:6A,Sidhant Nest,[WPA2_PSK],2025-12-5 0:43:52,6,-78,34.0455666,-117.1672211,422.80,2.00,WIFI
D0:6D:C9:2E:72:C6,Frontier0166,[WPA2_PSK],2025-12-5 0:43:52,6,-81,34.0455666,-117.1672211,422.80,2.00,WIFI
F0:72:EA:75:5C:62,Sidhant Nest,[WPA2_PSK],2025-12-5 0:43:52,6,-81,34.0455666,-117.1672211,422.80,2.00,WIFI
FA:8F:CA:60:40:C4,Family Room speaker.o_,[OPEN],2025-12-5 0:43:52,6,-86,34.0455666,-117.1672211,422.80,2.00,WIFI
B0:E4:D5:22:74:30,Sidhant Nest,[WPA2_PSK],2025-12-5 0:43:57,11,-65,34.0460777,-117.1677780,420.20,2.00,WIFI
B2:E4:D5:22:74:30,Sidhant Guest,[WPA2_PSK],2025-12-5 0:43:57,11,-65,34.0460777,-117.1677780,420.20,2.00,WIFI
44:AC:85:FA:3D:A6,petecj7,[WPA2_PSK],2025-12-5 0:43:57,11,-70,34.0460777,-117.1677780,420.20,2.00,WIFI
88:67:46:7F:51:46,Redwave24,[WPA2_PSK],2025-12-5 0:43:57,11,-84,34.0460777,-117.1677780,420.20,2.00,WIFI
88:67:46:7F:51:43,,[WPA3_PSK],2025-12-5 0:43:57,11,-85,34.0460777,-117.1677780,420.20,2.00,WIFI
F0:7B:65:5E:13:97,SpectrumSetup-1391,[WPA2_PSK],2025-12-5 0:43:59,1,-80,34.0462914,-117.1679840,419.30,2.00,WIFI
F2:72:EA:84:64:89,Sidhant Guest,[WPA2_PSK],2025-12-5 0:43:59,1,-83,34.0462914,-117.1679840,419.30,2.00,WIFI
A0:89:66:9F:12:28,,[WPA_WPA2_PSK],2025-12-5 0:43:59,1,-84,34.0462914,-117.1679840,419.30,2.00,WIFI
4C:19:5D:58:6F:98,SpectrumSetup-92,[WPA2_PSK],2025-12-5 0:43:59,1,-86,34.0462914,-117.1679840,419.30,2.00,WIFI
38:E1:F4:97:CB:B7,TMOBILE-CBB1,[WPA2_WPA3_PSK],2025-12-5 0:43:59,1,-86,34.0462914,-117.1679840,419.30,2.00,WIFI
B0:FC:88:31:E7:7F,SpectrumSetup-79,[WPA2_PSK],2025-12-5 0:43:59,1,-87,34.0462914,-117.1679840,419.30,2.00,WIFI
00:C8:96:CD:45:1A,,[WPA_WPA2_PSK],2025-12-5 0:43:59,1,-87,34.0462914,-117.1679840,419.30,2.00,WIFI
F8:5B:3B:0A:C6:D5,SpectrumSetup-D7,[WPA2_PSK],2025-12-5 0:43:59,1,-88,34.0462914,-117.1679840,419.30,2.00,WIFI
A4:97:33:4F:B3:C5,SpectrumSetup-C7,[WPA2_PSK],2025-12-5 0:44:6,6,-72,34.0469208,-117.1685486,416.40,2.00,WIFI
DE:CB:BC:B7:3B:93,,[WPA2_PSK],2025-12-5 0:44:6,6,-83,34.0469208,-117.1685486,416.40,2.00,WIFI
FC:12:63:F2:88:76,Verizon_TWS974,[WPA2_PSK],2025-12-5 0:44:6,6,-85,34.0469208,-117.1685486,416.40,2.00,WIFI
FC:3F:A6:F7:36:86,JumboTron,[WPA2_PSK],2025-12-5 0:44:11,11,-75,34.0471535,-117.1687393,415.50,2.00,WIFI
B0:BB:E5:2B:D1:1E,SpectrumSetup-18,[WPA2_PSK],2025-12-5 0:44:13,1,-82,34.0471649,-117.1687546,415.40,2.00,WIFI
B0:FC:88:3D:CB:38,SpectrumSetup-32,[WPA2_PSK],2025-12-5 0:44:13,1,-89,34.0471649,-117.1687546,415.40,2.00,WIFI
1C:61:B4:A9:89:C6,SpectrumSetup-D7_EXT,[WPA2_PSK],2025-12-5 0:44:13,1,-90,34.0471649,-117.1687546,415.40,2.00,WIFI
CC:28:AA:AA:B7:78,a1b2c3d4,[WPA2_PSK],2025-12-5 0:44:16,2,-84,34.0471649,-117.1687546,415.30,2.00,WIFI
12:36:C9:0F:0A:F9,,[WPA2_PSK],2025-12-5 0:44:17,3,-83,34.0471649,-117.1687546,415.20,2.00,WIFI
16:36:C9:0F:0A:F9,BCFitnessCafe,[WPA2_PSK],2025-12-5 0:44:17,3,-87,34.0471649,-117.1687546,415.20,2.00,WIFI
0E:36:C9:10:ED:A1,BikecoachSecure,[WPA2_PSK],2025-12-5 0:44:17,3,-91,34.0471649,-117.1687546,415.20,2.00,WIFI
B4:62:2E:4B:79:BD,Moxee Tether29_2.4G,[WPA_WPA2_PSK],2025-12-5 0:44:18,4,-89,34.0471687,-117.1687546,415.10,2.00,WIFI
0C:EF:15:2B:3D:02,Ivans net,[WPA2_WPA3_PSK],2025-12-5 0:44:19,5,-85,34.0471687,-117.1687546,415.10,2.00,WIFI
06:CD:2D:72:59:A2,BUICK7389,[WPA2_WPA3_PSK],2025-12-5 0:44:20,6,-83,34.0471687,-117.1687546,415.00,2.00,WIFI
58:11:22:70:07:F8,SpectrumSetup-57_2.4G,[WPA2_WPA3_PSK],2025-12-5 0:44:20,6,-85,34.0471687,-117.1687546,415.00,2.00,WIFI
2E:80:88:EE:74:3C,Halo Red,[WPA2_PSK],2025-12-5 0:44:23,9,-80,34.0471687,-117.1687546,414.90,2.00,WIFI
32:80:88:F1:1F:D9,,[WPA2_PSK],2025-12-5 0:44:23,9,-92,34.0471687,-117.1687546,414.90,2.00,WIFI
FC:3F:A6:F7:36:89,,[OPEN],2025-12-5 0:44:25,11,-72,34.0471687,-117.1687469,414.80,2.00,WIFI
FC:3F:A6:F7:36:83,,[WPA3_PSK],2025-12-5 0:44:25,11,-73,34.0471687,-117.1687469,414.80,2.00,WIFI
A8:F7:D9:92:50:E2,Chase_Guest,[OPEN],2025-12-5 0:44:27,1,-90,34.0471687,-117.1687469,414.80,2.00,WIFI
0C:EF:15:2B:3D:0E,Ivans net,[WPA2_WPA3_PSK],2025-12-5 0:44:30,2,-89,34.0471725,-117.1687469,414.70,2.00,WIFI
0E:36:C9:0F:0A:F9,BikecoachSecure,[WPA2_PSK],2025-12-5 0:44:31,3,-87,34.0471725,-117.1687469,414.60,2.00,WIFI
34:DB:9C:74:04:0E,MySpectrumWiFi08-2G,[WPA2_PSK],2025-12-5 0:44:34,6,-84,34.0471725,-117.1687469,414.50,2.00,WIFI
32:B4:B8:29:1B:27,My VW 1797,[WPA2_PSK],2025-12-5 0:44:34,6,-86,34.0471725,-117.1687469,414.50,2.00,WIFI
2E:80:88:F1:1F:D9,Halo Red,[WPA2_PSK],2025-12-5 0:44:37,9,-94,34.0471725,-117.1687469,414.40,2.00,WIFI
08:7B:12:4B:FE:CD,Ibarra,[WPA2_PSK],2025-12-5 0:44:39,11,-79,34.0471725,-117.1687469,414.30,2.00,WIFI
16:36:C9:10:EA:77,BCFitnessCafe,[WPA2_PSK],2025-12-5 0:44:45,3,-89,34.0471725,-117.1687469,414.20,2.00,WIFI
52:D3:CF:D5:5A:8E,OrangeGrovePT-Guest,[WPA2_PSK],2025-12-5 0:44:53,11,-87,34.0471764,-117.1687469,414.10,2.00,WIFI
88:67:46:7F:51:49,,[OPEN],2025-12-5 0:44:53,11,-88,34.0471764,-117.1687469,414.10,2.00,WIFI
16:36:C9:10:ED:A1,BCFitnessCafe,[WPA2_PSK],2025-12-5 0:44:59,3,-89,34.0471764,-117.1687469,414.10,2.00,WIFI
CA:6A:0A:36:33:48,BUICK2169,[WPA2_WPA3_PSK],2025-12-5 0:45:2,6,-84,34.0471764,-117.1687469,414.10,2.00,WIFI
32:80:88:EE:74:3C,,[WPA2_PSK],2025-12-5 0:45:5,9,-76,34.0471764,-117.1687469,414.10,2.00,WIFI
90:D3:CF:D5:5A:8E,OrangeGrovePT,[WPA2_PSK],2025-12-5 0:45:7,11,-86,34.0471764,-117.1687469,414.10,2.00,WIFI
DE:FE:23:24:CB:23,DIRECT-t5-Car_7e43,[WPA2_PSK],2025-12-5 0:45:10,1,-80,34.0471764,-117.1687469,414.20,2.00,WIFI
12:EF:15:2B:3D:02,,[WPA2_PSK],2025-12-5 0:45:15,5,-85,34.0471764,-117.1687469,414.10,2.00,WIFI
C4:A8:16:8A:20:46,fantasticwifi,[WPA2_PSK],2025-12-5 0:45:24,1,-81,34.0472336,-117.1688538,413.70,2.00,WIFI
20:3A:0C:B4:79:86,arvinger,[WPA2_PSK],2025-12-5 0:45:24,1,-83,34.0472336,-117.1688538,413.70,2.00,WIFI
D8:A7:56:72:5F:3E,MySpectrumWiFi38-2G,[WPA2_PSK],2025-12-5 0:45:24,1,-89,34.0472336,-117.1688538,413.70,2.00,WIFI
A0:89:66:F8:EA:89,,[WPA_WPA2_PSK],2025-12-5 0:45:24,1,-91,34.0472336,-117.1688538,413.70,2.00,WIFI
E6:CB:BC:B7:3B:93,GRS,[WPA2_PSK],2025-12-5 0:45:30,6,-75,34.0469856,-117.1693649,414.20,2.00,WIFI
B6:19:21:5D:AF:F4,,[WPA2_PSK],2025-12-5 0:45:30,6,-83,34.0469856,-117.1693649,414.20,2.00,WIFI
00:1D:C9:09:02:C6,REMOTE32kunz,[WPA2_PSK],2025-12-5 0:45:32,8,-88,34.0468559,-117.1695862,414.70,2.00,WIFI
66:A4:B7:92:35:C2,Mortenson_Guest,[WPA2_PSK],2025-12-5 0:45:34,10,-88,34.0467262,-117.1698151,415.00,2.00,WIFI
60:A4:B7:92:35:3A,Mortenson,[WPA2_PSK],2025-12-5 0:45:34,10,-88,34.0467262,-117.1698151,415.00,2.00,WIFI
84:A0:6E:D5:84:2E,Theyellowdoor-2G,[WPA2_PSK],2025-12-5 0:45:35,11,-82,34.0466614,-117.1699371,415.10,2.00,WIFI
40:2B:50:7E:E8:30,Frontier5648,[WPA2_PSK],2025-12-5 0:45:35,11,-84,34.0466614,-117.1699371,415.10,2.00,WIFI
D4:3F:32:1B:B6:C6,Frontier 1088,[WPA2_PSK],2025-12-5 0:45:38,1,-60,34.0464630,-117.1702957,415.40,2.00,WIFI
28:EC:22:1A:12:69,,[OPEN],2025-12-5 0:45:38,1,-63,34.0464630,-117.1702957,415.40,2.00,WIFI
28:EC:22:1A:12:63,,[WPA3_PSK],2025-12-5 0:45:38,1,-64,34.0464630,-117.1702957,415.40,2.00,WIFI
A0:40:A0:91:58:E2,NETGEAR98,[WPA2_PSK],2025-12-5 0:45:38,1,-71,34.0464630,-117.1702957,415.40,2.00,WIFI
94:F7:17:83:E7:50,,[WPA_WPA2_PSK],2025-12-5 0:45:38,1,-76,34.0464630,-117.1702957,415.40,2.00,WIFI
00:68:EB:2B:5B:2F,DIRECT-2E-HP OfficeJet 3830,[WPA2_PSK],2025-12-5 0:45:38,1,-81,34.0464630,-117.1702957,415.40,2.00,WIFI
F2:A7:31:25:E3:B3,,[WPA2_PSK],2025-12-5 0:45:42,4,-69,34.0461922,-117.1707916,416.70,2.00,WIFI
F2:A7:31:35:E3:B3,TP-Link_IoT_E3B3,[WPA2_PSK],2025-12-5 0:45:42,4,-71,34.0461922,-117.1707916,416.70,2.00,WIFI
24:F3:E3:B2:1E:83,,[WPA3_PSK],2025-12-5 0:45:44,6,-70,34.0460472,-117.1710434,417.30,2.00,WIFI
F0:B6:61:BE:BF:6A,,[OPEN],2025-12-5 0:45:44,6,-75,34.0460472,-117.1710434,417.30,2.00,WIFI
24:2D:6C:1A:E5:48,OrieroWifi,[WPA2_PSK],2025-12-5 0:45:44,6,-78,34.0460472,-117.1710434,417.30,2.00,WIFI
24:F3:E3:C0:94:03,,[WPA3_PSK],2025-12-5 0:45:44,6,-80,34.0460472,-117.1710434,417.30,2.00,WIFI
24:2D:6C:1A:E5:45,,[WPA3_PSK],2025-12-5 0:45:44,6,-82,34.0460472,-117.1710434,417.30,2.00,WIFI
24:2D:6C:17:40:CB,,[OPEN],2025-12-5 0:45:44,6,-84,34.0460472,-117.1710434,417.30,2.00,WIFI
70:3A:CB:CB:2A:2D,Quaternion,[WPA2_PSK],2025-12-5 0:45:44,6,-86,34.0460472,-117.1710434,417.30,2.00,WIFI
E2:D3:62:2E:92:02,,[WPA2_PSK],2025-12-5 0:45:48,10,-94,34.0457687,-117.1715546,419.20,2.00,WIFI
CC:F4:11:06:89:3B,RBW-MESH,[WPA2_PSK],2025-12-5 0:45:49,11,-72,34.0457001,-117.1716766,419.70,2.00,WIFI
F8:5B:3B:82:AD:BB,SpectrumSetup-BD,[WPA2_PSK],2025-12-5 0:45:49,11,-76,34.0457001,-117.1716766,419.70,2.00,WIFI
CC:40:D0:F5:3E:64,NETGEAR29,[WPA2_PSK],2025-12-5 0:45:49,11,-79,34.0457001,-117.1716766,419.70,2.00,WIFI
28:EC:22:7C:23:46,Frontier 1088,[WPA2_PSK],2025-12-5 0:45:49,11,-79,34.0457001,-117.1716766,419.70,2.00,WIFI
28:EC:22:7C:23:43,,[WPA3_PSK],2025-12-5 0:45:49,11,-80,34.0457001,-117.1716766,419.70,2.00,WIFI
28:EC:22:7C:23:49,,[OPEN],2025-12-5 0:45:49,11,-80,34.0457001,-117.1716766,419.70,2.00,WIFI
A4:99:A8:0F:24:43,,[WPA3_PSK],2025-12-5 0:45:49,11,-80,34.0457001,-117.1716766,419.70,2.00,WIFI
A4:99:A8:0F:24:46,skip,[WPA2_PSK],2025-12-5 0:45:49,11,-82,34.0457001,-117.1716766,419.70,2.00,WIFI
74:37:5F:27:5B:6B,Maytag Laundry,[WPA2_PSK],2025-12-5 0:45:52,1,-68,34.0455017,-117.1720428,419.90,2.00,WIFI
20:9A:7D:F8:54:1E,SpectrumSetup-18,[WPA2_PSK],2025-12-5 0:45:52,1,-75,34.0455017,-117.1720428,419.90,2.00,WIFI
34:53:D2:F2:E8:7E,SpectrumSetup-78,[WPA2_PSK],2025-12-5 0:45:52,1,-78,34.0455017,-117.1720428,419.90,2.00,WIFI
B8:66:85:63:AF:8E,MySpectrumWiFi88-2G,[WPA2_PSK],2025-12-5 0:45:52,1,-81,34.0455017,-117.1720428,419.90,2.00,WIFI
4C:19:5D:34:D2:3E,SpectrumSetup-38,[WPA2_PSK],2025-12-5 0:45:52,1,-82,34.0455017,-117.1720428,419.90,2.00,WIFI
C8:B4:22:C0:DD:E1,MySpectrumWiFiE3-2G,[WPA2_PSK],2025-12-5 0:45:52,1,-83,34.0455017,-117.1720428,419.90,2.00,WIFI
14:7D:05:50:A1:6F,SpectrumSetup-6D,[WPA2_PSK],2025-12-5 0:45:52,1,-86,34.0455017,-117.1720428,419.90,2.00,WIFI
70:5A:0F:56:F5:DB,DIRECT-7C-HP OfficeJet 3830,[WPA2_PSK],2025-12-5 0:45:52,1,-91,34.0455017,-117.1720428,419.90,2.00,WIFI
E8:D2:FF:B2:E0:A6,SpectrumSetup-A0,[WPA2_PSK],2025-12-5 0:45:52,1,-91,34.0455017,-117.1720428,419.90,2.00,WIFI
80:DA:13:88:A1:EF,Constitution2 Guest,[WPA2_PSK],2025-12-5 0:45:59,6,-69,34.0450325,-117.1728821,421.30,2.00,WIFI
80:DA:13:88:A1:E6,Constitution2,[WPA2_PSK],2025-12-5 0:45:59,6,-70,34.0450325,-117.1728821,421.30,2.00,WIFI
80:DA:13:88:A1:E9,,[OPEN],2025-12-5 0:45:59,6,-75,34.0450325,-117.1728821,421.30,2.00,WIFI
80:DA:13:88:A1:E3,,[WPA3_PSK],2025-12-5 0:45:59,6,-75,34.0450325,-117.1728821,421.30,2.00,WIFI
E6:9F:C2:03:A4:92,,[WPA2_PSK],2025-12-5 0:45:59,6,-82,34.0450325,-117.1728821,421.30,2.00,WIFI
FA:A2:6D:73:98:FF,DIRECT-M5FF-TR4500series,[WPA2_PSK],2025-12-5 0:45:59,6,-86,34.0450325,-117.1728821,421.30,2.00,WIFI
4C:AB:F8:34:58:B9,SpectrumSetup-E8,[WPA2_PSK],2025-12-5 0:45:59,6,-86,34.0450325,-117.1728821,421.30,2.00,WIFI
F0:7B:65:10:0E:EB,SpectrumSetup-0EE5,[WPA2_PSK],2025-12-5 0:45:59,6,-87,34.0450325,-117.1728821,421.30,2.00,WIFI
E0:D3:62:1E:92:02,TP-Link_9202,[WPA2_PSK],2025-12-5 0:46:3,10,-69,34.0447464,-117.1734009,421.00,2.00,WIFI
88:67:46:79:D6:A3,,[WPA3_PSK],2025-12-5 0:46:4,11,-72,34.0446777,-117.1735382,420.80,2.00,WIFI
88:67:46:79:D6:A9,,[OPEN],2025-12-5 0:46:4,11,-72,34.0446777,-117.1735382,420.80,2.00,WIFI
A4:99:A8:0F:24:49,,[OPEN],2025-12-5 0:46:4,11,-72,34.0446777,-117.1735382,420.80,2.00,WIFI
F0:81:75:F8:B9:CE,SpectrumSetup-C8,[WPA2_PSK],2025-12-5 0:46:4,11,-76,34.0446777,-117.1735382,420.80,2.00,WIFI
88:67:46:79:D6:A6,skip,[WPA2_PSK],2025-12-5 0:46:4,11,-78,34.0446777,-117.1735382,420.80,2.00,WIFI
A0:8A:06:9C:DE:03,Heidehome,[WPA2_PSK],2025-12-5 0:46:4,11,-81,34.0446777,-117.1735382,420.80,2.00,WIFI
E6:9F:C2:03:AE:81,,[WPA2_PSK],2025-12-5 0:46:4,11,-90,34.0446777,-117.1735382,420.80,2.00,WIFI
2C:67:BE:47:49:91,SpectrumSetup-498D,[WPA2_PSK],2025-12-5 0:46:4,11,-91,34.0446777,-117.1735382,420.80,2.00,WIFI
C4:EB:39:7B:51:81,Frontier0457,[OPEN],2025-12-5 0:46:4,11,-92,34.0446777,-117.1735382,420.80,2.00,WIFI
74:37:5F:70:0A:AB,SpectrumSetup-A9,[WPA2_PSK],2025-12-5 0:46:7,1,-64,34.0445023,-117.1738434,420.60,2.00,WIFI
A0:89:66:94:7B:F0,,[WPA_WPA2_PSK],2025-12-5 0:46:7,1,-68,34.0445023,-117.1738434,420.60,2.00,WIFI
00:AB:48:86:B5:43,,[WPA3_PSK],2025-12-5 0:46:7,1,-76,34.0445023,-117.1738434,420.60,2.00,WIFI
00:AB:48:86:B5:45,Taxgirls,[WPA2_PSK],2025-12-5 0:46:7,1,-76,34.0445023,-117.1738434,420.60,2.00,WIFI
7C:DB:98:6B:BF:61,Whitlock,[WPA2_PSK],2025-12-5 0:46:7,1,-77,34.0445023,-117.1738434,420.60,2.00,WIFI
00:AB:48:86:B5:47,,[OPEN],2025-12-5 0:46:7,1,-78,34.0445023,-117.1738434,420.60,2.00,WIFI
5A:47:5E:B7:4B:CF,Ring-b74bcf,[OPEN],2025-12-5 0:46:7,1,-84,34.0445023,-117.1738434,420.60,2.00,WIFI
88:57:1D:CC:D0:7A,[range]_E30AJT7113236V,[WPA2_PSK],2025-12-5 0:46:7,1,-85,34.0445023,-117.1738434,420.60,2.00,WIFI
5C:62:8B:AE:D9:7E,,[WPA_WPA2_PSK],2025-12-5 0:46:8,2,-77,34.0444717,-117.1739044,420.60,2.00,WIFI
5E:62:8B:2E:D9:7E,DecoTPLink,[WPA2_PSK],2025-12-5 0:46:8,2,-80,34.0444717,-117.1739044,420.60,2.00,WIFI
80:CC:9C:B9:61:A6,NETGEAR42,[WPA2_PSK],2025-12-5 0:46:11,4,-87,34.0444298,-117.1739731,420.50,2.00,WIFI
7C:7E:F9:67:0E:44,peggy,[WPA2_PSK],2025-12-5 0:46:13,6,-80,34.0444183,-117.1740036,420.50,2.00,WIFI
96:57:A5:09:FC:A2,DIRECT-A2-HP ENVY Photo 7100,[WPA2_PSK],2025-12-5 0:46:13,6,-84,34.0444183,-117.1740036,420.50,2.00,WIFI
E8:AD:A6:5F:DA:2E,MySpectrumWiFi28-2G,[WPA2_PSK],2025-12-5 0:46:18,11,-74,34.0442696,-117.1742706,420.20,2.00,WIFI
E4:19:7F:8D:15:C3,,[WPA3_PSK],2025-12-5 0:46:18,11,-79,34.0442696,-117.1742706,420.20,2.00,WIFI
E4:19:7F:8D:15:C9,,[OPEN],2025-12-5 0:46:18,11,-79,34.0442696,-117.1742706,420.20,2.00,WIFI
78:76:89:31:CC:8A,,[OPEN],2025-12-5 0:46:18,11,-80,34.0442696,-117.1742706,420.20,2.00,WIFI
78:76:89:31:CC:87,Giselle,[WPA2_PSK],2025-12-5 0:46:18,11,-80,34.0442696,-117.1742706,420.20,2.00,WIFI
E4:19:7F:8D:15:C6,home G-A,[WPA2_PSK],2025-12-5 0:46:18,11,-83,34.0442696,-117.1742706,420.20,2.00,WIFI
DC:69:B5:ED:90:43,,[WPA3_PSK],2025-12-5 0:46:18,11,-86,34.0442696,-117.1742706,420.20,2.00,WIFI
DC:69:B5:ED:90:49,,[OPEN],2025-12-5 0:46:18,11,-86,34.0442696,-117.1742706,420.20,2.00,WIFI
DC:69:B5:ED:90:46,skip,[WPA2_PSK],2025-12-5 0:46:18,11,-86,34.0442696,-117.1742706,420.20,2.00,WIFI
FC:3D:73:A2:3A:03,,[WPA3_PSK],2025-12-5 0:46:18,11,-87,34.0442696,-117.1742706,420.20,2.00,WIFI
B8:66:85:C8:B6:26,MySpectrumWiFi20-2G,[WPA2_PSK],2025-12-5 0:46:18,11,-88,34.0442696,-117.1742706,420.20,2.00,WIFI
AC:3B:77:1C:DF:40,MySpectrumWiFi3a-2G,[WPA2_PSK],2025-12-5 0:46:18,11,-93,34.0442696,-117.1742706,420.20,2.00,WIFI
D0:BF:9C:CD:EB:48,DIRECT-47-HP ENVY 7640 series,[WPA2_PSK],2025-12-5 0:46:18,1,-78,34.0442696,-117.1742706,420.20,2.00,WIFI
80:78:71:49:B9:99,SpectrumSetup-9B,[WPA2_PSK],2025-12-5 0:46:18,1,-81,34.0442696,-117.1742706,420.20,2.00,WIFI
D4:A9:28:15:35:1A,FiOS-2XI95,[WPA2_PSK],2025-12-5 0:46:18,1,-85,34.0442696,-117.1742706,420.20,2.00,WIFI
00:AB:48:B7:4A:07,,[OPEN],2025-12-5 0:46:18,1,-87,34.0442696,-117.1742706,420.20,2.00,WIFI
00:AB:48:B7:4A:03,,[WPA3_PSK],2025-12-5 0:46:18,1,-87,34.0442696,-117.1742706,420.20,2.00,WIFI
E4:8E:10:D0:DC:64,,[WPA_WPA2_PSK],2025-12-5 0:46:18,1,-89,34.0442696,-117.1742706,420.20,2.00,WIFI
30:3A:4A:8E:B2:03,,[WPA3_PSK],2025-12-5 0:46:18,1,-90,34.0442696,-117.1742706,420.20,2.00,WIFI
84:1E:A3:31:F4:06,SpectrumSetup-00,[WPA2_PSK],2025-12-5 0:46:27,6,-86,34.0437851,-117.1751633,418.60,2.00,WIFI
54:47:CC:F5:A3:46,Frontier0521,[WPA2_PSK],2025-12-5 0:46:27,6,-87,34.0437851,-117.1751633,418.60,2.00,WIFI
30:FD:38:F0:84:82,casadobe,[WPA2_PSK],2025-12-5 0:46:27,6,-93,34.0437851,-117.1751633,418.60,2.00,WIFI
00:54:AF:2A:A2:60,HotspotA260,[WPA_WPA2_PSK],2025-12-5 0:46:29,8,-76,34.0436554,-117.1753922,418.80,2.00,WIFI
78:D6:D6:58:E8:67,,[OPEN],2025-12-5 0:46:34,1,-82,34.0433121,-117.1760101,418.80,2.00,WIFI
78:D6:D6:58:E8:63,,[WPA3_PSK],2025-12-5 0:46:34,1,-83,34.0433121,-117.1760101,418.80,2.00,WIFI
78:D6:D6:58:E8:65,WeeFee,[WPA2_PSK],2025-12-5 0:46:34,1,-83,34.0433121,-117.1760101,418.80,2.00,WIFI
8C:3B:AD:17:1A:B1,FiOS-338GG_EXT,[WPA2_PSK],2025-12-5 0:46:34,1,-87,34.0433121,-117.1760101,418.80,2.00,WIFI
34:5D:9E:C3:AA:26,Frontier0025,[WPA2_PSK],2025-12-5 0:46:34,1,-87,34.0433121,-117.1760101,418.80,2.00,WIFI
A0:89:66:F7:4A:09,,[WPA_WPA2_PSK],2025-12-5 0:46:34,1,-89,34.0433121,-117.1760101,418.80,2.00,WIFI
34:98:B5:33:22:E1,K6M7F_2GEXT,[WPA_WPA2_PSK],2025-12-5 0:46:34,1,-90,34.0433121,-117.1760101,418.80,2.00,WIFI
BC:75:36:4A:F8:41,TOYOTA RAV4_f841364abc75,[WPA2_PSK],2025-12-5 0:46:34,1,-91,34.0433121,-117.1760101,418.80,2.00,WIFI
5C:FA:25:D5:D1:F4,SpectrumSetup-EE,[WPA2_PSK],2025-12-5 0:46:41,6,-73,34.0428276,-117.1768799,417.30,2.00,WIFI
88:DE:7C:32:FF:F9,SpectrumSetup-FB,[WPA2_PSK],2025-12-5 0:46:41,6,-86,34.0428276,-117.1768799,417.30,2.00,WIFI
3E:6C:FB:27:BB:6D,StarLouie,[WPA2_PSK],2025-12-5 0:46:41,6,-86,34.0428276,-117.1768799,417.30,2.00,WIFI
3E:6C:FB:57:BB:6D,,[WPA2_PSK],2025-12-5 0:46:41,6,-88,34.0428276,-117.1768799,417.30,2.00,WIFI
D4:3F:32:2B:15:23,,[WPA3_PSK],2025-12-5 0:46:41,6,-88,34.0428276,-117.1768799,417.30,2.00,WIFI
B8:7B:D4:C8:24:07,Butt Pirates Ahoy!,[WPA2_PSK],2025-12-5 0:46:41,6,-89,34.0428276,-117.1768799,417.30,2.00,WIFI
3E:6C:FB:87:BB:6D,,[WPA2_PSK],2025-12-5 0:46:41,6,-91,34.0428276,-117.1768799,417.30,2.00,WIFI
C4:41:1E:4F:AC:64,dodgers,[WPA2_PSK],2025-12-5 0:46:42,7,-89,34.0427589,-117.1770020,417.10,2.00,WIFI
E0:E1:A9:20:F6:EB,TGVi's-2.4G,[OPEN],2025-12-5 0:46:45,10,-91,34.0425568,-117.1773758,416.40,2.00,WIFI
F0:B6:61:19:D7:A4,,[WPA3_PSK],2025-12-5 0:46:46,11,-74,34.0424881,-117.1775055,416.30,2.00,WIFI
FC:3F:A6:F7:A1:C3,,[WPA3_PSK],2025-12-5 0:46:46,11,-75,34.0424881,-117.1775055,416.30,2.00,WIFI
F0:B6:61:19:D7:AA,,[OPEN],2025-12-5 0:46:46,11,-76,34.0424881,-117.1775055,416.30,2.00,WIFI
64:67:72:5C:CE:57,SuperNet10,[WPA2_PSK],2025-12-5 0:46:46,11,-78,34.0424881,-117.1775055,416.30,2.00,WIFI
F0:B6:61:19:D7:A7,Doris,[WPA2_PSK],2025-12-5 0:46:46,11,-78,34.0424881,-117.1775055,416.30,2.00,WIFI
FC:3F:A6:F7:A1:C6,Helen,[WPA2_PSK],2025-12-5 0:46:46,11,-80,34.0424881,-117.1775055,416.30,2.00,WIFI
DE:EC:5E:48:30:19,,[WPA2_PSK],2025-12-5 0:46:46,11,-90,34.0424881,-117.1775055,416.30,2.00,WIFI
F4:05:95:9F:17:55,SpectrumSetup-4F,[WPA2_PSK],2025-12-5 0:46:48,1,-69,34.0423431,-117.1777496,415.90,2.00,WIFI
78:20:51:3E:12:54,SpectrumSetup-80_EXT,[WPA2_PSK],2025-12-5 0:46:48,1,-77,34.0423431,-117.1777496,415.90,2.00,WIFI
54:04:63:C8:48:11,,[WPA_WPA2_PSK],2025-12-5 0:46:48,1,-78,34.0423431,-117.1777496,415.90,2.00,WIFI
00:C8:96:D1:0F:DA,,[WPA_WPA2_PSK],2025-12-5 0:46:48,1,-79,34.0423431,-117.1777496,415.90,2.00,WIFI
78:21:84:67:D1:09,ModernFormsFan_67D108,[WPA2_PSK],2025-12-5 0:46:48,1,-84,34.0423431,-117.1777496,415.90,2.00,WIFI
60:57:47:9C:97:BE,,[WPA_WPA2_PSK],2025-12-5 0:46:48,1,-92,34.0423431,-117.1777496,415.90,2.00,WIFI
10:2C:B1:C9:D3:BB,,[WPA_WPA2_PSK],2025-12-5 0:46:51,2,-88,34.0421257,-117.1781540,415.10,2.00,WIFI
80:69:1A:B8:78:13,H Network,[WPA2_PSK],2025-12-5 0:46:52,3,-64,34.0420494,-117.1782913,414.90,2.00,WIFI
86:69:1A:B8:78:13,,[WPA2_PSK],2025-12-5 0:46:52,3,-69,34.0420494,-117.1782913,414.90,2.00,WIFI
60:F4:19:E2:69:A3,,[WPA3_PSK],2025-12-5 0:46:55,6,-76,34.0418243,-117.1786957,414.70,2.00,WIFI
60:F4:19:3F:41:23,,[WPA3_PSK],2025-12-5 0:46:55,6,-76,34.0418243,-117.1786957,414.70,2.00,WIFI
60:F4:19:3F:41:29,,[OPEN],2025-12-5 0:46:55,6,-76,34.0418243,-117.1786957,414.70,2.00,WIFI
60:F4:19:3F:41:26,MacGuffin Manor,[WPA2_PSK],2025-12-5 0:46:55,6,-76,34.0418243,-117.1786957,414.70,2.00,WIFI
60:F4:19:E2:69:A9,,[OPEN],2025-12-5 0:46:55,6,-77,34.0418243,-117.1786957,414.70,2.00,WIFI
60:F4:19:E2:69:A6,Alvarez,[WPA2_PSK],2025-12-5 0:46:55,6,-77,34.0418243,-117.1786957,414.70,2.00,WIFI
D0:16:7C:23:CB:D6,,[OPEN],2025-12-5 0:46:55,6,-84,34.0418243,-117.1786957,414.70,2.00,WIFI
B0:2A:43:E4:61:B8,casadobe,[WPA2_PSK],2025-12-5 0:46:55,6,-86,34.0418243,-117.1786957,414.70,2.00,WIFI
3C:5C:F1:8D:AF:76,,[OPEN],2025-12-5 0:46:55,6,-87,34.0418243,-117.1786957,414.70,2.00,WIFI
1C:F2:9A:E5:A3:8A,casadobe,[WPA2_PSK],2025-12-5 0:46:55,6,-88,34.0418243,-117.1786957,414.70,2.00,WIFI
9C:0B:05:6B:E6:E4,,[WPA3_PSK],2025-12-5 0:46:55,6,-88,34.0418243,-117.1786957,414.70,2.00,WIFI
E8:AD:A6:54:05:D6,The Estate-2G,[WPA2_PSK],2025-12-5 0:46:57,8,-89,34.0416718,-117.1789703,414.80,2.00,WIFI
24:E5:0F:2B:2C:22,Affengeil,[WPA2_PSK],2025-12-5 0:47:1,11,-69,34.0413704,-117.1795120,415.30,2.00,WIFI
24:E5:0F:2B:31:77,Affengeil,[WPA2_PSK],2025-12-5 0:47:1,11,-72,34.0413704,-117.1795120,415.30,2.00,WIFI
20:3A:0C:47:11:09,,[OPEN],2025-12-5 0:47:1,11,-81,34.0413704,-117.1795120,415.30,2.00,WIFI
02:68:EB:D0:09:FD,DIRECT-FD-HP ENVY Photo 7800,[WPA2_PSK],2025-12-5 0:47:1,11,-88,34.0413704,-117.1795120,415.30,2.00,WIFI
02:67:BE:0A:C2:02,,[WPA2_PSK],2025-12-5 0:47:4,1,-74,34.0411453,-117.1799316,415.10,2.00,WIFI
2C:67:BE:0A:C2:00,NotYourWifi,[WPA2_PSK],2025-12-5 0:47:4,1,-76,34.0411453,-117.1799316,415.10,2.00,WIFI
E4:B0:63:C8:77:95,PL-WF105-9477,[OPEN],2025-12-5 0:47:4,1,-78,34.0411453,-117.1799316,415.10,2.00,WIFI
CC:40:D0:91:AC:60,NETGEAR68,[WPA2_PSK],2025-12-5 0:47:4,1,-81,34.0411453,-117.1799316,415.10,2.00,WIFI
FC:B2:D6:71:13:9A,,[WPA_WPA2_PSK],2025-12-5 0:47:4,1,-87,34.0411453,-117.1799316,415.10,2.00,WIFI
EC:9A:74:9D:7C:D2,HP-Print-D2-Officejet Pro 8600,[WPA2_PSK],2025-12-5 0:47:4,1,-88,34.0411453,-117.1799316,415.10,2.00,WIFI
B0:BB:E5:2E:88:7E,SpectrumSetup-78,[WPA2_PSK],2025-12-5 0:47:4,1,-88,34.0411453,-117.1799316,415.10,2.00,WIFI
D0:6D:C9:33:61:76,Frontier1665,[WPA2_PSK],2025-12-5 0:47:4,1,-90,34.0411453,-117.1799316,415.10,2.00,WIFI
1C:B0:44:DD:E7:B7,BIDNEY-2G,[WPA2_PSK],2025-12-5 0:47:4,1,-93,34.0411453,-117.1799316,415.10,2.00,WIFI
30:60:0A:25:24:54,,[WPA_WPA2_PSK],2025-12-5 0:47:4,1,-93,34.0411453,-117.1799316,415.10,2.00,WIFI
80:37:73:CA:43:AB,EX6100_NETGEAR_2GEXT,[OPEN],2025-12-5 0:47:4,2,-82,34.0411453,-117.1799316,415.10,2.00,WIFI
42:37:86:25:2D:11,ORBI08,[WPA2_PSK],2025-12-5 0:47:7,3,-87,34.0409203,-117.1803360,414.80,2.00,WIFI
42:37:86:23:7E:85,ORBI08,[WPA2_PSK],2025-12-5 0:47:7,3,-87,34.0409203,-117.1803360,414.80,2.00,WIFI
D4:3F:32:96:5E:63,,[WPA3_PSK],2025-12-5 0:47:10,6,-71,34.0406952,-117.1807556,414.30,2.00,WIFI
D4:3F:32:96:5E:69,,[OPEN],2025-12-5 0:47:10,6,-71,34.0406952,-117.1807556,414.30,2.00,WIFI
D4:3F:32:96:5E:66,Small Wonder24,[WPA2_WPA3_PSK],2025-12-5 0:47:10,6,-72,34.0406952,-117.1807556,414.30,2.00,WIFI
D4:3F:32:96:5E:6F,Small Wonder5,[WPA2_WPA3_PSK],2025-12-5 0:47:10,6,-73,34.0406952,-117.1807556,414.30,2.00,WIFI
B0:7F:B9:85:72:34,NETGEAR50,[WPA2_PSK],2025-12-5 0:47:10,6,-75,34.0406952,-117.1807556,414.30,2.00,WIFI
C4:A8:16:37:1E:8B,,[OPEN],2025-12-5 0:47:10,6,-75,34.0406952,-117.1807556,414.30,2.00,WIFI
C4:A8:16:37:1E:88,Angus Wifi,[WPA2_PSK],2025-12-5 0:47:10,6,-76,34.0406952,-117.1807556,414.30,2.00,WIFI
C4:A8:16:37:1E:91,Angus Wifi Guest,[WPA2_PSK],2025-12-5 0:47:10,6,-76,34.0406952,-117.1807556,414.30,2.00,WIFI
18:7F:88:99:11:EA,Ring Setup ea,[OPEN],2025-12-5 0:47:10,6,-83,34.0406952,-117.1807556,414.30,2.00,WIFI
8C:83:94:A0:E2:FD,Verizon_7SV7NS,[WPA2_PSK],2025-12-5 0:47:10,6,-83,34.0406952,-117.1807556,414.30,2.00,WIFI
78:76:89:38:80:EA,,[OPEN],2025-12-5 0:47:10,6,-83,34.0406952,-117.1807556,414.30,2.00,WIFI
C4:A8:16:36:8D:08,Angus Wifi,[WPA2_PSK],2025-12-5 0:47:10,6,-84,34.0406952,-117.1807556,414.30,2.00,WIFI
78:76:89:38:80:E4,,[WPA3_PSK],2025-12-5 0:47:10,6,-84,34.0406952,-117.1807556,414.30,2.00,WIFI
78:76:89:38:80:E7,Harker1,[WPA2_PSK],2025-12-5 0:47:10,6,-84,34.0406952,-117.1807556,414.30,2.00,WIFI
4C:01:43:EF:14:4F,Small Wonder5,[WPA2_WPA3_PSK],2025-12-5 0:47:10,6,-88,34.0406952,-117.1807556,414.30,2.00,WIFI
0C:AE:7D:BF:CD:05,,[WPA2_PSK],2025-12-5 0:47:10,6,-92,34.0406952,-117.1807556,414.30,2.00,WIFI
A0:04:60:CB:68:7D,NETGEAR72,[WPA2_PSK],2025-12-5 0:47:10,7,-71,34.0406952,-117.1807556,414.30,2.00,WIFI
70:5A:0F:7B:C6:9A,DIRECT-99-HP Officejet 5740,[WPA2_PSK],2025-12-5 0:47:10,7,-71,34.0406952,-117.1807556,414.30,2.00,WIFI
90:D3:CF:6F:1D:5D,SpectrumSetup-1D60,[WPA2_PSK],2025-12-5 0:47:16,11,-73,34.0404243,-117.1812286,413.80,2.00,WIFI
28:EC:22:26:50:C3,,[WPA3_PSK],2025-12-5 0:47:19,1,-77,34.0403976,-117.1812897,413.70,2.00,WIFI
D4:3F:32:90:6D:C3,,[WPA3_PSK],2025-12-5 0:47:19,1,-78,34.0403976,-117.1812897,413.70,2.00,WIFI
D4:3F:32:90:6D:C9,,[OPEN],2025-12-5 0:47:19,1,-78,34.0403976,-117.1812897,413.70,2.00,WIFI
28:EC:22:26:50:C9,,[OPEN],2025-12-5 0:47:19,1,-79,34.0403976,-117.1812897,413.70,2.00,WIFI
28:EC:22:26:50:C6,McClureWifi,[WPA2_PSK],2025-12-5 0:47:19,1,-79,34.0403976,-117.1812897,413.70,2.00,WIFI
D4:3F:32:90:6D:C6,McClureWifi,[WPA2_PSK],2025-12-5 0:47:19,1,-80,34.0403976,-117.1812897,413.70,2.00,WIFI
D4:3F:32:91:EB:C6,McClureWifi,[WPA2_PSK],2025-12-5 0:47:19,1,-81,34.0403976,-117.1812897,413.70,2.00,WIFI
94:F7:17:B7:FD:C0,,[WPA_WPA2_PSK],2025-12-5 0:47:19,1,-82,34.0403976,-117.1812897,413.70,2.00,WIFI
30:60:0A:3C:5F:80,,[WPA_WPA2_PSK],2025-12-5 0:47:19,1,-90,34.0403976,-117.1812897,413.70,2.00,WIFI
F4:69:42:A6:80:FD,SpectrumSetup-FF,[WPA2_PSK],2025-12-5 0:47:19,1,-93,34.0403976,-117.1812897,413.70,2.00,WIFI
6A:D7:9A:35:01:62,,[WPA2_PSK],2025-12-5 0:47:19,1,-96,34.0403976,-117.1812897,413.70,2.00,WIFI
3A:98:B5:FE:0F:DA,HolyGuacSpot,[WPA2_PSK],2025-12-5 0:47:22,3,-89,34.0403023,-117.1814575,413.40,2.00,WIFI
3E:98:B5:FE:0F:DA,HolyGuacamole,[WPA2_PSK],2025-12-5 0:47:22,3,-90,34.0403023,-117.1814575,413.40,2.00,WIFI
C8:9E:43:C5:EE:A3,HolyGuacSpot,[WPA2_PSK],2025-12-5 0:47:22,3,-92,34.0403023,-117.1814575,413.40,2.00,WIFI
3C:52:A1:20:47:94,Frontier9104_EXT,[WPA2_PSK],2025-12-5 0:47:25,6,-77,34.0401611,-117.1817245,412.70,2.00,WIFI
16:22:3B:1D:22:59,FIN-guest,[WPA2_PSK],2025-12-5 0:47:30,11,-88,34.0398712,-117.1822510,412.50,2.00,WIFI
F8:AA:3F:E9:33:2B,SpectrumSetup-29,[WPA2_PSK],2025-12-5 0:47:33,1,-69,34.0396957,-117.1825714,412.30,2.00,WIFI
06:67:BE:11:A1:CB,,[WPA2_PSK],2025-12-5 0:47:33,1,-81,34.0396957,-117.1825714,412.30,2.00,WIFI
06:67:BE:11:A1:CA,,[WPA2_PSK],2025-12-5 0:47:33,1,-82,34.0396957,-117.1825714,412.30,2.00,WIFI
F8:1A:2B:26:D0:14,FIN,[WPA2_PSK],2025-12-5 0:47:33,1,-83,34.0396957,-117.1825714,412.30,2.00,WIFI
50:27:A9:9B:3F:03,,[WPA3_PSK],2025-12-5 0:47:33,1,-83,34.0396957,-117.1825714,412.30,2.00,WIFI
50:27:A9:9B:3F:07,,[OPEN],2025-12-5 0:47:33,1,-84,34.0396957,-117.1825714,412.30,2.00,WIFI
2C:67:BE:11:A1:C9,SpectrumSetup-70,[WPA2_PSK],2025-12-5 0:47:33,1,-84,34.0396957,-117.1825714,412.30,2.00,WIFI
1C:F2:9A:E1:B2:4A,FIN,[WPA2_PSK],2025-12-5 0:47:33,1,-86,34.0396957,-117.1825714,412.30,2.00,WIFI
9A:49:14:9B:E1:74,Shelbys Chevy,[WPA2_PSK],2025-12-5 0:47:33,1,-91,34.0396957,-117.1825714,412.30,2.00,WIFI
9C:57:BC:A7:11:66,FirstLoves,[WPA2_PSK],2025-12-5 0:47:39,6,-75,34.0393105,-117.1832504,411.60,2.00,WIFI
4C:AB:F8:47:42:99,SpectrumSetup-08,[WPA2_PSK],2025-12-5 0:47:39,6,-78,34.0393105,-117.1832504,411.60,2.00,WIFI
DC:92:72:E5:71:BF,Frontier0977,[WPA2_PSK],2025-12-5 0:47:39,6,-79,34.0393105,-117.1832504,411.60,2.00,WIFI
88:DE:7C:84:D7:9F,SpectrumSetup-B6,[WPA2_PSK],2025-12-5 0:47:39,6,-83,34.0393105,-117.1832504,411.60,2.00,WIFI
E4:F0:42:CF:9D:AE,Beastie,[WPA2_PSK],2025-12-5 0:47:39,6,-92,34.0393105,-117.1832504,411.60,2.00,WIFI
16:7B:12:4A:F7:8F,,[WPA2_PSK],2025-12-5 0:47:39,6,-94,34.0393105,-117.1832504,411.60,2.00,WIFI
9C:3D:CF:6C:49:64,Samson,[WPA2_PSK],2025-12-5 0:47:42,9,-65,34.0391121,-117.1836090,411.00,2.00,WIFI
42:98:B5:DD:31:F8,The First Law-IoT,[WPA2_PSK],2025-12-5 0:47:42,9,-95,34.0391121,-117.1836090,411.00,2.00,WIFI
28:EC:22:EC:84:46,Gepford House,[WPA2_PSK],2025-12-5 0:47:44,11,-65,34.0389824,-117.1838531,410.60,2.00,WIFI
28:EC:22:EC:84:43,,[WPA3_PSK],2025-12-5 0:47:44,11,-65,34.0389824,-117.1838531,410.60,2.00,WIFI
E8:D3:EB:00:66:C6,Gepford House,[WPA2_PSK],2025-12-5 0:47:44,11,-73,34.0389824,-117.1838531,410.60,2.00,WIFI
0E:9A:8F:79:F6:47,SpectrumSetup-B6,[WPA2_PSK],2025-12-5 0:47:44,11,-74,34.0389824,-117.1838531,410.60,2.00,WIFI
E8:D3:EB:00:66:C3,,[WPA3_PSK],2025-12-5 0:47:44,11,-75,34.0389824,-117.1838531,410.60,2.00,WIFI
E8:D3:EB:00:66:C9,,[OPEN],2025-12-5 0:47:44,11,-76,34.0389824,-117.1838531,410.60,2.00,WIFI
F4:69:42:1D:FD:C9,SpectrumSetup-CB,[WPA2_PSK],2025-12-5 0:47:44,11,-81,34.0389824,-117.1838531,410.60,2.00,WIFI
DC:08:DA:02:F2:4E,SpectrumSetup-F251,[WPA2_PSK],2025-12-5 0:47:44,11,-86,34.0389824,-117.1838531,410.60,2.00,WIFI
08:B4:B1:7E:B6:99,Beastie,[WPA2_PSK],2025-12-5 0:47:44,11,-93,34.0389824,-117.1838531,410.60,2.00,WIFI
B0:FC:88:66:C2:C9,TARDIS2,[WPA2_PSK],2025-12-5 0:47:45,1,-61,34.0389175,-117.1839752,410.40,2.00,WIFI
60:F4:19:80:3F:AF,909-474-7882 Guest,[WPA2_PSK],2025-12-5 0:47:45,1,-69,34.0389175,-117.1839752,410.40,2.00,WIFI
60:F4:19:80:3F:A9,,[OPEN],2025-12-5 0:47:45,1,-70,34.0389175,-117.1839752,410.40,2.00,WIFI
60:F4:19:80:3F:A6,909-474-7882,[WPA2_PSK],2025-12-5 0:47:45,1,-71,34.0389175,-117.1839752,410.40,2.00,WIFI
60:F4:19:80:41:46,909-474-7882,[WPA2_PSK],2025-12-5 0:47:45,1,-79,34.0389175,-117.1839752,410.40,2.00,WIFI
60:F4:19:80:41:43,,[WPA3_PSK],2025-12-5 0:47:45,1,-81,34.0389175,-117.1839752,410.40,2.00,WIFI
60:F4:19:80:41:4F,909-474-7882 Guest,[WPA2_PSK],2025-12-5 0:47:45,1,-82,34.0389175,-117.1839752,410.40,2.00,WIFI
60:F4:19:40:EC:8F,909-474-7882 Guest,[WPA2_PSK],2025-12-5 0:47:45,1,-83,34.0389175,-117.1839752,410.40,2.00,WIFI
9C:A5:70:2E:15:07,,[OPEN],2025-12-5 0:47:53,6,-67,34.0383835,-117.1849289,409.70,2.00,WIFI
9C:A5:70:2E:15:05,Frontier2688,[WPA2_PSK],2025-12-5 0:47:53,6,-67,34.0383835,-117.1849289,409.70,2.00,WIFI
AA:93:4A:68:56:32,DIRECT-32-HP M203 LaserJet,[WPA2_PSK],2025-12-5 0:47:53,6,-74,34.0383835,-117.1849289,409.70,2.00,WIFI
28:EC:22:4B:CF:C3,,[WPA3_PSK],2025-12-5 0:47:53,6,-74,34.0383835,-117.1849289,409.70,2.00,WIFI
28:EC:22:4B:CF:C9,,[OPEN],2025-12-5 0:47:53,6,-75,34.0383835,-117.1849289,409.70,2.00,WIFI
28:EC:22:4B:CF:C6,CloudyCarrot,[WPA2_PSK],2025-12-5 0:47:53,6,-76,34.0383835,-117.1849289,409.70,2.00,WIFI
28:EC:22:4B:CF:CF,CloudyCarrot Guest,[WPA2_PSK],2025-12-5 0:47:53,6,-76,34.0383835,-117.1849289,409.70,2.00,WIFI
AC:E2:D3:F1:65:81,DIRECT-80-HP ENVY 4520 series,[WPA2_PSK],2025-12-5 0:47:53,6,-82,34.0383835,-117.1849289,409.70,2.00,WIFI
FC:12:63:B8:76:D9,SpectrumSetup-DB,[WPA2_PSK],2025-12-5 0:47:53,6,-83,34.0383835,-117.1849289,409.70,2.00,WIFI
C4:8E:8F:E6:DD:ED,Rowdy,[WPA2_PSK],2025-12-5 0:47:53,6,-93,34.0383835,-117.1849289,409.70,2.00,WIFI
10:DA:43:C6:9D:EB,FLEAGLENET17,[WPA2_PSK],2025-12-5 0:47:55,8,-90,34.0382462,-117.1851654,409.60,2.00,WIFI
04:B6:BE:46:5C:4E,,[WPA_WPA2_PSK],2025-12-5 0:47:57,10,-85,34.0381203,-117.1854095,409.50,2.00,WIFI
20:BE:CD:20:F8:10,Young Home Guest,[WPA2_WPA3_PSK],2025-12-5 0:47:58,11,-64,34.0380516,-117.1855316,409.50,2.00,WIFI
20:BE:CD:20:F8:07,Young Home,[WPA2_WPA3_PSK],2025-12-5 0:47:58,11,-65,34.0380516,-117.1855316,409.50,2.00,WIFI
20:BE:CD:20:F8:04,,[WPA3_PSK],2025-12-5 0:47:58,11,-67,34.0380516,-117.1855316,409.50,2.00,WIFI
40:47:5E:BF:DB:26,Young Home,[WPA2_WPA3_PSK],2025-12-5 0:47:58,11,-68,34.0380516,-117.1855316,409.50,2.00,WIFI
40:47:5E:BF:DB:2F,Young Home Guest,[WPA2_WPA3_PSK],2025-12-5 0:47:58,11,-68,34.0380516,-117.1855316,409.50,2.00,WIFI
40:47:5E:BF:DB:23,,[WPA3_PSK],2025-12-5 0:47:58,11,-69,34.0380516,-117.1855316,409.50,2.00,WIFI
40:47:5E:BF:DB:29,,[OPEN],2025-12-5 0:47:58,11,-69,34.0380516,-117.1855316,409.50,2.00,WIFI
C4:F1:74:0F:18:27,Young Home,[WPA2_WPA3_PSK],2025-12-5 0:47:58,11,-71,34.0380516,-117.1855316,409.50,2.00,WIFI
C4:F1:74:0F:18:30,Young Home Guest,[WPA2_WPA3_PSK],2025-12-5 0:47:58,11,-71,34.0380516,-117.1855316,409.50,2.00,WIFI
C4:F1:74:0F:18:24,,[WPA3_PSK],2025-12-5 0:47:58,11,-72,34.0380516,-117.1855316,409.50,2.00,WIFI
C4:F1:74:0F:18:2A,,[OPEN],2025-12-5 0:47:58,11,-72,34.0380516,-117.1855316,409.50,2.00,WIFI
20:BE:CD:1F:C3:50,Young Home Guest,[WPA2_WPA3_PSK],2025-12-5 0:47:58,11,-76,34.0380516,-117.1855316,409.50,2.00,WIFI
20:BE:CD:1F:C3:47,Young Home,[WPA2_WPA3_PSK],2025-12-5 0:47:58,11,-77,34.0380516,-117.1855316,409.50,2.00,WIFI
20:BE:CD:1F:C3:44,,[WPA3_PSK],2025-12-5 0:47:58,11,-78,34.0380516,-117.1855316,409.50,2.00,WIFI
20:BE:CD:1F:C3:4A,,[OPEN],2025-12-5 0:47:58,11,-78,34.0380516,-117.1855316,409.50,2.00,WIFI
F2:72:EA:35:F5:59,forN,[WPA2_PSK],2025-12-5 0:47:58,11,-86,34.0380516,-117.1855316,409.50,2.00,WIFI
A8:11:FC:BB:76:38,Frontier4320,[WPA2_PSK],2025-12-5 0:47:58,11,-90,34.0380516,-117.1855316,409.50,2.00,WIFI
D2:21:F9:29:5B:64,Tyrell Corp - Guest,[WPA2_PSK],2025-12-5 0:47:59,1,-73,34.0379868,-117.1856461,409.50,2.00,WIFI
36:94:54:6E:32:B5,LPL2CJ20D6,[WPA_WPA2_PSK],2025-12-5 0:47:59,1,-82,34.0379868,-117.1856461,409.50,2.00,WIFI
CE:F4:11:4B:73:4C,forN,[WPA2_PSK],2025-12-5 0:47:59,1,-86,34.0379868,-117.1856461,409.50,2.00,WIFI
24:F5:A2:1C:E9:C2,Wemo.Mini.6A3,[OPEN],2025-12-5 0:47:59,1,-96,34.0379868,-117.1856461,409.50,2.00,WIFI
38:94:ED:47:5E:39,,[WPA2_PSK],2025-12-5 0:48:5,3,-82,34.0375977,-117.1863708,409.00,2.00,WIFI
3E:94:ED:47:5E:39,ORBI56,[WPA2_PSK],2025-12-5 0:48:5,3,-83,34.0375977,-117.1863708,409.00,2.00,WIFI
3E:94:ED:44:81:B9,,[WPA2_PSK],2025-12-5 0:48:5,3,-86,34.0375977,-117.1863708,409.00,2.00,WIFI
9C:0B:05:3C:FC:84,,[WPA3_PSK],2025-12-5 0:48:8,6,-58,34.0373917,-117.1867447,409.90,2.00,WIFI
9C:0B:05:3C:FC:8A,,[OPEN],2025-12-5 0:48:8,6,-59,34.0373917,-117.1867447,409.90,2.00,WIFI
9C:0B:05:3C:FC:87,Palm Ranch,[WPA2_PSK],2025-12-5 0:48:8,6,-67,34.0373917,-117.1867447,409.90,2.00,WIFI
9C:0B:05:3C:FC:90,Palm Ranch Guest,[WPA2_PSK],2025-12-5 0:48:8,6,-68,34.0373917,-117.1867447,409.90,2.00,WIFI
9C:0B:05:53:2F:67,Palm Ranch,[WPA2_PSK],2025-12-5 0:48:8,6,-77,34.0373917,-117.1867447,409.90,2.00,WIFI
9C:0B:05:53:2F:70,Palm Ranch Guest,[WPA2_PSK],2025-12-5 0:48:8,6,-77,34.0373917,-117.1867447,409.90,2.00,WIFI
9C:0B:05:53:2F:64,,[WPA3_PSK],2025-12-5 0:48:8,6,-78,34.0373917,-117.1867447,409.90,2.00,WIFI
9C:0B:05:53:2F:6A,,[OPEN],2025-12-5 0:48:8,6,-78,34.0373917,-117.1867447,409.90,2.00,WIFI
E4:19:7F:67:F5:C9,,[OPEN],2025-12-5 0:48:8,6,-83,34.0373917,-117.1867447,409.90,2.00,WIFI
E4:19:7F:67:F5:CF,Bungalow Guest,[WPA2_WPA3_PSK],2025-12-5 0:48:8,6,-83,34.0373917,-117.1867447,409.90,2.00,WIFI
74:90:BC:13:64:B7,Verizon_G4ZJ3F,[WPA2_PSK],2025-12-5 0:48:8,6,-85,34.0373917,-117.1867447,409.90,2.00,WIFI
80:DA:13:8D:5F:CF,Bungalow Guest,[WPA2_WPA3_PSK],2025-12-5 0:48:8,6,-88,34.0373917,-117.1867447,409.90,2.00,WIFI
4C:AB:F8:06:13:46,SpectrumSetup-48,[WPA2_PSK],2025-12-5 0:48:8,6,-88,34.0373917,-117.1867447,409.90,2.00,WIFI
2C:EA:DC:09:B6:01,Vargas,[WPA2_PSK],2025-12-5 0:48:8,6,-89,34.0373917,-117.1867447,409.90,2.00,WIFI
56:07:7D:EF:9D:C9,Notre Dame,[WPA2_WPA3_PSK],2025-12-5 0:48:9,7,-71,34.0373192,-117.1868668,410.00,2.00,WIFI
5E:C9:31:7A:13:AE,waffles house_Guest,[WPA2_PSK],2025-12-5 0:48:12,9,-89,34.0371094,-117.1872406,410.50,2.00,WIFI
5E:C9:31:7A:13:B6,waffles house_Guest,[WPA2_PSK],2025-12-5 0:48:12,9,-91,34.0371094,-117.1872406,410.50,2.00,WIFI
5C:E9:31:7A:13:B6,,[WPA2_PSK],2025-12-5 0:48:12,9,-93,34.0371094,-117.1872406,410.50,2.00,WIFI
64:C2:69:9C:25:67,,[OPEN],2025-12-5 0:48:14,11,-77,34.0369759,-117.1874771,410.60,2.00,WIFI
64:C2:69:9C:25:63,,[WPA3_PSK],2025-12-5 0:48:14,11,-78,34.0369759,-117.1874771,410.60,2.00,WIFI
64:C2:69:9C:25:65,BellBackhouse,[WPA2_PSK],2025-12-5 0:48:14,11,-78,34.0369759,-117.1874771,410.60,2.00,WIFI
26:22:49:D4:52:F0,SpectrumSetup-45,[WPA2_PSK],2025-12-5 0:48:14,11,-85,34.0369759,-117.1874771,410.60,2.00,WIFI
D4:A9:28:14:89:2C,FiOS-SNLXM,[WPA2_PSK],2025-12-5 0:48:14,11,-85,34.0369759,-117.1874771,410.60,2.00,WIFI
48:5D:36:47:40:C0,FiOS-PZL9R,[WPA2_PSK],2025-12-5 0:48:14,11,-91,34.0369759,-117.1874771,410.60,2.00,WIFI
48:5D:36:67:91:A4,FiOS-3J52P,[WPA2_PSK],2025-12-5 0:48:14,11,-93,34.0369759,-117.1874771,410.60,2.00,WIFI
74:37:5F:34:3C:47,SpectrumSetup-45,[WPA2_PSK],2025-12-5 0:48:17,1,-62,34.0367813,-117.1878357,410.30,2.00,WIFI
00:C8:96:CC:F1:02,,[WPA_WPA2_PSK],2025-12-5 0:48:17,1,-63,34.0367813,-117.1878357,410.30,2.00,WIFI
FC:3F:A6:1B:9D:26,Dillon1,[WPA2_PSK],2025-12-5 0:48:23,6,-72,34.0364418,-117.1884460,410.10,2.00,WIFI
FC:3F:A6:1B:9D:2F,Dillon Guest,[WPA2_PSK],2025-12-5 0:48:23,6,-74,34.0364418,-117.1884460,410.10,2.00,WIFI
FC:3F:A6:1B:9D:29,,[OPEN],2025-12-5 0:48:23,6,-75,34.0364418,-117.1884460,410.10,2.00,WIFI
FC:3F:A6:1B:9D:23,,[WPA3_PSK],2025-12-5 0:48:23,6,-78,34.0364418,-117.1884460,410.10,2.00,WIFI
DC:69:B5:40:B1:E3,,[WPA3_PSK],2025-12-5 0:48:23,6,-80,34.0364418,-117.1884460,410.10,2.00,WIFI
F0:B6:61:BA:B7:A4,,[WPA3_PSK],2025-12-5 0:48:23,6,-81,34.0364418,-117.1884460,410.10,2.00,WIFI
DC:69:B5:40:B1:E9,,[OPEN],2025-12-5 0:48:23,6,-81,34.0364418,-117.1884460,410.10,2.00,WIFI
DC:69:B5:40:B1:EF,Dillon Guest,[WPA2_PSK],2025-12-5 0:48:23,6,-81,34.0364418,-117.1884460,410.10,2.00,WIFI
DC:69:B5:40:B1:E6,Dillon1,[WPA2_PSK],2025-12-5 0:48:23,6,-82,34.0364418,-117.1884460,410.10,2.00,WIFI
F0:B6:61:BA:B7:A7,nancys wi fi,[WPA2_PSK],2025-12-5 0:48:23,6,-83,34.0364418,-117.1884460,410.10,2.00,WIFI
2C:EA:DC:01:18:7C,SpectrumSetup-8F,[WPA2_PSK],2025-12-5 0:48:23,6,-83,34.0364418,-117.1884460,410.10,2.00,WIFI
FC:3F:A6:1B:2E:E3,,[WPA3_PSK],2025-12-5 0:48:23,6,-84,34.0364418,-117.1884460,410.10,2.00,WIFI
FC:3F:A6:1B:2E:E9,,[OPEN],2025-12-5 0:48:23,6,-85,34.0364418,-117.1884460,410.10,2.00,WIFI
FC:3F:A6:1B:2E:E6,Dillon1,[WPA2_PSK],2025-12-5 0:48:23,6,-85,34.0364418,-117.1884460,410.10,2.00,WIFI
74:B6:B6:EB:14:E3,,[WPA3_PSK],2025-12-5 0:48:23,6,-87,34.0364418,-117.1884460,410.10,2.00,WIFI
C8:C6:FE:D5:6D:87,,[OPEN],2025-12-5 0:48:23,6,-87,34.0364418,-117.1884460,410.10,2.00,WIFI
10:2C:B1:05:3B:5F,,[WPA_WPA2_PSK],2025-12-5 0:48:23,6,-87,34.0364418,-117.1884460,410.10,2.00,WIFI
F0:B6:61:A6:41:EA,,[OPEN],2025-12-5 0:48:23,6,-89,34.0364418,-117.1884460,410.10,2.00,WIFI
18:A5:FF:38:B5:D4,AMAG2025,[WPA2_WPA3_PSK],2025-12-5 0:48:23,6,-91,34.0364418,-117.1884460,410.10,2.00,WIFI
5A:E4:03:FF:CA:D7,nickstruck,[WPA2_PSK],2025-12-5 0:48:23,7,-86,34.0364418,-117.1884460,410.10,2.00,WIFI
18:A5:FF:B2:6B:3E,TMOBILE-6B3C,[WPA2_WPA3_PSK],2025-12-5 0:48:26,8,-86,34.0363884,-117.1885452,410.20,2.00,WIFI
5C:E9:31:7A:13:AE,,[WPA2_PSK],2025-12-5 0:48:27,9,-77,34.0363884,-117.1885529,410.00,2.00,WIFI
5E:A9:31:7A:13:AE,waffles house,[WPA2_PSK],2025-12-5 0:48:27,9,-78,34.0363884,-117.1885529,410.00,2.00,WIFI
18:A5:FF:75:8E:40,TMOBILE-8E3E,[WPA2_WPA3_PSK],2025-12-5 0:48:27,9,-86,34.0363884,-117.1885529,410.00,2.00,WIFI
74:93:DA:A5:6E:85,Schrute Farms,[WPA2_PSK],2025-12-5 0:48:29,11,-67,34.0363693,-117.1885910,409.90,2.00,WIFI
C0:89:AB:24:C3:C8,Frontier5888,[WPA2_PSK],2025-12-5 0:48:29,11,-80,34.0363693,-117.1885910,409.90,2.00,WIFI
A8:9A:93:A9:5D:66,MySpectrumWiFi60-2G,[WPA2_PSK],2025-12-5 0:48:29,11,-91,34.0363693,-117.1885910,409.90,2.00,WIFI
C8:7F:54:4F:AC:A0,SpectrumSetup-A3,[WPA2_PSK],2025-12-5 0:48:35,3,-89,34.0361519,-117.1889877,410.20,2.00,WIFI
FA:8F:CA:63:BA:C1,LG_Speaker_S80QY_1314.l078_,[OPEN],2025-12-5 0:48:38,6,-78,34.0359917,-117.1892776,410.40,2.00,WIFI
9C:0B:05:1E:67:E7,bandit,[WPA2_PSK],2025-12-5 0:48:38,6,-80,34.0359917,-117.1892776,410.40,2.00,WIFI
28:EC:22:2B:54:C9,,[OPEN],2025-12-5 0:48:38,6,-80,34.0359917,-117.1892776,410.40,2.00,WIFI
28:EC:22:2B:54:C6,FuZZy1umpK!ns,[WPA2_PSK],2025-12-5 0:48:38,6,-80,34.0359917,-117.1892776,410.40,2.00,WIFI
28:EC:22:2B:54:C3,,[WPA3_PSK],2025-12-5 0:48:38,6,-81,34.0359917,-117.1892776,410.40,2.00,WIFI
9C:0B:05:1E:67:EA,,[OPEN],2025-12-5 0:48:38,6,-87,34.0359917,-117.1892776,410.40,2.00,WIFI
CC:40:D0:8A:04:99,NETGEAR38,[WPA2_PSK],2025-12-5 0:48:43,11,-81,34.0357094,-117.1897888,410.90,2.00,WIFI
24:F3:E3:F2:23:09,,[OPEN],2025-12-5 0:48:43,11,-84,34.0357094,-117.1897888,410.90,2.00,WIFI
24:F3:E3:F2:23:06,Frontier800,[WPA2_PSK],2025-12-5 0:48:43,11,-84,34.0357094,-117.1897888,410.90,2.00,WIFI
10:D7:B0:ED:C9:E6,No-FearGear,[WPA2_PSK],2025-12-5 0:48:43,11,-85,34.0357094,-117.1897888,410.90,2.00,WIFI
DC:69:B5:DC:78:06,Mothership1233,[WPA2_PSK],2025-12-5 0:48:45,1,-68,34.0355949,-117.1899948,411.10,2.00,WIFI
9C:A2:F4:14:5B:35,SpectrumSetup-40_EXT,[WPA2_PSK],2025-12-5 0:48:45,1,-77,34.0355949,-117.1899948,411.10,2.00,WIFI
DC:69:B5:D2:8A:69,,[OPEN],2025-12-5 0:48:45,1,-86,34.0355949,-117.1899948,411.10,2.00,WIFI
36:94:54:93:24:A7,AMBWeatherPro-9324A7,[OPEN],2025-12-5 0:48:50,4,-87,34.0353241,-117.1904831,411.40,2.00,WIFI
72:7F:F0:01:8B:B3,,[WPA2_PSK],2025-12-5 0:48:51,5,-80,34.0352707,-117.1905823,411.50,2.00,WIFI
68:7F:F0:01:8B:B1,TP-Link_8BB2,[WPA2_PSK],2025-12-5 0:48:51,5,-86,34.0352707,-117.1905823,411.50,2.00,WIFI
78:76:89:39:1B:67,Frontier1152,[WPA2_PSK],2025-12-5 0:48:52,6,-76,34.0352135,-117.1906815,411.60,2.00,WIFI
78:76:89:39:1B:6A,,[OPEN],2025-12-5 0:48:52,6,-77,34.0352135,-117.1906815,411.60,2.00,WIFI
30:FD:38:EC:B9:D8,rfd,[WPA2_PSK],2025-12-5 0:48:52,6,-78,34.0352135,-117.1906815,411.60,2.00,WIFI
78:76:89:39:1B:64,,[WPA3_PSK],2025-12-5 0:48:52,6,-78,34.0352135,-117.1906815,411.60,2.00,WIFI
9C:0B:05:51:E5:04,,[WPA3_PSK],2025-12-5 0:48:52,6,-82,34.0352135,-117.1906815,411.60,2.00,WIFI
9C:0B:05:51:E5:0A,,[OPEN],2025-12-5 0:48:52,6,-82,34.0352135,-117.1906815,411.60,2.00,WIFI
B0:FC:88:03:C9:F6,Frontier0855,[WPA2_PSK],2025-12-5 0:48:52,6,-84,34.0352135,-117.1906815,411.60,2.00,WIFI
9C:0B:05:51:E5:07,truck2,[WPA2_PSK],2025-12-5 0:48:52,6,-84,34.0352135,-117.1906815,411.60,2.00,WIFI
BE:E9:2F:C1:2D:15,DIRECT-15-HP ENVY Photo 7800,[WPA2_PSK],2025-12-5 0:48:52,6,-85,34.0352135,-117.1906815,411.60,2.00,WIFI
F4:52:46:DF:A5:4B,SpectrumSetup-5A,[WPA2_PSK],2025-12-5 0:48:52,6,-88,34.0352135,-117.1906815,411.60,2.00,WIFI
F4:52:46:AC:73:B1,SpectrumSetup-B3,[WPA2_PSK],2025-12-5 0:48:52,6,-91,34.0352135,-117.1906815,411.60,2.00,WIFI
C2:07:1D:32:34:FE,,[WPA2_PSK],2025-12-5 0:48:56,10,-86,34.0349846,-117.1910934,412.00,2.00,WIFI
50:27:A9:50:03:E5,browntown,[WPA2_PSK],2025-12-5 0:48:57,11,-59,34.0349236,-117.1912003,412.30,2.00,WIFI
50:27:A9:50:03:E7,,[OPEN],2025-12-5 0:48:57,11,-59,34.0349236,-117.1912003,412.30,2.00,WIFI
50:27:A9:50:03:E3,,[WPA3_PSK],2025-12-5 0:48:57,11,-60,34.0349236,-117.1912003,412.30,2.00,WIFI
3C:37:86:5A:DF:DA,ARLO_VMB_1696976619,[WPA2_PSK],2025-12-5 0:48:57,11,-65,34.0349236,-117.1912003,412.30,2.00,WIFI
60:F4:19:D7:FF:46,CIA Listening Device II,[WPA2_PSK],2025-12-5 0:48:57,11,-71,34.0349236,-117.1912003,412.30,2.00,WIFI
60:F4:19:D7:FF:43,,[WPA3_PSK],2025-12-5 0:48:57,11,-73,34.0349236,-117.1912003,412.30,2.00,WIFI
60:F4:19:D7:FF:49,,[OPEN],2025-12-5 0:48:57,11,-73,34.0349236,-117.1912003,412.30,2.00,WIFI
EC:08:6B:CC:1B:5B,MySpectrumWiFi3f-2G_EXT,[WPA_WPA2_PSK],2025-12-5 0:48:57,11,-89,34.0349236,-117.1912003,412.30,2.00,WIFI
78:29:ED:FF:13:3D,MySpectrumWiFi3f-2G,[WPA2_PSK],2025-12-5 0:48:57,11,-95,34.0349236,-117.1912003,412.30,2.00,WIFI
36:98:7A:F0:A7:C4,Tineco_2399,[OPEN],2025-12-5 0:49:1,1,-68,34.0346832,-117.1916351,413.40,2.00,WIFI
60:F4:19:60:8B:23,,[WPA3_PSK],2025-12-5 0:49:1,1,-77,34.0346832,-117.1916351,413.40,2.00,WIFI
34:53:D2:E2:81:1D,PKJ,[WPA2_PSK],2025-12-5 0:49:1,1,-78,34.0346832,-117.1916351,413.40,2.00,WIFI
08:B4:B1:32:A3:03,Casa de Bell,[WPA2_PSK],2025-12-5 0:49:1,1,-81,34.0346832,-117.1916351,413.40,2.00,WIFI
54:04:63:C5:02:81,,[WPA_WPA2_PSK],2025-12-5 0:49:1,1,-84,34.0346832,-117.1916351,413.40,2.00,WIFI
08:B4:B1:32:9E:E3,Casa de Bell,[WPA2_PSK],2025-12-5 0:49:1,1,-85,34.0346832,-117.1916351,413.40,2.00,WIFI
3C:5C:F1:AF:D8:C6,,[OPEN],2025-12-5 0:49:1,1,-86,34.0346832,-117.1916351,413.40,2.00,WIFI
3C:5C:F1:AF:D8:C4,Eero,[WPA2_PSK],2025-12-5 0:49:1,1,-86,34.0346832,-117.1916351,413.40,2.00,WIFI
D4:3F:32:8B:E9:C3,,[WPA3_PSK],2025-12-5 0:49:6,6,-78,34.0344543,-117.1920776,415.10,2.00,WIFI
D4:3F:32:8B:E9:C9,,[OPEN],2025-12-5 0:49:6,6,-78,34.0344543,-117.1920776,415.10,2.00,WIFI
C8:E3:06:6D:F5:87,,[OPEN],2025-12-5 0:49:6,6,-83,34.0344543,-117.1920776,415.10,2.00,WIFI
C8:E3:06:6D:F5:83,,[WPA3_PSK],2025-12-5 0:49:6,6,-84,34.0344543,-117.1920776,415.10,2.00,WIFI
30:3A:4A:88:87:43,,[WPA3_PSK],2025-12-5 0:49:6,6,-87,34.0344543,-117.1920776,415.10,2.00,WIFI
08:B4:B1:89:D9:88,Casa de Bell,[WPA2_PSK],2025-12-5 0:49:6,6,-87,34.0344543,-117.1920776,415.10,2.00,WIFI
E4:C0:E2:70:54:4E,SpectrumSetup-48,[WPA2_PSK],2025-12-5 0:49:6,6,-90,34.0344543,-117.1920776,415.10,2.00,WIFI
C8:7F:54:24:3F:B4,Big Time,[WPA2_PSK],2025-12-5 0:49:8,8,-65,34.0344543,-117.1921997,415.40,2.00,WIFI
6A:9C:25:70:54:11,Big Time,[WPA2_PSK],2025-12-5 0:49:8,8,-70,34.0344543,-117.1921997,415.40,2.00,WIFI
C2:9C:25:70:52:C1,Big Time,[WPA2_PSK],2025-12-5 0:49:8,8,-79,34.0344543,-117.1921997,415.40,2.00,WIFI
0C:EF:15:C3:0F:CE,Donut Stacks,[WPA2_PSK],2025-12-5 0:49:9,9,-77,34.0344849,-117.1922531,415.20,2.00,WIFI
0C:EF:15:C3:14:79,Donut Stacks,[WPA2_PSK],2025-12-5 0:49:9,9,-80,34.0344849,-117.1922531,415.20,2.00,WIFI
0C:EF:15:C3:15:64,Donut Stacks,[WPA2_PSK],2025-12-5 0:49:9,9,-84,34.0344849,-117.1922531,415.20,2.00,WIFI
24:F3:E3:F2:23:03,,[WPA3_PSK],2025-12-5 0:49:11,11,-69,34.0345802,-117.1923599,414.10,2.00,WIFI
24:F3:E3:FC:38:43,,[WPA3_PSK],2025-12-5 0:49:11,11,-73,34.0345802,-117.1923599,414.10,2.00,WIFI
24:F3:E3:FC:38:49,,[OPEN],2025-12-5 0:49:11,11,-73,34.0345802,-117.1923599,414.10,2.00,WIFI
24:F3:E3:FC:38:46,Frontier800,[WPA2_PSK],2025-12-5 0:49:11,11,-75,34.0345802,-117.1923599,414.10,2.00,WIFI
24:F3:E3:FA:1B:06,Frontier800,[WPA2_PSK],2025-12-5 0:49:11,11,-86,34.0345802,-117.1923599,414.10,2.00,WIFI
A4:97:33:95:B5:59,SpectrumSetup-5B,[WPA2_PSK],2025-12-5 0:49:11,11,-89,34.0345802,-117.1923599,414.10,2.00,WIFI
18:1B:EB:F9:C7:6B,YC76T,[WPA2_PSK],2025-12-5 0:49:11,11,-93,34.0345802,-117.1923599,414.10,2.00,WIFI
48:5D:36:38:0F:C0,Jamesbond1,[WPA2_PSK],2025-12-5 0:49:13,1,-83,34.0346870,-117.1924973,412.90,2.00,WIFI
F8:F5:32:49:0F:B8,Frontier4912,[WPA2_PSK],2025-12-5 0:49:13,1,-88,34.0346870,-117.1924973,412.90,2.00,WIFI
A0:89:66:9F:05:A8,,[WPA_WPA2_PSK],2025-12-5 0:49:13,1,-94,34.0346870,-117.1924973,412.90,2.00,WIFI
90:48:46:B5:D2:C0,ENVOY_118304,[OPEN],2025-12-5 0:49:19,5,-91,34.0350723,-117.1929474,409.40,2.00,WIFI
F0:B6:61:21:C6:44,,[WPA3_PSK],2025-12-5 0:49:20,6,-74,34.0351486,-117.1930084,408.90,2.00,WIFI
F0:B6:61:21:C6:47,Casa_Madrigal,[WPA2_PSK],2025-12-5 0:49:20,6,-75,34.0351486,-117.1930084,408.90,2.00,WIFI
F0:B6:61:21:C6:4A,,[OPEN],2025-12-5 0:49:20,6,-75,34.0351486,-117.1930084,408.90,2.00,WIFI
AC:EC:85:D1:7D:52,,[WPA3_PSK],2025-12-5 0:49:20,6,-81,34.0351486,-117.1930084,408.90,2.00,WIFI
AC:EC:85:D1:7D:56,,[OPEN],2025-12-5 0:49:20,6,-81,34.0351486,-117.1930084,408.90,2.00,WIFI
AC:EC:85:D1:7D:54,My Glorified Dial-Up,[WPA2_PSK],2025-12-5 0:49:20,6,-81,34.0351486,-117.1930084,408.90,2.00,WIFI
F0:B6:61:AF:19:EA,,[OPEN],2025-12-5 0:49:20,6,-85,34.0351486,-117.1930084,408.90,2.00,WIFI
E4:FA:C4:8A:95:2F,SQQF6,[WPA2_PSK],2025-12-5 0:49:21,7,-73,34.0352249,-117.1930618,408.50,2.00,WIFI
12:EF:15:C3:14:79,,[WPA2_PSK],2025-12-5 0:49:23,9,-65,34.0353889,-117.1931992,407.40,2.00,WIFI
12:EF:15:C3:0F:CE,,[WPA2_PSK],2025-12-5 0:49:23,9,-72,34.0353889,-117.1931992,407.40,2.00,WIFI
74:93:DA:44:EF:11,SpectrumSetup-13,[WPA2_PSK],2025-12-5 0:49:25,11,-70,34.0355415,-117.1933136,406.60,2.00,WIFI
60:F4:19:52:D3:E9,,[OPEN],2025-12-5 0:49:25,11,-76,34.0355415,-117.1933136,406.60,2.00,WIFI
B8:66:85:D4:BF:4E,MySpectrumWiFi48-2G,[WPA2_PSK],2025-12-5 0:49:25,11,-79,34.0355415,-117.1933136,406.60,2.00,WIFI
86:EA:ED:4A:39:7F,,[WPA2_PSK],2025-12-5 0:49:25,11,-80,34.0355415,-117.1933136,406.60,2.00,WIFI
A0:EE:EE:D8:C9:18,,[WPA_WPA2_PSK],2025-12-5 0:49:27,1,-73,34.0356522,-117.1933975,406.00,2.00,WIFI
54:04:63:C5:03:A1,,[WPA_WPA2_PSK],2025-12-5 0:49:27,1,-82,34.0356522,-117.1933975,406.00,2.00,WIFI
90:D3:CF:B8:B8:F7,SpectrumSetup-B8FA,[WPA2_PSK],2025-12-5 0:49:27,1,-84,34.0356522,-117.1933975,406.00,2.00,WIFI
FA:E2:C6:AC:5E:14,C&C Home IoT,[WPA2_PSK],2025-12-5 0:49:27,1,-85,34.0356522,-117.1933975,406.00,2.00,WIFI
4C:19:5D:03:10:41,clare,[WPA2_PSK],2025-12-5 0:49:27,1,-92,34.0356522,-117.1933975,406.00,2.00,WIFI
F8:CA:59:87:71:3F,AWI-691336,[WPA2_PSK],2025-12-5 0:49:27,1,-93,34.0356522,-117.1933975,406.00,2.00,WIFI
D0:BF:9C:B1:04:C1,HP-Print-C1-ENVY 5530 series,[WPA2_PSK],2025-12-5 0:49:32,4,-91,34.0358658,-117.1935654,405.40,2.00,WIFI
10:DA:43:B8:10:BD,Andromeda,[WPA2_PSK],2025-12-5 0:49:36,8,-71,34.0361404,-117.1937943,403.50,2.00,WIFI
78:D2:94:49:E6:96,Frontier6896,[WPA_WPA2_PSK],2025-12-5 0:49:37,9,-85,34.0362206,-117.1938477,403.10,2.00,WIFI
1A:59:C0:03:5A:0A,,[WPA2_PSK],2025-12-5 0:49:37,9,-91,34.0362206,-117.1938477,403.10,2.00,WIFI
E8:D3:EB:84:EA:E3,,[WPA3_PSK],2025-12-5 0:49:39,11,-68,34.0363770,-117.1939774,402.10,2.00,WIFI
E8:D3:EB:84:EA:E9,,[OPEN],2025-12-5 0:49:39,11,-68,34.0363770,-117.1939774,402.10,2.00,WIFI
E8:D3:EB:84:EA:E6,Nana of 5,[WPA2_PSK],2025-12-5 0:49:39,11,-72,34.0363770,-117.1939774,402.10,2.00,WIFI
E8:D3:EB:7D:E8:26,Nana of 5,[WPA2_PSK],2025-12-5 0:49:39,11,-72,34.0363770,-117.1939774,402.10,2.00,WIFI
E8:D3:EB:7D:E8:23,,[WPA3_PSK],2025-12-5 0:49:39,11,-75,34.0363770,-117.1939774,402.10,2.00,WIFI
E8:D3:EB:7D:E8:29,,[OPEN],2025-12-5 0:49:39,11,-75,34.0363770,-117.1939774,402.10,2.00,WIFI
DC:69:B5:39:CC:C6,StemCell,[WPA2_PSK],2025-12-5 0:49:39,11,-81,34.0363770,-117.1939774,402.10,2.00,WIFI
E8:D3:EB:83:B5:66,Nana of 5,[WPA2_PSK],2025-12-5 0:49:39,11,-83,34.0363770,-117.1939774,402.10,2.00,WIFI
C2:D2:F3:7D:F7:AA,,[WPA2_PSK],2025-12-5 0:49:39,11,-83,34.0363770,-117.1939774,402.10,2.00,WIFI
E4:19:7F:8F:FF:06,NOTTINGHAM,[WPA2_PSK],2025-12-5 0:49:39,11,-86,34.0363770,-117.1939774,402.10,2.00,WIFI
08:7B:12:62:1F:C6,SpectrumSetup-C0,[WPA2_PSK],2025-12-5 0:49:39,11,-94,34.0363770,-117.1939774,402.10,2.00,WIFI
84:A0:6E:C8:62:9E,MySpectrumWiFi98-2G,[WPA2_PSK],2025-12-5 0:49:39,11,-94,34.0363770,-117.1939774,402.10,2.00,WIFI
5C:18:DD:F0:4A:73,,[WPA_WPA2_PSK],2025-12-5 0:49:42,1,-79,34.0366287,-117.1941757,401.70,2.00,WIFI
D0:6D:C9:24:48:56,Frontier0450,[WPA2_PSK],2025-12-5 0:49:42,1,-81,34.0366287,-117.1941757,401.70,2.00,WIFI
00:26:B0:FE:9D:E7,Elizabeth Tyler's Network,[WPA_WPA2_PSK],2025-12-5 0:49:42,1,-82,34.0366287,-117.1941757,401.70,2.00,WIFI
CC:7B:5C:CC:C5:35,PNR08IF3106C374092,[OPEN],2025-12-5 0:49:42,1,-85,34.0366287,-117.1941757,401.70,2.00,WIFI
D4:A9:28:19:5A:3C,FiOS-INY4T,[WPA2_PSK],2025-12-5 0:49:42,1,-90,34.0366287,-117.1941757,401.70,2.00,WIFI
C8:63:FC:7C:4F:28,Frontier2656,[WPA2_PSK],2025-12-5 0:49:42,1,-90,34.0366287,-117.1941757,401.70,2.00,WIFI
F4:52:46:FD:24:3A,Nacho Y-Fi,[WPA2_PSK],2025-12-5 0:49:42,1,-90,34.0366287,-117.1941757,401.70,2.00,WIFI
06:26:B0:FE:9D:E7,Elizabeth Tyler's Guest Network,[WPA_WPA2_PSK],2025-12-5 0:49:42,1,-90,34.0366287,-117.1941757,401.70,2.00,WIFI
FC:15:B4:70:F5:B1,HP-Print-B1-ENVY 5530 series,[OPEN],2025-12-5 0:49:42,1,-94,34.0366287,-117.1941757,401.70,2.00,WIFI
24:62:AB:E7:E0:55,Traeger-E055,[WPA2_PSK],2025-12-5 0:49:48,5,-91,34.0370712,-117.1945267,397.70,2.00,WIFI
DC:69:B5:EB:B8:23,,[WPA3_PSK],2025-12-5 0:49:49,6,-67,34.0371208,-117.1945572,397.40,2.00,WIFI
DC:69:B5:EB:B8:29,,[OPEN],2025-12-5 0:49:49,6,-67,34.0371208,-117.1945572,397.40,2.00,WIFI
DC:69:B5:EB:B8:26,Pooleportal,[WPA2_PSK],2025-12-5 0:49:49,6,-71,34.0371208,-117.1945572,397.40,2.00,WIFI
7C:7E:F9:54:DA:16,,[OPEN],2025-12-5 0:49:49,6,-74,34.0371208,-117.1945572,397.40,2.00,WIFI
7C:7E:F9:54:DA:14,Pooleportal,[WPA2_PSK],2025-12-5 0:49:49,6,-74,34.0371208,-117.1945572,397.40,2.00,WIFI
7C:7E:F9:54:DA:12,,[WPA3_PSK],2025-12-5 0:49:49,6,-75,34.0371208,-117.1945572,397.40,2.00,WIFI
7C:7E:F9:54:02:74,Pooleportal,[WPA2_PSK],2025-12-5 0:49:49,6,-75,34.0371208,-117.1945572,397.40,2.00,WIFI
F0:B6:61:1D:B3:E4,,[WPA3_PSK],2025-12-5 0:49:49,6,-77,34.0371208,-117.1945572,397.40,2.00,WIFI
F0:B6:61:1D:B3:EA,,[OPEN],2025-12-5 0:49:49,6,-77,34.0371208,-117.1945572,397.40,2.00,WIFI
F0:B6:61:1D:B3:E7,eero,[WPA2_PSK],2025-12-5 0:49:49,6,-78,34.0371208,-117.1945572,397.40,2.00,WIFI
C8:C6:FE:6F:33:06,Turu Wifi,[WPA2_PSK],2025-12-5 0:49:49,6,-79,34.0371208,-117.1945572,397.40,2.00,WIFI
CE:57:63:E0:B8:D3,TOYOTA Tundra-2.4g_e0b8d3,[WPA2_PSK],2025-12-5 0:49:49,6,-79,34.0371208,-117.1945572,397.40,2.00,WIFI
C8:C6:FE:6F:33:09,,[OPEN],2025-12-5 0:49:49,6,-81,34.0371208,-117.1945572,397.40,2.00,WIFI
EC:74:27:1E:03:03,,[WPA3_PSK],2025-12-5 0:49:49,6,-83,34.0371208,-117.1945572,397.40,2.00,WIFI
EC:74:27:1E:03:05,Pooleportal,[WPA2_PSK],2025-12-5 0:49:49,6,-83,34.0371208,-117.1945572,397.40,2.00,WIFI
EC:74:27:1E:03:07,,[OPEN],2025-12-5 0:49:49,6,-86,34.0371208,-117.1945572,397.40,2.00,WIFI
24:41:FE:57:AD:86,Paddy's Pub,[WPA2_PSK],2025-12-5 0:49:54,11,-79,34.0372009,-117.1946259,396.60,2.00,WIFI
44:AC:85:8F:44:06,sirivenudestino,[WPA2_PSK],2025-12-5 0:49:54,11,-83,34.0372009,-117.1946259,396.60,2.00,WIFI
44:AC:85:8F:44:03,,[WPA3_PSK],2025-12-5 0:49:54,11,-84,34.0372009,-117.1946259,396.60,2.00,WIFI
88:6A:E3:9B:A3:DE,tl9ba3de,[WPA2_PSK],2025-12-5 0:49:54,11,-90,34.0372009,-117.1946259,396.60,2.00,WIFI
D6:8D:26:5A:3F:1A,[LG_Oven]3f1a,[WPA2_PSK],2025-12-5 0:49:54,11,-92,34.0372009,-117.1946259,396.60,2.00,WIFI
FC:12:63:C4:A3:D0,Verizon_HT6TV7,[WPA2_PSK],2025-12-5 0:49:57,1,-79,34.0372238,-117.1946487,396.60,2.00,WIFI
90:9D:7D:46:BC:D8,Frontier3072,[WPA2_PSK],2025-12-5 0:49:57,1,-85,34.0372238,-117.1946487,396.60,2.00,WIFI
94:F7:17:EC:16:C0,,[WPA_WPA2_PSK],2025-12-5 0:49:57,1,-92,34.0372238,-117.1946487,396.60,2.00,WIFI
9C:0B:05:BA:15:84,,[WPA3_PSK],2025-12-5 0:50:3,6,-85,34.0375519,-117.1948929,395.40,2.00,WIFI
9C:0B:05:BA:15:8A,,[OPEN],2025-12-5 0:50:3,6,-86,34.0375519,-117.1948929,395.40,2.00,WIFI
9C:0B:05:BA:15:87,sup,[WPA2_PSK],2025-12-5 0:50:3,6,-86,34.0375519,-117.1948929,395.40,2.00,WIFI
FC:3D:73:41:26:46,DNPN8,[WPA2_PSK],2025-12-5 0:50:8,11,-65,34.0379791,-117.1952362,392.30,2.00,WIFI
FC:3D:73:49:E4:43,,[WPA3_PSK],2025-12-5 0:50:8,11,-69,34.0379791,-117.1952362,392.30,2.00,WIFI
FC:3D:73:49:E4:46,DNPN8,[WPA2_PSK],2025-12-5 0:50:8,11,-70,34.0379791,-117.1952362,392.30,2.00,WIFI
FC:3D:73:49:E4:49,,[OPEN],2025-12-5 0:50:8,11,-70,34.0379791,-117.1952362,392.30,2.00,WIFI
FC:3D:73:41:26:43,,[WPA3_PSK],2025-12-5 0:50:8,11,-73,34.0379791,-117.1952362,392.30,2.00,WIFI
FC:3D:73:49:40:86,DNPN8,[WPA2_PSK],2025-12-5 0:50:8,11,-76,34.0379791,-117.1952362,392.30,2.00,WIFI
FC:3D:73:49:40:83,,[WPA3_PSK],2025-12-5 0:50:8,11,-82,34.0379791,-117.1952362,392.30,2.00,WIFI
64:D9:C2:F3:6D:46,milowifi,[WPA2_PSK],2025-12-5 0:50:11,1,-57,34.0382729,-117.1954727,391.40,2.00,WIFI
64:D9:C2:F3:6D:49,,[OPEN],2025-12-5 0:50:11,1,-57,34.0382729,-117.1954727,391.40,2.00,WIFI
A0:EE:EE:D7:C3:E8,,[WPA_WPA2_PSK],2025-12-5 0:50:11,1,-59,34.0382729,-117.1954727,391.40,2.00,WIFI
64:D9:C2:F3:6D:43,,[WPA3_PSK],2025-12-5 0:50:11,1,-60,34.0382729,-117.1954727,391.40,2.00,WIFI
94:CD:FD:5C:30:43,,[WPA3_PSK],2025-12-5 0:50:11,1,-70,34.0382729,-117.1954727,391.40,2.00,WIFI
94:CD:FD:5C:30:49,,[OPEN],2025-12-5 0:50:11,1,-71,34.0382729,-117.1954727,391.40,2.00,WIFI
94:CD:FD:5C:30:46,milowifi,[WPA2_PSK],2025-12-5 0:50:11,1,-76,34.0382729,-117.1954727,391.40,2.00,WIFI
A4:97:33:69:42:96,SpectrumSetup-98,[WPA2_PSK],2025-12-5 0:50:11,1,-83,34.0382729,-117.1954727,391.40,2.00,WIFI
9C:B6:54:F9:98:7A,HP-Print-7A-Photosmart 7520,[WPA2_PSK],2025-12-5 0:50:11,1,-88,34.0382729,-117.1954727,391.40,2.00,WIFI
FA:8F:CA:8A:C8:60,Kitchen speaker.n009,[OPEN],2025-12-5 0:50:13,2,-75,34.0384750,-117.1956329,389.80,2.00,WIFI
8C:85:80:DB:4F:32,,[WPA_WPA2_PSK],2025-12-5 0:50:13,2,-80,34.0384750,-117.1956329,389.80,2.00,WIFI
44:EE:14:EA:29:05,ENVOY_003752,[OPEN],2025-12-5 0:50:16,4,-87,34.0387840,-117.1958694,388.70,2.00,WIFI
7A:62:8B:45:25:30,Hillz24,[WPA2_PSK],2025-12-5 0:50:17,5,-83,34.0388794,-117.1959534,388.10,2.00,WIFI
26:2F:D0:AA:AE:68,,[WPA2_PSK],2025-12-5 0:50:17,5,-94,34.0388794,-117.1959534,388.10,2.00,WIFI
0A:55:1F:37:AB:13,,[WPA2_PSK],2025-12-5 0:50:18,6,-62,34.0389824,-117.1960297,387.40,2.00,WIFI
A0:55:1F:37:AB:12,SpectrumSetup-AB0C,[WPA2_PSK],2025-12-5 0:50:18,6,-63,34.0389824,-117.1960297,387.40,2.00,WIFI
A0:55:1F:15:A5:39,SpectrumSetup-A533,[WPA2_PSK],2025-12-5 0:50:18,6,-78,34.0389824,-117.1960297,387.40,2.00,WIFI
4C:AB:F8:54:53:D9,SpectrumSetup-DB,[WPA2_PSK],2025-12-5 0:50:18,6,-87,34.0389824,-117.1960297,387.40,2.00,WIFI
10:0C:6B:FF:99:59,,[WPA2_PSK],2025-12-5 0:50:20,8,-57,34.0391846,-117.1961975,385.70,2.00,WIFI
1A:0C:6B:FF:99:59,SpectrumSetup-07-Guest,[WPA2_PSK],2025-12-5 0:50:20,8,-61,34.0391846,-117.1961975,385.70,2.00,WIFI
10:0C:6B:FA:29:68,SpectrumSetup-07,[WPA2_PSK],2025-12-5 0:50:20,8,-81,34.0391846,-117.1961975,385.70,2.00,WIFI
16:0C:6B:FF:99:71,SpectrumSetup-07,[WPA2_PSK],2025-12-5 0:50:20,8,-83,34.0391846,-117.1961975,385.70,2.00,WIFI
64:DA:ED:50:5E:27,,[OPEN],2025-12-5 0:50:23,11,-73,34.0394974,-117.1964493,383.20,2.00,WIFI
64:DA:ED:50:5E:25,FiOS-HL8M8,[WPA2_PSK],2025-12-5 0:50:23,11,-77,34.0394974,-117.1964493,383.20,2.00,WIFI
44:AC:85:65:18:A6,Roger’s Wifi,[WPA2_PSK],2025-12-5 0:50:23,11,-81,34.0394974,-117.1964493,383.20,2.00,WIFI
44:AC:85:65:18:A9,,[OPEN],2025-12-5 0:50:23,11,-83,34.0394974,-117.1964493,383.20,2.00,WIFI
24:F3:E3:06:A2:C9,,[OPEN],2025-12-5 0:50:23,11,-86,34.0394974,-117.1964493,383.20,2.00,WIFI
A8:11:FC:A4:15:98,Frontier2256,[WPA2_PSK],2025-12-5 0:50:23,11,-91,34.0394974,-117.1964493,383.20,2.00,WIFI
94:91:7F:2F:77:AD,SpectrumSetup-AF,[WPA2_PSK],2025-12-5 0:50:26,1,-72,34.0397987,-117.1966858,381.40,2.00,WIFI
90:9D:7D:29:27:08,Frontier4176,[WPA2_PSK],2025-12-5 0:50:26,1,-87,34.0397987,-117.1966858,381.40,2.00,WIFI
02:54:AF:F3:C1:94,HotspotC194,[WPA_WPA2_PSK],2025-12-5 0:50:26,1,-91,34.0397987,-117.1966858,381.40,2.00,WIFI
4C:19:5D:3D:1C:4F,SpectrumSetup-49,[WPA2_PSK],2025-12-5 0:50:26,1,-92,34.0397987,-117.1966858,381.40,2.00,WIFI
B2:6A:41:C9:7F:D8,C.R.E.A.M._Guest,[WPA2_PSK],2025-12-5 0:50:26,1,-95,34.0397987,-117.1966858,381.40,2.00,WIFI
82:48:B8:F3:22:44,Proxima,[WPA2_PSK],2025-12-5 0:50:28,2,-77,34.0399971,-117.1968002,380.20,2.00,WIFI
82:48:B8:F3:22:46,CLM1,[WPA2_PSK],2025-12-5 0:50:28,2,-77,34.0399971,-117.1968002,380.20,2.00,WIFI
B0:39:56:4F:60:89,NETGEAR43,[WPA2_PSK],2025-12-5 0:50:29,3,-81,34.0400848,-117.1968384,379.80,2.00,WIFI
B0:6A:41:B5:D5:E4,Netgear,[WPA2_PSK],2025-12-5 0:50:32,6,-73,34.0402718,-117.1969376,378.80,2.00,WIFI
18:90:88:2F:9D:55,,[OPEN],2025-12-5 0:50:32,6,-80,34.0402718,-117.1969376,378.80,2.00,WIFI
18:90:88:2F:9D:51,,[WPA3_PSK],2025-12-5 0:50:32,6,-80,34.0402718,-117.1969376,378.80,2.00,WIFI
18:90:88:2F:9D:53,Loki,[WPA2_PSK],2025-12-5 0:50:32,6,-80,34.0402718,-117.1969376,378.80,2.00,WIFI
F8:BC:0E:2E:49:03,,[WPA3_PSK],2025-12-5 0:50:32,6,-81,34.0402718,-117.1969376,378.80,2.00,WIFI
F8:BC:0E:2E:49:06,Loki,[WPA2_PSK],2025-12-5 0:50:32,6,-81,34.0402718,-117.1969376,378.80,2.00,WIFI
F8:BC:0E:2E:49:09,,[OPEN],2025-12-5 0:50:32,6,-82,34.0402718,-117.1969376,378.80,2.00,WIFI
B0:6A:41:B5:D3:3A,Netgear,[WPA2_PSK],2025-12-5 0:50:32,6,-83,34.0402718,-117.1969376,378.80,2.00,WIFI
B0:6A:41:B5:D3:D4,Netgear,[WPA2_PSK],2025-12-5 0:50:32,6,-87,34.0402718,-117.1969376,378.80,2.00,WIFI
48:DD:0C:39:DA:43,,[WPA3_PSK],2025-12-5 0:50:32,6,-89,34.0402718,-117.1969376,378.80,2.00,WIFI
C0:21:0D:ED:BE:CA,ZMD_SAP,[OPEN],2025-12-5 0:50:32,6,-91,34.0402718,-117.1969376,378.80,2.00,WIFI
CC:28:AA:57:4C:30,Finn's World,[WPA2_PSK],2025-12-5 0:50:32,7,-87,34.0402718,-117.1969376,378.80,2.00,WIFI
F0:B6:61:B4:94:47,111-EE50,[WPA2_PSK],2025-12-5 0:50:37,11,-65,34.0403366,-117.1969833,378.50,2.00,WIFI
F0:B6:61:07:1B:24,,[WPA3_PSK],2025-12-5 0:50:37,11,-71,34.0403366,-117.1969833,378.50,2.00,WIFI
F0:B6:61:07:1B:2A,,[OPEN],2025-12-5 0:50:37,11,-71,34.0403366,-117.1969833,378.50,2.00,WIFI
F0:B6:61:07:1B:27,111-EE50,[WPA2_PSK],2025-12-5 0:50:37,11,-73,34.0403366,-117.1969833,378.50,2.00,WIFI
D8:A7:56:67:A9:86,MySpectrumWiFi80-2G,[WPA2_PSK],2025-12-5 0:50:40,1,-77,34.0404930,-117.1971054,377.90,2.00,WIFI
A0:89:66:94:35:C0,,[WPA_WPA2_PSK],2025-12-5 0:50:40,1,-79,34.0404930,-117.1971054,377.90,2.00,WIFI
30:57:8E:F3:B9:65,,[OPEN],2025-12-5 0:50:40,1,-84,34.0404930,-117.1971054,377.90,2.00,WIFI
30:57:8E:F3:B9:63,Rockhound1948,[WPA2_PSK],2025-12-5 0:50:40,1,-84,34.0404930,-117.1971054,377.90,2.00,WIFI
34:53:D2:C5:F2:71,LakesideChillin,[WPA2_PSK],2025-12-5 0:50:40,1,-89,34.0404930,-117.1971054,377.90,2.00,WIFI
4A:55:19:05:96:C2,Tineco_0351,[OPEN],2025-12-5 0:50:40,1,-90,34.0404930,-117.1971054,377.90,2.00,WIFI
94:F7:17:E8:B4:C8,,[WPA_WPA2_PSK],2025-12-5 0:50:40,1,-91,34.0404930,-117.1971054,377.90,2.00,WIFI
40:A5:EF:E0:F4:97,SIVASIVAYA-2G,[WPA2_PSK],2025-12-5 0:50:40,1,-93,34.0404930,-117.1971054,377.90,2.00,WIFI
E8:D2:FF:B3:C5:E6,SpectrumSetup-48,[WPA2_PSK],2025-12-5 0:50:40,1,-94,34.0404930,-117.1971054,377.90,2.00,WIFI
3C:28:6D:9C:4C:DF,Crazy House ,[WPA2_PSK],2025-12-5 0:50:40,1,-95,34.0404930,-117.1971054,377.90,2.00,WIFI
82:48:B8:F3:22:45,,[WPA2_PSK],2025-12-5 0:50:41,2,-87,34.0405617,-117.1971664,377.90,2.00,WIFI
90:BF:D9:42:95:6B,,[WPA_WPA2_PSK],2025-12-5 0:50:44,4,-81,34.0408211,-117.1973724,376.50,2.00,WIFI
80:3F:5D:79:CE:BC,WAVLINK-N_CEBA,[WPA2_PSK],2025-12-5 0:50:46,6,-73,34.0410156,-117.1975174,375.20,2.00,WIFI
C8:C6:FE:77:BA:C3,,[WPA3_PSK],2025-12-5 0:50:46,6,-77,34.0410156,-117.1975174,375.20,2.00,WIFI
C8:C6:FE:77:BA:C9,,[OPEN],2025-12-5 0:50:46,6,-77,34.0410156,-117.1975174,375.20,2.00,WIFI
C8:C6:FE:77:BA:C6,frontier,[WPA2_PSK],2025-12-5 0:50:46,6,-78,34.0410156,-117.1975174,375.20,2.00,WIFI
D4:3F:32:84:DA:86,frontier,[WPA2_PSK],2025-12-5 0:50:46,6,-83,34.0410156,-117.1975174,375.20,2.00,WIFI
9C:57:BC:9D:DA:A3,,[WPA3_PSK],2025-12-5 0:50:46,6,-85,34.0410156,-117.1975174,375.20,2.00,WIFI
9C:57:BC:9D:DA:A9,,[OPEN],2025-12-5 0:50:46,6,-85,34.0410156,-117.1975174,375.20,2.00,WIFI
24:2D:6C:23:71:05,,[WPA3_PSK],2025-12-5 0:50:46,6,-86,34.0410156,-117.1975174,375.20,2.00,WIFI
9C:57:BC:9D:DA:A6,KAL,[WPA2_PSK],2025-12-5 0:50:46,6,-86,34.0410156,-117.1975174,375.20,2.00,WIFI
C8:C6:FE:60:58:C3,,[WPA3_PSK],2025-12-5 0:50:46,6,-87,34.0410156,-117.1975174,375.20,2.00,WIFI
C8:C6:FE:60:58:C6,frontier,[WPA2_PSK],2025-12-5 0:50:46,6,-87,34.0410156,-117.1975174,375.20,2.00,WIFI
08:9B:F1:18:85:E3,,[WPA3_PSK],2025-12-5 0:50:46,6,-90,34.0410156,-117.1975174,375.20,2.00,WIFI
FA:8F:CA:7B:2B:8A,Living Room Display.e000,[OPEN],2025-12-5 0:50:46,6,-91,34.0410156,-117.1975174,375.20,2.00,WIFI
50:8C:B1:40:96:59,ENVOY_027885,[OPEN],2025-12-5 0:50:49,8,-74,34.0413246,-117.1977615,372.70,2.00,WIFI
72:CD:D6:E2:F6:5A,SLAWSOMENESS,[WPA2_PSK],2025-12-5 0:50:50,9,-71,34.0414276,-117.1978378,371.70,2.00,WIFI
8C:85:80:EF:D6:79,,[WPA_WPA2_PSK],2025-12-5 0:50:52,11,-61,34.0416374,-117.1980133,370.00,2.00,WIFI
24:F3:E3:60:1B:06,extrafreakybob,[WPA2_PSK],2025-12-5 0:50:52,11,-75,34.0416374,-117.1980133,370.00,2.00,WIFI
24:F3:E3:61:3E:46,extrafreakybob,[WPA2_PSK],2025-12-5 0:50:52,11,-77,34.0416374,-117.1980133,370.00,2.00,WIFI
24:F3:E3:61:CD:C6,extrafreakybob,[WPA2_PSK],2025-12-5 0:50:52,11,-77,34.0416374,-117.1980133,370.00,2.00,WIFI
24:F3:E3:60:1B:09,,[OPEN],2025-12-5 0:50:52,11,-80,34.0416374,-117.1980133,370.00,2.00,WIFI
60:57:47:6A:B3:A7,,[WPA_WPA2_PSK],2025-12-5 0:50:52,11,-84,34.0416374,-117.1980133,370.00,2.00,WIFI
94:F7:17:83:E6:60,,[WPA_WPA2_PSK],2025-12-5 0:50:55,1,-85,34.0419617,-117.1982727,368.10,2.00,WIFI
AC:91:9B:C1:1A:BA,Verizon_Z4TGCG,[WPA2_PSK],2025-12-5 0:50:55,1,-89,34.0419617,-117.1982727,368.10,2.00,WIFI
14:EB:B6:74:01:C3,Husbander-tron,[WPA2_PSK],2025-12-5 0:50:57,2,-84,34.0421677,-117.1984329,367.30,2.00,WIFI
24:2D:6C:45:2E:08,thunder chicken ,[WPA2_PSK],2025-12-5 0:51:1,6,-83,34.0425682,-117.1987534,365.90,2.00,WIFI
9C:57:BC:98:E0:C9,,[OPEN],2025-12-5 0:51:1,6,-84,34.0425682,-117.1987534,365.90,2.00,WIFI
9C:57:BC:98:E0:C6,KAL,[WPA2_PSK],2025-12-5 0:51:1,6,-84,34.0425682,-117.1987534,365.90,2.00,WIFI
24:2D:6C:77:CD:0B,,[OPEN],2025-12-5 0:51:1,6,-84,34.0425682,-117.1987534,365.90,2.00,WIFI
9C:57:BC:98:E0:C3,,[WPA3_PSK],2025-12-5 0:51:1,6,-85,34.0425682,-117.1987534,365.90,2.00,WIFI
72:CD:D6:E2:9D:01,,[WPA2_PSK],2025-12-5 0:51:4,9,-85,34.0428429,-117.1989746,365.20,2.00,WIFI
6C:CD:D6:E2:9D:01,SLAWSOMENESS,[WPA2_PSK],2025-12-5 0:51:4,9,-87,34.0428429,-117.1989746,365.20,2.00,WIFI
18:90:88:FF:5D:A7,,[OPEN],2025-12-5 0:51:6,11,-71,34.0430069,-117.1991043,364.50,2.00,WIFI
18:90:88:FF:5D:A3,,[WPA3_PSK],2025-12-5 0:51:6,11,-71,34.0430069,-117.1991043,364.50,2.00,WIFI
A4:D7:95:2F:E6:05,T-Mobile Hotspot_6225_2.4GHz,[WPA2_PSK],2025-12-5 0:51:9,1,-72,34.0432014,-117.1992645,363.90,2.00,WIFI
A0:8A:06:B0:7B:E7,SpectrumSetup-C8,[WPA2_PSK],2025-12-5 0:51:9,1,-74,34.0432014,-117.1992645,363.90,2.00,WIFI
CC:CF:83:CF:F3:A3,,[WPA_WPA2_PSK],2025-12-5 0:51:9,1,-89,34.0432014,-117.1992645,363.90,2.00,WIFI
C0:89:AB:39:E3:58,Frontier0224,[WPA2_PSK],2025-12-5 0:51:9,1,-90,34.0432014,-117.1992645,363.90,2.00,WIFI
5A:07:7D:29:9B:86,ORBI26,[WPA2_PSK],2025-12-5 0:51:12,3,-84,34.0433044,-117.1993332,363.30,2.00,WIFI
C4:41:1E:2B:F5:96,Tell-My-WiFi-Luv-Her,[WPA2_PSK],2025-12-5 0:51:14,5,-81,34.0433197,-117.1993484,363.30,2.00,WIFI
CA:41:1E:2B:F5:96,,[WPA2_PSK],2025-12-5 0:51:14,5,-81,34.0433197,-117.1993484,363.30,2.00,WIFI
18:A9:ED:55:E5:83,,[WPA3_PSK],2025-12-5 0:51:15,6,-62,34.0433350,-117.1993713,363.40,2.00,WIFI
18:A9:ED:46:CE:43,,[WPA3_PSK],2025-12-5 0:51:15,6,-63,34.0433350,-117.1993713,363.40,2.00,WIFI
18:A9:ED:46:CE:49,,[OPEN],2025-12-5 0:51:15,6,-63,34.0433350,-117.1993713,363.40,2.00,WIFI
18:A9:ED:55:E5:89,,[OPEN],2025-12-5 0:51:15,6,-63,34.0433350,-117.1993713,363.40,2.00,WIFI
18:A9:ED:55:E5:86,Endres Linksys,[WPA2_PSK],2025-12-5 0:51:15,6,-66,34.0433350,-117.1993713,363.40,2.00,WIFI
18:A9:ED:46:CE:46,Endres Linksys,[WPA2_PSK],2025-12-5 0:51:15,6,-66,34.0433350,-117.1993713,363.40,2.00,WIFI
24:F3:E3:6F:F7:86,Endres Linksys,[WPA2_PSK],2025-12-5 0:51:15,6,-76,34.0433350,-117.1993713,363.40,2.00,WIFI
24:F3:E3:6F:F7:83,,[WPA3_PSK],2025-12-5 0:51:15,6,-79,34.0433350,-117.1993713,363.40,2.00,WIFI
24:F3:E3:6F:F7:89,,[OPEN],2025-12-5 0:51:15,6,-79,34.0433350,-117.1993713,363.40,2.00,WIFI
78:76:89:36:98:E7,CoolCasa,[WPA2_PSK],2025-12-5 0:51:15,6,-84,34.0433350,-117.1993713,363.40,2.00,WIFI
D0:16:7C:44:17:67,,[OPEN],2025-12-5 0:51:15,6,-84,34.0433350,-117.1993713,363.40,2.00,WIFI
78:76:89:36:98:E4,,[WPA3_PSK],2025-12-5 0:51:15,6,-84,34.0433350,-117.1993713,363.40,2.00,WIFI
78:76:89:36:98:EA,,[OPEN],2025-12-5 0:51:15,6,-84,34.0433350,-117.1993713,363.40,2.00,WIFI
18:1B:EB:6D:C6:66,9DZ6D,[WPA2_PSK],2025-12-5 0:51:15,6,-90,34.0433350,-117.1993713,363.40,2.00,WIFI
58:2F:F7:75:40:C6,SpectrumSetup-C0,[WPA2_PSK],2025-12-5 0:51:15,6,-91,34.0433350,-117.1993713,363.40,2.00,WIFI
98:6B:3D:D8:7E:B0,Dolly4595,[WPA_WPA2_PSK],2025-12-5 0:51:17,8,-82,34.0434113,-117.1994247,363.60,2.00,WIFI
2C:67:BE:5A:C0:20,SpectrumSetup-52F8,[WPA2_PSK],2025-12-5 0:51:20,11,-64,34.0435982,-117.1995773,362.40,2.00,WIFI
F8:5B:3B:6F:41:44,DONEL,[WPA2_PSK],2025-12-5 0:51:20,11,-76,34.0435982,-117.1995773,362.40,2.00,WIFI
DC:03:98:1B:05:1D,AT_301_WLSGL6335F_051d,[WPA2_PSK],2025-12-5 0:51:20,11,-79,34.0435982,-117.1995773,362.40,2.00,WIFI
5A:07:7D:29:B6:91,ORBI26,[WPA2_PSK],2025-12-5 0:51:26,3,-64,34.0441437,-117.2000046,359.70,2.00,WIFI
5E:07:7D:29:B6:91,ORBI26-Guest,[WPA2_PSK],2025-12-5 0:51:26,3,-65,34.0441437,-117.2000046,359.70,2.00,WIFI
54:07:7D:29:B6:91,,[WPA2_PSK],2025-12-5 0:51:26,3,-69,34.0441437,-117.2000046,359.70,2.00,WIFI
54:07:7D:29:9B:86,,[WPA2_PSK],2025-12-5 0:51:26,3,-78,34.0441437,-117.2000046,359.70,2.00,WIFI
EC:9A:74:3B:9C:68,HP-Print-68-Photosmart 6520,[OPEN],2025-12-5 0:51:26,3,-82,34.0441437,-117.2000046,359.70,2.00,WIFI
BA:B0:24:79:97:1E,,[WPA2_PSK],2025-12-5 0:51:27,4,-88,34.0442390,-117.2000885,359.50,2.00,WIFI
B4:B0:24:79:97:AE,BVwifi,[WPA2_PSK],2025-12-5 0:51:27,4,-89,34.0442390,-117.2000885,359.50,2.00,WIFI
BA:B0:24:79:97:AE,,[WPA2_PSK],2025-12-5 0:51:27,4,-89,34.0442390,-117.2000885,359.50,2.00,WIFI
00:23:A7:D8:D9:89,TEG-1Y9,[WPA_WPA2_PSK],2025-12-5 0:51:29,6,-82,34.0444336,-117.2002411,359.00,2.00,WIFI
FA:8F:CA:75:45:3A,STR-AN1000 #6086.h056_,[OPEN],2025-12-5 0:51:29,6,-83,34.0444336,-117.2002411,359.00,2.00,WIFI
60:F4:19:01:28:A3,,[WPA3_PSK],2025-12-5 0:51:29,6,-84,34.0444336,-117.2002411,359.00,2.00,WIFI
D4:3F:32:6C:47:C6,durian,[WPA2_PSK],2025-12-5 0:51:29,6,-84,34.0444336,-117.2002411,359.00,2.00,WIFI
A0:8A:06:C5:85:A7,joola-2G,[WPA2_PSK],2025-12-5 0:51:29,6,-88,34.0444336,-117.2002411,359.00,2.00,WIFI
E2:85:4D:C2:E6:8A,,[WPA2_PSK],2025-12-5 0:51:29,6,-88,34.0444336,-117.2002411,359.00,2.00,WIFI
22:3E:A4:9A:0C:40,,[WPA2_PSK],2025-12-5 0:51:31,8,-76,34.0446320,-117.2004013,358.40,2.00,WIFI
A4:11:62:72:9A:12,ARLO_VMB_4422026869,[WPA2_PSK],2025-12-5 0:51:32,9,-84,34.0447311,-117.2004776,358.20,2.00,WIFI
D8:EB:97:EE:2E:32,Keidel2.4-private,[WPA2_PSK],2025-12-5 0:51:33,10,-82,34.0448303,-117.2005539,358.10,2.00,WIFI
DA:EB:97:EE:2E:35,Keidel-guest2.4,[WPA2_PSK],2025-12-5 0:51:33,10,-83,34.0448303,-117.2005539,358.10,2.00,WIFI
44:AC:85:6E:45:C6,Normanrose,[WPA2_PSK],2025-12-5 0:51:34,11,-74,34.0449295,-117.2006302,358.00,2.00,WIFI
44:AC:85:6E:45:C9,,[OPEN],2025-12-5 0:51:34,11,-74,34.0449295,-117.2006302,358.00,2.00,WIFI
9C:A5:70:9B:A0:05,Normanrose,[WPA2_PSK],2025-12-5 0:51:34,11,-77,34.0449295,-117.2006302,358.00,2.00,WIFI
48:5D:36:48:3D:46,Klausz_WiFi,[WPA2_PSK],2025-12-5 0:51:34,11,-84,34.0449295,-117.2006302,358.00,2.00,WIFI
90:D3:CF:6E:ED:5B,GirlypopsNetwork,[WPA2_PSK],2025-12-5 0:51:34,11,-87,34.0449295,-117.2006302,358.00,2.00,WIFI
8E:49:62:11:69:68,,[WPA2_PSK],2025-12-5 0:51:34,11,-88,34.0449295,-117.2006302,358.00,2.00,WIFI
A0:89:66:E1:74:AC,,[WPA_WPA2_PSK],2025-12-5 0:51:37,1,-66,34.0451889,-117.2008438,357.80,2.00,WIFI
90:48:46:C2:6E:23,ENVOY_112083,[OPEN],2025-12-5 0:51:40,3,-85,34.0453682,-117.2009888,357.20,2.00,WIFI
88:57:1D:51:C7:14,[range]_E30AJT7113083P,[WPA2_PSK],2025-12-5 0:51:41,4,-91,34.0454063,-117.2010345,357.10,2.00,WIFI
18:A9:ED:77:E2:43,,[WPA3_PSK],2025-12-5 0:51:43,6,-71,34.0453987,-117.2011490,356.80,2.00,WIFI
18:A9:ED:77:E2:49,,[OPEN],2025-12-5 0:51:43,6,-71,34.0453987,-117.2011490,356.80,2.00,WIFI
18:A9:ED:77:E2:46,2BPB2,[WPA2_PSK],2025-12-5 0:51:43,6,-73,34.0453987,-117.2011490,356.80,2.00,WIFI
D0:16:7C:8D:8B:E5,curtanddi,[WPA2_PSK],2025-12-5 0:51:43,6,-88,34.0453987,-117.2011490,356.80,2.00,WIFI
F4:52:46:1D:8C:B9,Gaston,[WPA2_PSK],2025-12-5 0:51:43,6,-89,34.0453987,-117.2011490,356.80,2.00,WIFI
C6:C9:E3:8D:C2:42,,[WPA2_PSK],2025-12-5 0:51:44,7,-86,34.0453758,-117.2012024,357.10,2.00,WIFI
FC:34:97:05:D4:D1,BeOurGuest,[WPA2_WPA3_PSK],2025-12-5 0:51:44,7,-88,34.0453758,-117.2012024,357.10,2.00,WIFI
FC:34:97:05:D4:D0,Belle-2G,[WPA2_PSK],2025-12-5 0:51:44,7,-89,34.0453758,-117.2012024,357.10,2.00,WIFI
34:60:F9:5F:7E:1B,HandB,[WPA2_PSK],2025-12-5 0:51:45,8,-84,34.0453453,-117.2012558,357.20,2.00,WIFI
44:AC:85:6E:45:C3,,[WPA3_PSK],2025-12-5 0:51:48,11,-79,34.0452156,-117.2014465,357.80,2.00,WIFI
58:2F:F7:68:A1:56,SpectrumSetup-50,[WPA2_PSK],2025-12-5 0:51:48,11,-81,34.0452156,-117.2014465,357.80,2.00,WIFI
22:3E:A4:04:CF:C2,,[WPA2_PSK],2025-12-5 0:51:48,11,-82,34.0452156,-117.2014465,357.80,2.00,WIFI
24:F3:E3:08:18:0F,Frontier4864 Guest,[WPA2_PSK],2025-12-5 0:51:48,11,-82,34.0452156,-117.2014465,357.80,2.00,WIFI
24:F3:E3:08:18:06,Cohen 6g,[WPA2_PSK],2025-12-5 0:51:48,11,-83,34.0452156,-117.2014465,357.80,2.00,WIFI
A8:B0:88:75:59:E6,,[WPA3_PSK],2025-12-5 0:51:48,11,-85,34.0452156,-117.2014465,357.80,2.00,WIFI
66:CB:E9:7C:99:EC,[LG_Oven]99ec,[WPA2_PSK],2025-12-5 0:51:48,11,-86,34.0452156,-117.2014465,357.80,2.00,WIFI
30:8D:99:FB:51:2F,HP-Print-2F-ENVY 4500 series,[OPEN],2025-12-5 0:51:48,11,-88,34.0452156,-117.2014465,357.80,2.00,WIFI
CC:40:D0:A2:8E:62,NETGEAR91,[WPA2_PSK],2025-12-5 0:51:51,1,-70,34.0450783,-117.2016678,357.80,2.00,WIFI
A0:04:60:CE:27:AC,NETGEAR49,[WPA2_PSK],2025-12-5 0:51:51,1,-87,34.0450783,-117.2016678,357.80,2.00,WIFI
84:1E:A3:29:7F:16,Marquez,[WPA2_PSK],2025-12-5 0:51:51,1,-90,34.0450783,-117.2016678,357.80,2.00,WIFI
9C:0B:05:C3:67:C4,,[WPA3_PSK],2025-12-5 0:51:57,6,-72,34.0447769,-117.2017136,359.30,2.00,WIFI
9C:0B:05:C3:67:CA,,[OPEN],2025-12-5 0:51:57,6,-73,34.0447769,-117.2017136,359.30,2.00,WIFI
9C:0B:05:C3:67:C7,GeorgeYaz,[WPA2_PSK],2025-12-5 0:51:57,6,-75,34.0447769,-117.2017136,359.30,2.00,WIFI
74:AC:B9:BD:D4:B8,BT_Magnolia,[WPA2_PSK],2025-12-5 0:51:57,6,-77,34.0447769,-117.2017136,359.30,2.00,WIFI
D4:3F:32:6C:47:C3,,[WPA3_PSK],2025-12-5 0:51:57,6,-78,34.0447769,-117.2017136,359.30,2.00,WIFI
D4:3F:32:6C:47:C9,,[OPEN],2025-12-5 0:51:57,6,-78,34.0447769,-117.2017136,359.30,2.00,WIFI
7E:AC:B9:BD:D4:B8,iPhoneSetup,[WPA2_PSK],2025-12-5 0:51:57,6,-80,34.0447769,-117.2017136,359.30,2.00,WIFI
7A:AC:B9:BD:D4:B8,BT_Magnolia_guest,[WPA2_PSK],2025-12-5 0:51:57,6,-81,34.0447769,-117.2017136,359.30,2.00,WIFI
82:AC:B9:BD:D4:B8,,[WPA2_PSK],2025-12-5 0:51:57,6,-81,34.0447769,-117.2017136,359.30,2.00,WIFI
60:F4:19:01:28:A9,,[OPEN],2025-12-5 0:51:57,6,-85,34.0447769,-117.2017136,359.30,2.00,WIFI
60:F4:19:01:28:A6,WZWMK,[WPA2_PSK],2025-12-5 0:51:57,6,-85,34.0447769,-117.2017136,359.30,2.00,WIFI
D8:C8:E9:79:87:E2,Lumiere,[WPA2_PSK],2025-12-5 0:51:58,7,-90,34.0447121,-117.2016678,359.70,2.00,WIFI
D4:05:DE:89:EE:67,Honn,[WPA2_PSK],2025-12-5 0:52:3,11,-67,34.0444221,-117.2014465,361.20,2.00,WIFI
D4:05:DE:89:EE:64,,[WPA3_PSK],2025-12-5 0:52:3,11,-68,34.0444221,-117.2014465,361.20,2.00,WIFI
D4:05:DE:89:EE:6A,,[OPEN],2025-12-5 0:52:3,11,-68,34.0444221,-117.2014465,361.20,2.00,WIFI
D6:47:CC:7F:68:AE,SpectrumSetup-21,[WPA2_PSK],2025-12-5 0:52:3,11,-70,34.0444221,-117.2014465,361.20,2.00,WIFI
22:48:6C:B1:A8:3B,,[WPA2_PSK],2025-12-5 0:52:3,11,-75,34.0444221,-117.2014465,361.20,2.00,WIFI
C6:47:CC:7F:68:AE,,[WPA2_PSK],2025-12-5 0:52:3,11,-76,34.0444221,-117.2014465,361.20,2.00,WIFI
E6:47:CC:7F:68:AE,,[WPA2_PSK],2025-12-5 0:52:3,11,-76,34.0444221,-117.2014465,361.20,2.00,WIFI
F8:5B:3B:CE:64:39,MandC,[WPA2_PSK],2025-12-5 0:52:3,11,-87,34.0444221,-117.2014465,361.20,2.00,WIFI
1E:67:BE:09:97:E9,,[WPA2_PSK],2025-12-5 0:52:6,1,-77,34.0443611,-117.2013474,361.70,2.00,WIFI
C0:5D:89:D0:13:89,PNR08IF3106216F090,[OPEN],2025-12-5 0:52:6,1,-84,34.0443611,-117.2013474,361.70,2.00,WIFI
60:32:B1:31:E8:12,DECO,[WPA2_PSK],2025-12-5 0:52:8,2,-88,34.0443573,-117.2012711,361.70,2.00,WIFI
98:ED:5C:83:A7:13,TeslaPV_83A713,[WPA2_PSK],2025-12-5 0:52:10,4,-80,34.0443726,-117.2012253,362.40,2.00,WIFI
90:CA:FA:9B:59:3C,The Force,[WPA2_PSK],2025-12-5 0:52:12,6,-66,34.0443802,-117.2011948,362.60,2.00,WIFI
90:CA:FA:9B:5D:1A,The Force,[WPA2_PSK],2025-12-5 0:52:12,6,-73,34.0443802,-117.2011948,362.60,2.00,WIFI
90:CA:FA:9B:5C:CF,The Force,[WPA2_PSK],2025-12-5 0:52:12,6,-80,34.0443802,-117.2011948,362.60,2.00,WIFI
AA:0C:7A:D4:3E:98,,[WPA2_PSK],2025-12-5 0:52:12,6,-81,34.0443802,-117.2011948,362.60,2.00,WIFI
9A:0C:7A:D4:3E:98,SpectrumSetup-97EB,[WPA2_PSK],2025-12-5 0:52:12,6,-83,34.0443802,-117.2011948,362.60,2.00,WIFI
12:78:71:80:F3:1F,,[WPA2_PSK],2025-12-5 0:52:12,6,-84,34.0443802,-117.2011948,362.60,2.00,WIFI
F2:78:71:80:F3:1F,,[WPA2_PSK],2025-12-5 0:52:12,6,-85,34.0443802,-117.2011948,362.60,2.00,WIFI
