WigleWifi-1.4,appRelease=v1.2.0,model=ESP32 Marauder,release=v1.2.0,device=ESP32 Marauder,display=SPI TFT,board=ESP32 Marauder,brand=JustCallMeKoko
MAC,SSID,AuthMode,FirstSeen,Channel,RSSI,CurrentLatitude,CurrentLongitude,AltitudeMeters,AccuracyMeters,Type
90:CA:FA:9B:5C:CF,The Force,[WPA2_PSK],2025-3-28 14:34:9,1,-75,34.0443764,-117.2011185,375.90,2.50,WIFI
58:68:7A:10:AF:16,Cookie,[WPA2_WPA3_PSK],2025-3-28 14:34:9,1,-84,34.0443764,-117.2011185,375.90,2.50,WIFI
1E:67:BE:09:97:E9,,[WPA2_PSK],2025-3-28 14:34:9,1,-86,34.0443764,-117.2011185,375.90,2.50,WIFI
2C:67:BE:09:97:EF,SpectrumSetup-97EB,[WPA2_PSK],2025-3-28 14:34:9,1,-87,34.0443764,-117.2011185,375.90,2.50,WIFI
34:53:D2:52:09:CE,SpectrumSetup-C8,[WPA2_PSK],2025-3-28 14:34:9,1,-89,34.0443764,-117.2011185,375.90,2.50,WIFI
AA:0C:7A:D4:2C:F8,,[WPA2_PSK],2025-3-28 14:34:9,1,-91,34.0443764,-117.2011185,375.90,2.50,WIFI
9A:0C:7A:D4:2C:F8,SpectrumSetup-97EB,[WPA2_PSK],2025-3-28 14:34:9,1,-91,34.0443764,-117.2011185,375.90,2.50,WIFI
88:3D:24:AA:F1:9C,Davida,[WPA2_PSK],2025-3-28 14:34:9,1,-93,34.0443764,-117.2011185,375.90,2.50,WIFI
04:B6:BE:86:B3:34,,[WPA_WPA2_PSK],2025-3-28 14:34:9,1,-94,34.0443764,-117.2011185,375.90,2.50,WIFI
FC:34:97:05:D4:D0,Belle-2G,[WPA2_PSK],2025-3-28 14:34:10,2,-87,34.0443726,-117.2011185,375.70,2.50,WIFI
FC:34:97:05:D4:D1,BeOurGuest,[WPA2_WPA3_PSK],2025-3-28 14:34:10,2,-88,34.0443726,-117.2011185,375.70,2.50,WIFI
A4:11:62:72:9A:12,ARLO_VMB_4422026869,[WPA2_PSK],2025-3-28 14:34:11,3,-75,34.0443726,-117.2011185,375.40,2.50,WIFI
10:DA:43:99:AA:F6,NETGEAR29,[WPA2_PSK],2025-3-28 14:34:11,3,-89,34.0443726,-117.2011185,375.40,2.50,WIFI
54:04:63:FB:12:D8,,[WPA_WPA2_PSK],2025-3-28 14:34:11,3,-90,34.0443726,-117.2011185,375.40,2.50,WIFI
66:32:B1:31:E3:3E,,[WPA2_PSK],2025-3-28 14:34:11,3,-92,34.0443726,-117.2011185,375.40,2.50,WIFI
56:13:79:C7:1D:8E,DIRECT-8e-HP M281 LaserJet,[WPA2_PSK],2025-3-28 14:34:14,6,-70,34.0443726,-117.2011261,375.50,2.50,WIFI
90:CA:FA:9B:59:3C,The Force,[WPA2_PSK],2025-3-28 14:34:14,6,-70,34.0443726,-117.2011261,375.50,2.50,WIFI
D4:3F:32:6C:47:C6,durian,[WPA2_PSK],2025-3-28 14:34:14,6,-71,34.0443726,-117.2011261,375.50,2.50,WIFI
D4:3F:32:6C:47:C3,,[WPA3_PSK],2025-3-28 14:34:14,6,-71,34.0443726,-117.2011261,375.50,2.50,WIFI
D4:3F:32:6C:47:C9,,[OPEN],2025-3-28 14:34:14,6,-71,34.0443726,-117.2011261,375.50,2.50,WIFI
90:CA:FA:9B:5D:1A,The Force,[WPA2_PSK],2025-3-28 14:34:14,6,-75,34.0443726,-117.2011261,375.50,2.50,WIFI
80:78:71:80:F3:1F,SpectrumSetup-21,[WPA2_PSK],2025-3-28 14:34:14,6,-81,34.0443726,-117.2011261,375.50,2.50,WIFI
22:48:6C:B1:A8:3B,,[WPA2_PSK],2025-3-28 14:34:14,6,-86,34.0443726,-117.2011261,375.50,2.50,WIFI
58:2F:F7:75:40:C6,SpectrumSetup-C0,[WPA2_PSK],2025-3-28 14:34:14,6,-90,34.0443726,-117.2011261,375.50,2.50,WIFI
98:ED:5C:83:A7:13,TeslaPV_83A713,[WPA2_PSK],2025-3-28 14:34:16,8,-66,34.0443687,-117.2011414,375.30,2.50,WIFI
86:69:1A:94:41:B4,,[WPA2_WPA3_PSK],2025-3-28 14:34:17,9,-88,34.0443687,-117.2011490,375.10,2.50,WIFI
2E:80:88:D7:76:8B,Cohen,[WPA2_PSK],2025-3-28 14:34:17,9,-91,34.0443687,-117.2011490,375.10,2.50,WIFI
02:13:37:AA:3A:34,manage,[WPA2_PSK],2025-3-28 14:34:19,11,-58,34.0443687,-117.2011490,375.00,2.50,WIFI
00:13:37:AA:3A:34,Redlands Free WiFi,[OPEN],2025-3-28 14:34:19,11,-65,34.0443687,-117.2011490,375.00,2.50,WIFI
D4:05:DE:89:EE:6A,,[OPEN],2025-3-28 14:34:19,11,-72,34.0443687,-117.2011490,375.00,2.50,WIFI
D4:05:DE:89:EE:67,Honn,[WPA2_PSK],2025-3-28 14:34:19,11,-73,34.0443687,-117.2011490,375.00,2.50,WIFI
D4:05:DE:89:EE:64,,[WPA3_PSK],2025-3-28 14:34:19,11,-73,34.0443687,-117.2011490,375.00,2.50,WIFI
22:3E:A4:04:CF:C2,,[WPA2_PSK],2025-3-28 14:34:19,11,-83,34.0443687,-117.2011490,375.00,2.50,WIFI
9C:0B:05:C3:67:CA,,[OPEN],2025-3-28 14:34:19,11,-84,34.0443687,-117.2011490,375.00,2.50,WIFI
9C:0B:05:C3:67:C7,GeorgeYaz,[WPA2_PSK],2025-3-28 14:34:19,11,-84,34.0443687,-117.2011490,375.00,2.50,WIFI
9C:0B:05:C3:67:C4,,[WPA3_PSK],2025-3-28 14:34:19,11,-85,34.0443687,-117.2011490,375.00,2.50,WIFI
60:45:CB:5C:8F:31,Voldemort_2.4,[WPA2_PSK],2025-3-28 14:34:19,11,-89,34.0443687,-117.2011490,375.00,2.50,WIFI
22:3E:A4:9C:D0:7F,,[WPA2_PSK],2025-3-28 14:34:19,11,-91,34.0443687,-117.2011490,375.00,2.50,WIFI
1E:67:BE:09:97:E8,,[WPA2_PSK],2025-3-28 14:34:23,1,-79,34.0443611,-117.2012100,374.90,2.50,WIFI
F4:52:46:1D:8C:B9,SpectrumSetup-BB,[WPA2_PSK],2025-3-28 14:34:23,1,-81,34.0443611,-117.2012100,374.90,2.50,WIFI
DA:31:34:C3:F9:83,,[WPA2_PSK],2025-3-28 14:34:23,1,-88,34.0443611,-117.2012100,374.90,2.50,WIFI
7A:AC:B9:BD:D4:B8,BT_Magnolia_guest,[WPA2_PSK],2025-3-28 14:34:23,1,-89,34.0443611,-117.2012100,374.90,2.50,WIFI
7E:AC:B9:BD:D4:B8,iPhoneSetup,[WPA2_PSK],2025-3-28 14:34:23,1,-91,34.0443611,-117.2012100,374.90,2.50,WIFI
A0:04:60:CE:27:AC,NETGEAR49,[WPA2_PSK],2025-3-28 14:34:23,1,-92,34.0443611,-117.2012100,374.90,2.50,WIFI
60:32:B1:31:E3:3E,DECO,[WPA2_PSK],2025-3-28 14:34:26,3,-90,34.0443459,-117.2012482,374.90,2.50,WIFI
60:F4:19:01:28:A3,,[WPA3_PSK],2025-3-28 14:34:29,6,-79,34.0443459,-117.2012558,375.00,2.50,WIFI
60:F4:19:01:28:A9,,[OPEN],2025-3-28 14:34:29,6,-79,34.0443459,-117.2012558,375.00,2.50,WIFI
60:F4:19:01:28:A6,WZWMK,[WPA2_PSK],2025-3-28 14:34:29,6,-79,34.0443459,-117.2012558,375.00,2.50,WIFI
7E:AC:B9:BD:CB:D1,iPhoneSetup,[WPA2_PSK],2025-3-28 14:34:29,6,-87,34.0443459,-117.2012558,375.00,2.50,WIFI
7A:AC:B9:BD:CB:D1,BT_Magnolia_guest,[WPA2_PSK],2025-3-28 14:34:29,6,-88,34.0443459,-117.2012558,375.00,2.50,WIFI
74:AC:B9:BD:CB:D1,BT_Magnolia,[WPA2_PSK],2025-3-28 14:34:29,6,-89,34.0443459,-117.2012558,375.00,2.50,WIFI
CC:2D:21:FF:71:71,Boopers,[WPA_WPA2_PSK],2025-3-28 14:34:29,6,-93,34.0443459,-117.2012558,375.00,2.50,WIFI
F8:F5:32:4C:34:08,Frontier0816,[WPA2_PSK],2025-3-28 14:34:34,11,-91,34.0444603,-117.2013168,375.00,2.50,WIFI
CC:40:D0:A2:8E:62,NETGEAR91,[WPA2_PSK],2025-3-28 14:34:37,1,-74,34.0445976,-117.2014694,375.60,2.50,WIFI
74:AC:B9:BD:D4:B8,BT_Magnolia,[WPA2_PSK],2025-3-28 14:34:37,1,-74,34.0445976,-117.2014694,375.60,2.50,WIFI
82:AC:B9:BD:D4:B8,,[WPA2_PSK],2025-3-28 14:34:37,1,-75,34.0445976,-117.2014694,375.60,2.50,WIFI
8A:0C:7A:D4:3E:98,,[WPA2_PSK],2025-3-28 14:34:37,1,-91,34.0445976,-117.2014694,375.60,2.50,WIFI
82:AC:B9:BD:CB:D1,,[WPA2_PSK],2025-3-28 14:34:43,6,-78,34.0449142,-117.2017288,375.20,2.50,WIFI
44:EA:D8:1E:24:B8,ChimePro-1E24B7,[OPEN],2025-3-28 14:34:43,6,-88,34.0449142,-117.2017288,375.20,2.50,WIFI
F8:E4:FB:03:39:7E,2BPB2,[WPA2_PSK],2025-3-28 14:34:43,6,-91,34.0449142,-117.2017288,375.20,2.50,WIFI
58:2F:F7:68:A1:56,SpectrumSetup-50,[WPA2_PSK],2025-3-28 14:34:48,11,-79,34.0450859,-117.2016373,374.30,2.25,WIFI
66:CB:E9:7C:99:EC,[LG_Oven]99ec,[WPA2_PSK],2025-3-28 14:34:48,11,-83,34.0450859,-117.2016373,374.30,2.25,WIFI
84:A0:6E:C9:E2:16,joola-2G,[WPA2_PSK],2025-3-28 14:34:48,11,-85,34.0450859,-117.2016373,374.30,2.25,WIFI
C8:B4:22:05:E5:E7,Cooks Retreat,[WPA2_PSK],2025-3-28 14:34:51,1,-86,34.0452232,-117.2013931,373.50,2.25,WIFI
D0:6D:C9:39:94:06,Frontier1031,[WPA2_PSK],2025-3-28 14:34:51,1,-91,34.0452232,-117.2013931,373.50,2.25,WIFI
A0:89:66:8D:EC:20,,[WPA_WPA2_PSK],2025-3-28 14:34:53,2,-92,34.0453033,-117.2012405,373.30,2.25,WIFI
88:57:1D:51:C7:14,[range]_E30AJT7113083P,[WPA2_PSK],2025-3-28 14:34:55,4,-91,34.0453568,-117.2011490,373.70,2.25,WIFI
80:69:1A:94:41:18,Leason2.0,[WPA2_WPA3_PSK],2025-3-28 14:34:55,4,-91,34.0453568,-117.2011490,373.70,2.25,WIFI
80:69:1A:95:12:0F,Leason2.0,[WPA2_WPA3_PSK],2025-3-28 14:34:56,5,-82,34.0453644,-117.2011337,373.90,2.25,WIFI
86:69:1A:95:12:0F,,[WPA2_WPA3_PSK],2025-3-28 14:34:56,5,-82,34.0453644,-117.2011337,373.90,2.25,WIFI
9C:A5:70:9B:A0:05,Normanrose,[WPA2_PSK],2025-3-28 14:34:57,6,-71,34.0453682,-117.2011261,373.50,2.25,WIFI
9C:A5:70:9B:A0:03,,[WPA3_PSK],2025-3-28 14:34:57,6,-74,34.0453682,-117.2011261,373.50,2.25,WIFI
9C:A5:70:9B:A0:07,,[OPEN],2025-3-28 14:34:57,6,-75,34.0453682,-117.2011261,373.50,2.25,WIFI
F0:9F:C2:CC:90:F6,ManagementVds,[WPA2_WPA3_PSK],2025-3-28 14:34:57,6,-78,34.0453682,-117.2011261,373.50,2.25,WIFI
F0:B6:61:0F:F0:C7,Pointer Wifi,[WPA2_PSK],2025-3-28 14:34:57,6,-79,34.0453682,-117.2011261,373.50,2.25,WIFI
F0:B6:61:0F:F0:C4,,[WPA3_PSK],2025-3-28 14:34:57,6,-80,34.0453682,-117.2011261,373.50,2.25,WIFI
F0:B6:61:0F:F0:CA,,[OPEN],2025-3-28 14:34:57,6,-80,34.0453682,-117.2011261,373.50,2.25,WIFI
F0:7B:65:3C:22:AA,SpectrumSetup-22A4,[WPA2_PSK],2025-3-28 14:34:57,6,-83,34.0453682,-117.2011261,373.50,2.25,WIFI
9C:0B:05:30:B7:6A,,[OPEN],2025-3-28 14:34:57,6,-85,34.0453682,-117.2011261,373.50,2.25,WIFI
9C:0B:05:30:B7:67,curtanddi,[WPA2_PSK],2025-3-28 14:34:57,6,-86,34.0453682,-117.2011261,373.50,2.25,WIFI
10:0C:6B:32:3D:8C,,[WPA2_PSK],2025-3-28 14:34:59,8,-84,34.0453835,-117.2011108,373.30,2.25,WIFI
16:0C:6B:32:3D:8C,RPNet,[WPA2_PSK],2025-3-28 14:34:59,8,-86,34.0453835,-117.2011108,373.30,2.25,WIFI
56:60:F9:5F:7E:1B,,[WPA2_PSK],2025-3-28 14:35:0,9,-82,34.0454025,-117.2010880,373.00,2.25,WIFI
34:60:F9:5F:7E:1B,HandB,[WPA2_PSK],2025-3-28 14:35:0,9,-83,34.0454025,-117.2010880,373.00,2.25,WIFI
80:69:1A:94:41:B4,Leason2.0,[WPA2_WPA3_PSK],2025-3-28 14:35:0,9,-85,34.0454025,-117.2010880,373.00,2.25,WIFI
94:83:C4:05:8A:C8,HSS,[WPA2_PSK],2025-3-28 14:35:2,11,-83,34.0454865,-117.2010803,372.70,2.25,WIFI
08:7B:12:43:AF:E6,Frontier1383,[WPA2_PSK],2025-3-28 14:35:2,11,-85,34.0454865,-117.2010803,372.70,2.25,WIFI
C4:8E:8F:E4:98:76,WIFIE49872,[WPA2_PSK],2025-3-28 14:35:2,11,-85,34.0454865,-117.2010803,372.70,2.25,WIFI
CC:58:30:64:D4:D6,TMOBILE-D4D1,[WPA2_WPA3_PSK],2025-3-28 14:35:2,11,-89,34.0454865,-117.2010803,372.70,2.25,WIFI
D8:A7:56:73:52:96,MySpectrumWiFi90-2G,[WPA2_PSK],2025-3-28 14:35:5,1,-76,34.0456848,-117.2012177,371.40,2.25,WIFI
00:CB:51:4F:64:8E,MySpectrumWiFi88-2G,[WPA2_PSK],2025-3-28 14:35:5,1,-84,34.0456848,-117.2012177,371.40,2.25,WIFI
C0:89:AB:4C:93:98,Frontier4992,[WPA2_PSK],2025-3-28 14:35:5,1,-88,34.0456848,-117.2012177,371.40,2.25,WIFI
DC:92:72:E3:69:AF,Frontier0168,[WPA2_PSK],2025-3-28 14:35:5,1,-89,34.0456848,-117.2012177,371.40,2.25,WIFI
FC:12:63:B7:33:03,SpectrumSetup-05 TT,[WPA2_PSK],2025-3-28 14:35:5,1,-89,34.0456848,-117.2012177,371.40,2.25,WIFI
F4:05:95:A1:59:9E,SpectrumSetup-98,[WPA2_PSK],2025-3-28 14:35:5,1,-89,34.0456848,-117.2012177,371.40,2.25,WIFI
84:A0:6E:B7:C7:96,MySpectrumWiFi90-2G,[WPA2_PSK],2025-3-28 14:35:5,1,-92,34.0456848,-117.2012177,371.40,2.25,WIFI
22:E0:19:5C:07:5F,,[WPA2_PSK],2025-3-28 14:35:5,1,-92,34.0456848,-117.2012177,371.40,2.25,WIFI
BC:10:2F:5D:09:8B,[oven] Samsung,[WPA2_PSK],2025-3-28 14:35:5,1,-94,34.0456848,-117.2012177,371.40,2.25,WIFI
96:9A:4A:B8:11:66,,[WPA2_PSK],2025-3-28 14:35:8,3,-86,34.0459290,-117.2014084,370.00,2.25,WIFI
90:9A:4A:B8:11:66,Hanfamily 2.0,[WPA2_PSK],2025-3-28 14:35:8,3,-88,34.0459290,-117.2014084,370.00,2.25,WIFI
E4:F4:C6:15:AD:8C,wtwood,[WPA_WPA2_PSK],2025-3-28 14:35:9,4,-83,34.0460129,-117.2014618,369.70,2.25,WIFI
74:37:5F:55:FA:13,ierr2006,[WPA2_PSK],2025-3-28 14:35:11,6,-73,34.0461769,-117.2015991,369.00,2.25,WIFI
28:EC:22:32:61:29,,[OPEN],2025-3-28 14:35:11,6,-77,34.0461769,-117.2015991,369.00,2.25,WIFI
28:EC:22:32:61:26,net,[WPA2_PSK],2025-3-28 14:35:11,6,-78,34.0461769,-117.2015991,369.00,2.25,WIFI
28:EC:22:32:61:2F,net Guest,[WPA2_PSK],2025-3-28 14:35:11,6,-78,34.0461769,-117.2015991,369.00,2.25,WIFI
28:EC:22:32:61:23,,[WPA3_PSK],2025-3-28 14:35:11,6,-79,34.0461769,-117.2015991,369.00,2.25,WIFI
88:67:46:64:0E:E3,,[WPA3_PSK],2025-3-28 14:35:11,6,-80,34.0461769,-117.2015991,369.00,2.25,WIFI
88:67:46:64:0E:E9,,[OPEN],2025-3-28 14:35:11,6,-81,34.0461769,-117.2015991,369.00,2.25,WIFI
F0:81:75:C0:58:AE,SpectrumSetup-A8,[WPA2_PSK],2025-3-28 14:35:11,6,-83,34.0461769,-117.2015991,369.00,2.25,WIFI
34:53:D2:CC:E6:1F,SpectrumSetup-19,[WPA2_PSK],2025-3-28 14:35:11,6,-87,34.0461769,-117.2015991,369.00,2.25,WIFI
C8:E3:06:2B:EA:25,Wild horse,[WPA2_PSK],2025-3-28 14:35:11,6,-87,34.0461769,-117.2015991,369.00,2.25,WIFI
C8:E3:06:2B:EA:23,,[WPA3_PSK],2025-3-28 14:35:11,6,-88,34.0461769,-117.2015991,369.00,2.25,WIFI
90:D3:CF:01:C9:BC,Spectrum Setup 09,[WPA2_PSK],2025-3-28 14:35:11,6,-89,34.0461769,-117.2015991,369.00,2.25,WIFI
C8:E3:06:2B:EA:27,,[OPEN],2025-3-28 14:35:11,6,-90,34.0461769,-117.2015991,369.00,2.25,WIFI
54:04:63:C8:A4:F9,,[WPA_WPA2_PSK],2025-3-28 14:35:11,7,-89,34.0461769,-117.2015991,369.00,2.25,WIFI
B6:A7:B9:4A:14:FD,Ziprick Guest,[WPA_WPA2_PSK],2025-3-28 14:35:15,9,-88,34.0464859,-117.2018127,368.30,2.25,WIFI
B6:39:56:6C:D8:D6,ORBI08,[WPA2_PSK],2025-3-28 14:35:15,9,-88,34.0464859,-117.2018127,368.30,2.25,WIFI
B0:A7:B9:4A:14:FC,Ziprick,[WPA_WPA2_PSK],2025-3-28 14:35:15,9,-92,34.0464859,-117.2018127,368.30,2.25,WIFI
92:C9:E3:CB:71:4F,DrMRedlandsBest,[WPA2_WPA3_PSK],2025-3-28 14:35:16,10,-78,34.0465393,-117.2018356,368.30,2.25,WIFI
C0:C9:E3:CB:71:4C,M3_OfficeLink,[WPA2_WPA3_PSK],2025-3-28 14:35:16,10,-79,34.0465393,-117.2018356,368.30,2.25,WIFI
9C:05:D6:62:FA:5A,ManagementVds,[WPA2_WPA3_PSK],2025-3-28 14:35:17,11,-72,34.0465698,-117.2018509,368.10,2.25,WIFI
DC:69:B5:37:EF:29,,[OPEN],2025-3-28 14:35:17,11,-74,34.0465698,-117.2018509,368.10,2.25,WIFI
DC:69:B5:37:EF:26,DESPAIN,[WPA2_PSK],2025-3-28 14:35:17,11,-74,34.0465698,-117.2018509,368.10,2.25,WIFI
34:53:D2:B6:95:0E,SpectrumSetup-08,[WPA2_PSK],2025-3-28 14:35:17,11,-76,34.0465698,-117.2018509,368.10,2.25,WIFI
60:F4:19:8B:6B:23,,[WPA3_PSK],2025-3-28 14:35:17,11,-77,34.0465698,-117.2018509,368.10,2.25,WIFI
60:F4:19:8B:6B:29,,[OPEN],2025-3-28 14:35:17,11,-77,34.0465698,-117.2018509,368.10,2.25,WIFI
60:F4:19:8B:6B:26,Logan Wifi,[WPA2_PSK],2025-3-28 14:35:17,11,-77,34.0465698,-117.2018509,368.10,2.25,WIFI
DC:92:72:E5:8D:AF,Frontier0087,[WPA2_PSK],2025-3-28 14:35:17,11,-85,34.0465698,-117.2018509,368.10,2.25,WIFI
94:98:8F:53:01:26,TMOBILE-0121,[WPA2_WPA3_PSK],2025-3-28 14:35:17,11,-89,34.0465698,-117.2018509,368.10,2.25,WIFI
74:37:5F:9E:81:47,SpectrumSetup-45,[WPA2_PSK],2025-3-28 14:35:17,11,-90,34.0465698,-117.2018509,368.10,2.25,WIFI
A8:3A:79:F5:89:A3,CK_STAGE,[WPA2_PSK],2025-3-28 14:35:17,1,-83,34.0465698,-117.2018509,368.10,2.25,WIFI
A8:3A:79:F5:89:A2,CK_BYOD,[WPA2_PSK],2025-3-28 14:35:17,1,-84,34.0465698,-117.2018509,368.10,2.25,WIFI
F4:05:95:D7:90:D9,SpectrumSetup-D3,[WPA2_PSK],2025-3-28 14:35:17,1,-87,34.0465698,-117.2018509,368.10,2.25,WIFI
14:7D:05:94:72:BF,TINOCO5G,[WPA2_PSK],2025-3-28 14:35:17,1,-90,34.0465698,-117.2018509,368.10,2.25,WIFI
3C:52:82:20:57:50,DIRECT-4F-HP ENVY 7640 series,[WPA2_PSK],2025-3-28 14:35:24,4,-94,34.0467339,-117.2017517,369.00,2.25,WIFI
40:47:5E:C6:10:86,Frontier Speedy,[WPA2_PSK],2025-3-28 14:35:26,6,-76,34.0467911,-117.2015610,369.10,2.25,WIFI
40:47:5E:C6:10:83,,[WPA3_PSK],2025-3-28 14:35:26,6,-77,34.0467911,-117.2015610,369.10,2.25,WIFI
40:47:5E:C6:10:89,,[OPEN],2025-3-28 14:35:26,6,-78,34.0467911,-117.2015610,369.10,2.25,WIFI
F8:5B:3B:37:B5:54,SpectrumSetup-56,[WPA2_PSK],2025-3-28 14:35:26,6,-80,34.0467911,-117.2015610,369.10,2.25,WIFI
F4:52:46:ED:AA:AF,SpectrumSetup-B1,[WPA2_PSK],2025-3-28 14:35:26,6,-83,34.0467911,-117.2015610,369.10,2.25,WIFI
08:B4:B1:E8:C4:5C,Drug Addicts Only,[WPA2_PSK],2025-3-28 14:35:26,6,-87,34.0467911,-117.2015610,369.10,2.25,WIFI
A0:36:BC:75:07:58,Ramirez Router,[WPA2_PSK],2025-3-28 14:35:28,8,-85,34.0468712,-117.2012939,368.80,2.25,WIFI
10:DA:43:CD:7C:1E,NETGEAR95,[WPA2_PSK],2025-3-28 14:35:28,8,-89,34.0468712,-117.2012939,368.80,2.25,WIFI
74:37:5F:DA:99:47,SpectrumSetup-45,[WPA2_PSK],2025-3-28 14:35:31,11,-57,34.0470352,-117.2008514,368.20,2.25,WIFI
84:70:D7:9D:1C:E4,,[WPA3_PSK],2025-3-28 14:35:31,11,-67,34.0470352,-117.2008514,368.20,2.25,WIFI
84:70:D7:9D:1C:EA,,[OPEN],2025-3-28 14:35:31,11,-67,34.0470352,-117.2008514,368.20,2.25,WIFI
84:70:D7:9D:1C:E7,Myfrontier97,[WPA2_PSK],2025-3-28 14:35:31,11,-67,34.0470352,-117.2008514,368.20,2.25,WIFI
D0:6D:C9:2D:C7:86,Fruit Farm,[WPA2_PSK],2025-3-28 14:35:31,11,-72,34.0470352,-117.2008514,368.20,2.25,WIFI
2C:67:BE:0E:8E:17,Addieshome,[WPA2_PSK],2025-3-28 14:35:31,11,-81,34.0470352,-117.2008514,368.20,2.25,WIFI
4C:19:5D:60:75:09,COPFAMILY,[WPA2_PSK],2025-3-28 14:35:31,11,-83,34.0470352,-117.2008514,368.20,2.25,WIFI
F4:05:95:DB:25:56,getyourownwifi,[WPA2_PSK],2025-3-28 14:35:31,11,-86,34.0470352,-117.2008514,368.20,2.25,WIFI
80:78:71:09:36:9E,Dead space,[WPA2_PSK],2025-3-28 14:35:34,1,-80,34.0472336,-117.2003784,367.10,2.25,WIFI
80:78:71:D8:20:26,SpectrumSetup-28,[WPA2_PSK],2025-3-28 14:35:34,1,-91,34.0472336,-117.2003784,367.10,2.25,WIFI
00:C8:96:D1:21:52,,[WPA_WPA2_PSK],2025-3-28 14:35:36,2,-86,34.0473824,-117.2000732,366.80,2.25,WIFI
94:18:65:D2:FC:4F,Adulting101,[WPA2_PSK],2025-3-28 14:35:37,3,-65,34.0474625,-117.1999207,366.60,2.25,WIFI
C8:7F:54:12:98:00,DeepDark,[WPA2_PSK],2025-3-28 14:35:39,5,-74,34.0476227,-117.1996231,366.70,2.25,WIFI
20:9A:7D:1B:2B:B6,SpectrumSetup-B8,[WPA2_PSK],2025-3-28 14:35:40,6,-57,34.0477028,-117.1994781,366.40,2.25,WIFI
B0:19:21:E0:3E:23,Wifussy,[WPA2_PSK],2025-3-28 14:35:40,6,-64,34.0477028,-117.1994781,366.40,2.25,WIFI
D2:19:21:E0:3E:23,,[WPA2_PSK],2025-3-28 14:35:40,6,-65,34.0477028,-117.1994781,366.40,2.25,WIFI
C0:6F:98:91:C9:E6,Mint2Be,[WPA2_PSK],2025-3-28 14:35:40,6,-75,34.0477028,-117.1994781,366.40,2.25,WIFI
F8:5B:3B:D7:73:9F,SpectrumSetup-A1,[WPA2_PSK],2025-3-28 14:35:40,6,-80,34.0477028,-117.1994781,366.40,2.25,WIFI
A4:97:33:AF:F4:A0,SpectrumSetup-A2,[WPA2_PSK],2025-3-28 14:35:40,6,-80,34.0477028,-117.1994781,366.40,2.25,WIFI
C0:6F:98:91:C9:E3,,[WPA3_PSK],2025-3-28 14:35:40,6,-82,34.0477028,-117.1994781,366.40,2.25,WIFI
80:78:71:C8:26:5D,SpectrumSetup-5F,[WPA2_PSK],2025-3-28 14:35:40,6,-84,34.0477028,-117.1994781,366.40,2.25,WIFI
D8:8E:D4:04:C0:E3,,[WPA3_PSK],2025-3-28 14:35:40,6,-85,34.0477028,-117.1994781,366.40,2.25,WIFI
D8:8E:D4:04:C0:E9,,[OPEN],2025-3-28 14:35:40,6,-87,34.0477028,-117.1994781,366.40,2.25,WIFI
7E:2E:BD:89:09:48,leoffice-guest,[WPA2_PSK],2025-3-28 14:35:40,6,-88,34.0477028,-117.1994781,366.40,2.25,WIFI
48:D2:4F:FD:AB:5E,SpectrumSetup-58,[WPA2_PSK],2025-3-28 14:35:40,6,-88,34.0477028,-117.1994781,366.40,2.25,WIFI
8C:3B:AD:F8:6B:E4,NTGR_VMB_1542770507,[WPA2_PSK],2025-3-28 14:35:40,6,-93,34.0477028,-117.1994781,366.40,2.25,WIFI
34:68:95:FA:1E:1B,MyWifi,[WPA_WPA2_PSK],2025-3-28 14:35:40,7,-64,34.0477028,-117.1994781,366.40,2.25,WIFI
3C:7C:3F:A0:70:A0,toledoendo,[WPA_WPA2_PSK],2025-3-28 14:35:40,7,-79,34.0477028,-117.1994781,366.40,2.25,WIFI
00:C8:96:CD:64:C2,,[WPA_WPA2_PSK],2025-3-28 14:35:43,9,-81,34.0479393,-117.1990585,366.10,2.25,WIFI
A4:11:62:CA:12:34,ARLO_VMB_2804592903,[WPA2_PSK],2025-3-28 14:35:43,9,-86,34.0479393,-117.1990585,366.10,2.25,WIFI
CC:40:D0:05:83:4C,NETGEAR86,[WPA2_PSK],2025-3-28 14:35:43,9,-88,34.0479393,-117.1990585,366.10,2.25,WIFI
B0:A7:B9:24:CA:F1,NoTouchy,[WPA2_PSK],2025-3-28 14:35:44,10,-91,34.0480118,-117.1989365,366.40,2.25,WIFI
90:CD:B6:A1:22:2D,WIFIA12229,[WPA2_PSK],2025-3-28 14:35:45,11,-53,34.0480804,-117.1988144,366.50,2.00,WIFI
88:DE:7C:C3:9C:71,SpectrumSetup-73,[WPA2_PSK],2025-3-28 14:35:45,11,-76,34.0480804,-117.1988144,366.50,2.00,WIFI
BC:96:E5:87:97:FB,SpectrumSetup-97F7,[WPA2_PSK],2025-3-28 14:35:45,11,-81,34.0480804,-117.1988144,366.50,2.00,WIFI
58:96:71:F3:F2:86,Virus Download,[WPA2_PSK],2025-3-28 14:35:45,11,-81,34.0480804,-117.1988144,366.50,2.00,WIFI
4C:AB:F8:9F:85:CD,SpectrumSetup-CF,[WPA2_PSK],2025-3-28 14:35:45,11,-82,34.0480804,-117.1988144,366.50,2.00,WIFI
74:37:5F:70:04:87,SpectrumSetup-85,[WPA2_PSK],2025-3-28 14:35:45,11,-84,34.0480804,-117.1988144,366.50,2.00,WIFI
A0:55:1F:9D:D9:00,SpectrumSetup-D8FA,[WPA2_PSK],2025-3-28 14:35:45,11,-87,34.0480804,-117.1988144,366.50,2.00,WIFI
8C:85:80:66:4E:68,,[WPA_WPA2_PSK],2025-3-28 14:35:47,1,-70,34.0481720,-117.1986465,366.90,2.00,WIFI
84:1E:A3:CB:20:46,MooMooMeadows,[WPA2_PSK],2025-3-28 14:35:47,1,-73,34.0481720,-117.1986465,366.90,2.00,WIFI
F4:52:46:8C:88:BF,McCartneyNetwork,[WPA2_PSK],2025-3-28 14:35:47,1,-73,34.0481720,-117.1986465,366.90,2.00,WIFI
C8:99:B2:19:46:F3,Verizon_CR3KDB,[WPA2_PSK],2025-3-28 14:35:47,1,-77,34.0481720,-117.1986465,366.90,2.00,WIFI
34:DB:9C:6C:3F:FE,MySpectrumWiFif8-2G,[WPA2_PSK],2025-3-28 14:35:47,1,-78,34.0481720,-117.1986465,366.90,2.00,WIFI
F4:92:BF:57:54:2A,IYBI,[WPA2_PSK],2025-3-28 14:35:47,1,-84,34.0481720,-117.1986465,366.90,2.00,WIFI
74:37:5F:26:BF:83,SpectrumSetup-81,[WPA2_PSK],2025-3-28 14:35:54,6,-63,34.0482826,-117.1984482,366.50,2.00,WIFI
A0:8E:24:7D:72:A7,,[OPEN],2025-3-28 14:35:54,6,-68,34.0482826,-117.1984482,366.50,2.00,WIFI
A0:8E:24:7D:72:A5,Wilson Clinic,[WPA2_PSK],2025-3-28 14:35:54,6,-70,34.0482826,-117.1984482,366.50,2.00,WIFI
64:DA:ED:0E:13:C3,,[WPA3_PSK],2025-3-28 14:35:54,6,-75,34.0482826,-117.1984482,366.50,2.00,WIFI
64:DA:ED:0E:13:C7,,[OPEN],2025-3-28 14:35:54,6,-75,34.0482826,-117.1984482,366.50,2.00,WIFI
64:DA:ED:0E:13:C5,Wilson Clinic,[WPA2_PSK],2025-3-28 14:35:54,6,-76,34.0482826,-117.1984482,366.50,2.00,WIFI
A0:7F:8A:5B:7E:10,SpectrumSetup-E8,[WPA2_PSK],2025-3-28 14:35:54,6,-81,34.0482826,-117.1984482,366.50,2.00,WIFI
58:9B:4A:A5:02:8B,SpectrumSetup-0287,[WPA2_PSK],2025-3-28 14:35:54,6,-83,34.0482826,-117.1984482,366.50,2.00,WIFI
84:1E:A3:29:25:06,SpectrumSetup-00,[WPA2_PSK],2025-3-28 14:35:54,6,-83,34.0482826,-117.1984482,366.50,2.00,WIFI
10:0C:6B:2A:DE:6C,RPNet,[WPA2_PSK],2025-3-28 14:35:56,8,-91,34.0483131,-117.1984024,366.40,2.00,WIFI
CC:40:D0:7D:51:5F,IYBI,[WPA2_PSK],2025-3-28 14:35:57,9,-66,34.0483398,-117.1983490,366.30,2.00,WIFI
CE:40:D0:7D:51:58,IYBI-Guest,[WPA2_PSK],2025-3-28 14:35:57,9,-69,34.0483398,-117.1983490,366.30,2.00,WIFI
F6:09:0D:8A:B9:D6,,[WPA2_PSK],2025-3-28 14:35:57,9,-75,34.0483398,-117.1983490,366.30,2.00,WIFI
F0:09:0D:8A:B9:D6,CD - House,[WPA2_PSK],2025-3-28 14:35:57,9,-76,34.0483398,-117.1983490,366.30,2.00,WIFI
F0:09:0D:8A:B6:8E,CD - House,[WPA2_PSK],2025-3-28 14:35:57,9,-85,34.0483398,-117.1983490,366.30,2.00,WIFI
F0:09:0D:8A:B2:9C,CD - House,[WPA2_PSK],2025-3-28 14:35:57,9,-88,34.0483398,-117.1983490,366.30,2.00,WIFI
F0:7B:65:BC:FB:11,Jacksonfam,[WPA2_PSK],2025-3-28 14:35:59,11,-74,34.0484161,-117.1982117,367.00,2.00,WIFI
5E:96:71:F3:F2:86,Verizon_Rod_guest,[WPA2_PSK],2025-3-28 14:35:59,11,-77,34.0484161,-117.1982117,367.00,2.00,WIFI
F4:52:46:DE:52:5E,Cowboys,[WPA2_PSK],2025-3-28 14:35:59,11,-83,34.0484161,-117.1982117,367.00,2.00,WIFI
60:D0:2C:76:8A:C3,Recover.Me-368AC0,[WPA2_PSK],2025-3-28 14:35:59,11,-90,34.0484161,-117.1982117,367.00,2.00,WIFI
F0:7B:65:66:CE:5F,SpectrumSetup-CF,[WPA2_PSK],2025-3-28 14:36:2,1,-68,34.0485725,-117.1979294,367.30,2.00,WIFI
F8:5B:3B:1D:C8:46,SpectrumSetup-48,[WPA2_PSK],2025-3-28 14:36:2,1,-70,34.0485725,-117.1979294,367.30,2.00,WIFI
C8:B4:22:B7:8E:17,MySpectrumWiFi19-2G,[WPA2_PSK],2025-3-28 14:36:2,1,-87,34.0485725,-117.1979294,367.30,2.00,WIFI
A6:97:5C:95:06:23,VTECH_5754_0623,[WPA2_PSK],2025-3-28 14:36:7,5,-86,34.0489082,-117.1973190,368.40,2.00,WIFI
88:DE:7C:32:E4:F9,SpectrumSetup-FB,[WPA2_PSK],2025-3-28 14:36:8,6,-67,34.0489845,-117.1971817,368.30,2.00,WIFI
F0:7B:65:95:34:0E,A_J,[WPA2_PSK],2025-3-28 14:36:8,6,-69,34.0489845,-117.1971817,368.30,2.00,WIFI
D4:3F:32:97:5A:29,,[OPEN],2025-3-28 14:36:8,6,-70,34.0489845,-117.1971817,368.30,2.00,WIFI
D4:3F:32:97:5A:26,SilverFox,[WPA2_PSK],2025-3-28 14:36:8,6,-70,34.0489845,-117.1971817,368.30,2.00,WIFI
D4:3F:32:97:5A:23,,[WPA3_PSK],2025-3-28 14:36:8,6,-71,34.0489845,-117.1971817,368.30,2.00,WIFI
F4:05:95:9F:11:1C,Fie-15g,[WPA2_PSK],2025-3-28 14:36:8,6,-76,34.0489845,-117.1971817,368.30,2.00,WIFI
F0:B6:61:FB:DB:2A,,[OPEN],2025-3-28 14:36:8,6,-76,34.0489845,-117.1971817,368.30,2.00,WIFI
F0:B6:61:FB:DB:24,,[WPA3_PSK],2025-3-28 14:36:8,6,-77,34.0489845,-117.1971817,368.30,2.00,WIFI
F0:B6:61:FB:DB:27,He-Man,[WPA2_PSK],2025-3-28 14:36:8,6,-77,34.0489845,-117.1971817,368.30,2.00,WIFI
80:CC:9C:25:5D:0A,MySpectrumWiFi8B-5G,[WPA2_PSK],2025-3-28 14:36:9,7,-86,34.0490570,-117.1970367,368.30,2.00,WIFI
7C:DB:98:8D:DF:19,MySpectrumWiFi1B-2G,[WPA2_PSK],2025-3-28 14:36:13,11,-64,34.0493813,-117.1964493,368.90,2.00,WIFI
BC:96:E5:39:1B:98,Moraleswifi,[WPA2_PSK],2025-3-28 14:36:13,11,-73,34.0493813,-117.1964493,368.90,2.00,WIFI
F8:08:4F:D6:10:4E,SpectrumSetup-48,[WPA2_PSK],2025-3-28 14:36:13,11,-75,34.0493813,-117.1964493,368.90,2.00,WIFI
84:70:D7:F7:B6:47,Jolo#2020,[WPA2_PSK],2025-3-28 14:36:13,11,-76,34.0493813,-117.1964493,368.90,2.00,WIFI
DC:EF:09:EB:9B:B8,ATT7YYC53e_EXT,[WPA2_PSK],2025-3-28 14:36:13,11,-76,34.0493813,-117.1964493,368.90,2.00,WIFI
A2:E7:AE:88:3D:20,,[OPEN],2025-3-28 14:36:13,11,-79,34.0493813,-117.1964493,368.90,2.00,WIFI
74:37:5F:9D:E8:5B,SpectrumSetup-59,[WPA2_PSK],2025-3-28 14:36:13,11,-86,34.0493813,-117.1964493,368.90,2.00,WIFI
0E:5A:25:22:87:65,SpectrumSetup-64,[WPA2_PSK],2025-3-28 14:36:16,1,-69,34.0496330,-117.1959915,369.00,2.00,WIFI
14:7D:05:4E:07:C3,SpectrumSetup-C1,[WPA2_PSK],2025-3-28 14:36:16,1,-70,34.0496330,-117.1959915,369.00,2.00,WIFI
F8:5B:3B:4B:CB:C9,ObiDobi,[WPA2_PSK],2025-3-28 14:36:16,1,-70,34.0496330,-117.1959915,369.00,2.00,WIFI
88:DE:7C:4E:1F:83,SpectrumSetup-85,[WPA2_PSK],2025-3-28 14:36:16,1,-73,34.0496330,-117.1959915,369.00,2.00,WIFI
F8:5B:3B:DF:B9:EE,hillfactory04,[WPA2_PSK],2025-3-28 14:36:16,1,-77,34.0496330,-117.1959915,369.00,2.00,WIFI
F0:7B:65:F1:42:D2,SpectrumSetup-42CC,[WPA2_PSK],2025-3-28 14:36:16,1,-79,34.0496330,-117.1959915,369.00,2.00,WIFI
34:53:D2:E5:FB:CC,SpectrumSetup-C6,[WPA2_PSK],2025-3-28 14:36:16,1,-79,34.0496330,-117.1959915,369.00,2.00,WIFI
B8:66:85:D7:C5:46,MySpectrumWiFi40-2G,[WPA2_PSK],2025-3-28 14:36:16,1,-85,34.0496330,-117.1959915,369.00,2.00,WIFI
F4:69:42:4E:AE:2D,rebeccaswifi,[WPA2_PSK],2025-3-28 14:36:16,1,-88,34.0496330,-117.1959915,369.00,2.00,WIFI
54:07:7D:7C:DB:26,SpectrumSetup-85_2GEXT,[WPA2_PSK],2025-3-28 14:36:16,1,-88,34.0496330,-117.1959915,369.00,2.00,WIFI
C8:9E:43:D8:13:F2,,[WPA2_PSK],2025-3-28 14:36:20,3,-66,34.0499687,-117.1953888,369.20,2.00,WIFI
CE:9E:43:D8:13:F2,ORBI86,[WPA2_PSK],2025-3-28 14:36:20,3,-75,34.0499687,-117.1953888,369.20,2.00,WIFI
CE:9E:43:B6:62:DD,ORBI86,[WPA2_PSK],2025-3-28 14:36:20,3,-80,34.0499687,-117.1953888,369.20,2.00,WIFI
54:07:7D:10:43:23,TP-LINK_785058,[WPA3_PSK],2025-3-28 14:36:20,3,-81,34.0499687,-117.1953888,369.20,2.00,WIFI
CE:9E:43:B5:E1:3A,,[WPA2_PSK],2025-3-28 14:36:20,3,-83,34.0499687,-117.1953888,369.20,2.00,WIFI
C8:9E:43:B5:E1:3A,ORBI86,[WPA2_PSK],2025-3-28 14:36:20,3,-84,34.0499687,-117.1953888,369.20,2.00,WIFI
D6:E2:2F:CD:CD:90,,[WPA2_PSK],2025-3-28 14:36:20,3,-88,34.0499687,-117.1953888,369.20,2.00,WIFI
E4:C3:2A:75:85:E7,SPECTRUM1,[WPA_WPA2_PSK],2025-3-28 14:36:20,4,-82,34.0499687,-117.1953888,369.20,2.00,WIFI
F0:7B:65:EF:A4:DA,SpectrumSetup-A4D4,[WPA2_PSK],2025-3-28 14:36:23,6,-81,34.0502167,-117.1949463,369.10,2.00,WIFI
FC:12:63:D8:AE:F7,J8PXB,[WPA2_PSK],2025-3-28 14:36:23,6,-81,34.0502167,-117.1949463,369.10,2.00,WIFI
4C:AB:F8:6D:AA:D0,SpectrumSetup-D2,[WPA2_PSK],2025-3-28 14:36:23,6,-81,34.0502167,-117.1949463,369.10,2.00,WIFI
FC:3F:A6:FF:36:43,,[WPA3_PSK],2025-3-28 14:36:23,6,-82,34.0502167,-117.1949463,369.10,2.00,WIFI
FC:3F:A6:FF:36:49,,[OPEN],2025-3-28 14:36:23,6,-83,34.0502167,-117.1949463,369.10,2.00,WIFI
B0:BB:E5:31:B9:56,SpectrumSetup-50,[WPA2_PSK],2025-3-28 14:36:23,6,-83,34.0502167,-117.1949463,369.10,2.00,WIFI
B0:FC:88:6D:C5:83,SpectrumSetup-7D,[WPA2_PSK],2025-3-28 14:36:23,6,-87,34.0502167,-117.1949463,369.10,2.00,WIFI
B0:FC:88:28:76:5D,SpectrumSetup-57,[WPA2_PSK],2025-3-28 14:36:23,6,-92,34.0502167,-117.1949463,369.10,2.00,WIFI
34:98:B5:58:6D:2C,NETGEAR50,[WPA2_PSK],2025-3-28 14:36:26,9,-79,34.0504684,-117.1944885,368.60,2.00,WIFI
4C:22:F3:94:57:43,Verizon_4RN76H,[WPA2_PSK],2025-3-28 14:36:28,11,-66,34.0506401,-117.1941757,368.70,2.00,WIFI
F0:7B:65:30:C8:5A,SpectrumSetup-C854,[WPA2_PSK],2025-3-28 14:36:28,11,-67,34.0506401,-117.1941757,368.70,2.00,WIFI
4C:AB:F8:B4:F3:33,Verizon_4J4MMD,[WPA2_PSK],2025-3-28 14:36:28,11,-68,34.0506401,-117.1941757,368.70,2.00,WIFI
74:90:BC:0C:AD:CA,Verizon_7XSJ9T,[WPA2_WPA3_PSK],2025-3-28 14:36:28,11,-74,34.0506401,-117.1941757,368.70,2.00,WIFI
54:65:DE:76:22:00,Tannya,[WPA_WPA2_PSK],2025-3-28 14:36:28,11,-77,34.0506401,-117.1941757,368.70,2.00,WIFI
F8:5B:3B:E0:03:A6,Blues clue,[WPA2_PSK],2025-3-28 14:36:28,11,-78,34.0506401,-117.1941757,368.70,2.00,WIFI
76:90:BC:2C:AD:CA,Verizon_7XSJ9T-IoT,[WPA2_PSK],2025-3-28 14:36:28,11,-79,34.0506401,-117.1941757,368.70,2.00,WIFI
F2:F0:A4:AA:6F:2A,,[WPA2_PSK],2025-3-28 14:36:28,11,-87,34.0506401,-117.1941757,368.70,2.00,WIFI
98:1E:19:5A:AE:F6,MySpectrumWiFif0-2G,[WPA2_PSK],2025-3-28 14:36:31,1,-56,34.0508957,-117.1937103,369.10,2.00,WIFI
4C:AB:F8:59:18:95,SpectrumSetup-97,[WPA2_PSK],2025-3-28 14:36:31,1,-60,34.0508957,-117.1937103,369.10,2.00,WIFI
F4:52:46:95:4D:C4,BelizeanQueen23,[WPA2_PSK],2025-3-28 14:36:31,1,-67,34.0508957,-117.1937103,369.10,2.00,WIFI
F4:52:46:F7:EB:3B,The Wi-fi,[WPA2_PSK],2025-3-28 14:36:31,1,-73,34.0508957,-117.1937103,369.10,2.00,WIFI
DA:31:34:CE:5A:5F,,[WPA2_PSK],2025-3-28 14:36:31,1,-75,34.0508957,-117.1937103,369.10,2.00,WIFI
4C:AB:F8:45:E8:F1,PalmTree.Wifi,[WPA2_PSK],2025-3-28 14:36:31,1,-78,34.0508957,-117.1937103,369.10,2.00,WIFI
F0:7B:65:6C:79:72,SpectrumSetup-F3,[WPA2_PSK],2025-3-28 14:36:31,1,-83,34.0508957,-117.1937103,369.10,2.00,WIFI
E8:D2:FF:B2:FC:66,SpectrumSetup-60,[WPA2_PSK],2025-3-28 14:36:31,1,-85,34.0508957,-117.1937103,369.10,2.00,WIFI
F4:69:42:59:D4:47,SpectrumSetup-49,[WPA2_PSK],2025-3-28 14:36:31,1,-86,34.0508957,-117.1937103,369.10,2.00,WIFI
20:9A:7D:F9:32:CE,SpectrumSetup-B9,[WPA2_PSK],2025-3-28 14:36:31,1,-86,34.0508957,-117.1937103,369.10,2.00,WIFI
D0:6D:C9:39:6C:B6,Frontier0401,[WPA2_PSK],2025-3-28 14:36:31,1,-89,34.0508957,-117.1937103,369.10,2.00,WIFI
14:7D:05:65:9C:DF,SpectrumSetup-43,[WPA2_PSK],2025-3-28 14:36:31,1,-90,34.0508957,-117.1937103,369.10,2.00,WIFI
98:E7:F4:47:F6:A8,DIRECT-A5-HP OfficeJet Pro 8710,[WPA2_PSK],2025-3-28 14:36:31,1,-91,34.0508957,-117.1937103,369.10,2.00,WIFI
DC:4B:A1:CC:8A:46,Verizon_VF6Q4S,[WPA2_PSK],2025-3-28 14:36:31,1,-94,34.0508957,-117.1937103,369.10,2.00,WIFI
98:ED:5C:FF:69:24,TeslaPV_FF6924,[WPA2_PSK],2025-3-28 14:36:34,3,-87,34.0511513,-117.1932449,369.70,2.00,WIFI
A8:9A:93:BE:54:7E,Arias,[WPA2_PSK],2025-3-28 14:36:35,4,-83,34.0512390,-117.1930847,370.10,2.00,WIFI
5C:18:DD:F9:1F:5C,,[WPA_WPA2_PSK],2025-3-28 14:36:36,5,-79,34.0513268,-117.1929245,370.60,2.00,WIFI
88:DE:7C:C6:AD:59,SpectrumSetup-5B,[WPA2_PSK],2025-3-28 14:36:37,6,-65,34.0514145,-117.1927643,371.20,2.00,WIFI
F0:7B:65:C2:63:1C,SpectrumSetup-6316,[WPA2_PSK],2025-3-28 14:36:37,6,-71,34.0514145,-117.1927643,371.20,2.00,WIFI
88:DE:7C:D3:F7:AD,SpectrumSetup-AF,[WPA2_PSK],2025-3-28 14:36:37,6,-77,34.0514145,-117.1927643,371.20,2.00,WIFI
26:5A:4C:A5:BE:67,,[WPA2_PSK],2025-3-28 14:36:37,6,-79,34.0514145,-117.1927643,371.20,2.00,WIFI
26:5A:4C:95:BE:67,Elite_Guest,[WPA2_WPA3_PSK],2025-3-28 14:36:37,6,-83,34.0514145,-117.1927643,371.20,2.00,WIFI
2C:67:BE:02:1E:D4,CasaOlvera31,[WPA2_PSK],2025-3-28 14:36:37,6,-85,34.0514145,-117.1927643,371.20,2.00,WIFI
24:5A:4C:85:BE:67,SW,[WPA2_WPA3_PSK],2025-3-28 14:36:37,6,-85,34.0514145,-117.1927643,371.20,2.00,WIFI
AC:86:74:92:62:83,,[WPA2_PSK],2025-3-28 14:36:37,6,-87,34.0514145,-117.1927643,371.20,2.00,WIFI
74:37:5F:CD:E0:F7,SpectrumSetup-F5,[WPA2_PSK],2025-3-28 14:36:37,6,-88,34.0514145,-117.1927643,371.20,2.00,WIFI
30:93:BC:81:15:F6,PEARLY WHITES,[WPA2_PSK],2025-3-28 14:36:37,6,-89,34.0514145,-117.1927643,371.20,2.00,WIFI
24:5A:4C:85:C0:83,SW,[WPA2_WPA3_PSK],2025-3-28 14:36:37,6,-89,34.0514145,-117.1927643,371.20,2.00,WIFI
E0:09:BF:52:1B:B2,WVC9BDNBXFKMPDR2,[OPEN],2025-3-28 14:36:38,7,-89,34.0514984,-117.1926193,371.80,2.00,WIFI
12:E8:A7:9D:DF:7F,myChevroletbailey,[WPA2_PSK],2025-3-28 14:36:38,7,-90,34.0514984,-117.1926193,371.80,2.00,WIFI
D2:9E:43:A2:68:FE,,[WPA2_PSK],2025-3-28 14:36:41,9,-83,34.0517349,-117.1921844,373.80,2.00,WIFI
6C:CD:D6:0D:B6:B1,NETGEAR89,[WPA2_PSK],2025-3-28 14:36:42,10,-77,34.0518074,-117.1920547,373.90,2.00,WIFI
38:8B:59:DC:A0:BC,711wifi10,[WPA2_PSK],2025-3-28 14:36:43,11,-77,34.0518761,-117.1919250,374.20,2.00,WIFI
D0:6D:C9:27:10:B6,Frontier1637,[WPA2_PSK],2025-3-28 14:36:43,11,-77,34.0518761,-117.1919250,374.20,2.00,WIFI
F0:B6:61:1C:7E:B0,Whiskey10 Guest,[WPA2_PSK],2025-3-28 14:36:43,11,-78,34.0518761,-117.1919250,374.20,2.00,WIFI
DE:03:98:08:8F:6A,AT_401_RAC_056905_WW_8f6a,[WPA2_PSK],2025-3-28 14:36:43,11,-82,34.0518761,-117.1919250,374.20,2.00,WIFI
5C:FA:25:BA:CA:2F,Prettylynn,[WPA2_PSK],2025-3-28 14:36:43,11,-89,34.0518761,-117.1919250,374.20,2.00,WIFI
A0:7F:8A:0A:8E:9A,DollyWolly1133,[WPA2_PSK],2025-3-28 14:36:46,1,-63,34.0520554,-117.1915894,375.50,2.00,WIFI
98:1E:19:6C:2B:1E,MySpectrumWiFi18-2G,[WPA2_PSK],2025-3-28 14:36:46,1,-70,34.0520554,-117.1915894,375.50,2.00,WIFI
A0:7F:8A:32:B0:5C,Daviddarkhold1,[WPA2_PSK],2025-3-28 14:36:46,1,-71,34.0520554,-117.1915894,375.50,2.00,WIFI
22:48:6C:5B:9E:FA,,[WPA2_PSK],2025-3-28 14:36:46,1,-81,34.0520554,-117.1915894,375.50,2.00,WIFI
08:7B:12:5E:7A:60,SpectrumSetup-5A,[WPA2_PSK],2025-3-28 14:36:46,1,-82,34.0520554,-117.1915894,375.50,2.00,WIFI
CC:CF:83:48:70:70,,[WPA_WPA2_PSK],2025-3-28 14:36:46,1,-87,34.0520554,-117.1915894,375.50,2.00,WIFI
34:98:B5:C1:D5:8C,NETGEAR37,[WPA2_PSK],2025-3-28 14:36:48,2,-84,34.0521507,-117.1914063,375.70,2.00,WIFI
10:CE:A9:8B:2C:F7,Vive-017d485e,[WPA2_PSK],2025-3-28 14:36:51,5,-91,34.0523148,-117.1911163,375.90,2.00,WIFI
62:6D:C7:07:CD:9B,DIRECT-9b-HP M277 LaserJet,[WPA2_PSK],2025-3-28 14:36:52,6,-72,34.0523834,-117.1910019,376.00,2.00,WIFI
9C:AD:97:C5:D0:EC,HP-Print-ec-LaserJet Pro M201dw,[WPA2_PSK],2025-3-28 14:36:52,6,-76,34.0523834,-117.1910019,376.00,2.00,WIFI
76:CD:D6:C2:38:21,,[WPA2_PSK],2025-3-28 14:36:52,6,-79,34.0523834,-117.1910019,376.00,2.00,WIFI
AA:A7:95:CF:D6:1A,DIRECT-1a-HP M452 LaserJet,[WPA2_PSK],2025-3-28 14:36:52,6,-81,34.0523834,-117.1910019,376.00,2.00,WIFI
D4:5D:64:9D:C3:B0,ASUS_B0,[OPEN],2025-3-28 14:36:52,6,-82,34.0523834,-117.1910019,376.00,2.00,WIFI
D8:CF:61:46:5D:EF,SpectrumSetup-5DE9,[WPA2_PSK],2025-3-28 14:36:52,6,-84,34.0523834,-117.1910019,376.00,2.00,WIFI
60:57:47:58:FA:9B,,[WPA_WPA2_PSK],2025-3-28 14:36:52,7,-88,34.0523834,-117.1910019,376.00,2.00,WIFI
3E:61:B4:19:EB:C7,,[WPA2_PSK],2025-3-28 14:36:56,10,-75,34.0526924,-117.1904449,377.20,2.00,WIFI
1C:61:B4:19:EB:C7,TEAM_PEETA,[WPA2_PSK],2025-3-28 14:36:56,10,-76,34.0526924,-117.1904449,377.20,2.00,WIFI
C0:A0:BB:EC:61:0E,dlink-610E,[WPA_WPA2_PSK],2025-3-28 14:36:56,10,-82,34.0526924,-117.1904449,377.20,2.00,WIFI
2A:80:88:33:05:56,NETGEAR43-Guest,[WPA2_PSK],2025-3-28 14:36:56,10,-91,34.0526924,-117.1904449,377.20,2.00,WIFI
28:80:88:33:05:55,NETGEAR43,[WPA2_PSK],2025-3-28 14:36:56,10,-92,34.0526924,-117.1904449,377.20,2.00,WIFI
F4:69:42:4C:CD:F5,SpectrumSetup-F7,[WPA2_PSK],2025-3-28 14:36:57,11,-65,34.0527763,-117.1902924,377.60,2.00,WIFI
4C:19:5D:8D:C9:60,SpectrumSetup-5A,[WPA2_PSK],2025-3-28 14:36:57,11,-69,34.0527763,-117.1902924,377.60,2.00,WIFI
2C:EA:DC:22:6D:D5,Samantha,[WPA2_PSK],2025-3-28 14:36:57,11,-69,34.0527763,-117.1902924,377.60,2.00,WIFI
40:47:5E:53:DA:EF,qhmwifi Guest,[WPA2_PSK],2025-3-28 14:36:57,11,-70,34.0527763,-117.1902924,377.60,2.00,WIFI
38:E1:F4:95:F4:76,AyalaWiFi,[WPA2_WPA3_PSK],2025-3-28 14:36:57,11,-71,34.0527763,-117.1902924,377.60,2.00,WIFI
F0:B6:61:8D:E0:67,nacho,[WPA2_PSK],2025-3-28 14:36:57,11,-75,34.0527763,-117.1902924,377.60,2.00,WIFI
40:47:5E:53:DA:E3,,[WPA3_PSK],2025-3-28 14:36:57,11,-76,34.0527763,-117.1902924,377.60,2.00,WIFI
40:47:5E:53:DA:E9,,[OPEN],2025-3-28 14:36:57,11,-79,34.0527763,-117.1902924,377.60,2.00,WIFI
40:47:5E:53:DA:E6,qhmwifi,[WPA2_PSK],2025-3-28 14:36:57,11,-79,34.0527763,-117.1902924,377.60,2.00,WIFI
28:EC:22:9B:C4:09,,[OPEN],2025-3-28 14:36:57,11,-85,34.0527763,-117.1902924,377.60,2.00,WIFI
28:EC:22:9B:C4:06,qhmwifi,[WPA2_PSK],2025-3-28 14:36:57,11,-85,34.0527763,-117.1902924,377.60,2.00,WIFI
28:EC:22:9B:C4:0F,qhmwifi Guest,[WPA2_PSK],2025-3-28 14:36:57,11,-85,34.0527763,-117.1902924,377.60,2.00,WIFI
54:AF:97:05:DD:22,QHMWIFI-7-Randy's Office 2.4GHz,[WPA2_PSK],2025-3-28 14:36:57,11,-86,34.0527763,-117.1902924,377.60,2.00,WIFI
E2:63:DA:43:F1:EB,RSDAC_MR,[WPA2_PSK],2025-3-28 14:36:57,11,-93,34.0527763,-117.1902924,377.60,2.00,WIFI
5C:FA:25:E0:FC:0D,SpectrumSetup-07,[WPA2_PSK],2025-3-28 14:36:57,1,-81,34.0527763,-117.1902924,377.60,2.00,WIFI
B0:FC:88:3E:ED:FF,SpectrumSetup-F9,[WPA2_PSK],2025-3-28 14:36:57,1,-86,34.0527763,-117.1902924,377.60,2.00,WIFI
F0:81:75:F7:3C:86,Beachlover,[WPA2_PSK],2025-3-28 14:36:57,1,-86,34.0527763,-117.1902924,377.60,2.00,WIFI
CC:40:D0:AF:3D:10,NETGEAR63,[WPA2_PSK],2025-3-28 14:37:2,2,-81,34.0532112,-117.1895065,380.00,2.00,WIFI
90:09:D0:37:D0:5A,RMD,[WPA2_PSK],2025-3-28 14:37:2,2,-83,34.0532112,-117.1895065,380.00,2.00,WIFI
A6:09:D0:37:D0:5A,,[WPA2_PSK],2025-3-28 14:37:2,2,-83,34.0532112,-117.1895065,380.00,2.00,WIFI
B2:09:D0:37:D0:5A,RMDGuest,[WPA2_PSK],2025-3-28 14:37:2,2,-84,34.0532112,-117.1895065,380.00,2.00,WIFI
20:23:51:D8:C9:7F,TP-Link_C97F,[WPA2_PSK],2025-3-28 14:37:2,2,-90,34.0532112,-117.1895065,380.00,2.00,WIFI
9C:3D:CF:6F:28:C0,ARLO_VMB_1742320153,[WPA2_PSK],2025-3-28 14:37:3,3,-85,34.0532951,-117.1893387,380.80,2.00,WIFI
1C:AF:F7:D8:D5:39,john2,[WEP],2025-3-28 14:37:5,5,-70,34.0534744,-117.1890182,381.90,2.00,WIFI
CE:9E:A2:0F:AD:61,,[WPA2_PSK],2025-3-28 14:37:6,6,-65,34.0535698,-117.1888504,382.60,2.00,WIFI
46:ED:00:12:09:3E,Renaissance MD Guest,[WPA2_WPA3_PSK],2025-3-28 14:37:6,6,-72,34.0535698,-117.1888504,382.60,2.00,WIFI
EC:8E:B5:01:20:04,DIRECT-CF-HP OfficeJet Pro 8710,[WPA2_PSK],2025-3-28 14:37:6,6,-74,34.0535698,-117.1888504,382.60,2.00,WIFI
08:33:ED:FA:5D:C1,DG1670AF2,[WPA2_PSK],2025-3-28 14:37:6,6,-81,34.0535698,-117.1888504,382.60,2.00,WIFI
64:97:14:0F:8F:8F,Redlands Surgery Center Guest,[WPA2_PSK],2025-3-28 14:37:6,6,-83,34.0535698,-117.1888504,382.60,2.00,WIFI
AC:E2:D3:C6:E4:1D,DIRECT-1A-HP OfficeJet Pro 8720,[WPA2_PSK],2025-3-28 14:37:6,6,-84,34.0535698,-117.1888504,382.60,2.00,WIFI
40:ED:00:12:09:3E,Renaissance MD,[WPA2_WPA3_PSK],2025-3-28 14:37:6,6,-85,34.0535698,-117.1888504,382.60,2.00,WIFI
64:97:14:0F:8F:83,,[WPA3_PSK],2025-3-28 14:37:6,6,-85,34.0535698,-117.1888504,382.60,2.00,WIFI
64:97:14:0F:8F:89,,[OPEN],2025-3-28 14:37:6,6,-85,34.0535698,-117.1888504,382.60,2.00,WIFI
64:97:14:0F:8F:86,Redlands Surgery Center,[WPA2_PSK],2025-3-28 14:37:6,6,-85,34.0535698,-117.1888504,382.60,2.00,WIFI
98:E7:F4:AF:68:F5,DIRECT-F3-HP ENVY 7640 series,[WPA2_PSK],2025-3-28 14:37:6,6,-89,34.0535698,-117.1888504,382.60,2.00,WIFI
2A:23:51:6E:44:F8,,[WPA2_PSK],2025-3-28 14:37:6,6,-92,34.0535698,-117.1888504,382.60,2.00,WIFI
9C:C9:EB:EF:D7:81,MILLING,[WPA2_PSK],2025-3-28 14:37:7,7,-75,34.0536613,-117.1886902,383.20,2.00,WIFI
9E:C9:EB:EF:D7:82,RFD-PRIVATE-5,[WPA2_PSK],2025-3-28 14:37:7,7,-77,34.0536613,-117.1886902,383.20,2.00,WIFI
48:8F:5A:4D:8B:97,wellhausen,[WPA_WPA2_PSK],2025-3-28 14:37:9,8,-73,34.0538406,-117.1883545,384.10,2.00,WIFI
F0:3E:90:59:B6:93,island-19B690,[WPA2_PSK],2025-3-28 14:37:9,8,-88,34.0538406,-117.1883545,384.10,2.00,WIFI
3A:98:B5:A7:F1:2B,ORBI99,[WPA2_PSK],2025-3-28 14:37:9,8,-90,34.0538406,-117.1883545,384.10,2.00,WIFI
1E:EB:B6:2C:1B:0E,,[WPA2_PSK],2025-3-28 14:37:10,9,-67,34.0539360,-117.1881866,384.30,2.00,WIFI
14:EB:B6:2C:1B:0E,Majestic Dental,[WPA2_PSK],2025-3-28 14:37:10,9,-73,34.0539360,-117.1881866,384.30,2.00,WIFI
04:17:B6:D6:C3:95,,[WPA_WPA2_PSK],2025-3-28 14:37:10,9,-79,34.0539360,-117.1881866,384.30,2.00,WIFI
1A:EB:B6:2C:1C:26,Majestic Dental_Guest,[WPA2_PSK],2025-3-28 14:37:10,9,-83,34.0539360,-117.1881866,384.30,2.00,WIFI
AE:50:DE:DC:A6:A8,DIRECT-a8-HP M255 LaserJet,[WPA2_PSK],2025-3-28 14:37:10,9,-84,34.0539360,-117.1881866,384.30,2.00,WIFI
14:EB:B6:2C:1B:46,Majestic Dental,[WPA2_PSK],2025-3-28 14:37:10,9,-84,34.0539360,-117.1881866,384.30,2.00,WIFI
8C:85:80:C4:89:E7,,[WPA_WPA2_PSK],2025-3-28 14:37:10,9,-88,34.0539360,-117.1881866,384.30,2.00,WIFI
04:D4:C4:35:EB:20,InnerGlow,[WPA2_PSK],2025-3-28 14:37:10,10,-77,34.0539360,-117.1881866,384.30,2.00,WIFI
66:38:E0:74:11:A0,LPL07303-guest,[OPEN],2025-3-28 14:37:10,10,-78,34.0539360,-117.1881866,384.30,2.00,WIFI
60:38:E0:74:11:A0,LPL07303,[WPA_WPA2_PSK],2025-3-28 14:37:10,10,-81,34.0539360,-117.1881866,384.30,2.00,WIFI
B2:0C:D1:0A:4C:4F,DIRECT-4F-HP Tango,[WPA2_PSK],2025-3-28 14:37:10,10,-90,34.0539360,-117.1881866,384.30,2.00,WIFI
1C:BF:CE:27:CB:10,FiOS-DPIEI-PRO,[WPA2_PSK],2025-3-28 14:37:12,11,-71,34.0541191,-117.1878433,386.00,2.00,WIFI
48:5D:36:9F:DD:84,FiOS-DPIEI,[WPA2_PSK],2025-3-28 14:37:12,11,-78,34.0541191,-117.1878433,386.00,2.00,WIFI
4C:19:5D:95:AC:27,SpectrumSetup-21,[WPA2_PSK],2025-3-28 14:37:12,11,-84,34.0541191,-117.1878433,386.00,2.00,WIFI
DC:4B:A1:E0:2E:71,The Daniels,[WPA2_PSK],2025-3-28 14:37:15,1,-73,34.0544052,-117.1873093,387.00,2.00,WIFI
24:F2:7F:05:82:00,hs-net,[WPA2],2025-3-28 14:37:15,1,-83,34.0544052,-117.1873093,387.00,2.00,WIFI
B4:0F:3B:2E:41:A1,,[WPA_WPA2_PSK],2025-3-28 14:37:15,1,-89,34.0544052,-117.1873093,387.00,2.00,WIFI
6C:63:9C:88:3D:A8,Frontier6480,[WPA2_PSK],2025-3-28 14:37:15,1,-90,34.0544052,-117.1873093,387.00,2.00,WIFI
74:37:5F:37:BD:B3,SpectrumSetup-B1,[WPA2_PSK],2025-3-28 14:37:15,1,-91,34.0544052,-117.1873093,387.00,2.00,WIFI
74:37:5F:32:DD:BF,SpectrumSetup-BD,[WPA2_PSK],2025-3-28 14:37:15,1,-92,34.0544052,-117.1873093,387.00,2.00,WIFI
16:0C:6B:35:31:E2,Schaepper Psychiatry,[WPA2_PSK],2025-3-28 14:37:19,4,-78,34.0547676,-117.1866608,388.30,2.00,WIFI
10:0C:6B:35:31:E2,,[WPA2_PSK],2025-3-28 14:37:19,4,-84,34.0547676,-117.1866608,388.30,2.00,WIFI
D4:76:A0:1A:EF:F9,Cortner_TLAN,[WPA2_PSK],2025-3-28 14:37:21,6,-73,34.0549469,-117.1863556,387.70,2.00,WIFI
72:D7:9A:71:81:6C,,[WPA2_PSK],2025-3-28 14:37:21,6,-79,34.0549469,-117.1863556,387.70,2.00,WIFI
D4:76:A0:1A:EF:F8,Cortner_GLAN,[WPA2_PSK],2025-3-28 14:37:21,6,-82,34.0549469,-117.1863556,387.70,2.00,WIFI
4C:AB:F8:A0:2B:1D,Babymamatrap,[WPA2_PSK],2025-3-28 14:37:21,6,-83,34.0549469,-117.1863556,387.70,2.00,WIFI
26:23:51:6E:44:F8,NEB Office_Guest,[WPA2_PSK],2025-3-28 14:37:21,6,-84,34.0549469,-117.1863556,387.70,2.00,WIFI
50:27:A9:E1:4C:05,banda,[WPA2_PSK],2025-3-28 14:37:21,6,-84,34.0549469,-117.1863556,387.70,2.00,WIFI
20:23:51:6E:44:F8,NEB Office,[WPA2_PSK],2025-3-28 14:37:21,6,-85,34.0549469,-117.1863556,387.70,2.00,WIFI
50:27:A9:E1:4C:03,,[WPA3_PSK],2025-3-28 14:37:21,6,-85,34.0549469,-117.1863556,387.70,2.00,WIFI
50:27:A9:E1:4C:07,,[OPEN],2025-3-28 14:37:21,6,-85,34.0549469,-117.1863556,387.70,2.00,WIFI
FA:8F:CA:95:7C:99,My Room  TV.v_,[OPEN],2025-3-28 14:37:21,6,-85,34.0549469,-117.1863556,387.70,2.00,WIFI
04:17:B6:3E:36:F8,,[WPA_WPA2_PSK],2025-3-28 14:37:21,6,-85,34.0549469,-117.1863556,387.70,2.00,WIFI
B8:69:F4:CC:43:73,NCV Phones,[WPA2_PSK],2025-3-28 14:37:23,8,-84,34.0551186,-117.1860733,386.70,2.00,WIFI
3C:37:86:8C:F9:B8,CortnerNew,[WPA2_PSK],2025-3-28 14:37:25,10,-81,34.0552788,-117.1858215,385.70,2.00,WIFI
3E:37:86:79:A1:09,Cortner-Guest,[WPA2_PSK],2025-3-28 14:37:25,10,-84,34.0552788,-117.1858215,385.70,2.00,WIFI
94:3C:96:FA:9B:36,Frontier1358,[WPA2_PSK],2025-3-28 14:37:26,11,-81,34.0553360,-117.1857300,385.30,2.00,WIFI
B0:AA:77:9F:66:25,AK Smiley Private,[WPA2_PSK],2025-3-28 14:37:26,11,-87,34.0553360,-117.1857300,385.30,2.00,WIFI
D0:6D:C9:37:17:A6,Frontier0619,[WPA2_PSK],2025-3-28 14:37:26,11,-87,34.0553360,-117.1857300,385.30,2.00,WIFI
B0:AA:77:9F:66:24,AK Smiley IoT,[WPA2_PSK],2025-3-28 14:37:26,11,-88,34.0553360,-117.1857300,385.30,2.00,WIFI
B0:AA:77:9F:66:23,AK Smiley Events,[WPA2_PSK],2025-3-28 14:37:26,11,-88,34.0553360,-117.1857300,385.30,2.00,WIFI
04:A1:51:55:D8:95,ngHub_319441NC021FB,[WPA2_PSK],2025-3-28 14:37:26,11,-91,34.0553360,-117.1857300,385.30,2.00,WIFI
B0:AA:77:9F:66:22,AK Smiley Staff,[WPA2_PSK],2025-3-28 14:37:26,11,-91,34.0553360,-117.1857300,385.30,2.00,WIFI
B0:AA:77:9F:66:21,A.K. Smiley Patron,[OPEN],2025-3-28 14:37:26,11,-92,34.0553360,-117.1857300,385.30,2.00,WIFI
08:F0:1E:EF:0A:C6,casa de meeko,[WPA2_PSK],2025-3-28 14:37:27,1,-82,34.0553856,-117.1856384,384.80,2.00,WIFI
08:F0:1E:EF:0A:C3,,[WPA3_PSK],2025-3-28 14:37:27,1,-86,34.0553856,-117.1856384,384.80,2.00,WIFI
C4:EB:39:7B:4C:21,Frontier2528,[WPA2_PSK],2025-3-28 14:37:27,1,-86,34.0553856,-117.1856384,384.80,2.00,WIFI
AC:E2:D3:C1:D9:AA,DIRECT-A5-HP OfficeJet Pro 8710,[WPA2_PSK],2025-3-28 14:37:27,1,-86,34.0553856,-117.1856384,384.80,2.00,WIFI
E8:D2:FF:C9:69:6E,SpectrumSetup-68,[WPA2_PSK],2025-3-28 14:37:27,1,-89,34.0553856,-117.1856384,384.80,2.00,WIFI
1A:D2:FF:C9:69:6F,,[WPA2_PSK],2025-3-28 14:37:27,1,-89,34.0553856,-117.1856384,384.80,2.00,WIFI
08:D5:9D:00:D7:A6,MySpectrumWiFia0-2G,[WPA2_PSK],2025-3-28 14:37:27,1,-89,34.0553856,-117.1856384,384.80,2.00,WIFI
04:42:1A:12:A9:E9,Frontier7680,[WPA2_PSK],2025-3-28 14:37:31,2,-79,34.0556297,-117.1855774,383.60,2.00,WIFI
CA:2C:4F:AD:C4:08,HiSmart-01-ca2c4fadc408,[OPEN],2025-3-28 14:37:32,3,-86,34.0557137,-117.1856155,383.30,2.00,WIFI
E8:9F:80:A9:09:E4,sunset_wifi,[WPA2_PSK],2025-3-28 14:37:32,3,-92,34.0557137,-117.1856155,383.30,2.00,WIFI
F4:52:46:ED:90:03,SpectrumSetup-05,[WPA2_PSK],2025-3-28 14:37:35,6,-84,34.0560417,-117.1857071,382.60,2.00,WIFI
20:F3:75:3C:1E:02,Verizon-1E06,[WPA2_PSK],2025-3-28 14:37:35,6,-89,34.0560417,-117.1857071,382.60,2.00,WIFI
6E:D7:9A:71:81:6C,Pure Gold WiFi,[WPA2_PSK],2025-3-28 14:37:35,6,-93,34.0560417,-117.1857071,382.60,2.00,WIFI
00:C8:96:CD:77:22,,[WPA_WPA2_PSK],2025-3-28 14:37:37,8,-87,34.0563164,-117.1857071,382.10,2.00,WIFI
A8:6B:AD:6F:BB:54,SETUP,[OPEN],2025-3-28 14:37:40,11,-81,34.0567474,-117.1856995,381.90,2.00,WIFI
B0:6A:41:98:7B:79,setup7B790,[WPA2_PSK],2025-3-28 14:37:40,11,-83,34.0567474,-117.1856995,381.90,2.00,WIFI
02:16:78:29:F6:50,ASUS-2.4G-ext,[WPA2_PSK],2025-3-28 14:37:40,11,-92,34.0567474,-117.1856995,381.90,2.00,WIFI
40:5D:82:01:BE:F9,ngHub_319458NE018BB,[WPA2_PSK],2025-3-28 14:37:40,11,-93,34.0567474,-117.1856995,381.90,2.00,WIFI
A6:46:9D:1D:EF:06,,[WPA2_PSK],2025-3-28 14:37:41,1,-71,34.0568733,-117.1856995,381.60,2.00,WIFI
A8:46:9D:1D:EF:06,Cinema Guest,[OPEN],2025-3-28 14:37:41,1,-72,34.0568733,-117.1856995,381.60,2.00,WIFI
AE:46:9D:1D:EF:06,Cinema Secure,[WPA2_PSK],2025-3-28 14:37:41,1,-72,34.0568733,-117.1856995,381.60,2.00,WIFI
BA:46:9D:1D:EF:06,Cinema Staff,[WPA2_PSK],2025-3-28 14:37:41,1,-72,34.0568733,-117.1856995,381.60,2.00,WIFI
A2:46:9D:1D:EF:06,,[WPA2_PSK],2025-3-28 14:37:41,1,-72,34.0568733,-117.1856995,381.60,2.00,WIFI
BE:46:9D:1D:EF:06,,[WPA2_PSK],2025-3-28 14:37:41,1,-72,34.0568733,-117.1856995,381.60,2.00,WIFI
B6:46:9D:1D:EF:06,,[WPA2_PSK],2025-3-28 14:37:41,1,-72,34.0568733,-117.1856995,381.60,2.00,WIFI
96:46:9D:1D:EF:06,,[WPA2_PSK],2025-3-28 14:37:41,1,-72,34.0568733,-117.1856995,381.60,2.00,WIFI
BA:46:9D:1D:EF:2A,Cinema Staff,[WPA2_PSK],2025-3-28 14:37:41,1,-80,34.0568733,-117.1856995,381.60,2.00,WIFI
A8:46:9D:1D:EF:2A,Cinema Guest,[OPEN],2025-3-28 14:37:41,1,-81,34.0568733,-117.1856995,381.60,2.00,WIFI
AE:46:9D:1D:EF:2A,Cinema Secure,[WPA2_PSK],2025-3-28 14:37:41,1,-81,34.0568733,-117.1856995,381.60,2.00,WIFI
A2:46:9D:1D:EF:2A,,[WPA2_PSK],2025-3-28 14:37:41,1,-81,34.0568733,-117.1856995,381.60,2.00,WIFI
A6:46:9D:1D:EF:2A,,[WPA2_PSK],2025-3-28 14:37:41,1,-81,34.0568733,-117.1856995,381.60,2.00,WIFI
BE:46:9D:1D:EF:2A,,[WPA2_PSK],2025-3-28 14:37:41,1,-81,34.0568733,-117.1856995,381.60,2.00,WIFI
B6:46:9D:1D:EF:2A,,[WPA2_PSK],2025-3-28 14:37:41,1,-81,34.0568733,-117.1856995,381.60,2.00,WIFI
C0:EA:E4:D4:F8:42,RUCcorporateWAP,[WPA_WPA2_PSK],2025-3-28 14:37:41,1,-82,34.0568733,-117.1856995,381.60,2.00,WIFI
96:46:9D:1D:EF:2A,,[WPA2_PSK],2025-3-28 14:37:41,1,-82,34.0568733,-117.1856995,381.60,2.00,WIFI
D0:6D:C9:39:6F:E6,Frontier0452,[WPA2_PSK],2025-3-28 14:37:41,1,-86,34.0568733,-117.1856995,381.60,2.00,WIFI
CE:88:26:23:15:9E,Hensonwifi,[WPA2_PSK],2025-3-28 14:37:50,6,-75,34.0572014,-117.1856766,380.90,2.00,WIFI
B0:6A:41:98:76:1A,Redlands Urgent Care-Corporate,[WPA2_PSK],2025-3-28 14:37:50,6,-79,34.0572014,-117.1856766,380.90,2.00,WIFI
C8:63:FC:7C:59:48,Frontier5248,[WPA2_PSK],2025-3-28 14:37:53,9,-95,34.0574150,-117.1856689,381.40,2.00,WIFI
D4:A9:28:10:C9:C2,,[WPA2_PSK],2025-3-28 14:37:55,11,-81,34.0576324,-117.1856766,382.00,2.00,WIFI
2C:00:AB:A8:A4:38,Frontier8160,[WPA2_PSK],2025-3-28 14:37:55,11,-94,34.0576324,-117.1856766,382.00,2.00,WIFI
A2:05:D6:77:D0:1B,EscapeCraftBreweryGuest,[OPEN],2025-3-28 14:37:57,1,-90,34.0578651,-117.1857300,382.60,2.00,WIFI
A6:05:D6:77:D0:1B,,[WPA2_PSK],2025-3-28 14:37:57,1,-90,34.0578651,-117.1857300,382.60,2.00,WIFI
9C:05:D6:77:D0:1B,Unify Escape,[WPA2_PSK],2025-3-28 14:37:57,1,-92,34.0578651,-117.1857300,382.60,2.00,WIFI
C8:B4:22:03:2D:6B,MySpectrumWiFi6D-2G,[WPA2_PSK],2025-3-28 14:38:4,6,-69,34.0586815,-117.1861725,382.00,2.00,WIFI
E6:63:DA:31:F8:29,JRiley-Corporate,[WPA2_PSK],2025-3-28 14:38:4,6,-88,34.0586815,-117.1861725,382.00,2.00,WIFI
94:A6:7E:29:6A:C6,Verizon-1E06_2GEXT,[WPA2_PSK],2025-3-28 14:38:4,6,-89,34.0586815,-117.1861725,382.00,2.00,WIFI
EE:63:DA:31:F8:29,JRiley-IoT,[WPA2_PSK],2025-3-28 14:38:4,6,-91,34.0586815,-117.1861725,382.00,2.00,WIFI
78:45:58:2D:D9:10,,[WPA2_PSK],2025-3-28 14:38:4,6,-91,34.0586815,-117.1861725,382.00,2.00,WIFI
EA:63:DA:31:F8:29,JRiley-POS,[WPA2_PSK],2025-3-28 14:38:4,6,-93,34.0586815,-117.1861725,382.00,2.00,WIFI
BA:AF:97:06:3D:FD,,[WPA2_PSK],2025-3-28 14:38:5,7,-87,34.0587921,-117.1862183,382.20,2.00,WIFI
16:11:32:D3:86:19,,[WPA2_PSK],2025-3-28 14:38:7,9,-90,34.0590134,-117.1862640,382.20,2.00,WIFI
E0:CB:BC:91:62:22,Starbucks WiFi,[OPEN],2025-3-28 14:38:9,11,-69,34.0592155,-117.1862793,381.80,2.00,WIFI
E6:CB:BC:91:62:22,smll,[WPA2],2025-3-28 14:38:9,11,-69,34.0592155,-117.1862793,381.80,2.00,WIFI
EA:CB:BC:91:62:22,notes,[WPA2_PSK],2025-3-28 14:38:9,11,-69,34.0592155,-117.1862793,381.80,2.00,WIFI
EE:CB:BC:91:62:22,sip,[WPA2],2025-3-28 14:38:9,11,-69,34.0592155,-117.1862793,381.80,2.00,WIFI
F8:08:4F:D1:76:16,MySpectrumWiFi10-2G,[WPA2_PSK],2025-3-28 14:38:13,1,-81,34.0595284,-117.1862793,381.20,2.00,WIFI
98:1E:19:55:07:2E,Riverdale-2G,[WPA2_PSK],2025-3-28 14:38:13,1,-88,34.0595284,-117.1862793,381.20,2.00,WIFI
30:93:BC:7D:69:D6,MySpectrumWiFid0-2G,[WPA2_PSK],2025-3-28 14:38:13,1,-89,34.0595284,-117.1862793,381.20,2.00,WIFI
F4:05:95:E7:0A:41,SpectrumSetup-3B,[WPA2_PSK],2025-3-28 14:38:13,1,-90,34.0595284,-117.1862793,381.20,2.00,WIFI
18:E8:29:94:A0:13,Hairajuku,[WPA2_PSK],2025-3-28 14:38:13,1,-91,34.0595284,-117.1862793,381.20,2.00,WIFI
BC:A5:11:D9:F6:A7,NETGEAR89,[WPA2_PSK],2025-3-28 14:38:16,4,-88,34.0596123,-117.1861877,380.30,2.00,WIFI
84:A0:6E:CA:3C:8E,RedLands Ramen-2G,[WPA2_PSK],2025-3-28 14:38:18,6,-80,34.0596161,-117.1860275,380.50,2.00,WIFI
22:68:7E:54:08:CF,SpectrumSetup-CE,[WPA2_PSK],2025-3-28 14:38:18,6,-83,34.0596161,-117.1860275,380.50,2.00,WIFI
12:68:7E:54:08:CF,,[WPA2_PSK],2025-3-28 14:38:18,6,-87,34.0596161,-117.1860275,380.50,2.00,WIFI
32:68:7E:54:08:CF,,[WPA2_PSK],2025-3-28 14:38:18,6,-88,34.0596161,-117.1860275,380.50,2.00,WIFI
94:A4:08:FE:8D:30,6B3018CB,[WPA2_PSK],2025-3-28 14:38:18,6,-91,34.0596161,-117.1860275,380.50,2.00,WIFI
54:AF:97:06:3D:FB,S3XY NAIL LOUNGE,[WPA2_PSK],2025-3-28 14:38:19,7,-78,34.0596199,-117.1859283,381.10,2.00,WIFI
14:42:FC:84:94:57,Vive-017d837a-#5693,[WPA2_PSK],2025-3-28 14:38:19,7,-85,34.0596199,-117.1859283,381.10,2.00,WIFI
B0:95:75:7C:A6:B6,ML_Wifi_EXT,[WPA2_PSK],2025-3-28 14:38:22,10,-72,34.0596237,-117.1856995,381.10,2.00,WIFI
94:18:65:5F:DB:31,NETGEAR42,[WPA2_PSK],2025-3-28 14:38:22,10,-81,34.0596237,-117.1856995,381.10,2.00,WIFI
80:CC:9C:F4:06:9C,NETGEAR42,[WPA2_PSK],2025-3-28 14:38:22,10,-83,34.0596237,-117.1856995,381.10,2.00,WIFI
80:CC:9C:9F:46:F7,NETGEAR42,[WPA2_PSK],2025-3-28 14:38:22,10,-85,34.0596237,-117.1856995,381.10,2.00,WIFI
4E:D5:77:6F:89:ED,DIRECT-05322_QL-1110NWB,[WPA2_PSK],2025-3-28 14:38:23,11,-91,34.0596085,-117.1856613,380.90,2.00,WIFI
00:30:44:A1:D4:64,R1900-463,[WPA2_PSK],2025-3-28 14:38:25,1,-65,34.0595589,-117.1856461,381.70,2.00,WIFI
EA:CB:BC:91:61:C9,notes,[WPA2_PSK],2025-3-28 14:38:25,1,-70,34.0595589,-117.1856461,381.70,2.00,WIFI
EE:CB:BC:91:61:C9,sip,[WPA2],2025-3-28 14:38:25,1,-70,34.0595589,-117.1856461,381.70,2.00,WIFI
D8:A7:56:70:DF:36,MySpectrumWiFi30-2G,[WPA2_PSK],2025-3-28 14:38:37,11,-90,34.0592880,-117.1859360,382.10,2.00,WIFI
E0:CB:BC:91:61:C9,Starbucks WiFi,[OPEN],2025-3-28 14:38:39,1,-66,34.0593185,-117.1859970,382.00,2.00,WIFI
E6:CB:BC:91:61:C9,smll,[WPA2],2025-3-28 14:38:39,1,-66,34.0593185,-117.1859970,382.00,2.00,WIFI
02:D3:CF:17:8B:A1,,[WPA2_PSK],2025-3-28 14:39:0,6,-92,34.0593834,-117.1858597,382.90,2.00,WIFI
00:30:44:4C:B9:BE,E300-9bc,[WPA2_PSK],2025-3-28 14:39:0,6,-93,34.0593834,-117.1858597,382.90,2.00,WIFI
BA:46:9D:1D:EF:31,Cinema Staff,[WPA2_PSK],2025-3-28 14:39:7,1,-85,34.0593796,-117.1858444,383.20,2.00,WIFI
AE:46:9D:1D:EF:31,Cinema Secure,[WPA2_PSK],2025-3-28 14:39:7,1,-86,34.0593796,-117.1858444,383.20,2.00,WIFI
B6:46:9D:1D:EF:31,,[WPA2_PSK],2025-3-28 14:39:7,1,-86,34.0593796,-117.1858444,383.20,2.00,WIFI
96:46:9D:1D:EF:31,,[WPA2_PSK],2025-3-28 14:39:7,1,-86,34.0593796,-117.1858444,383.20,2.00,WIFI
64:CB:E9:F2:9F:57,RESU_64CBE9F29F56,[WPA_WPA2_PSK],2025-3-28 14:39:11,3,-94,34.0593796,-117.1858444,383.40,2.00,WIFI
A2:46:9D:1D:EF:31,,[WPA2_PSK],2025-3-28 14:39:21,1,-86,34.0593758,-117.1858444,383.00,1.75,WIFI
A6:46:9D:1D:EF:31,,[WPA2_PSK],2025-3-28 14:39:21,1,-87,34.0593758,-117.1858444,383.00,1.75,WIFI
A0:7F:8A:4B:BC:27,SpectrumSetup-BC21,[WPA2_PSK],2025-3-28 14:39:33,11,-94,34.0593758,-117.1858444,382.80,1.50,WIFI
A8:46:9D:1D:EF:31,Cinema Guest,[OPEN],2025-3-28 14:39:35,1,-84,34.0593758,-117.1858444,383.00,1.50,WIFI
BE:46:9D:1D:EF:31,,[WPA2_PSK],2025-3-28 14:39:35,1,-85,34.0593758,-117.1858444,383.00,1.50,WIFI
A8:46:9D:1D:EF:44,Cinema Guest,[OPEN],2025-3-28 14:39:35,1,-88,34.0593758,-117.1858444,383.00,1.50,WIFI
B6:46:9D:1D:EF:44,,[WPA2_PSK],2025-3-28 14:39:35,1,-89,34.0593758,-117.1858444,383.00,1.50,WIFI
AE:46:9D:1D:EF:4E,Cinema Secure,[WPA2_PSK],2025-3-28 14:39:49,1,-87,34.0593758,-117.1858368,383.80,1.50,WIFI
1A:E8:29:94:A0:13,Hairajuku Guest,[WPA2_PSK],2025-3-28 14:39:49,1,-95,34.0593758,-117.1858368,383.80,1.50,WIFI
BA:46:9D:1D:EF:4E,Cinema Staff,[WPA2_PSK],2025-3-28 14:40:3,1,-87,34.0593796,-117.1858444,383.80,1.50,WIFI
B2:00:73:64:96:3C,myChevrolet 963c,[WPA2_PSK],2025-3-28 14:40:17,1,-87,34.0593834,-117.1858444,384.00,1.50,WIFI
AC:DF:9F:16:BF:02,TMOBILE-BF00,[WPA2_WPA3_PSK],2025-3-28 14:40:23,5,-89,34.0593834,-117.1858444,383.90,1.50,WIFI
A6:46:9D:1D:EF:4E,,[WPA2_PSK],2025-3-28 14:40:32,1,-86,34.0593834,-117.1858444,383.90,1.50,WIFI
A2:46:9D:1D:EF:4E,,[WPA2_PSK],2025-3-28 14:40:32,1,-89,34.0593834,-117.1858444,383.90,1.50,WIFI
12:D3:CF:17:8B:A1,,[WPA2_PSK],2025-3-28 14:40:38,6,-85,34.0593834,-117.1858444,384.20,1.50,WIFI
90:D3:CF:17:8B:A1,SpectrumSetup-AA,[WPA2_PSK],2025-3-28 14:40:38,6,-91,34.0593834,-117.1858444,384.20,1.50,WIFI
9C:0B:05:25:5B:EA,,[OPEN],2025-3-28 14:40:43,11,-89,34.0593834,-117.1858444,384.30,1.75,WIFI
BE:46:9D:1D:EF:44,,[WPA2_PSK],2025-3-28 14:40:46,1,-87,34.0593834,-117.1858444,384.30,1.75,WIFI
BA:46:9D:1D:EF:44,Cinema Staff,[WPA2_PSK],2025-3-28 14:40:46,1,-88,34.0593834,-117.1858444,384.30,1.75,WIFI
96:46:9D:1D:EF:44,,[WPA2_PSK],2025-3-28 14:40:46,1,-88,34.0593834,-117.1858444,384.30,1.75,WIFI
9C:0B:05:25:5B:E7,Dafne,[WPA2_PSK],2025-3-28 14:40:57,11,-88,34.0593834,-117.1858444,384.20,1.50,WIFI
AE:46:9D:1D:EF:44,Cinema Secure,[WPA2_PSK],2025-3-28 14:41:0,1,-87,34.0593834,-117.1858444,384.20,1.50,WIFI
64:67:72:45:78:76,TMOBILE-7874,[WPA2_WPA3_PSK],2025-3-28 14:41:3,2,-92,34.0593834,-117.1858444,384.20,1.50,WIFI
D6:16:EE:48:77:37,CHEVROLET3790,[WPA2_WPA3_PSK],2025-3-28 14:41:21,6,-85,34.0593834,-117.1858444,384.30,1.50,WIFI
9C:0B:05:25:5B:E4,,[WPA3_PSK],2025-3-28 14:41:26,11,-87,34.0593834,-117.1858444,384.20,1.50,WIFI
A6:46:9D:1D:EF:44,,[WPA2_PSK],2025-3-28 14:41:28,1,-88,34.0593834,-117.1858444,384.20,1.50,WIFI
58:96:71:5F:44:FE,Verizon_74D9GW,[WPA2_PSK],2025-3-28 14:41:40,11,-94,34.0593834,-117.1858444,384.10,1.50,WIFI
A2:46:9D:1D:EF:44,,[WPA2_PSK],2025-3-28 14:42:11,1,-86,34.0593834,-117.1858444,384.00,1.50,WIFI
FA:6D:CC:B8:17:BE,myGMC 17BE,[WPA2_PSK],2025-3-28 14:42:46,7,-91,34.0593834,-117.1858444,384.00,1.50,WIFI
06:30:44:66:64:58,Wall_E,[WPA2_PSK],2025-3-28 14:42:59,6,-91,34.0593834,-117.1858444,384.20,1.50,WIFI
A8:9A:93:B2:0D:7E,MySpectrumWiFi78-2G,[WPA2_PSK],2025-3-28 14:43:4,11,-95,34.0593834,-117.1858444,384.20,1.50,WIFI
FC:12:63:D6:A4:49,SpectrumSetup-4B,[WPA2_PSK],2025-3-28 14:43:4,11,-97,34.0593834,-117.1858444,384.20,1.50,WIFI
A8:46:9D:1D:EF:4E,Cinema Guest,[OPEN],2025-3-28 14:43:7,1,-90,34.0593834,-117.1858444,384.30,1.50,WIFI
1A:24:CA:5A:F2:87,Porsche_WLAN_0621,[WPA2_PSK],2025-3-28 14:43:27,6,-91,34.0593834,-117.1858368,384.10,1.50,WIFI
EC:6E:79:05:A0:72,2286,[WPA2_PSK],2025-3-28 14:43:32,11,-93,34.0593834,-117.1858368,384.00,1.50,WIFI
FC:DB:21:25:DB:F9,EstesCab,[WPA2_PSK],2025-3-28 14:43:55,6,-97,34.0593834,-117.1858444,384.10,1.50,WIFI
A2:CD:F3:EB:42:64,My VW 1907,[WPA2_PSK],2025-3-28 14:44:37,6,-90,34.0593872,-117.1858444,384.00,1.50,WIFI
00:30:44:66:64:58,TeslaWiFi_Mercury,[WPA2],2025-3-28 14:44:37,6,-90,34.0593872,-117.1858444,384.00,1.50,WIFI
B6:46:9D:1D:EF:4E,,[WPA2_PSK],2025-3-28 14:44:43,1,-90,34.0593834,-117.1858444,384.00,1.50,WIFI
28:38:5C:61:01:BB,HotspotUR7e,[WPA_WPA2_PSK],2025-3-28 14:45:47,6,-60,34.0593834,-117.1858444,383.80,1.50,WIFI
00:54:AF:31:3D:20,Telematics Wi-Fi,[WPA2_PSK],2025-3-28 14:46:8,1,-82,34.0593834,-117.1858444,384.00,1.50,WIFI
06:90:E8:7D:8D:D4,3401_2.4GHz,[OPEN],2025-3-28 14:46:36,1,-92,34.0593796,-117.1858444,384.10,1.50,WIFI
A2:CD:F3:EC:07:BD,My VW 4716,[WPA2_PSK],2025-3-28 14:46:43,6,-93,34.0593796,-117.1858444,384.00,1.50,WIFI
5C:FA:25:ED:10:38,SpectrumSetup-32,[WPA2_PSK],2025-3-28 14:47:16,11,-96,34.0593758,-117.1858444,384.10,1.50,WIFI
1E:06:78:B4:08:C5,373245-K2071,[WPA2_PSK],2025-3-28 14:48:20,6,-87,34.0593834,-117.1858597,384.10,1.50,WIFI
94:A6:7E:EC:2B:90,NETGEAR54,[WPA2_PSK],2025-3-28 14:49:20,9,-88,34.0596428,-117.1862259,385.70,1.50,WIFI
60:22:32:23:F5:5A,Magic Tongue,[WPA2_PSK],2025-3-28 14:49:22,11,-83,34.0596466,-117.1862259,385.50,1.50,WIFI
66:22:32:23:F5:5A,Rui's Shanghai Bistro,[WPA2_PSK],2025-3-28 14:49:22,11,-84,34.0596466,-117.1862259,385.50,1.50,WIFI
F0:81:75:BD:66:E6,MySpectrumWiFie0-2G,[WPA2_PSK],2025-3-28 14:49:25,1,-89,34.0596466,-117.1862259,385.30,1.50,WIFI
E0:63:DA:31:BB:BF,REDLANDSRAMENPOS,[WPA2_PSK],2025-3-28 14:49:31,6,-91,34.0596542,-117.1862335,384.90,1.50,WIFI
94:91:7F:E1:91:65,MySpectrumWiFi67-2G,[WPA2_PSK],2025-3-28 14:49:31,6,-91,34.0596542,-117.1862335,384.90,1.50,WIFI
32:24:A9:F6:CE:BF,DIRECT-bf-HP M29 LaserJet,[WPA2_PSK],2025-3-28 14:49:31,6,-94,34.0596542,-117.1862335,384.90,1.50,WIFI
CC:40:D0:FC:0C:C9,NETGEAR15,[WPA2_PSK],2025-3-28 14:49:34,9,-83,34.0596542,-117.1862335,384.90,1.50,WIFI
E6:CB:BC:34:16:DD,,[WPA2_PSK],2025-3-28 14:49:36,11,-88,34.0596542,-117.1862335,384.70,1.50,WIFI
F4:52:46:DF:25:A3,SpectrumSetup-25A6,[WPA2_PSK],2025-3-28 14:49:36,11,-91,34.0596542,-117.1862335,384.70,1.50,WIFI
6A:22:32:23:F5:5A,,[WPA2_PSK],2025-3-28 14:49:36,11,-92,34.0596542,-117.1862335,384.70,1.50,WIFI
4C:19:5D:B4:1B:18,SpectrumSetup-12,[WPA2_PSK],2025-3-28 14:49:39,1,-89,34.0596542,-117.1862335,384.60,1.50,WIFI
E6:63:DA:31:BB:BF,,[WPA2_PSK],2025-3-28 14:49:45,6,-92,34.0596619,-117.1862335,384.50,1.50,WIFI
5A:E4:03:D4:64:36,Flykat,[WPA2_PSK],2025-3-28 14:49:46,7,-90,34.0596619,-117.1862335,384.50,1.50,WIFI
F0:A7:31:94:A7:97,LP Secure,[WPA2_PSK],2025-3-28 14:49:58,5,-81,34.0596695,-117.1865616,384.10,1.50,WIFI
12:A7:31:94:A7:97,,[WPA2_PSK],2025-3-28 14:49:58,5,-82,34.0596695,-117.1865616,384.10,1.50,WIFI
60:22:32:24:0A:6E,Magic Tongue,[WPA2_PSK],2025-3-28 14:49:59,6,-84,34.0596695,-117.1866608,383.90,1.50,WIFI
34:60:F9:5D:0B:A2,Plant Power Office,[WPA2_PSK],2025-3-28 14:49:59,6,-87,34.0596695,-117.1866608,383.90,1.50,WIFI
10:DA:43:45:6E:CD,ngHub_31947BNW02459,[WPA2_PSK],2025-3-28 14:50:4,11,-73,34.0596695,-117.1871872,383.30,1.50,WIFI
66:22:32:10:44:2A,Rui's Shanghai Bistro,[WPA2_PSK],2025-3-28 14:50:4,11,-73,34.0596695,-117.1871872,383.30,1.50,WIFI
60:22:32:10:44:2A,Magic Tongue,[WPA2_PSK],2025-3-28 14:50:4,11,-74,34.0596695,-117.1871872,383.30,1.50,WIFI
6A:22:32:10:44:2A,,[WPA2_PSK],2025-3-28 14:50:4,11,-76,34.0596695,-117.1871872,383.30,1.50,WIFI
8C:09:F4:DA:26:10,TG1672G92,[WPA2_PSK],2025-3-28 14:50:4,11,-78,34.0596695,-117.1871872,383.30,1.50,WIFI
02:55:DA:54:AE:C0,Canvas AEC0,[OPEN],2025-3-28 14:50:4,11,-81,34.0596695,-117.1871872,383.30,1.50,WIFI
84:A0:6E:B3:07:0E,Redlands Wingstop 2.4,[WPA2_PSK],2025-3-28 14:50:4,11,-81,34.0596695,-117.1871872,383.30,1.50,WIFI
00:55:DA:54:AE:C0,,[WPA_WPA2_PSK],2025-3-28 14:50:4,11,-86,34.0596695,-117.1871872,383.30,1.50,WIFI
F0:C8:14:FB:4C:4A,DIRECT-d6-Pantum M6550 Series,[WPA_WPA2_PSK],2025-3-28 14:50:4,11,-91,34.0596695,-117.1871872,383.30,1.50,WIFI
F0:81:75:0E:A2:9E,MySpectrumWiFi98-2G,[WPA2_PSK],2025-3-28 14:50:7,1,-82,34.0596809,-117.1873093,382.50,1.50,WIFI
76:D7:9A:8A:BF:21,JRiley-IoT,[WPA2_PSK],2025-3-28 14:50:7,1,-87,34.0596809,-117.1873093,382.50,1.50,WIFI
3A:60:F9:5D:0B:A2,Plant Power Guest,[OPEN],2025-3-28 14:50:13,6,-66,34.0598335,-117.1874619,383.40,1.50,WIFI
FE:B0:DE:18:69:44,DIRECT-44-HP M283 LaserJet,[WPA2_PSK],2025-3-28 14:50:13,6,-86,34.0598335,-117.1874619,383.40,1.50,WIFI
96:46:9D:36:7F:57,,[WPA2],2025-3-28 14:50:13,6,-89,34.0598335,-117.1874619,383.40,1.50,WIFI
A8:F7:D9:49:0F:A1,Chase_Guest,[OPEN],2025-3-28 14:50:27,6,-84,34.0604324,-117.1873093,383.20,1.50,WIFI
94:2A:6F:24:3A:BD,Sprouts - Auphan POS,[WPA2_PSK],2025-3-28 14:50:32,11,-91,34.0603790,-117.1870956,383.30,1.50,WIFI
9A:2A:6F:24:3A:BD,,[WPA2_PSK],2025-3-28 14:50:32,11,-91,34.0603790,-117.1870956,383.30,1.50,WIFI
6E:D7:9A:87:97:C9,Active IT Solutions,[WPA2_PSK],2025-3-28 14:50:32,11,-95,34.0603790,-117.1870956,383.30,1.50,WIFI
C8:B4:22:19:BE:DA,MySpectrumWiFiDC-2G,[WPA2_PSK],2025-3-28 14:50:41,6,-84,34.0603714,-117.1870193,383.50,1.50,WIFI
AE:46:9D:36:7F:57,OTBEAT,[WPA_WPA2_PSK],2025-3-28 14:50:41,6,-88,34.0603714,-117.1870193,383.50,1.50,WIFI
FA:55:A8:92:A3:20,SproutsScales,[WPA2_PSK],2025-3-28 14:50:46,11,-91,34.0603676,-117.1870193,383.60,1.50,WIFI
C6:CB:BC:34:16:DD,,[WPA2_PSK],2025-3-28 14:51:0,11,-81,34.0603714,-117.1870117,384.10,1.75,WIFI
DE:CB:BC:34:16:DD,,[WPA2_PSK],2025-3-28 14:51:0,11,-81,34.0603714,-117.1870117,384.10,1.75,WIFI
10:32:2C:38:0A:2F,MB Hotspot 16451,[WPA2_PSK],2025-3-28 14:51:9,6,-86,34.0603714,-117.1870117,384.60,1.50,WIFI
EA:CB:BC:34:16:DD,LG48,[WPA2_PSK],2025-3-28 14:51:14,11,-81,34.0603714,-117.1870117,384.80,1.50,WIFI
D4:1A:D1:E6:8A:B1,,[WPA2_PSK],2025-3-28 14:51:23,6,-91,34.0603676,-117.1870117,385.30,1.50,WIFI
EE:CB:BC:34:16:DD,,[WPA2_PSK],2025-3-28 14:51:28,11,-82,34.0603714,-117.1869965,385.60,1.50,WIFI
00:54:AF:6B:33:29,Hotspot3329,[WPA_WPA2_PSK],2025-3-28 14:51:42,11,-73,34.0603714,-117.1870117,385.30,1.50,WIFI
A8:F7:D9:49:17:21,Chase_Guest,[OPEN],2025-3-28 14:51:42,11,-87,34.0603714,-117.1870117,385.30,1.50,WIFI
F4:92:BF:64:74:31,Plant_Power_Redlands_Secured,[WPA2_PSK],2025-3-28 14:51:51,6,-93,34.0603714,-117.1870117,385.00,1.50,WIFI
C8:B4:22:7E:C0:60,MySpectrumWiFi00-2G,[WPA2_PSK],2025-3-28 14:51:57,1,-80,34.0603714,-117.1870117,384.90,1.50,WIFI
28:38:5C:26:F2:27,HotspotKE4C,[WPA_WPA2_PSK],2025-3-28 14:52:19,6,-86,34.0604172,-117.1874161,383.40,1.50,WIFI
20:58:69:53:B9:03,Recover.Me-13B900,[WPA2_PSK],2025-3-28 14:52:25,1,-84,34.0601768,-117.1874771,382.60,1.50,WIFI
74:83:C2:03:18:C7,,[WPA2_PSK],2025-3-28 14:52:33,6,-81,34.0597572,-117.1875076,381.30,1.50,WIFI
86:83:C2:03:18:C7,,[WPA2_PSK],2025-3-28 14:52:33,6,-82,34.0597572,-117.1875076,381.30,1.50,WIFI
E8:97:9A:CC:5E:22,7c6d07e3,[WPA2_PSK],2025-3-28 14:52:38,11,-88,34.0596466,-117.1874237,381.90,1.50,WIFI
66:22:32:24:0A:6E,Rui's Shanghai Bistro,[WPA2_PSK],2025-3-28 14:52:47,6,-88,34.0595932,-117.1866074,384.00,1.50,WIFI
5A:E4:03:F7:B1:7C,VirusNetwork,[WPA2_PSK],2025-3-28 14:52:48,7,-81,34.0595856,-117.1865921,383.70,1.50,WIFI
2A:03:EB:27:46:BA,myChevrolet 1488,[WPA2_PSK],2025-3-28 14:53:6,11,-89,34.0588417,-117.1864014,386.10,1.50,WIFI
68:D7:9A:8A:BF:21,,[WPA2_PSK],2025-3-28 14:53:9,1,-91,34.0584793,-117.1862411,385.40,1.50,WIFI
6E:D7:9A:8A:BF:21,JRiley-Corporate,[WPA2_PSK],2025-3-28 14:53:9,1,-92,34.0584793,-117.1862411,385.40,1.50,WIFI
94:FF:3C:B4:4C:EB,Firestone Complete Free WiFi,[OPEN],2025-3-28 14:53:15,6,-76,34.0579834,-117.1859360,385.80,1.50,WIFI
94:FF:3C:B4:4C:E8,BSA Network,[WPA2],2025-3-28 14:53:15,6,-79,34.0579834,-117.1859360,385.80,1.50,WIFI
94:FF:3C:B4:4C:E9,BSRO-Autel,[WPA2_PSK],2025-3-28 14:53:15,6,-79,34.0579834,-117.1859360,385.80,1.50,WIFI
94:FF:3C:B4:4C:EA,BSRO-LOC,[WPA2_PSK],2025-3-28 14:53:15,6,-79,34.0579834,-117.1859360,385.80,1.50,WIFI
8C:5A:25:6E:2E:B2,Verizon-2EB6,[WPA2_PSK],2025-3-28 14:53:15,6,-90,34.0579834,-117.1859360,385.80,1.50,WIFI
16:8E:36:FC:80:CF,BUICK2331,[WPA2_WPA3_PSK],2025-3-28 14:53:15,6,-94,34.0579834,-117.1859360,385.80,1.50,WIFI
12:E8:A7:78:52:39,myChevrolet 5239,[WPA2_PSK],2025-3-28 14:53:15,7,-92,34.0579834,-117.1859360,385.80,1.50,WIFI
18:B1:69:5A:69:C5,RedlandsUrgentCareGuest,[WPA_WPA2_PSK],2025-3-28 14:53:20,11,-77,34.0577927,-117.1858597,386.10,1.50,WIFI
A2:46:9D:1D:EF:26,,[WPA2_PSK],2025-3-28 14:53:23,1,-85,34.0577545,-117.1858368,385.80,1.50,WIFI
BA:46:9D:1D:EF:26,Cinema Staff,[WPA2_PSK],2025-3-28 14:53:23,1,-85,34.0577545,-117.1858368,385.80,1.50,WIFI
BE:46:9D:1D:EF:26,,[WPA2_PSK],2025-3-28 14:53:23,1,-85,34.0577545,-117.1858368,385.80,1.50,WIFI
96:46:9D:1D:EF:26,,[WPA2_PSK],2025-3-28 14:53:23,1,-85,34.0577545,-117.1858368,385.80,1.50,WIFI
02:24:A5:80:9D:92,myChevrolet6922,[WPA2_PSK],2025-3-28 14:53:23,1,-86,34.0577545,-117.1858368,385.80,1.50,WIFI
A6:46:9D:1D:EF:26,,[WPA2_PSK],2025-3-28 14:53:23,1,-86,34.0577545,-117.1858368,385.80,1.50,WIFI
94:18:65:5B:37:F0,AISemployee,[WPA2_PSK],2025-3-28 14:53:27,4,-91,34.0575867,-117.1858063,385.00,1.50,WIFI
B0:6A:41:98:77:B1,Redlands Urgent Care-Corporate,[WPA2_PSK],2025-3-28 14:53:29,6,-80,34.0574608,-117.1857986,384.70,1.50,WIFI
18:9C:27:7F:38:68,Frontier3728,[WPA2_PSK],2025-3-28 14:53:29,6,-82,34.0574608,-117.1857986,384.70,1.50,WIFI
52:57:9C:DC:59:04,DIRECT-ot-EPSON-WF-4830 Series,[WPA2_PSK],2025-3-28 14:53:29,6,-88,34.0574608,-117.1857986,384.70,1.50,WIFI
94:FF:3C:B4:4B:EB,Firestone Complete Free WiFi,[OPEN],2025-3-28 14:53:29,6,-88,34.0574608,-117.1857986,384.70,1.50,WIFI
B0:FC:88:06:E7:76,Frontier0136,[WPA2_PSK],2025-3-28 14:53:34,11,-91,34.0572548,-117.1854553,386.50,1.50,WIFI
F6:55:A8:09:53:44,PRESTO,[WPA2_PSK],2025-3-28 14:53:37,1,-84,34.0572624,-117.1850739,386.10,1.50,WIFI
E2:55:A8:09:53:44,Dennys_Employee_WIFI,[WPA2_PSK],2025-3-28 14:53:37,1,-85,34.0572624,-117.1850739,386.10,1.50,WIFI
12:32:2C:9A:EF:97,DIRECT-1B-Car_3e68,[WPA2_PSK],2025-3-28 14:53:37,1,-87,34.0572624,-117.1850739,386.10,1.50,WIFI
E4:55:A8:09:53:44,Dennys Guest Wifi,[OPEN],2025-3-28 14:53:37,1,-87,34.0572624,-117.1850739,386.10,1.50,WIFI
EE:55:A8:09:53:44,dmtnet,[WPA2_PSK],2025-3-28 14:53:37,1,-87,34.0572624,-117.1850739,386.10,1.50,WIFI
DA:55:A8:09:53:44,,[WPA2_PSK],2025-3-28 14:53:37,1,-88,34.0572624,-117.1850739,386.10,1.50,WIFI
BE:30:7E:7B:BC:0B,DIRECT-nk-myCadillac,[WPA2_PSK],2025-3-28 14:53:37,1,-90,34.0572624,-117.1850739,386.10,1.50,WIFI
E8:1D:A8:07:E2:98,REB,[WPA2_PSK],2025-3-28 14:53:40,3,-88,34.0572624,-117.1845932,386.30,1.50,WIFI
B2:8B:A9:5F:B4:22,FCH-Staff,[WPA2_PSK],2025-3-28 14:53:43,6,-84,34.0572662,-117.1841049,386.80,1.50,WIFI
00:14:3E:1F:FE:90,GMREPCR,[WPA2_PSK],2025-3-28 14:53:43,6,-84,34.0572662,-117.1841049,386.80,1.50,WIFI
AC:8B:A9:5F:B4:22,FCH-Admin,[WPA2_PSK],2025-3-28 14:53:43,6,-85,34.0572662,-117.1841049,386.80,1.50,WIFI
12:3F:0B:58:B6:1F,,[WPA2_PSK],2025-3-28 14:53:48,11,-76,34.0572624,-117.1833954,386.90,1.50,WIFI
2C:3F:0B:58:B6:1F,Lois Lauer - Wireless,[WPA2_PSK],2025-3-28 14:53:48,11,-77,34.0572624,-117.1833954,386.90,1.50,WIFI
98:1E:19:5E:6C:56,MySpectrumWiFi50-2G,[WPA2_PSK],2025-3-28 14:53:48,11,-80,34.0572624,-117.1833954,386.90,1.50,WIFI
E8:9F:80:73:27:44,J & M Income Tax,[WPA2_PSK],2025-3-28 14:53:48,11,-81,34.0572624,-117.1833954,386.90,1.50,WIFI
EE:55:A8:09:4C:8F,dmtnet,[WPA2_PSK],2025-3-28 14:53:48,11,-83,34.0572624,-117.1833954,386.90,1.50,WIFI
F6:55:A8:09:4C:8F,PRESTO,[WPA2_PSK],2025-3-28 14:53:48,11,-83,34.0572624,-117.1833954,386.90,1.50,WIFI
DA:55:A8:09:4C:8F,,[WPA2_PSK],2025-3-28 14:53:48,11,-83,34.0572624,-117.1833954,386.90,1.50,WIFI
DC:92:72:E3:47:5F,Frontier0569,[WPA2_PSK],2025-3-28 14:53:48,11,-83,34.0572624,-117.1833954,386.90,1.50,WIFI
A0:89:66:EA:79:0C,,[WPA_WPA2_PSK],2025-3-28 14:53:48,11,-89,34.0572624,-117.1833954,386.90,1.50,WIFI
B2:8B:A9:5F:2B:1E,FCH-Staff,[WPA2_PSK],2025-3-28 14:53:48,11,-90,34.0572624,-117.1833954,386.90,1.50,WIFI
AC:8B:A9:5F:2B:1E,FCH-Admin,[WPA2_PSK],2025-3-28 14:53:48,11,-91,34.0572624,-117.1833954,386.90,1.50,WIFI
D0:21:F9:5C:91:F2,shopsuey,[WPA2_PSK],2025-3-28 14:53:48,1,-74,34.0572624,-117.1833954,386.90,1.50,WIFI
9C:C9:EB:E8:72:3E,The best wifi around,[OPEN],2025-3-28 14:53:48,1,-78,34.0572624,-117.1833954,386.90,1.50,WIFI
12:3F:0B:58:B5:89,,[WPA2_PSK],2025-3-28 14:53:48,1,-79,34.0572624,-117.1833954,386.90,1.50,WIFI
2C:3F:0B:58:B5:89,Lois Lauer - Wireless,[WPA2_PSK],2025-3-28 14:53:48,1,-80,34.0572624,-117.1833954,386.90,1.50,WIFI
D2:21:F9:2C:91:F2,,[WPA2_PSK],2025-3-28 14:53:48,1,-80,34.0572624,-117.1833954,386.90,1.50,WIFI
7A:45:58:A7:01:16,,[WPA2_PSK],2025-3-28 14:53:48,1,-82,34.0572624,-117.1833954,386.90,1.50,WIFI
B2:8B:A9:5F:A9:C2,FCH-Staff,[WPA2_PSK],2025-3-28 14:53:48,1,-83,34.0572624,-117.1833954,386.90,1.50,WIFI
AC:8B:A9:5F:A9:C2,FCH-Admin,[WPA2_PSK],2025-3-28 14:53:48,1,-86,34.0572624,-117.1833954,386.90,1.50,WIFI
88:DE:7C:54:55:B5,honeyhabits,[WPA2_PSK],2025-3-28 14:53:48,1,-88,34.0572624,-117.1833954,386.90,1.50,WIFI
12:3F:0B:58:B5:EB,,[WPA2_PSK],2025-3-28 14:53:57,6,-77,34.0572548,-117.1830826,387.90,1.50,WIFI
2C:3F:0B:58:B5:EB,Lois Lauer - Wireless,[WPA2_PSK],2025-3-28 14:53:57,6,-80,34.0572548,-117.1830826,387.90,1.50,WIFI
B0:BB:E5:33:62:86,SpectrumSetup-80,[WPA2_PSK],2025-3-28 14:53:57,6,-87,34.0572548,-117.1830826,387.90,1.50,WIFI
72:FE:CE:CC:4B:F1,,[WPA2_PSK],2025-3-28 14:53:59,8,-84,34.0572548,-117.1830826,388.10,1.50,WIFI
7C:78:B2:66:7F:47,WYZE_2232F87076283959,[WPA_WPA2_PSK],2025-3-28 14:54:2,11,-80,34.0572548,-117.1830750,388.20,1.50,WIFI
80:3F:5D:2F:1B:BC,@WAVLINK_BB,[WPA_WPA2_PSK],2025-3-28 14:54:4,13,-94,34.0572548,-117.1830750,388.20,1.50,WIFI
AC:8B:A9:5F:29:E2,FCH-Admin,[WPA2_PSK],2025-3-28 14:54:4,1,-89,34.0572548,-117.1830750,388.20,1.50,WIFI
7E:4D:8F:44:69:11,DIRECT-11-HP OfficeJet Pro 7740,[WPA2_PSK],2025-3-28 14:54:4,1,-90,34.0572548,-117.1830750,388.20,1.50,WIFI
B2:8B:A9:5F:29:E2,FCH-Staff,[WPA2_PSK],2025-3-28 14:54:4,1,-91,34.0572548,-117.1830750,388.20,1.50,WIFI
AC:7A:4D:11:2F:D4,MB Hotspot 5021194,[WPA2_PSK],2025-3-28 14:54:11,6,-83,34.0572586,-117.1830750,388.20,1.50,WIFI
26:5A:4C:2E:85:47,CCS-Staff,[WPA2_PSK],2025-3-28 14:54:11,6,-92,34.0572586,-117.1830750,388.20,1.50,WIFI
26:5A:4C:4E:85:47,,[WPA2_PSK],2025-3-28 14:54:11,6,-94,34.0572586,-117.1830750,388.20,1.50,WIFI
74:FE:CE:CC:4B:F7,GreenSleeves Wifi,[WPA2_PSK],2025-3-28 14:54:13,8,-87,34.0572586,-117.1830750,388.20,1.50,WIFI
E4:55:A8:09:4C:8F,Dennys Guest Wifi,[OPEN],2025-3-28 14:54:16,11,-80,34.0572548,-117.1830750,388.30,1.50,WIFI
E2:55:A8:09:4C:8F,Dennys_Employee_WIFI,[WPA2_PSK],2025-3-28 14:54:16,11,-80,34.0572548,-117.1830750,388.30,1.50,WIFI
94:A6:7E:5B:32:AE,MySpectrumWiFi82-2G,[WPA2_PSK],2025-3-28 14:54:16,11,-84,34.0572548,-117.1830750,388.30,1.50,WIFI
24:94:CB:3E:F6:40,Frontier0864,[WPA2_PSK],2025-3-28 14:54:16,11,-88,34.0572548,-117.1830750,388.30,1.50,WIFI
78:45:58:D7:00:3E,shopsuey,[WPA2_PSK],2025-3-28 14:54:18,1,-85,34.0572548,-117.1830597,388.60,1.50,WIFI
C8:BE:19:67:AB:5C,LOWJG,[WEP],2025-3-28 14:54:18,1,-90,34.0572548,-117.1830597,388.60,1.50,WIFI
A8:6E:84:F3:B3:E3,TP-Link_B3E3,[WPA2_PSK],2025-3-28 14:54:22,3,-83,34.0572510,-117.1828461,389.10,1.50,WIFI
F0:B6:61:A5:B5:84,,[WPA3_PSK],2025-3-28 14:54:25,6,-85,34.0572472,-117.1826019,389.70,1.50,WIFI
F0:B6:61:A5:B5:87,FalcFi-upstairs,[WPA2_PSK],2025-3-28 14:54:25,6,-86,34.0572472,-117.1826019,389.70,1.50,WIFI
A4:97:33:AC:16:1C,MadeFromSkratch,[WPA2_PSK],2025-3-28 14:54:25,6,-88,34.0572472,-117.1826019,389.70,1.50,WIFI
66:97:33:AC:16:1C,MadeFromSkratch_Guest,[WPA2_PSK],2025-3-28 14:54:25,6,-88,34.0572472,-117.1826019,389.70,1.50,WIFI
7A:45:58:B1:3C:32,,[WPA2_PSK],2025-3-28 14:54:25,6,-91,34.0572472,-117.1826019,389.70,1.50,WIFI
82:2B:F9:D3:2F:36,DIRECT-W5DCP-L2550DW_BR2f36,[WPA2_PSK],2025-3-28 14:54:28,9,-85,34.0572433,-117.1822739,389.80,1.50,WIFI
94:91:7F:24:A2:D5,MySpectrumWiFid7-2G,[WPA2_PSK],2025-3-28 14:54:30,11,-69,34.0572395,-117.1820374,390.10,1.50,WIFI
78:45:58:D7:06:FE,shopsuey,[WPA2_PSK],2025-3-28 14:54:30,11,-75,34.0572395,-117.1820374,390.10,1.50,WIFI
7A:45:58:A7:06:FE,,[WPA2_PSK],2025-3-28 14:54:30,11,-77,34.0572395,-117.1820374,390.10,1.50,WIFI
78:45:58:2A:FC:51,shopsuey,[WPA2_PSK],2025-3-28 14:54:30,11,-78,34.0572395,-117.1820374,390.10,1.50,WIFI
D4:A9:28:06:99:CA,FiOS-1LCM6,[WPA2_PSK],2025-3-28 14:54:30,11,-79,34.0572395,-117.1820374,390.10,1.50,WIFI
7E:45:58:2A:FC:51,,[WPA2_PSK],2025-3-28 14:54:30,11,-82,34.0572395,-117.1820374,390.10,1.50,WIFI
28:9E:FC:62:73:6E,MySpectrumWiFi68-2G,[WPA2_PSK],2025-3-28 14:54:32,1,-77,34.0572395,-117.1818314,390.40,1.50,WIFI
08:7B:12:40:08:A6,Frontier0731,[WPA2_PSK],2025-3-28 14:54:32,1,-79,34.0572395,-117.1818314,390.40,1.50,WIFI
44:AC:85:7A:98:29,,[OPEN],2025-3-28 14:54:32,1,-82,34.0572395,-117.1818314,390.40,1.50,WIFI
44:AC:85:7A:98:26,Curatedbyky,[WPA2_PSK],2025-3-28 14:54:32,1,-83,34.0572395,-117.1818314,390.40,1.50,WIFI
A4:97:33:FB:82:0B,MySpectrumWiFia8-5G,[WPA2_PSK],2025-3-28 14:54:32,1,-87,34.0572395,-117.1818314,390.40,1.50,WIFI
D0:21:F9:62:1D:B7,Whiskey Republic,[WPA2_PSK],2025-3-28 14:54:32,1,-89,34.0572395,-117.1818314,390.40,1.50,WIFI
0E:8D:9B:DF:BF:A2,Ameriprise Guest,[WPA2_PSK],2025-3-28 14:54:32,1,-90,34.0572395,-117.1818314,390.40,1.50,WIFI
B8:2C:A0:84:44:04,HVP_b82ca0844402-Pairing,[WPA2_PSK],2025-3-28 14:54:32,1,-91,34.0572395,-117.1818314,390.40,1.50,WIFI
E4:8E:10:7D:90:2C,,[WPA_WPA2_PSK],2025-3-28 14:54:37,4,-90,34.0572319,-117.1812820,391.90,1.50,WIFI
C8:63:FC:7C:50:78,Frontier2992,[WPA2_PSK],2025-3-28 14:54:37,4,-95,34.0572319,-117.1812820,391.90,1.50,WIFI
24:5A:4C:5B:AA:E6,CCS-Users,[WPA2_PSK],2025-3-28 14:54:39,6,-73,34.0572281,-117.1810455,392.10,1.50,WIFI
06:18:0A:83:EF:2E,,[OPEN],2025-3-28 14:54:39,6,-73,34.0572281,-117.1810455,392.10,1.50,WIFI
26:5A:4C:2B:AA:E6,CCS-Staff,[WPA2_PSK],2025-3-28 14:54:39,6,-74,34.0572281,-117.1810455,392.10,1.50,WIFI
26:5A:4C:3B:AA:E6,CCS-Devices,[WPA2_PSK],2025-3-28 14:54:39,6,-74,34.0572281,-117.1810455,392.10,1.50,WIFI
C0:A0:BB:FD:1A:00,Briggs & Coops,[WPA_WPA2_PSK],2025-3-28 14:54:39,6,-77,34.0572281,-117.1810455,392.10,1.50,WIFI
00:18:0A:83:EF:2E,,[OPEN],2025-3-28 14:54:39,6,-80,34.0572281,-117.1810455,392.10,1.50,WIFI
44:05:3F:58:10:16,abeautysuite,[WPA2_WPA3_PSK],2025-3-28 14:54:39,6,-82,34.0572281,-117.1810455,392.10,1.50,WIFI
40:47:5E:FA:9C:46,TTSB,[WPA2_PSK],2025-3-28 14:54:39,6,-82,34.0572281,-117.1810455,392.10,1.50,WIFI
40:47:5E:FA:9C:43,,[WPA3_PSK],2025-3-28 14:54:39,6,-82,34.0572281,-117.1810455,392.10,1.50,WIFI
00:7F:28:C0:F4:FF,Moonandmirror,[WPA2_PSK],2025-3-28 14:54:39,6,-84,34.0572281,-117.1810455,392.10,1.50,WIFI
B0:FC:88:56:F9:B7,SpectrumSetup-B1,[WPA2_PSK],2025-3-28 14:54:39,6,-93,34.0572281,-117.1810455,392.10,1.50,WIFI
CC:CF:83:CF:E9:FB,,[WPA_WPA2_PSK],2025-3-28 14:54:40,7,-86,34.0572243,-117.1809540,392.20,1.50,WIFI
FC:B2:D6:C9:2D:7C,,[WPA_WPA2_PSK],2025-3-28 14:54:43,9,-60,34.0572243,-117.1807632,392.90,1.25,WIFI
D0:6D:C9:36:FC:86,Orban Law,[WPA3_PSK],2025-3-28 14:54:45,11,-67,34.0572243,-117.1807327,393.20,1.25,WIFI
10:DA:43:39:F5:D9,ngHub_319467NA081A1,[WPA2_PSK],2025-3-28 14:54:45,11,-70,34.0572243,-117.1807327,393.20,1.25,WIFI
C8:A7:0A:B3:95:32,PARGOLD,[WPA2_PSK],2025-3-28 14:54:45,11,-83,34.0572243,-117.1807327,393.20,1.25,WIFI
CA:A7:0A:B3:95:33,PARGOLD-Guest,[WPA2_PSK],2025-3-28 14:54:45,11,-83,34.0572243,-117.1807327,393.20,1.25,WIFI
26:5A:4C:2E:8A:48,CCS-Staff,[WPA2_PSK],2025-3-28 14:54:45,11,-88,34.0572243,-117.1807327,393.20,1.25,WIFI
FC:12:63:A9:95:64,Verizon_HHN443,[WPA2_PSK],2025-3-28 14:54:48,1,-74,34.0572243,-117.1807327,393.50,1.25,WIFI
72:83:C2:31:3E:0C,,[WPA2_PSK],2025-3-28 14:54:48,1,-74,34.0572243,-117.1807327,393.50,1.25,WIFI
54:47:CC:E5:69:56,Frontier0301,[WPA2_PSK],2025-3-28 14:54:48,1,-86,34.0572243,-117.1807327,393.50,1.25,WIFI
56:47:CC:E5:69:57,Skin Guest,[WPA2_PSK],2025-3-28 14:54:48,1,-87,34.0572243,-117.1807327,393.50,1.25,WIFI
9C:A3:A9:03:1A:AA,IPCZ6962374877957,[OPEN],2025-3-28 14:54:48,1,-89,34.0572243,-117.1807327,393.50,1.25,WIFI
74:83:C2:94:E5:94,EMERSON,[WPA2_PSK],2025-3-28 14:54:48,1,-91,34.0572243,-117.1807327,393.50,1.25,WIFI
AC:91:9B:4D:85:DA,WeenieHutJr,[WPA2_PSK],2025-3-28 14:54:48,1,-91,34.0572243,-117.1807327,393.50,1.25,WIFI
C4:AD:34:08:4B:18,Hudson Realty,[WPA2_PSK],2025-3-28 14:54:51,3,-75,34.0572243,-117.1807327,393.80,1.25,WIFI
AC:DF:9F:97:41:9E,TMOBILE-419C,[WPA2_WPA3_PSK],2025-3-28 14:54:53,5,-59,34.0572243,-117.1807175,394.40,1.25,WIFI
40:47:5E:FA:9C:49,,[OPEN],2025-3-28 14:54:54,6,-70,34.0572243,-117.1807022,394.70,1.25,WIFI
18:7C:0B:54:0B:53,island-140B50,[WPA2_PSK],2025-3-28 14:54:56,8,-88,34.0572243,-117.1806030,395.20,1.25,WIFI
D0:6D:C9:39:78:F6,Frontier0598,[WPA2_PSK],2025-3-28 14:54:59,11,-74,34.0572243,-117.1803207,395.60,1.25,WIFI
E8:9E:B4:02:E2:31,SETUP,[OPEN],2025-3-28 14:54:59,11,-80,34.0572243,-117.1803207,395.60,1.25,WIFI
08:7B:12:69:66:1B,SpectrumSetup-15,[WPA2_PSK],2025-3-28 14:54:59,11,-83,34.0572243,-117.1803207,395.60,1.25,WIFI
E4:6F:13:6A:80:80,eadvisor,[WPA_PSK],2025-3-28 14:54:59,11,-87,34.0572243,-117.1803207,395.60,1.25,WIFI
10:2C:B1:4A:17:44,,[WPA_WPA2_PSK],2025-3-28 14:54:59,11,-88,34.0572243,-117.1803207,395.60,1.25,WIFI
1C:B0:44:DF:49:37,MySpectrumWiFi39-2G,[WPA2_PSK],2025-3-28 14:54:59,11,-91,34.0572243,-117.1803207,395.60,1.25,WIFI
D0:6D:C9:39:E7:26,Frontier0488,[WPA2_PSK],2025-3-28 14:55:2,1,-72,34.0572243,-117.1799622,395.90,1.25,WIFI
74:83:C2:31:3E:0C,Redlands Shell,[WPA2_PSK],2025-3-28 14:55:2,1,-72,34.0572243,-117.1799622,395.90,1.25,WIFI
DE:CD:2F:F5:83:EA,DIRECT-OB-EPSON-ES-580W,[WPA2_PSK],2025-3-28 14:55:2,1,-79,34.0572243,-117.1799622,395.90,1.25,WIFI
40:BD:32:5E:3E:38,SMA1990065773,[WPA2_PSK],2025-3-28 14:55:2,1,-80,34.0572243,-117.1799622,395.90,1.25,WIFI
F0:9F:C2:D1:50:D6,Thrif T Lodge,[WPA2_PSK],2025-3-28 14:55:2,1,-80,34.0572243,-117.1799622,395.90,1.25,WIFI
F6:9F:C2:D1:50:D6,,[WPA2_PSK],2025-3-28 14:55:2,1,-83,34.0572243,-117.1799622,395.90,1.25,WIFI
CC:40:D0:8B:8D:F0,NTGR_VMB_1585172324,[WPA2_PSK],2025-3-28 14:55:2,1,-84,34.0572243,-117.1799622,395.90,1.25,WIFI
5C:60:BA:A0:94:E8,DIRECT-E7-HP DeskJet 2700 series,[WPA2_PSK],2025-3-28 14:55:2,1,-86,34.0572243,-117.1799622,395.90,1.25,WIFI
0C:EA:C9:C8:4A:98,Frontier7280,[WPA2_PSK],2025-3-28 14:55:2,1,-88,34.0572243,-117.1799622,395.90,1.25,WIFI
74:EE:2A:3C:E1:AE,Escort M1,[WPA2_PSK],2025-3-28 14:55:2,1,-88,34.0572243,-117.1799622,395.90,1.25,WIFI
FC:B2:D6:C7:92:F4,,[WPA_WPA2_PSK],2025-3-28 14:55:2,2,-91,34.0572243,-117.1799622,395.90,1.25,WIFI
34:98:B5:E0:AC:F5,Lambertones Pickups,[WPA2_WPA3_PSK],2025-3-28 14:55:6,4,-85,34.0572243,-117.1793365,396.90,1.25,WIFI
42:98:B5:E0:AC:F5,Lambertones Pickups-IoT,[WPA2_PSK],2025-3-28 14:55:6,4,-88,34.0572243,-117.1793365,396.90,1.25,WIFI
F8:55:CD:64:7A:DD,HotspotPYKE,[WPA_WPA2_PSK],2025-3-28 14:55:8,6,-75,34.0572166,-117.1790237,397.20,1.25,WIFI
EE:55:A8:48:A6:22,CityThatWorks,[WPA2],2025-3-28 14:55:8,6,-76,34.0572166,-117.1790237,397.20,1.25,WIFI
60:22:32:A3:B2:64,HEWirelessNetwork,[WPA2_PSK],2025-3-28 14:55:8,6,-78,34.0572166,-117.1790237,397.20,1.25,WIFI
E4:55:A8:48:A6:22,RedCity,[WPA_WPA2_PSK],2025-3-28 14:55:8,6,-80,34.0572166,-117.1790237,397.20,1.25,WIFI
54:47:CC:F5:EB:E6,Frontier0738,[WPA2_PSK],2025-3-28 14:55:8,6,-83,34.0572166,-117.1790237,397.20,1.25,WIFI
32:13:8B:0B:56:9E,DIRECT-9E-HP Color LJ 4301,[WPA2_PSK],2025-3-28 14:55:8,6,-85,34.0572166,-117.1790237,397.20,1.25,WIFI
AC:DF:9F:9E:31:7A,JYSTKD,[WPA2_WPA3_PSK],2025-3-28 14:55:10,8,-84,34.0572090,-117.1787338,397.50,1.50,WIFI
00:54:AF:FB:5B:34,Hotspot5B34,[WPA_WPA2_PSK],2025-3-28 14:55:10,8,-87,34.0572090,-117.1787338,397.50,1.50,WIFI
5C:E9:31:3E:B7:17,Kishan,[WPA2_PSK],2025-3-28 14:55:11,9,-85,34.0572014,-117.1785965,397.90,1.50,WIFI
A2:E9:31:3E:B7:19,,[WPA2_PSK],2025-3-28 14:55:11,9,-85,34.0572014,-117.1785965,397.90,1.50,WIFI
F6:55:A8:15:38:4A,CONFIRE,[WPA2_PSK],2025-3-28 14:55:13,11,-82,34.0571785,-117.1783371,398.60,1.50,WIFI
F8:9E:28:D0:E7:9A,Regal Wireless,[WPA2_PSK],2025-3-28 14:55:13,11,-83,34.0571785,-117.1783371,398.60,1.50,WIFI
C6:9E:28:D0:E7:9A,,[WPA2_PSK],2025-3-28 14:55:13,11,-83,34.0571785,-117.1783371,398.60,1.50,WIFI
FE:9E:28:D0:E7:9A,RWG Guest,[WPA2_PSK],2025-3-28 14:55:13,11,-84,34.0571785,-117.1783371,398.60,1.50,WIFI
A0:55:1F:8A:DF:D3,SpectrumSetup-DFCD,[WPA2_PSK],2025-3-28 14:55:13,11,-87,34.0571785,-117.1783371,398.60,1.50,WIFI
5E:60:BA:4A:8A:47,DIRECT-47-HP OfficeJet Pro 7740,[WPA2_PSK],2025-3-28 14:55:13,11,-88,34.0571785,-117.1783371,398.60,1.50,WIFI
7A:45:58:A1:41:CC,HYR-Guest,[WPA2_PSK],2025-3-28 14:55:13,11,-90,34.0571785,-117.1783371,398.60,1.50,WIFI
AC:B3:13:75:BD:B0,RangelWifi,[WPA2_PSK],2025-3-28 14:55:13,11,-92,34.0571785,-117.1783371,398.60,1.50,WIFI
24:A2:E1:F2:6F:64,Test's Wi-Fi Network,[WPA2_PSK],2025-3-28 14:55:13,11,-92,34.0571785,-117.1783371,398.60,1.50,WIFI
F6:9F:C2:D1:51:78,,[WPA2_PSK],2025-3-28 14:55:14,1,-65,34.0571594,-117.1782074,398.80,1.75,WIFI
F0:9F:C2:D1:51:78,Thrif T Lodge,[WPA2_PSK],2025-3-28 14:55:14,1,-66,34.0571594,-117.1782074,398.80,1.75,WIFI
74:37:5F:9F:CD:67,SpectrumSetup-65,[WPA2_PSK],2025-3-28 14:55:14,1,-80,34.0571594,-117.1782074,398.80,1.75,WIFI
B8:66:85:62:B0:7E,MySpectrumWiFi78-2G,[WPA2_PSK],2025-3-28 14:55:14,1,-82,34.0571594,-117.1782074,398.80,1.75,WIFI
78:04:73:1F:EF:A6,Bose ST 10 (2C4803),[OPEN],2025-3-28 14:55:14,1,-89,34.0571594,-117.1782074,398.80,1.75,WIFI
72:94:CB:1C:6D:09,LandmarkCoffee,[WPA2_PSK],2025-3-28 14:55:14,1,-91,34.0571594,-117.1782074,398.80,1.75,WIFI
B0:FC:88:07:0C:D6,Frontier0739,[WPA2_PSK],2025-3-28 14:55:22,6,-73,34.0567741,-117.1771317,400.80,1.25,WIFI
E4:38:83:3C:9B:6F,Thrif T Lodge,[WPA2_PSK],2025-3-28 14:55:22,6,-78,34.0567741,-117.1771317,400.80,1.25,WIFI
54:47:CC:F5:5B:C6,Frontier0011,[WPA2_PSK],2025-3-28 14:55:22,6,-80,34.0567741,-117.1771317,400.80,1.25,WIFI
74:93:DA:92:06:29,SpectrumSetup-2B,[WPA2_PSK],2025-3-28 14:55:22,6,-80,34.0567741,-117.1771317,400.80,1.25,WIFI
28:38:5C:2C:34:E6,HotspotEn5H,[WPA_WPA2_PSK],2025-3-28 14:55:22,6,-84,34.0567741,-117.1771317,400.80,1.25,WIFI
2C:EA:DC:08:F2:7D,SpectrumSetup-7F,[WPA2_PSK],2025-3-28 14:55:22,6,-85,34.0567741,-117.1771317,400.80,1.25,WIFI
2A:E8:29:5A:95:7C,,[WPA2_PSK],2025-3-28 14:55:22,6,-87,34.0567741,-117.1771317,400.80,1.25,WIFI
1A:E8:29:5A:95:7C,TRMillGuest,[WPA2_PSK],2025-3-28 14:55:22,6,-88,34.0567741,-117.1771317,400.80,1.25,WIFI
18:E8:29:5A:95:7C,TRMillExt,[WPA2_PSK],2025-3-28 14:55:22,6,-92,34.0567741,-117.1771317,400.80,1.25,WIFI
84:EB:3E:D9:E0:F1,tld9e0f0,[WPA2_PSK],2025-3-28 14:55:22,6,-93,34.0567741,-117.1771317,400.80,1.25,WIFI
5C:18:DD:F9:18:B4,,[WPA_WPA2_PSK],2025-3-28 14:55:25,9,-75,34.0565224,-117.1767426,401.10,1.25,WIFI
B8:66:85:49:8E:46,MySpectrumWiFi40-2G,[WPA2_PSK],2025-3-28 14:55:27,11,-81,34.0563240,-117.1765060,401.40,1.25,WIFI
88:67:46:6F:67:46,nkp,[WPA2_PSK],2025-3-28 14:55:27,11,-83,34.0563240,-117.1765060,401.40,1.25,WIFI
58:EA:1F:65:3F:5E,What's wifi?,[WPA2_PSK],2025-3-28 14:55:27,11,-83,34.0563240,-117.1765060,401.40,1.25,WIFI
58:EA:1F:65:26:CC,What's wifi?,[WPA2_PSK],2025-3-28 14:55:27,11,-84,34.0563240,-117.1765060,401.40,1.25,WIFI
5E:EA:1F:65:3F:5E,,[OPEN],2025-3-28 14:55:27,11,-85,34.0563240,-117.1765060,401.40,1.25,WIFI
B0:B3:53:71:91:3D,,[WPA2_PSK],2025-3-28 14:55:29,13,-87,34.0561104,-117.1762848,401.80,1.25,WIFI
DE:CB:BC:B9:7D:2E,,[WPA2],2025-3-28 14:55:29,1,-73,34.0561104,-117.1762848,401.80,1.25,WIFI
A8:9A:93:8E:42:3E,MySpectrumWiFi38-2G,[WPA2_PSK],2025-3-28 14:55:29,1,-81,34.0561104,-117.1762848,401.80,1.25,WIFI
E2:55:A8:B3:63:BD,Jacks_Guest,[OPEN],2025-3-28 14:55:29,1,-81,34.0561104,-117.1762848,401.80,1.25,WIFI
EE:55:A8:B3:63:BD,,[WPA2_PSK],2025-3-28 14:55:29,1,-81,34.0561104,-117.1762848,401.80,1.25,WIFI
E4:55:A8:B3:63:BD,,[WPA2_PSK],2025-3-28 14:55:29,1,-82,34.0561104,-117.1762848,401.80,1.25,WIFI
DA:55:A8:B3:63:BD,,[WPA2_PSK],2025-3-28 14:55:29,1,-82,34.0561104,-117.1762848,401.80,1.25,WIFI
06:18:D6:82:FA:E2,Presenter,[WPA2_PSK],2025-3-28 14:55:29,1,-83,34.0561104,-117.1762848,401.80,1.25,WIFI
F4:52:46:B1:BD:BA,Linksys101,[WPA2_PSK],2025-3-28 14:55:29,1,-85,34.0561104,-117.1762848,401.80,1.25,WIFI
04:18:D6:82:FA:E2,Clergy,[WPA2_PSK],2025-3-28 14:55:29,1,-86,34.0561104,-117.1762848,401.80,1.25,WIFI
AC:8B:A9:DA:99:51,,[WPA2_WPA3_PSK],2025-3-28 14:55:29,1,-91,34.0561104,-117.1762848,401.80,1.25,WIFI
14:59:C0:A1:C5:3C,local1354Dormroom,[WPA2_PSK],2025-3-28 14:55:35,4,-85,34.0556870,-117.1759186,403.40,1.25,WIFI
86:69:1A:0A:64:9D,_LinksysSetup49C-guest,[WPA2_PSK],2025-3-28 14:55:36,5,-83,34.0556641,-117.1759033,403.40,1.25,WIFI
80:69:1A:0A:64:9D,cris wifi,[WPA2_PSK],2025-3-28 14:55:36,5,-86,34.0556641,-117.1759033,403.40,1.25,WIFI
8A:69:1A:0A:64:9D,,[WPA2_PSK],2025-3-28 14:55:36,5,-90,34.0556641,-117.1759033,403.40,1.25,WIFI
DE:CB:BC:B9:7D:34,,[WPA2],2025-3-28 14:55:37,6,-74,34.0556564,-117.1758957,403.40,1.25,WIFI
6A:14:01:62:56:6D,HP-Setup>6d-M277 LaserJet,[OPEN],2025-3-28 14:55:37,6,-88,34.0556564,-117.1758957,403.40,1.25,WIFI
34:53:D2:3E:98:C6,SpectrumSetup-C0,[WPA2_PSK],2025-3-28 14:55:37,6,-92,34.0556564,-117.1758957,403.40,1.25,WIFI
A0:68:7E:37:92:B2,Frontier4192,[WPA2_PSK],2025-3-28 14:55:37,6,-92,34.0556564,-117.1758957,403.40,1.25,WIFI
EA:55:A8:A2:DF:4F,CONFIRE-Guest,[WPA2_PSK],2025-3-28 14:55:42,11,-75,34.0556602,-117.1758957,403.40,1.25,WIFI
DA:55:A8:A2:DF:4F,,[WPA2_PSK],2025-3-28 14:55:42,11,-75,34.0556602,-117.1758957,403.40,1.25,WIFI
2C:AA:8E:AF:68:9E,,[WPA_WPA2_PSK],2025-3-28 14:55:42,11,-82,34.0556602,-117.1758957,403.40,1.25,WIFI
2E:AA:8E:AF:68:9E,,[WPA_WPA2_PSK],2025-3-28 14:55:42,11,-83,34.0556602,-117.1758957,403.40,1.25,WIFI
EE:55:A8:A2:DA:07,CONFIRE,[WPA2_PSK],2025-3-28 14:55:42,11,-83,34.0556602,-117.1758957,403.40,1.25,WIFI
EA:55:A8:A2:DA:07,CONFIRE-Guest,[WPA2_PSK],2025-3-28 14:55:42,11,-83,34.0556602,-117.1758957,403.40,1.25,WIFI
E0:55:3D:F3:A8:EB,S2K,[WPA_WPA2_PSK],2025-3-28 14:55:42,11,-86,34.0556602,-117.1758957,403.40,1.25,WIFI
EE:55:3D:F3:A8:EB,ampmequip,[WPA2_PSK],2025-3-28 14:55:42,11,-86,34.0556602,-117.1758957,403.40,1.25,WIFI
00:30:44:36:9B:65,FEMS,[WPA2_PSK],2025-3-28 14:55:42,11,-87,34.0556602,-117.1758957,403.40,1.25,WIFI
FE:92:BF:57:CD:AB,DATS-IoT,[WPA2_PSK],2025-3-28 14:55:42,11,-91,34.0556602,-117.1758957,403.40,1.25,WIFI
B2:8B:A9:DA:99:51,,[WPA2_PSK],2025-3-28 14:55:45,1,-83,34.0556641,-117.1758957,403.40,1.25,WIFI
EA:55:A8:B3:63:BD,,[WPA2_PSK],2025-3-28 14:55:45,1,-84,34.0556641,-117.1758957,403.40,1.25,WIFI
D0:6D:C9:2D:C8:56,Frontier0957,[WPA2_PSK],2025-3-28 14:55:51,6,-78,34.0555115,-117.1757736,404.00,1.25,WIFI
74:97:8E:02:5B:FA,Helium,[WPA2],2025-3-28 14:55:51,6,-85,34.0555115,-117.1757736,404.00,1.25,WIFI
28:94:01:3F:DF:A2,NETGEAR14,[WPA2_PSK],2025-3-28 14:55:52,7,-89,34.0554428,-117.1757278,404.20,1.25,WIFI
D0:6D:C9:2F:27:86,Frontier0113,[WPA2_PSK],2025-3-28 14:55:56,11,-83,34.0551033,-117.1754456,405.10,1.25,WIFI
C4:49:BB:22:5A:BE,Gregory Cruze,[WPA2_PSK],2025-3-28 14:55:56,11,-85,34.0551033,-117.1754456,405.10,1.25,WIFI
80:78:71:BA:56:EB,SpectrumSetup-ED,[WPA2_PSK],2025-3-28 14:55:56,11,-86,34.0551033,-117.1754456,405.10,1.25,WIFI
DE:CB:BC:B7:8A:0C,,[WPA2],2025-3-28 14:55:56,11,-86,34.0551033,-117.1754456,405.10,1.25,WIFI
BA:8B:A9:5F:5B:E6,,[WPA2_PSK],2025-3-28 14:55:56,11,-86,34.0551033,-117.1754456,405.10,1.25,WIFI
B6:8B:A9:5F:5B:E6,,[WPA2_PSK],2025-3-28 14:55:56,11,-91,34.0551033,-117.1754456,405.10,1.25,WIFI
B6:8B:A9:DA:99:51,,[WPA2_PSK],2025-3-28 14:55:59,1,-72,34.0547981,-117.1752014,405.80,1.25,WIFI
BA:8B:A9:DA:99:51,,[WPA2_PSK],2025-3-28 14:55:59,1,-74,34.0547981,-117.1752014,405.80,1.25,WIFI
D0:6D:C9:39:57:66,Frontier0059,[WPA2_PSK],2025-3-28 14:55:59,1,-78,34.0547981,-117.1752014,405.80,1.25,WIFI
44:AD:B1:82:DE:A6,PandaFam-4,[WPA2_PSK],2025-3-28 14:55:59,1,-82,34.0547981,-117.1752014,405.80,1.25,WIFI
48:D2:4F:FD:B8:A6,SpectrumSetup-A0,[WPA2_PSK],2025-3-28 14:55:59,1,-90,34.0547981,-117.1752014,405.80,1.25,WIFI
42:98:B5:FF:37:94,RDPes-IoT,[WPA2_PSK],2025-3-28 14:56:2,3,-89,34.0544662,-117.1749344,406.80,1.25,WIFI
3A:98:B5:FF:37:94,RDPes,[WPA2_WPA3_PSK],2025-3-28 14:56:2,3,-92,34.0544662,-117.1749344,406.80,1.25,WIFI
4C:19:5D:6E:1E:2B,SpectrumSetup-25,[WPA2_PSK],2025-3-28 14:56:5,6,-67,34.0541039,-117.1746445,407.60,1.25,WIFI
0C:C1:19:70:53:C7,S80_4HAM2102,[WPA2_PSK],2025-3-28 14:56:5,6,-67,34.0541039,-117.1746445,407.60,1.25,WIFI
22:3F:0B:FF:D6:39,sip,[WPA2],2025-3-28 14:56:5,6,-77,34.0541039,-117.1746445,407.60,1.25,WIFI
26:3F:0B:FF:D6:39,notes,[WPA2_PSK],2025-3-28 14:56:5,6,-78,34.0541039,-117.1746445,407.60,1.25,WIFI
2C:3F:0B:FF:D6:39,Starbucks WiFi,[OPEN],2025-3-28 14:56:5,6,-79,34.0541039,-117.1746445,407.60,1.25,WIFI
2A:3F:0B:FF:D6:39,smll,[WPA2],2025-3-28 14:56:5,6,-79,34.0541039,-117.1746445,407.60,1.25,WIFI
D0:6D:C9:36:DC:F6,Frontier0443,[WPA2_PSK],2025-3-28 14:56:5,6,-84,34.0541039,-117.1746445,407.60,1.25,WIFI
B0:0C:D1:F7:2A:28,DIRECT-27-HP OfficeJet Pro 6970,[WPA2_PSK],2025-3-28 14:56:5,6,-90,34.0541039,-117.1746445,407.60,1.25,WIFI
14:7F:0F:E7:81:4C,Vive-017e5ba4,[WPA2_PSK],2025-3-28 14:56:5,7,-92,34.0541039,-117.1746445,407.60,1.25,WIFI
54:04:63:CB:EB:01,,[WPA_WPA2_PSK],2025-3-28 14:56:7,8,-82,34.0538483,-117.1744461,408.10,1.25,WIFI
A8:6B:AD:F5:AB:B2,WIFIF5ABAF,[WPA2_PSK],2025-3-28 14:56:10,11,-67,34.0534706,-117.1741486,409.10,1.25,WIFI
AC:8B:A9:5F:60:9A,,[WPA2_WPA3_PSK],2025-3-28 14:56:10,11,-84,34.0534706,-117.1741486,409.10,1.25,WIFI
72:3A:CB:C5:48:6C,Cindy,[WPA2_PSK],2025-3-28 14:56:10,11,-86,34.0534706,-117.1741486,409.10,1.25,WIFI
0E:61:A3:36:E0:D0,YoVinny69,[WPA2_PSK],2025-3-28 14:56:10,11,-90,34.0534706,-117.1741486,409.10,1.25,WIFI
BC:96:E5:39:82:A0,SpectrumSetup-829C,[WPA2_PSK],2025-3-28 14:56:10,11,-91,34.0534706,-117.1741486,409.10,1.25,WIFI
AC:B6:87:3A:D6:A1,Verizon_VN6GH7,[WPA2_PSK],2025-3-28 14:56:13,1,-61,34.0530930,-117.1738434,410.60,1.25,WIFI
74:37:5F:EF:AF:23,SpectrumSetup-91,[WPA2_PSK],2025-3-28 14:56:13,1,-65,34.0530930,-117.1738434,410.60,1.25,WIFI
88:DE:7C:C5:FA:2D,SpectrumSetup-2F,[WPA2_PSK],2025-3-28 14:56:13,1,-69,34.0530930,-117.1738434,410.60,1.25,WIFI
20:9A:7D:12:B7:DE,ZOOSE5150,[WPA2_PSK],2025-3-28 14:56:13,1,-70,34.0530930,-117.1738434,410.60,1.25,WIFI
44:AD:B1:4B:55:86,SpectrumSetup-80,[WPA2_PSK],2025-3-28 14:56:13,1,-75,34.0530930,-117.1738434,410.60,1.25,WIFI
80:78:71:C9:44:81,SpectrumSetup-83,[WPA2_PSK],2025-3-28 14:56:13,1,-77,34.0530930,-117.1738434,410.60,1.25,WIFI
80:29:94:FF:F5:33,JoeV,[WEP],2025-3-28 14:56:13,1,-81,34.0530930,-117.1738434,410.60,1.25,WIFI
D0:6D:C9:37:30:26,Frontier0101,[WPA2_PSK],2025-3-28 14:56:13,1,-86,34.0530930,-117.1738434,410.60,1.25,WIFI
50:D4:F7:02:DB:1F,IEMS,[WPA_WPA2_PSK],2025-3-28 14:56:14,2,-88,34.0529671,-117.1737442,410.60,1.25,WIFI
50:EB:F6:12:F6:58,Casa Vista,[WPA2_PSK],2025-3-28 14:56:17,4,-92,34.0526085,-117.1734085,413.00,1.25,WIFI
AC:DF:9F:88:72:34,TMOBILE-7232,[WPA2_WPA3_PSK],2025-3-28 14:56:18,5,-89,34.0524864,-117.1732864,413.50,1.25,WIFI
F8:CA:59:98:4F:13,AWI-319254,[WPA2_PSK],2025-3-28 14:56:19,6,-71,34.0523682,-117.1731644,414.00,1.25,WIFI
74:37:5F:96:D7:0B,SpectrumSetup-09,[WPA2_PSK],2025-3-28 14:56:19,6,-73,34.0523682,-117.1731644,414.00,1.25,WIFI
58:9B:4A:AB:DC:FA,BERVAJEAN,[WPA2_PSK],2025-3-28 14:56:19,6,-73,34.0523682,-117.1731644,414.00,1.25,WIFI
74:FE:CE:7E:F9:2E,RooseveltGuest,[WPA2_PSK],2025-3-28 14:56:19,6,-74,34.0523682,-117.1731644,414.00,1.25,WIFI
44:AC:85:63:83:A9,,[OPEN],2025-3-28 14:56:19,6,-79,34.0523682,-117.1731644,414.00,1.25,WIFI
44:AC:85:63:83:A6,pamelakhk,[WPA2_PSK],2025-3-28 14:56:19,6,-79,34.0523682,-117.1731644,414.00,1.25,WIFI
44:AC:85:63:83:A3,,[WPA3_PSK],2025-3-28 14:56:19,6,-80,34.0523682,-117.1731644,414.00,1.25,WIFI
88:DE:7C:85:40:13,SpectrumSetup-15,[WPA2_PSK],2025-3-28 14:56:19,6,-93,34.0523682,-117.1731644,414.00,1.25,WIFI
54:07:7D:11:D4:CE,NETGEAR88,[WPA2_PSK],2025-3-28 14:56:21,8,-88,34.0521202,-117.1729202,414.70,1.25,WIFI
F0:09:0D:8B:08:BE,KryWar,[WPA2_PSK],2025-3-28 14:56:23,10,-85,34.0518646,-117.1726685,415.50,1.25,WIFI
F0:09:0D:8A:EB:4F,KryWar,[WPA2_PSK],2025-3-28 14:56:23,10,-86,34.0518646,-117.1726685,415.50,1.25,WIFI
F0:81:75:D2:9C:EE,SpectrumSetup-E8,[WPA2_PSK],2025-3-28 14:56:24,11,-81,34.0517349,-117.1725540,416.00,1.25,WIFI
40:2B:50:8B:EF:68,Frontier9456,[WPA2_PSK],2025-3-28 14:56:24,11,-81,34.0517349,-117.1725540,416.00,1.25,WIFI
40:47:5E:37:4B:03,,[WPA3_PSK],2025-3-28 14:56:27,1,-63,34.0513458,-117.1722260,417.30,1.25,WIFI
40:47:5E:37:4B:09,,[OPEN],2025-3-28 14:56:27,1,-64,34.0513458,-117.1722260,417.30,1.25,WIFI
DC:69:B5:DE:5C:46,BadWolfDW,[WPA2_PSK],2025-3-28 14:56:27,1,-67,34.0513458,-117.1722260,417.30,1.25,WIFI
40:47:5E:37:4B:06,The W,[WPA2_PSK],2025-3-28 14:56:27,1,-70,34.0513458,-117.1722260,417.30,1.25,WIFI
DC:69:B5:DE:5C:43,,[WPA3_PSK],2025-3-28 14:56:27,1,-70,34.0513458,-117.1722260,417.30,1.25,WIFI
DC:69:B5:DE:5C:49,,[OPEN],2025-3-28 14:56:27,1,-70,34.0513458,-117.1722260,417.30,1.25,WIFI
C8:C6:FE:05:B7:23,,[WPA3_PSK],2025-3-28 14:56:27,1,-73,34.0513458,-117.1722260,417.30,1.25,WIFI
C8:C6:FE:05:B7:26,Frontier218,[WPA2_PSK],2025-3-28 14:56:27,1,-74,34.0513458,-117.1722260,417.30,1.25,WIFI
DC:69:B5:DB:AB:A3,,[WPA3_PSK],2025-3-28 14:56:27,1,-76,34.0513458,-117.1722260,417.30,1.25,WIFI
4C:19:5D:4B:C1:B0,SpectrumSetup-AA,[WPA2_PSK],2025-3-28 14:56:27,1,-78,34.0513458,-117.1722260,417.30,1.25,WIFI
7C:F1:7E:43:D5:C8,MySpectrumWiFiCB-2G_EXT,[WPA2_PSK],2025-3-28 14:56:27,1,-81,34.0513458,-117.1722260,417.30,1.25,WIFI
6A:22:32:6A:DF:A6,Pathway Guest,[OPEN],2025-3-28 14:56:27,1,-81,34.0513458,-117.1722260,417.30,1.25,WIFI
72:22:32:6A:DF:A6,,[WPA2_PSK],2025-3-28 14:56:27,1,-81,34.0513458,-117.1722260,417.30,1.25,WIFI
A8:9A:93:B6:38:6E,MySpectrumWiFi68-2G,[WPA2_PSK],2025-3-28 14:56:27,1,-82,34.0513458,-117.1722260,417.30,1.25,WIFI
6E:22:32:6A:DF:A6,,[WPA2_PSK],2025-3-28 14:56:27,1,-82,34.0513458,-117.1722260,417.30,1.25,WIFI
A4:97:33:82:23:DD,SpectrumSetup-DF,[WPA2_PSK],2025-3-28 14:56:27,1,-88,34.0513458,-117.1722260,417.30,1.25,WIFI
24:41:FE:47:56:CA,Verizon_67MGKY,[WPA3_PSK],2025-3-28 14:56:27,1,-92,34.0513458,-117.1722260,417.30,1.25,WIFI
78:D2:94:4D:9C:B0,NETGEAR63,[WPA2_PSK],2025-3-28 14:56:31,3,-88,34.0508194,-117.1717987,419.10,1.25,WIFI
78:D2:94:3D:07:DA,Pretty Fly 4 a WiFi,[WPA2_PSK],2025-3-28 14:56:31,3,-89,34.0508194,-117.1717987,419.10,1.25,WIFI
D4:05:DE:05:E7:04,,[WPA3_PSK],2025-3-28 14:56:34,6,-73,34.0504112,-117.1714706,420.50,1.25,WIFI
D4:05:DE:05:E7:07,SxulChoclate,[WPA2_PSK],2025-3-28 14:56:34,6,-74,34.0504112,-117.1714706,420.50,1.25,WIFI
D4:05:DE:05:E7:0A,,[OPEN],2025-3-28 14:56:34,6,-74,34.0504112,-117.1714706,420.50,1.25,WIFI
48:8F:4C:F7:CC:18,SpectrumSetup48-extender,[WPA2_PSK],2025-3-28 14:56:34,6,-84,34.0504112,-117.1714706,420.50,1.25,WIFI
6A:22:32:6A:EA:D2,Pathway Guest,[OPEN],2025-3-28 14:56:34,6,-85,34.0504112,-117.1714706,420.50,1.25,WIFI
6E:22:32:2B:4D:06,,[WPA2_PSK],2025-3-28 14:56:34,6,-85,34.0504112,-117.1714706,420.50,1.25,WIFI
66:22:32:2B:4D:06,,[WPA2_PSK],2025-3-28 14:56:34,6,-87,34.0504112,-117.1714706,420.50,1.25,WIFI
6A:22:32:2B:4D:06,Pathway Guest,[OPEN],2025-3-28 14:56:34,6,-87,34.0504112,-117.1714706,420.50,1.25,WIFI
6E:22:32:6A:EA:D2,,[WPA2_PSK],2025-3-28 14:56:34,6,-87,34.0504112,-117.1714706,420.50,1.25,WIFI
60:22:32:2B:4D:06,,[WPA2_PSK],2025-3-28 14:56:34,6,-90,34.0504112,-117.1714706,420.50,1.25,WIFI
B0:FC:88:7E:F6:C2,SpectrumSetup-BC,[WPA2_PSK],2025-3-28 14:56:34,6,-90,34.0504112,-117.1714706,420.50,1.25,WIFI
34:53:D2:B6:F6:79,MySpectrumWiFibc-2G,[WPA2_PSK],2025-3-28 14:56:34,6,-90,34.0504112,-117.1714706,420.50,1.25,WIFI
32:B4:B8:5B:63:6B,My VW 7372,[WPA2_PSK],2025-3-28 14:56:34,6,-90,34.0504112,-117.1714706,420.50,1.25,WIFI
66:22:32:6A:EA:D2,,[WPA2_PSK],2025-3-28 14:56:34,6,-91,34.0504112,-117.1714706,420.50,1.25,WIFI
84:A0:6E:B7:8B:C6,MySpectrumWiFic0-2G,[WPA2_PSK],2025-3-28 14:56:34,6,-92,34.0504112,-117.1714706,420.50,1.25,WIFI
D8:07:B6:AF:91:92,TP-Link_9192,[WPA2_PSK],2025-3-28 14:56:39,10,-89,34.0497131,-117.1709213,423.40,1.25,WIFI
34:56:FE:A0:E2:25,Pizza Hut Guest Wifi,[OPEN],2025-3-28 14:56:40,11,-80,34.0495682,-117.1708069,424.00,1.25,WIFI
32:56:FE:A0:E2:25,PHwifi,[WPA2_PSK],2025-3-28 14:56:40,11,-82,34.0495682,-117.1708069,424.00,1.25,WIFI
A4:AE:9A:07:40:86,GiFi_5680,[WPA_WPA2_PSK],2025-3-28 14:56:42,1,-79,34.0493011,-117.1706085,424.50,1.25,WIFI
A4:AE:9A:07:2D:69,GiFi_5731,[WPA_WPA2_PSK],2025-3-28 14:56:42,1,-87,34.0493011,-117.1706085,424.50,1.25,WIFI
8A:E9:31:BB:63:D9,,[WPA2_PSK],2025-3-28 14:56:45,2,-83,34.0489769,-117.1703644,426.40,1.25,WIFI
5C:E9:31:BB:63:D7,Serendipity,[WPA2_PSK],2025-3-28 14:56:45,2,-85,34.0489769,-117.1703644,426.40,1.25,WIFI
34:98:B5:FF:37:94,,[WPA2_PSK],2025-3-28 14:56:46,3,-90,34.0489044,-117.1703186,426.70,1.25,WIFI
34:98:B5:D8:E5:27,NETGEAR78,[WPA2_PSK],2025-3-28 14:56:47,4,-85,34.0488510,-117.1702805,427.00,1.25,WIFI
34:6B:46:5B:C2:32,MySpectrumWiFi2c-2G,[WPA2_PSK],2025-3-28 14:56:49,6,-80,34.0487671,-117.1702499,426.60,1.25,WIFI
E0:23:FF:6F:98:D9,TheUPSStore-Guest,[WPA2_PSK],2025-3-28 14:56:49,6,-84,34.0487671,-117.1702499,426.60,1.25,WIFI
68:4A:76:2C:EF:C3,,[WPA3_PSK],2025-3-28 14:56:49,6,-84,34.0487671,-117.1702499,426.60,1.25,WIFI
E0:23:FF:6F:98:D8,ICN_BUS,[WPA2],2025-3-28 14:56:49,6,-84,34.0487671,-117.1702499,426.60,1.25,WIFI
68:4A:76:2C:EF:C5,The Lord Is Good,[WPA2_PSK],2025-3-28 14:56:49,6,-85,34.0487671,-117.1702499,426.60,1.25,WIFI
7C:DB:98:04:73:84,MySpectrumWiFi86-2G,[WPA2_PSK],2025-3-28 14:56:49,6,-85,34.0487671,-117.1702499,426.60,1.25,WIFI
68:4A:76:2C:EF:C7,,[OPEN],2025-3-28 14:56:49,6,-85,34.0487671,-117.1702499,426.60,1.25,WIFI
68:4A:76:2B:44:07,,[OPEN],2025-3-28 14:56:49,6,-85,34.0487671,-117.1702499,426.60,1.25,WIFI
E0:23:FF:6F:98:DA,ICN-LBA,[WPA2_PSK],2025-3-28 14:56:49,6,-87,34.0487671,-117.1702499,426.60,1.25,WIFI
F4:52:46:1E:01:F9,SpectrumSetup-FB,[WPA2_PSK],2025-3-28 14:56:49,6,-88,34.0487671,-117.1702499,426.60,1.25,WIFI
E0:23:FF:6F:98:DD,TheUPSStore-TSK,[WPA2],2025-3-28 14:56:49,6,-88,34.0487671,-117.1702499,426.60,1.25,WIFI
E0:23:FF:6F:98:DB,Wifi_Print,[WPA2_PSK],2025-3-28 14:56:49,6,-89,34.0487671,-117.1702499,426.60,1.25,WIFI
54:21:60:80:9C:76,Helix6A11,[WPA_WPA2_PSK],2025-3-28 14:56:52,9,-91,34.0486755,-117.1703491,426.80,1.25,WIFI
C8:B4:22:38:BC:CB,MySpectrumWiFiCD-2G,[WPA2_PSK],2025-3-28 14:56:54,11,-62,34.0485954,-117.1705017,426.80,1.25,WIFI
00:30:44:78:91:98,,[WPA_WPA2_PSK],2025-3-28 14:56:54,11,-80,34.0485954,-117.1705017,426.80,1.25,WIFI
3E:56:FE:A0:E2:25,PH_HFR,[WPA2_PSK],2025-3-28 14:56:54,11,-82,34.0485954,-117.1705017,426.80,1.25,WIFI
3A:56:FE:A0:E2:25,,[WPA2_PSK],2025-3-28 14:56:54,11,-83,34.0485954,-117.1705017,426.80,1.25,WIFI
74:37:5F:C9:87:93,Alpha7,[WPA2_PSK],2025-3-28 14:56:54,11,-92,34.0485954,-117.1705017,426.80,1.25,WIFI
B4:79:C8:58:C3:E3,Recover.Me-18C3E0,[WPA2_PSK],2025-3-28 14:56:54,11,-94,34.0485954,-117.1705017,426.80,1.25,WIFI
84:70:51:E1:80:1B,TOYOTA Camry-2.4g_e1801b,[WPA2_PSK],2025-3-28 14:56:57,1,-85,34.0485001,-117.1706772,426.30,1.25,WIFI
66:E2:20:5E:A1:F2,myChevrolet A0F1,[WPA2_PSK],2025-3-28 14:57:2,5,-93,34.0484314,-117.1707306,425.90,1.25,WIFI
B8:66:85:D2:59:16,MySpectrumWiFi10-2G,[WPA2_PSK],2025-3-28 14:57:3,6,-80,34.0484047,-117.1707230,425.50,1.25,WIFI
00:30:44:7E:9B:6C,,[WPA_WPA2_PSK],2025-3-28 14:57:3,6,-85,34.0484047,-117.1707230,425.50,1.25,WIFI
00:22:6C:07:55:A6,,[WPA_WPA2_PSK],2025-3-28 14:57:8,11,-73,34.0481834,-117.1705704,425.10,1.25,WIFI
A4:11:62:36:3F:23,64e0b866608f35aedbe1eba58debb613,[WPA2_PSK],2025-3-28 14:57:8,11,-81,34.0481834,-117.1705704,425.10,1.25,WIFI
D0:6D:C9:37:42:D6,Zoom Room,[WPA2_PSK],2025-3-28 14:57:8,11,-83,34.0481834,-117.1705704,425.10,1.25,WIFI
D2:6D:C9:37:42:D7,,[WPA2_PSK],2025-3-28 14:57:8,11,-84,34.0481834,-117.1705704,425.10,1.25,WIFI
FC:3F:DB:13:3B:DC,DIRECT-D1-HP Officejet 5740,[WPA2_PSK],2025-3-28 14:57:8,11,-88,34.0481834,-117.1705704,425.10,1.25,WIFI
C0:A0:0D:F4:E7:9A,Frontier3920,[WPA2_PSK],2025-3-28 14:57:8,11,-88,34.0481834,-117.1705704,425.10,1.25,WIFI
08:7B:12:3F:CA:C6,Frontier21402G,[WPA2_PSK],2025-3-28 14:57:8,11,-89,34.0481834,-117.1705704,425.10,1.25,WIFI
58:11:22:70:07:F0,SpectrumSetup-57_2.4G,[WPA2_WPA3_PSK],2025-3-28 14:57:8,11,-91,34.0481834,-117.1705704,425.10,1.25,WIFI
80:DA:13:5B:46:43,,[WPA3_PSK],2025-3-28 14:57:9,1,-75,34.0481186,-117.1705093,425.40,1.25,WIFI
80:DA:13:5B:46:46,VNGCE,[WPA2_PSK],2025-3-28 14:57:9,1,-75,34.0481186,-117.1705093,425.40,1.25,WIFI
80:DA:13:5B:46:49,,[OPEN],2025-3-28 14:57:9,1,-78,34.0481186,-117.1705093,425.40,1.25,WIFI
80:DA:13:57:8A:89,,[OPEN],2025-3-28 14:57:9,1,-81,34.0481186,-117.1705093,425.40,1.25,WIFI
80:DA:13:57:8A:83,,[WPA3_PSK],2025-3-28 14:57:9,1,-81,34.0481186,-117.1705093,425.40,1.25,WIFI
80:DA:13:57:8A:86,VNGCE,[WPA2_PSK],2025-3-28 14:57:9,1,-81,34.0481186,-117.1705093,425.40,1.25,WIFI
D0:6D:C9:37:33:56,Frontier0153,[WPA2_PSK],2025-3-28 14:57:9,1,-82,34.0481186,-117.1705093,425.40,1.25,WIFI
48:5D:36:13:0E:8C,FiOS-FVMHT,[WPA2_PSK],2025-3-28 14:57:9,1,-83,34.0481186,-117.1705093,425.40,1.25,WIFI
98:6B:3D:C3:1E:50,Dental Gallery,[WPA2_PSK],2025-3-28 14:57:9,1,-86,34.0481186,-117.1705093,425.40,1.25,WIFI
94:18:65:E9:1B:C0,Palm Tree,[WPA2_PSK],2025-3-28 14:57:16,5,-84,34.0476036,-117.1701126,427.80,1.25,WIFI
A4:97:33:4F:B3:C5,SpectrumSetup-C7,[WPA2_PSK],2025-3-28 14:57:17,6,-78,34.0475388,-117.1700668,428.00,1.25,WIFI
00:7F:28:3B:A6:68,RBBK7,[WPA2_PSK],2025-3-28 14:57:17,6,-92,34.0475388,-117.1700668,428.00,1.25,WIFI
58:11:22:70:07:F8,SpectrumSetup-57_2.4G,[WPA2_WPA3_PSK],2025-3-28 14:57:22,11,-84,34.0473862,-117.1698227,429.90,1.25,WIFI
C4:41:1E:DE:6D:3E,Frontier8832_Ext,[WPA2_PSK],2025-3-28 14:57:22,11,-88,34.0473862,-117.1698227,429.90,1.25,WIFI
18:9C:27:87:B4:38,Frontier9712,[WPA2_PSK],2025-3-28 14:57:22,11,-91,34.0473862,-117.1698227,429.90,1.25,WIFI
2C:00:AB:94:B0:A8,OrangeGrovePT,[WPA2_PSK],2025-3-28 14:57:23,1,-83,34.0473824,-117.1697922,430.30,1.25,WIFI
62:00:AB:94:B0:A9,OrangeGrovePT-Guest,[WPA2_PSK],2025-3-28 14:57:23,1,-84,34.0473824,-117.1697922,430.30,1.25,WIFI
2C:67:BE:02:16:0A,SpectrumSetup-1606,[WPA2_PSK],2025-3-28 14:57:23,1,-85,34.0473824,-117.1697922,430.30,1.25,WIFI
FC:12:63:F2:88:76,Verizon_TWS974,[WPA2_PSK],2025-3-28 14:57:23,1,-88,34.0473824,-117.1697922,430.30,1.25,WIFI
34:DB:9C:74:04:0E,MySpectrumWiFi08-2G,[WPA2_PSK],2025-3-28 14:57:31,6,-84,34.0471306,-117.1695633,432.70,1.25,WIFI
F0:B6:61:EC:C9:44,,[WPA3_PSK],2025-3-28 14:57:31,6,-84,34.0471306,-117.1695633,432.70,1.25,WIFI
A8:F7:D9:8A:04:21,Chase_Guest,[OPEN],2025-3-28 14:57:31,6,-91,34.0471306,-117.1695633,432.70,1.25,WIFI
A8:F7:D9:92:4C:61,Chase_Guest,[OPEN],2025-3-28 14:57:36,11,-72,34.0471916,-117.1693802,432.70,1.25,WIFI
16:36:C9:10:ED:A1,BCFitnessCafe,[WPA2_PSK],2025-3-28 14:57:36,11,-87,34.0471916,-117.1693802,432.70,1.25,WIFI
00:C8:96:CD:45:1A,,[WPA_WPA2_PSK],2025-3-28 14:57:36,11,-89,34.0471916,-117.1693802,432.70,1.25,WIFI
16:36:C9:10:EA:77,BCFitnessCafe,[WPA2_PSK],2025-3-28 14:57:36,11,-90,34.0471916,-117.1693802,432.70,1.25,WIFI
60:D5:61:03:F5:54,,[WPA2_PSK],2025-3-28 14:57:37,13,-93,34.0472145,-117.1693344,432.80,1.25,WIFI
A8:F7:D9:92:50:E1,Chase_Guest,[OPEN],2025-3-28 14:57:37,1,-67,34.0472145,-117.1693344,432.80,1.25,WIFI
FC:3F:A6:F7:36:83,,[WPA3_PSK],2025-3-28 14:57:37,1,-81,34.0472145,-117.1693344,432.80,1.25,WIFI
FC:3F:A6:F7:36:89,,[OPEN],2025-3-28 14:57:37,1,-81,34.0472145,-117.1693344,432.80,1.25,WIFI
FC:3F:A6:F7:36:86,JumboTron,[WPA2_PSK],2025-3-28 14:57:37,1,-81,34.0472145,-117.1693344,432.80,1.25,WIFI
4C:32:75:C4:C6:0A,Madison's Wi-Fi Network,[WPA2_PSK],2025-3-28 14:57:37,1,-84,34.0472145,-117.1693344,432.80,1.25,WIFI
D8:A7:56:72:5F:3E,MySpectrumWiFi38-2G,[WPA2_PSK],2025-3-28 14:57:37,1,-90,34.0472145,-117.1693344,432.80,1.25,WIFI
20:23:51:0E:6E:27,,[WPA2_PSK],2025-3-28 14:57:42,3,-82,34.0473175,-117.1692429,432.20,1.25,WIFI
2A:23:51:0E:6E:27,Ivans Internet ,[WPA2_PSK],2025-3-28 14:57:42,3,-85,34.0473175,-117.1692429,432.20,1.25,WIFI
20:23:51:0E:6E:22,Ivans Internet ,[WPA2_PSK],2025-3-28 14:57:42,3,-88,34.0473175,-117.1692429,432.20,1.25,WIFI
2E:23:51:0E:6B:7A,Ivans Internet ,[WPA2_PSK],2025-3-28 14:57:42,3,-89,34.0473175,-117.1692429,432.20,1.25,WIFI
2E:80:88:EE:74:3C,Halo Red,[WPA2_PSK],2025-3-28 14:57:42,3,-89,34.0473175,-117.1692429,432.20,1.25,WIFI
3C:7C:3F:A0:68:08,Frontier 8832,[WPA2_PSK],2025-3-28 14:57:43,4,-81,34.0473404,-117.1692505,431.80,1.25,WIFI
B0:FC:88:3D:CB:38,SpectrumSetup-32,[WPA2_PSK],2025-3-28 14:57:45,6,-86,34.0473862,-117.1692810,431.20,1.25,WIFI
02:17:1A:D4:EA:6C,,[WPA2_PSK],2025-3-28 14:57:45,6,-91,34.0473862,-117.1692810,431.20,1.25,WIFI
C4:3A:35:E7:0A:A9,DC_1719511360,[WPA2_PSK],2025-3-28 14:57:45,6,-92,34.0473862,-117.1692810,431.20,1.25,WIFI
20:23:51:0E:6B:7A,,[WPA2_PSK],2025-3-28 14:57:56,3,-86,34.0474510,-117.1693268,429.90,1.50,WIFI
26:23:51:0E:6E:22,,[WPA2_PSK],2025-3-28 14:57:56,3,-94,34.0474510,-117.1693268,429.90,1.50,WIFI
C8:D9:D2:4F:45:B4,DIRECT-B3-HP OfficeJet 3830,[WPA2_PSK],2025-3-28 14:57:57,4,-96,34.0474510,-117.1693268,429.90,1.50,WIFI
8C:90:2D:67:79:22,SpectrumSetup-92_EXT,[WPA2_PSK],2025-3-28 14:58:4,11,-93,34.0474548,-117.1693268,430.10,1.50,WIFI
44:AC:85:4C:8C:86,mjjrcj,[WPA2_PSK],2025-3-28 14:58:13,6,-87,34.0474586,-117.1693192,430.50,1.50,WIFI
44:AC:85:4C:8C:83,,[WPA3_PSK],2025-3-28 14:58:13,6,-87,34.0474586,-117.1693192,430.50,1.50,WIFI
44:AC:85:4C:8C:89,,[OPEN],2025-3-28 14:58:13,6,-87,34.0474586,-117.1693192,430.50,1.50,WIFI
28:BD:89:D4:F5:05,Homelink,[WPA2_WPA3_PSK],2025-3-28 14:58:18,11,-94,34.0474625,-117.1693192,430.60,1.25,WIFI
B2:4A:39:CF:DE:A6,,[OPEN],2025-3-28 14:58:24,3,-84,34.0474625,-117.1693192,430.90,1.25,WIFI
F0:7B:65:81:0A:99,OConnor5G,[WPA2_PSK],2025-3-28 14:58:27,6,-95,34.0474625,-117.1693192,431.10,1.25,WIFI
B0:E4:D5:22:74:30,Sidhant Nest,[WPA2_PSK],2025-3-28 14:58:27,6,-95,34.0474625,-117.1693192,431.10,1.25,WIFI
10:0C:6B:35:37:56,,[WPA2_PSK],2025-3-28 14:58:38,3,-93,34.0474625,-117.1693115,431.90,1.25,WIFI
16:0C:6B:35:37:56,ORBI74,[WPA2_PSK],2025-3-28 14:58:38,3,-93,34.0474625,-117.1693115,431.90,1.25,WIFI
B0:BB:E5:2B:D1:1E,SpectrumSetup-18,[WPA2_PSK],2025-3-28 14:58:51,1,-90,34.0474663,-117.1693115,432.30,1.25,WIFI
A0:55:1F:55:4D:D7,SpectrumSetup-4DD1,[WPA2_PSK],2025-3-28 14:58:51,1,-92,34.0474663,-117.1693115,432.30,1.25,WIFI
8E:53:E6:06:1C:3A,GreyThunder,[WPA2_PSK],2025-3-28 14:58:57,7,-85,34.0474701,-117.1693115,432.40,1.25,WIFI
A0:89:66:9E:B0:68,,[WPA_WPA2_PSK],2025-3-28 14:59:3,1,-89,34.0474777,-117.1693115,432.40,1.25,WIFI
84:A0:6E:D5:84:2E,Theyellowdoor-2G,[WPA2_PSK],2025-3-28 14:59:15,11,-89,34.0476151,-117.1694183,432.30,1.25,WIFI
3A:1A:52:54:C3:62,DIRECT-52544362,[WPA2_PSK],2025-3-28 14:59:17,1,-85,34.0476265,-117.1694870,432.20,1.25,WIFI
A0:F3:C1:CE:53:23,BUBBA,[WPA_WPA2_PSK],2025-3-28 14:59:17,1,-92,34.0476265,-117.1694870,432.20,1.25,WIFI
C0:18:03:E7:AC:35,DIRECT-34-HP DeskJet 3700 series,[WPA2_PSK],2025-3-28 14:59:24,6,-87,34.0474663,-117.1698380,431.40,1.25,WIFI
04:D4:C4:08:86:48,TheGoodInternet,[WPA2_PSK],2025-3-28 14:59:29,11,-88,34.0472565,-117.1698151,430.50,1.25,WIFI
2C:00:AB:9C:10:88,Frontier3920,[WPA2_PSK],2025-3-28 14:59:29,11,-91,34.0472565,-117.1698151,430.50,1.25,WIFI
88:57:1D:72:6E:72,[dryer] Samsung,[WPA2_PSK],2025-3-28 14:59:31,1,-89,34.0471382,-117.1697388,431.20,1.25,WIFI
F0:B6:61:EC:C9:4A,,[OPEN],2025-3-28 14:59:38,6,-69,34.0469818,-117.1696167,431.30,1.25,WIFI
F0:B6:61:EC:C9:47,HUNTERXHOUSE,[WPA2_PSK],2025-3-28 14:59:38,6,-71,34.0469818,-117.1696167,431.30,1.25,WIFI
E6:CB:BC:B7:3B:93,GRS,[WPA2_PSK],2025-3-28 14:59:38,6,-78,34.0469818,-117.1696167,431.30,1.25,WIFI
DE:CB:BC:B7:3B:93,,[WPA2_PSK],2025-3-28 14:59:38,6,-84,34.0469818,-117.1696167,431.30,1.25,WIFI
E8:9F:80:AD:E5:3A,Redlands laundromat,[WPA2_PSK],2025-3-28 14:59:41,9,-93,34.0469170,-117.1696167,430.90,1.25,WIFI
0E:36:C9:10:ED:A1,BikecoachSecure,[WPA2_PSK],2025-3-28 14:59:43,11,-78,34.0468521,-117.1696930,430.90,1.25,WIFI
0E:36:C9:10:EA:77,BikecoachSecure,[WPA2_PSK],2025-3-28 14:59:43,11,-79,34.0468521,-117.1696930,430.90,1.25,WIFI
40:2B:50:7E:E8:30,Frontier5648,[WPA2_PSK],2025-3-28 14:59:43,11,-84,34.0468521,-117.1696930,430.90,1.25,WIFI
16:36:C9:0F:0A:F9,BCFitnessCafe,[WPA2_PSK],2025-3-28 14:59:43,11,-85,34.0468521,-117.1696930,430.90,1.25,WIFI
0E:36:C9:0F:0A:F9,BikecoachSecure,[WPA2_PSK],2025-3-28 14:59:43,11,-88,34.0468521,-117.1696930,430.90,1.25,WIFI
CC:32:E5:EF:A1:D3,SpectrumSetup-20_EXT,[WPA_WPA2_PSK],2025-3-28 14:59:48,2,-84,34.0466003,-117.1701584,431.60,1.25,WIFI
E0:4F:43:BD:4D:59,H2O-e04f43bd4d59,[OPEN],2025-3-28 14:59:49,3,-86,34.0465355,-117.1702728,431.70,1.25,WIFI
F0:B6:61:E9:DD:24,,[WPA3_PSK],2025-3-28 14:59:52,6,-81,34.0463333,-117.1706390,432.20,1.25,WIFI
F0:B6:61:E9:DD:2A,,[OPEN],2025-3-28 14:59:52,6,-83,34.0463333,-117.1706390,432.20,1.25,WIFI
C0:6F:98:91:F8:49,,[OPEN],2025-3-28 14:59:52,6,-83,34.0463333,-117.1706390,432.20,1.25,WIFI
C0:6F:98:91:F8:46,bonniecosette,[WPA2_PSK],2025-3-28 14:59:52,6,-83,34.0463333,-117.1706390,432.20,1.25,WIFI
54:04:63:FA:82:10,,[WPA_WPA2_PSK],2025-3-28 14:59:52,6,-83,34.0463333,-117.1706390,432.20,1.25,WIFI
DC:69:B5:55:2F:46,Anderson,[WPA2_PSK],2025-3-28 14:59:52,6,-84,34.0463333,-117.1706390,432.20,1.25,WIFI
C0:6F:98:91:F8:43,,[WPA3_PSK],2025-3-28 14:59:52,6,-84,34.0463333,-117.1706390,432.20,1.25,WIFI
F0:B6:61:E9:DD:27,HUNTERXHOUSE,[WPA2_PSK],2025-3-28 14:59:52,6,-85,34.0463333,-117.1706390,432.20,1.25,WIFI
DC:69:B5:4E:70:66,Anderson,[WPA2_PSK],2025-3-28 14:59:52,6,-88,34.0463333,-117.1706390,432.20,1.25,WIFI
F0:B6:61:BE:BF:64,,[WPA3_PSK],2025-3-28 14:59:52,6,-88,34.0463333,-117.1706390,432.20,1.25,WIFI
F0:81:75:CF:7A:DE,TD5G,[WPA2_PSK],2025-3-28 14:59:52,6,-89,34.0463333,-117.1706390,432.20,1.25,WIFI
44:94:FC:53:22:D8,MySpectrumWiFi33-2G_EXT,[WPA2_PSK],2025-3-28 14:59:52,6,-92,34.0463333,-117.1706390,432.20,1.25,WIFI
D8:07:B6:54:41:6A,Scheirer-Mesh,[WPA2_PSK],2025-3-28 14:59:54,8,-71,34.0461884,-117.1709061,432.50,1.25,WIFI
D8:07:B6:54:3E:86,Scheirer-Mesh,[WPA2_PSK],2025-3-28 14:59:54,8,-85,34.0461884,-117.1709061,432.50,1.25,WIFI
D8:07:B6:54:41:52,Scheirer-Mesh,[WPA2_PSK],2025-3-28 14:59:54,8,-90,34.0461884,-117.1709061,432.50,1.25,WIFI
F2:A7:31:25:E3:B3,,[WPA2_PSK],2025-3-28 14:59:55,9,-70,34.0461159,-117.1710358,432.60,1.25,WIFI
F0:A7:31:75:E3:B3,a1b2c3d4,[WPA2_PSK],2025-3-28 14:59:55,9,-71,34.0461159,-117.1710358,432.60,1.25,WIFI
CC:28:AA:AA:B7:78,a1b2c3d4,[WPA2_PSK],2025-3-28 14:59:56,10,-81,34.0460396,-117.1711578,433.00,1.25,WIFI
CC:40:D0:F5:3E:64,NETGEAR29,[WPA2_PSK],2025-3-28 14:59:57,11,-62,34.0459671,-117.1712952,433.40,1.25,WIFI
60:F4:19:51:D3:E6,Frontier Vega,[WPA2_PSK],2025-3-28 14:59:57,11,-66,34.0459671,-117.1712952,433.40,1.25,WIFI
60:F4:19:51:D3:E9,,[OPEN],2025-3-28 14:59:57,11,-67,34.0459671,-117.1712952,433.40,1.25,WIFI
60:F4:19:51:D3:E3,,[WPA3_PSK],2025-3-28 14:59:57,11,-68,34.0459671,-117.1712952,433.40,1.25,WIFI
A0:40:A0:91:58:E2,NETGEAR98,[WPA2_PSK],2025-3-28 14:59:57,11,-88,34.0459671,-117.1712952,433.40,1.25,WIFI
00:68:EB:2B:5B:2F,DIRECT-2E-HP OfficeJet 3830,[WPA2_PSK],2025-3-28 14:59:57,11,-89,34.0459671,-117.1712952,433.40,1.25,WIFI
18:1B:EB:AF:E8:B3,YXPBL,[WPA2_PSK],2025-3-28 14:59:57,11,-91,34.0459671,-117.1712952,433.40,1.25,WIFI
34:53:D2:F2:E8:7E,SpectrumSetup-78,[WPA2_PSK],2025-3-28 15:0:0,1,-66,34.0457535,-117.1716995,435.30,1.25,WIFI
4C:19:5D:34:D2:3E,SpectrumSetup-38,[WPA2_PSK],2025-3-28 15:0:0,1,-79,34.0457535,-117.1716995,435.30,1.25,WIFI
A4:97:33:69:41:DE,SpectrumSetup-E0,[WPA2_PSK],2025-3-28 15:0:0,1,-87,34.0457535,-117.1716995,435.30,1.25,WIFI
CC:F4:11:06:89:3B,RBW-MESH,[WPA2_PSK],2025-3-28 15:0:0,1,-93,34.0457535,-117.1716995,435.30,1.25,WIFI
24:4B:FE:B2:1D:91,MDM_mesh,[WPA2_PSK],2025-3-28 15:0:3,3,-64,34.0455399,-117.1720810,435.90,1.25,WIFI
24:4B:FE:B2:1D:A1,MDM_mesh,[WPA2_PSK],2025-3-28 15:0:3,3,-82,34.0455399,-117.1720810,435.90,1.25,WIFI
24:4B:FE:B2:1D:80,MDM_mesh,[WPA2_PSK],2025-3-28 15:0:3,3,-87,34.0455399,-117.1720810,435.90,1.25,WIFI
F8:F5:32:BA:A9:F0,Frontier9968,[WPA2_PSK],2025-3-28 15:0:6,6,-69,34.0453377,-117.1724472,436.30,1.25,WIFI
B0:FC:88:7E:62:B7,SpectrumSetup-B1,[WPA2_PSK],2025-3-28 15:0:6,6,-70,34.0453377,-117.1724472,436.30,1.25,WIFI
4C:19:5D:B2:17:CF,SpectrumSetup-C9,[WPA2_PSK],2025-3-28 15:0:6,6,-87,34.0453377,-117.1724472,436.30,1.25,WIFI
88:DE:7C:32:BF:F1,SpectrumSetup-F3,[WPA2_PSK],2025-3-28 15:0:6,6,-87,34.0453377,-117.1724472,436.30,1.25,WIFI
E8:D2:FF:B2:E0:A6,SpectrumSetup-A0,[WPA2_PSK],2025-3-28 15:0:6,6,-90,34.0453377,-117.1724472,436.30,1.25,WIFI
5C:FA:25:DA:25:B1,Scheirer Spectrum,[WPA2_PSK],2025-3-28 15:0:6,6,-92,34.0453377,-117.1724472,436.30,1.25,WIFI
F8:5B:3B:82:AD:BB,SpectrumSetup-BD,[WPA2_PSK],2025-3-28 15:0:11,11,-68,34.0449791,-117.1730957,435.90,1.25,WIFI
74:37:5F:70:0A:AB,SpectrumSetup-A9,[WPA2_PSK],2025-3-28 15:0:11,11,-74,34.0449791,-117.1730957,435.90,1.25,WIFI
C0:3C:04:A8:E7:25,SpectrumSetup-1F,[WPA2_PSK],2025-3-28 15:0:11,11,-75,34.0449791,-117.1730957,435.90,1.25,WIFI
34:53:D2:BF:A5:0D,SpectrumSetup-07,[WPA2_PSK],2025-3-28 15:0:11,11,-78,34.0449791,-117.1730957,435.90,1.25,WIFI
94:18:65:2E:71:8E,Tesser,[WPA2_PSK],2025-3-28 15:0:11,11,-80,34.0449791,-117.1730957,435.90,1.25,WIFI
F0:81:75:F8:B9:CE,SpectrumSetup-C8,[WPA2_PSK],2025-3-28 15:0:11,11,-81,34.0449791,-117.1730957,435.90,1.25,WIFI
A0:89:66:94:7B:F0,,[WPA_WPA2_PSK],2025-3-28 15:0:11,11,-83,34.0449791,-117.1730957,435.90,1.25,WIFI
20:9A:7D:F8:54:1E,SpectrumSetup-18,[WPA2_PSK],2025-3-28 15:0:11,11,-88,34.0449791,-117.1730957,435.90,1.25,WIFI
62:3A:1E:2E:96:47,HGmdm,[WPA2_PSK],2025-3-28 15:0:11,11,-90,34.0449791,-117.1730957,435.90,1.25,WIFI
66:3A:1E:2E:96:47,IDCA,[WPA2_PSK],2025-3-28 15:0:11,11,-91,34.0449791,-117.1730957,435.90,1.25,WIFI
6E:3A:1E:2E:96:47,HGguest,[OPEN],2025-3-28 15:0:11,11,-92,34.0449791,-117.1730957,435.90,1.25,WIFI
4C:AB:F8:34:58:B9,SpectrumSetup-E8,[WPA2_PSK],2025-3-28 15:0:12,1,-82,34.0449066,-117.1732254,435.90,1.25,WIFI
B0:92:4A:75:4E:26,TMOBILE-4E21,[WPA2_WPA3_PSK],2025-3-28 15:0:12,1,-83,34.0449066,-117.1732254,435.90,1.25,WIFI
B6:92:4A:75:4E:26,printer,[WPA_WPA2_PSK],2025-3-28 15:0:12,1,-83,34.0449066,-117.1732254,435.90,1.25,WIFI
7C:DB:98:6B:BF:61,Whitlock,[WPA2_PSK],2025-3-28 15:0:12,1,-86,34.0449066,-117.1732254,435.90,1.25,WIFI
88:57:1D:CC:D0:7A,[range]_E30AJT7113236V,[WPA2_PSK],2025-3-28 15:0:12,1,-87,34.0449066,-117.1732254,435.90,1.25,WIFI
AE:AE:19:B9:54:9A,,[WPA2_PSK],2025-3-28 15:0:12,1,-88,34.0449066,-117.1732254,435.90,1.25,WIFI
B0:FC:88:71:9F:0C,SpectrumSetup-06,[WPA2_PSK],2025-3-28 15:0:12,1,-90,34.0449066,-117.1732254,435.90,1.25,WIFI
5E:62:8B:2E:D9:7E,DecoTPLink,[WPA2_PSK],2025-3-28 15:0:16,2,-79,34.0446320,-117.1737137,435.20,1.25,WIFI
5C:62:8B:AE:D9:7E,,[WPA_WPA2_PSK],2025-3-28 15:0:16,2,-83,34.0446320,-117.1737137,435.20,1.25,WIFI
5C:62:8B:AE:D9:8E,,[WPA_WPA2_PSK],2025-3-28 15:0:16,2,-90,34.0446320,-117.1737137,435.20,1.25,WIFI
96:57:A5:09:FC:A2,DIRECT-A2-HP ENVY Photo 7100,[WPA2_PSK],2025-3-28 15:0:20,6,-79,34.0444870,-117.1739655,434.30,1.25,WIFI
00:AB:48:86:B5:47,,[OPEN],2025-3-28 15:0:20,6,-80,34.0444870,-117.1739655,434.30,1.25,WIFI
00:AB:48:86:B5:43,,[WPA3_PSK],2025-3-28 15:0:20,6,-80,34.0444870,-117.1739655,434.30,1.25,WIFI
00:AB:48:86:B5:45,Taxgirls,[WPA2_PSK],2025-3-28 15:0:20,6,-80,34.0444870,-117.1739655,434.30,1.25,WIFI
74:93:DA:0F:71:09,Don,[WPA2_PSK],2025-3-28 15:0:20,6,-84,34.0444870,-117.1739655,434.30,1.25,WIFI
30:F7:72:96:05:6D,MBevins,[WPA2_PSK],2025-3-28 15:0:22,8,-91,34.0444794,-117.1739807,434.20,1.25,WIFI
D2:19:21:E2:CC:2F,,[WPA2_PSK],2025-3-28 15:0:23,9,-94,34.0444756,-117.1739883,434.30,1.25,WIFI
DC:69:B5:ED:90:43,,[WPA3_PSK],2025-3-28 15:0:25,11,-79,34.0444412,-117.1740494,434.50,1.25,WIFI
88:67:46:79:D6:A6,skip,[WPA2_PSK],2025-3-28 15:0:25,11,-80,34.0444412,-117.1740494,434.50,1.25,WIFI
88:67:46:79:D6:A3,,[WPA3_PSK],2025-3-28 15:0:25,11,-81,34.0444412,-117.1740494,434.50,1.25,WIFI
DC:69:B5:ED:90:46,skip,[WPA2_PSK],2025-3-28 15:0:25,11,-81,34.0444412,-117.1740494,434.50,1.25,WIFI
88:67:46:79:D6:A9,,[OPEN],2025-3-28 15:0:25,11,-82,34.0444412,-117.1740494,434.50,1.25,WIFI
AC:3B:77:1C:DF:40,MySpectrumWiFi3a-2G,[WPA2_PSK],2025-3-28 15:0:25,11,-90,34.0444412,-117.1740494,434.50,1.25,WIFI
C4:EB:39:7B:51:81,Frontier0457,[OPEN],2025-3-28 15:0:25,11,-91,34.0444412,-117.1740494,434.50,1.25,WIFI
9C:C8:FC:11:2B:88,Frontier5936,[WPA2_PSK],2025-3-28 15:0:25,11,-92,34.0444412,-117.1740494,434.50,1.25,WIFI
0C:80:63:65:52:A3,summandrew,[WPA_WPA2_PSK],2025-3-28 15:0:25,11,-93,34.0444412,-117.1740494,434.50,1.25,WIFI
E8:AD:A6:5F:DA:2E,MySpectrumWiFi28-2G,[WPA2_PSK],2025-3-28 15:0:28,1,-80,34.0443192,-117.1742783,434.40,1.25,WIFI
80:78:71:49:B9:99,SpectrumSetup-9B,[WPA2_PSK],2025-3-28 15:0:28,1,-84,34.0443192,-117.1742783,434.40,1.25,WIFI
5E:62:8B:2E:D9:8E,DecoTPLink,[WPA2_PSK],2025-3-28 15:0:30,2,-82,34.0442009,-117.1744843,434.30,1.25,WIFI
C4:A8:16:41:5C:05,,[WPA3_PSK],2025-3-28 15:0:34,6,-78,34.0439453,-117.1749496,433.50,1.25,WIFI
C4:A8:16:41:5C:0B,,[OPEN],2025-3-28 15:0:34,6,-78,34.0439453,-117.1749496,433.50,1.25,WIFI
C4:A8:16:41:5C:08,825 Casa Banyan,[WPA2_PSK],2025-3-28 15:0:34,6,-78,34.0439453,-117.1749496,433.50,1.25,WIFI
4C:19:5D:0C:3D:5C,SpectrumSetup-56,[WPA2_PSK],2025-3-28 15:0:34,6,-82,34.0439453,-117.1749496,433.50,1.25,WIFI
84:1E:A3:31:F4:06,SpectrumSetup-00,[WPA2_PSK],2025-3-28 15:0:34,6,-91,34.0439453,-117.1749496,433.50,1.25,WIFI
04:D4:C4:46:C8:00,RT-AC66U_B1_00_2G,[WPA2_PSK],2025-3-28 15:0:37,8,-89,34.0437279,-117.1753464,433.30,1.25,WIFI
E0:E1:A9:20:F6:EB,Frontier1968-2G,[WPA2_PSK],2025-3-28 15:0:44,1,-82,34.0432243,-117.1762695,432.70,1.25,WIFI
40:2B:50:7E:B0:E8,Frontier1488,[WPA2_PSK],2025-3-28 15:0:44,1,-94,34.0432243,-117.1762695,432.70,1.25,WIFI
A8:03:2A:F9:EF:69,Traeger-EF69,[WPA2_PSK],2025-3-28 15:0:48,5,-85,34.0429115,-117.1768341,431.80,1.25,WIFI
86:69:1A:B8:78:13,,[WPA2_PSK],2025-3-28 15:0:48,5,-93,34.0429115,-117.1768341,431.80,1.25,WIFI
78:D6:D6:5A:01:C3,,[WPA3_PSK],2025-3-28 15:0:49,6,-73,34.0428352,-117.1769791,431.60,1.25,WIFI
78:D6:D6:5A:01:C5,WeeFee,[WPA2_PSK],2025-3-28 15:0:49,6,-80,34.0428352,-117.1769791,431.60,1.25,WIFI
AA:B1:3B:22:99:A8,DIRECT-A8-HP OfficeJet Pro 8020,[WPA2_PSK],2025-3-28 15:0:49,6,-82,34.0428352,-117.1769791,431.60,1.25,WIFI
5C:FA:25:D5:D1:F4,SpectrumSetup-EE,[WPA2_PSK],2025-3-28 15:0:49,6,-86,34.0428352,-117.1769791,431.60,1.25,WIFI
FC:3F:A6:F7:A1:C6,Helen,[WPA2_PSK],2025-3-28 15:0:49,6,-86,34.0428352,-117.1769791,431.60,1.25,WIFI
30:FD:38:F0:84:82,casadobe,[WPA2_PSK],2025-3-28 15:0:49,6,-90,34.0428352,-117.1769791,431.60,1.25,WIFI
34:53:D2:BB:06:C8,SpectrumSetup-C2,[WPA2_PSK],2025-3-28 15:0:49,6,-91,34.0428352,-117.1769791,431.60,1.25,WIFI
B0:2A:43:E4:61:B8,casadobe,[WPA2_PSK],2025-3-28 15:0:49,6,-94,34.0428352,-117.1769791,431.60,1.25,WIFI
E8:9F:80:5B:76:C4,dodgers,[WPA2_PSK],2025-3-28 15:0:49,7,-87,34.0428352,-117.1769791,431.60,1.25,WIFI
E8:AD:A6:54:05:D6,The Estate-2G,[WPA2_PSK],2025-3-28 15:0:51,8,-94,34.0426865,-117.1772537,431.10,1.25,WIFI
DE:EC:5E:48:2F:9C,,[WPA2_PSK],2025-3-28 15:0:52,9,-92,34.0426102,-117.1773911,430.90,1.25,WIFI
E8:9F:80:5B:78:36,dodgers,[WPA2_PSK],2025-3-28 15:0:53,10,-85,34.0425377,-117.1775284,430.70,1.25,WIFI
EE:9F:80:5B:78:36,,[WPA2_PSK],2025-3-28 15:0:53,10,-87,34.0425377,-117.1775284,430.70,1.25,WIFI
F0:B6:61:19:D7:A7,Doris,[WPA2_PSK],2025-3-28 15:0:53,11,-70,34.0425377,-117.1775284,430.70,1.25,WIFI
F0:B6:61:19:D7:A4,,[WPA3_PSK],2025-3-28 15:0:53,11,-71,34.0425377,-117.1775284,430.70,1.25,WIFI
F0:B6:61:19:D7:AA,,[OPEN],2025-3-28 15:0:53,11,-72,34.0425377,-117.1775284,430.70,1.25,WIFI
88:DE:7C:32:FF:F9,SpectrumSetup-FB,[WPA2_PSK],2025-3-28 15:0:53,11,-78,34.0425377,-117.1775284,430.70,1.25,WIFI
D0:6D:C9:32:7B:16,Frontier0717,[WPA2_PSK],2025-3-28 15:0:53,11,-79,34.0425377,-117.1775284,430.70,1.25,WIFI
2A:A4:3C:4F:5E:EF,NE146T9,[WPA_WPA2_PSK],2025-3-28 15:0:53,11,-86,34.0425377,-117.1775284,430.70,1.25,WIFI
DE:EC:5E:48:30:19,,[WPA2_PSK],2025-3-28 15:0:53,11,-94,34.0425377,-117.1775284,430.70,1.25,WIFI
80:69:1A:B8:4D:E7,H Network,[WPA2_PSK],2025-3-28 15:0:58,1,-66,34.0421410,-117.1782227,429.60,1.25,WIFI
F4:05:95:9F:17:55,SpectrumSetup-4F,[WPA2_PSK],2025-3-28 15:0:58,1,-68,34.0421410,-117.1782227,429.60,1.25,WIFI
86:69:1A:B8:4D:E7,,[WPA2_PSK],2025-3-28 15:0:58,1,-72,34.0421410,-117.1782227,429.60,1.25,WIFI
52:81:40:E3:31:77,DIRECT-77-HP M29 LaserJet,[WPA2_PSK],2025-3-28 15:0:58,1,-74,34.0421410,-117.1782227,429.60,1.25,WIFI
54:04:63:C8:48:11,,[WPA_WPA2_PSK],2025-3-28 15:0:58,1,-78,34.0421410,-117.1782227,429.60,1.25,WIFI
1C:BF:CE:33:64:8C,SpectrumSetup-80-pro,[WPA2_PSK],2025-3-28 15:0:58,1,-82,34.0421410,-117.1782227,429.60,1.25,WIFI
60:57:47:9C:97:BE,,[WPA_WPA2_PSK],2025-3-28 15:0:58,1,-86,34.0421410,-117.1782227,429.60,1.25,WIFI
C0:A0:0D:64:4B:F8,Frontier7200,[WPA2_PSK],2025-3-28 15:0:58,1,-87,34.0421410,-117.1782227,429.60,1.25,WIFI
1A:53:D2:26:69:81,SpectrumSetup-80,[WPA2_PSK],2025-3-28 15:0:58,1,-91,34.0421410,-117.1782227,429.60,1.25,WIFI
B0:92:4A:6E:82:66,TMOBILE-8261,[WPA2_WPA3_PSK],2025-3-28 15:0:58,1,-91,34.0421410,-117.1782227,429.60,1.25,WIFI
78:21:84:67:D1:09,ModernFormsFan_67D108,[WPA2_PSK],2025-3-28 15:0:58,1,-92,34.0421410,-117.1782227,429.60,1.25,WIFI
E8:9F:80:5B:76:EC,dodgers,[WPA2_PSK],2025-3-28 15:0:58,1,-93,34.0421410,-117.1782227,429.60,1.25,WIFI
30:60:0A:25:24:54,,[WPA_WPA2_PSK],2025-3-28 15:0:58,2,-66,34.0421410,-117.1782227,429.60,1.25,WIFI
4A:ED:00:6D:FA:72,,[WPA2_PSK],2025-3-28 15:1:1,4,-88,34.0419044,-117.1786575,429.60,1.25,WIFI
9C:0B:05:6B:E6:EA,,[OPEN],2025-3-28 15:1:3,6,-79,34.0417404,-117.1789474,429.80,1.25,WIFI
9C:0B:05:6B:E6:E7,MartinWifi,[WPA2_PSK],2025-3-28 15:1:3,6,-79,34.0417404,-117.1789474,429.80,1.25,WIFI
9C:0B:05:6B:E6:E4,,[WPA3_PSK],2025-3-28 15:1:3,6,-80,34.0417404,-117.1789474,429.80,1.25,WIFI
D0:16:7C:23:CB:D2,,[WPA3_PSK],2025-3-28 15:1:3,6,-82,34.0417404,-117.1789474,429.80,1.25,WIFI
9C:0B:05:70:DE:84,,[WPA3_PSK],2025-3-28 15:1:3,6,-82,34.0417404,-117.1789474,429.80,1.25,WIFI
D0:16:7C:23:CB:D6,,[OPEN],2025-3-28 15:1:3,6,-83,34.0417404,-117.1789474,429.80,1.25,WIFI
9C:0B:05:70:DE:8A,,[OPEN],2025-3-28 15:1:3,6,-83,34.0417404,-117.1789474,429.80,1.25,WIFI
9C:0B:05:70:DE:87,MartinWifi,[WPA2_PSK],2025-3-28 15:1:3,6,-83,34.0417404,-117.1789474,429.80,1.25,WIFI
D0:16:7C:23:CB:D4,BlackBelt,[WPA2_PSK],2025-3-28 15:1:3,6,-84,34.0417404,-117.1789474,429.80,1.25,WIFI
08:F0:1E:F0:D9:63,,[WPA3_PSK],2025-3-28 15:1:3,6,-85,34.0417404,-117.1789474,429.80,1.25,WIFI
D0:16:7C:23:8F:A4,BlackBelt,[WPA2_PSK],2025-3-28 15:1:3,6,-86,34.0417404,-117.1789474,429.80,1.25,WIFI
08:F0:1E:F0:D9:69,,[OPEN],2025-3-28 15:1:3,6,-86,34.0417404,-117.1789474,429.80,1.25,WIFI
08:F0:1E:F0:D9:66,Pretty Fly for a Wi-Fi,[WPA2_PSK],2025-3-28 15:1:3,6,-86,34.0417404,-117.1789474,429.80,1.25,WIFI
98:1E:19:60:E1:86,MySpectrumWiFi80-2G,[WPA_WPA2_PSK],2025-3-28 15:1:3,6,-90,34.0417404,-117.1789474,429.80,1.25,WIFI
D2:21:F9:AD:81:01,,[WPA2_PSK],2025-3-28 15:1:3,6,-91,34.0417404,-117.1789474,429.80,1.25,WIFI
6A:47:32:DB:27:10,,[WPA2_PSK],2025-3-28 15:1:6,8,-93,34.0414963,-117.1793823,429.80,1.25,WIFI
CA:6E:84:8B:75:CF,,[WPA2_PSK],2025-3-28 15:1:8,10,-82,34.0413322,-117.1796875,429.70,1.25,WIFI
24:E5:0F:2B:2C:22,Affengeil,[WPA2_PSK],2025-3-28 15:1:9,11,-69,34.0412483,-117.1798325,429.60,1.25,WIFI
78:76:89:38:80:EA,,[OPEN],2025-3-28 15:1:9,11,-76,34.0412483,-117.1798325,429.60,1.25,WIFI
78:76:89:38:80:E7,Harker1,[WPA2_PSK],2025-3-28 15:1:9,11,-76,34.0412483,-117.1798325,429.60,1.25,WIFI
78:76:89:38:80:E4,,[WPA3_PSK],2025-3-28 15:1:9,11,-77,34.0412483,-117.1798325,429.60,1.25,WIFI
24:94:CB:1A:C6:98,Frontier9360,[WPA2_PSK],2025-3-28 15:1:9,11,-85,34.0412483,-117.1798325,429.60,1.25,WIFI
F8:5B:3B:7D:8A:A1,SpectrumSetup-A3,[WPA2_PSK],2025-3-28 15:1:9,11,-85,34.0412483,-117.1798325,429.60,1.25,WIFI
D4:3F:32:96:5E:63,,[WPA3_PSK],2025-3-28 15:1:12,1,-76,34.0410042,-117.1802826,429.30,1.25,WIFI
F8:5B:3B:3B:FE:0D,SpectrumSetup-0F,[WPA2_PSK],2025-3-28 15:1:12,1,-77,34.0410042,-117.1802826,429.30,1.25,WIFI
D4:3F:32:96:5E:69,,[OPEN],2025-3-28 15:1:12,1,-77,34.0410042,-117.1802826,429.30,1.25,WIFI
D4:3F:32:96:5E:66,Small Wonder24,[WPA2_WPA3_PSK],2025-3-28 15:1:12,1,-77,34.0410042,-117.1802826,429.30,1.25,WIFI
D4:3F:32:96:5E:6F,Small Wonder5,[WPA2_WPA3_PSK],2025-3-28 15:1:12,1,-78,34.0410042,-117.1802826,429.30,1.25,WIFI
80:37:73:CA:43:AB,EX6100_NETGEAR_2GEXT,[OPEN],2025-3-28 15:1:12,1,-86,34.0410042,-117.1802826,429.30,1.25,WIFI
60:5F:8D:04:21:89,,[OPEN],2025-3-28 15:1:12,1,-87,34.0410042,-117.1802826,429.30,1.25,WIFI
60:5F:8D:04:21:83,,[WPA3_PSK],2025-3-28 15:1:12,1,-89,34.0410042,-117.1802826,429.30,1.25,WIFI
60:5F:8D:04:21:86,Small Wonder24,[WPA2_WPA3_PSK],2025-3-28 15:1:12,1,-89,34.0410042,-117.1802826,429.30,1.25,WIFI
2C:67:BE:13:00:87,SpectrumSetup-0083,[WPA2_PSK],2025-3-28 15:1:12,1,-91,34.0410042,-117.1802826,429.30,1.25,WIFI
70:5A:0F:7B:C6:9A,DIRECT-99-HP Officejet 5740,[WPA2_PSK],2025-3-28 15:1:15,3,-72,34.0407753,-117.1807022,428.80,1.25,WIFI
A0:04:60:CB:68:7D,NETGEAR72,[WPA2_PSK],2025-3-28 15:1:15,3,-77,34.0407753,-117.1807022,428.80,1.25,WIFI
2E:AC:CC:B7:BF:3D,Carrie’s Phone,[WPA2_PSK],2025-3-28 15:1:17,5,-90,34.0406494,-117.1809311,428.40,1.25,WIFI
C4:A8:16:37:1E:85,,[WPA3_PSK],2025-3-28 15:1:18,6,-79,34.0405998,-117.1810226,428.30,1.25,WIFI
C4:A8:16:37:1E:8B,,[OPEN],2025-3-28 15:1:18,6,-79,34.0405998,-117.1810226,428.30,1.25,WIFI
C4:A8:16:36:8D:11,Angus Wifi Guest,[WPA2_PSK],2025-3-28 15:1:18,6,-80,34.0405998,-117.1810226,428.30,1.25,WIFI
3A:22:E2:A5:A2:18,DIRECT-18-HP ENVY Photo 7100,[WPA2_PSK],2025-3-28 15:1:18,6,-81,34.0405998,-117.1810226,428.30,1.25,WIFI
D4:3F:32:F2:CC:83,,[WPA3_PSK],2025-3-28 15:1:18,6,-85,34.0405998,-117.1810226,428.30,1.25,WIFI
D4:3F:32:F2:CC:89,,[OPEN],2025-3-28 15:1:18,6,-85,34.0405998,-117.1810226,428.30,1.25,WIFI
D4:3F:32:F2:CC:86,Eero,[WPA2_PSK],2025-3-28 15:1:18,6,-86,34.0405998,-117.1810226,428.30,1.25,WIFI
B0:BB:E5:2E:88:7E,SpectrumSetup-78,[WPA2_PSK],2025-3-28 15:1:18,6,-94,34.0405998,-117.1810226,428.30,1.25,WIFI
06:17:1A:D5:CC:54,,[WPA2_PSK],2025-3-28 15:1:18,6,-96,34.0405998,-117.1810226,428.30,1.25,WIFI
3A:98:B5:AF:4E:0C,ORBI12,[WPA2_PSK],2025-3-28 15:1:21,9,-70,34.0405083,-117.1811829,428.10,1.25,WIFI
34:98:B5:AF:4E:0C,,[WPA2_PSK],2025-3-28 15:1:21,9,-70,34.0405083,-117.1811829,428.10,1.25,WIFI
3E:98:B5:AF:4E:0C,ORBI12-Guest,[WPA2_PSK],2025-3-28 15:1:21,9,-71,34.0405083,-117.1811829,428.10,1.25,WIFI
3A:98:B5:AF:3C:04,ORBI12,[WPA2_PSK],2025-3-28 15:1:21,9,-79,34.0405083,-117.1811829,428.10,1.25,WIFI
34:98:B5:AF:3C:04,,[WPA2_PSK],2025-3-28 15:1:21,9,-81,34.0405083,-117.1811829,428.10,1.25,WIFI
3A:98:B5:AD:42:9B,ORBI12,[WPA2_PSK],2025-3-28 15:1:21,9,-82,34.0405083,-117.1811829,428.10,1.25,WIFI
3E:98:B5:AF:3C:04,ORBI12-Guest,[WPA2_PSK],2025-3-28 15:1:21,9,-82,34.0405083,-117.1811829,428.10,1.25,WIFI
B0:7F:B9:85:72:34,NETGEAR50,[WPA2_PSK],2025-3-28 15:1:23,11,-64,34.0405006,-117.1812057,428.10,1.25,WIFI
C8:A7:0A:8D:21:EE,FiOS-Y1SMV,[WPA2_PSK],2025-3-28 15:1:23,11,-78,34.0405006,-117.1812057,428.10,1.25,WIFI
88:DE:7C:96:9D:4D,SpectrumSetup-4F,[WPA2_PSK],2025-3-28 15:1:23,11,-84,34.0405006,-117.1812057,428.10,1.25,WIFI
84:A0:6E:BD:B2:5E,MySpectrumWiFi58-2G,[WPA2_PSK],2025-3-28 15:1:23,11,-91,34.0405006,-117.1812057,428.10,1.25,WIFI
A0:63:91:27:CF:D5,MyCharterWiFid5-2G,[WPA2_PSK],2025-3-28 15:1:23,11,-92,34.0405006,-117.1812057,428.10,1.25,WIFI
54:04:63:FB:06:80,,[WPA_WPA2_PSK],2025-3-28 15:1:26,1,-75,34.0405006,-117.1812057,428.10,1.50,WIFI
14:C0:3E:EB:E4:B8,Frontier3248,[WPA2_PSK],2025-3-28 15:1:26,1,-81,34.0405006,-117.1812057,428.10,1.50,WIFI
D4:3F:32:90:6D:C3,,[WPA3_PSK],2025-3-28 15:1:26,1,-81,34.0405006,-117.1812057,428.10,1.50,WIFI
D4:3F:32:90:6D:C9,,[OPEN],2025-3-28 15:1:26,1,-81,34.0405006,-117.1812057,428.10,1.50,WIFI
28:EC:22:26:50:C6,McClureWifi,[WPA2_PSK],2025-3-28 15:1:26,1,-82,34.0405006,-117.1812057,428.10,1.50,WIFI
D4:3F:32:90:6D:C6,McClureWifi,[WPA2_PSK],2025-3-28 15:1:26,1,-83,34.0405006,-117.1812057,428.10,1.50,WIFI
28:EC:22:26:50:C3,,[WPA3_PSK],2025-3-28 15:1:26,1,-83,34.0405006,-117.1812057,428.10,1.50,WIFI
28:EC:22:26:50:C9,,[OPEN],2025-3-28 15:1:26,1,-83,34.0405006,-117.1812057,428.10,1.50,WIFI
D0:6D:C9:33:61:76,Frontier1665,[WPA2_PSK],2025-3-28 15:1:26,1,-85,34.0405006,-117.1812057,428.10,1.50,WIFI
D4:3F:32:91:EB:C9,,[OPEN],2025-3-28 15:1:26,1,-86,34.0405006,-117.1812057,428.10,1.50,WIFI
3C:52:A1:20:47:94,Frontier9104_EXT,[WPA2_PSK],2025-3-28 15:1:26,1,-87,34.0405006,-117.1812057,428.10,1.50,WIFI
EA:63:DA:A7:0F:5F,,[WPA2_PSK],2025-3-28 15:1:26,1,-90,34.0405006,-117.1812057,428.10,1.50,WIFI
72:CD:D6:F7:A4:51,,[WPA2_PSK],2025-3-28 15:1:29,3,-88,34.0404778,-117.1812515,427.80,1.50,WIFI
6C:CD:D6:F7:A4:51,Weis Manor,[WPA2_PSK],2025-3-28 15:1:29,3,-90,34.0404778,-117.1812515,427.80,1.50,WIFI
FA:8F:CA:50:43:95,MagniFi Mini AX-8186.l062_,[OPEN],2025-3-28 15:1:32,6,-82,34.0403748,-117.1814346,427.30,1.25,WIFI
78:76:89:D6:83:A4,Eero,[WPA2_PSK],2025-3-28 15:1:32,6,-83,34.0403748,-117.1814346,427.30,1.25,WIFI
78:76:89:D6:83:A6,,[OPEN],2025-3-28 15:1:32,6,-84,34.0403748,-117.1814346,427.30,1.25,WIFI
A4:97:33:B4:12:A5,220516UH,[WPA2_PSK],2025-3-28 15:1:32,6,-86,34.0403748,-117.1814346,427.30,1.25,WIFI
C4:A8:16:37:1E:91,Angus Wifi Guest,[WPA2_PSK],2025-3-28 15:1:32,6,-87,34.0403748,-117.1814346,427.30,1.25,WIFI
C8:C6:FE:68:B8:66,Airport_Jones,[WPA2_PSK],2025-3-28 15:1:32,6,-87,34.0403748,-117.1814346,427.30,1.25,WIFI
C8:C6:FE:68:B8:63,,[WPA3_PSK],2025-3-28 15:1:32,6,-89,34.0403748,-117.1814346,427.30,1.25,WIFI
FC:B2:D6:C7:38:04,,[WPA_WPA2_PSK],2025-3-28 15:1:33,7,-92,34.0403290,-117.1815262,427.10,1.25,WIFI
3E:98:B5:AD:42:9B,ORBI12-Guest,[WPA2_PSK],2025-3-28 15:1:35,9,-74,34.0402107,-117.1817245,427.10,1.25,WIFI
34:98:B5:AD:42:9B,,[WPA2_PSK],2025-3-28 15:1:35,9,-78,34.0402107,-117.1817245,427.10,1.25,WIFI
94:10:3E:CA:C3:AE,Linksys Extender Setup,[OPEN],2025-3-28 15:1:37,11,-85,34.0400848,-117.1819534,427.20,1.25,WIFI
78:45:58:87:8B:A8,PlateCarree,[WPA3_PSK],2025-3-28 15:1:37,11,-93,34.0400848,-117.1819534,427.20,1.25,WIFI
7E:45:58:87:8B:A8,PlateCarre-IoT,[WPA2_PSK],2025-3-28 15:1:37,11,-94,34.0400848,-117.1819534,427.20,1.25,WIFI
16:22:3B:02:1C:F9,FIN-guest,[WPA2_PSK],2025-3-28 15:1:37,11,-95,34.0400848,-117.1819534,427.20,1.25,WIFI
F8:AA:3F:E9:33:2B,SpectrumSetup-29,[WPA2_PSK],2025-3-28 15:1:39,1,-74,34.0399513,-117.1821899,427.10,1.25,WIFI
08:7B:12:4A:F7:8D,RaiderNation4Life,[WPA2_PSK],2025-3-28 15:1:39,1,-75,34.0399513,-117.1821899,427.10,1.25,WIFI
16:7B:12:4A:F7:8E,,[WPA2_PSK],2025-3-28 15:1:39,1,-76,34.0399513,-117.1821899,427.10,1.25,WIFI
16:7B:12:4A:F7:8F,,[WPA2_PSK],2025-3-28 15:1:39,1,-78,34.0399513,-117.1821899,427.10,1.25,WIFI
FA:1A:2B:26:D0:14,FIN-guest,[WPA2_PSK],2025-3-28 15:1:39,1,-81,34.0399513,-117.1821899,427.10,1.25,WIFI
F8:1A:2B:26:D0:14,FIN,[WPA2_PSK],2025-3-28 15:1:39,1,-83,34.0399513,-117.1821899,427.10,1.25,WIFI
E0:63:DA:AD:7F:D8,Flanclan,[WPA2_PSK],2025-3-28 15:1:39,1,-83,34.0399513,-117.1821899,427.10,1.25,WIFI
C8:63:FC:62:C5:D8,Frontier9104,[WPA2_PSK],2025-3-28 15:1:39,1,-88,34.0399513,-117.1821899,427.10,1.25,WIFI
1E:F2:9A:E1:B2:48,FIN-guest,[WPA2_PSK],2025-3-28 15:1:39,1,-88,34.0399513,-117.1821899,427.10,1.25,WIFI
64:67:72:45:0B:16,TMOBILE-0B14,[WPA2_WPA3_PSK],2025-3-28 15:1:39,1,-88,34.0399513,-117.1821899,427.10,1.25,WIFI
1C:F2:9A:E1:B2:4A,FIN,[WPA2_PSK],2025-3-28 15:1:39,1,-89,34.0399513,-117.1821899,427.10,1.25,WIFI
72:CD:D6:FD:73:77,Weis Manor,[WPA2_PSK],2025-3-28 15:1:44,3,-85,34.0396004,-117.1828079,426.80,1.25,WIFI
6C:CD:D6:FD:73:77,,[WPA2_PSK],2025-3-28 15:1:44,3,-87,34.0396004,-117.1828079,426.80,1.25,WIFI
F4:69:42:1D:FD:C9,SpectrumSetup-CB,[WPA2_PSK],2025-3-28 15:1:47,6,-51,34.0393906,-117.1831970,426.60,1.25,WIFI
A4:97:33:08:9D:F9,Lou's House,[WPA2_PSK],2025-3-28 15:1:47,6,-69,34.0393906,-117.1831970,426.60,1.25,WIFI
28:EC:22:EC:84:43,,[WPA3_PSK],2025-3-28 15:1:47,6,-74,34.0393906,-117.1831970,426.60,1.25,WIFI
28:EC:22:EC:84:49,,[OPEN],2025-3-28 15:1:47,6,-75,34.0393906,-117.1831970,426.60,1.25,WIFI
28:EC:22:EC:84:46,Gepford House,[WPA2_PSK],2025-3-28 15:1:47,6,-76,34.0393906,-117.1831970,426.60,1.25,WIFI
FA:8F:CA:9E:ED:02,Calvin.k_,[OPEN],2025-3-28 15:1:47,6,-78,34.0393906,-117.1831970,426.60,1.25,WIFI
9C:57:BC:A7:11:63,,[WPA3_PSK],2025-3-28 15:1:47,6,-79,34.0393906,-117.1831970,426.60,1.25,WIFI
9C:57:BC:A7:11:69,,[OPEN],2025-3-28 15:1:47,6,-79,34.0393906,-117.1831970,426.60,1.25,WIFI
9C:57:BC:A7:11:66,FirstLoves,[WPA2_PSK],2025-3-28 15:1:47,6,-79,34.0393906,-117.1831970,426.60,1.25,WIFI
FA:1A:2B:1D:93:54,FIN-guest,[WPA2_PSK],2025-3-28 15:1:47,6,-79,34.0393906,-117.1831970,426.60,1.25,WIFI
C8:E3:06:6D:F5:85,ackc,[WPA2_PSK],2025-3-28 15:1:47,6,-85,34.0393906,-117.1831970,426.60,1.25,WIFI
C8:E3:06:51:71:47,,[OPEN],2025-3-28 15:1:47,6,-85,34.0393906,-117.1831970,426.60,1.25,WIFI
C8:E3:06:6D:F5:87,,[OPEN],2025-3-28 15:1:47,6,-86,34.0393906,-117.1831970,426.60,1.25,WIFI
F8:1A:2B:1D:93:56,FIN,[WPA2_PSK],2025-3-28 15:1:47,6,-86,34.0393906,-117.1831970,426.60,1.25,WIFI
16:22:3B:1C:52:71,FIN-guest,[WPA2_PSK],2025-3-28 15:1:47,6,-87,34.0393906,-117.1831970,426.60,1.25,WIFI
C8:E3:06:4F:7E:23,,[WPA3_PSK],2025-3-28 15:1:47,6,-88,34.0393906,-117.1831970,426.60,1.25,WIFI
08:B4:B1:7E:B6:99,Beastie,[WPA2_PSK],2025-3-28 15:1:47,6,-90,34.0393906,-117.1831970,426.60,1.25,WIFI
14:22:3B:1C:52:72,FIN,[WPA2_PSK],2025-3-28 15:1:47,6,-90,34.0393906,-117.1831970,426.60,1.25,WIFI
9C:3D:CF:6C:49:64,Samson,[WPA2_PSK],2025-3-28 15:1:51,9,-69,34.0390968,-117.1837387,425.90,1.25,WIFI
A0:89:66:8D:FA:78,,[WPA_WPA2_PSK],2025-3-28 15:1:51,9,-87,34.0390968,-117.1837387,425.90,1.25,WIFI
30:60:0A:3C:88:40,,[WPA_WPA2_PSK],2025-3-28 15:1:52,10,-84,34.0390244,-117.1838684,425.60,1.25,WIFI
98:DA:C4:98:A5:C5,RuHouse,[WPA_WPA2_PSK],2025-3-28 15:1:52,10,-89,34.0390244,-117.1838684,425.60,1.25,WIFI
60:F4:19:40:44:26,Casa de Mercado,[WPA2_PSK],2025-3-28 15:1:53,11,-79,34.0389481,-117.1840134,425.40,1.25,WIFI
60:F4:19:40:44:2F,Amigos de Mercado,[WPA2_PSK],2025-3-28 15:1:53,11,-81,34.0389481,-117.1840134,425.40,1.25,WIFI
C4:8E:8F:E6:DD:ED,Rowdy,[WPA2_PSK],2025-3-28 15:1:53,11,-83,34.0389481,-117.1840134,425.40,1.25,WIFI
50:65:F3:B5:3D:33,DIRECT-32-HP ENVY 5660 series,[WPA2_PSK],2025-3-28 15:1:53,11,-84,34.0389481,-117.1840134,425.40,1.25,WIFI
84:70:D7:A2:31:2A,,[OPEN],2025-3-28 15:1:53,11,-85,34.0389481,-117.1840134,425.40,1.25,WIFI
DC:92:72:E5:71:BF,Frontier0977,[WPA2_PSK],2025-3-28 15:1:53,11,-85,34.0389481,-117.1840134,425.40,1.25,WIFI
40:4C:77:32:29:D8,CasaDePalm,[WPA2_PSK],2025-3-28 15:1:53,11,-87,34.0389481,-117.1840134,425.40,1.25,WIFI
84:A0:6E:9F:53:86,MySpectrumWiFi80-2G,[WPA2_PSK],2025-3-28 15:1:53,11,-87,34.0389481,-117.1840134,425.40,1.25,WIFI
60:F4:19:40:44:29,,[OPEN],2025-3-28 15:1:53,11,-87,34.0389481,-117.1840134,425.40,1.25,WIFI
84:70:D7:A2:31:27,Chevelle,[WPA2_PSK],2025-3-28 15:1:53,11,-87,34.0389481,-117.1840134,425.40,1.25,WIFI
4C:AB:F8:54:72:A9,SpectrumSetup-AB,[WPA2_PSK],2025-3-28 15:1:53,11,-92,34.0389481,-117.1840134,425.40,1.25,WIFI
FC:12:63:B8:76:D9,SpectrumSetup-DB,[WPA2_PSK],2025-3-28 15:1:53,1,-74,34.0389481,-117.1840134,425.40,1.25,WIFI
5C:A6:E6:3A:F9:BC,Frontier8368_EXT,[WPA2_PSK],2025-3-28 15:1:53,1,-79,34.0389481,-117.1840134,425.40,1.25,WIFI
4C:AB:F8:07:24:B4,SpectrumSetup-B6,[WPA2_PSK],2025-3-28 15:1:53,1,-83,34.0389481,-117.1840134,425.40,1.25,WIFI
48:5D:36:7A:65:DC,FiOS-ZPFFT,[WPA2_PSK],2025-3-28 15:1:53,1,-85,34.0389481,-117.1840134,425.40,1.25,WIFI
8C:90:2D:81:76:56,Frontier8368_EXT2,[WPA2_PSK],2025-3-28 15:1:53,1,-85,34.0389481,-117.1840134,425.40,1.25,WIFI
38:94:ED:C4:F6:7C,HILL,[WPA2_PSK],2025-3-28 15:1:53,1,-88,34.0389481,-117.1840134,425.40,1.25,WIFI
C0:A0:0D:F4:D7:A5,Frontier8368,[WPA2_PSK],2025-3-28 15:1:53,1,-88,34.0389481,-117.1840134,425.40,1.25,WIFI
3A:98:B5:E3:C6:73,,[WPA2_PSK],2025-3-28 15:1:59,3,-86,34.0384789,-117.1848602,425.00,1.25,WIFI
3A:98:B5:DD:31:F8,The First Law,[WPA2_PSK],2025-3-28 15:1:59,3,-86,34.0384789,-117.1848602,425.00,1.25,WIFI
9C:A5:70:2E:15:05,Frontier2688,[WPA2_PSK],2025-3-28 15:2:2,6,-63,34.0382576,-117.1852722,424.70,1.25,WIFI
9C:A5:70:2E:15:03,,[WPA3_PSK],2025-3-28 15:2:2,6,-65,34.0382576,-117.1852722,424.70,1.25,WIFI
9C:A5:70:2E:15:07,,[OPEN],2025-3-28 15:2:2,6,-66,34.0382576,-117.1852722,424.70,1.25,WIFI
78:76:89:A5:0B:E2,,[WPA3_PSK],2025-3-28 15:2:2,6,-71,34.0382576,-117.1852722,424.70,1.25,WIFI
78:76:89:A5:0B:E6,,[OPEN],2025-3-28 15:2:2,6,-71,34.0382576,-117.1852722,424.70,1.25,WIFI
BE:F4:D4:51:76:98,DIRECT-98-HP M255 LaserJet,[WPA2_PSK],2025-3-28 15:2:2,6,-72,34.0382576,-117.1852722,424.70,1.25,WIFI
1C:F2:9A:D1:AF:5F,avie’s place,[WPA2_PSK],2025-3-28 15:2:2,6,-73,34.0382576,-117.1852722,424.70,1.25,WIFI
1E:F2:9A:D1:AF:5C,aviesplace,[WPA2_PSK],2025-3-28 15:2:2,6,-74,34.0382576,-117.1852722,424.70,1.25,WIFI
78:76:89:A5:0B:E4,Frontier2688,[WPA2_PSK],2025-3-28 15:2:2,6,-75,34.0382576,-117.1852722,424.70,1.25,WIFI
4C:19:5D:0C:A7:49,SpectrumSetup-1E,[WPA2_PSK],2025-3-28 15:2:2,6,-77,34.0382576,-117.1852722,424.70,1.25,WIFI
B0:FC:88:66:C2:C9,TARDIS2,[WPA2_PSK],2025-3-28 15:2:2,6,-77,34.0382576,-117.1852722,424.70,1.25,WIFI
C2:A7:B9:18:4E:AD,,[WPA2_PSK],2025-3-28 15:2:6,10,-90,34.0379715,-117.1857910,424.50,1.25,WIFI
98:1E:19:2D:F3:06,MySpectrumWiFi001-2G,[WPA2_PSK],2025-3-28 15:2:7,11,-77,34.0378990,-117.1859207,424.50,1.25,WIFI
A4:98:13:05:E1:C2,Frontier6832,[WPA2_PSK],2025-3-28 15:2:7,11,-77,34.0378990,-117.1859207,424.50,1.25,WIFI
F2:72:EA:35:F5:59,forN,[WPA2_PSK],2025-3-28 15:2:7,11,-78,34.0378990,-117.1859207,424.50,1.25,WIFI
F0:72:EA:35:F5:5A,XYZ,[WPA2_PSK],2025-3-28 15:2:7,11,-79,34.0378990,-117.1859207,424.50,1.25,WIFI
D2:21:F9:19:5B:64,Tyrell Corp - Guest,[WPA2_PSK],2025-3-28 15:2:7,11,-79,34.0378990,-117.1859207,424.50,1.25,WIFI
D0:21:F9:59:5B:64,Tyrell Corp,[WPA2_PSK],2025-3-28 15:2:7,11,-83,34.0378990,-117.1859207,424.50,1.25,WIFI
40:47:5E:BF:DB:23,,[WPA3_PSK],2025-3-28 15:2:7,11,-85,34.0378990,-117.1859207,424.50,1.25,WIFI
40:47:5E:BF:DB:29,,[OPEN],2025-3-28 15:2:7,11,-85,34.0378990,-117.1859207,424.50,1.25,WIFI
40:47:5E:BF:DB:26,Young Home,[WPA2_WPA3_PSK],2025-3-28 15:2:7,11,-85,34.0378990,-117.1859207,424.50,1.25,WIFI
40:47:5E:BF:DB:2F,Young Home Guest,[WPA2_WPA3_PSK],2025-3-28 15:2:7,11,-85,34.0378990,-117.1859207,424.50,1.25,WIFI
44:AD:B1:77:CB:A6,CottierHouse,[WPA2_PSK],2025-3-28 15:2:12,1,-72,34.0375404,-117.1865768,424.80,1.25,WIFI
D4:3F:32:8C:27:A3,,[WPA3_PSK],2025-3-28 15:2:12,1,-79,34.0375404,-117.1865768,424.80,1.25,WIFI
D4:3F:32:8C:27:A9,,[OPEN],2025-3-28 15:2:12,1,-79,34.0375404,-117.1865768,424.80,1.25,WIFI
D4:3F:32:8C:27:A6,abc,[WPA2_PSK],2025-3-28 15:2:12,1,-80,34.0375404,-117.1865768,424.80,1.25,WIFI
D4:3F:32:8D:6E:66,abc,[WPA2_PSK],2025-3-28 15:2:12,1,-81,34.0375404,-117.1865768,424.80,1.25,WIFI
D4:3F:32:8D:6E:63,,[WPA3_PSK],2025-3-28 15:2:12,1,-81,34.0375404,-117.1865768,424.80,1.25,WIFI
D4:3F:32:8D:6E:69,,[OPEN],2025-3-28 15:2:12,1,-81,34.0375404,-117.1865768,424.80,1.25,WIFI
1E:F2:9A:D1:C6:24,aviesplace,[WPA2_PSK],2025-3-28 15:2:12,1,-82,34.0375404,-117.1865768,424.80,1.25,WIFI
1C:F2:9A:D1:C6:25,avie’s place,[WPA2_PSK],2025-3-28 15:2:12,1,-83,34.0375404,-117.1865768,424.80,1.25,WIFI
CC:F4:11:4B:73:4C,XYZ,[WPA2_PSK],2025-3-28 15:2:12,1,-84,34.0375404,-117.1865768,424.80,1.25,WIFI
CE:F4:11:4B:73:4C,forN,[WPA2_PSK],2025-3-28 15:2:12,1,-86,34.0375404,-117.1865768,424.80,1.25,WIFI
E4:8E:10:DC:D6:14,,[WPA_WPA2_PSK],2025-3-28 15:2:12,1,-88,34.0375404,-117.1865768,424.80,1.25,WIFI
3E:94:ED:47:5E:39,ORBI56,[WPA2_PSK],2025-3-28 15:2:14,3,-83,34.0373840,-117.1868515,425.10,1.25,WIFI
38:94:ED:44:81:B9,ORBI56,[WPA2_PSK],2025-3-28 15:2:14,3,-86,34.0373840,-117.1868515,425.10,1.25,WIFI
3E:94:ED:44:81:B9,,[WPA2_PSK],2025-3-28 15:2:14,3,-86,34.0373840,-117.1868515,425.10,1.25,WIFI
9A:3B:AD:AB:2D:7C,Guest What?,[WPA_WPA2_PSK],2025-3-28 15:2:15,4,-95,34.0373077,-117.1869888,425.00,1.25,WIFI
FC:3F:A6:1B:2E:E3,,[WPA3_PSK],2025-3-28 15:2:17,6,-81,34.0371513,-117.1872635,425.20,1.25,WIFI
FC:3F:A6:1B:2E:E6,Dillon1,[WPA2_PSK],2025-3-28 15:2:17,6,-81,34.0371513,-117.1872635,425.20,1.25,WIFI
9C:0B:05:3C:FC:90,Palm Ranch Guest,[WPA2_PSK],2025-3-28 15:2:17,6,-82,34.0371513,-117.1872635,425.20,1.25,WIFI
30:3A:4A:E1:B4:C3,,[WPA3_PSK],2025-3-28 15:2:17,6,-82,34.0371513,-117.1872635,425.20,1.25,WIFI
9C:0B:05:3C:FC:87,Palm Ranch,[WPA2_PSK],2025-3-28 15:2:17,6,-83,34.0371513,-117.1872635,425.20,1.25,WIFI
9C:0B:05:3C:FC:84,,[WPA3_PSK],2025-3-28 15:2:17,6,-83,34.0371513,-117.1872635,425.20,1.25,WIFI
30:3A:4A:E1:B4:C5,Viking,[WPA2_PSK],2025-3-28 15:2:17,6,-83,34.0371513,-117.1872635,425.20,1.25,WIFI
FC:3F:A6:1B:2E:EF,Dillon Guest,[WPA2_PSK],2025-3-28 15:2:17,6,-84,34.0371513,-117.1872635,425.20,1.25,WIFI
9C:0B:05:3C:FC:8A,,[OPEN],2025-3-28 15:2:17,6,-84,34.0371513,-117.1872635,425.20,1.25,WIFI
30:3A:4A:E1:B4:C7,,[OPEN],2025-3-28 15:2:17,6,-84,34.0371513,-117.1872635,425.20,1.25,WIFI
12:E8:A7:72:6A:D2,LowkyIHYC,[WPA2_PSK],2025-3-28 15:2:17,6,-87,34.0371513,-117.1872635,425.20,1.25,WIFI
9C:0B:05:53:2F:64,,[WPA3_PSK],2025-3-28 15:2:17,6,-88,34.0371513,-117.1872635,425.20,1.25,WIFI
16:91:38:0B:3D:AE,,[WPA2_PSK],2025-3-28 15:2:17,6,-89,34.0371513,-117.1872635,425.20,1.25,WIFI
FA:8F:CA:95:35:01,Chromecast Studio.b,[OPEN],2025-3-28 15:2:17,6,-91,34.0371513,-117.1872635,425.20,1.25,WIFI
5E:A9:31:7A:13:B6,waffles house,[WPA2_PSK],2025-3-28 15:2:19,8,-83,34.0370064,-117.1875305,425.20,1.25,WIFI
5C:E9:31:7A:13:B6,,[WPA2_PSK],2025-3-28 15:2:19,8,-84,34.0370064,-117.1875305,425.20,1.25,WIFI
5C:E9:31:7A:13:AE,,[WPA2_PSK],2025-3-28 15:2:19,8,-86,34.0370064,-117.1875305,425.20,1.25,WIFI
5C:E9:31:7A:0D:2E,,[WPA2_PSK],2025-3-28 15:2:19,8,-87,34.0370064,-117.1875305,425.20,1.25,WIFI
5E:A9:31:7A:13:AE,waffles house,[WPA2_PSK],2025-3-28 15:2:19,8,-89,34.0370064,-117.1875305,425.20,1.25,WIFI
5E:A9:31:7A:0D:2E,waffles house,[WPA2_PSK],2025-3-28 15:2:19,8,-90,34.0370064,-117.1875305,425.20,1.25,WIFI
08:02:8E:CE:4C:93,bell1,[WPA2_PSK],2025-3-28 15:2:20,9,-73,34.0369377,-117.1876526,425.70,1.25,WIFI
BC:A5:11:A2:5B:3E,bell1,[WPA2_PSK],2025-3-28 15:2:20,9,-89,34.0369377,-117.1876526,425.70,1.25,WIFI
C0:06:C3:FA:09:E0,AIM Center Guest,[WPA2_PSK],2025-3-28 15:2:21,10,-93,34.0368729,-117.1877823,425.70,1.25,WIFI
00:C8:96:CC:F1:02,,[WPA_WPA2_PSK],2025-3-28 15:2:22,11,-67,34.0368004,-117.1879120,425.30,1.25,WIFI
9C:0B:05:62:44:87,Pearley,[WPA2_PSK],2025-3-28 15:2:22,11,-70,34.0368004,-117.1879120,425.30,1.25,WIFI
E6:37:5F:34:3C:47,,[WPA2_PSK],2025-3-28 15:2:22,11,-74,34.0368004,-117.1879120,425.30,1.25,WIFI
74:37:5F:34:3C:47,SpectrumSetup-45,[WPA2_PSK],2025-3-28 15:2:22,11,-75,34.0368004,-117.1879120,425.30,1.25,WIFI
F6:37:5F:34:3C:47,,[WPA2_PSK],2025-3-28 15:2:22,11,-77,34.0368004,-117.1879120,425.30,1.25,WIFI
9C:0B:05:62:44:84,,[WPA3_PSK],2025-3-28 15:2:22,11,-79,34.0368004,-117.1879120,425.30,1.25,WIFI
9C:0B:05:62:44:8A,,[OPEN],2025-3-28 15:2:22,11,-80,34.0368004,-117.1879120,425.30,1.25,WIFI
62:6D:C7:68:25:5E,DIRECT-esHL-L2380DW,[WPA2_PSK],2025-3-28 15:2:22,11,-87,34.0368004,-117.1879120,425.30,1.25,WIFI
18:9C:27:92:23:38,Frontier3488,[WPA2_PSK],2025-3-28 15:2:22,11,-92,34.0368004,-117.1879120,425.30,1.25,WIFI
82:5B:65:2D:81:5A,[LG_Oven]815a,[WPA2_PSK],2025-3-28 15:2:22,11,-93,34.0368004,-117.1879120,425.30,1.25,WIFI
D8:32:14:3B:61:D9,Frontier8592_EXT,[WPA_WPA2_PSK],2025-3-28 15:2:22,11,-93,34.0368004,-117.1879120,425.30,1.25,WIFI
74:93:DA:A5:6E:85,Schrute Farms,[WPA2_PSK],2025-3-28 15:2:26,1,-77,34.0365486,-117.1883774,425.30,1.25,WIFI
88:6A:E3:7F:FA:39,tl7ffa39,[WPA2_PSK],2025-3-28 15:2:26,1,-91,34.0365486,-117.1883774,425.30,1.25,WIFI
00:54:AF:5D:8D:A7,Hotspot8DA7,[WPA_WPA2_PSK],2025-3-28 15:2:28,2,-75,34.0364723,-117.1885071,425.70,1.25,WIFI
FA:48:B8:1D:D7:0A,,[WPA2_PSK],2025-3-28 15:2:28,2,-88,34.0364723,-117.1885071,425.70,1.25,WIFI
CC:40:D0:15:14:61,Shiperi1,[WPA2_PSK],2025-3-28 15:2:30,4,-86,34.0364494,-117.1885452,425.60,1.25,WIFI
E4:8E:10:00:47:50,,[WPA_WPA2_PSK],2025-3-28 15:2:31,5,-93,34.0364532,-117.1885452,425.60,1.25,WIFI
2C:EA:DC:01:18:7C,SpectrumSetup-8F,[WPA2_PSK],2025-3-28 15:2:32,6,-76,34.0364571,-117.1885452,425.60,1.25,WIFI
50:33:8B:DD:6B:1D,,[WPA2_PSK],2025-3-28 15:2:32,6,-77,34.0364571,-117.1885452,425.60,1.25,WIFI
DC:69:B5:40:B1:E6,Dillon1,[WPA2_PSK],2025-3-28 15:2:32,6,-79,34.0364571,-117.1885452,425.60,1.25,WIFI
DC:69:B5:40:B1:E3,,[WPA3_PSK],2025-3-28 15:2:32,6,-80,34.0364571,-117.1885452,425.60,1.25,WIFI
DC:69:B5:40:B1:EF,Dillon Guest,[WPA2_PSK],2025-3-28 15:2:32,6,-81,34.0364571,-117.1885452,425.60,1.25,WIFI
DC:69:B5:40:B1:E9,,[OPEN],2025-3-28 15:2:32,6,-81,34.0364571,-117.1885452,425.60,1.25,WIFI
BC:82:5D:5E:66:64,WiFi Hotspot 2898,[WPA2_PSK],2025-3-28 15:2:32,6,-84,34.0364571,-117.1885452,425.60,1.25,WIFI
C8:C6:FE:0D:15:66,Wise24,[WPA2_PSK],2025-3-28 15:2:32,6,-84,34.0364571,-117.1885452,425.60,1.25,WIFI
10:2C:B1:05:3B:5F,,[WPA_WPA2_PSK],2025-3-28 15:2:32,6,-88,34.0364571,-117.1885452,425.60,1.25,WIFI
22:48:6C:50:B2:AF,,[WPA2_PSK],2025-3-28 15:2:32,6,-89,34.0364571,-117.1885452,425.60,1.25,WIFI
80:CC:9C:3E:F4:1D,Spectrum,[WPA2_PSK],2025-3-28 15:2:34,8,-81,34.0364571,-117.1885452,425.50,1.25,WIFI
F8:2D:C0:CF:84:08,Frontier1984,[WPA2_PSK],2025-3-28 15:2:37,11,-74,34.0364151,-117.1886215,425.60,1.25,WIFI
C0:89:AB:24:C3:C8,Frontier5888,[WPA2_PSK],2025-3-28 15:2:37,11,-79,34.0364151,-117.1886215,425.60,1.25,WIFI
F0:B6:61:A6:41:E4,,[WPA3_PSK],2025-3-28 15:2:37,11,-82,34.0364151,-117.1886215,425.60,1.25,WIFI
F0:B6:61:A6:41:E7,bandit,[WPA2_PSK],2025-3-28 15:2:37,11,-83,34.0364151,-117.1886215,425.60,1.25,WIFI
FA:8F:CA:6F:D6:69,,[OPEN],2025-3-28 15:2:37,11,-84,34.0364151,-117.1886215,425.60,1.25,WIFI
88:EF:16:EB:71:58,Frontier0000,[WPA2_PSK],2025-3-28 15:2:37,11,-84,34.0364151,-117.1886215,425.60,1.25,WIFI
40:B0:34:DF:95:9E,DIRECT-9D-HP OfficeJet 4650,[WPA2_PSK],2025-3-28 15:2:37,11,-85,34.0364151,-117.1886215,425.60,1.25,WIFI
F0:B6:61:A6:41:EA,,[OPEN],2025-3-28 15:2:37,11,-85,34.0364151,-117.1886215,425.60,1.25,WIFI
9C:A2:F4:14:5B:35,SpectrumSetup-40_EXT,[WPA2_PSK],2025-3-28 15:2:40,1,-80,34.0363121,-117.1887970,425.10,1.25,WIFI
68:7F:F0:01:8B:B1,TP-Link_8BB2,[WPA2_PSK],2025-3-28 15:2:44,4,-90,34.0361061,-117.1891403,425.50,1.25,WIFI
94:91:7F:9E:19:39,MySpectrumWiFi3B-2G,[WPA2_PSK],2025-3-28 15:2:45,5,-84,34.0360527,-117.1892395,425.50,1.25,WIFI
18:62:E4:48:50:C1,,[WPA2_PSK],2025-3-28 15:2:45,5,-86,34.0360527,-117.1892395,425.50,1.25,WIFI
62:7F:F0:00:1F:E1,,[WPA2_PSK],2025-3-28 15:2:45,5,-89,34.0360527,-117.1892395,425.50,1.25,WIFI
68:7F:F0:00:1F:E7,cxcb,[WPA2_PSK],2025-3-28 15:2:45,5,-89,34.0360527,-117.1892395,425.50,1.25,WIFI
18:A5:FF:B2:6B:3E,TMOBILE-6B3C,[WPA2_WPA3_PSK],2025-3-28 15:2:46,6,-55,34.0359955,-117.1893463,425.50,1.25,WIFI
28:EC:22:2B:54:C3,,[WPA3_PSK],2025-3-28 15:2:46,6,-83,34.0359955,-117.1893463,425.50,1.25,WIFI
28:EC:22:2B:54:C6,FuZZy1umpK!ns,[WPA2_PSK],2025-3-28 15:2:46,6,-83,34.0359955,-117.1893463,425.50,1.25,WIFI
FA:8F:CA:7F:7A:1C,Backyard speaker.o,[OPEN],2025-3-28 15:2:46,6,-85,34.0359955,-117.1893463,425.50,1.25,WIFI
FA:8F:CA:63:BA:C1,LG_Speaker_S80QY_1314.l078_,[OPEN],2025-3-28 15:2:46,6,-89,34.0359955,-117.1893463,425.50,1.25,WIFI
36:EB:B6:11:D6:CF,,[WPA2_PSK],2025-3-28 15:2:48,8,-84,34.0358849,-117.1895523,425.50,1.25,WIFI
14:EB:B6:11:D6:CF,TP-Link_D6D0,[WPA2_PSK],2025-3-28 15:2:48,8,-86,34.0358849,-117.1895523,425.50,1.25,WIFI
C8:7F:54:4F:AC:A0,SpectrumSetup-A3,[WPA2_PSK],2025-3-28 15:2:50,10,-91,34.0357704,-117.1897659,425.50,1.25,WIFI
78:76:89:39:1B:64,,[WPA3_PSK],2025-3-28 15:2:51,11,-71,34.0357132,-117.1898727,425.60,1.25,WIFI
78:76:89:39:1B:6A,,[OPEN],2025-3-28 15:2:51,11,-71,34.0357132,-117.1898727,425.60,1.25,WIFI
7C:0C:F6:0A:1F:ED,Dash-0473,[WPA2_PSK],2025-3-28 15:2:51,11,-72,34.0357132,-117.1898727,425.60,1.25,WIFI
78:76:89:39:1B:67,Frontier1152,[WPA2_PSK],2025-3-28 15:2:51,11,-74,34.0357132,-117.1898727,425.60,1.25,WIFI
30:FD:38:EC:B9:D8,rfd,[WPA2_PSK],2025-3-28 15:2:51,11,-82,34.0357132,-117.1898727,425.60,1.25,WIFI
F0:B6:61:A9:8F:A4,,[WPA3_PSK],2025-3-28 15:2:51,11,-84,34.0357132,-117.1898727,425.60,1.25,WIFI
F0:B6:61:A9:8F:AA,,[OPEN],2025-3-28 15:2:51,11,-85,34.0357132,-117.1898727,425.60,1.25,WIFI
F0:B6:61:A9:8F:A7,FiOS-5K5X7,[WPA2_PSK],2025-3-28 15:2:51,11,-85,34.0357132,-117.1898727,425.60,1.25,WIFI
2C:95:69:74:90:98,Frontier6112,[WPA2_PSK],2025-3-28 15:2:51,11,-89,34.0357132,-117.1898727,425.60,1.25,WIFI
DC:69:B5:DC:78:06,Mothership1233,[WPA2_PSK],2025-3-28 15:2:52,1,-60,34.0356522,-117.1899872,425.70,1.25,WIFI
DC:69:B5:DC:78:03,,[WPA3_PSK],2025-3-28 15:2:52,1,-64,34.0356522,-117.1899872,425.70,1.25,WIFI
DC:69:B5:DC:78:09,,[OPEN],2025-3-28 15:2:52,1,-65,34.0356522,-117.1899872,425.70,1.25,WIFI
DC:69:B5:DC:F6:A3,,[WPA3_PSK],2025-3-28 15:2:52,1,-78,34.0356522,-117.1899872,425.70,1.25,WIFI
DC:69:B5:DC:F6:A6,Mothership1233,[WPA2_PSK],2025-3-28 15:2:52,1,-78,34.0356522,-117.1899872,425.70,1.25,WIFI
DC:69:B5:D2:8A:63,,[WPA3_PSK],2025-3-28 15:2:52,1,-78,34.0356522,-117.1899872,425.70,1.25,WIFI
DC:69:B5:D2:8A:69,,[OPEN],2025-3-28 15:2:52,1,-78,34.0356522,-117.1899872,425.70,1.25,WIFI
DC:69:B5:D2:8A:66,Mothership1233,[WPA2_PSK],2025-3-28 15:2:52,1,-78,34.0356522,-117.1899872,425.70,1.25,WIFI
DC:69:B5:DC:F6:A9,,[OPEN],2025-3-28 15:2:52,1,-79,34.0356522,-117.1899872,425.70,1.25,WIFI
10:D7:B0:ED:C9:E6,No-FearGear,[WPA2_PSK],2025-3-28 15:2:52,1,-80,34.0356522,-117.1899872,425.70,1.25,WIFI
B0:FC:88:03:C9:F6,Frontier0855,[WPA2_PSK],2025-3-28 15:2:52,1,-85,34.0356522,-117.1899872,425.70,1.25,WIFI
A0:55:1F:0F:D4:D3,SpectrumSetup-D4CD,[WPA2_PSK],2025-3-28 15:2:52,1,-85,34.0356522,-117.1899872,425.70,1.25,WIFI
30:FD:38:EC:B7:BD,rfd,[WPA2_PSK],2025-3-28 15:2:52,1,-88,34.0356522,-117.1899872,425.70,1.25,WIFI
B2:5C:DA:B3:C7:D5,DIRECT-D5-HP OfficeJet Pro 7740,[WPA2_PSK],2025-3-28 15:2:52,1,-89,34.0356522,-117.1899872,425.70,1.25,WIFI
C2:9C:25:70:52:C1,Kakapo Alternate,[WPA2_PSK],2025-3-28 15:2:52,1,-90,34.0356522,-117.1899872,425.70,1.25,WIFI
3A:9D:92:B3:28:38,DIRECT-A0-EPSON-XP-7100 Series,[WPA2_PSK],2025-3-28 15:2:52,1,-90,34.0356522,-117.1899872,425.70,1.25,WIFI
60:A4:B7:92:D8:0E,Deco S4,[WPA2_PSK],2025-3-28 15:2:55,2,-87,34.0354691,-117.1903305,425.70,1.25,WIFI
60:A4:B7:92:D8:0A,Deco S4,[WPA2_PSK],2025-3-28 15:2:55,2,-90,34.0354691,-117.1903305,425.70,1.25,WIFI
08:02:8E:E0:1C:60,NETGEAR49,[WPA2_PSK],2025-3-28 15:2:58,3,-72,34.0352936,-117.1906586,426.30,1.25,WIFI
50:27:A9:50:03:E3,,[WPA3_PSK],2025-3-28 15:3:1,6,-67,34.0351067,-117.1909790,427.00,1.25,WIFI
50:27:A9:50:03:E5,browntown,[WPA2_PSK],2025-3-28 15:3:1,6,-67,34.0351067,-117.1909790,427.00,1.25,WIFI
50:27:A9:50:03:E7,,[OPEN],2025-3-28 15:3:1,6,-68,34.0351067,-117.1909790,427.00,1.25,WIFI
F0:B6:61:1E:ED:27,browntown,[WPA2_PSK],2025-3-28 15:3:1,6,-76,34.0351067,-117.1909790,427.00,1.25,WIFI
F0:B6:61:1E:ED:24,,[WPA3_PSK],2025-3-28 15:3:1,6,-77,34.0351067,-117.1909790,427.00,1.25,WIFI
F0:B6:61:1E:ED:2A,,[OPEN],2025-3-28 15:3:1,6,-78,34.0351067,-117.1909790,427.00,1.25,WIFI
50:27:A9:52:5B:C7,,[OPEN],2025-3-28 15:3:1,6,-79,34.0351067,-117.1909790,427.00,1.25,WIFI
50:27:A9:52:5B:C3,,[WPA3_PSK],2025-3-28 15:3:1,6,-82,34.0351067,-117.1909790,427.00,1.25,WIFI
50:27:A9:52:5B:C5,browntown,[WPA2_PSK],2025-3-28 15:3:1,6,-85,34.0351067,-117.1909790,427.00,1.25,WIFI
08:B4:B1:89:D9:88,Casa de Bell,[WPA2_PSK],2025-3-28 15:3:1,6,-94,34.0351067,-117.1909790,427.00,1.25,WIFI
54:04:63:C5:02:81,,[WPA_WPA2_PSK],2025-3-28 15:3:1,7,-75,34.0351067,-117.1909790,427.00,1.25,WIFI
CC:28:AA:23:80:18,AM1Snoopy24,[WPA2_PSK],2025-3-28 15:3:3,8,-87,34.0349846,-117.1911926,427.30,1.25,WIFI
60:F4:19:D7:FF:46,CIA Listening Device II,[WPA2_PSK],2025-3-28 15:3:6,11,-78,34.0348091,-117.1915283,427.80,1.25,WIFI
C4:F1:74:A2:34:F0,Holly Guest,[WPA2_PSK],2025-3-28 15:3:6,11,-79,34.0348091,-117.1915283,427.80,1.25,WIFI
C4:F1:74:A2:34:E4,,[WPA3_PSK],2025-3-28 15:3:6,11,-85,34.0348091,-117.1915283,427.80,1.25,WIFI
C4:F1:74:A2:34:EA,,[OPEN],2025-3-28 15:3:6,11,-85,34.0348091,-117.1915283,427.80,1.25,WIFI
08:7B:12:40:18:C6,Frontier1201,[WPA2_PSK],2025-3-28 15:3:6,11,-87,34.0348091,-117.1915283,427.80,1.25,WIFI
60:F4:19:60:8B:23,,[WPA3_PSK],2025-3-28 15:3:6,11,-87,34.0348091,-117.1915283,427.80,1.25,WIFI
60:F4:19:60:8B:29,,[OPEN],2025-3-28 15:3:6,11,-87,34.0348091,-117.1915283,427.80,1.25,WIFI
08:B4:B1:32:9E:E3,Casa de Bell,[WPA2_PSK],2025-3-28 15:3:6,11,-87,34.0348091,-117.1915283,427.80,1.25,WIFI
C4:F1:74:A2:34:E7,Holly,[WPA2_PSK],2025-3-28 15:3:6,11,-88,34.0348091,-117.1915283,427.80,1.25,WIFI
54:04:63:C8:52:81,,[WPA_WPA2_PSK],2025-3-28 15:3:6,11,-89,34.0348091,-117.1915283,427.80,1.25,WIFI
A0:8C:FD:60:2F:91,DIRECT-8F-HP OfficeJet Pro 8720,[WPA2_PSK],2025-3-28 15:3:6,11,-93,34.0348091,-117.1915283,427.80,1.25,WIFI
6A:9C:25:70:54:11,Kakapo Alternate,[WPA2_PSK],2025-3-28 15:3:7,1,-52,34.0347481,-117.1916428,428.20,1.25,WIFI
34:53:D2:E2:81:1D,PKJ,[WPA2_PSK],2025-3-28 15:3:7,1,-78,34.0347481,-117.1916428,428.20,1.25,WIFI
50:FD:D5:D4:FE:64,[range]_E30AJT7113562H,[WPA2_PSK],2025-3-28 15:3:7,1,-86,34.0347481,-117.1916428,428.20,1.25,WIFI
B0:95:75:B7:5D:12,,[WPA2_PSK],2025-3-28 15:3:12,3,-84,34.0345154,-117.1921005,430.20,1.25,WIFI
B0:95:75:B7:5F:24,,[WPA2_PSK],2025-3-28 15:3:12,3,-86,34.0345154,-117.1921005,430.20,1.25,WIFI
B6:95:75:B7:5D:12,Donuts,[WPA_WPA2_PSK],2025-3-28 15:3:12,3,-86,34.0345154,-117.1921005,430.20,1.25,WIFI
B6:95:75:B7:5F:24,Donuts,[WPA_WPA2_PSK],2025-3-28 15:3:12,3,-86,34.0345154,-117.1921005,430.20,1.25,WIFI
B0:95:75:B6:D6:E4,,[WPA2_PSK],2025-3-28 15:3:12,3,-89,34.0345154,-117.1921005,430.20,1.25,WIFI
7E:D2:94:16:00:D8,,[WPA2_PSK],2025-3-28 15:3:12,3,-92,34.0345154,-117.1921005,430.20,1.25,WIFI
F4:52:46:AC:73:B1,SpectrumSetup-B3,[WPA2_PSK],2025-3-28 15:3:15,6,-76,34.0345764,-117.1922913,430.20,1.25,WIFI
D4:3F:32:A1:D7:29,,[OPEN],2025-3-28 15:3:15,6,-86,34.0345764,-117.1922913,430.20,1.25,WIFI
C0:18:03:E6:16:FB,DIRECT-FA-HP DeskJet 3700 series,[WPA2_PSK],2025-3-28 15:3:15,6,-88,34.0345764,-117.1922913,430.20,1.25,WIFI
4C:AB:F8:D9:89:FE,SpectrumSetup-00,[WPA2_PSK],2025-3-28 15:3:15,6,-88,34.0345764,-117.1922913,430.20,1.25,WIFI
24:2F:D0:29:53:E6,SQQF6,[WPA2_PSK],2025-3-28 15:3:19,10,-73,34.0348167,-117.1926346,427.70,1.25,WIFI
66:2F:D0:29:53:E6,TP-Link_IoT_53E4,[WPA2_PSK],2025-3-28 15:3:19,10,-76,34.0348167,-117.1926346,427.70,1.25,WIFI
08:36:C9:F4:73:4F,OurHouseInTheMiddleOfOurStreet,[WPA2_PSK],2025-3-28 15:3:19,10,-81,34.0348167,-117.1926346,427.70,1.25,WIFI
E4:FA:C4:8A:95:2F,SQQF6,[WPA2_PSK],2025-3-28 15:3:19,10,-83,34.0348167,-117.1926346,427.70,1.25,WIFI
2A:56:5A:27:2A:0C,DIRECT-0c-HP M252 LaserJet,[WPA2_PSK],2025-3-28 15:3:19,10,-90,34.0348167,-117.1926346,427.70,1.25,WIFI
48:5D:36:38:0F:C0,Jamesbond1,[WPA2_PSK],2025-3-28 15:3:20,11,-74,34.0348892,-117.1927185,427.00,1.25,WIFI
F8:F5:32:49:0F:B8,Frontier4912,[WPA2_PSK],2025-3-28 15:3:20,11,-76,34.0348892,-117.1927185,427.00,1.25,WIFI
F0:B6:61:21:C6:44,,[WPA3_PSK],2025-3-28 15:3:20,11,-83,34.0348892,-117.1927185,427.00,1.25,WIFI
F0:B6:61:21:C6:4A,,[OPEN],2025-3-28 15:3:20,11,-84,34.0348892,-117.1927185,427.00,1.25,WIFI
F0:B6:61:21:C6:47,Casa_Madrigal,[WPA2_PSK],2025-3-28 15:3:20,11,-84,34.0348892,-117.1927185,427.00,1.25,WIFI
2C:67:BE:17:24:7D,SpectrumSetup-2479,[WPA2_PSK],2025-3-28 15:3:20,11,-95,34.0348892,-117.1927185,427.00,1.25,WIFI
B8:66:85:D4:BF:4E,MySpectrumWiFi48-2G,[WPA2_PSK],2025-3-28 15:3:23,1,-87,34.0351372,-117.1929626,425.40,1.25,WIFI
8C:83:94:A2:1E:45,Verizon_3FX3FK,[WPA2_PSK],2025-3-28 15:3:23,1,-90,34.0351372,-117.1929626,425.40,1.25,WIFI
94:A6:7E:5E:84:00,FiOS-3FWOZ_EXT,[WPA2_PSK],2025-3-28 15:3:23,1,-93,34.0351372,-117.1929626,425.40,1.25,WIFI
C6:C9:E3:0A:C1:2E,,[WPA2_PSK],2025-3-28 15:3:26,3,-82,34.0354271,-117.1931839,423.00,1.25,WIFI
C0:C9:E3:0A:C1:2E,Donuts,[WPA2_PSK],2025-3-28 15:3:26,3,-82,34.0354271,-117.1931839,423.00,1.25,WIFI
60:F4:19:52:D3:E6,MT-Frontier ,[WPA2_PSK],2025-3-28 15:3:29,6,-74,34.0356712,-117.1933746,421.70,1.25,WIFI
60:F4:19:52:D3:E3,,[WPA3_PSK],2025-3-28 15:3:29,6,-75,34.0356712,-117.1933746,421.70,1.25,WIFI
60:F4:19:52:D3:E9,,[OPEN],2025-3-28 15:3:29,6,-75,34.0356712,-117.1933746,421.70,1.25,WIFI
74:93:DA:44:EF:11,SpectrumSetup-13,[WPA2_PSK],2025-3-28 15:3:29,6,-77,34.0356712,-117.1933746,421.70,1.25,WIFI
78:D6:D6:57:A3:C5,Eero sala,[WPA2_PSK],2025-3-28 15:3:29,6,-81,34.0356712,-117.1933746,421.70,1.25,WIFI
9C:57:BC:B0:DC:66,New England Clam Router,[WPA2_PSK],2025-3-28 15:3:29,6,-81,34.0356712,-117.1933746,421.70,1.25,WIFI
54:04:63:C5:03:A1,,[WPA_WPA2_PSK],2025-3-28 15:3:29,6,-84,34.0356712,-117.1933746,421.70,1.25,WIFI
A0:8C:FD:71:99:4D,DIRECT-4C-HP ENVY 5660 series,[WPA2_PSK],2025-3-28 15:3:29,6,-85,34.0356712,-117.1933746,421.70,1.25,WIFI
AC:EC:85:D1:7D:52,,[WPA3_PSK],2025-3-28 15:3:29,6,-85,34.0356712,-117.1933746,421.70,1.25,WIFI
AC:EC:85:D1:7D:54,My Glorified Dial-Up,[WPA2_PSK],2025-3-28 15:3:29,6,-85,34.0356712,-117.1933746,421.70,1.25,WIFI
78:D6:D6:57:A3:C3,,[WPA3_PSK],2025-3-28 15:3:29,6,-87,34.0356712,-117.1933746,421.70,1.25,WIFI
78:D6:D6:57:A3:C7,,[OPEN],2025-3-28 15:3:29,6,-88,34.0356712,-117.1933746,421.70,1.25,WIFI
D0:BF:9C:B1:04:C1,HP-Print-C1-ENVY 5530 series,[WPA2_PSK],2025-3-28 15:3:33,9,-89,34.0359306,-117.1935730,420.40,1.25,WIFI
AA:6E:84:23:9A:B7,,[WPA2_PSK],2025-3-28 15:3:33,9,-89,34.0359306,-117.1935730,420.40,1.25,WIFI
A8:6E:84:F3:9A:B7,Meowmere,[WPA2_PSK],2025-3-28 15:3:33,9,-90,34.0359306,-117.1935730,420.40,1.25,WIFI
10:DA:43:B8:10:BD,Andromeda,[WPA2_PSK],2025-3-28 15:3:35,11,-69,34.0361023,-117.1937103,418.90,1.25,WIFI
C8:B4:22:38:A1:DB,MySpectrumWiFiDD-2G,[WPA2_PSK],2025-3-28 15:3:35,11,-74,34.0361023,-117.1937103,418.90,1.25,WIFI
DC:69:B5:39:CC:C3,,[WPA3_PSK],2025-3-28 15:3:35,11,-78,34.0361023,-117.1937103,418.90,1.25,WIFI
DC:69:B5:39:CC:C9,,[OPEN],2025-3-28 15:3:35,11,-79,34.0361023,-117.1937103,418.90,1.25,WIFI
D8:A7:56:67:DE:56,MySpectrumWiFi50-2G,[WPA2_PSK],2025-3-28 15:3:35,11,-87,34.0361023,-117.1937103,418.90,1.25,WIFI
DC:69:B5:39:CC:C6,StemCell,[WPA2_PSK],2025-3-28 15:3:35,11,-90,34.0361023,-117.1937103,418.90,1.25,WIFI
2C:00:AB:A4:07:C0,Bob,[WPA2_PSK],2025-3-28 15:3:35,11,-95,34.0361023,-117.1937103,418.90,1.25,WIFI
C8:99:B2:1A:1B:83,Verizon_PD7RZG,[WPA2_PSK],2025-3-28 15:3:38,1,-82,34.0364037,-117.1939545,417.60,1.25,WIFI
54:04:63:C8:4A:D9,,[WPA_WPA2_PSK],2025-3-28 15:3:38,1,-83,34.0364037,-117.1939545,417.60,1.25,WIFI
F8:CA:59:87:71:3F,AWI-691336,[WPA2_PSK],2025-3-28 15:3:38,1,-84,34.0364037,-117.1939545,417.60,1.25,WIFI
5C:FA:25:C4:F5:30,SpectrumSetup-2A,[WPA2_PSK],2025-3-28 15:3:38,1,-86,34.0364037,-117.1939545,417.60,1.25,WIFI
C8:C6:FE:6F:33:03,,[WPA3_PSK],2025-3-28 15:3:38,1,-87,34.0364037,-117.1939545,417.60,1.25,WIFI
C8:C6:FE:6F:33:06,Turu Wifi,[WPA2_PSK],2025-3-28 15:3:38,1,-89,34.0364037,-117.1939545,417.60,1.25,WIFI
5C:18:DD:F0:4A:73,,[WPA_WPA2_PSK],2025-3-28 15:3:38,1,-90,34.0364037,-117.1939545,417.60,1.25,WIFI
2C:58:4F:66:C1:68,Frontier8432,[WPA2_PSK],2025-3-28 15:3:38,1,-91,34.0364037,-117.1939545,417.60,1.25,WIFI
08:33:ED:BE:F0:C9,SpectrumSetup-CB,[WPA2_PSK],2025-3-28 15:3:38,1,-92,34.0364037,-117.1939545,417.60,1.25,WIFI
5C:18:DD:EB:5E:DC,,[WPA_WPA2_PSK],2025-3-28 15:3:38,2,-86,34.0364037,-117.1939545,417.60,1.25,WIFI
14:59:C0:03:5A:0A,RAYNES-5G,[WPA2_PSK],2025-3-28 15:3:41,3,-85,34.0366974,-117.1941910,415.50,1.25,WIFI
7E:D2:94:31:84:3B,RAYNES-5G,[WPA2_PSK],2025-3-28 15:3:41,3,-92,34.0366974,-117.1941910,415.50,1.25,WIFI
DC:69:B5:EB:B8:26,Pooleportal,[WPA2_PSK],2025-3-28 15:3:44,6,-64,34.0369835,-117.1944122,414.00,1.25,WIFI
7C:7E:F9:54:DA:12,,[WPA3_PSK],2025-3-28 15:3:44,6,-67,34.0369835,-117.1944122,414.00,1.25,WIFI
7C:7E:F9:54:DA:16,,[OPEN],2025-3-28 15:3:44,6,-68,34.0369835,-117.1944122,414.00,1.25,WIFI
DC:69:B5:EB:B8:23,,[WPA3_PSK],2025-3-28 15:3:44,6,-70,34.0369835,-117.1944122,414.00,1.25,WIFI
DC:69:B5:EB:B8:29,,[OPEN],2025-3-28 15:3:44,6,-70,34.0369835,-117.1944122,414.00,1.25,WIFI
7C:7E:F9:54:02:74,Pooleportal,[WPA2_PSK],2025-3-28 15:3:44,6,-71,34.0369835,-117.1944122,414.00,1.25,WIFI
F0:B6:61:1D:B3:E7,eero,[WPA2_PSK],2025-3-28 15:3:44,6,-72,34.0369835,-117.1944122,414.00,1.25,WIFI
F0:B6:61:1D:B3:E4,,[WPA3_PSK],2025-3-28 15:3:44,6,-73,34.0369835,-117.1944122,414.00,1.25,WIFI
F0:B6:61:1D:B3:EA,,[OPEN],2025-3-28 15:3:44,6,-73,34.0369835,-117.1944122,414.00,1.25,WIFI
7C:7E:F9:54:02:72,,[WPA3_PSK],2025-3-28 15:3:44,6,-74,34.0369835,-117.1944122,414.00,1.25,WIFI
7C:7E:F9:54:02:76,,[OPEN],2025-3-28 15:3:44,6,-74,34.0369835,-117.1944122,414.00,1.25,WIFI
EC:74:27:1E:03:03,,[WPA3_PSK],2025-3-28 15:3:44,6,-74,34.0369835,-117.1944122,414.00,1.25,WIFI
7C:7E:F9:54:DA:14,Pooleportal,[WPA2_PSK],2025-3-28 15:3:44,6,-76,34.0369835,-117.1944122,414.00,1.25,WIFI
EC:74:27:1E:03:07,,[OPEN],2025-3-28 15:3:44,6,-76,34.0369835,-117.1944122,414.00,1.25,WIFI
AC:EC:85:D1:7D:56,,[OPEN],2025-3-28 15:3:44,6,-81,34.0369835,-117.1944122,414.00,1.25,WIFI
EC:74:27:1E:03:05,Pooleportal,[WPA2_PSK],2025-3-28 15:3:44,6,-82,34.0369835,-117.1944122,414.00,1.25,WIFI
54:E0:19:6D:87:B0,Ring Setup b0,[OPEN],2025-3-28 15:3:44,6,-92,34.0369835,-117.1944122,414.00,1.25,WIFI
00:CB:51:41:54:CE,HomeRouter-2G,[WPA2_PSK],2025-3-28 15:3:47,8,-79,34.0371704,-117.1945572,413.10,1.25,WIFI
88:6A:E3:9B:A3:DE,tl9ba3de,[WPA2_PSK],2025-3-28 15:3:50,11,-82,34.0372391,-117.1946182,412.60,1.25,WIFI
00:26:B0:FE:9D:E7,Elizabeth Tyler's Network,[WPA_WPA2_PSK],2025-3-28 15:3:50,11,-83,34.0372391,-117.1946182,412.60,1.25,WIFI
06:26:B0:FE:9D:E7,Elizabeth Tyler's Guest Network,[WPA_WPA2_PSK],2025-3-28 15:3:50,11,-86,34.0372391,-117.1946182,412.60,1.25,WIFI
0C:B2:B7:01:F2:94,,[WPA2_PSK],2025-3-28 15:3:50,11,-86,34.0372391,-117.1946182,412.60,1.25,WIFI
FC:15:B4:70:F5:B1,HP-Print-B1-ENVY 5530 series,[OPEN],2025-3-28 15:3:50,11,-87,34.0372391,-117.1946182,412.60,1.25,WIFI
24:41:FE:57:AD:86,Paddy's Pub,[WPA2_PSK],2025-3-28 15:3:53,1,-76,34.0373116,-117.1946716,412.60,1.50,WIFI
C8:C6:FE:6F:33:09,,[OPEN],2025-3-28 15:3:53,1,-80,34.0373116,-117.1946716,412.60,1.50,WIFI
90:9D:7D:46:BC:D8,Frontier3072,[WPA2_PSK],2025-3-28 15:3:53,1,-82,34.0373116,-117.1946716,412.60,1.50,WIFI
D4:A9:28:14:B4:CE,FiOS-XN2PV,[WPA2_PSK],2025-3-28 15:3:53,1,-86,34.0373116,-117.1946716,412.60,1.50,WIFI
9C:3D:CF:59:4B:72,ARLO_VMB_1562492262,[WPA2_PSK],2025-3-28 15:3:53,1,-88,34.0373116,-117.1946716,412.60,1.50,WIFI
D4:A9:28:19:5A:3C,FiOS-INY4T,[WPA2_PSK],2025-3-28 15:3:53,1,-89,34.0373116,-117.1946716,412.60,1.50,WIFI
D4:A9:28:08:27:D6,FiOS-KBMR5,[WPA2_PSK],2025-3-28 15:3:53,1,-91,34.0373116,-117.1946716,412.60,1.50,WIFI
3A:22:E2:FA:00:0F,DIRECT-0f-HP M29 LaserJet,[WPA2_PSK],2025-3-28 15:3:53,1,-92,34.0373116,-117.1946716,412.60,1.50,WIFI
58:EF:68:4C:55:DA,Linksys16055,[WPA2_PSK],2025-3-28 15:3:53,1,-93,34.0373116,-117.1946716,412.60,1.50,WIFI
24:62:AB:E7:E0:55,Traeger-E055,[WPA2_PSK],2025-3-28 15:3:58,5,-83,34.0375824,-117.1948853,411.60,1.25,WIFI
14:91:82:AC:D9:85,Linksys03151,[WPA2_PSK],2025-3-28 15:3:58,5,-87,34.0375824,-117.1948853,411.60,1.25,WIFI
1A:0C:6B:FF:99:71,SpectrumSetup-07-Guest,[WPA2_PSK],2025-3-28 15:4:1,8,-86,34.0378265,-117.1950912,409.80,1.25,WIFI
10:0C:6B:FF:99:71,,[WPA2_PSK],2025-3-28 15:4:1,8,-87,34.0378265,-117.1950912,409.80,1.25,WIFI
16:0C:6B:FF:99:71,SpectrumSetup-07,[WPA2_PSK],2025-3-28 15:4:1,8,-87,34.0378265,-117.1950912,409.80,1.25,WIFI
1A:0C:6B:FA:29:68,SpectrumSetup-07-Guest,[WPA2_PSK],2025-3-28 15:4:1,8,-87,34.0378265,-117.1950912,409.80,1.25,WIFI
10:0C:6B:FA:29:68,SpectrumSetup-07,[WPA2_PSK],2025-3-28 15:4:1,8,-88,34.0378265,-117.1950912,409.80,1.25,WIFI
16:0C:6B:FA:29:68,,[WPA2_PSK],2025-3-28 15:4:1,8,-90,34.0378265,-117.1950912,409.80,1.25,WIFI
9C:0B:05:BA:15:87,sup,[WPA2_PSK],2025-3-28 15:4:4,11,-67,34.0381279,-117.1953278,408.20,1.25,WIFI
9C:0B:05:BA:15:84,,[WPA3_PSK],2025-3-28 15:4:4,11,-67,34.0381279,-117.1953278,408.20,1.25,WIFI
9C:0B:05:BA:15:8A,,[OPEN],2025-3-28 15:4:4,11,-67,34.0381279,-117.1953278,408.20,1.25,WIFI
84:70:D7:27:2D:2A,,[OPEN],2025-3-28 15:4:4,11,-78,34.0381279,-117.1953278,408.20,1.25,WIFI
78:76:89:C1:C9:E2,,[WPA3_PSK],2025-3-28 15:4:4,11,-79,34.0381279,-117.1953278,408.20,1.25,WIFI
78:76:89:C1:C9:E6,,[OPEN],2025-3-28 15:4:4,11,-79,34.0381279,-117.1953278,408.20,1.25,WIFI
84:70:D7:27:2D:27,sup,[WPA2_PSK],2025-3-28 15:4:4,11,-79,34.0381279,-117.1953278,408.20,1.25,WIFI
78:76:89:C1:C9:E4,Mueller WiFi,[WPA2_PSK],2025-3-28 15:4:4,11,-80,34.0381279,-117.1953278,408.20,1.25,WIFI
B4:B9:E6:44:DA:A6,Mueller WiFi,[WPA2_PSK],2025-3-28 15:4:4,11,-80,34.0381279,-117.1953278,408.20,1.25,WIFI
84:70:D7:27:2D:24,,[WPA3_PSK],2025-3-28 15:4:4,11,-80,34.0381279,-117.1953278,408.20,1.25,WIFI
8C:85:80:DB:4F:32,,[WPA_WPA2_PSK],2025-3-28 15:4:4,11,-84,34.0381279,-117.1953278,408.20,1.25,WIFI
B2:4A:39:C2:82:B5,,[OPEN],2025-3-28 15:4:4,11,-86,34.0381279,-117.1953278,408.20,1.25,WIFI
18:1B:EB:F2:5B:7E,729HS,[WPA_WPA2_PSK],2025-3-28 15:4:4,11,-88,34.0381279,-117.1953278,408.20,1.25,WIFI
24:94:CB:EC:65:18,Frontier6960,[WPA2_PSK],2025-3-28 15:4:4,11,-88,34.0381279,-117.1953278,408.20,1.25,WIFI
7E:4D:8F:58:34:BE,DIRECT-BE-HP OfficeJet 8010,[WPA2_PSK],2025-3-28 15:4:4,11,-88,34.0381279,-117.1953278,408.20,1.25,WIFI
48:5D:36:1F:C0:CC,FiOS-OEQ3H,[WPA2_PSK],2025-3-28 15:4:4,11,-91,34.0381279,-117.1953278,408.20,1.25,WIFI
F8:5B:3B:58:3F:15,SpectrumSetup-17,[WPA2_PSK],2025-3-28 15:4:8,1,-67,34.0385666,-117.1956787,405.90,1.25,WIFI
0A:55:1F:37:AB:14,,[WPA2_PSK],2025-3-28 15:4:8,1,-85,34.0385666,-117.1956787,405.90,1.25,WIFI
2A:0F:EB:5A:FF:1E,TEG-1P7,[WPA2_PSK],2025-3-28 15:4:8,1,-88,34.0385666,-117.1956787,405.90,1.25,WIFI
A0:55:1F:37:AB:12,SpectrumSetup-AB0C,[WPA2_PSK],2025-3-28 15:4:8,1,-89,34.0385666,-117.1956787,405.90,1.25,WIFI
00:C8:96:04:8B:08,,[WPA_WPA2_PSK],2025-3-28 15:4:8,1,-92,34.0385666,-117.1956787,405.90,1.25,WIFI
64:DA:ED:50:5E:27,,[OPEN],2025-3-28 15:4:14,6,-68,34.0392265,-117.1961975,402.10,1.25,WIFI
64:DA:ED:50:5E:25,FiOS-HL8M8,[WPA2_PSK],2025-3-28 15:4:14,6,-68,34.0392265,-117.1961975,402.10,1.25,WIFI
64:DA:ED:50:5E:23,,[WPA3_PSK],2025-3-28 15:4:14,6,-69,34.0392265,-117.1961975,402.10,1.25,WIFI
A0:55:1F:15:A5:39,SpectrumSetup-A533,[WPA2_PSK],2025-3-28 15:4:14,6,-80,34.0392265,-117.1961975,402.10,1.25,WIFI
2E:D7:5B:AE:17:A4,SpectrumSetup-AB0C,[WPA2_PSK],2025-3-28 15:4:14,6,-84,34.0392265,-117.1961975,402.10,1.25,WIFI
82:48:B8:F3:22:44,Proxima,[WPA2_PSK],2025-3-28 15:4:14,7,-62,34.0392265,-117.1961975,402.10,1.25,WIFI
82:48:B8:F3:22:46,CLM1,[WPA2_PSK],2025-3-28 15:4:14,7,-62,34.0392265,-117.1961975,402.10,1.25,WIFI
82:48:B8:F3:22:45,,[WPA2_PSK],2025-3-28 15:4:14,7,-65,34.0392265,-117.1961975,402.10,1.25,WIFI
10:27:F5:97:8F:82,savage059,[WPA2_PSK],2025-3-28 15:4:16,8,-82,34.0394516,-117.1963730,400.40,1.25,WIFI
16:27:F5:97:8F:82,,[WPA2_PSK],2025-3-28 15:4:16,8,-83,34.0394516,-117.1963730,400.40,1.25,WIFI
1A:0C:6B:FF:99:59,SpectrumSetup-07-Guest,[WPA2_PSK],2025-3-28 15:4:16,8,-88,34.0394516,-117.1963730,400.40,1.25,WIFI
16:27:F5:97:91:12,,[WPA2_PSK],2025-3-28 15:4:16,8,-90,34.0394516,-117.1963730,400.40,1.25,WIFI
F0:B6:61:B4:94:44,,[WPA3_PSK],2025-3-28 15:4:19,11,-83,34.0397758,-117.1966324,398.40,1.25,WIFI
F0:B6:61:B4:94:4A,,[OPEN],2025-3-28 15:4:19,11,-84,34.0397758,-117.1966324,398.40,1.25,WIFI
A8:11:FC:A4:15:98,Frontier2256,[WPA2_PSK],2025-3-28 15:4:19,11,-85,34.0397758,-117.1966324,398.40,1.25,WIFI
F0:B6:61:B4:94:47,111-EE50,[WPA2_PSK],2025-3-28 15:4:19,11,-85,34.0397758,-117.1966324,398.40,1.25,WIFI
F0:B6:61:07:1B:27,111-EE50,[WPA2_PSK],2025-3-28 15:4:19,11,-85,34.0397758,-117.1966324,398.40,1.25,WIFI
B0:6A:41:B5:D3:3A,Netgear,[WPA2_PSK],2025-3-28 15:4:19,11,-86,34.0397758,-117.1966324,398.40,1.25,WIFI
F0:B6:61:07:1B:24,,[WPA3_PSK],2025-3-28 15:4:19,11,-86,34.0397758,-117.1966324,398.40,1.25,WIFI
F0:B6:61:07:1B:2A,,[OPEN],2025-3-28 15:4:19,11,-87,34.0397758,-117.1966324,398.40,1.25,WIFI
B0:6A:41:B5:D5:E4,Netgear,[WPA2_PSK],2025-3-28 15:4:19,11,-91,34.0397758,-117.1966324,398.40,1.25,WIFI
94:91:7F:2F:77:AD,SpectrumSetup-AF,[WPA2_PSK],2025-3-28 15:4:22,1,-68,34.0400848,-117.1968079,396.50,1.25,WIFI
C8:A7:0A:99:04:C4,FiOS-NMYWL,[WPA2_PSK],2025-3-28 15:4:22,1,-81,34.0400848,-117.1968079,396.50,1.25,WIFI
4A:55:19:05:96:C2,Tineco_0351,[OPEN],2025-3-28 15:4:22,1,-82,34.0400848,-117.1968079,396.50,1.25,WIFI
B0:6A:41:B5:D3:D4,Netgear,[WPA2_PSK],2025-3-28 15:4:22,1,-84,34.0400848,-117.1968079,396.50,1.25,WIFI
CA:3A:6B:24:AB:7C,,[WPA2_PSK],2025-3-28 15:4:22,1,-87,34.0400848,-117.1968079,396.50,1.25,WIFI
B0:39:56:4F:60:89,NETGEAR43,[WPA2_PSK],2025-3-28 15:4:25,3,-81,34.0402908,-117.1969299,395.60,1.25,WIFI
1A:59:C0:36:BF:B2,CruzClan,[WPA2_PSK],2025-3-28 15:4:26,4,-93,34.0403290,-117.1969528,395.40,1.25,WIFI
18:90:88:2F:9D:53,Loki,[WPA2_PSK],2025-3-28 15:4:28,6,-71,34.0403442,-117.1969681,395.30,1.25,WIFI
18:90:88:2F:9D:55,,[OPEN],2025-3-28 15:4:28,6,-71,34.0403442,-117.1969681,395.30,1.25,WIFI
18:90:88:2F:9D:51,,[WPA3_PSK],2025-3-28 15:4:28,6,-73,34.0403442,-117.1969681,395.30,1.25,WIFI
2C:30:33:46:2B:79,Network_ASH,[WPA2_PSK],2025-3-28 15:4:28,6,-79,34.0403442,-117.1969681,395.30,1.25,WIFI
48:DD:0C:80:F6:65,Loki,[WPA2_PSK],2025-3-28 15:4:28,6,-85,34.0403442,-117.1969681,395.30,1.25,WIFI
48:DD:0C:80:F6:63,,[WPA3_PSK],2025-3-28 15:4:28,6,-85,34.0403442,-117.1969681,395.30,1.25,WIFI
F8:BC:0E:2E:49:03,,[WPA3_PSK],2025-3-28 15:4:28,6,-86,34.0403442,-117.1969681,395.30,1.25,WIFI
F8:BC:0E:2E:49:06,Loki,[WPA2_PSK],2025-3-28 15:4:28,6,-89,34.0403442,-117.1969681,395.30,1.25,WIFI
4C:AB:F8:47:BC:D9,SpectrumSetup-DB,[WPA2_PSK],2025-3-28 15:4:28,6,-90,34.0403442,-117.1969681,395.30,1.25,WIFI
CC:28:AA:57:4C:30,Finn's World,[WPA2_PSK],2025-3-28 15:4:28,7,-83,34.0403442,-117.1969681,395.30,1.25,WIFI
4C:22:F3:BF:71:CF,Verizon_CH46KV,[WPA2_PSK],2025-3-28 15:4:33,11,-82,34.0404320,-117.1970291,395.60,1.25,WIFI
B0:4E:26:80:DA:63,TP-Link_DA63,[WPA_WPA2_PSK],2025-3-28 15:4:33,11,-85,34.0404320,-117.1970291,395.60,1.25,WIFI
4C:19:5D:3D:1C:4F,SpectrumSetup-49,[WPA2_PSK],2025-3-28 15:4:33,11,-85,34.0404320,-117.1970291,395.60,1.25,WIFI
24:2D:6C:23:71:05,,[WPA3_PSK],2025-3-28 15:4:36,1,-70,34.0406303,-117.1971893,395.10,1.25,WIFI
24:2D:6C:23:71:0B,,[OPEN],2025-3-28 15:4:36,1,-71,34.0406303,-117.1971893,395.10,1.25,WIFI
D8:A7:56:67:A9:86,MySpectrumWiFi80-2G,[WPA2_PSK],2025-3-28 15:4:36,1,-74,34.0406303,-117.1971893,395.10,1.25,WIFI
30:57:8E:F3:B9:63,Rockhound1948,[WPA2_PSK],2025-3-28 15:4:36,1,-75,34.0406303,-117.1971893,395.10,1.25,WIFI
30:57:8E:F3:B9:65,,[OPEN],2025-3-28 15:4:36,1,-77,34.0406303,-117.1971893,395.10,1.25,WIFI
30:57:8E:F3:B9:61,,[WPA3_PSK],2025-3-28 15:4:36,1,-77,34.0406303,-117.1971893,395.10,1.25,WIFI
80:3F:5D:79:CE:BC,WAVLINK-N_CEBA,[WPA2_PSK],2025-3-28 15:4:36,1,-78,34.0406303,-117.1971893,395.10,1.25,WIFI
24:2D:6C:23:71:08,Frontier0536,[WPA2_PSK],2025-3-28 15:4:36,1,-80,34.0406303,-117.1971893,395.10,1.25,WIFI
34:53:D2:C5:F2:71,LakesideChillin,[WPA2_PSK],2025-3-28 15:4:42,6,-49,34.0412025,-117.1976471,391.50,1.25,WIFI
D4:3F:32:84:DA:89,,[OPEN],2025-3-28 15:4:42,6,-72,34.0412025,-117.1976471,391.50,1.25,WIFI
D4:3F:32:84:DA:86,frontier,[WPA2_PSK],2025-3-28 15:4:42,6,-73,34.0412025,-117.1976471,391.50,1.25,WIFI
D4:3F:32:84:DA:83,,[WPA3_PSK],2025-3-28 15:4:42,6,-73,34.0412025,-117.1976471,391.50,1.25,WIFI
C8:C6:FE:77:BA:C3,,[WPA3_PSK],2025-3-28 15:4:42,6,-74,34.0412025,-117.1976471,391.50,1.25,WIFI
C8:C6:FE:77:BA:C9,,[OPEN],2025-3-28 15:4:42,6,-74,34.0412025,-117.1976471,391.50,1.25,WIFI
C8:C6:FE:77:BA:C6,frontier,[WPA2_PSK],2025-3-28 15:4:42,6,-74,34.0412025,-117.1976471,391.50,1.25,WIFI
F0:7B:65:41:45:71,SpectrumSetup-456B,[WPA2_PSK],2025-3-28 15:4:42,6,-78,34.0412025,-117.1976471,391.50,1.25,WIFI
C8:C6:FE:60:58:C9,,[OPEN],2025-3-28 15:4:42,6,-86,34.0412025,-117.1976471,391.50,1.25,WIFI
22:3E:A4:90:93:F2,,[WPA2_PSK],2025-3-28 15:4:42,6,-87,34.0412025,-117.1976471,391.50,1.25,WIFI
3C:28:6D:9C:4E:34,Crazy House ,[WPA2_PSK],2025-3-28 15:4:42,6,-89,34.0412025,-117.1976471,391.50,1.25,WIFI
8C:85:80:EF:D6:79,,[WPA_WPA2_PSK],2025-3-28 15:4:45,9,-53,34.0415154,-117.1979065,388.50,1.25,WIFI
6C:CD:D6:E2:F6:5A,,[WPA2_PSK],2025-3-28 15:4:45,9,-56,34.0415154,-117.1979065,388.50,1.25,WIFI
72:CD:D6:E2:F6:5A,SLAWSOMENESS,[WPA2_PSK],2025-3-28 15:4:45,9,-56,34.0415154,-117.1979065,388.50,1.25,WIFI
72:CD:D6:E2:9D:01,,[WPA2_PSK],2025-3-28 15:4:45,9,-61,34.0415154,-117.1979065,388.50,1.25,WIFI
A2:A2:F4:4E:E8:52,,[WPA2_PSK],2025-3-28 15:4:45,9,-69,34.0415154,-117.1979065,388.50,1.25,WIFI
9C:A2:F4:4E:E8:52,kal-mesh,[WPA2_PSK],2025-3-28 15:4:45,9,-74,34.0415154,-117.1979065,388.50,1.25,WIFI
6C:CD:D6:E2:9D:01,SLAWSOMENESS,[WPA2_PSK],2025-3-28 15:4:45,9,-75,34.0415154,-117.1979065,388.50,1.25,WIFI
9C:A2:F4:4E:E8:56,kal-mesh,[WPA2_PSK],2025-3-28 15:4:45,9,-83,34.0415154,-117.1979065,388.50,1.25,WIFI
D0:6D:C9:31:5A:96,Frontier0018,[WPA2_PSK],2025-3-28 15:4:47,11,-78,34.0417328,-117.1980743,386.70,1.25,WIFI
34:53:D2:23:BE:66,SpectrumSetup-60,[WPA2_PSK],2025-3-28 15:4:49,1,-86,34.0419502,-117.1982498,385.10,1.25,WIFI
14:B7:F8:B0:61:F6,Izzy55,[WPA2_PSK],2025-3-28 15:4:49,1,-88,34.0419502,-117.1982498,385.10,1.25,WIFI
24:41:FE:77:E1:02,Endres Linksys,[WPA2_PSK],2025-3-28 15:4:49,1,-93,34.0419502,-117.1982498,385.10,1.25,WIFI
92:3B:AD:21:A4:90,ORBI13,[WPA2_PSK],2025-3-28 15:4:53,3,-77,34.0423889,-117.1986008,383.60,1.25,WIFI
96:3B:AD:21:A2:B5,,[WPA2_PSK],2025-3-28 15:4:53,3,-78,34.0423889,-117.1986008,383.60,1.25,WIFI
E6:FA:C4:1F:20:F3,TP-Link_Guest_20F3,[WPA2_PSK],2025-3-28 15:4:53,3,-87,34.0423889,-117.1986008,383.60,1.25,WIFI
E4:FA:C4:8F:20:F3,ThisOldHouse,[WPA2_PSK],2025-3-28 15:4:53,3,-88,34.0423889,-117.1986008,383.60,1.25,WIFI
92:EB:B6:74:01:C5,,[WPA2_PSK],2025-3-28 15:4:55,5,-72,34.0426025,-117.1987686,382.90,1.25,WIFI
14:EB:B6:74:01:C3,Husbander-tron,[WPA2_PSK],2025-3-28 15:4:55,5,-73,34.0426025,-117.1987686,382.90,1.25,WIFI
18:90:88:DF:AA:25,Eero Wifi,[WPA2_PSK],2025-3-28 15:4:56,6,-75,34.0427132,-117.1988449,382.60,1.25,WIFI
18:90:88:FF:5D:A7,,[OPEN],2025-3-28 15:4:56,6,-75,34.0427132,-117.1988449,382.60,1.25,WIFI
18:90:88:DF:AA:2B,Eero Wifi Guest,[WPA2_PSK],2025-3-28 15:4:56,6,-76,34.0427132,-117.1988449,382.60,1.25,WIFI
18:90:88:FF:5D:A5,Eero Wifi,[WPA2_PSK],2025-3-28 15:4:56,6,-76,34.0427132,-117.1988449,382.60,1.25,WIFI
00:AB:48:E1:84:E3,,[WPA3_PSK],2025-3-28 15:4:56,6,-76,34.0427132,-117.1988449,382.60,1.25,WIFI
18:90:88:DF:AA:27,,[OPEN],2025-3-28 15:4:56,6,-76,34.0427132,-117.1988449,382.60,1.25,WIFI
18:90:88:DF:AA:23,,[WPA3_PSK],2025-3-28 15:4:56,6,-76,34.0427132,-117.1988449,382.60,1.25,WIFI
18:90:88:FF:5D:A3,,[WPA3_PSK],2025-3-28 15:4:56,6,-76,34.0427132,-117.1988449,382.60,1.25,WIFI
18:90:88:FF:5D:AB,Eero Wifi Guest,[WPA2_PSK],2025-3-28 15:4:56,6,-76,34.0427132,-117.1988449,382.60,1.25,WIFI
00:AB:48:E1:84:E7,,[OPEN],2025-3-28 15:4:56,6,-77,34.0427132,-117.1988449,382.60,1.25,WIFI
AC:91:9B:C1:1A:BA,Verizon_Z4TGCG,[WPA2_PSK],2025-3-28 15:4:56,6,-80,34.0427132,-117.1988449,382.60,1.25,WIFI
08:9B:F1:0E:88:E7,,[OPEN],2025-3-28 15:4:56,6,-88,34.0427132,-117.1988449,382.60,1.25,WIFI
08:9B:F1:0E:88:E3,,[WPA3_PSK],2025-3-28 15:4:56,6,-88,34.0427132,-117.1988449,382.60,1.25,WIFI
E6:FA:C4:2C:FE:C3,,[WPA2_PSK],2025-3-28 15:4:59,8,-85,34.0430107,-117.1990891,381.80,1.25,WIFI
98:6B:3D:D8:7E:B0,Dolly4595,[WPA_WPA2_PSK],2025-3-28 15:4:59,8,-91,34.0430107,-117.1990891,381.80,1.25,WIFI
5E:62:8B:2E:D2:82,TheKrellMainframe,[WPA2_PSK],2025-3-28 15:5:0,9,-75,34.0430946,-117.1991577,381.50,1.25,WIFI
9E:A2:F4:2B:4C:42,TheKrellMainframe,[WPA2_PSK],2025-3-28 15:5:0,9,-81,34.0430946,-117.1991577,381.50,1.25,WIFI
4C:19:5D:59:CE:CE,SpectrumSetup-C8,[WPA2_PSK],2025-3-28 15:5:2,11,-72,34.0432358,-117.1992645,381.20,1.25,WIFI
98:F7:81:E8:DA:18,Frontier5104,[WPA2_PSK],2025-3-28 15:5:2,11,-81,34.0432358,-117.1992645,381.20,1.25,WIFI
40:4C:77:32:20:B8,Frontier6032,[WPA2_PSK],2025-3-28 15:5:2,11,-84,34.0432358,-117.1992645,381.20,1.25,WIFI
18:9C:27:79:00:B8,Frontier6256,[WPA2_PSK],2025-3-28 15:5:2,11,-85,34.0432358,-117.1992645,381.20,1.25,WIFI
F8:1A:2B:02:61:ED,Casa google,[WPA2_PSK],2025-3-28 15:5:2,11,-85,34.0432358,-117.1992645,381.20,1.25,WIFI
10:C3:7B:D3:2F:10,ASUS_24GHz,[WPA2_PSK],2025-3-28 15:5:2,11,-86,34.0432358,-117.1992645,381.20,1.25,WIFI
20:37:F0:6D:86:22,Endres Linksys,[WPA2_PSK],2025-3-28 15:5:5,1,-52,34.0433273,-117.1993332,380.90,1.25,WIFI
DE:91:BF:F5:33:CB,,[WPA2_PSK],2025-3-28 15:5:5,1,-78,34.0433273,-117.1993332,380.90,1.25,WIFI
C0:A0:0D:F4:B6:F8,Frontier5104,[WPA2_PSK],2025-3-28 15:5:5,1,-78,34.0433273,-117.1993332,380.90,1.25,WIFI
CC:CF:83:83:1B:5F,,[WPA_WPA2_PSK],2025-3-28 15:5:5,1,-91,34.0433273,-117.1993332,380.90,1.25,WIFI
C4:41:1E:2B:F5:96,Tell-My-WiFi-Luv-Her,[WPA2_PSK],2025-3-28 15:5:7,2,-76,34.0433464,-117.1993637,380.90,1.25,WIFI
CA:41:1E:2B:F5:96,,[WPA2_PSK],2025-3-28 15:5:7,2,-76,34.0433464,-117.1993637,380.90,1.25,WIFI
96:3B:AD:21:A4:90,,[WPA2_PSK],2025-3-28 15:5:8,3,-80,34.0433807,-117.1993790,380.80,1.25,WIFI
10:DA:43:99:AA:F6,NETGEAR29,[WPA2_PSK],2025-3-28 15:5:8,3,-95,34.0433807,-117.1993790,380.80,1.25,WIFI
F0:B6:61:84:70:2A,,[OPEN],2025-3-28 15:5:11,6,-76,34.0435371,-117.1995010,380.80,1.25,WIFI
F4:52:46:8C:52:F5,SpectrumSetup-52F8,[WPA2_PSK],2025-3-28 15:5:11,6,-77,34.0435371,-117.1995010,380.80,1.25,WIFI
F0:B6:61:84:70:24,,[WPA3_PSK],2025-3-28 15:5:11,6,-77,34.0435371,-117.1995010,380.80,1.25,WIFI
F8:5B:3B:6F:41:44,DONEL,[WPA2_PSK],2025-3-28 15:5:11,6,-77,34.0435371,-117.1995010,380.80,1.25,WIFI
F0:B6:61:84:70:27,Pointer Wifi,[WPA2_PSK],2025-3-28 15:5:11,6,-78,34.0435371,-117.1995010,380.80,1.25,WIFI
54:07:7D:0E:3B:3F,JSF2235,[WPA2_PSK],2025-3-28 15:5:13,8,-89,34.0437050,-117.1996307,379.70,1.25,WIFI
9C:A2:F4:2B:4C:42,,[WPA2_PSK],2025-3-28 15:5:14,9,-70,34.0437965,-117.1997147,379.20,1.25,WIFI
9E:A2:F4:2B:47:5E,TheKrellMainframe,[WPA2_PSK],2025-3-28 15:5:14,9,-76,34.0437965,-117.1997147,379.20,1.25,WIFI
BA:B0:24:79:97:1E,,[WPA2_PSK],2025-3-28 15:5:15,10,-84,34.0438957,-117.1997910,378.80,1.25,WIFI
B4:B0:24:79:97:1E,BVwifi,[WPA2_PSK],2025-3-28 15:5:15,10,-85,34.0438957,-117.1997910,378.80,1.25,WIFI
D8:EB:97:EE:2E:32,Keidel2.4-private,[WPA2_PSK],2025-3-28 15:5:15,10,-92,34.0438957,-117.1997910,378.80,1.25,WIFI
DA:EB:97:EE:2E:35,Keidel-guest2.4,[WPA2_PSK],2025-3-28 15:5:15,10,-92,34.0438957,-117.1997910,378.80,1.25,WIFI
22:3E:A4:9A:0C:40,,[WPA2_PSK],2025-3-28 15:5:15,10,-93,34.0438957,-117.1997910,378.80,1.25,WIFI
0E:5A:25:08:4E:6A,SpectrumSetup-69,[WPA2_PSK],2025-3-28 15:5:15,11,-84,34.0438957,-117.1997910,378.80,1.25,WIFI
90:9A:4A:47:AA:E6,joola-5G_2.4GEXT,[WPA2_PSK],2025-3-28 15:5:15,11,-86,34.0438957,-117.1997910,378.80,1.25,WIFI
48:5D:36:48:3D:46,Klausz_WiFi,[WPA2_PSK],2025-3-28 15:5:15,11,-87,34.0438957,-117.1997910,378.80,1.25,WIFI
00:17:1A:D5:37:06,Winegard2ghzD53705,[WPA2_PSK],2025-3-28 15:5:15,11,-91,34.0438957,-117.1997910,378.80,1.25,WIFI
02:17:1A:D5:37:06,,[WPA2_PSK],2025-3-28 15:5:15,11,-94,34.0438957,-117.1997910,378.80,1.25,WIFI
86:69:1A:94:49:40,,[WPA2_WPA3_PSK],2025-3-28 15:5:19,1,-60,34.0443153,-117.2001190,377.60,1.25,WIFI
80:69:1A:94:49:40,Leason2.0,[WPA2_WPA3_PSK],2025-3-28 15:5:19,1,-66,34.0443153,-117.2001190,377.60,1.25,WIFI
6C:1D:EB:40:FD:9E,EA-J94222900796A0,[WPA_WPA2_PSK],2025-3-28 15:5:19,1,-73,34.0443153,-117.2001190,377.60,1.25,WIFI
4C:AB:F8:46:5B:FD,SpectrumSetup-FF,[WPA2_PSK],2025-3-28 15:5:19,1,-82,34.0443153,-117.2001190,377.60,1.25,WIFI
34:53:D2:52:09:CE,SpectrumSetup-C8,[WPA2_PSK],2025-3-28 15:5:19,1,-83,34.0443153,-117.2001190,377.60,1.25,WIFI
C8:B4:22:05:E5:E7,Cooks Retreat,[WPA2_PSK],2025-3-28 15:5:19,1,-87,34.0443153,-117.2001190,377.60,1.25,WIFI
38:22:E2:8B:48:FF,DIRECT-FE-HP DeskJet 3700 series,[WPA2_PSK],2025-3-28 15:5:19,1,-94,34.0443153,-117.2001190,377.60,1.25,WIFI
FC:34:97:05:D4:D1,BeOurGuest,[WPA2_WPA3_PSK],2025-3-28 15:5:20,2,-93,34.0444221,-117.2002106,377.60,1.25,WIFI
A4:11:62:72:9A:12,ARLO_VMB_4422026869,[WPA2_PSK],2025-3-28 15:5:22,3,-86,34.0446434,-117.2003860,376.70,1.25,WIFI
82:CC:9C:DE:18:71,Keidel5-private,[WPA2_PSK],2025-3-28 15:5:22,3,-89,34.0446434,-117.2003860,376.70,1.25,WIFI
80:CC:9C:EE:18:71,Keidel-guest2.4,[WPA2_PSK],2025-3-28 15:5:22,3,-90,34.0446434,-117.2003860,376.70,1.25,WIFI
28:C2:DD:BD:4C:74,WMbd4c74,[OPEN],2025-3-28 15:5:22,3,-91,34.0446434,-117.2003860,376.70,1.25,WIFI
82:CC:9C:EE:18:71,Keidel2.4-private,[WPA2_PSK],2025-3-28 15:5:22,3,-92,34.0446434,-117.2003860,376.70,1.25,WIFI
80:69:1A:94:49:9A,Leason2.0,[WPA2_WPA3_PSK],2025-3-28 15:5:22,4,-70,34.0446434,-117.2003860,376.70,1.25,WIFI
80:69:1A:94:41:18,Leason2.0,[WPA2_WPA3_PSK],2025-3-28 15:5:22,4,-74,34.0446434,-117.2003860,376.70,1.25,WIFI
86:69:1A:94:41:18,,[WPA2_WPA3_PSK],2025-3-28 15:5:22,4,-74,34.0446434,-117.2003860,376.70,1.25,WIFI
86:69:1A:94:49:9A,,[WPA2_WPA3_PSK],2025-3-28 15:5:22,4,-80,34.0446434,-117.2003860,376.70,1.25,WIFI
86:69:1A:95:12:0F,,[WPA2_WPA3_PSK],2025-3-28 15:5:24,5,-80,34.0448570,-117.2005615,376.30,1.25,WIFI
D0:16:7C:8D:8B:E5,curtanddi,[WPA2_PSK],2025-3-28 15:5:25,6,-79,34.0449638,-117.2006378,376.30,1.25,WIFI
9C:A5:70:9B:A0:03,,[WPA3_PSK],2025-3-28 15:5:25,6,-80,34.0449638,-117.2006378,376.30,1.25,WIFI
9C:A5:70:9B:A0:07,,[OPEN],2025-3-28 15:5:25,6,-80,34.0449638,-117.2006378,376.30,1.25,WIFI
58:2F:F7:75:40:C6,SpectrumSetup-C0,[WPA2_PSK],2025-3-28 15:5:25,6,-81,34.0449638,-117.2006378,376.30,1.25,WIFI
D0:16:7C:8D:8B:E3,,[WPA3_PSK],2025-3-28 15:5:25,6,-81,34.0449638,-117.2006378,376.30,1.25,WIFI
D4:3F:32:6C:47:C3,,[WPA3_PSK],2025-3-28 15:5:25,6,-81,34.0449638,-117.2006378,376.30,1.25,WIFI
D0:16:7C:8D:8B:E7,,[OPEN],2025-3-28 15:5:25,6,-82,34.0449638,-117.2006378,376.30,1.25,WIFI
D4:3F:32:6C:47:C6,durian,[WPA2_PSK],2025-3-28 15:5:25,6,-82,34.0449638,-117.2006378,376.30,1.25,WIFI
F0:B6:61:0F:F0:C4,,[WPA3_PSK],2025-3-28 15:5:25,6,-83,34.0449638,-117.2006378,376.30,1.25,WIFI
D4:3F:32:6C:47:C9,,[OPEN],2025-3-28 15:5:25,6,-83,34.0449638,-117.2006378,376.30,1.25,WIFI
60:F4:19:01:28:A6,WZWMK,[WPA2_PSK],2025-3-28 15:5:25,6,-87,34.0449638,-117.2006378,376.30,1.25,WIFI
F0:B6:61:0F:F0:C7,Pointer Wifi,[WPA2_PSK],2025-3-28 15:5:25,6,-88,34.0449638,-117.2006378,376.30,1.25,WIFI
80:69:1A:94:41:B4,Leason2.0,[WPA2_WPA3_PSK],2025-3-28 15:5:28,9,-88,34.0452423,-117.2008667,376.00,1.25,WIFI
86:69:1A:94:41:B4,,[WPA2_WPA3_PSK],2025-3-28 15:5:28,9,-89,34.0452423,-117.2008667,376.00,1.25,WIFI
9C:C8:FC:01:AE:48,Roberts,[WPA2_PSK],2025-3-28 15:5:30,11,-78,34.0453682,-117.2009583,375.90,1.25,WIFI
84:1E:A3:29:7F:16,Marquez,[WPA2_PSK],2025-3-28 15:5:30,11,-79,34.0453682,-117.2009583,375.90,1.25,WIFI
66:CB:E9:7C:99:EC,[LG_Oven]99ec,[WPA2_PSK],2025-3-28 15:5:30,11,-83,34.0453682,-117.2009583,375.90,1.25,WIFI
CC:58:30:64:D4:D6,TMOBILE-D4D1,[WPA2_WPA3_PSK],2025-3-28 15:5:30,11,-83,34.0453682,-117.2009583,375.90,1.25,WIFI
58:2F:F7:68:A1:56,SpectrumSetup-50,[WPA2_PSK],2025-3-28 15:5:30,11,-85,34.0453682,-117.2009583,375.90,1.25,WIFI
9C:05:D6:62:FA:5A,ManagementVds,[WPA2_WPA3_PSK],2025-3-28 15:5:30,11,-90,34.0453682,-117.2009583,375.90,1.25,WIFI
7E:AC:B9:BD:D4:B8,iPhoneSetup,[WPA2_PSK],2025-3-28 15:5:32,1,-83,34.0454330,-117.2010498,375.70,1.25,WIFI
7A:AC:B9:BD:D4:B8,BT_Magnolia_guest,[WPA2_PSK],2025-3-28 15:5:32,1,-85,34.0454330,-117.2010498,375.70,1.25,WIFI
74:AC:B9:BD:D4:B8,BT_Magnolia,[WPA2_PSK],2025-3-28 15:5:32,1,-86,34.0454330,-117.2010498,375.70,1.25,WIFI
84:70:51:B2:C4:1A,CarPlay_c41a,[WPA2_PSK],2025-3-28 15:5:32,1,-89,34.0454330,-117.2010498,375.70,1.25,WIFI
4C:19:5D:B3:90:B8,SpectrumSetup-B2,[WPA2_PSK],2025-3-28 15:5:32,1,-90,34.0454330,-117.2010498,375.70,1.25,WIFI
88:57:1D:51:C7:14,[range]_E30AJT7113083P,[WPA2_PSK],2025-3-28 15:5:37,4,-89,34.0453262,-117.2013550,375.60,1.25,WIFI
44:EA:D8:1E:24:B8,ChimePro-1E24B7,[OPEN],2025-3-28 15:5:39,6,-65,34.0452347,-117.2015228,375.70,1.25,WIFI
22:48:6C:B1:A8:3B,,[WPA2_PSK],2025-3-28 15:5:39,6,-78,34.0452347,-117.2015228,375.70,1.25,WIFI
74:AC:B9:BD:CB:D1,BT_Magnolia,[WPA2_PSK],2025-3-28 15:5:39,6,-79,34.0452347,-117.2015228,375.70,1.25,WIFI
82:AC:B9:BD:CB:D1,,[WPA2_PSK],2025-3-28 15:5:39,6,-79,34.0452347,-117.2015228,375.70,1.25,WIFI
7A:AC:B9:BD:CB:D1,BT_Magnolia_guest,[WPA2_PSK],2025-3-28 15:5:39,6,-80,34.0452347,-117.2015228,375.70,1.25,WIFI
7E:AC:B9:BD:CB:D1,iPhoneSetup,[WPA2_PSK],2025-3-28 15:5:39,6,-81,34.0452347,-117.2015228,375.70,1.25,WIFI
9C:A5:70:9B:A0:05,Normanrose,[WPA2_PSK],2025-3-28 15:5:39,6,-85,34.0452347,-117.2015228,375.70,1.25,WIFI
60:F4:19:01:28:A3,,[WPA3_PSK],2025-3-28 15:5:39,6,-86,34.0452347,-117.2015228,375.70,1.25,WIFI
60:F4:19:01:28:A9,,[OPEN],2025-3-28 15:5:39,6,-86,34.0452347,-117.2015228,375.70,1.25,WIFI
F8:E4:FB:03:39:7E,2BPB2,[WPA2_PSK],2025-3-28 15:5:39,6,-93,34.0452347,-117.2015228,375.70,1.25,WIFI
56:13:79:C7:1D:8E,DIRECT-8e-HP M281 LaserJet,[WPA2_PSK],2025-3-28 15:5:39,6,-94,34.0452347,-117.2015228,375.70,1.25,WIFI
16:0C:6B:32:3D:8C,RPNet,[WPA2_PSK],2025-3-28 15:5:42,8,-94,34.0451088,-117.2017365,375.90,1.25,WIFI
10:0C:6B:32:3D:8C,,[WPA2_PSK],2025-3-28 15:5:42,8,-95,34.0451088,-117.2017365,375.90,1.25,WIFI
22:3E:A4:04:CF:C2,,[WPA2_PSK],2025-3-28 15:5:45,11,-76,34.0449562,-117.2017899,376.10,1.25,WIFI
9C:0B:05:C3:67:C7,GeorgeYaz,[WPA2_PSK],2025-3-28 15:5:45,11,-80,34.0449562,-117.2017899,376.10,1.25,WIFI
9C:0B:05:C3:67:CA,,[OPEN],2025-3-28 15:5:45,11,-80,34.0449562,-117.2017899,376.10,1.25,WIFI
84:A0:6E:C9:E2:16,joola-2G,[WPA2_PSK],2025-3-28 15:5:45,11,-89,34.0449562,-117.2017899,376.10,1.25,WIFI
F8:F5:32:4C:34:08,Frontier0816,[WPA2_PSK],2025-3-28 15:5:45,11,-91,34.0449562,-117.2017899,376.10,1.25,WIFI
C4:8E:8F:E4:98:76,WIFIE49872,[WPA2_PSK],2025-3-28 15:5:45,11,-91,34.0449562,-117.2017899,376.10,1.25,WIFI
1E:67:BE:09:97:E9,,[WPA2_PSK],2025-3-28 15:5:47,1,-77,34.0448341,-117.2017288,376.10,1.25,WIFI
2C:67:BE:09:97:EF,SpectrumSetup-97EB,[WPA2_PSK],2025-3-28 15:5:47,1,-79,34.0448341,-117.2017288,376.10,1.25,WIFI
1E:67:BE:09:97:E8,,[WPA2_PSK],2025-3-28 15:5:47,1,-79,34.0448341,-117.2017288,376.10,1.25,WIFI
CC:40:D0:A2:8E:62,NETGEAR91,[WPA2_PSK],2025-3-28 15:5:47,1,-80,34.0448341,-117.2017288,376.10,1.25,WIFI
F4:52:46:1D:8C:B9,SpectrumSetup-BB,[WPA2_PSK],2025-3-28 15:5:47,1,-81,34.0448341,-117.2017288,376.10,1.25,WIFI
A0:04:60:CE:27:AC,NETGEAR49,[WPA2_PSK],2025-3-28 15:5:47,1,-89,34.0448341,-117.2017288,376.10,1.25,WIFI
9A:0C:7A:D4:2C:F8,SpectrumSetup-97EB,[WPA2_PSK],2025-3-28 15:5:47,1,-89,34.0448341,-117.2017288,376.10,1.25,WIFI
DA:31:34:C3:F9:83,,[WPA2_PSK],2025-3-28 15:5:47,1,-90,34.0448341,-117.2017288,376.10,1.25,WIFI
DA:31:34:D0:B7:61,,[WPA2_PSK],2025-3-28 15:5:47,1,-92,34.0448341,-117.2017288,376.10,1.25,WIFI
04:B6:BE:46:60:CE,,[WPA_WPA2_PSK],2025-3-28 15:5:47,2,-79,34.0448341,-117.2017288,376.10,1.25,WIFI
FC:34:97:05:D4:D0,Belle-2G,[WPA2_PSK],2025-3-28 15:5:47,2,-80,34.0448341,-117.2017288,376.10,1.25,WIFI
54:04:63:FB:12:D8,,[WPA_WPA2_PSK],2025-3-28 15:5:51,3,-71,34.0445786,-117.2015381,376.80,1.25,WIFI
60:32:B1:31:E3:3E,DECO,[WPA2_PSK],2025-3-28 15:5:51,3,-87,34.0445786,-117.2015381,376.80,1.25,WIFI
66:32:B1:31:E8:12,,[WPA2_PSK],2025-3-28 15:5:51,3,-89,34.0445786,-117.2015381,376.80,1.25,WIFI
90:CA:FA:9B:59:3C,The Force,[WPA2_PSK],2025-3-28 15:5:54,6,-77,34.0444336,-117.2014236,377.50,1.25,WIFI
98:ED:5C:83:A7:13,TeslaPV_83A713,[WPA2_PSK],2025-3-28 15:5:56,8,-80,34.0443916,-117.2013397,377.80,1.25,WIFI
5C:62:8B:EE:D2:82,,[WPA_WPA2_PSK],2025-3-28 15:5:57,9,-90,34.0443916,-117.2012939,377.70,1.25,WIFI
02:13:37:AA:3A:34,manage,[WPA2_PSK],2025-3-28 15:5:59,11,-55,34.0444069,-117.2012482,377.90,1.25,WIFI
00:13:37:AA:3A:34,Redlands Free WiFi,[OPEN],2025-3-28 15:5:59,11,-55,34.0444069,-117.2012482,377.90,1.25,WIFI
D4:05:DE:89:EE:64,,[WPA3_PSK],2025-3-28 15:5:59,11,-80,34.0444069,-117.2012482,377.90,1.25,WIFI
D4:05:DE:89:EE:6A,,[OPEN],2025-3-28 15:5:59,11,-81,34.0444069,-117.2012482,377.90,1.25,WIFI
D4:05:DE:89:EE:67,Honn,[WPA2_PSK],2025-3-28 15:5:59,11,-81,34.0444069,-117.2012482,377.90,1.25,WIFI
22:3E:A4:9C:D0:7F,,[WPA2_PSK],2025-3-28 15:5:59,11,-94,34.0444069,-117.2012482,377.90,1.25,WIFI
90:CA:FA:9B:5C:CF,The Force,[WPA2_PSK],2025-3-28 15:6:2,1,-73,34.0444107,-117.2012100,377.80,1.50,WIFI
58:68:7A:10:AF:16,Cookie,[WPA2_WPA3_PSK],2025-3-28 15:6:2,1,-87,34.0444107,-117.2012100,377.80,1.50,WIFI
C2:A5:11:13:4D:0C,ORBI42,[WPA2_PSK],2025-3-28 15:6:6,4,-88,34.0444107,-117.2012100,377.80,1.25,WIFI
C6:A5:11:13:3E:5C,,[WPA2_PSK],2025-3-28 15:6:6,4,-93,34.0444107,-117.2012100,377.80,1.25,WIFI
90:CA:FA:9B:5D:1A,The Force,[WPA2_PSK],2025-3-28 15:6:8,6,-64,34.0444069,-117.2012024,377.80,1.25,WIFI
00:23:A7:D8:D9:89,TEG-1Y9,[WPA_WPA2_PSK],2025-3-28 15:6:13,11,-89,34.0444069,-117.2012024,377.80,1.25,WIFI
9A:0C:7A:D4:3E:98,SpectrumSetup-97EB,[WPA2_PSK],2025-3-28 15:6:16,1,-89,34.0444069,-117.2012024,377.70,1.50,WIFI
8A:0C:7A:D4:2C:F8,,[WPA2_PSK],2025-3-28 15:6:16,1,-89,34.0444069,-117.2012024,377.70,1.50,WIFI
AA:0C:7A:D4:2C:F8,,[WPA2_PSK],2025-3-28 15:6:16,1,-90,34.0444069,-117.2012024,377.70,1.50,WIFI
AA:0C:7A:D4:3E:98,,[WPA2_PSK],2025-3-28 15:6:16,1,-90,34.0444069,-117.2012024,377.70,1.50,WIFI
8A:0C:7A:D4:3E:98,,[WPA2_PSK],2025-3-28 15:6:16,1,-91,34.0444069,-117.2012024,377.70,1.50,WIFI
00:C8:96:B2:DC:40,,[WPA_WPA2_PSK],2025-3-28 15:6:27,11,-93,34.0443993,-117.2012024,377.20,1.50,WIFI
C6:A5:11:13:55:77,,[WPA2_PSK],2025-3-28 15:6:34,4,-92,34.0443993,-117.2011948,377.00,1.50,WIFI
F8:5B:3B:CE:64:39,MandC,[WPA2_PSK],2025-3-28 15:6:41,11,-90,34.0443954,-117.2011948,377.10,1.50,WIFI
60:32:B1:31:E8:12,DECO,[WPA2_PSK],2025-3-28 15:6:47,3,-90,34.0443916,-117.2011948,377.20,1.25,WIFI
C6:A5:11:13:4D:0C,,[WPA2_PSK],2025-3-28 15:6:48,4,-87,34.0443916,-117.2011948,377.20,1.25,WIFI
80:78:71:80:F3:1F,SpectrumSetup-21,[WPA2_PSK],2025-3-28 15:6:50,6,-81,34.0443916,-117.2011948,377.30,1.50,WIFI
CC:2D:21:FF:71:71,Boopers,[WPA_WPA2_PSK],2025-3-28 15:6:50,6,-95,34.0443916,-117.2011948,377.30,1.50,WIFI
F4:52:46:ED:3A:23,Joefamily,[WPA2_PSK],2025-3-28 15:7:4,6,-91,34.0443916,-117.2011948,377.10,1.50,WIFI
08:7B:12:48:BA:26,Frontier0294,[WPA2_PSK],2025-3-28 15:7:18,6,-93,34.0443878,-117.2011948,377.00,1.50,WIFI
2E:80:88:D7:76:8B,Cohen,[WPA2_PSK],2025-3-28 15:7:49,9,-90,34.0443840,-117.2011871,377.20,1.50,WIFI
88:3D:24:AA:F1:9C,Davida,[WPA2_PSK],2025-3-28 15:8:23,1,-91,34.0443840,-117.2011871,377.20,1.50,WIFI
D8:C8:E9:79:87:E2,Lumiere,[WPA2_PSK],2025-3-28 15:8:52,2,-93,34.0443802,-117.2011795,377.30,1.50,WIFI
C2:A5:11:13:55:77,ORBI42,[WPA2_PSK],2025-3-28 15:8:54,4,-91,34.0443802,-117.2011795,377.30,1.50,WIFI
40:2B:50:7E:B7:48,Golfdude,[WPA2_PSK],2025-3-28 15:9:1,11,-95,34.0443802,-117.2011795,377.30,1.50,WIFI
04:17:B6:86:AE:93,,[WPA_WPA2_PSK],2025-3-28 15:9:15,11,-95,34.0443764,-117.2011795,377.40,1.50,WIFI
68:3A:48:11:A4:C8,[fridge]_E30AJT5113389T,[WPA2_PSK],2025-3-28 15:9:32,1,-80,34.0443764,-117.2011795,377.50,1.50,WIFI
30:23:03:F9:F5:A7,Linksys07099,[WPA2_PSK],2025-3-28 15:10:0,1,-93,34.0443764,-117.2011642,377.50,1.50,WIFI
60:45:CB:5C:8F:30,Mills Home_2.4,[WPA2_PSK],2025-3-28 15:11:21,11,-93,34.0443764,-117.2011642,378.00,1.50,WIFI
CC:2D:21:FF:71:81,Boopers,[WPA_WPA2_PSK],2025-3-28 15:11:44,6,-95,34.0444717,-117.2013779,377.90,1.50,WIFI
9C:0B:05:C3:67:C4,,[WPA3_PSK],2025-3-28 15:11:49,11,-71,34.0447235,-117.2016144,376.10,1.50,WIFI
D6:9C:DD:6E:27:62,SunPower36027,[WPA2_PSK],2025-3-28 15:11:51,1,-78,34.0448151,-117.2016830,375.90,1.50,WIFI
82:AC:B9:BD:D4:B8,,[WPA2_PSK],2025-3-28 15:11:51,1,-80,34.0448151,-117.2016830,375.90,1.50,WIFI
A0:89:66:8D:EC:20,,[WPA_WPA2_PSK],2025-3-28 15:11:54,2,-83,34.0449028,-117.2017441,375.30,1.50,WIFI
00:22:6C:A7:D7:04,,[OPEN],2025-3-28 15:11:54,2,-86,34.0449028,-117.2017441,375.30,1.50,WIFI
72:32:B1:F9:EF:A6,MeatRocket,[WPA2_PSK],2025-3-28 15:12:2,10,-92,34.0448685,-117.2020569,375.40,1.50,WIFI
3A:1A:52:02:F5:58,DIRECT-52027558,[WPA2_PSK],2025-3-28 15:12:3,11,-87,34.0448303,-117.2021179,375.80,1.50,WIFI
A0:7F:8A:22:5E:A3,Malloy1412,[WPA2_PSK],2025-3-28 15:12:3,11,-92,34.0448303,-117.2021179,375.80,1.50,WIFI
3C:52:A1:5F:88:36,Frontier8432_EXT,[WPA2_PSK],2025-3-28 15:12:4,1,-83,34.0447998,-117.2021866,376.00,1.50,WIFI
88:57:1D:AA:CE:F4,[dishwasher] Samsung,[WPA2_PSK],2025-3-28 15:12:4,1,-84,34.0447998,-117.2021866,376.00,1.50,WIFI
50:91:E3:AE:75:34,Frontier8432_EXT_EXT,[WPA2_PSK],2025-3-28 15:12:4,1,-90,34.0447998,-117.2021866,376.00,1.50,WIFI
00:22:6C:A7:D6:9C,,[OPEN],2025-3-28 15:12:8,2,-86,34.0446625,-117.2024536,376.50,1.50,WIFI
82:D2:94:A3:AC:31,,[WPA2_PSK],2025-3-28 15:12:10,4,-75,34.0445824,-117.2025909,376.70,1.50,WIFI
82:D2:94:A9:7E:5A,,[WPA2_PSK],2025-3-28 15:12:10,4,-83,34.0445824,-117.2025909,376.70,1.50,WIFI
C6:A5:11:13:61:FC,,[WPA2_PSK],2025-3-28 15:12:10,4,-92,34.0445824,-117.2025909,376.70,1.50,WIFI
84:1E:A3:C8:F9:D6,SpectrumSetup-D0,[WPA2_PSK],2025-3-28 15:12:12,6,-71,34.0445023,-117.2027359,376.60,1.50,WIFI
C8:D3:FF:15:93:18,DIRECT-17-HP ENVY 5660 series,[WPA2_PSK],2025-3-28 15:12:12,6,-76,34.0445023,-117.2027359,376.60,1.50,WIFI
8C:83:94:9F:DE:D1,Verizon_6V4JKP,[WPA2_PSK],2025-3-28 15:12:12,6,-83,34.0445023,-117.2027359,376.60,1.50,WIFI
88:6A:E3:DD:3D:D2,tldd3dd2,[WPA2_PSK],2025-3-28 15:12:12,6,-83,34.0445023,-117.2027359,376.60,1.50,WIFI
54:04:63:FB:09:80,,[WPA_WPA2_PSK],2025-3-28 15:12:12,6,-88,34.0445023,-117.2027359,376.60,1.50,WIFI
40:70:09:46:48:A0,Sprang,[WPA2_PSK],2025-3-28 15:12:13,7,-93,34.0444641,-117.2028122,376.60,1.50,WIFI
D8:EC:5E:7E:62:DA,Lashin,[WPA2_PSK],2025-3-28 15:12:14,8,-78,34.0444183,-117.2028885,376.60,1.50,WIFI
DE:EC:5E:7E:62:DA,_VelopSetup261-guest,[WPA2_PSK],2025-3-28 15:12:14,8,-78,34.0444183,-117.2028885,376.60,1.50,WIFI
CC:CF:83:0D:F8:6C,,[WPA_WPA2_PSK],2025-3-28 15:12:15,9,-89,34.0443802,-117.2029648,376.60,1.50,WIFI
60:32:B1:F9:EF:A6,,[WPA2_PSK],2025-3-28 15:12:16,10,-65,34.0443382,-117.2030411,376.60,1.50,WIFI
6A:32:B1:F9:ED:26,MeatRocket,[WPA2_PSK],2025-3-28 15:12:16,10,-85,34.0443382,-117.2030411,376.60,1.50,WIFI
6E:32:B1:F9:F9:02,MeatRocket,[WPA2_PSK],2025-3-28 15:12:16,10,-86,34.0443382,-117.2030411,376.60,1.50,WIFI
60:32:B1:F9:ED:26,,[WPA2_PSK],2025-3-28 15:12:16,10,-88,34.0443382,-117.2030411,376.60,1.50,WIFI
60:32:B1:F9:F9:02,,[WPA2_PSK],2025-3-28 15:12:16,10,-91,34.0443382,-117.2030411,376.60,1.50,WIFI
A4:97:33:4C:EC:5D,SpectrumSetup-5F,[WPA2_PSK],2025-3-28 15:12:17,11,-75,34.0443039,-117.2031097,376.60,1.50,WIFI
80:78:71:A5:4C:13,SpectrumSetup-15,[WPA2_PSK],2025-3-28 15:12:17,11,-76,34.0443039,-117.2031097,376.60,1.50,WIFI
C8:A7:0A:AF:86:08,FiOS-AI0MH,[WPA2_PSK],2025-3-28 15:12:17,11,-81,34.0443039,-117.2031097,376.60,1.50,WIFI
88:67:46:8C:7A:83,,[WPA3_PSK],2025-3-28 15:12:17,11,-86,34.0443039,-117.2031097,376.60,1.50,WIFI
88:67:46:8C:7A:89,,[OPEN],2025-3-28 15:12:17,11,-86,34.0443039,-117.2031097,376.60,1.50,WIFI
88:67:46:8C:7A:86,lashin,[WPA2_PSK],2025-3-28 15:12:17,11,-86,34.0443039,-117.2031097,376.60,1.50,WIFI
14:C0:3E:FA:EB:58,Shangrila,[WPA2_PSK],2025-3-28 15:12:20,1,-83,34.0441856,-117.2033539,376.80,1.50,WIFI
DE:EC:5E:7E:62:62,_VelopSetup261-guest,[WPA2_PSK],2025-3-28 15:12:20,1,-83,34.0441856,-117.2033539,376.80,1.50,WIFI
C8:63:FC:60:CC:F8,Frontier9856,[WPA2_PSK],2025-3-28 15:12:20,1,-84,34.0441856,-117.2033539,376.80,1.50,WIFI
E2:EC:5E:7E:62:62,,[WPA2_PSK],2025-3-28 15:12:20,1,-84,34.0441856,-117.2033539,376.80,1.50,WIFI
6A:C0:3E:FA:EB:59,Guest2G,[WPA2_PSK],2025-3-28 15:12:20,1,-87,34.0441856,-117.2033539,376.80,1.50,WIFI
00:04:EA:1F:3F:7F,DIRECT-A5-HP Smart Tank 5100,[WPA2_PSK],2025-3-28 15:12:20,1,-91,34.0441856,-117.2033539,376.80,1.50,WIFI
0E:36:C9:FD:C6:E0,guadiz home,[WPA2_PSK],2025-3-28 15:12:22,2,-63,34.0440979,-117.2035217,377.00,1.50,WIFI
38:94:ED:44:8C:0E,guadiz home,[WPA2_PSK],2025-3-28 15:12:22,2,-64,34.0440979,-117.2035217,377.00,1.50,WIFI
08:36:C9:FD:C6:E0,,[WPA2_PSK],2025-3-28 15:12:22,2,-68,34.0440979,-117.2035217,377.00,1.50,WIFI
0E:36:C9:FD:CC:B0,guadiz home,[WPA2_PSK],2025-3-28 15:12:22,2,-71,34.0440979,-117.2035217,377.00,1.50,WIFI
3E:94:ED:44:8C:0E,,[WPA2_PSK],2025-3-28 15:12:22,2,-72,34.0440979,-117.2035217,377.00,1.50,WIFI
08:36:C9:FD:CC:B0,,[WPA2_PSK],2025-3-28 15:12:22,2,-74,34.0440979,-117.2035217,377.00,1.50,WIFI
52:81:40:A8:DB:2E,DIRECT-2e-HP M110 LaserJet,[WPA2_PSK],2025-3-28 15:12:22,2,-86,34.0440979,-117.2035217,377.00,1.50,WIFI
1E:EB:B6:2C:2D:76,TP-LINK_IoT,[WPA_WPA2_PSK],2025-3-28 15:12:26,6,-54,34.0438881,-117.2039032,377.20,1.50,WIFI
1A:EB:B6:2C:2D:76,,[WPA2_PSK],2025-3-28 15:12:26,6,-56,34.0438881,-117.2039032,377.20,1.50,WIFI
14:EB:B6:2C:2D:76,Frontier5472,[WPA2_PSK],2025-3-28 15:12:26,6,-58,34.0438881,-117.2039032,377.20,1.50,WIFI
14:EB:B6:2C:2D:7E,Frontier5472,[WPA2_PSK],2025-3-28 15:12:26,6,-68,34.0438881,-117.2039032,377.20,1.50,WIFI
1A:EB:B6:2C:2D:7E,,[WPA2_PSK],2025-3-28 15:12:26,6,-68,34.0438881,-117.2039032,377.20,1.50,WIFI
14:EB:B6:2C:2D:72,Frontier5472,[WPA2_PSK],2025-3-28 15:12:26,6,-74,34.0438881,-117.2039032,377.20,1.50,WIFI
1A:EB:B6:2C:2D:72,,[WPA2_PSK],2025-3-28 15:12:26,6,-74,34.0438881,-117.2039032,377.20,1.50,WIFI
1E:EB:B6:2C:2D:72,TP-LINK_IoT,[WPA_WPA2_PSK],2025-3-28 15:12:26,6,-74,34.0438881,-117.2039032,377.20,1.50,WIFI
B6:95:75:14:4A:E3,Frontier5472,[WPA2_PSK],2025-3-28 15:12:26,6,-84,34.0438881,-117.2039032,377.20,1.50,WIFI
B6:95:75:14:4A:ED,Frontier5472,[WPA2_PSK],2025-3-28 15:12:26,6,-85,34.0438881,-117.2039032,377.20,1.50,WIFI
B0:95:75:14:4A:E3,,[WPA2_PSK],2025-3-28 15:12:26,6,-89,34.0438881,-117.2039032,377.20,1.50,WIFI
00:C8:96:C3:D7:D8,,[WPA_WPA2_PSK],2025-3-28 15:12:29,9,-89,34.0437393,-117.2041779,377.40,1.50,WIFI
C8:B4:22:80:7A:06,MySpectrumWiFi08-2G,[WPA2_PSK],2025-3-28 15:12:31,11,-76,34.0436478,-117.2043610,377.70,1.50,WIFI
84:70:D7:B9:1E:87,varol,[WPA2_PSK],2025-3-28 15:12:31,11,-76,34.0436478,-117.2043610,377.70,1.50,WIFI
84:70:D7:B9:1E:84,,[WPA3_PSK],2025-3-28 15:12:31,11,-81,34.0436478,-117.2043610,377.70,1.50,WIFI
84:70:D7:B9:1E:8A,,[OPEN],2025-3-28 15:12:31,11,-81,34.0436478,-117.2043610,377.70,1.50,WIFI
08:B4:B1:4A:D3:1C,MP Google Wifi,[WPA2_PSK],2025-3-28 15:12:31,11,-82,34.0436478,-117.2043610,377.70,1.50,WIFI
58:9B:4A:82:BC:DE,SpectrumSetup-48,[WPA2_PSK],2025-3-28 15:12:31,11,-83,34.0436478,-117.2043610,377.70,1.50,WIFI
08:B4:B1:4A:D6:AD,MP Google Wifi,[WPA2_PSK],2025-3-28 15:12:31,11,-84,34.0436478,-117.2043610,377.70,1.50,WIFI
60:32:B1:82:54:26,Tangerino,[WPA_WPA2_PSK],2025-3-28 15:12:31,11,-88,34.0436478,-117.2043610,377.70,1.50,WIFI
8C:85:80:D1:81:C6,,[WPA_WPA2_PSK],2025-3-28 15:12:31,11,-93,34.0436478,-117.2043610,377.70,1.50,WIFI
74:37:5F:F9:3D:A5,SpectrumSetup-A3,[WPA2_PSK],2025-3-28 15:12:32,1,-86,34.0436096,-117.2044373,378.00,1.50,WIFI
38:81:D7:38:26:A9,Ring Setup a8,[OPEN],2025-3-28 15:12:32,1,-87,34.0436096,-117.2044373,378.00,1.50,WIFI
C0:3C:04:AD:12:7D,SpectrumSetup-77,[WPA2_PSK],2025-3-28 15:12:32,1,-88,34.0436096,-117.2044373,378.00,1.50,WIFI
84:1E:A3:2B:EC:66,SpectrumSetup-60,[WPA2_PSK],2025-3-28 15:12:32,1,-90,34.0436096,-117.2044373,378.00,1.50,WIFI
98:F7:81:ED:5B:E0,Frontier0480,[WPA2_PSK],2025-3-28 15:12:32,1,-91,34.0436096,-117.2044373,378.00,1.50,WIFI
AC:91:9B:C0:FD:FE,Verizon_Cruella,[WPA2_PSK],2025-3-28 15:12:32,1,-91,34.0436096,-117.2044373,378.00,1.50,WIFI
B0:FC:88:15:FF:26,SpectrumSetup-20,[WPA2_PSK],2025-3-28 15:12:32,1,-94,34.0436096,-117.2044373,378.00,1.50,WIFI
B2:15:A2:B2:45:CA,,[WPA2_PSK],2025-3-28 15:12:37,3,-87,34.0435638,-117.2045593,378.40,1.50,WIFI
AC:15:A2:B2:45:C5,Casa De Locos,[WPA2_PSK],2025-3-28 15:12:37,3,-91,34.0435638,-117.2045593,378.40,1.50,WIFI
A4:11:62:B5:7C:A4,ARLO_VMB_9878899527,[WPA2_PSK],2025-3-28 15:12:38,4,-88,34.0435638,-117.2045822,378.50,1.50,WIFI
38:94:ED:66:C5:40,Simba,[WPA2_PSK],2025-3-28 15:12:38,4,-89,34.0435638,-117.2045822,378.50,1.50,WIFI
70:3A:CB:09:14:F0,NSA Surveillance Van,[WPA2_PSK],2025-3-28 15:12:40,6,-90,34.0435829,-117.2046661,379.30,1.50,WIFI
A8:9A:93:96:FC:76,MySpectrumWiFi70-2G,[WPA2_PSK],2025-3-28 15:12:42,8,-90,34.0436630,-117.2047653,379.70,1.50,WIFI
B6:39:56:6D:F3:E1,ORBI08,[WPA2_PSK],2025-3-28 15:12:43,9,-72,34.0437279,-117.2048340,379.60,1.50,WIFI
A8:6E:84:34:CD:C0,caro,[WPA2_PSK],2025-3-28 15:12:43,9,-84,34.0437279,-117.2048340,379.60,1.50,WIFI
AA:6E:84:24:CD:C0,,[WPA2_PSK],2025-3-28 15:12:43,9,-85,34.0437279,-117.2048340,379.60,1.50,WIFI
62:E9:31:4C:6D:1E,,[WPA2_PSK],2025-3-28 15:12:43,9,-86,34.0437279,-117.2048340,379.60,1.50,WIFI
B6:39:56:6D:EF:6D,ORBI08,[WPA2_PSK],2025-3-28 15:12:43,9,-91,34.0437279,-117.2048340,379.60,1.50,WIFI
48:5D:36:38:39:C8,FiOS-WGF9E,[WPA2_PSK],2025-3-28 15:12:45,11,-84,34.0438919,-117.2049713,379.40,1.50,WIFI
84:A3:29:45:E7:29,Verizon_G4F7LQ,[WPA2_PSK],2025-3-28 15:12:45,11,-84,34.0438919,-117.2049713,379.40,1.50,WIFI
48:5D:36:7D:85:BE,verbell106,[WPA2_PSK],2025-3-28 15:12:45,11,-88,34.0438919,-117.2049713,379.40,1.50,WIFI
20:0C:C8:1B:74:9A,UHX72_2GEXT,[WPA2_PSK],2025-3-28 15:12:45,11,-92,34.0438919,-117.2049713,379.40,1.50,WIFI
CA:5A:CF:65:8E:70,DIRECT-70-HP OfficeJet Pro 8130e,[WPA2_PSK],2025-3-28 15:12:45,11,-93,34.0438919,-117.2049713,379.40,1.50,WIFI
90:70:65:02:5B:B5,,[WPA2_PSK],2025-3-28 15:12:46,1,-80,34.0439911,-117.2050552,379.30,1.50,WIFI
D8:CF:61:44:8C:C7,TLD,[WPA2_PSK],2025-3-28 15:12:46,1,-84,34.0439911,-117.2050552,379.30,1.50,WIFI
A8:A2:37:C8:C9:7B,Chicken Little Internet,[WPA2_PSK],2025-3-28 15:12:46,1,-85,34.0439911,-117.2050552,379.30,1.50,WIFI
5C:FA:25:CE:F0:F1,SpectrumSetup-EB,[WPA2_PSK],2025-3-28 15:12:46,1,-88,34.0439911,-117.2050552,379.30,1.50,WIFI
EC:A9:40:3E:47:08,MySpectrumWiFi07-2G,[WPA2_PSK],2025-3-28 15:12:46,1,-88,34.0439911,-117.2050552,379.30,1.50,WIFI
34:60:F9:C1:11:4A,,[WPA2_PSK],2025-3-28 15:12:51,3,-79,34.0444374,-117.2054138,378.00,1.50,WIFI
CC:CF:83:83:53:57,,[WPA_WPA2_PSK],2025-3-28 15:12:51,3,-90,34.0444374,-117.2054138,378.00,1.50,WIFI
C8:9E:43:69:B3:01,,[WPA2_PSK],2025-3-28 15:12:51,3,-92,34.0444374,-117.2054138,378.00,1.50,WIFI
FC:3F:A6:24:1A:E3,,[WPA3_PSK],2025-3-28 15:12:54,6,-69,34.0445786,-117.2055359,377.20,1.50,WIFI
FC:3F:A6:24:1A:E9,,[OPEN],2025-3-28 15:12:54,6,-69,34.0445786,-117.2055359,377.20,1.50,WIFI
FC:3F:A6:24:1A:E6,Naboo,[WPA2_PSK],2025-3-28 15:12:54,6,-70,34.0445786,-117.2055359,377.20,1.50,WIFI
F4:52:46:F8:D7:E4,SpectrumSetup-D7E7,[WPA2_PSK],2025-3-28 15:12:54,6,-78,34.0445786,-117.2055359,377.20,1.50,WIFI
2C:95:69:84:D9:58,Frontier3312,[WPA2_PSK],2025-3-28 15:12:54,6,-82,34.0445786,-117.2055359,377.20,1.50,WIFI
D8:CF:61:44:DA:04,SpectrumSetup-D9FE,[WPA2_PSK],2025-3-28 15:12:54,6,-83,34.0445786,-117.2055359,377.20,1.50,WIFI
FC:12:63:B8:35:9D,SpectrumSetup-9F,[WPA2_PSK],2025-3-28 15:12:54,6,-84,34.0445786,-117.2055359,377.20,1.50,WIFI
F0:7B:65:7F:D5:98,SpectrumSetup-D592,[WPA2_PSK],2025-3-28 15:12:54,6,-86,34.0445786,-117.2055359,377.20,1.50,WIFI
F4:52:46:D4:97:7B,Haz,[WPA2_PSK],2025-3-28 15:12:54,6,-87,34.0445786,-117.2055359,377.20,1.50,WIFI
E2:73:E7:7D:53:70,DIRECT-70-HP Color LJ 4301,[WPA2_PSK],2025-3-28 15:12:54,6,-90,34.0445786,-117.2055359,377.20,1.50,WIFI
78:D2:94:0D:66:95,NETGEAR22,[WPA2_PSK],2025-3-28 15:12:54,7,-64,34.0445786,-117.2055359,377.20,1.50,WIFI
BA:39:56:6D:F3:E1,,[WPA2_PSK],2025-3-28 15:12:57,9,-64,34.0446358,-117.2055740,376.80,1.50,WIFI
B6:39:56:6C:D8:D6,ORBI08,[WPA2_PSK],2025-3-28 15:12:57,9,-71,34.0446358,-117.2055740,376.80,1.50,WIFI
12:59:32:4E:35:D7,,[WPA2_PSK],2025-3-28 15:12:57,9,-85,34.0446358,-117.2055740,376.80,1.50,WIFI
BA:39:56:6D:EF:6D,,[WPA2_PSK],2025-3-28 15:12:57,9,-88,34.0446358,-117.2055740,376.80,1.50,WIFI
80:CC:9C:89:E9:25,NETGEAR69,[WPA2_PSK],2025-3-28 15:12:58,10,-78,34.0446434,-117.2055817,376.60,1.50,WIFI
14:7D:05:E3:52:4B,KALEO'S CASA,[WPA2_PSK],2025-3-28 15:12:59,11,-64,34.0446587,-117.2055969,376.50,1.50,WIFI
60:F4:19:74:CF:C3,,[WPA3_PSK],2025-3-28 15:12:59,11,-72,34.0446587,-117.2055969,376.50,1.50,WIFI
60:F4:19:74:CF:C9,,[OPEN],2025-3-28 15:12:59,11,-74,34.0446587,-117.2055969,376.50,1.50,WIFI
60:F4:19:74:CF:C6,Charmy,[WPA2_PSK],2025-3-28 15:12:59,11,-74,34.0446587,-117.2055969,376.50,1.50,WIFI
74:37:5F:C9:3A:AF,Spectrum JJ13,[WPA2_PSK],2025-3-28 15:12:59,11,-76,34.0446587,-117.2055969,376.50,1.50,WIFI
40:47:5E:4D:E6:E3,,[WPA3_PSK],2025-3-28 15:12:59,11,-83,34.0446587,-117.2055969,376.50,1.50,WIFI
B0:FC:88:73:A0:15,spectrum130,[WPA2_PSK],2025-3-28 15:12:59,11,-84,34.0446587,-117.2055969,376.50,1.50,WIFI
0E:5A:25:28:9F:6B,Spectrum00,[WPA2_PSK],2025-3-28 15:12:59,11,-84,34.0446587,-117.2055969,376.50,1.50,WIFI
40:47:5E:4D:E6:E9,,[OPEN],2025-3-28 15:12:59,11,-86,34.0446587,-117.2055969,376.50,1.50,WIFI
F0:7B:65:F2:8A:9D,SpectrumSetup-8A97,[WPA2_PSK],2025-3-28 15:12:59,11,-86,34.0446587,-117.2055969,376.50,1.50,WIFI
40:47:5E:4D:E6:E6,Candelaria wifi,[WPA2_PSK],2025-3-28 15:12:59,11,-87,34.0446587,-117.2055969,376.50,1.50,WIFI
4C:19:5D:0C:C9:75,SpectrumSetup-6F,[WPA2_PSK],2025-3-28 15:12:59,11,-89,34.0446587,-117.2055969,376.50,1.50,WIFI
34:6B:46:50:44:7A,MySpectrumWiFi74-2G,[WPA2_PSK],2025-3-28 15:13:3,1,-76,34.0448647,-117.2057648,375.00,1.50,WIFI
74:37:5F:A0:AC:77,HomeSweetHome,[WPA2_PSK],2025-3-28 15:13:3,1,-79,34.0448647,-117.2057648,375.00,1.50,WIFI
F8:5B:3B:79:21:1A,SpectrumSetup-1C,[WPA2_PSK],2025-3-28 15:13:3,1,-80,34.0448647,-117.2057648,375.00,1.50,WIFI
B8:66:85:CA:FB:EE,Kiki's Wifi Service,[WPA2_PSK],2025-3-28 15:13:3,1,-83,34.0448647,-117.2057648,375.00,1.50,WIFI
54:04:63:C5:16:C9,,[WPA_WPA2_PSK],2025-3-28 15:13:3,1,-84,34.0448647,-117.2057648,375.00,1.50,WIFI
A4:08:F5:70:CF:32,MySpectrumWiFi2c-2G,[WPA2_PSK],2025-3-28 15:13:3,1,-89,34.0448647,-117.2057648,375.00,1.50,WIFI
F8:5B:3B:D8:F1:05,Wii Sports Channel,[WPA2_PSK],2025-3-28 15:13:3,1,-89,34.0448647,-117.2057648,375.00,1.50,WIFI
28:80:88:25:7F:01,rcdlg12GEXT,[WPA2_PSK],2025-3-28 15:13:6,3,-83,34.0451355,-117.2059937,373.30,1.50,WIFI
9C:0B:05:6D:38:CA,,[OPEN],2025-3-28 15:13:9,6,-62,34.0454445,-117.2062378,371.30,1.50,WIFI
9C:0B:05:6D:38:C4,,[WPA3_PSK],2025-3-28 15:13:9,6,-64,34.0454445,-117.2062378,371.30,1.50,WIFI
44:AD:B1:5E:7A:DE,Teddyzhouse,[WPA2_PSK],2025-3-28 15:13:9,6,-69,34.0454445,-117.2062378,371.30,1.50,WIFI
9C:0B:05:6E:47:E4,,[WPA3_PSK],2025-3-28 15:13:9,6,-71,34.0454445,-117.2062378,371.30,1.50,WIFI
9C:0B:05:6D:38:C7,MarceloWifi2,[WPA2_PSK],2025-3-28 15:13:9,6,-72,34.0454445,-117.2062378,371.30,1.50,WIFI
5C:60:BA:0C:7D:59,DIRECT-58-HP DeskJet 4100 series,[WPA2_PSK],2025-3-28 15:13:9,6,-73,34.0454445,-117.2062378,371.30,1.50,WIFI
40:47:5E:2D:0E:A3,,[WPA3_PSK],2025-3-28 15:13:9,6,-73,34.0454445,-117.2062378,371.30,1.50,WIFI
40:47:5E:2D:0E:A9,,[OPEN],2025-3-28 15:13:9,6,-73,34.0454445,-117.2062378,371.30,1.50,WIFI
40:47:5E:2D:0E:A6,Ninerhome,[WPA2_PSK],2025-3-28 15:13:9,6,-73,34.0454445,-117.2062378,371.30,1.50,WIFI
9C:0B:05:6E:47:EA,,[OPEN],2025-3-28 15:13:9,6,-74,34.0454445,-117.2062378,371.30,1.50,WIFI
9C:0B:05:6E:47:E7,MarceloWifi2,[WPA2_PSK],2025-3-28 15:13:9,6,-74,34.0454445,-117.2062378,371.30,1.50,WIFI
F0:81:75:FA:31:46,SpectrumSetup-40,[WPA2_PSK],2025-3-28 15:13:9,6,-74,34.0454445,-117.2062378,371.30,1.50,WIFI
9C:3D:CF:93:3B:90,ARLO_VMB_1663536594,[WPA2_PSK],2025-3-28 15:13:9,6,-80,34.0454445,-117.2062378,371.30,1.50,WIFI
BC:96:E5:87:33:A8,SpectrumSetup-33A4,[WPA2_PSK],2025-3-28 15:13:9,6,-82,34.0454445,-117.2062378,371.30,1.50,WIFI
E4:C0:E2:70:73:16,SpectrumSetup-10,[WPA2_PSK],2025-3-28 15:13:9,6,-85,34.0454445,-117.2062378,371.30,1.50,WIFI
34:98:B5:6D:B4:78,Casa de Esquivel,[WPA2_PSK],2025-3-28 15:13:9,7,-71,34.0454445,-117.2062378,371.30,1.50,WIFI
10:7C:61:50:D4:40,MerlinsBeard,[WPA2_PSK],2025-3-28 15:13:13,10,-67,34.0458717,-117.2065659,368.40,1.50,WIFI
C8:B4:22:D3:D7:DA,MySpectrumWiFiDC-2G,[WPA2_PSK],2025-3-28 15:13:14,11,-67,34.0459709,-117.2066269,367.90,1.50,WIFI
88:67:46:79:CC:E3,,[WPA3_PSK],2025-3-28 15:13:14,11,-68,34.0459709,-117.2066269,367.90,1.50,WIFI
AC:91:9B:1D:E4:78,Edwards2,[WPA2_PSK],2025-3-28 15:13:14,11,-69,34.0459709,-117.2066269,367.90,1.50,WIFI
88:67:46:63:F9:06,9mbs,[WPA2_PSK],2025-3-28 15:13:14,11,-72,34.0459709,-117.2066269,367.90,1.50,WIFI
48:5D:36:3D:EC:D2,FiOS-7SRZL,[WPA2_PSK],2025-3-28 15:13:14,11,-74,34.0459709,-117.2066269,367.90,1.50,WIFI
44:AC:85:5D:E2:03,,[WPA3_PSK],2025-3-28 15:13:14,11,-78,34.0459709,-117.2066269,367.90,1.50,WIFI
44:AC:85:5D:E2:09,,[OPEN],2025-3-28 15:13:14,11,-78,34.0459709,-117.2066269,367.90,1.50,WIFI
44:AC:85:5D:E2:06,Cobiaceves Cave,[WPA2_PSK],2025-3-28 15:13:14,11,-79,34.0459709,-117.2066269,367.90,1.50,WIFI
F8:5B:3B:75:71:55,SpectrumSetup-57,[WPA2_PSK],2025-3-28 15:13:14,11,-82,34.0459709,-117.2066269,367.90,1.50,WIFI
FC:B2:D6:C7:64:54,,[WPA_WPA2_PSK],2025-3-28 15:13:14,11,-85,34.0459709,-117.2066269,367.90,1.50,WIFI
F0:B6:61:C5:0A:84,,[WPA3_PSK],2025-3-28 15:13:14,11,-86,34.0459709,-117.2066269,367.90,1.50,WIFI
F0:B6:61:C5:0A:8A,,[OPEN],2025-3-28 15:13:14,11,-86,34.0459709,-117.2066269,367.90,1.50,WIFI
4C:AB:F8:58:FE:65,SpectrumSetup-67,[WPA2_PSK],2025-3-28 15:13:14,11,-89,34.0459709,-117.2066269,367.90,1.50,WIFI
4C:19:5D:56:8B:5A,Gracie,[WPA2_PSK],2025-3-28 15:13:18,1,-62,34.0463219,-117.2067261,367.30,1.50,WIFI
64:67:72:EB:DE:43,SpectrumSetup-41,[WPA2_PSK],2025-3-28 15:13:18,1,-73,34.0463219,-117.2067261,367.30,1.50,WIFI
CA:C9:A3:4B:A5:93,Tineco_0497,[OPEN],2025-3-28 15:13:18,1,-78,34.0463219,-117.2067261,367.30,1.50,WIFI
88:67:46:7A:F7:83,,[WPA3_PSK],2025-3-28 15:13:18,1,-78,34.0463219,-117.2067261,367.30,1.50,WIFI
88:67:46:7A:F7:89,,[OPEN],2025-3-28 15:13:18,1,-80,34.0463219,-117.2067261,367.30,1.50,WIFI
88:67:46:7A:F7:86,CasaAleman,[WPA2_PSK],2025-3-28 15:13:18,1,-80,34.0463219,-117.2067261,367.30,1.50,WIFI
F4:52:46:9F:69:79,SpectrumSetup-697C,[WPA2_PSK],2025-3-28 15:13:18,1,-80,34.0463219,-117.2067261,367.30,1.50,WIFI
A8:A2:37:1E:84:2B,Verizon_L3CSHG,[WPA2_PSK],2025-3-28 15:13:18,1,-82,34.0463219,-117.2067261,367.30,1.50,WIFI
F4:52:46:ED:88:6F,SpectrumSetup-71,[WPA2_PSK],2025-3-28 15:13:18,1,-83,34.0463219,-117.2067261,367.30,1.50,WIFI
B0:FC:88:73:00:D3,Searching,[WPA2_PSK],2025-3-28 15:13:18,1,-89,34.0463219,-117.2067261,367.30,1.50,WIFI
84:1E:A3:D5:C9:1E,wineforpw,[WPA2_PSK],2025-3-28 15:13:18,1,-91,34.0463219,-117.2067261,367.30,1.50,WIFI
6C:CD:D6:DB:80:FC,NETGEAR49,[WPA2_PSK],2025-3-28 15:13:18,2,-73,34.0463219,-117.2067261,367.30,1.50,WIFI
00:C8:96:66:A2:06,,[WPA_WPA2_PSK],2025-3-28 15:13:21,3,-89,34.0465317,-117.2066879,366.60,1.50,WIFI
90:D3:CF:11:30:A0,AvilesFamily,[WPA2_PSK],2025-3-28 15:13:24,6,-68,34.0467148,-117.2067490,366.70,1.50,WIFI
34:53:D2:EE:54:50,mywifi,[WPA2_PSK],2025-3-28 15:13:24,6,-71,34.0467148,-117.2067490,366.70,1.50,WIFI
74:93:DA:A5:5B:05,SpectrumSetup-07,[WPA2_PSK],2025-3-28 15:13:24,6,-74,34.0467148,-117.2067490,366.70,1.50,WIFI
4C:19:5D:2F:49:60,SpectrumSetup-5A,[WPA2_PSK],2025-3-28 15:13:24,6,-80,34.0467148,-117.2067490,366.70,1.50,WIFI
A0:89:66:94:7B:78,,[WPA_WPA2_PSK],2025-3-28 15:13:24,6,-90,34.0467148,-117.2067490,366.70,1.50,WIFI
8E:5A:B0:27:BA:1B,,[WPA2_PSK],2025-3-28 15:13:25,7,-63,34.0467644,-117.2068176,366.50,1.50,WIFI
6C:5A:B0:27:BA:1B,Turton,[WPA2_PSK],2025-3-28 15:13:25,7,-65,34.0467644,-117.2068176,366.50,1.50,WIFI
5C:18:DD:F0:8B:63,,[WPA_WPA2_PSK],2025-3-28 15:13:27,9,-74,34.0468369,-117.2070007,365.90,1.50,WIFI
8A:7F:F0:01:ED:E7,,[WPA2_PSK],2025-3-28 15:13:27,9,-90,34.0468369,-117.2070007,365.90,1.50,WIFI
A0:89:66:94:B0:A8,,[WPA_WPA2_PSK],2025-3-28 15:13:28,10,-81,34.0468674,-117.2071228,365.80,1.50,WIFI
00:C8:96:D1:4E:62,,[WPA_WPA2_PSK],2025-3-28 15:13:28,10,-90,34.0468674,-117.2071228,365.80,1.50,WIFI
D8:CF:61:44:AE:0A,LeDollarBeanz,[WPA2_PSK],2025-3-28 15:13:29,11,-65,34.0469055,-117.2072449,365.70,1.50,WIFI
4C:AB:F8:9F:4B:35,SpectrumSetup-37,[WPA2_PSK],2025-3-28 15:13:29,11,-68,34.0469055,-117.2072449,365.70,1.50,WIFI
4C:19:5D:B3:F2:08,SpectrumSetup-02,[WPA2_PSK],2025-3-28 15:13:29,11,-69,34.0469055,-117.2072449,365.70,1.50,WIFI
40:E1:E4:46:12:09,TMOBILE-1200,[WPA2_WPA3_PSK],2025-3-28 15:13:29,11,-71,34.0469055,-117.2072449,365.70,1.50,WIFI
B0:FC:88:79:15:EE,SPECTRE,[WPA2_PSK],2025-3-28 15:13:29,11,-73,34.0469055,-117.2072449,365.70,1.50,WIFI
88:67:46:97:9D:66,Frontier Abc,[WPA2_PSK],2025-3-28 15:13:29,11,-73,34.0469055,-117.2072449,365.70,1.50,WIFI
4C:AB:F8:49:FE:8D,SpectrumSetup-8F,[WPA2_PSK],2025-3-28 15:13:29,11,-82,34.0469055,-117.2072449,365.70,1.50,WIFI
D4:3F:32:DA:EF:E6,CSAV,[WPA2_PSK],2025-3-28 15:13:29,11,-83,34.0469055,-117.2072449,365.70,1.50,WIFI
D4:3F:32:DA:EF:E3,,[WPA3_PSK],2025-3-28 15:13:29,11,-84,34.0469055,-117.2072449,365.70,1.50,WIFI
D4:3F:32:DA:EF:E9,,[OPEN],2025-3-28 15:13:29,11,-84,34.0469055,-117.2072449,365.70,1.50,WIFI
C8:B4:22:03:28:2B,Roshambo,[WPA2_PSK],2025-3-28 15:13:29,11,-84,34.0469055,-117.2072449,365.70,1.50,WIFI
E0:23:FF:06:FB:38,ICN_BUS,[WPA2],2025-3-28 15:13:29,11,-85,34.0469055,-117.2072449,365.70,1.50,WIFI
E0:23:FF:06:FB:39,TheUPSStore-Guest,[WPA2_PSK],2025-3-28 15:13:29,11,-87,34.0469055,-117.2072449,365.70,1.50,WIFI
7C:A7:B0:99:C6:67,Escort M1,[WPA2_PSK],2025-3-28 15:13:30,13,-89,34.0469513,-117.2073975,365.60,1.50,WIFI
4C:19:5D:03:C2:FD,SpectrumSetup-F7,[WPA2_PSK],2025-3-28 15:13:33,1,-72,34.0471039,-117.2078552,364.80,1.50,WIFI
6C:99:61:D5:6E:FE,HayesHouse,[WPA2_PSK],2025-3-28 15:13:33,1,-76,34.0471039,-117.2078552,364.80,1.50,WIFI
2C:67:BE:02:57:E6,Spectrum1261,[WPA2_PSK],2025-3-28 15:13:33,1,-77,34.0471039,-117.2078552,364.80,1.50,WIFI
60:F4:19:51:8E:A9,,[OPEN],2025-3-28 15:13:33,1,-80,34.0471039,-117.2078552,364.80,1.50,WIFI
60:F4:19:51:8E:A3,,[WPA3_PSK],2025-3-28 15:13:33,1,-81,34.0471039,-117.2078552,364.80,1.50,WIFI
60:F4:19:51:8E:A6,416,[WPA2_PSK],2025-3-28 15:13:33,1,-81,34.0471039,-117.2078552,364.80,1.50,WIFI
C8:C6:FE:19:EB:66,S&L WiFi,[WPA2_PSK],2025-3-28 15:13:33,1,-83,34.0471039,-117.2078552,364.80,1.50,WIFI
74:37:5F:55:C7:CB,Slytherin Common Room,[WPA2_PSK],2025-3-28 15:13:33,1,-83,34.0471039,-117.2078552,364.80,1.50,WIFI
D8:A7:56:64:7B:4E,MySpectrumWiFi48-2G,[WPA2_PSK],2025-3-28 15:13:33,1,-84,34.0471039,-117.2078552,364.80,1.50,WIFI
4C:AB:F8:4B:9F:71,SpectrumSetup-73,[WPA2_PSK],2025-3-28 15:13:33,1,-86,34.0471039,-117.2078552,364.80,1.50,WIFI
74:37:5F:DA:7B:C7,Kschafer,[WPA2_PSK],2025-3-28 15:13:33,1,-92,34.0471039,-117.2078552,364.80,1.50,WIFI
B0:19:21:E2:C6:2B,Spectrum7177,[WPA2_PSK],2025-3-28 15:13:33,2,-86,34.0471039,-117.2078552,364.80,1.50,WIFI
AC:DF:9F:51:A0:82,TMOBILE-A080,[WPA2_WPA3_PSK],2025-3-28 15:13:38,5,-73,34.0473099,-117.2083511,364.20,1.50,WIFI
60:F4:19:5F:39:83,,[WPA3_PSK],2025-3-28 15:13:39,6,-73,34.0473251,-117.2083969,364.30,1.50,WIFI
60:F4:19:5F:39:89,,[OPEN],2025-3-28 15:13:39,6,-75,34.0473251,-117.2083969,364.30,1.50,WIFI
60:F4:19:5F:39:86,Lek & Mic,[WPA2_PSK],2025-3-28 15:13:39,6,-76,34.0473251,-117.2083969,364.30,1.50,WIFI
FC:12:63:7E:18:66,Daizy Daze,[WPA2_PSK],2025-3-28 15:13:39,6,-78,34.0473251,-117.2083969,364.30,1.50,WIFI
60:F4:19:F1:E9:29,,[OPEN],2025-3-28 15:13:39,6,-82,34.0473251,-117.2083969,364.30,1.50,WIFI
60:F4:19:F1:E9:23,,[WPA3_PSK],2025-3-28 15:13:39,6,-83,34.0473251,-117.2083969,364.30,1.50,WIFI
60:F4:19:F1:E9:26,Frontier1904_5G,[WPA2_PSK],2025-3-28 15:13:39,6,-84,34.0473251,-117.2083969,364.30,1.50,WIFI
84:1B:5E:2F:26:D7,NETGEAR78,[WPA2_PSK],2025-3-28 15:13:39,6,-86,34.0473251,-117.2083969,364.30,1.50,WIFI
BC:96:E5:45:4C:23,TheOceanIsDeepAndBlue,[WPA2_PSK],2025-3-28 15:13:39,6,-90,34.0473251,-117.2083969,364.30,1.50,WIFI
50:EB:F6:12:3D:F8,PilloWiFight,[WPA2_PSK],2025-3-28 15:13:39,7,-81,34.0473251,-117.2083969,364.30,1.50,WIFI
E0:46:EE:1C:66:07,,[WPA2_PSK],2025-3-28 15:13:41,8,-74,34.0473442,-117.2084503,364.30,1.50,WIFI
E6:46:EE:1C:66:07,mor405,[WPA2_PSK],2025-3-28 15:13:41,8,-75,34.0473442,-117.2084503,364.30,1.50,WIFI
E6:46:EE:1C:B7:83,mor405,[WPA2_PSK],2025-3-28 15:13:41,8,-77,34.0473442,-117.2084503,364.30,1.50,WIFI
E0:46:EE:1C:B7:83,,[WPA2_PSK],2025-3-28 15:13:41,8,-78,34.0473442,-117.2084503,364.30,1.50,WIFI
34:98:B5:32:92:62,NETGEAR99,[WPA2_PSK],2025-3-28 15:13:42,9,-81,34.0473518,-117.2084656,364.30,1.50,WIFI
34:98:B5:31:86:B4,NETGEAR99,[WPA2_PSK],2025-3-28 15:13:42,9,-93,34.0473518,-117.2084656,364.30,1.50,WIFI
44:AC:85:9F:DD:03,,[WPA3_PSK],2025-3-28 15:13:44,11,-80,34.0473595,-117.2084885,364.10,1.50,WIFI
44:AC:85:9F:DD:09,,[OPEN],2025-3-28 15:13:44,11,-82,34.0473595,-117.2084885,364.10,1.50,WIFI
44:AC:85:9F:DD:06,LE,[WPA2_WPA3_PSK],2025-3-28 15:13:44,11,-82,34.0473595,-117.2084885,364.10,1.50,WIFI
F8:1A:2B:1E:1B:1E,Cortex,[WPA2_PSK],2025-3-28 15:13:44,11,-87,34.0473595,-117.2084885,364.10,1.50,WIFI
4C:12:65:29:73:08,Frontier7536,[WPA2_PSK],2025-3-28 15:13:44,11,-89,34.0473595,-117.2084885,364.10,1.50,WIFI
4C:AB:F8:EA:90:23,SpectrumSetup-25,[WPA2_PSK],2025-3-28 15:13:46,1,-77,34.0473824,-117.2085495,363.90,1.50,WIFI
B6:FB:E4:11:F7:8B,Parkview - Club House Guest,[OPEN],2025-3-28 15:13:46,1,-90,34.0473824,-117.2085495,363.90,1.50,WIFI
54:04:63:C8:A3:F9,,[WPA_WPA2_PSK],2025-3-28 15:13:49,2,-80,34.0474167,-117.2086105,363.70,1.50,WIFI
DE:EC:5E:51:A4:CC,_LinksysSetup4CB-guest,[WPA2_PSK],2025-3-28 15:13:50,3,-86,34.0474319,-117.2086334,363.60,1.50,WIFI
D8:EC:5E:51:A4:CC,Silly Billy,[WPA2_PSK],2025-3-28 15:13:50,3,-88,34.0474319,-117.2086334,363.60,1.50,WIFI
88:B1:E1:DD:4D:C0,StoreNet,[WPA2_PSK],2025-3-28 15:13:53,6,-85,34.0475883,-117.2086563,363.60,1.50,WIFI
10:7C:61:2D:4A:20,Earthlag,[WPA2_PSK],2025-3-28 15:13:54,7,-86,34.0476799,-117.2086411,363.40,1.50,WIFI
40:3F:8C:6E:C7:9E,Bad Bitch Network ,[WPA2_PSK],2025-3-28 15:13:56,9,-87,34.0478973,-117.2086411,363.20,1.50,WIFI
46:3F:8C:6E:C7:9E,Bad Bitch Network _Guest,[WPA2_PSK],2025-3-28 15:13:56,9,-88,34.0478973,-117.2086411,363.20,1.50,WIFI
40:3F:8C:6F:10:66,Bad Bitch Network ,[WPA2_PSK],2025-3-28 15:13:56,9,-90,34.0478973,-117.2086411,363.20,1.50,WIFI
46:3F:8C:6F:10:66,Bad Bitch Network _Guest,[WPA2_PSK],2025-3-28 15:13:56,9,-90,34.0478973,-117.2086411,363.20,1.50,WIFI
2C:00:AB:D4:B4:80,Frontier5920,[WPA2_PSK],2025-3-28 15:13:58,11,-81,34.0481644,-117.2086487,362.80,1.50,WIFI
E6:9E:28:FF:EB:4C,,[WPA2_PSK],2025-3-28 15:13:58,11,-87,34.0481644,-117.2086487,362.80,1.50,WIFI
26:5A:4C:98:D3:02,MRC_Private,[WPA2_PSK],2025-3-28 15:13:58,11,-88,34.0481644,-117.2086487,362.80,1.50,WIFI
26:5A:4C:A8:D3:02,MRC_Guest,[WPA2_PSK],2025-3-28 15:13:58,11,-88,34.0481644,-117.2086487,362.80,1.50,WIFI
10:DA:43:43:45:77,ngHub_319477NK00BC0,[WPA2_PSK],2025-3-28 15:13:58,11,-89,34.0481644,-117.2086487,362.80,1.50,WIFI
4C:AB:F8:45:E8:0D,SpectrumSetup-0F,[WPA2_PSK],2025-3-28 15:13:58,11,-90,34.0481644,-117.2086487,362.80,1.50,WIFI
A4:E8:8D:0D:B5:0E,HLD_A,[WPA_WPA2_PSK],2025-3-28 15:14:0,13,-76,34.0484467,-117.2086487,362.20,1.50,WIFI
74:AC:B9:C4:6D:E1,Ocean Pho 3 Customer,[WPA2_PSK],2025-3-28 15:14:0,1,-73,34.0484467,-117.2086487,362.20,1.50,WIFI
7A:AC:B9:C4:6D:E1,Ocean Pho Staff-HW,[WPA2_PSK],2025-3-28 15:14:0,1,-74,34.0484467,-117.2086487,362.20,1.50,WIFI
7E:AC:B9:C4:6D:E1,,[WPA2_PSK],2025-3-28 15:14:0,1,-74,34.0484467,-117.2086487,362.20,1.50,WIFI
E4:C0:E2:71:98:C6,SpectrumSetup-C0,[WPA2_PSK],2025-3-28 15:14:0,1,-82,34.0484467,-117.2086487,362.20,1.50,WIFI
80:78:71:11:7F:69,SpectrumSetup-6B,[WPA2_PSK],2025-3-28 15:14:0,1,-83,34.0484467,-117.2086487,362.20,1.50,WIFI
14:59:C0:13:4B:8B,NETGEAR90,[WPA2_PSK],2025-3-28 15:14:0,1,-84,34.0484467,-117.2086487,362.20,1.50,WIFI
6C:5A:B0:88:53:7A,Kitchen_1,[WPA2_PSK],2025-3-28 15:14:0,1,-87,34.0484467,-117.2086487,362.20,1.50,WIFI
6C:5A:B0:88:52:44,TP-Link_Extender,[OPEN],2025-3-28 15:14:3,2,-76,34.0488968,-117.2086487,360.80,1.50,WIFI
D8:47:32:D9:9B:7B,KoiPond,[WPA_WPA2_PSK],2025-3-28 15:14:3,2,-82,34.0488968,-117.2086487,360.80,1.50,WIFI
A0:7F:8A:37:0B:C5,SpectrumSetup-0BBF,[WPA2_PSK],2025-3-28 15:14:7,6,-75,34.0495148,-117.2086563,358.50,1.50,WIFI
74:93:DA:8B:CC:19,SpectrumSetup-1B,[WPA2_PSK],2025-3-28 15:14:7,6,-76,34.0495148,-117.2086563,358.50,1.50,WIFI
FC:12:63:F5:5A:D1,wingardiumleviosa,[WPA2_PSK],2025-3-28 15:14:7,6,-85,34.0495148,-117.2086563,358.50,1.50,WIFI
38:88:71:29:90:58,Verizon_WH4R9W,[WPA2_PSK],2025-3-28 15:14:7,6,-86,34.0495148,-117.2086563,358.50,1.50,WIFI
34:53:D2:28:A0:0E,SpectrumSetup-08,[WPA2_PSK],2025-3-28 15:14:7,6,-90,34.0495148,-117.2086563,358.50,1.50,WIFI
2C:4D:54:B1:AB:20,,[WPA2_PSK],2025-3-28 15:14:8,7,-75,34.0496712,-117.2086563,357.90,1.50,WIFI
2C:4D:54:B1:AB:21,Oso Guest,[WPA2_PSK],2025-3-28 15:14:8,7,-75,34.0496712,-117.2086563,357.90,1.50,WIFI
2C:C8:1B:2A:4A:B6,NextDVP-U000220686016,[WPA_WPA2_PSK],2025-3-28 15:14:9,8,-87,34.0498238,-117.2086563,357.40,1.50,WIFI
10:DA:43:71:65:FE,LaMerOpale2,[WPA2_PSK],2025-3-28 15:14:10,9,-78,34.0499802,-117.2086563,356.80,1.50,WIFI
4A:3F:8C:6E:C7:9E,,[WPA2_PSK],2025-3-28 15:14:10,9,-89,34.0499802,-117.2086563,356.80,1.50,WIFI
0E:36:C9:10:69:CB,ORBI99,[WPA2_PSK],2025-3-28 15:14:12,11,-81,34.0502892,-117.2086563,355.80,1.50,WIFI
34:53:D2:B7:13:83,SpectrumSetup-7D,[WPA2_PSK],2025-3-28 15:14:12,11,-85,34.0502892,-117.2086563,355.80,1.50,WIFI
0E:53:D2:B7:13:84,,[WPA2_PSK],2025-3-28 15:14:12,11,-87,34.0502892,-117.2086563,355.80,1.50,WIFI
4C:19:5D:0C:2E:11,SpectrumSetup-0B,[WPA2_PSK],2025-3-28 15:14:12,11,-90,34.0502892,-117.2086563,355.80,1.50,WIFI
F0:81:75:CD:C8:EE,DJC7,[WPA2_PSK],2025-3-28 15:14:15,1,-73,34.0507355,-117.2086639,354.90,1.50,WIFI
9C:57:BC:B0:C3:86,PM,[WPA2_PSK],2025-3-28 15:14:15,1,-77,34.0507355,-117.2086639,354.90,1.50,WIFI
4C:22:F3:6B:83:AB,Verizon_KS43LX,[WPA2_PSK],2025-3-28 15:14:15,1,-78,34.0507355,-117.2086639,354.90,1.50,WIFI
C8:C6:FE:6C:E8:A6,RXMP,[WPA2_PSK],2025-3-28 15:14:15,1,-80,34.0507355,-117.2086639,354.90,1.50,WIFI
74:37:5F:9E:9A:87,SpectrumSetup-85,[WPA2_PSK],2025-3-28 15:14:15,1,-80,34.0507355,-117.2086639,354.90,1.50,WIFI
74:37:5F:57:02:27,SpectrumSetup-25,[WPA2_PSK],2025-3-28 15:14:15,1,-80,34.0507355,-117.2086639,354.90,1.50,WIFI
DE:47:32:FC:78:D8,,[WPA2_PSK],2025-3-28 15:14:17,2,-82,34.0510330,-117.2086639,353.80,1.50,WIFI
D8:47:32:FC:78:D8,TP-Link_78D8,[WPA_WPA2_PSK],2025-3-28 15:14:17,2,-83,34.0510330,-117.2086639,353.80,1.50,WIFI
6E:7F:F0:04:1F:18,AK Wifi 7,[WPA3_PSK],2025-3-28 15:14:18,3,-80,34.0511818,-117.2086639,353.50,1.50,WIFI
6E:7F:F0:04:1F:1B,AK Network 5G,[WPA2_PSK],2025-3-28 15:14:18,3,-85,34.0511818,-117.2086639,353.50,1.50,WIFI
6E:7F:F0:04:1F:1A,,[WPA2_WPA3_PSK],2025-3-28 15:14:18,3,-86,34.0511818,-117.2086639,353.50,1.50,WIFI
6E:7F:F0:04:1F:1C,,[WPA2_PSK],2025-3-28 15:14:18,3,-87,34.0511818,-117.2086639,353.50,1.50,WIFI
FC:3F:A6:FE:67:26,Casa Acosta-Segura,[WPA2_PSK],2025-3-28 15:14:21,6,-70,34.0516090,-117.2086716,352.60,1.50,WIFI
FC:3F:A6:FE:67:23,,[WPA3_PSK],2025-3-28 15:14:21,6,-70,34.0516090,-117.2086716,352.60,1.50,WIFI
9C:A5:70:54:F6:85,BAINS,[WPA2_PSK],2025-3-28 15:14:21,6,-71,34.0516090,-117.2086716,352.60,1.50,WIFI
A0:7F:8A:33:3F:DE,SpectrumSetup-3FD8,[WPA2_PSK],2025-3-28 15:14:21,6,-71,34.0516090,-117.2086716,352.60,1.50,WIFI
FC:3F:A6:FE:67:29,,[OPEN],2025-3-28 15:14:21,6,-72,34.0516090,-117.2086716,352.60,1.50,WIFI
D4:3F:32:88:CD:03,,[WPA3_PSK],2025-3-28 15:14:21,6,-74,34.0516090,-117.2086716,352.60,1.50,WIFI
D4:3F:32:88:CD:09,,[OPEN],2025-3-28 15:14:21,6,-74,34.0516090,-117.2086716,352.60,1.50,WIFI
D4:3F:32:88:CD:06,bbygrl,[WPA2_PSK],2025-3-28 15:14:21,6,-74,34.0516090,-117.2086716,352.60,1.50,WIFI
F8:5B:3B:75:13:85,SpectrumSetup-87,[WPA2_PSK],2025-3-28 15:14:21,6,-78,34.0516090,-117.2086716,352.60,1.50,WIFI
A0:89:66:8D:EE:80,,[WPA_WPA2_PSK],2025-3-28 15:14:21,6,-79,34.0516090,-117.2086716,352.60,1.50,WIFI
FC:3F:A6:F8:D6:23,,[WPA3_PSK],2025-3-28 15:14:21,6,-79,34.0516090,-117.2086716,352.60,1.50,WIFI
FC:3F:A6:F8:D6:29,,[OPEN],2025-3-28 15:14:21,6,-79,34.0516090,-117.2086716,352.60,1.50,WIFI
28:EC:22:2E:B5:66,The Internet Machine,[WPA2_PSK],2025-3-28 15:14:21,6,-80,34.0516090,-117.2086716,352.60,1.50,WIFI
F8:96:FE:7F:8F:5E,myGMC1382,[WPA2_WPA3_PSK],2025-3-28 15:14:21,6,-81,34.0516090,-117.2086716,352.60,1.50,WIFI
9C:3D:CF:23:83:22,NETGEAR30,[WPA2_PSK],2025-3-28 15:14:21,6,-83,34.0516090,-117.2086716,352.60,1.50,WIFI
30:60:0A:FC:28:44,,[WPA_WPA2_PSK],2025-3-28 15:14:22,7,-79,34.0517426,-117.2086716,352.50,1.50,WIFI
18:A5:FF:A3:FF:CA,TMOBILE-FFC8,[WPA2_WPA3_PSK],2025-3-28 15:14:24,8,-76,34.0520172,-117.2086716,352.20,1.50,WIFI
00:C8:96:04:8A:D8,,[WPA_WPA2_PSK],2025-3-28 15:14:24,8,-79,34.0520172,-117.2086716,352.20,1.50,WIFI
00:C8:96:D1:56:8A,,[WPA_WPA2_PSK],2025-3-28 15:14:24,8,-90,34.0520172,-117.2086716,352.20,1.50,WIFI
54:04:63:C5:77:81,,[WPA_WPA2_PSK],2025-3-28 15:14:25,9,-86,34.0521431,-117.2086716,352.10,1.50,WIFI
78:8C:B5:39:40:B7,Tesseract ,[WPA2_PSK],2025-3-28 15:14:25,9,-88,34.0521431,-117.2086716,352.10,1.50,WIFI
EA:07:B6:AF:F5:A9,,[WPA2_PSK],2025-3-28 15:14:26,10,-72,34.0522690,-117.2086792,351.90,1.50,WIFI
D8:07:B6:AF:F5:A9,2FAST4U,[WPA_WPA2_PSK],2025-3-28 15:14:26,10,-75,34.0522690,-117.2086792,351.90,1.50,WIFI
06:0E:3C:5B:D2:1F,DIRECT-1F-HP ENVY 5000 series,[WPA2_PSK],2025-3-28 15:14:26,10,-86,34.0522690,-117.2086792,351.90,1.50,WIFI
88:67:46:8E:E6:29,,[OPEN],2025-3-28 15:14:27,11,-77,34.0523911,-117.2086792,351.70,1.50,WIFI
54:04:63:16:60:C8,,[WPA_WPA2_PSK],2025-3-28 15:14:27,11,-77,34.0523911,-117.2086792,351.70,1.50,WIFI
78:76:89:35:98:4A,,[OPEN],2025-3-28 15:14:27,11,-78,34.0523911,-117.2086792,351.70,1.50,WIFI
78:76:89:35:98:47,Orange House,[WPA2_PSK],2025-3-28 15:14:27,11,-78,34.0523911,-117.2086792,351.70,1.50,WIFI
78:76:89:35:98:44,,[WPA3_PSK],2025-3-28 15:14:27,11,-79,34.0523911,-117.2086792,351.70,1.50,WIFI
14:7D:05:8E:B9:1F,SpectrumSetup-1D,[WPA2_PSK],2025-3-28 15:14:27,11,-80,34.0523911,-117.2086792,351.70,1.50,WIFI
2C:67:BE:0E:D3:D6,TheWahoo,[WPA2_PSK],2025-3-28 15:14:27,11,-80,34.0523911,-117.2086792,351.70,1.50,WIFI
74:93:DA:92:1D:0D,SpectrumSetup-0F,[WPA2_PSK],2025-3-28 15:14:27,11,-81,34.0523911,-117.2086792,351.70,1.50,WIFI
C8:C6:FE:6E:E9:06,lub dub,[WPA2_PSK],2025-3-28 15:14:27,11,-83,34.0523911,-117.2086792,351.70,1.50,WIFI
C8:C6:FE:6E:E9:03,,[WPA3_PSK],2025-3-28 15:14:27,11,-84,34.0523911,-117.2086792,351.70,1.50,WIFI
C8:C6:FE:6E:E9:09,,[OPEN],2025-3-28 15:14:27,11,-84,34.0523911,-117.2086792,351.70,1.50,WIFI
40:4C:77:30:4F:48,Frontier6880,[WPA2_PSK],2025-3-28 15:14:27,11,-86,34.0523911,-117.2086792,351.70,1.50,WIFI
34:53:D2:C5:D6:1B,SpectrumSetup-1E,[WPA2_PSK],2025-3-28 15:14:30,1,-73,34.0527573,-117.2086868,351.80,1.50,WIFI
D4:3F:32:05:40:86,210,[WPA2_PSK],2025-3-28 15:14:30,1,-77,34.0527573,-117.2086868,351.80,1.50,WIFI
D4:3F:32:05:40:83,,[WPA3_PSK],2025-3-28 15:14:30,1,-77,34.0527573,-117.2086868,351.80,1.50,WIFI
D4:3F:32:05:40:89,,[OPEN],2025-3-28 15:14:30,1,-78,34.0527573,-117.2086868,351.80,1.50,WIFI
74:93:DA:AD:C5:B0,Fouad22,[WPA2_PSK],2025-3-28 15:14:30,1,-80,34.0527573,-117.2086868,351.80,1.50,WIFI
A0:7F:8A:1B:BB:F4,SpectrumSetup-BBEE,[WPA2_PSK],2025-3-28 15:14:30,1,-83,34.0527573,-117.2086868,351.80,1.50,WIFI
54:04:63:C5:07:F9,,[WPA_WPA2_PSK],2025-3-28 15:14:30,1,-84,34.0527573,-117.2086868,351.80,1.50,WIFI
F4:52:46:B3:E9:BE,EM wifi,[WPA2_PSK],2025-3-28 15:14:30,1,-84,34.0527573,-117.2086868,351.80,1.50,WIFI
F0:7B:65:80:AF:B3,The Dungeon,[WPA2_PSK],2025-3-28 15:14:30,1,-85,34.0527573,-117.2086868,351.80,1.50,WIFI
4C:22:F3:BF:17:FF,Verizon_L3X9NX,[WPA2_PSK],2025-3-28 15:14:30,1,-89,34.0527573,-117.2086868,351.80,1.50,WIFI
48:F8:B3:F0:EC:22,SlicingWater2G,[WPA2_PSK],2025-3-28 15:14:34,3,-79,34.0532761,-117.2086868,351.50,1.50,WIFI
A0:8E:24:4D:16:C7,,[OPEN],2025-3-28 15:14:37,6,-81,34.0537033,-117.2086945,351.60,1.50,WIFI
74:93:DA:57:37:21,SpectrumSetup-23,[WPA2_PSK],2025-3-28 15:14:37,6,-82,34.0537033,-117.2086945,351.60,1.50,WIFI
64:DA:ED:1A:A3:83,,[WPA3_PSK],2025-3-28 15:14:37,6,-84,34.0537033,-117.2086945,351.60,1.50,WIFI
64:DA:ED:1A:A3:87,,[OPEN],2025-3-28 15:14:37,6,-84,34.0537033,-117.2086945,351.60,1.50,WIFI
64:DA:ED:1A:A3:85,HappyWifiHappyLifi,[WPA2_PSK],2025-3-28 15:14:37,6,-86,34.0537033,-117.2086945,351.60,1.50,WIFI
BC:82:5D:AB:36:35,Badger,[WPA2_PSK],2025-3-28 15:14:37,6,-92,34.0537033,-117.2086945,351.60,1.50,WIFI
A4:97:33:29:95:D1,SpectrumSetup-D3,[WPA2_PSK],2025-3-28 15:14:37,6,-93,34.0537033,-117.2086945,351.60,1.50,WIFI
12:E8:A7:CA:37:BC,myGMC 37BC,[WPA2_PSK],2025-3-28 15:14:37,7,-94,34.0537033,-117.2086945,351.60,1.50,WIFI
5C:DF:89:9F:9D:28,RCS Eagles,[WPA2_PSK],2025-3-28 15:14:39,8,-93,34.0540009,-117.2087021,351.70,1.50,WIFI
84:23:88:AC:57:28,RCS Eagles,[WPA2_PSK],2025-3-28 15:14:40,9,-79,34.0541382,-117.2087021,351.80,1.50,WIFI
84:23:88:6C:57:28,rcsChromebooks,[WPA2_PSK],2025-3-28 15:14:40,9,-84,34.0541382,-117.2087021,351.80,1.50,WIFI
84:23:88:EC:57:28,RCS Device,[WPA2_PSK],2025-3-28 15:14:40,9,-84,34.0541382,-117.2087021,351.80,1.50,WIFI
CA:41:1E:10:58:44,,[WPA2_PSK],2025-3-28 15:14:40,9,-95,34.0541382,-117.2087021,351.80,1.50,WIFI
5C:DF:89:9F:A2:08,RCS Eagles,[WPA2_PSK],2025-3-28 15:14:42,11,-88,34.0544014,-117.2087021,352.00,1.50,WIFI
B0:95:75:45:8B:80,MySpectrumWiFic8-2G_2.4GEXT,[WPA2_PSK],2025-3-28 15:14:42,11,-89,34.0544014,-117.2087021,352.00,1.50,WIFI
98:1E:19:5F:FE:06,MySpectrumWiFi00-2G,[WPA2_PSK],2025-3-28 15:14:42,11,-90,34.0544014,-117.2087021,352.00,1.50,WIFI
B8:66:85:63:AD:CE,MySpectrumWiFic8-2G,[WPA2_PSK],2025-3-28 15:14:42,11,-90,34.0544014,-117.2087021,352.00,1.50,WIFI
2C:67:BE:0F:35:FB,SpectrumSetup-35F7,[WPA2_PSK],2025-3-28 15:14:42,11,-94,34.0544014,-117.2087021,352.00,1.50,WIFI
08:33:ED:BE:F1:0D,Fred,[WPA2_PSK],2025-3-28 15:14:45,1,-80,34.0547218,-117.2087097,352.50,1.50,WIFI
E4:C0:E2:6E:43:EE,Kimchi,[WPA2_PSK],2025-3-28 15:14:45,1,-92,34.0547218,-117.2087097,352.50,1.50,WIFI
00:42:5A:73:00:C0,WarehouseC,[WPA2_PSK],2025-3-28 15:14:47,2,-89,34.0548706,-117.2087097,352.70,1.50,WIFI
24:2D:6C:66:3B:85,,[WPA3_PSK],2025-3-28 15:14:51,6,-80,34.0550919,-117.2087173,352.90,1.50,WIFI
24:2D:6C:66:3B:8B,,[OPEN],2025-3-28 15:14:51,6,-80,34.0550919,-117.2087173,352.90,1.50,WIFI
24:2D:6C:66:3B:88,montana,[WPA2_PSK],2025-3-28 15:14:51,6,-80,34.0550919,-117.2087173,352.90,1.50,WIFI
DC:8C:37:52:18:C1,CSLGUEST,[WPA2_PSK],2025-3-28 15:14:51,6,-83,34.0550919,-117.2087173,352.90,1.50,WIFI
DC:8C:37:52:18:C0,CSLWLAN,[WPA2],2025-3-28 15:14:51,6,-84,34.0550919,-117.2087173,352.90,1.50,WIFI
FE:B0:DE:04:AC:FC,DIRECT-fc-HP M182 LaserJet,[WPA2_PSK],2025-3-28 15:14:51,6,-91,34.0550919,-117.2087173,352.90,1.50,WIFI
A8:6B:AD:F2:8B:FC,WIFIF28BF9,[WPA2_PSK],2025-3-28 15:14:56,11,-85,34.0552254,-117.2087173,353.10,1.50,WIFI
80:2A:A8:5A:96:DF,911BioCare,[WPA2_PSK],2025-3-28 15:14:56,11,-89,34.0552254,-117.2087173,353.10,1.50,WIFI
88:DE:7C:D4:50:B7,SpectrumSetup-B9,[WPA2_PSK],2025-3-28 15:14:56,11,-90,34.0552254,-117.2087173,353.10,1.50,WIFI
F0:81:75:CD:F3:1E,SpectrumSetup-18,[WPA2_PSK],2025-3-28 15:14:59,1,-88,34.0552368,-117.2087173,353.10,1.50,WIFI
00:C8:96:D0:E4:72,,[WPA_WPA2_PSK],2025-3-28 15:15:13,1,-87,34.0552559,-117.2087173,353.10,1.50,WIFI
02:68:EB:EC:EE:58,DIRECT-58-HP M479fdw Color LJ,[WPA2_PSK],2025-3-28 15:15:19,6,-87,34.0556641,-117.2087173,353.70,1.50,WIFI
64:A5:C3:71:27:88,SRIwest,[WPA2_PSK],2025-3-28 15:15:24,11,-93,34.0562248,-117.2087250,353.90,1.50,WIFI
F0:2F:74:92:07:BA,,[WPA2_PSK],2025-3-28 15:15:27,1,-77,34.0566177,-117.2087326,353.90,1.50,WIFI
F0:2F:74:92:07:B9,noobs,[WPA_WPA2_PSK],2025-3-28 15:15:27,1,-79,34.0566177,-117.2087326,353.90,1.50,WIFI
08:D5:9D:0E:56:CE,ARCR-2G,[WPA2_PSK],2025-3-28 15:15:27,1,-80,34.0566177,-117.2087326,353.90,1.50,WIFI
F0:2F:74:92:07:B8,hideyourkidshideyourwifi,[WPA2_PSK],2025-3-28 15:15:27,1,-85,34.0566177,-117.2087326,353.90,1.50,WIFI
2C:00:AB:D8:04:48,Frontier2944,[WPA2_PSK],2025-3-28 15:15:27,1,-86,34.0566177,-117.2087326,353.90,1.50,WIFI
EE:64:C9:F0:BA:28,Tineco_7872,[OPEN],2025-3-28 15:15:27,1,-87,34.0566177,-117.2087326,353.90,1.50,WIFI
FC:12:63:00:01:E8,SpectrumSetup-EA,[WPA2_PSK],2025-3-28 15:15:33,6,-75,34.0573921,-117.2087402,354.00,1.50,WIFI
DC:8C:37:D5:D8:C0,CSLWLAN,[WPA2],2025-3-28 15:15:33,6,-84,34.0573921,-117.2087402,354.00,1.50,WIFI
DC:8C:37:D5:D8:C1,CSLGUEST,[WPA2_PSK],2025-3-28 15:15:33,6,-84,34.0573921,-117.2087402,354.00,1.50,WIFI
6A:22:32:6A:87:76,Smile-Guest,[WPA2_PSK],2025-3-28 15:15:33,6,-88,34.0573921,-117.2087402,354.00,1.50,WIFI
E8:9C:25:48:34:B0,FiOS-N2OM,[WPA2_PSK],2025-3-28 15:15:36,9,-88,34.0577469,-117.2087402,353.90,1.50,WIFI
24:E5:0F:60:DD:59,Union Office,[WPA2_PSK],2025-3-28 15:15:38,11,-76,34.0579834,-117.2087402,353.90,1.50,WIFI
24:E5:0F:60:F1:54,Union Office,[WPA2_PSK],2025-3-28 15:15:38,11,-81,34.0579834,-117.2087402,353.90,1.50,WIFI
6A:22:32:2D:78:06,Smile-Guest,[WPA2_PSK],2025-3-28 15:15:38,11,-81,34.0579834,-117.2087402,353.90,1.50,WIFI
FC:EC:DA:E9:E7:D2,chunDDS,[WPA2_PSK],2025-3-28 15:15:38,11,-82,34.0579834,-117.2087402,353.90,1.50,WIFI
60:22:32:2D:78:06,Hatami,[WPA2_PSK],2025-3-28 15:15:38,11,-86,34.0579834,-117.2087402,353.90,1.50,WIFI
24:94:CB:4C:2B:88,Warrior,[WPA2_PSK],2025-3-28 15:15:38,11,-87,34.0579834,-117.2087402,353.90,1.50,WIFI
86:2A:A8:1A:99:9E,,[WPA2_PSK],2025-3-28 15:15:41,1,-81,34.0583763,-117.2087555,353.80,1.50,WIFI
80:2A:A8:1A:99:9E,drfranco,[WPA2_PSK],2025-3-28 15:15:41,1,-82,34.0583763,-117.2087555,353.80,1.50,WIFI
1C:BF:CE:2C:34:80,Frontier9776-PRO-2.4G,[WPA2_PSK],2025-3-28 15:15:41,1,-87,34.0583763,-117.2087555,353.80,1.50,WIFI
DC:8C:37:79:09:E1,CSLGUEST,[WPA2_PSK],2025-3-28 15:15:41,1,-90,34.0583763,-117.2087555,353.80,1.50,WIFI
7A:AC:B9:B1:60:EB,,[WPA2_PSK],2025-3-28 15:15:41,1,-91,34.0583763,-117.2087555,353.80,1.50,WIFI
A6:05:D6:50:BD:51,Running,[WPA2_PSK],2025-3-28 15:15:41,1,-93,34.0583763,-117.2087555,353.80,1.50,WIFI
9C:C9:EB:5A:8D:B0,VAIS,[WPA2_PSK],2025-3-28 15:15:44,3,-75,34.0587502,-117.2087555,353.70,1.50,WIFI
96:9A:4A:1B:A7:66,,[WPA2_PSK],2025-3-28 15:15:45,4,-86,34.0588531,-117.2087555,353.60,1.50,WIFI
60:E3:27:4A:D9:08,Wilson,[WPA2_PSK],2025-3-28 15:15:46,5,-83,34.0589409,-117.2087555,353.60,1.50,WIFI
80:2A:A8:1A:99:A5,drfranco,[WPA2_PSK],2025-3-28 15:15:47,6,-74,34.0590134,-117.2087555,353.60,1.50,WIFI
86:2A:A8:1A:99:A5,,[WPA2_PSK],2025-3-28 15:15:47,6,-74,34.0590134,-117.2087555,353.60,1.50,WIFI
94:10:3E:90:FB:EA,Nava Realty Group,[WPA2_PSK],2025-3-28 15:15:47,6,-85,34.0590134,-117.2087555,353.60,1.50,WIFI
80:2A:A8:1A:99:47,drfranco,[WPA2_PSK],2025-3-28 15:15:47,6,-91,34.0590134,-117.2087555,353.60,1.50,WIFI
10:DA:43:C5:44:69,NETGEAR55,[WPA2_PSK],2025-3-28 15:15:50,9,-88,34.0591125,-117.2087631,353.60,1.50,WIFI
C2:C4:F9:78:6B:85,myGMC 6A84,[WPA2_PSK],2025-3-28 15:15:51,10,-85,34.0591125,-117.2087631,353.60,1.50,WIFI
EC:6E:79:00:FF:1E,FWA02-00FF1E,[WPA2_PSK],2025-3-28 15:15:51,10,-90,34.0591125,-117.2087631,353.60,1.50,WIFI
7A:45:58:27:BC:AD,drfranco,[WPA2_PSK],2025-3-28 15:15:52,11,-85,34.0591125,-117.2087555,353.50,1.50,WIFI
78:45:58:67:BC:AD,,[WPA2_PSK],2025-3-28 15:15:52,11,-86,34.0591125,-117.2087555,353.50,1.50,WIFI
0A:E0:07:B6:A3:0A,Yecel's Z Flip5,[WPA2_PSK],2025-3-28 15:15:52,11,-86,34.0591125,-117.2087555,353.50,1.50,WIFI
D0:6D:C9:2E:63:36,Frontier1645,[WPA2_PSK],2025-3-28 15:15:52,11,-94,34.0591125,-117.2087555,353.50,1.50,WIFI
7E:4D:8F:4D:F2:A0,DIRECT-A0-HP Color LJ 4301,[WPA2_PSK],2025-3-28 15:16:1,6,-85,34.0591125,-117.2087631,353.40,1.50,WIFI
7A:AC:B9:B1:5E:3C,,[WPA2_PSK],2025-3-28 15:16:1,6,-88,34.0591125,-117.2087631,353.40,1.50,WIFI
86:2A:A8:1A:99:47,,[WPA2_PSK],2025-3-28 15:16:1,6,-90,34.0591125,-117.2087631,353.40,1.50,WIFI
04:95:E6:22:30:E1,ManhattanComfortWest_EXT,[WPA_WPA2_PSK],2025-3-28 15:16:1,6,-90,34.0591125,-117.2087631,353.40,1.50,WIFI
C8:7F:54:DC:62:48,pt8844,[WPA2_PSK],2025-3-28 15:16:3,8,-92,34.0591125,-117.2087631,353.40,1.50,WIFI
50:EB:F6:A2:15:58,The Walter Group,[WPA2_PSK],2025-3-28 15:16:5,10,-84,34.0591278,-117.2087631,353.40,1.50,WIFI
A6:05:D6:41:18:56,ChiroTouch,[WPA2_PSK],2025-3-28 15:16:6,11,-90,34.0591545,-117.2087631,353.40,1.50,WIFI
74:37:5F:C9:17:43,SpectrumSetup-41,[WPA2_PSK],2025-3-28 15:16:6,11,-91,34.0591545,-117.2087631,353.40,1.50,WIFI
32:F9:0F:89:6F:31,,[WPA2_PSK],2025-3-28 15:16:7,1,-83,34.0592079,-117.2087631,353.40,1.50,WIFI
46:D9:E7:59:DC:50,TrainFitness-5GHZ,[WPA2_PSK],2025-3-28 15:16:7,1,-89,34.0592079,-117.2087631,353.40,1.50,WIFI
2E:4C:C6:F5:D3:E2,CMML-2c4cc6f5d3e2,[OPEN],2025-3-28 15:16:12,3,-82,34.0596733,-117.2087708,353.50,1.50,WIFI
EA:E8:B7:17:27:51,CMML-e8e8b7172751,[OPEN],2025-3-28 15:16:12,3,-89,34.0596733,-117.2087708,353.50,1.50,WIFI
2E:4C:C6:F8:16:DC,CMML-2c4cc6f816dc,[OPEN],2025-3-28 15:16:12,3,-90,34.0596733,-117.2087708,353.50,1.50,WIFI
A8:5E:45:61:F3:2E,ECLYPSE-812D00,[WPA2_PSK],2025-3-28 15:16:15,6,-83,34.0600815,-117.2087784,353.70,1.50,WIFI
A6:05:D6:50:BF:89,Running,[WPA2_PSK],2025-3-28 15:16:15,6,-85,34.0600815,-117.2087784,353.70,1.50,WIFI
AA:05:D6:50:BF:89,DontRunWithScissors,[WPA2_PSK],2025-3-28 15:16:15,6,-85,34.0600815,-117.2087784,353.70,1.50,WIFI
9C:05:D6:50:BF:89,,[WPA2_PSK],2025-3-28 15:16:15,6,-86,34.0600815,-117.2087784,353.70,1.50,WIFI
DA:33:B7:D5:E2:B2,Redlands Thrift Guest,[WPA2_PSK],2025-3-28 15:16:15,6,-87,34.0600815,-117.2087784,353.70,1.50,WIFI
A2:05:D6:50:BF:89,,[WPA2_PSK],2025-3-28 15:16:15,6,-87,34.0600815,-117.2087784,353.70,1.50,WIFI
00:30:44:5A:C4:5F,IBR600C-45e,[WPA2_PSK],2025-3-28 15:16:15,6,-87,34.0600815,-117.2087784,353.70,1.50,WIFI
7A:01:B1:3B:F8:E5,Dash-4188,[WPA2_PSK],2025-3-28 15:16:15,6,-89,34.0600815,-117.2087784,353.70,1.50,WIFI
46:37:86:2D:3C:66,,[WPA2_PSK],2025-3-28 15:16:18,9,-84,34.0605392,-117.2087860,353.80,1.50,WIFI
06:18:D6:04:FB:92,KisingerGuest,[WPA2_PSK],2025-3-28 15:16:20,11,-89,34.0608482,-117.2087860,354.00,1.50,WIFI
9C:C8:FC:12:58:D8,Frontier3072,[WPA2_PSK],2025-3-28 15:16:21,1,-83,34.0610008,-117.2087860,353.90,1.50,WIFI
00:C8:96:2B:DB:14,,[WPA_WPA2_PSK],2025-3-28 15:16:21,1,-83,34.0610008,-117.2087860,353.90,1.50,WIFI
AA:05:D6:50:BD:51,DontRunWithScissors,[WPA2_PSK],2025-3-28 15:16:21,1,-85,34.0610008,-117.2087860,353.90,1.50,WIFI
4C:AB:F8:1C:E3:8E,Verizon_LH6JW6,[WPA2_PSK],2025-3-28 15:16:21,1,-88,34.0610008,-117.2087860,353.90,1.50,WIFI
A2:05:D6:41:17:BE,ChiroTouch,[WPA2_PSK],2025-3-28 15:16:21,1,-89,34.0610008,-117.2087860,353.90,1.50,WIFI
60:38:E0:81:99:3E,Mr. Taco (Office),[WPA_WPA2_PSK],2025-3-28 15:16:27,4,-89,34.0619087,-117.2087708,353.80,1.50,WIFI
34:C9:F0:93:18:30,VMI IR APSD 718,[WPA2_PSK],2025-3-28 15:16:28,5,-85,34.0620422,-117.2087708,353.90,1.50,WIFI
CC:CF:83:CF:E3:93,,[WPA_WPA2_PSK],2025-3-28 15:16:28,5,-88,34.0620422,-117.2087708,353.90,1.50,WIFI
FC:12:63:E0:50:7B,SpectrumSetup-7D,[WPA2_PSK],2025-3-28 15:16:29,6,-64,34.0621719,-117.2087708,353.80,1.50,WIFI
FA:8F:CA:5A:D6:7B,Family Room TV.v,[OPEN],2025-3-28 15:16:29,6,-79,34.0621719,-117.2087708,353.80,1.50,WIFI
00:30:44:5A:E0:AC,RAI-SIGNAGE,[WPA2_PSK],2025-3-28 15:16:29,6,-83,34.0621719,-117.2087708,353.80,1.50,WIFI
EA:38:83:13:3C:B2,TBC-Guest,[WPA_WPA2_PSK],2025-3-28 15:16:29,6,-93,34.0621719,-117.2087708,353.80,1.50,WIFI
2C:58:4F:0D:94:22,Frontier4144,[WPA2_PSK],2025-3-28 15:16:34,11,-81,34.0625954,-117.2087631,353.60,1.50,WIFI
00:30:44:50:C4:96,RAI-SIGNAGE,[WPA2_PSK],2025-3-28 15:16:34,11,-81,34.0625954,-117.2087631,353.60,1.50,WIFI
34:49:5B:D4:10:8E,MySpectrumWiFi88-2G,[WPA2_PSK],2025-3-28 15:16:34,11,-82,34.0625954,-117.2087631,353.60,1.50,WIFI
10:DA:43:3A:6E:99,ngHub_319468NB01B61,[WPA2_PSK],2025-3-28 15:16:34,11,-84,34.0625954,-117.2087631,353.60,1.50,WIFI
BC:82:5D:68:EA:BC,VEESCAR,[WPA2_PSK],2025-3-28 15:16:34,11,-89,34.0625954,-117.2087631,353.60,1.50,WIFI
00:30:44:31:F6:0B,AER1600-60a,[WPA2_PSK],2025-3-28 15:16:35,1,-73,34.0626373,-117.2087631,353.60,1.50,WIFI
C6:55:A8:20:7F:11,GMFDP,[WPA3_PSK],2025-3-28 15:16:35,1,-80,34.0626373,-117.2087631,353.60,1.50,WIFI
A8:97:CD:CC:60:52,Frontier1344,[WPA2_PSK],2025-3-28 15:16:35,1,-83,34.0626373,-117.2087631,353.60,1.50,WIFI
C0:89:AB:4B:7E:E8,Frontier4160,[WPA2_PSK],2025-3-28 15:16:35,1,-89,34.0626373,-117.2087631,353.60,1.50,WIFI
78:D2:94:19:81:36,NETGEAR36,[WPA2_PSK],2025-3-28 15:16:40,3,-80,34.0626640,-117.2087555,353.60,1.50,WIFI
C8:B4:22:8E:ED:53,MySpectrumWiFi55-2G,[WPA2_PSK],2025-3-28 15:16:48,11,-72,34.0626678,-117.2087555,353.40,1.50,WIFI
24:94:CB:11:DD:08,All_Seasons,[WPA2_PSK],2025-3-28 15:16:48,11,-83,34.0626678,-117.2087555,353.40,1.50,WIFI
66:E2:20:D8:59:05,myGMC 5804,[WPA2_PSK],2025-3-28 15:16:48,11,-88,34.0626678,-117.2087555,353.40,1.50,WIFI
20:F8:5E:DD:CC:26,ADJ Airstream DMX,[WPA2_PSK],2025-3-28 15:16:48,11,-91,34.0626678,-117.2087555,353.40,1.50,WIFI
C0:D3:91:EB:51:7D,US Venture,[WPA2_PSK],2025-3-28 15:16:57,6,-82,34.0626717,-117.2087555,353.50,1.50,WIFI
A6:05:D6:50:BC:01,Running,[WPA2_PSK],2025-3-28 15:16:57,6,-95,34.0626717,-117.2087555,353.50,1.50,WIFI
72:32:B1:A4:B2:6D,,[WPA2_PSK],2025-3-28 15:17:1,10,-89,34.0626717,-117.2087555,353.50,1.50,WIFI
AE:46:9D:27:E7:9B,DelEmployee,[WPA2_PSK],2025-3-28 15:17:2,11,-83,34.0626717,-117.2087555,353.50,1.50,WIFI
C2:55:A8:20:7F:11,SMW,[WPA2],2025-3-28 15:17:4,1,-79,34.0626717,-117.2087555,353.50,1.50,WIFI
DA:55:A8:20:7F:11,,[WPA2_PSK],2025-3-28 15:17:4,1,-80,34.0626717,-117.2087555,353.50,1.50,WIFI
00:14:D1:B1:33:56,Nicks,[WPA2_PSK],2025-3-28 15:17:4,1,-90,34.0626717,-117.2087555,353.50,1.50,WIFI
34:20:03:D9:75:6F,Fanimation_D9756F,[OPEN],2025-3-28 15:17:8,3,-93,34.0626717,-117.2087555,353.40,1.50,WIFI
16:8E:36:FC:80:CF,BUICK2331,[WPA2_WPA3_PSK],2025-3-28 15:17:11,6,-88,34.0626717,-117.2087631,353.30,1.50,WIFI
98:03:CF:76:1F:AC,Peztio-Q4-761fac,[WPA2_PSK],2025-3-28 15:17:16,11,-75,34.0626717,-117.2087631,353.30,1.50,WIFI
96:46:9D:27:E7:9B,,[WPA2_PSK],2025-3-28 15:17:16,11,-81,34.0626717,-117.2087631,353.30,1.50,WIFI
2C:05:47:30:64:13,70mai_d06_6413,[WPA2_PSK],2025-3-28 15:17:25,6,-84,34.0626717,-117.2087631,353.30,1.50,WIFI
EE:38:83:13:3C:B2,TBC-Service,[WPA_WPA2_PSK],2025-3-28 15:17:25,6,-87,34.0626717,-117.2087631,353.30,1.50,WIFI
A8:46:9D:27:E7:9B,DelGuest,[OPEN],2025-3-28 15:17:30,11,-77,34.0626717,-117.2087631,353.20,1.50,WIFI
A8:4F:A4:86:05:D0,car-cam-CA7053SW-05d0,[WPA2_PSK],2025-3-28 15:17:46,1,-87,34.0626984,-117.2087631,353.30,1.50,WIFI
F2:38:83:13:3C:B2,,[WPA2_PSK],2025-3-28 15:17:53,6,-84,34.0632591,-117.2087555,354.00,1.50,WIFI
0C:EA:C9:4D:A0:98,Frontier8368,[WPA2_PSK],2025-3-28 15:17:53,6,-88,34.0632591,-117.2087555,354.00,1.50,WIFI
BA:9F:09:C9:A8:E2,Lauren,[WPA2_PSK],2025-3-28 15:18:0,1,-88,34.0640907,-117.2087326,354.90,1.50,WIFI
00:54:AF:B4:39:29,Hotspot3929,[WPA_WPA2_PSK],2025-3-28 15:18:3,2,-90,34.0642967,-117.2087250,355.10,1.50,WIFI
BC:82:5D:67:B8:28,WiFi Hotspot 7458,[WPA2_PSK],2025-3-28 15:18:7,6,-88,34.0643272,-117.2087250,355.20,1.50,WIFI
FC:DB:21:01:4B:50,Samsara Eppler Towing & Recovery,[WPA2_PSK],2025-3-28 15:18:7,6,-90,34.0643272,-117.2087250,355.20,1.50,WIFI
88:DC:96:56:2F:AE,ServiceDrive,[WPA2_PSK],2025-3-28 15:18:8,7,-82,34.0643272,-117.2087250,355.30,1.50,WIFI
94:3C:96:FB:A6:06,Frontier2486,[WPA2_PSK],2025-3-28 15:18:12,11,-86,34.0643272,-117.2087173,355.50,1.50,WIFI
A4:97:33:81:F2:1D,SpectrumSetup-1F,[WPA2_PSK],2025-3-28 15:18:21,6,-91,34.0643311,-117.2087173,355.90,1.50,WIFI
82:4C:A5:F9:AC:33,STX-MGMT,[WPA2_PSK],2025-3-28 15:18:28,1,-88,34.0643616,-117.2087173,356.20,1.50,WIFI
70:4C:A5:F9:AC:33,STX-Employee,[WPA2_PSK],2025-3-28 15:18:28,1,-89,34.0643616,-117.2087173,356.20,1.50,WIFI
A2:4C:A5:F9:AC:33,IHOP-POS,[WPA2_PSK],2025-3-28 15:18:28,1,-90,34.0643616,-117.2087173,356.20,1.50,WIFI
A8:42:A1:21:29:32,office deco ,[WPA2_PSK],2025-3-28 15:18:32,3,-90,34.0646477,-117.2087173,356.50,1.50,WIFI
38:08:FD:00:00:66,Silca-Futura_0066,[WEP],2025-3-28 15:18:38,9,-95,34.0654259,-117.2087097,360.00,1.50,WIFI
00:30:44:6E:E0:CC,IBR600C-0cb,[WPA2_PSK],2025-3-28 15:18:42,1,-87,34.0660172,-117.2087021,363.00,1.50,WIFI
58:96:71:ED:17:8E,Diddy Party,[WPA2_PSK],2025-3-28 15:18:42,1,-88,34.0660172,-117.2087021,363.00,1.50,WIFI
38:88:71:05:4A:3A,Verizon_M3M9YR,[WPA2_PSK],2025-3-28 15:18:42,1,-91,34.0660172,-117.2087021,363.00,1.50,WIFI
98:25:4A:66:2E:30,Super 8 Office,[WPA2_PSK],2025-3-28 15:18:49,6,-80,34.0669823,-117.2087250,363.90,1.50,WIFI
62:E6:F0:48:64:55,myGMC 6455,[WPA2_PSK],2025-3-28 15:18:49,6,-80,34.0669823,-117.2087250,363.90,1.50,WIFI
9E:25:4A:66:2E:30,Super 8,[OPEN],2025-3-28 15:18:49,6,-83,34.0669823,-117.2087250,363.90,1.50,WIFI
00:25:CA:88:27:0D,Motive AABL36MD123164,[WPA2_PSK],2025-3-28 15:18:49,6,-89,34.0669823,-117.2087250,363.90,1.50,WIFI
78:61:7C:4E:DD:82,WiFi Hotspot 8237,[WPA2_PSK],2025-3-28 15:18:49,6,-89,34.0669823,-117.2087250,363.90,1.50,WIFI
00:54:AF:14:74:CA,Hotspot74CA,[WPA_WPA2_PSK],2025-3-28 15:18:50,7,-89,34.0670738,-117.2087250,363.80,1.50,WIFI
32:8D:DB:7A:6C:F7,,[WPA2_PSK],2025-3-28 15:18:56,1,-75,34.0671616,-117.2087326,363.50,1.50,WIFI
06:8D:DB:7A:6C:F7,MCO716,[WPA2_PSK],2025-3-28 15:18:56,1,-78,34.0671616,-117.2087326,363.50,1.50,WIFI
02:8D:DB:7A:6C:F7,UHC_v2,[WPA2],2025-3-28 15:18:56,1,-78,34.0671616,-117.2087326,363.50,1.50,WIFI
0C:8D:DB:7A:6C:F7,U-Haul Guest WIFI,[OPEN],2025-3-28 15:18:56,1,-80,34.0671616,-117.2087326,363.50,1.50,WIFI
78:21:84:CD:8D:9D,ESP_CD8D9D,[OPEN],2025-3-28 15:18:56,1,-90,34.0671616,-117.2087326,363.50,1.50,WIFI
00:25:CA:66:27:FD,sdp5g,[WPA2_PSK],2025-3-28 15:18:56,1,-91,34.0671616,-117.2087326,363.50,1.50,WIFI
BC:82:5D:AB:CC:CD,everly,[WPA2_PSK],2025-3-28 15:19:3,6,-88,34.0671616,-117.2087326,363.20,1.50,WIFI
06:8D:DB:7A:6C:A5,MCO716,[WPA2_PSK],2025-3-28 15:19:8,11,-80,34.0671616,-117.2087326,363.10,1.50,WIFI
0C:8D:DB:7A:6C:A5,U-Haul Guest WIFI,[OPEN],2025-3-28 15:19:8,11,-81,34.0671616,-117.2087326,363.10,1.50,WIFI
32:8D:DB:7A:6C:A5,,[WPA2_PSK],2025-3-28 15:19:8,11,-85,34.0671616,-117.2087326,363.10,1.50,WIFI
A8:C0:EA:52:D9:04,Wetterhorn,[WPA2_WPA3_PSK],2025-3-28 15:19:8,11,-89,34.0671616,-117.2087326,363.10,1.50,WIFI
9E:25:4A:66:28:F6,Super 8,[OPEN],2025-3-28 15:19:8,11,-89,34.0671616,-117.2087326,363.10,1.50,WIFI
00:15:70:94:E1:E1,101,[OPEN],2025-3-28 15:19:8,11,-90,34.0671616,-117.2087326,363.10,1.50,WIFI
00:15:70:94:E1:E0,108,[OPEN],2025-3-28 15:19:8,11,-91,34.0671616,-117.2087326,363.10,1.50,WIFI
98:25:4A:66:24:78,Super 8 Office,[WPA2_PSK],2025-3-28 15:19:8,11,-94,34.0671616,-117.2087326,363.10,1.50,WIFI
18:0C:7A:E4:45:76,TMOBILE-4571,[WPA2_WPA3_PSK],2025-3-28 15:19:17,6,-86,34.0671577,-117.2087326,362.90,1.50,WIFI
32:B4:B8:27:6E:AA,My VW 0600,[WPA2_PSK],2025-3-28 15:19:17,6,-87,34.0671577,-117.2087326,362.90,1.50,WIFI
00:30:44:6E:E1:17,IBR600C-116,[WPA2_PSK],2025-3-28 15:19:17,6,-92,34.0671577,-117.2087326,362.90,1.50,WIFI
00:54:AF:43:12:11,Hotspot1211,[WPA_WPA2_PSK],2025-3-28 15:19:29,4,-92,34.0671616,-117.2087402,362.80,1.50,WIFI
C4:49:BB:32:65:D0,cruzen,[WPA2_PSK],2025-3-28 15:19:39,1,-92,34.0671616,-117.2087402,362.90,1.50,WIFI
6C:63:9C:87:4D:20,Frontier4912,[WPA2_PSK],2025-3-28 15:19:46,6,-90,34.0671616,-117.2087402,362.90,1.50,WIFI
2A:03:EB:18:98:26,KUHULU,[WPA2_PSK],2025-3-28 15:19:53,1,-84,34.0671616,-117.2087402,363.00,1.50,WIFI
88:DC:96:8E:45:32,100,[WPA2_PSK],2025-3-28 15:19:58,4,-90,34.0671616,-117.2087402,363.10,1.50,WIFI
8C:61:A3:01:9B:E9,MySpectrumWiFiE8-2G,[WPA2_PSK],2025-3-28 15:20:0,6,-88,34.0671997,-117.2087555,363.00,1.50,WIFI
C4:49:BB:B4:D0:8E,DebraNunez,[WPA2_PSK],2025-3-28 15:20:0,6,-89,34.0671997,-117.2087555,363.00,1.50,WIFI
F8:5E:3C:66:95:5D,,[WPA2_PSK],2025-3-28 15:20:5,11,-91,34.0673332,-117.2090836,361.60,1.50,WIFI
88:15:44:A8:3C:78,,[WPA_WPA2_PSK],2025-3-28 15:20:7,1,-83,34.0672951,-117.2093430,361.40,1.50,WIFI
B6:15:44:A8:3C:78,,[WPA2],2025-3-28 15:20:7,1,-85,34.0672951,-117.2093430,361.40,1.50,WIFI
86:15:44:A8:3C:78,,[WPA2],2025-3-28 15:20:7,1,-86,34.0672951,-117.2093430,361.40,1.50,WIFI
8E:15:44:A8:3C:78,,[WPA2],2025-3-28 15:20:7,1,-87,34.0672951,-117.2093430,361.40,1.50,WIFI
8E:15:44:A8:3C:3B,,[WPA2],2025-3-28 15:20:7,1,-88,34.0672951,-117.2093430,361.40,1.50,WIFI
82:15:44:A8:3C:3B,EPIC-GUEST,[OPEN],2025-3-28 15:20:7,1,-88,34.0672951,-117.2093430,361.40,1.50,WIFI
86:15:44:A8:3C:3B,,[WPA2],2025-3-28 15:20:7,1,-88,34.0672951,-117.2093430,361.40,1.50,WIFI
88:15:44:A8:3C:3B,OP-Secure,[WPA_WPA2_PSK],2025-3-28 15:20:7,1,-89,34.0672951,-117.2093430,361.40,1.50,WIFI
82:15:44:A8:3C:78,EPIC-GUEST,[OPEN],2025-3-28 15:20:7,1,-89,34.0672951,-117.2093430,361.40,1.50,WIFI
82:15:44:A8:3C:3F,EPIC-GUEST,[OPEN],2025-3-28 15:20:7,1,-89,34.0672951,-117.2093430,361.40,1.50,WIFI
CC:C0:79:1B:74:CA,iCOMM-ccc0791b74ca,[OPEN],2025-3-28 15:20:11,3,-88,34.0671921,-117.2101288,356.90,1.50,WIFI
CC:C0:79:17:D1:A6,iCOMM-ccc07917d1a6,[OPEN],2025-3-28 15:20:11,3,-88,34.0671921,-117.2101288,356.90,1.50,WIFI
86:15:44:A8:3C:E6,,[WPA2],2025-3-28 15:20:14,6,-84,34.0671043,-117.2109070,353.30,1.50,WIFI
82:15:44:A8:3C:E6,EPIC-GUEST,[OPEN],2025-3-28 15:20:14,6,-85,34.0671043,-117.2109070,353.30,1.50,WIFI
88:15:44:A8:3C:E6,,[WPA_WPA2_PSK],2025-3-28 15:20:14,6,-86,34.0671043,-117.2109070,353.30,1.50,WIFI
8E:15:44:A8:3C:E6,,[WPA2],2025-3-28 15:20:14,6,-86,34.0671043,-117.2109070,353.30,1.50,WIFI
3A:88:71:23:DD:96,Verizon_K3HWH7-IoT,[WPA2_PSK],2025-3-28 15:20:14,6,-87,34.0671043,-117.2109070,353.30,1.50,WIFI
BE:D7:D4:E5:A0:37,,[WPA2_PSK],2025-3-28 15:20:14,6,-87,34.0671043,-117.2109070,353.30,1.50,WIFI
F8:F7:D3:0B:83:B2,office,[WPA2_PSK],2025-3-28 15:20:14,6,-90,34.0671043,-117.2109070,353.30,1.50,WIFI
F8:F7:D3:0B:83:B5,Guests,[OPEN],2025-3-28 15:20:14,6,-91,34.0671043,-117.2109070,353.30,1.50,WIFI
44:1E:98:7D:47:18,,[WPA2],2025-3-28 15:20:14,7,-72,34.0671043,-117.2109070,353.30,1.50,WIFI
44:1E:98:FD:47:18,,[WPA2_PSK],2025-3-28 15:20:14,7,-72,34.0671043,-117.2109070,353.30,1.50,WIFI
44:1E:98:BD:47:18,OL_Guest,[OPEN],2025-3-28 15:20:14,7,-73,34.0671043,-117.2109070,353.30,1.50,WIFI
44:1E:98:3D:47:18,,[WPA2_PSK],2025-3-28 15:20:14,7,-73,34.0671043,-117.2109070,353.30,1.50,WIFI
44:1E:98:3D:47:19,,[WPA2_PSK],2025-3-28 15:20:14,7,-73,34.0671043,-117.2109070,353.30,1.50,WIFI
44:1E:98:7D:47:19,,[WPA2_PSK],2025-3-28 15:20:14,7,-73,34.0671043,-117.2109070,353.30,1.50,WIFI
8C:FE:74:22:02:18,,[WPA2_PSK],2025-3-28 15:20:14,7,-79,34.0671043,-117.2109070,353.30,1.50,WIFI
8C:FE:74:E2:02:18,,[WPA2_PSK],2025-3-28 15:20:14,7,-79,34.0671043,-117.2109070,353.30,1.50,WIFI
8C:FE:74:22:02:19,,[WPA2_PSK],2025-3-28 15:20:14,7,-79,34.0671043,-117.2109070,353.30,1.50,WIFI
8C:FE:74:62:02:19,,[WPA2_PSK],2025-3-28 15:20:14,7,-79,34.0671043,-117.2109070,353.30,1.50,WIFI
8C:FE:74:62:02:18,,[WPA2],2025-3-28 15:20:14,7,-80,34.0671043,-117.2109070,353.30,1.50,WIFI
8C:FE:74:A2:02:18,OL_Guest,[OPEN],2025-3-28 15:20:14,7,-80,34.0671043,-117.2109070,353.30,1.50,WIFI
3E:98:B5:59:D0:4A,Education Center,[WPA2_PSK],2025-3-28 15:20:14,8,-89,34.0671043,-117.2109070,353.30,1.50,WIFI
3A:98:B5:59:D0:4A,Jonbec Office,[WPA2_WPA3_PSK],2025-3-28 15:20:14,8,-90,34.0671043,-117.2109070,353.30,1.50,WIFI
C4:E5:32:CF:AE:D0,TMOBILE-AECE,[WPA2_WPA3_PSK],2025-3-28 15:20:18,10,-82,34.0669746,-117.2120590,350.40,1.50,WIFI
F8:5E:3C:66:95:5C,GoldCoast639,[WPA2_PSK],2025-3-28 15:20:19,11,-72,34.0669518,-117.2123489,349.90,1.50,WIFI
24:41:FE:94:C4:A2,Verizon_DYX3V9,[WPA2_PSK],2025-3-28 15:20:19,11,-86,34.0669518,-117.2123489,349.90,1.50,WIFI
88:15:44:A8:3C:B2,OP-Secure,[WPA_WPA2_PSK],2025-3-28 15:20:19,11,-87,34.0669518,-117.2123489,349.90,1.50,WIFI
C4:EB:42:7C:2E:46,TMOBILE-2E41,[WPA2_WPA3_PSK],2025-3-28 15:20:19,11,-87,34.0669518,-117.2123489,349.90,1.50,WIFI
82:15:44:A8:3C:B2,EPIC-GUEST,[OPEN],2025-3-28 15:20:19,11,-87,34.0669518,-117.2123489,349.90,1.50,WIFI
AC:8F:A9:77:68:A2,TMOBILE-6899,[WPA_WPA2_PSK],2025-3-28 15:20:19,11,-87,34.0669518,-117.2123489,349.90,1.50,WIFI
30:87:D9:81:B7:98,OL_Guest,[OPEN],2025-3-28 15:20:21,1,-86,34.0669098,-117.2129593,349.10,1.50,WIFI
30:87:D9:C1:B7:98,,[WPA2_PSK],2025-3-28 15:20:21,1,-87,34.0669098,-117.2129593,349.10,1.50,WIFI
30:87:D9:01:B7:98,,[WPA2_PSK],2025-3-28 15:20:21,1,-88,34.0669098,-117.2129593,349.10,1.50,WIFI
30:87:D9:01:B7:99,,[WPA2_PSK],2025-3-28 15:20:21,1,-88,34.0669098,-117.2129593,349.10,1.50,WIFI
30:87:D9:41:B7:99,,[WPA2_PSK],2025-3-28 15:20:21,1,-88,34.0669098,-117.2129593,349.10,1.50,WIFI
F8:F7:D3:0B:79:D3,AudioVisual,[WPA_WPA2_PSK],2025-3-28 15:20:21,1,-88,34.0669098,-117.2129593,349.10,1.50,WIFI
F8:F7:D3:0B:79:D4,1675 Industrial Park_Residents,[WPA_WPA2_PSK],2025-3-28 15:20:21,1,-88,34.0669098,-117.2129593,349.10,1.50,WIFI
F8:F7:D3:0B:79:D2,office,[WPA2_PSK],2025-3-28 15:20:21,1,-89,34.0669098,-117.2129593,349.10,1.50,WIFI
F8:F7:D3:0B:79:D5,Guests,[OPEN],2025-3-28 15:20:21,1,-90,34.0669098,-117.2129593,349.10,1.50,WIFI
10:0C:6B:D7:19:F2,NETGEAR88,[WPA2_PSK],2025-3-28 15:20:21,2,-92,34.0669098,-117.2129593,349.10,1.50,WIFI
CE:5E:F8:EF:94:7C,DIRECT-7c-HP M283 LaserJet,[WPA2_PSK],2025-3-28 15:20:28,6,-80,34.0668488,-117.2152023,348.00,1.50,WIFI
00:25:CA:7D:30:B1,Motive AABL36PC372648,[WPA2_PSK],2025-3-28 15:20:28,6,-81,34.0668488,-117.2152023,348.00,1.50,WIFI
B2:68:E6:4E:E0:CF,DIRECT-cf-HP M281 LaserJet,[WPA2_PSK],2025-3-28 15:20:28,6,-83,34.0668488,-117.2152023,348.00,1.50,WIFI
7C:10:C9:53:BE:00,ASUS_5G,[WPA2_PSK],2025-3-28 15:20:28,6,-84,34.0668488,-117.2152023,348.00,1.50,WIFI
68:D7:9A:87:95:C7,OTL_GUEST,[WPA2_PSK],2025-3-28 15:20:28,6,-85,34.0668488,-117.2152023,348.00,1.50,WIFI
6E:D7:9A:87:95:C7,OTL_ADMIN,[WPA2_PSK],2025-3-28 15:20:28,6,-87,34.0668488,-117.2152023,348.00,1.50,WIFI
7E:83:C2:B4:E4:26,SA-Corona,[WPA2_PSK],2025-3-28 15:20:28,6,-87,34.0668488,-117.2152023,348.00,1.50,WIFI
F8:F7:D3:0B:79:74,1675 Industrial Park_Residents,[WPA_WPA2_PSK],2025-3-28 15:20:28,6,-92,34.0668488,-117.2152023,348.00,1.50,WIFI
5E:EF:68:7A:9E:7D,thai house-guest,[WPA2_PSK],2025-3-28 15:20:31,9,-91,34.0668335,-117.2162094,348.10,1.50,WIFI
C8:A7:0A:C5:14:98,FiOS-ZGV76,[WPA2_PSK],2025-3-28 15:20:33,11,-84,34.0668297,-117.2168884,347.80,1.50,WIFI
98:1E:19:4C:F5:AE,MySpectrumWiFia8-2G,[WPA2_PSK],2025-3-28 15:20:33,11,-84,34.0668297,-117.2168884,347.80,1.50,WIFI
40:5D:82:0D:18:D5,ngHub_319461NJ021AB,[WPA2_PSK],2025-3-28 15:20:33,11,-86,34.0668297,-117.2168884,347.80,1.50,WIFI
F6:E2:C6:23:88:27,,[WPA2_PSK],2025-3-28 15:20:33,11,-87,34.0668297,-117.2168884,347.80,1.50,WIFI
B2:8B:A9:8D:AB:5D,OTL_ADMIN,[WPA2_PSK],2025-3-28 15:20:33,11,-90,34.0668297,-117.2168884,347.80,1.50,WIFI
8C:3B:AD:F3:0B:78,ARLO_VMB_1634671795,[WPA2_PSK],2025-3-28 15:20:33,11,-93,34.0668297,-117.2168884,347.80,1.50,WIFI
E2:55:7D:78:47:C3,DreamPlanTrack,[WPA2_PSK],2025-3-28 15:20:35,1,-84,34.0668259,-117.2175751,347.10,1.50,WIFI
48:A2:E6:4C:A8:41,HVP_48a2e64ca840-Pairing,[WPA2_PSK],2025-3-28 15:20:35,1,-88,34.0668259,-117.2175751,347.10,1.50,WIFI
E2:55:7D:78:47:C2,Ameriprise Guest,[WPA2_PSK],2025-3-28 15:20:35,1,-89,34.0668259,-117.2175751,347.10,1.50,WIFI
18:B1:69:8F:79:D8,Petrolink,[WPA_WPA2_PSK],2025-3-28 15:20:41,5,-91,34.0668144,-117.2196808,343.10,1.50,WIFI
00:0A:99:8B:7C:F3,240113,[WPA_PSK],2025-3-28 15:20:42,6,-88,34.0668106,-117.2200317,342.40,1.50,WIFI
F4:52:46:D8:F8:17,SpectrumSetup-F81A,[WPA2_PSK],2025-3-28 15:20:42,6,-88,34.0668106,-117.2200317,342.40,1.50,WIFI
A8:53:7D:73:FE:52,HEATKTE,[WPA2],2025-3-28 15:20:47,11,-89,34.0667915,-117.2218018,338.70,1.50,WIFI
A8:53:7D:73:FE:53,,[WPA2_PSK],2025-3-28 15:20:47,11,-89,34.0667915,-117.2218018,338.70,1.50,WIFI
A8:53:7D:73:FE:54,SwimUpstream,[WPA2_PSK],2025-3-28 15:20:47,11,-90,34.0667915,-117.2218018,338.70,1.50,WIFI
A8:53:7D:73:FE:55,HEATKTE-NG,[WPA2],2025-3-28 15:20:47,11,-90,34.0667915,-117.2218018,338.70,1.50,WIFI
16:3C:04:AE:1F:EF,,[WPA2_PSK],2025-3-28 15:20:47,11,-92,34.0667915,-117.2218018,338.70,1.50,WIFI
16:3C:04:AE:1F:EE,,[WPA2_PSK],2025-3-28 15:20:47,11,-93,34.0667915,-117.2218018,338.70,1.50,WIFI
C0:3C:04:AE:1F:ED,SpectrumSetup-E7,[WPA2_PSK],2025-3-28 15:20:47,11,-94,34.0667915,-117.2218018,338.70,1.50,WIFI
D0:6D:C9:2F:27:26,Frontier0107,[WPA2_PSK],2025-3-28 15:20:49,1,-92,34.0667839,-117.2225037,337.30,1.50,WIFI
C2:F6:9E:61:1B:E7,moto g 5G - 2024_4663,[WPA2_WPA3_PSK],2025-3-28 15:20:56,6,-83,34.0667496,-117.2248993,336.50,1.50,WIFI
BC:DF:58:EC:21:8D,Citrus Valley,[WPA2_PSK],2025-3-28 15:20:56,6,-85,34.0667496,-117.2248993,336.50,1.50,WIFI
BC:DF:58:EC:21:8E,CVGuest,[WPA2_PSK],2025-3-28 15:20:56,6,-88,34.0667496,-117.2248993,336.50,1.50,WIFI
BC:FD:0C:68:95:9A,S30_J67J6602,[WPA2_PSK],2025-3-28 15:20:56,6,-88,34.0667496,-117.2248993,336.50,1.50,WIFI
8A:15:04:CB:D8:22,,[WPA2_PSK],2025-3-28 15:20:56,6,-92,34.0667496,-117.2248993,336.50,1.50,WIFI
FC:DB:21:03:87:0B,Fames,[WPA2_PSK],2025-3-28 15:20:56,6,-93,34.0667496,-117.2248993,336.50,1.50,WIFI
C8:9E:43:6F:54:0B,NETGEAR49,[WPA2_PSK],2025-3-28 15:20:57,7,-89,34.0667458,-117.2252274,336.50,1.50,WIFI
FA:6D:CC:C8:52:DF,myGMC 52DF,[WPA2_PSK],2025-3-28 15:20:57,7,-91,34.0667458,-117.2252274,336.50,1.50,WIFI
F0:7B:65:32:03:A7,SpectrumSetup-03A1,[WPA2_PSK],2025-3-28 15:21:1,11,-88,34.0667381,-117.2265167,335.30,1.50,WIFI
74:37:5F:FD:45:A5,icychiha,[WPA2_PSK],2025-3-28 15:21:1,11,-89,34.0667381,-117.2265167,335.30,1.50,WIFI
2C:EA:DC:20:C3:75,SpectrumSetup-77,[WPA2_PSK],2025-3-28 15:21:3,1,-76,34.0667381,-117.2271729,334.20,1.50,WIFI
7C:0C:F6:09:F6:BB,Dash-8974,[WPA2_PSK],2025-3-28 15:21:3,1,-82,34.0667381,-117.2271729,334.20,1.50,WIFI
2C:EA:DC:6B:82:ED,SpectrumSetup-EF,[WPA2_PSK],2025-3-28 15:21:3,1,-87,34.0667381,-117.2271729,334.20,1.50,WIFI
F0:81:75:FE:41:FE,SpectrumSetup-F8,[WPA2_PSK],2025-3-28 15:21:3,1,-87,34.0667381,-117.2271729,334.20,1.50,WIFI
4C:19:5D:97:A6:E5,Bbpa15,[WPA2_PSK],2025-3-28 15:21:3,1,-90,34.0667381,-117.2271729,334.20,1.50,WIFI
C8:C7:50:E4:0E:7A,shalom,[WPA2_PSK],2025-3-28 15:21:3,1,-91,34.0667381,-117.2271729,334.20,1.50,WIFI
4C:19:5D:B1:DC:02,SpectrumSetup-FC,[WPA2_PSK],2025-3-28 15:21:3,1,-92,34.0667381,-117.2271729,334.20,1.50,WIFI
40:3F:8C:FF:79:5D,DeezNuts,[WPA_WPA2_PSK],2025-3-28 15:21:7,3,-93,34.0667458,-117.2284927,331.60,1.50,WIFI
64:67:72:70:0E:B3,KyleWildBaby,[WPA2_PSK],2025-3-28 15:21:10,6,-76,34.0667458,-117.2294617,329.50,1.50,WIFI
74:93:DA:91:B6:55,ValadezHome,[WPA2_PSK],2025-3-28 15:21:10,6,-81,34.0667458,-117.2294617,329.50,1.50,WIFI
08:33:ED:FB:1C:C1,SpectrumSetup-C3,[WPA2_PSK],2025-3-28 15:21:10,6,-89,34.0667458,-117.2294617,329.50,1.50,WIFI
50:E4:E0:9C:B1:60,BCP_WiFi,[WPA2_WPA3_PSK],2025-3-28 15:21:10,6,-91,34.0667458,-117.2294617,329.50,1.50,WIFI
30:23:03:66:93:96,SpectrumSetup-8361_Ext BED ROOM,[WPA2_PSK],2025-3-28 15:21:12,8,-83,34.0667458,-117.2301102,328.20,1.50,WIFI
A0:7F:8A:22:83:67,SpectrumSetup-8361,[WPA2_PSK],2025-3-28 15:21:15,11,-84,34.0667458,-117.2310791,326.20,1.50,WIFI
FC:12:63:A1:C7:B5,jeremyRuthHolly,[WPA2_PSK],2025-3-28 15:21:15,11,-88,34.0667458,-117.2310791,326.20,1.50,WIFI
2C:67:BE:10:AA:3F,SpectrumSetup-AA3B,[WPA2_PSK],2025-3-28 15:21:17,1,-82,34.0667458,-117.2317352,325.20,1.50,WIFI
38:A0:67:B9:A0:5E,lillanivert,[WPA_WPA2_PSK],2025-3-28 15:21:17,1,-85,34.0667458,-117.2317352,325.20,1.50,WIFI
C8:99:B2:B5:90:EF,Verizon_PF4XZB,[WPA2_PSK],2025-3-28 15:21:17,1,-85,34.0667458,-117.2317352,325.20,1.50,WIFI
FC:12:63:B8:FA:E9,SpectrumSetup-EB,[WPA2_PSK],2025-3-28 15:21:17,1,-86,34.0667458,-117.2317352,325.20,1.50,WIFI
14:7D:05:66:28:3B,SpectrumSetup-39,[WPA2_PSK],2025-3-28 15:21:17,1,-86,34.0667458,-117.2317352,325.20,1.50,WIFI
58:9B:4A:9D:72:95,Heiki,[WPA2_PSK],2025-3-28 15:21:17,1,-87,34.0667458,-117.2317352,325.20,1.50,WIFI
2C:67:BE:0B:33:B1,SpectrumSetup-33AD,[WPA2_PSK],2025-3-28 15:21:17,1,-87,34.0667458,-117.2317352,325.20,1.50,WIFI
B0:FC:88:7E:E0:27,SpectrumSetup-21,[WPA2_PSK],2025-3-28 15:21:17,1,-88,34.0667458,-117.2317352,325.20,1.50,WIFI
C0:3C:04:AC:BA:12,SpectrumSetup-0C,[WPA2_PSK],2025-3-28 15:21:17,1,-91,34.0667458,-117.2317352,325.20,1.50,WIFI
5C:FA:25:E7:B1:ED,MackAttack,[WPA2_PSK],2025-3-28 15:21:17,1,-94,34.0667458,-117.2317352,325.20,1.50,WIFI
78:D2:94:7E:85:29,NETGEAR78,[WPA2_PSK],2025-3-28 15:21:23,4,-85,34.0667343,-117.2336578,325.70,1.50,WIFI
38:88:71:20:AE:8D,NateKateKar,[WPA2_PSK],2025-3-28 15:21:25,6,-87,34.0667381,-117.2342911,326.20,1.50,WIFI
F4:52:46:AC:DD:E9,SpectrumSetup-EB,[WPA2_PSK],2025-3-28 15:21:25,6,-89,34.0667381,-117.2342911,326.20,1.50,WIFI
B0:FC:88:D0:4B:86,TMOBILE-4B81,[WPA2_WPA3_PSK],2025-3-28 15:21:30,11,-66,34.0667381,-117.2358551,327.10,1.50,WIFI
B4:FB:E4:C1:20:5C,cwx,[WPA2_PSK],2025-3-28 15:21:30,11,-88,34.0667381,-117.2358551,327.10,1.50,WIFI
38:88:71:0A:D5:4F,Verizon_W4YZ6N,[WPA2_PSK],2025-3-28 15:21:30,11,-92,34.0667381,-117.2358551,327.10,1.50,WIFI
AC:91:9B:A3:E8:62,Verizon_HKNYY9,[WPA2_PSK],2025-3-28 15:21:32,1,-92,34.0667267,-117.2364960,327.00,1.50,WIFI
74:37:5F:26:ED:6B,SpectrumSetup-69,[WPA2_PSK],2025-3-28 15:21:32,1,-94,34.0667267,-117.2364960,327.00,1.50,WIFI
10:2C:B1:A7:1B:C7,,[WPA_WPA2_PSK],2025-3-28 15:21:36,3,-90,34.0667114,-117.2378082,325.80,1.50,WIFI
FC:12:63:C5:C1:88,Verizon_GL9D7T,[WPA2_PSK],2025-3-28 15:21:39,6,-91,34.0667076,-117.2388382,323.60,1.50,WIFI
F0:A8:82:8C:3A:38,8B5086PK,[WPA2_PSK],2025-3-28 15:21:39,6,-92,34.0667076,-117.2388382,323.60,1.50,WIFI
7C:10:C9:57:CD:E8,CMZ01,[WPA2_PSK],2025-3-28 15:21:41,8,-94,34.0667114,-117.2395554,322.00,1.50,WIFI
DC:4B:A1:CC:C4:7A,Verizon_GJJZ7L,[WPA2_PSK],2025-3-28 15:21:44,11,-88,34.0667114,-117.2406311,320.70,1.50,WIFI
00:6F:F2:97:CB:CA,WiFi Hotspot 6744,[WPA2_PSK],2025-3-28 15:21:44,11,-90,34.0667114,-117.2406311,320.70,1.50,WIFI
D0:21:F9:8D:7B:00,Crosswalk,[WPA2_PSK],2025-3-28 15:21:44,11,-91,34.0667114,-117.2406311,320.70,1.50,WIFI
24:94:CB:6C:8A:20,Frontier7840,[WPA2_PSK],2025-3-28 15:21:44,11,-93,34.0667114,-117.2406311,320.70,1.50,WIFI
A0:7F:8A:1C:2C:62,SpectrumSetup-A1,[WPA2_PSK],2025-3-28 15:21:47,1,-88,34.0667076,-117.2417145,320.10,1.50,WIFI
3C:58:5D:5D:5D:D6,TMOBILE-5DD1,[WPA2_WPA3_PSK],2025-3-28 15:21:47,1,-90,34.0667076,-117.2417145,320.10,1.50,WIFI
82:A7:B9:54:AA:8B,,[WPA2_PSK],2025-3-28 15:21:49,2,-89,34.0667076,-117.2424316,319.70,1.50,WIFI
B0:A7:B9:54:AA:89,GEOO714,[WPA2_PSK],2025-3-28 15:21:49,2,-90,34.0667076,-117.2424316,319.70,1.50,WIFI
18:A5:FF:32:DB:72,TMOBILE-DB70,[WPA2_WPA3_PSK],2025-3-28 15:21:53,6,-82,34.0667114,-117.2438889,319.00,1.50,WIFI
58:9B:4A:93:B2:2E,DANDE,[WPA2_PSK],2025-3-28 15:21:53,6,-84,34.0667114,-117.2438889,319.00,1.50,WIFI
4C:22:F3:BE:85:13,Verizon_TS36PZ,[WPA2_PSK],2025-3-28 15:21:53,6,-87,34.0667114,-117.2438889,319.00,1.50,WIFI
4C:19:5D:33:74:70,SpectrumSetup-6A,[WPA2_PSK],2025-3-28 15:21:53,6,-91,34.0667114,-117.2438889,319.00,1.50,WIFI
5C:8A:AE:72:5D:CA,WIFI_DVR_E970TBG_5dca,[WPA2_PSK],2025-3-28 15:21:54,7,-65,34.0667114,-117.2442551,318.70,1.50,WIFI
4C:ED:FB:31:C0:C0,ASUS,[WPA2_PSK],2025-3-28 15:21:55,8,-80,34.0667114,-117.2446213,318.40,1.50,WIFI
80:69:1A:83:BE:35,,[WPA2_PSK],2025-3-28 15:21:56,9,-89,34.0667114,-117.2449951,317.90,1.50,WIFI
10:2C:B1:1B:3A:54,,[WPA_WPA2_PSK],2025-3-28 15:21:56,9,-90,34.0667114,-117.2449951,317.90,1.50,WIFI
7A:84:6A:9B:1D:31,,[WPA2_PSK],2025-3-28 15:21:57,10,-88,34.0667114,-117.2453537,317.30,1.50,WIFI
E0:46:EE:80:13:F6,NETGEAR81,[WPA2_PSK],2025-3-28 15:21:57,10,-91,34.0667114,-117.2453537,317.30,1.50,WIFI
A8:5E:45:EE:33:48,asus,[WPA2_PSK],2025-3-28 15:21:57,10,-93,34.0667114,-117.2453537,317.30,1.50,WIFI
18:31:BF:59:B2:80,Hutauruk,[WPA_WPA2_PSK],2025-3-28 15:21:58,11,-75,34.0667114,-117.2457123,316.50,1.50,WIFI
18:31:BF:59:B2:88,Hutauruk,[WPA2_PSK],2025-3-28 15:21:58,11,-76,34.0667114,-117.2457123,316.50,1.50,WIFI
4C:19:5D:94:9A:0A,SpectrumSetup-04,[WPA2_PSK],2025-3-28 15:21:58,11,-76,34.0667114,-117.2457123,316.50,1.50,WIFI
D8:A7:56:68:94:F6,MySpectrumWiFif0-2G,[WPA2_PSK],2025-3-28 15:21:58,11,-79,34.0667114,-117.2457123,316.50,1.50,WIFI
18:31:BF:59:B2:84,Hutauruk,[WPA_WPA2_PSK],2025-3-28 15:21:58,11,-80,34.0667114,-117.2457123,316.50,1.50,WIFI
22:76:13:48:78:DF,,[WPA2_PSK],2025-3-28 15:21:58,11,-83,34.0667114,-117.2457123,316.50,1.50,WIFI
74:37:5F:56:19:AB,ChristinaSasha,[WPA2_PSK],2025-3-28 15:21:58,11,-85,34.0667114,-117.2457123,316.50,1.50,WIFI
3A:88:71:20:A1:1D,Verizon_3YZ7GN-IoT,[WPA2_PSK],2025-3-28 15:21:58,11,-86,34.0667114,-117.2457123,316.50,1.50,WIFI
F0:81:75:FC:51:26,SpectrumSetup-20,[WPA2_PSK],2025-3-28 15:21:58,11,-89,34.0667114,-117.2457123,316.50,1.50,WIFI
14:7D:05:E3:55:47,SpectrumSetup-45,[WPA2_PSK],2025-3-28 15:21:58,11,-89,34.0667114,-117.2457123,316.50,1.50,WIFI
48:D2:4F:F9:13:8E,SpectrumSetup-88,[WPA2_PSK],2025-3-28 15:22:0,1,-71,34.0667114,-117.2464218,314.50,1.50,WIFI
74:37:5F:70:86:DF,SpectrumSetup-DD,[WPA2_PSK],2025-3-28 15:22:0,1,-77,34.0667114,-117.2464218,314.50,1.50,WIFI
4C:19:5D:3C:BE:A7,SpectrumSetup-A1,[WPA2_PSK],2025-3-28 15:22:0,1,-79,34.0667114,-117.2464218,314.50,1.50,WIFI
34:53:D2:C3:99:BA,SpectrumSetup-B4,[WPA2_PSK],2025-3-28 15:22:0,1,-79,34.0667114,-117.2464218,314.50,1.50,WIFI
98:5D:46:14:19:29,PNet6565449,[WPA2_PSK],2025-3-28 15:22:0,1,-84,34.0667114,-117.2464218,314.50,1.50,WIFI
20:9A:7D:0F:B8:9E,SpectrumSetup-98,[WPA2_PSK],2025-3-28 15:22:0,1,-85,34.0667114,-117.2464218,314.50,1.50,WIFI
CE:88:26:23:15:9E,Hensonwifi,[WPA2_PSK],2025-3-28 15:22:0,1,-87,34.0667114,-117.2464218,314.50,1.50,WIFI
48:D2:4F:FC:E1:46,SpectrumSetup-40,[WPA2_PSK],2025-3-28 15:22:0,1,-90,34.0667114,-117.2464218,314.50,1.50,WIFI
34:19:4D:AD:E0:28,Fsagala,[WPA2_WPA3_PSK],2025-3-28 15:22:0,1,-92,34.0667114,-117.2464218,314.50,1.50,WIFI
04:95:E6:6C:1E:B1,Bowser2.4,[WPA2_PSK],2025-3-28 15:22:3,3,-85,34.0667114,-117.2474747,312.60,1.50,WIFI
F8:32:E4:55:82:48,The Network,[WPA2_PSK],2025-3-28 15:22:4,4,-94,34.0667114,-117.2478256,311.10,1.50,WIFI
A2:C9:EB:2C:03:3A,ORBI59,[WPA2_PSK],2025-3-28 15:22:4,4,-94,34.0667114,-117.2478256,311.10,1.50,WIFI
84:A0:6E:AE:66:EE,MySpectrumWiFie8-2G,[WPA2_PSK],2025-3-28 15:22:6,6,-85,34.0667114,-117.2485123,310.20,1.50,WIFI
00:25:CA:6E:11:45,Motive AABL36NF010142,[WPA2_PSK],2025-3-28 15:22:6,6,-87,34.0667114,-117.2485123,310.20,1.50,WIFI
84:1E:A3:C7:56:86,SpectrumSetup-80,[WPA2_PSK],2025-3-28 15:22:6,6,-88,34.0667114,-117.2485123,310.20,1.50,WIFI
74:37:5F:57:75:57,SpectrumSetup-55,[WPA2_PSK],2025-3-28 15:22:6,6,-89,34.0667114,-117.2485123,310.20,1.50,WIFI
74:37:5F:55:02:C7,SpectrumSetup-C5,[WPA2_PSK],2025-3-28 15:22:6,6,-89,34.0667114,-117.2485123,310.20,1.50,WIFI
34:53:D2:1E:B1:CE,SpectrumSetup-C8,[WPA2_PSK],2025-3-28 15:22:6,6,-89,34.0667114,-117.2485123,310.20,1.50,WIFI
3E:94:ED:A5:F6:3E,,[WPA2_PSK],2025-3-28 15:22:8,8,-78,34.0667114,-117.2492065,309.50,1.50,WIFI
38:94:ED:A5:F6:3E,,[WPA2_PSK],2025-3-28 15:22:8,8,-84,34.0667114,-117.2492065,309.50,1.50,WIFI
3C:37:86:4E:4A:34,TheKhala-2.4,[WPA2_PSK],2025-3-28 15:22:10,10,-88,34.0667076,-117.2499008,308.80,1.50,WIFI
90:CA:FA:A1:DA:0F,JohnnyBGood,[WPA2_PSK],2025-3-28 15:22:11,11,-78,34.0667038,-117.2502594,308.40,1.50,WIFI
90:CA:FA:A1:E3:8D,JohnnyBGood,[WPA2_PSK],2025-3-28 15:22:11,11,-84,34.0667038,-117.2502594,308.40,1.50,WIFI
34:53:D2:E4:E7:15,SpectrumSetup-0F,[WPA2_PSK],2025-3-28 15:22:11,11,-85,34.0667038,-117.2502594,308.40,1.50,WIFI
E8:D2:FF:B2:D0:3E,SpectrumSetup-38,[WPA2_PSK],2025-3-28 15:22:11,11,-86,34.0667038,-117.2502594,308.40,1.50,WIFI
2C:EA:DC:8C:CD:A0,HUGO,[WPA2_PSK],2025-3-28 15:22:11,11,-87,34.0667038,-117.2502594,308.40,1.50,WIFI
44:AD:B1:83:63:66,NavaGang,[WPA2_PSK],2025-3-28 15:22:14,1,-88,34.0666504,-117.2513123,307.70,1.50,WIFI
40:47:5E:89:80:83,,[WPA3_PSK],2025-3-28 15:22:20,6,-67,34.0663376,-117.2534256,305.20,1.50,WIFI
AC:EC:85:A8:17:02,,[WPA3_PSK],2025-3-28 15:22:20,6,-74,34.0663376,-117.2534256,305.20,1.50,WIFI
AC:EC:85:A8:17:06,,[OPEN],2025-3-28 15:22:20,6,-75,34.0663376,-117.2534256,305.20,1.50,WIFI
AC:EC:85:A8:17:04,sudo rm rf /,[WPA2_PSK],2025-3-28 15:22:20,6,-75,34.0663376,-117.2534256,305.20,1.50,WIFI
86:7D:05:97:A5:83,,[WPA2_PSK],2025-3-28 15:22:20,6,-77,34.0663376,-117.2534256,305.20,1.50,WIFI
94:3C:96:F6:38:E6,Frontier0099,[WPA2_PSK],2025-3-28 15:22:20,6,-82,34.0663376,-117.2534256,305.20,1.50,WIFI
E8:1D:A8:A0:06:08,,[OPEN],2025-3-28 15:22:20,6,-92,34.0663376,-117.2534256,305.20,1.50,WIFI
00:0A:99:8D:D4:1A,66541,[WPA_PSK],2025-3-28 15:22:25,11,-73,34.0659370,-117.2551727,303.80,1.50,WIFI
2C:EA:DC:98:81:B1,SpectrumSetup-B3,[WPA2_PSK],2025-3-28 15:22:25,11,-87,34.0659370,-117.2551727,303.80,1.50,WIFI
C8:FE:0F:3C:EA:DB,carplay_wifi_1DFD,[WPA2_PSK],2025-3-28 15:22:28,1,-83,34.0656967,-117.2562332,303.20,1.50,WIFI
9C:05:D6:D5:AD:63,TechNet,[WPA2_PSK],2025-3-28 15:22:28,1,-85,34.0656967,-117.2562332,303.20,1.50,WIFI
9E:05:D6:B5:AD:63,,[OPEN],2025-3-28 15:22:28,1,-85,34.0656967,-117.2562332,303.20,1.50,WIFI
00:25:CA:6B:4E:E1,sdp5g,[WPA2_PSK],2025-3-28 15:22:28,1,-86,34.0656967,-117.2562332,303.20,1.50,WIFI
9E:05:D6:E5:AD:63,,[WPA2_PSK],2025-3-28 15:22:28,1,-86,34.0656967,-117.2562332,303.20,1.50,WIFI
9C:05:D6:D7:05:AE,TechNet,[WPA2_PSK],2025-3-28 15:22:28,1,-88,34.0656967,-117.2562332,303.20,1.50,WIFI
9E:05:D6:D5:AD:63,,[WPA2_PSK],2025-3-28 15:22:28,1,-88,34.0656967,-117.2562332,303.20,1.50,WIFI
9E:05:D6:D7:05:AE,,[WPA2_PSK],2025-3-28 15:22:28,1,-88,34.0656967,-117.2562332,303.20,1.50,WIFI
9E:05:D6:97:05:AE,SpreenPublic,[OPEN],2025-3-28 15:22:28,1,-89,34.0656967,-117.2562332,303.20,1.50,WIFI
9E:05:D6:A7:05:AE,PrivateSpreen,[WPA2_PSK],2025-3-28 15:22:28,1,-90,34.0656967,-117.2562332,303.20,1.50,WIFI
FC:DB:21:36:50:FF,JFRWIFI,[WPA2_PSK],2025-3-28 15:22:35,6,-72,34.0651436,-117.2587280,303.00,1.50,WIFI
C2:F1:03:20:06:38,HigherGearNetwork,[WPA2_PSK],2025-3-28 15:22:35,6,-77,34.0651436,-117.2587280,303.00,1.50,WIFI
48:C8:62:00:FD:0F,SIMOMIFI_DGVY_2.4GHz,[WPA2_WPA3_PSK],2025-3-28 15:22:35,6,-87,34.0651436,-117.2587280,303.00,1.50,WIFI
50:91:E3:40:6A:3F,SpectrumSetup-30D7_EXT,[WPA2_PSK],2025-3-28 15:22:35,6,-89,34.0651436,-117.2587280,303.00,1.50,WIFI
A0:7F:8A:5C:30:DD,SpectrumSetup-30D7,[WPA2_PSK],2025-3-28 15:22:35,6,-91,34.0651436,-117.2587280,303.00,1.50,WIFI
78:D2:94:9D:CC:4D,NETGEAR83,[WPA2_PSK],2025-3-28 15:22:38,9,-88,34.0649071,-117.2597733,304.40,1.50,WIFI
7A:FF:7B:DB:46:CD,,[WPA2_PSK],2025-3-28 15:22:39,10,-92,34.0648346,-117.2601089,304.70,1.50,WIFI
58:96:71:08:3F:2E,Verizon_W3SNY4,[WPA2_PSK],2025-3-28 15:22:40,11,-85,34.0647697,-117.2604446,304.80,1.50,WIFI
00:30:44:1B:79:83,,[WPA_WPA2_PSK],2025-3-28 15:22:40,11,-88,34.0647697,-117.2604446,304.80,1.50,WIFI
F0:22:1D:8E:4F:BF,,[WPA2_PSK],2025-3-28 15:22:41,13,-91,34.0647049,-117.2607803,304.80,1.50,WIFI
EC:58:EA:77:6F:58,,[WPA2_PSK],2025-3-28 15:22:43,1,-90,34.0645828,-117.2614212,304.60,1.50,WIFI
7C:DB:98:48:4E:01,SpectrumSetup-03,[WPA2_PSK],2025-3-28 15:22:43,1,-92,34.0645828,-117.2614212,304.60,1.50,WIFI
94:09:C9:0E:24:80,MYCAR5087,[WPA2_PSK],2025-3-28 15:22:43,1,-92,34.0645828,-117.2614212,304.60,1.50,WIFI
94:18:65:E1:C3:2A,MySpectrumWiFi11-2G,[WPA2_PSK],2025-3-28 15:22:45,2,-92,34.0644722,-117.2620621,303.60,1.50,WIFI
D2:9E:43:B4:E4:62,NETGEAR-Guest,[OPEN],2025-3-28 15:22:47,4,-83,34.0643730,-117.2627106,302.20,1.50,WIFI
C8:9E:43:B3:61:7B,SpectrumSetup-D1,[WPA2_PSK],2025-3-28 15:22:47,4,-87,34.0643730,-117.2627106,302.20,1.50,WIFI
CE:9E:43:B4:E4:62,SpectrumSetup-D1,[WPA2_PSK],2025-3-28 15:22:47,4,-87,34.0643730,-117.2627106,302.20,1.50,WIFI
C8:9E:43:B4:E4:62,,[WPA2_PSK],2025-3-28 15:22:47,4,-89,34.0643730,-117.2627106,302.20,1.50,WIFI
00:3E:73:9E:B3:E3,,[WPA2_PSK],2025-3-28 15:22:49,6,-83,34.0642815,-117.2633743,300.40,1.50,WIFI
08:D5:9D:07:6F:E6,MySpectrumWiFie0-2G,[WPA2_PSK],2025-3-28 15:22:49,6,-84,34.0642815,-117.2633743,300.40,1.50,WIFI
00:3E:73:9E:B3:E2,HEATKTE-SAMS,[WPA2],2025-3-28 15:22:49,6,-85,34.0642815,-117.2633743,300.40,1.50,WIFI
00:3E:73:9E:B3:E4,HEATKTE-NG,[WPA2],2025-3-28 15:22:49,6,-85,34.0642815,-117.2633743,300.40,1.50,WIFI
EC:58:EA:77:70:28,,[WPA2_PSK],2025-3-28 15:22:49,6,-88,34.0642815,-117.2633743,300.40,1.50,WIFI
5C:5B:35:67:79:A3,,[WPA2_PSK],2025-3-28 15:22:49,6,-89,34.0642815,-117.2633743,300.40,1.50,WIFI
5C:5B:35:67:79:A4,HEATKTE-NG,[WPA2],2025-3-28 15:22:49,6,-89,34.0642815,-117.2633743,300.40,1.50,WIFI
EC:58:EA:B7:5A:A8,RM329,[WPA2_PSK],2025-3-28 15:22:49,6,-90,34.0642815,-117.2633743,300.40,1.50,WIFI
5C:5B:35:67:79:A2,HEATKTE-SAMS,[WPA2],2025-3-28 15:22:49,6,-91,34.0642815,-117.2633743,300.40,1.50,WIFI
A0:04:60:92:36:31,NETGEAR38,[WPA2_PSK],2025-3-28 15:22:51,8,-82,34.0642052,-117.2640381,298.50,1.50,WIFI
84:18:3A:A7:39:C8,RM329,[WPA2_PSK],2025-3-28 15:22:54,11,-76,34.0641098,-117.2650375,295.90,1.50,WIFI
84:18:3A:27:39:C8,MarriottBonvoy,[OPEN],2025-3-28 15:22:54,11,-77,34.0641098,-117.2650375,295.90,1.50,WIFI
84:18:3A:27:4B:38,MarriottBonvoy,[OPEN],2025-3-28 15:22:54,11,-81,34.0641098,-117.2650375,295.90,1.50,WIFI
84:18:3A:A7:4B:38,RM329,[WPA2_PSK],2025-3-28 15:22:54,11,-81,34.0641098,-117.2650375,295.90,1.50,WIFI
84:18:3A:67:39:C8,,[WPA2_PSK],2025-3-28 15:22:54,11,-83,34.0641098,-117.2650375,295.90,1.50,WIFI
40:5D:82:11:53:D3,ngHub_319463NC042BA,[WPA2_PSK],2025-3-28 15:22:54,11,-84,34.0641098,-117.2650375,295.90,1.50,WIFI
E8:FC:AF:AF:99:58,ngHub_319446N3020E4,[WPA2_PSK],2025-3-28 15:22:54,11,-87,34.0641098,-117.2650375,295.90,1.50,WIFI
84:18:3A:67:4B:38,,[WPA2_PSK],2025-3-28 15:22:54,11,-88,34.0641098,-117.2650375,295.90,1.50,WIFI
4C:19:5D:93:1B:54,SpectrumSetup-4E,[WPA2_PSK],2025-3-28 15:22:57,1,-84,34.0640373,-117.2660294,294.70,1.50,WIFI
84:18:3A:65:14:68,,[WPA2_PSK],2025-3-28 15:22:57,1,-88,34.0640373,-117.2660294,294.70,1.50,WIFI
9E:C8:54:A7:CD:2B,LitMin_Guest,[WPA2_PSK],2025-3-28 15:22:57,1,-89,34.0640373,-117.2660294,294.70,1.50,WIFI
84:18:3A:25:14:68,MarriottBonvoy,[OPEN],2025-3-28 15:22:57,1,-89,34.0640373,-117.2660294,294.70,1.50,WIFI
84:18:3A:A5:14:68,RM329,[WPA2_PSK],2025-3-28 15:22:57,1,-90,34.0640373,-117.2660294,294.70,1.50,WIFI
D8:A7:56:73:AF:B6,MySpectrumWiFib0-2G,[WPA2_PSK],2025-3-28 15:22:57,1,-91,34.0640373,-117.2660294,294.70,1.50,WIFI
98:C8:54:A7:CD:2B,LitMin,[WPA2_PSK],2025-3-28 15:22:57,1,-92,34.0640373,-117.2660294,294.70,1.50,WIFI
A0:40:A0:92:EF:28,FAMILY HOMES STYLE CAFE,[WPA2_PSK],2025-3-28 15:22:59,2,-89,34.0639992,-117.2666626,294.30,1.50,WIFI
A2:40:A0:92:EF:29,Homestyle-Guest,[WPA2_PSK],2025-3-28 15:22:59,2,-90,34.0639992,-117.2666626,294.30,1.50,WIFI
00:5F:67:57:18:7D,TP-Link_187E,[WPA_WPA2_PSK],2025-3-28 15:23:0,3,-82,34.0639877,-117.2669754,294.10,1.50,WIFI
00:0D:B9:25:19:E0,SBX,[WPA2_PSK],2025-3-28 15:23:2,5,-90,34.0639687,-117.2675705,293.70,1.50,WIFI
54:65:DE:F9:A9:60,DG1670AC2,[WPA2_PSK],2025-3-28 15:23:3,6,-87,34.0639610,-117.2678452,293.50,1.50,WIFI
DA:10:68:0D:63:74,My VW 2997,[WPA2_PSK],2025-3-28 15:23:3,6,-89,34.0639610,-117.2678452,293.50,1.50,WIFI
FA:8F:CA:97:A5:65,Front door speaker 1.o_,[OPEN],2025-3-28 15:23:3,6,-91,34.0639610,-117.2678452,293.50,1.50,WIFI
18:A5:FF:A4:B1:90,BBQISLANDS,[WPA2_WPA3_PSK],2025-3-28 15:23:5,8,-67,34.0639610,-117.2683945,293.30,1.50,WIFI
C8:9E:43:84:8D:E9,NETGEAR91,[WPA2_PSK],2025-3-28 15:23:6,9,-78,34.0639572,-117.2686615,293.10,1.50,WIFI
D0:40:EF:BB:E7:2A,TOYOTA Camry_E72AEFBBD040,[WPA2_PSK],2025-3-28 15:23:8,11,-85,34.0639572,-117.2692337,292.80,1.50,WIFI
7C:DB:98:49:40:91,MySpectrumWiFi93-2G,[WPA2_PSK],2025-3-28 15:23:8,11,-86,34.0639572,-117.2692337,292.80,1.50,WIFI
C4:49:BB:77:AA:99,WiFi Hotspot 1792,[WPA2_PSK],2025-3-28 15:23:8,11,-89,34.0639572,-117.2692337,292.80,1.50,WIFI
EC:8C:A2:43:BC:23,island-03BC20,[WPA2_PSK],2025-3-28 15:23:8,11,-91,34.0639572,-117.2692337,292.80,1.50,WIFI
DA:55:A8:20:EB:F0,,[WPA2_PSK],2025-3-28 15:23:11,1,-84,34.0639534,-117.2701263,292.30,1.50,WIFI
48:2F:6B:86:5C:A0,demopool2,[WPA2_PSK],2025-3-28 15:23:11,1,-88,34.0639534,-117.2701263,292.30,1.50,WIFI
48:2F:6B:86:5C:A1,Guest-WiFi,[OPEN],2025-3-28 15:23:11,1,-88,34.0639534,-117.2701263,292.30,1.50,WIFI
00:25:CA:6A:ED:6F,sdp5g,[WPA2_PSK],2025-3-28 15:23:11,1,-92,34.0639534,-117.2701263,292.30,1.50,WIFI
66:E2:20:5F:D9:32,THEBEAST,[WPA2_PSK],2025-3-28 15:23:20,9,-93,34.0639343,-117.2729797,290.70,1.50,WIFI
E4:55:A8:53:25:8A,El Monte RV Staff,[WPA2_PSK],2025-3-28 15:23:22,11,-78,34.0639534,-117.2736206,290.50,1.50,WIFI
EE:55:A8:53:25:8A,El Monte RV Executive,[WPA2_PSK],2025-3-28 15:23:22,11,-78,34.0639534,-117.2736206,290.50,1.50,WIFI
DA:55:A8:53:25:8A,,[WPA2_PSK],2025-3-28 15:23:22,11,-80,34.0639534,-117.2736206,290.50,1.50,WIFI
C8:B4:22:3B:65:C2,MySpectrumWiFiC4-2G,[WPA2_PSK],2025-3-28 15:23:25,1,-84,34.0640259,-117.2745438,290.20,1.50,WIFI
66:E2:20:5E:F2:E9,JamesTruck,[WPA2_PSK],2025-3-28 15:23:27,2,-92,34.0640945,-117.2751389,289.90,1.50,WIFI
00:54:AF:5F:C4:D3,HotspotC4D3,[WPA_WPA2_PSK],2025-3-28 15:23:28,3,-80,34.0641365,-117.2754211,289.80,1.50,WIFI
00:0D:B9:25:2E:E4,SBX,[WPA2_PSK],2025-3-28 15:23:30,5,-75,34.0642166,-117.2759857,289.80,1.50,WIFI
00:54:AF:64:88:4F,Hotspot884F,[WPA_WPA2_PSK],2025-3-28 15:23:37,1,-84,34.0644379,-117.2779083,290.70,1.50,WIFI
C4:49:BB:61:35:E0,WiFi Hotspot 5660,[WPA2_PSK],2025-3-28 15:23:37,1,-90,34.0644379,-117.2779083,290.70,1.50,WIFI
D8:B3:70:BD:DB:10,QQStaff,[WPA2_PSK],2025-3-28 15:23:37,1,-91,34.0644379,-117.2779083,290.70,1.50,WIFI
00:0D:B9:25:30:68,SBX,[WPA2_PSK],2025-3-28 15:23:44,5,-82,34.0643883,-117.2798691,288.30,1.50,WIFI
A6:46:9D:0C:F4:5F,,[WPA2_PSK],2025-3-28 15:23:45,6,-81,34.0643616,-117.2801666,287.60,1.50,WIFI
34:15:93:5A:3A:50,BW San Bernardino,[OPEN],2025-3-28 15:23:45,6,-83,34.0643616,-117.2801666,287.60,1.50,WIFI
34:15:93:5A:3A:51,Admin,[WPA2_PSK],2025-3-28 15:23:45,6,-85,34.0643616,-117.2801666,287.60,1.50,WIFI
34:15:93:5A:24:60,BW San Bernardino,[OPEN],2025-3-28 15:23:45,6,-86,34.0643616,-117.2801666,287.60,1.50,WIFI
BA:46:9D:0C:F4:5F,Hilton Honors Meeting,[OPEN],2025-3-28 15:23:45,6,-87,34.0643616,-117.2801666,287.60,1.50,WIFI
A8:46:9D:0C:F4:5F,Hilton Honors,[OPEN],2025-3-28 15:23:45,6,-88,34.0643616,-117.2801666,287.60,1.50,WIFI
34:15:93:5A:24:61,Admin,[WPA2_PSK],2025-3-28 15:23:45,6,-88,34.0643616,-117.2801666,287.60,1.50,WIFI
34:15:93:5A:17:A1,Admin,[WPA2_PSK],2025-3-28 15:23:45,6,-90,34.0643616,-117.2801666,287.60,1.50,WIFI
62:AF:97:14:B9:25,,[WPA2_PSK],2025-3-28 15:23:49,10,-91,34.0642624,-117.2813187,284.60,1.50,WIFI
1C:B0:44:CD:94:F4,MySpectrumWiFiF6-2G,[WPA2_PSK],2025-3-28 15:23:50,11,-75,34.0642395,-117.2816086,283.90,1.50,WIFI
C4:49:BB:26:8C:4A,Hectors Truck,[WPA2_PSK],2025-3-28 15:23:50,11,-89,34.0642395,-117.2816086,283.90,1.50,WIFI
9A:2A:6F:AA:17:BD,IHS,[WPA2_WPA3_PSK],2025-3-28 15:23:50,11,-90,34.0642395,-117.2816086,283.90,1.50,WIFI
4C:19:5D:30:D9:59,SpectrumSetup-53,[WPA2_PSK],2025-3-28 15:23:51,1,-77,34.0642166,-117.2819138,283.10,1.50,WIFI
18:7C:0B:01:02:58,La Quinta Inn,[OPEN],2025-3-28 15:23:51,1,-85,34.0642166,-117.2819138,283.10,1.50,WIFI
78:61:7C:80:07:D0,Baseballmom,[WPA2_PSK],2025-3-28 15:23:51,1,-87,34.0642166,-117.2819138,283.10,1.50,WIFI
D8:B3:70:70:A9:A9,CakeHouse,[WPA2_PSK],2025-3-28 15:23:51,1,-89,34.0642166,-117.2819138,283.10,1.50,WIFI
00:26:B4:F1:CE:88,SYNC_XX5P5P19,[WPA2_PSK],2025-3-28 15:23:51,1,-90,34.0642166,-117.2819138,283.10,1.50,WIFI
28:76:10:15:B0:F2,Super 8,[OPEN],2025-3-28 15:23:56,3,-88,34.0640869,-117.2835236,280.10,1.50,WIFI
60:09:C3:98:15:E1,Restaurant,[OPEN],2025-3-28 15:23:57,4,-92,34.0640640,-117.2838516,279.80,1.50,WIFI
D8:B3:70:70:A7:4D,CakeHouse,[WPA2_PSK],2025-3-28 15:23:59,6,-76,34.0640259,-117.2844543,279.70,1.50,WIFI
DA:B3:70:20:A5:25,,[WPA2_PSK],2025-3-28 15:23:59,6,-77,34.0640259,-117.2844543,279.70,1.50,WIFI
D8:B3:70:70:A5:25,CakeHouse,[WPA2_PSK],2025-3-28 15:23:59,6,-78,34.0640259,-117.2844543,279.70,1.50,WIFI
DA:B3:70:20:A7:4D,,[WPA2_PSK],2025-3-28 15:23:59,6,-81,34.0640259,-117.2844543,279.70,1.50,WIFI
30:DE:4B:9E:76:EB,Got Junk?,[WPA2_PSK],2025-3-28 15:24:2,9,-90,34.0639877,-117.2852554,280.60,1.50,WIFI
60:38:E0:AC:7F:05,Motel6 South,[WPA2_PSK],2025-3-28 15:24:3,10,-82,34.0639801,-117.2854843,281.00,1.50,WIFI
1C:61:B4:E6:5E:FE,SUPERIORTANKLINES,[WPA2_PSK],2025-3-28 15:24:4,11,-84,34.0639725,-117.2857056,281.30,1.50,WIFI
1C:B0:44:0F:9F:99,MySpectrumWiFi9B-2G,[WPA2_PSK],2025-3-28 15:24:4,11,-92,34.0639725,-117.2857056,281.30,1.50,WIFI
88:DE:7C:D3:E3:55,SpectrumSetup-57,[WPA2_PSK],2025-3-28 15:24:6,1,-78,34.0639687,-117.2861404,281.80,1.50,WIFI
16:B2:6A:7A:43:BF,Gurvinder's S25 Ultra,[WPA2_PSK],2025-3-28 15:24:6,1,-88,34.0639687,-117.2861404,281.80,1.50,WIFI
FA:8F:CA:60:3F:2A,,[OPEN],2025-3-28 15:24:6,1,-92,34.0639687,-117.2861404,281.80,1.50,WIFI
94:91:7F:51:C0:40,MySpectrumWiFi42-2G,[WPA2_PSK],2025-3-28 15:24:13,6,-83,34.0639648,-117.2877350,281.70,1.50,WIFI
78:29:ED:F2:6A:6E,AlphaRoofing-2G,[WPA2_PSK],2025-3-28 15:24:13,6,-84,34.0639648,-117.2877350,281.70,1.50,WIFI
94:18:65:80:1B:B9,,[WPA2_PSK],2025-3-28 15:24:13,6,-88,34.0639648,-117.2877350,281.70,1.50,WIFI
D8:A7:56:6F:93:06,Inland Security Services,[WPA2_PSK],2025-3-28 15:24:13,6,-88,34.0639648,-117.2877350,281.70,1.50,WIFI
AA:3B:76:A6:EE:D4,DIRECT-d4-HP M283 LaserJet,[WPA2_PSK],2025-3-28 15:24:13,6,-90,34.0639648,-117.2877350,281.70,1.50,WIFI
10:0C:6B:63:31:95,NETGEAR78,[WPA2_PSK],2025-3-28 15:24:13,6,-91,34.0639648,-117.2877350,281.70,1.50,WIFI
46:01:BB:6E:1F:28,DIRECT-Nexar-291250,[WPA2_PSK],2025-3-28 15:24:18,11,-82,34.0639648,-117.2888641,280.50,1.50,WIFI
C8:B4:22:B7:57:BB,MySpectrumWiFiBD-2G,[WPA2_PSK],2025-3-28 15:24:20,1,-91,34.0639687,-117.2893295,280.00,1.50,WIFI
66:22:32:83:AB:A2,,[WPA2_PSK],2025-3-28 15:24:20,1,-91,34.0639687,-117.2893295,280.00,1.50,WIFI
6A:22:32:83:AB:A2,,[WPA2_PSK],2025-3-28 15:24:20,1,-91,34.0639687,-117.2893295,280.00,1.50,WIFI
02:24:A5:21:CE:B9,myChevrolet6717,[WPA2_PSK],2025-3-28 15:24:20,1,-92,34.0639687,-117.2893295,280.00,1.50,WIFI
22:76:13:44:88:16,,[WPA2_PSK],2025-3-28 15:24:20,1,-94,34.0639687,-117.2893295,280.00,1.50,WIFI
1C:82:59:B0:2F:BD,OR100bc,[WPA2_PSK],2025-3-28 15:24:20,1,-95,34.0639687,-117.2893295,280.00,1.50,WIFI
F0:A7:31:09:A7:EE,K-STONE SB,[WPA2_WPA3_PSK],2025-3-28 15:24:23,2,-79,34.0639915,-117.2900620,279.80,1.50,WIFI
F0:A7:31:09:A7:F2,K-STONE SB,[WPA2_WPA3_PSK],2025-3-28 15:24:23,2,-86,34.0639915,-117.2900620,279.80,1.50,WIFI
F6:A7:31:09:A7:F2,,[WPA2_PSK],2025-3-28 15:24:23,2,-88,34.0639915,-117.2900620,279.80,1.50,WIFI
6C:CD:D6:26:03:04,VSHLaw,[WPA2_PSK],2025-3-28 15:24:23,2,-90,34.0639915,-117.2900620,279.80,1.50,WIFI
6C:CD:D6:2A:19:D3,VSHLaw,[WPA2_PSK],2025-3-28 15:24:23,2,-90,34.0639915,-117.2900620,279.80,1.50,WIFI
28:38:5C:1C:9E:D3,HotspotB38y,[WPA_WPA2_PSK],2025-3-28 15:24:27,6,-85,34.0640869,-117.2911072,280.20,1.50,WIFI
34:98:B5:57:A9:3B,NETGEAR24,[WPA2_PSK],2025-3-28 15:24:28,7,-76,34.0641289,-117.2913818,280.70,1.50,WIFI
D2:98:B5:57:A9:3C,NETGEAR24-Guest,[WPA2_PSK],2025-3-28 15:24:28,7,-76,34.0641289,-117.2913818,280.70,1.50,WIFI
22:23:51:20:1E:49,,[WPA2_PSK],2025-3-28 15:24:31,10,-86,34.0642509,-117.2922592,283.10,1.50,WIFI
78:45:58:8B:C1:C2,SCRS-IL,[WPA2_PSK],2025-3-28 15:24:32,11,-91,34.0642967,-117.2925415,284.00,1.50,WIFI
4C:AB:F8:BE:C5:D6,Verizon_Y99CSC,[WPA2_PSK],2025-3-28 15:24:34,1,-81,34.0643768,-117.2931442,286.30,1.50,WIFI
9C:3D:CF:0B:96:C2,NETGEAR92,[WPA2_PSK],2025-3-28 15:24:38,3,-89,34.0644531,-117.2943268,291.10,1.50,WIFI
00:0D:B9:25:19:B8,SBX,[WPA2_PSK],2025-3-28 15:24:40,5,-79,34.0643730,-117.2949066,293.10,1.50,WIFI
00:0D:B9:2B:08:7C,SBX,[WPA2_PSK],2025-3-28 15:24:40,5,-85,34.0643730,-117.2949066,293.10,1.50,WIFI
00:0D:B9:2B:07:88,SBX,[WPA2_PSK],2025-3-28 15:24:40,5,-86,34.0643730,-117.2949066,293.10,1.50,WIFI
00:0D:B9:25:30:9C,SBX,[WPA2_PSK],2025-3-28 15:24:40,5,-86,34.0643730,-117.2949066,293.10,1.50,WIFI
78:9A:18:89:31:B4,WattEV,[WPA2_PSK],2025-3-28 15:24:43,8,-76,34.0641212,-117.2956924,295.40,1.50,WIFI
78:9A:18:8A:91:A0,WattEV,[WPA2_PSK],2025-3-28 15:24:43,8,-77,34.0641212,-117.2956924,295.40,1.50,WIFI
78:9A:18:89:31:A2,WattEV,[WPA2_PSK],2025-3-28 15:24:43,8,-80,34.0641212,-117.2956924,295.40,1.50,WIFI
4A:62:8B:46:C4:AD,JoViNiBo,[WPA2_PSK],2025-3-28 15:24:44,9,-86,34.0640030,-117.2959442,296.00,1.50,WIFI
62:62:8B:EF:C8:B8,,[WPA2_PSK],2025-3-28 15:24:44,9,-86,34.0640030,-117.2959442,296.00,1.50,WIFI
4A:62:8B:46:C4:A9,JoViNiBo_IoT,[WPA_WPA2_PSK],2025-3-28 15:24:44,9,-88,34.0640030,-117.2959442,296.00,1.50,WIFI
66:62:8B:EF:C8:B8,JoViNiBo_IoT,[WPA_WPA2_PSK],2025-3-28 15:24:44,9,-89,34.0640030,-117.2959442,296.00,1.50,WIFI
C2:28:AA:40:3F:C1,13476,[WPA2_PSK],2025-3-28 15:24:44,9,-89,34.0640030,-117.2959442,296.00,1.50,WIFI
4A:62:8B:46:C4:AC,,[WPA2_PSK],2025-3-28 15:24:44,9,-91,34.0640030,-117.2959442,296.00,1.50,WIFI
94:18:65:56:31:A0,NETGEAR46,[WPA2_WPA3_PSK],2025-3-28 15:24:45,10,-90,34.0638771,-117.2961807,296.30,1.50,WIFI
6C:CD:D6:20:62:A2,NETGEAR46,[WPA2_PSK],2025-3-28 15:24:45,10,-91,34.0638771,-117.2961807,296.30,1.50,WIFI
96:3B:AD:BE:EE:AA,,[WPA2_PSK],2025-3-28 15:24:46,11,-89,34.0637360,-117.2964096,296.40,1.50,WIFI
F0:22:1D:87:D4:1E,,[WPA2_PSK],2025-3-28 15:24:48,13,-91,34.0634308,-117.2968292,296.30,1.50,WIFI
72:35:0C:44:1F:E3,,[WPA2_PSK],2025-3-28 15:24:48,1,-83,34.0634308,-117.2968292,296.30,1.50,WIFI
72:35:0C:24:1F:E3,STARLINK,[OPEN],2025-3-28 15:24:48,1,-84,34.0634308,-117.2968292,296.30,1.50,WIFI
72:35:0C:64:1F:E3,,[WPA2_PSK],2025-3-28 15:24:48,1,-84,34.0634308,-117.2968292,296.30,1.50,WIFI
F0:81:75:FA:DE:E6,IOspectrum,[WPA2_PSK],2025-3-28 15:24:55,6,-87,34.0620422,-117.2979355,291.30,1.50,WIFI
54:B7:BD:DE:4E:67,Verizon_QHZ49Q,[WPA2_PSK],2025-3-28 15:25:0,11,-81,34.0608406,-117.2982483,285.10,1.50,WIFI
F0:B2:E5:DC:20:73,Ashley_Guest,[OPEN],2025-3-28 15:25:0,11,-84,34.0608406,-117.2982483,285.10,1.50,WIFI
F0:B2:E5:DC:20:70,vendor,[WPA2_PSK],2025-3-28 15:25:0,11,-85,34.0608406,-117.2982483,285.10,1.50,WIFI
AC:91:9B:9C:AA:A2,Verizon_GSSJ3Q,[WPA2_PSK],2025-3-28 15:25:0,11,-88,34.0608406,-117.2982483,285.10,1.50,WIFI
98:1E:19:2D:F0:7E,Dason1,[WPA2_PSK],2025-3-28 15:25:2,1,-90,34.0603333,-117.2982559,282.30,1.50,WIFI
90:F4:C1:1D:78:3B,randmcnally_783B,[WPA2_PSK],2025-3-28 15:25:7,4,-91,34.0590096,-117.2982635,275.80,1.50,WIFI
FC:DB:21:0E:54:D3,ELD wifi,[WPA2_PSK],2025-3-28 15:25:9,6,-85,34.0584641,-117.2982864,273.70,1.50,WIFI
C0:D3:91:E1:E6:67,TCI ELD WIFI,[WPA2_PSK],2025-3-28 15:25:9,6,-86,34.0584641,-117.2982864,273.70,1.50,WIFI
DC:4B:A1:E0:10:4D,Verizon_6WCGWD,[WPA2_PSK],2025-3-28 15:25:9,6,-88,34.0584641,-117.2982864,273.70,1.50,WIFI
34:53:D2:26:63:FE,SpectrumSetup-F8,[WPA2_PSK],2025-3-28 15:25:9,6,-89,34.0584641,-117.2982864,273.70,1.50,WIFI
98:5D:46:31:66:BA,PNet23029778,[WPA2_PSK],2025-3-28 15:25:9,6,-91,34.0584641,-117.2982864,273.70,1.50,WIFI
98:5D:46:43:E3:A2,PNet23010098,[WPA2_PSK],2025-3-28 15:25:9,6,-91,34.0584641,-117.2982864,273.70,1.50,WIFI
16:7F:67:9A:9F:47,[LG_Oven]9f47,[WPA2_PSK],2025-3-28 15:25:14,11,-90,34.0571518,-117.2985306,271.60,1.50,WIFI
60:B7:6E:1C:D0:05,Olaf⛄️,[WPA2_PSK],2025-3-28 15:25:14,11,-91,34.0571518,-117.2985306,271.60,1.50,WIFI
D4:B2:7A:56:CE:81,ATT9uFE37X,[WPA2_PSK],2025-3-28 15:25:16,1,-82,34.0566597,-117.2986755,271.60,1.50,WIFI
D4:B2:7A:56:CE:83,,[WPA2_PSK],2025-3-28 15:25:16,1,-84,34.0566597,-117.2986755,271.60,1.50,WIFI
4C:22:F3:38:7A:07,Verizon_FC4BP9,[WPA2_PSK],2025-3-28 15:25:16,1,-85,34.0566597,-117.2986755,271.60,1.50,WIFI
F8:AA:3F:EB:08:37,SpectrumSetup-35,[WPA2_PSK],2025-3-28 15:25:16,1,-90,34.0566597,-117.2986755,271.60,1.50,WIFI
F0:B5:D1:6E:85:84,PNet7620665,[WPA2_PSK],2025-3-28 15:25:16,1,-90,34.0566597,-117.2986755,271.60,1.50,WIFI
44:05:3F:61:8E:D6,TMOBILE-8ED1,[WPA2_WPA3_PSK],2025-3-28 15:25:16,1,-91,34.0566597,-117.2986755,271.60,1.50,WIFI
C6:CB:BC:B9:63:C3,,[WPA2],2025-3-28 15:25:23,6,-72,34.0550957,-117.2992706,271.90,1.50,WIFI
EA:CB:BC:B9:63:F5,,[WPA2],2025-3-28 15:25:23,6,-72,34.0550957,-117.2992706,271.90,1.50,WIFI
F6:CB:BC:B9:63:F5,SBR_Guest,[WPA2_PSK],2025-3-28 15:25:23,6,-72,34.0550957,-117.2992706,271.90,1.50,WIFI
C2:CB:BC:B9:63:F5,,[WPA2],2025-3-28 15:25:23,6,-72,34.0550957,-117.2992706,271.90,1.50,WIFI
C6:CB:BC:B9:63:F5,,[WPA2],2025-3-28 15:25:23,6,-72,34.0550957,-117.2992706,271.90,1.50,WIFI
DE:CB:BC:B9:63:F5,,[WPA2_PSK],2025-3-28 15:25:23,6,-72,34.0550957,-117.2992706,271.90,1.50,WIFI
F6:CB:BC:B9:63:C3,SBR_Guest,[WPA2_PSK],2025-3-28 15:25:23,6,-73,34.0550957,-117.2992706,271.90,1.50,WIFI
C2:CB:BC:B9:63:C3,,[WPA2],2025-3-28 15:25:23,6,-73,34.0550957,-117.2992706,271.90,1.50,WIFI
E0:CB:BC:B9:63:F5,Sunbelt,[WPA2_PSK],2025-3-28 15:25:23,6,-73,34.0550957,-117.2992706,271.90,1.50,WIFI
E6:CB:BC:B9:63:F5,sunvoip,[WPA2_PSK],2025-3-28 15:25:23,6,-73,34.0550957,-117.2992706,271.90,1.50,WIFI
E0:CB:BC:B9:63:C3,Sunbelt,[WPA2_PSK],2025-3-28 15:25:23,6,-74,34.0550957,-117.2992706,271.90,1.50,WIFI
E6:CB:BC:B9:63:C3,sunvoip,[WPA2_PSK],2025-3-28 15:25:23,6,-74,34.0550957,-117.2992706,271.90,1.50,WIFI
EA:CB:BC:B9:63:C3,,[WPA2],2025-3-28 15:25:23,6,-74,34.0550957,-117.2992706,271.90,1.50,WIFI
DE:CB:BC:B9:63:C3,,[WPA2_PSK],2025-3-28 15:25:23,6,-74,34.0550957,-117.2992706,271.90,1.50,WIFI
84:A3:29:45:60:E1,Verizon_K6DKZ7,[WPA2_PSK],2025-3-28 15:25:23,6,-83,34.0550957,-117.2992706,271.90,1.50,WIFI
74:37:5F:C9:10:CB,SpectrumSetup-C9,[WPA2_PSK],2025-3-28 15:25:23,6,-83,34.0550957,-117.2992706,271.90,1.50,WIFI
E6:37:5F:C9:10:CB,,[WPA2_PSK],2025-3-28 15:25:23,6,-83,34.0550957,-117.2992706,271.90,1.50,WIFI
F6:37:5F:C9:10:CB,,[WPA2_PSK],2025-3-28 15:25:23,6,-83,34.0550957,-117.2992706,271.90,1.50,WIFI
00:1F:54:5D:42:5C,H871T6-4E09,[WPA2_PSK],2025-3-28 15:25:23,6,-89,34.0550957,-117.2992706,271.90,1.50,WIFI
42:84:6A:43:C5:D2,,[WPA2_PSK],2025-3-28 15:25:27,9,-90,34.0543289,-117.2996979,272.80,1.50,WIFI
3E:A4:6A:43:9D:12,CR,[WPA2_PSK],2025-3-28 15:25:27,9,-91,34.0543289,-117.2996979,272.80,1.50,WIFI
3C:84:6A:43:9D:12,,[WPA2_PSK],2025-3-28 15:25:27,9,-92,34.0543289,-117.2996979,272.80,1.50,WIFI
22:76:13:0D:90:0C,,[WPA2_PSK],2025-3-28 15:25:29,11,-81,34.0539703,-117.2999268,272.80,1.50,WIFI
58:96:71:FF:2B:7A,ATTrR9F841,[WPA3_PSK],2025-3-28 15:25:29,11,-85,34.0539703,-117.2999268,272.80,1.50,WIFI
18:0C:7A:CC:58:26,CrystalWifi,[WPA2_PSK],2025-3-28 15:25:29,11,-86,34.0539703,-117.2999268,272.80,1.50,WIFI
F0:7B:65:D5:E4:95,Tohi2019,[WPA2_PSK],2025-3-28 15:25:29,11,-87,34.0539703,-117.2999268,272.80,1.50,WIFI
44:D4:53:85:9D:C6,SpectrumSetup-C0,[WPA2_PSK],2025-3-28 15:25:29,11,-88,34.0539703,-117.2999268,272.80,1.50,WIFI
DC:8D:8A:98:BB:91,VillaHome,[WPA_WPA2_PSK],2025-3-28 15:25:29,11,-90,34.0539703,-117.2999268,272.80,1.50,WIFI
AC:91:9B:D3:52:56,Verizon_JM3HCG,[WPA2_PSK],2025-3-28 15:25:34,1,-76,34.0530815,-117.3005981,272.60,1.50,WIFI
10:DA:43:DF:C8:90,NETGEAR88,[WPA2_PSK],2025-3-28 15:25:35,2,-88,34.0528908,-117.3007507,272.30,1.50,WIFI
02:17:1A:C8:6D:78,Winegard2ghzC86D76,[WPA2_PSK],2025-3-28 15:25:36,3,-89,34.0527039,-117.3009186,271.90,1.50,WIFI
98:DA:C4:F8:5C:03,TP-Link,[WPA_WPA2_PSK],2025-3-28 15:25:37,4,-67,34.0525169,-117.3010941,271.40,1.50,WIFI
9E:DA:C4:F8:5C:04,TFDC-2,[WPA_WPA2_PSK],2025-3-28 15:25:37,4,-68,34.0525169,-117.3010941,271.40,1.50,WIFI
74:37:5F:D9:C5:47,SpectrumSetup-45,[WPA2_PSK],2025-3-28 15:25:39,6,-70,34.0521355,-117.3014755,270.50,1.50,WIFI
AC:91:9B:3E:B3:70,ATTA27CyIe,[WPA2_PSK],2025-3-28 15:25:39,6,-73,34.0521355,-117.3014755,270.50,1.50,WIFI
4C:AB:F8:53:D7:45,SpectrumSetup-47,[WPA2_PSK],2025-3-28 15:25:39,6,-74,34.0521355,-117.3014755,270.50,1.50,WIFI
AC:91:9B:D9:8D:7A,NawadaPB05,[WPA2_PSK],2025-3-28 15:25:44,11,-79,34.0512161,-117.3026123,268.00,1.50,WIFI
24:41:FE:53:31:EE,Verizon_6QWNWY,[WPA2_PSK],2025-3-28 15:25:44,11,-81,34.0512161,-117.3026123,268.00,1.50,WIFI
2C:67:BE:0B:2B:D7,49er home,[WPA2_PSK],2025-3-28 15:25:44,11,-83,34.0512161,-117.3026123,268.00,1.50,WIFI
88:DE:7C:43:DE:50,SpectrumSetup-52,[WPA2_PSK],2025-3-28 15:25:44,11,-85,34.0512161,-117.3026123,268.00,1.50,WIFI
F4:E2:C6:24:91:C6,service_1K,[WPA2_PSK],2025-3-28 15:25:46,1,-76,34.0508728,-117.3031006,267.60,1.50,WIFI
08:33:ED:FB:2C:75,GodsJackal#52,[WPA2_PSK],2025-3-28 15:25:46,1,-78,34.0508728,-117.3031006,267.60,1.50,WIFI
B0:FC:88:70:60:64,House,[WPA2_PSK],2025-3-28 15:25:46,1,-81,34.0508728,-117.3031006,267.60,1.50,WIFI
F8:5B:3B:21:12:C3,SpectrumSetup-C5,[WPA2_PSK],2025-3-28 15:25:46,1,-82,34.0508728,-117.3031006,267.60,1.50,WIFI
88:DE:7C:D9:8E:CF,SpectrumSetup-D1,[WPA2_PSK],2025-3-28 15:25:46,1,-82,34.0508728,-117.3031006,267.60,1.50,WIFI
74:37:5F:86:0E:CB,SpectrumSetup-C9,[WPA2_PSK],2025-3-28 15:25:46,1,-83,34.0508728,-117.3031006,267.60,1.50,WIFI
34:53:D2:EE:2B:76,NoelAndLakyera,[WPA2_PSK],2025-3-28 15:25:46,1,-85,34.0508728,-117.3031006,267.60,1.50,WIFI
F0:7B:65:D2:BF:17,Mel Spectrum WIFI,[WPA2_PSK],2025-3-28 15:25:46,1,-86,34.0508728,-117.3031006,267.60,1.50,WIFI
E8:9C:25:B6:74:C0,TB1200,[WPA2_PSK],2025-3-28 15:25:52,5,-82,34.0498238,-117.3046188,262.10,1.50,WIFI
F4:92:BF:6A:FE:7F,service_1K,[WPA2_PSK],2025-3-28 15:25:53,6,-74,34.0496407,-117.3048782,261.40,1.50,WIFI
FA:92:BF:6A:FE:7F,Sacoa2,[WPA2_PSK],2025-3-28 15:25:53,6,-77,34.0496407,-117.3048782,261.40,1.50,WIFI
B6:52:46:F7:E7:3F,Khtppeople,[WPA2_PSK],2025-3-28 15:25:53,6,-82,34.0496407,-117.3048782,261.40,1.50,WIFI
F4:52:46:F7:E7:3F,Badmofos,[WPA2_PSK],2025-3-28 15:25:53,6,-84,34.0496407,-117.3048782,261.40,1.50,WIFI
D8:6C:63:C9:9D:48,MillerTime,[WPA2_PSK],2025-3-28 15:25:53,6,-87,34.0496407,-117.3048782,261.40,1.50,WIFI
32:B4:B8:2B:27:BC,My VW 3968,[WPA2_PSK],2025-3-28 15:25:53,6,-90,34.0496407,-117.3048782,261.40,1.50,WIFI
D4:68:4D:0B:1D:78,Colton Inn,[WPA2_PSK],2025-3-28 15:25:53,6,-90,34.0496407,-117.3048782,261.40,1.50,WIFI
00:54:AF:E0:F0:FE,HotspotF0FE,[WPA_WPA2_PSK],2025-3-28 15:25:56,9,-94,34.0490799,-117.3056641,260.80,1.50,WIFI
E0:CB:BC:91:7F:B3,Starbucks WiFi,[OPEN],2025-3-28 15:25:58,11,-69,34.0487022,-117.3061905,260.90,1.50,WIFI
E6:CB:BC:91:7F:B3,smll,[WPA2],2025-3-28 15:25:58,11,-69,34.0487022,-117.3061905,260.90,1.50,WIFI
EA:CB:BC:91:7F:B3,notes,[WPA2_PSK],2025-3-28 15:25:58,11,-70,34.0487022,-117.3061905,260.90,1.50,WIFI
EE:CB:BC:91:7F:B3,sip,[WPA2],2025-3-28 15:25:58,11,-71,34.0487022,-117.3061905,260.90,1.50,WIFI
6C:05:D3:6C:F9:96,truckcam1,[WPA_WPA2_PSK],2025-3-28 15:25:58,11,-73,34.0487022,-117.3061905,260.90,1.50,WIFI
5C:5B:35:DB:DB:72,HEATKTE,[WPA2],2025-3-28 15:25:58,11,-84,34.0487022,-117.3061905,260.90,1.50,WIFI
D8:6C:63:C9:9B:22,MillerTime,[WPA2_PSK],2025-3-28 15:25:58,11,-92,34.0487022,-117.3061905,260.90,1.50,WIFI
4C:19:5D:55:F6:9B,SpectrumSetup-95,[WPA2_PSK],2025-3-28 15:26:1,1,-83,34.0481529,-117.3069687,260.90,1.50,WIFI
AC:E0:69:31:0F:AF,40293,[WPA2_PSK],2025-3-28 15:26:3,2,-87,34.0477829,-117.3074875,261.00,1.50,WIFI
3C:62:F0:DD:5C:45,ArcsOffice,[WPA2_WPA3_PSK],2025-3-28 15:26:4,3,-89,34.0475998,-117.3077469,261.00,1.50,WIFI
3E:62:F0:AD:5C:45,Tmobile-00d0,[WPA2_WPA3_PSK],2025-3-28 15:26:4,3,-89,34.0475998,-117.3077469,261.00,1.50,WIFI
68:72:51:6E:6C:17,,[WPA2_PSK],2025-3-28 15:26:5,4,-83,34.0474205,-117.3079987,260.80,1.50,WIFI
62:FA:B4:22:3A:2A,Empirestar,[WPA2_PSK],2025-3-28 15:26:7,6,-74,34.0470543,-117.3085175,260.60,1.50,WIFI
62:FA:B4:82:3A:2A,,[WPA2_PSK],2025-3-28 15:26:7,6,-74,34.0470543,-117.3085175,260.60,1.50,WIFI
22:AD:56:2C:8F:18,Hotspot8F18,[WPA_WPA2_PSK],2025-3-28 15:26:7,6,-85,34.0470543,-117.3085175,260.60,1.50,WIFI
28:87:BA:72:9F:FA,,[WPA2_PSK],2025-3-28 15:26:7,6,-86,34.0470543,-117.3085175,260.60,1.50,WIFI
94:18:65:7C:73:2F,Colton training room,[WPA2_PSK],2025-3-28 15:26:8,7,-82,34.0468712,-117.3087845,260.60,1.50,WIFI
54:AF:97:5A:20:B6,TP-Link-2G,[WPA_WPA2_PSK],2025-3-28 15:26:12,11,-76,34.0461349,-117.3098221,261.10,1.50,WIFI
A8:5E:45:F3:87:F8,Zion_Lobby,[WPA2_PSK],2025-3-28 15:26:12,11,-83,34.0461349,-117.3098221,261.10,1.50,WIFI
3C:F0:83:C3:B8:34,TWEETYBIRD,[WPA2_WPA3_PSK],2025-3-28 15:26:15,1,-82,34.0455856,-117.3106155,261.60,1.50,WIFI
7A:FE:CE:B7:09:25,,[WPA2_PSK],2025-3-28 15:26:18,3,-87,34.0450325,-117.3114090,263.30,1.50,WIFI
24:CD:8D:D1:D1:08,OC-030027,[WPA2_PSK],2025-3-28 15:26:21,6,-77,34.0444832,-117.3122101,265.80,1.50,WIFI
00:25:CA:7D:41:7F,Motive AABL36PC370845,[WPA2_PSK],2025-3-28 15:26:21,6,-81,34.0444832,-117.3122101,265.80,1.50,WIFI
24:CD:8D:CE:46:1A,OC-030032,[WPA2_PSK],2025-3-28 15:26:21,6,-82,34.0444832,-117.3122101,265.80,1.50,WIFI
E8:D2:FF:C7:D0:36,SpectrumSetup-30,[WPA2_PSK],2025-3-28 15:26:21,6,-85,34.0444832,-117.3122101,265.80,1.50,WIFI
28:87:BA:D2:5E:E0,,[WPA2_PSK],2025-3-28 15:26:21,6,-86,34.0444832,-117.3122101,265.80,1.50,WIFI
B0:A7:B9:D4:E8:8C,Guest_Choir,[WPA2_PSK],2025-3-28 15:26:21,6,-86,34.0444832,-117.3122101,265.80,1.50,WIFI
02:EB:1F:1D:0C:CC,Pvt.WiFiRanger_Sky4.6547,[WPA2_PSK],2025-3-28 15:26:21,6,-87,34.0444832,-117.3122101,265.80,1.50,WIFI
28:87:BA:D2:65:DC,,[WPA2_PSK],2025-3-28 15:26:21,6,-90,34.0444832,-117.3122101,265.80,1.50,WIFI
08:9B:B9:F2:35:15,ATTcmABCQ8_Guest,[WPA2_PSK],2025-3-28 15:26:24,9,-86,34.0439377,-117.3130035,268.10,1.50,WIFI
F0:7B:65:3E:37:42,ChipotleGuestWifi,[WPA2_PSK],2025-3-28 15:26:26,11,-87,34.0435677,-117.3135223,269.60,1.50,WIFI
94:98:8F:04:5E:36,TheDashers,[WPA2_WPA3_PSK],2025-3-28 15:26:26,11,-88,34.0435677,-117.3135223,269.60,1.50,WIFI
22:AD:56:24:F4:85,HotspotF485,[WPA_WPA2_PSK],2025-3-28 15:26:26,11,-89,34.0435677,-117.3135223,269.60,1.50,WIFI
1C:82:59:B0:05:F0,OR100ef,[WPA2_PSK],2025-3-28 15:26:29,1,-79,34.0430222,-117.3143005,271.80,1.50,WIFI
1C:82:59:B0:29:A5,OR100a4,[WPA2_PSK],2025-3-28 15:26:29,1,-79,34.0430222,-117.3143005,271.80,1.50,WIFI
A6:05:D6:E9:90:2D,,[WPA2_PSK],2025-3-28 15:26:29,1,-85,34.0430222,-117.3143005,271.80,1.50,WIFI
A6:05:D6:F7:F0:09,,[WPA2_PSK],2025-3-28 15:26:29,1,-85,34.0430222,-117.3143005,271.80,1.50,WIFI
A2:05:D6:E9:90:2D,MTRV,[WPA2_PSK],2025-3-28 15:26:29,1,-86,34.0430222,-117.3143005,271.80,1.50,WIFI
9C:05:D6:E9:90:2D,MTRV GUEST,[WPA2_PSK],2025-3-28 15:26:29,1,-87,34.0430222,-117.3143005,271.80,1.50,WIFI
3A:60:32:66:22:9F,,[WPA2_PSK],2025-3-28 15:26:29,1,-87,34.0430222,-117.3143005,271.80,1.50,WIFI
3A:60:32:46:22:9F,,[WPA2_PSK],2025-3-28 15:26:29,1,-88,34.0430222,-117.3143005,271.80,1.50,WIFI
12:E8:A7:7A:15:7A,myGMC 157A,[WPA2_PSK],2025-3-28 15:26:36,7,-86,34.0417519,-117.3160934,277.30,1.50,WIFI
22:AD:56:3F:52:0E,Hotspot520E,[WPA_WPA2_PSK],2025-3-28 15:26:40,11,-73,34.0410271,-117.3170166,279.20,1.50,WIFI
74:37:5F:9D:C2:47,SpectrumSetup-45,[WPA2_PSK],2025-3-28 15:26:40,11,-87,34.0410271,-117.3170166,279.20,1.50,WIFI
1C:82:59:B0:29:A8,OR100a7,[WPA2_PSK],2025-3-28 15:26:43,1,-89,34.0404701,-117.3176651,280.40,1.50,WIFI
FA:6D:CC:F0:0E:FC,myGMC 0EFC,[WPA2_PSK],2025-3-28 15:26:46,3,-77,34.0399094,-117.3183060,281.20,1.50,WIFI
08:33:ED:C5:CF:85,SpectrumSetup-87,[WPA2_PSK],2025-3-28 15:26:49,6,-86,34.0393410,-117.3189468,282.30,1.50,WIFI
2C:EA:DC:B1:C5:C1,SpectrumSetup-C3,[WPA2_PSK],2025-3-28 15:26:49,6,-89,34.0393410,-117.3189468,282.30,1.50,WIFI
00:92:A5:EC:BF:98,myChevrolet6108,[WPA2_WPA3_PSK],2025-3-28 15:26:49,6,-91,34.0393410,-117.3189468,282.30,1.50,WIFI
20:F3:75:20:93:40,ATT6aLK6Cm,[WPA2_PSK],2025-3-28 15:26:51,8,-87,34.0389595,-117.3193741,283.10,1.50,WIFI
C8:B4:22:3B:60:E6,MySpectrumWiFiE8-2G,[WPA2_PSK],2025-3-28 15:26:54,11,-90,34.0384026,-117.3199997,283.50,1.50,WIFI
AC:B6:87:37:C9:CD,Verizon_QFLTR6,[WPA2_PSK],2025-3-28 15:26:57,1,-86,34.0378304,-117.3206482,283.40,1.50,WIFI
F4:52:46:9B:C1:A2,SpectrumSetup-C1A5,[WPA2_PSK],2025-3-28 15:26:57,1,-89,34.0378304,-117.3206482,283.40,1.50,WIFI
A4:11:62:63:63:5E,NTGR_VMB_7399756250,[WPA2_PSK],2025-3-28 15:26:57,1,-89,34.0378304,-117.3206482,283.40,1.50,WIFI
A0:04:60:3D:4A:93,Olive,[WPA2_PSK],2025-3-28 15:27:0,3,-87,34.0372543,-117.3212967,283.40,1.50,WIFI
68:94:23:D2:F4:87,HP-Print-87-LaserJet 200 color,[OPEN],2025-3-28 15:27:0,3,-91,34.0372543,-117.3212967,283.40,1.50,WIFI
0C:E5:A3:08:C5:86,Shark_RV750X-NA-0ce5a308c586,[OPEN],2025-3-28 15:27:0,3,-95,34.0372543,-117.3212967,283.40,1.50,WIFI
2C:EA:DC:2D:9E:B1,SpectrumSetup-B3,[WPA2_PSK],2025-3-28 15:27:3,6,-90,34.0366936,-117.3219681,282.30,1.50,WIFI
C0:D3:91:E4:9D:45,TMT INDUSTRIES ,[WPA2_PSK],2025-3-28 15:27:3,6,-90,34.0366936,-117.3219681,282.30,1.50,WIFI
22:AD:56:32:DF:58,HotspotDF58,[WPA_WPA2_PSK],2025-3-28 15:27:8,11,-80,34.0357170,-117.3230972,278.20,1.50,WIFI
F6:9F:C2:D1:61:A2,Terrace Village Guest,[WPA2_PSK],2025-3-28 15:27:8,11,-86,34.0357170,-117.3230972,278.20,1.50,WIFI
F0:9F:C2:D1:61:A2,Terrace Village Staff,[WPA2_PSK],2025-3-28 15:27:8,11,-89,34.0357170,-117.3230972,278.20,1.50,WIFI
00:25:CA:41:00:C7,PNet6104353,[WPA2_PSK],2025-3-28 15:27:11,1,-92,34.0351257,-117.3237686,275.00,1.50,WIFI
00:54:AF:22:6D:B8,Hotspot6DB8,[WPA_WPA2_PSK],2025-3-28 15:27:11,1,-92,34.0351257,-117.3237686,275.00,1.50,WIFI
7C:0C:F6:0A:A5:C1,Dash-4664,[WPA2_PSK],2025-3-28 15:27:17,6,-86,34.0339584,-117.3250809,270.00,1.50,WIFI
16:8E:36:FC:80:CF,BUICK2331,[WPA2_WPA3_PSK],2025-3-28 15:27:17,6,-92,34.0339584,-117.3250809,270.00,1.50,WIFI
CC:40:D0:3D:4A:03,Aibertos_Ext,[WPA2_PSK],2025-3-28 15:27:20,9,-93,34.0334129,-117.3257065,268.60,1.50,WIFI
84:A0:6E:B4:93:96,MySpectrumWiFi90-2G,[WPA2_PSK],2025-3-28 15:27:24,1,-86,34.0327377,-117.3264618,268.30,1.50,WIFI
78:61:7C:21:45:FE,WiFi Hotspot 9521,[WPA2_PSK],2025-3-28 15:27:24,1,-90,34.0327377,-117.3264618,268.30,1.50,WIFI
B2:22:7A:BD:13:D4,DIRECT-AD-HP PageWide Pro PWA,[WPA2_PSK],2025-3-28 15:27:30,6,-83,34.0317764,-117.3275833,267.90,1.50,WIFI
22:68:7E:59:11:09,SpectrumSetup-08,[WPA2_PSK],2025-3-28 15:27:30,6,-88,34.0317764,-117.3275833,267.90,1.50,WIFI
4E:EB:BD:02:BE:0C,DIRECT-0c-HP M203 LaserJet,[WPA2_PSK],2025-3-28 15:27:30,6,-91,34.0317764,-117.3275833,267.90,1.50,WIFI
72:A7:41:2D:35:0E,karnair,[WPA2_PSK],2025-3-28 15:27:30,6,-92,34.0317764,-117.3275833,267.90,1.50,WIFI
72:A7:41:3D:35:0E,,[WPA2_PSK],2025-3-28 15:27:30,6,-93,34.0317764,-117.3275833,267.90,1.50,WIFI
94:98:8F:35:F2:46,TMOBILE-F241,[WPA2_WPA3_PSK],2025-3-28 15:27:30,6,-94,34.0317764,-117.3275833,267.90,1.50,WIFI
CA:41:1E:52:5C:C0,,[WPA2_PSK],2025-3-28 15:27:33,9,-95,34.0312843,-117.3281555,267.60,1.50,WIFI
AC:8F:A9:34:53:94,ATT9xYn22D,[WPA2_PSK],2025-3-28 15:27:35,11,-89,34.0309601,-117.3285141,267.30,1.50,WIFI
EC:C3:02:1D:FD:34,ATT9GIEwnj,[WPA2_PSK],2025-3-28 15:27:35,11,-91,34.0309601,-117.3285141,267.30,1.50,WIFI
00:C0:CA:AC:76:F4,,[OPEN],2025-3-28 15:27:44,6,-91,34.0295715,-117.3300781,261.70,1.50,WIFI
7C:0C:F6:0A:11:4A,Dash-0503,[WPA2_PSK],2025-3-28 15:27:44,6,-94,34.0295715,-117.3300781,261.70,1.50,WIFI
FA:6D:CC:AD:3E:B9,myChevrolet 3EB9,[WPA2_PSK],2025-3-28 15:27:45,7,-89,34.0294151,-117.3302612,260.90,1.50,WIFI
00:54:AF:F3:1B:5A,Hotspot1B5A,[WPA_WPA2_PSK],2025-3-28 15:27:47,9,-84,34.0290871,-117.3306427,259.10,1.50,WIFI
66:E2:20:6E:CD:0D,myChevrolet CC0C,[WPA2_PSK],2025-3-28 15:27:48,10,-92,34.0289230,-117.3308411,258.30,1.50,WIFI
C0:06:C3:C9:BD:8E,TP-Link_BD8E,[WPA2_PSK],2025-3-28 15:27:55,3,-91,34.0276718,-117.3322372,255.80,1.50,WIFI
FC:DB:21:71:76:BE,National,[WPA2_WPA3_PSK],2025-3-28 15:27:58,6,-92,34.0271034,-117.3328400,255.60,1.50,WIFI
F8:55:CD:DB:76:51,HotspottU7p,[WPA_WPA2_PSK],2025-3-28 15:27:58,6,-95,34.0271034,-117.3328400,255.60,1.50,WIFI
F8:D9:B8:0D:30:44,Trinity Guest,[OPEN],2025-3-28 15:28:3,11,-84,34.0261421,-117.3337402,253.90,1.50,WIFI
FA:D9:B8:0D:38:42,,[WPA3_PSK],2025-3-28 15:28:3,11,-85,34.0261421,-117.3337402,253.90,1.50,WIFI
F8:D9:B8:0D:38:82,Trinity Dealer,[WPA_WPA2_PSK],2025-3-28 15:28:3,11,-87,34.0261421,-117.3337402,253.90,1.50,WIFI
AC:86:74:DC:0F:84,Trinity Guest,[OPEN],2025-3-28 15:28:6,1,-90,34.0255737,-117.3342667,253.40,1.50,WIFI
B0:92:4A:22:84:96,TMOBILE-8491,[WPA2_WPA3_PSK],2025-3-28 15:28:12,6,-91,34.0244064,-117.3353271,251.90,1.50,WIFI
0C:EA:14:1A:6F:E9,,[WPA2_PSK],2025-3-28 15:28:12,6,-91,34.0244064,-117.3353271,251.90,1.50,WIFI
7A:01:B1:3B:8B:99,Dash-6210,[WPA2_PSK],2025-3-28 15:28:17,11,-70,34.0234222,-117.3362350,250.70,1.50,WIFI
00:30:44:8D:01:B0,E320-1ae,[WPA2_PSK],2025-3-28 15:28:17,11,-84,34.0234222,-117.3362350,250.70,1.50,WIFI
9E:18:88:FF:B6:83,smll,[WPA2],2025-3-28 15:28:17,11,-87,34.0234222,-117.3362350,250.70,1.50,WIFI
96:18:88:FF:B6:83,sip,[WPA2],2025-3-28 15:28:17,11,-87,34.0234222,-117.3362350,250.70,1.50,WIFI
12:E8:A7:5A:EC:53,myGMC ec53,[WPA2_PSK],2025-3-28 15:28:17,11,-89,34.0234222,-117.3362350,250.70,1.50,WIFI
58:96:71:09:0C:8A,BangBang,[WPA2_PSK],2025-3-28 15:28:17,11,-90,34.0234222,-117.3362350,250.70,1.50,WIFI
4C:19:5D:0E:94:36,Leonard,[WPA2_PSK],2025-3-28 15:28:20,1,-86,34.0228271,-117.3367691,250.70,1.50,WIFI
F4:05:95:9E:C2:EC,SpectrumSetup-E6,[WPA2_PSK],2025-3-28 15:28:20,1,-87,34.0228271,-117.3367691,250.70,1.50,WIFI
4C:12:65:8D:97:D0,ATTJEYrBxi,[WPA2_PSK],2025-3-28 15:28:23,3,-80,34.0222321,-117.3373032,251.90,1.50,WIFI
AC:DF:9F:6B:1C:44,TMOBILE-1C42,[WPA2_WPA3_PSK],2025-3-28 15:28:25,5,-84,34.0218544,-117.3376465,252.30,1.50,WIFI
44:AD:B1:84:26:6E,The Millennium Falcon,[WPA2_PSK],2025-3-28 15:28:26,6,-80,34.0216713,-117.3378220,252.30,1.50,WIFI
D6:53:83:BB:21:BB,DIRECT-6w-Car_b2df,[WPA2_PSK],2025-3-28 15:28:26,6,-84,34.0216713,-117.3378220,252.30,1.50,WIFI
4C:AB:F8:E2:9E:AB,SpectrumSetup-AD,[WPA2_PSK],2025-3-28 15:28:26,6,-86,34.0216713,-117.3378220,252.30,1.50,WIFI
E4:55:A8:B3:64:1B,,[OPEN],2025-3-28 15:28:26,6,-91,34.0216713,-117.3378220,252.30,1.50,WIFI
EA:55:A8:B3:64:1B,,[OPEN],2025-3-28 15:28:26,6,-91,34.0216713,-117.3378220,252.30,1.50,WIFI
A0:E7:AE:CC:B3:10,Canco,[WPA2_PSK],2025-3-28 15:28:28,8,-92,34.0213051,-117.3381500,252.70,1.50,WIFI
CE:9E:43:44:6B:2A,MySpectrumWiFi20-5G,[WPA2_PSK],2025-3-28 15:28:28,8,-93,34.0213051,-117.3381500,252.70,1.50,WIFI
38:94:ED:5A:4F:AF,NETGEAR82,[WPA2_PSK],2025-3-28 15:28:29,9,-87,34.0211182,-117.3383179,252.90,1.50,WIFI
74:37:5F:C9:38:FF,thebatcave,[WPA2_PSK],2025-3-28 15:28:31,11,-75,34.0207481,-117.3386536,253.30,1.50,WIFI
A0:55:1F:0F:D3:5A,SpectrumSetup-D354,[WPA2_PSK],2025-3-28 15:28:31,11,-87,34.0207481,-117.3386536,253.30,1.50,WIFI
E8:10:98:7B:B3:E0,Sunstate-WiFi,[OPEN],2025-3-28 15:28:34,1,-82,34.0201950,-117.3391495,253.70,1.50,WIFI
E8:AD:A6:5B:68:86,Hernandez Flooring,[WPA2_PSK],2025-3-28 15:28:34,1,-89,34.0201950,-117.3391495,253.70,1.50,WIFI
9E:A3:A9:1F:00:5A,IPC_9CA3A91F005A,[WPA2_PSK],2025-3-28 15:28:34,1,-90,34.0201950,-117.3391495,253.70,1.50,WIFI
A4:43:8C:47:A9:00,ATTMe4W3JA,[WPA2_PSK],2025-3-28 15:28:34,1,-91,34.0201950,-117.3391495,253.70,1.50,WIFI
94:09:C9:09:75:1A,MYCAR5087,[WPA2_PSK],2025-3-28 15:28:38,4,-91,34.0194702,-117.3397980,253.40,1.50,WIFI
40:3F:8C:FE:DD:7B,Sonerik,[WPA2_PSK],2025-3-28 15:28:39,5,-89,34.0192833,-117.3399658,252.80,1.50,WIFI
5C:60:BA:1F:53:C7,DIRECT-C6-HP DeskJet 3700 series,[WPA2_PSK],2025-3-28 15:28:40,6,-84,34.0190926,-117.3401337,252.30,1.50,WIFI
98:5D:46:47:1D:09,PNet6669928,[WPA2_PSK],2025-3-28 15:28:40,6,-91,34.0190926,-117.3401337,252.30,1.50,WIFI
D2:40:EF:75:30:46,My VW 1190,[WPA2_PSK],2025-3-28 15:28:40,6,-91,34.0190926,-117.3401337,252.30,1.50,WIFI
AC:DF:9F:1D:E7:C0,TMOBILE-E7BE,[WPA2_WPA3_PSK],2025-3-28 15:28:41,7,-90,34.0188942,-117.3403015,251.90,1.50,WIFI
58:60:D8:92:76:F0,ATTF442SKI,[WPA2_PSK],2025-3-28 15:28:43,9,-88,34.0184898,-117.3406296,250.90,1.50,WIFI
00:54:AF:2E:29:3E,Hotspot293E,[WPA_WPA2_PSK],2025-3-28 15:28:43,9,-95,34.0184898,-117.3406296,250.90,1.50,WIFI
7A:45:58:A2:60:2B,Canna Guest,[WPA2_PSK],2025-3-28 15:28:45,11,-76,34.0180664,-117.3409500,250.20,1.50,WIFI
7A:45:58:B2:60:2B,,[WPA2_PSK],2025-3-28 15:28:45,11,-76,34.0180664,-117.3409500,250.20,1.50,WIFI
78:45:58:82:60:2B,C21,[WPA2_PSK],2025-3-28 15:28:45,11,-79,34.0180664,-117.3409500,250.20,1.50,WIFI
98:1E:19:2D:6F:86,Dunder Mifflin Infinity - 2G,[WPA2_PSK],2025-3-28 15:28:45,11,-80,34.0180664,-117.3409500,250.20,1.50,WIFI
7A:45:58:C2:60:2B,,[WPA2_PSK],2025-3-28 15:28:45,11,-81,34.0180664,-117.3409500,250.20,1.50,WIFI
88:DE:7C:8D:1F:CD,Laclair44,[WPA2_PSK],2025-3-28 15:28:45,11,-81,34.0180664,-117.3409500,250.20,1.50,WIFI
E6:37:5F:56:EB:CB,,[WPA2_PSK],2025-3-28 15:28:45,11,-87,34.0180664,-117.3409500,250.20,1.50,WIFI
38:88:71:0C:9D:08,Verizon_XGQ749,[WPA2_PSK],2025-3-28 15:28:45,11,-87,34.0180664,-117.3409500,250.20,1.50,WIFI
22:AD:56:A8:28:F7,Hotspot28F7,[WPA_WPA2_PSK],2025-3-28 15:28:45,11,-94,34.0180664,-117.3409500,250.20,1.50,WIFI
54:47:CC:35:7C:86,pacheco,[WPA2_WPA3_PSK],2025-3-28 15:28:48,1,-83,34.0174522,-117.3414001,249.90,1.50,WIFI
38:0E:4D:21:CA:41,Red,[WPA2_PSK],2025-3-28 15:28:48,1,-84,34.0174522,-117.3414001,249.90,1.50,WIFI
A0:55:1F:0E:C2:C2,SpectrumSetup-C2BC,[WPA2_PSK],2025-3-28 15:28:48,1,-84,34.0174522,-117.3414001,249.90,1.50,WIFI
BC:82:5D:2B:B7:B2,Kitaka24,[WPA2_PSK],2025-3-28 15:28:48,1,-87,34.0174522,-117.3414001,249.90,1.50,WIFI
02:54:AF:FE:5F:9E,Hotspot5F9E,[WPA_WPA2_PSK],2025-3-28 15:28:48,1,-89,34.0174522,-117.3414001,249.90,1.50,WIFI
2C:EA:DC:98:A4:85,SpectrumSetup-87,[WPA2_PSK],2025-3-28 15:28:48,1,-92,34.0174522,-117.3414001,249.90,1.50,WIFI
80:69:1A:7F:8E:C1,Linksys04038,[WPA2_PSK],2025-3-28 15:28:52,3,-76,34.0166473,-117.3419495,247.90,1.50,WIFI
8C:85:80:49:01:42,,[WPA_WPA2_PSK],2025-3-28 15:28:52,3,-87,34.0166473,-117.3419495,247.90,1.50,WIFI
CC:C2:61:34:49:1E,Driveri:6603047042,[WPA_WPA2_PSK],2025-3-28 15:28:55,6,-75,34.0160637,-117.3423538,247.00,1.50,WIFI
34:49:5B:D3:76:1E,MySpectrumWiFi18-2G,[WPA2_PSK],2025-3-28 15:28:55,6,-85,34.0160637,-117.3423538,247.00,1.50,WIFI
FC:12:63:E0:04:33,SpectrumSetup-35,[WPA2_PSK],2025-3-28 15:28:55,6,-87,34.0160637,-117.3423538,247.00,1.50,WIFI
78:45:58:82:65:83,C21,[WPA2_PSK],2025-3-28 15:28:55,6,-90,34.0160637,-117.3423538,247.00,1.50,WIFI
34:53:D2:1F:00:06,SpectrumSetup-00,[WPA2_PSK],2025-3-28 15:28:55,6,-90,34.0160637,-117.3423538,247.00,1.50,WIFI
2C:00:AB:61:48:F0,ATT8geE6fA,[WPA2_PSK],2025-3-28 15:28:56,7,-80,34.0158730,-117.3424835,246.80,1.50,WIFI
2E:00:AB:61:48:F1,ATT8geE6fA_guest,[WPA2_PSK],2025-3-28 15:28:56,7,-81,34.0158730,-117.3424835,246.80,1.50,WIFI
34:98:B5:6D:04:3E,Mtzcmix,[WPA2_PSK],2025-3-28 15:28:58,9,-91,34.0154839,-117.3427277,246.40,1.50,WIFI
38:94:ED:4B:13:FE,AltaFinish&StairInc,[WPA2_PSK],2025-3-28 15:28:58,9,-93,34.0154839,-117.3427277,246.40,1.50,WIFI
9C:C9:EB:5F:56:6F,APPMS,[WPA2_PSK],2025-3-28 15:29:0,11,-89,34.0150986,-117.3429871,246.10,1.50,WIFI
F8:5B:3B:15:BC:BD,SpectrumSetup-BF,[WPA2_PSK],2025-3-28 15:29:0,11,-91,34.0150986,-117.3429871,246.10,1.50,WIFI
9E:A3:A9:B4:A5:3E,,[WPA2_PSK],2025-3-28 15:29:1,13,-88,34.0149078,-117.3431091,245.80,1.50,WIFI
9E:A3:A9:B4:99:51,,[WPA2_PSK],2025-3-28 15:29:1,13,-91,34.0149078,-117.3431091,245.80,1.50,WIFI
74:37:5F:56:1B:17,SpectrumSetup-15,[WPA2_PSK],2025-3-28 15:29:3,1,-66,34.0145264,-117.3433609,245.50,1.50,WIFI
58:9B:4A:97:46:9B,300srt8,[WPA2_PSK],2025-3-28 15:29:3,1,-78,34.0145264,-117.3433609,245.50,1.50,WIFI
F8:AA:3F:ED:E7:97,SpectrumSetup-95,[WPA2_PSK],2025-3-28 15:29:3,1,-83,34.0145264,-117.3433609,245.50,1.50,WIFI
74:93:DA:92:1C:FD,SpectrumSetup-FF,[WPA2_PSK],2025-3-28 15:29:3,1,-89,34.0145264,-117.3433609,245.50,1.50,WIFI
F4:52:46:8C:4F:BC,Bootleggers mkt,[WPA2_PSK],2025-3-28 15:29:3,1,-93,34.0145264,-117.3433609,245.50,1.50,WIFI
F6:C3:2A:DA:01:38,,[WPA2_PSK],2025-3-28 15:29:5,2,-88,34.0141525,-117.3436050,245.10,1.50,WIFI
84:70:51:96:EF:AD,TOYOTA Corolla-2.4g_96efad,[WPA2_PSK],2025-3-28 15:29:5,2,-90,34.0141525,-117.3436050,245.10,1.50,WIFI
40:B0:34:DF:E8:68,DIRECT-67-HP OfficeJet 4650,[WPA2_PSK],2025-3-28 15:29:7,4,-90,34.0137672,-117.3438644,244.80,1.50,WIFI
74:FE:CE:37:1B:8F,Chavez,[WPA2_PSK],2025-3-28 15:29:8,5,-81,34.0135727,-117.3439941,244.80,1.50,WIFI
A0:7F:8A:0C:E4:A7,SpectrumSetup-E4A1,[WPA2_PSK],2025-3-28 15:29:9,6,-61,34.0133743,-117.3441315,244.60,1.50,WIFI
BC:9A:8E:29:59:74,MikeHunt,[WPA2_PSK],2025-3-28 15:29:9,6,-86,34.0133743,-117.3441315,244.60,1.50,WIFI
00:1B:11:5E:FD:B1,RivitRadio,[WPA_WPA2_PSK],2025-3-28 15:29:9,6,-91,34.0133743,-117.3441315,244.60,1.50,WIFI
58:60:D8:6C:64:E0,DropItLikeItsHotSpot,[WPA2_PSK],2025-3-28 15:29:12,9,-86,34.0127792,-117.3445587,244.30,1.50,WIFI
4C:19:5D:32:E8:3C,Searching...,[WPA2_PSK],2025-3-28 15:29:14,11,-82,34.0123787,-117.3448334,244.10,1.50,WIFI
58:96:71:ED:69:62,Verizon_6CKVSQ,[WPA2_PSK],2025-3-28 15:29:14,11,-86,34.0123787,-117.3448334,244.10,1.50,WIFI
34:53:D2:BD:56:FD,SpectrumSetup-F7,[WPA2_PSK],2025-3-28 15:29:14,11,-90,34.0123787,-117.3448334,244.10,1.50,WIFI
A8:A2:37:51:08:3B,Verizon_NVL4CR,[WPA2_PSK],2025-3-28 15:29:14,11,-90,34.0123787,-117.3448334,244.10,1.50,WIFI
08:3A:2F:4B:34:06,NVR083a2f4b3406,[WPA2_PSK],2025-3-28 15:29:15,13,-89,34.0121803,-117.3449707,244.00,1.50,WIFI
CC:40:D0:AF:38:D8,NETGEAR93,[WPA2_PSK],2025-3-28 15:29:17,1,-90,34.0117912,-117.3452301,243.90,1.50,WIFI
20:F3:75:D6:FA:20,ATTFRRuTna,[WPA2_PSK],2025-3-28 15:29:19,2,-81,34.0114174,-117.3454895,243.90,1.50,WIFI
2E:7E:81:93:6C:61,1stop_Guest,[WPA2_PSK],2025-3-28 15:29:19,2,-90,34.0114174,-117.3454895,243.90,1.50,WIFI
88:DC:96:90:FA:30,HydroDirect,[WPA2_PSK],2025-3-28 15:29:21,4,-73,34.0110474,-117.3457336,243.80,1.50,WIFI
CC:DB:04:C8:AC:A8,DRI_Router_CA9,[WPA_WPA2_PSK],2025-3-28 15:29:21,4,-84,34.0110474,-117.3457336,243.80,1.50,WIFI
98:C8:54:A7:67:8D,Verizon_R9T6K4,[WPA2_PSK],2025-3-28 15:29:23,6,-82,34.0106964,-117.3459778,243.80,1.50,WIFI
4A:9E:BD:56:60:37,DIRECT-37-HP OfficeJet Pro 7740,[WPA2_PSK],2025-3-28 15:29:23,6,-92,34.0106964,-117.3459778,243.80,1.50,WIFI
B0:19:21:97:2E:DE,Delta,[WPA2_PSK],2025-3-28 15:29:26,9,-84,34.0101738,-117.3463211,243.60,1.50,WIFI
2C:EA:DC:A2:7B:E9,SpectrumSetup-EB,[WPA2_PSK],2025-3-28 15:29:28,11,-75,34.0098190,-117.3465500,243.30,1.50,WIFI
F4:52:46:EE:99:81,HydroDirect420,[WPA2_PSK],2025-3-28 15:29:28,11,-84,34.0098190,-117.3465500,243.30,1.50,WIFI
08:33:ED:DB:05:B5,ATT-WIFI-5816,[WPA2_WPA3_PSK],2025-3-28 15:29:28,11,-84,34.0098190,-117.3465500,243.30,1.50,WIFI
D4:6A:6A:23:38:03,SETUP,[OPEN],2025-3-28 15:29:28,11,-88,34.0098190,-117.3465500,243.30,1.50,WIFI
74:6F:F7:BD:91:8A,134 - Marcus Nava,[WPA2_PSK],2025-3-28 15:29:28,11,-88,34.0098190,-117.3465500,243.30,1.50,WIFI
22:48:6C:4F:CA:71,,[WPA2_PSK],2025-3-28 15:29:28,11,-89,34.0098190,-117.3465500,243.30,1.50,WIFI
78:29:ED:E6:A8:9A,MySpectrumWiFi9c-2G,[WPA2_PSK],2025-3-28 15:29:29,1,-75,34.0096474,-117.3466721,243.10,1.50,WIFI
00:30:44:8C:93:14,,[WPA2_PSK],2025-3-28 15:29:29,1,-80,34.0096474,-117.3466721,243.10,1.50,WIFI
1C:14:48:7E:4F:B0,ATTbYpbZCI,[WPA2_PSK],2025-3-28 15:29:29,1,-83,34.0096474,-117.3466721,243.10,1.50,WIFI
F8:2C:18:FB:F2:DD,ATT8cef2YD,[WPA2_PSK],2025-3-28 15:29:29,1,-84,34.0096474,-117.3466721,243.10,1.50,WIFI
E0:86:14:50:C3:B7,FX3100-C3B6,[WPA2_WPA3_PSK],2025-3-28 15:29:29,1,-84,34.0096474,-117.3466721,243.10,1.50,WIFI
54:21:60:23:21:1D,Alula23211C,[WPA_WPA2_PSK],2025-3-28 15:29:29,1,-85,34.0096474,-117.3466721,243.10,1.50,WIFI
78:21:84:77:16:89,CFX3_771688,[WPA2_PSK],2025-3-28 15:29:29,1,-91,34.0096474,-117.3466721,243.10,1.50,WIFI
DC:EF:09:ED:D2:4F,NETGEAR27,[WPA2_PSK],2025-3-28 15:29:35,4,-92,34.0086632,-117.3473282,242.60,1.50,WIFI
72:A7:41:36:E6:25,BemusLandscape,[WPA2_PSK],2025-3-28 15:29:37,6,-82,34.0083466,-117.3475342,242.60,1.50,WIFI
72:A7:41:16:E6:25,SLC-Admin,[WPA2_PSK],2025-3-28 15:29:37,6,-82,34.0083466,-117.3475342,242.60,1.50,WIFI
A0:7F:8A:18:12:2D,BrachoSalazarFamily,[WPA2_PSK],2025-3-28 15:29:37,6,-82,34.0083466,-117.3475342,242.60,1.50,WIFI
70:A7:41:66:E6:25,,[WPA2_PSK],2025-3-28 15:29:37,6,-84,34.0083466,-117.3475342,242.60,1.50,WIFI
E4:FA:C4:02:44:C0,lsfe.rvsd.ca.us,[WPA2_PSK],2025-3-28 15:29:37,6,-87,34.0083466,-117.3475342,242.60,1.50,WIFI
72:A7:41:26:E6:25,BLIWRL-24G,[WPA2_PSK],2025-3-28 15:29:37,6,-89,34.0083466,-117.3475342,242.60,1.50,WIFI
5A:E4:03:27:DB:78,myBrightdrop DB78,[WPA2_PSK],2025-3-28 15:29:38,7,-85,34.0081978,-117.3476410,242.60,1.50,WIFI
90:F4:C1:23:C4:AC,randmcnally_C4AC,[WPA2_PSK],2025-3-28 15:29:40,9,-74,34.0078888,-117.3478470,242.50,1.50,WIFI
AC:91:9B:C1:AD:B8,ATTrUI67Pa,[WPA2_PSK],2025-3-28 15:29:42,11,-67,34.0075569,-117.3480682,242.40,1.50,WIFI
D4:B2:7A:B2:CD:29,ATT92h4p9P,[WPA2_PSK],2025-3-28 15:29:42,11,-73,34.0075569,-117.3480682,242.40,1.50,WIFI
8E:49:62:52:84:CF,,[WPA2_PSK],2025-3-28 15:29:42,11,-73,34.0075569,-117.3480682,242.40,1.50,WIFI
BC:96:E5:4E:9A:1B,SpectrumSetup-9A17,[WPA2_PSK],2025-3-28 15:29:42,11,-80,34.0075569,-117.3480682,242.40,1.50,WIFI
74:37:5F:CD:61:DF,ADAM0205,[WPA2_PSK],2025-3-28 15:29:42,11,-80,34.0075569,-117.3480682,242.40,1.50,WIFI
14:7D:05:53:25:1B,SpectrumSetup-19,[WPA2_PSK],2025-3-28 15:29:42,11,-85,34.0075569,-117.3480682,242.40,1.50,WIFI
0E:96:E5:4E:9A:1D,,[WPA2_PSK],2025-3-28 15:29:42,11,-87,34.0075569,-117.3480682,242.40,1.50,WIFI
0E:96:E5:4E:9A:1C,,[WPA2_PSK],2025-3-28 15:29:42,11,-88,34.0075569,-117.3480682,242.40,1.50,WIFI
F0:AB:54:97:B9:5A,jesco4,[WPA2_PSK],2025-3-28 15:29:44,1,-85,34.0072098,-117.3483047,242.30,1.50,WIFI
00:92:A5:EC:35:EE,myChevrolet 1753,[WPA2_PSK],2025-3-28 15:29:44,1,-89,34.0072098,-117.3483047,242.30,1.50,WIFI
4C:22:F3:5F:FE:63,Verizon_373FJQ,[WPA2_PSK],2025-3-28 15:29:44,1,-90,34.0072098,-117.3483047,242.30,1.50,WIFI
00:54:AF:5F:62:92,Hotspot6292,[WPA_WPA2_PSK],2025-3-28 15:29:48,3,-85,34.0064850,-117.3487854,241.70,1.50,WIFI
9C:3D:CF:12:9F:8E,ORBI34,[WPA2_PSK],2025-3-28 15:29:48,3,-89,34.0064850,-117.3487854,241.70,1.50,WIFI
AA:40:A0:62:67:E4,,[WPA2_PSK],2025-3-28 15:29:48,3,-90,34.0064850,-117.3487854,241.70,1.50,WIFI
98:5D:46:ED:34:66,PNet23028917,[WPA2_PSK],2025-3-28 15:29:51,6,-64,34.0059395,-117.3491516,241.60,1.50,WIFI
00:25:CA:9F:56:11,Motive AABL36SE171039,[WPA2_PSK],2025-3-28 15:29:51,6,-80,34.0059395,-117.3491516,241.60,1.50,WIFI
24:CD:8D:CE:06:9D,OC-AGS 22-side_right-490612,[WPA2_PSK],2025-3-28 15:29:51,6,-84,34.0059395,-117.3491516,241.60,1.50,WIFI
44:D4:53:79:20:9E,SpectrumSetup-98,[WPA2_PSK],2025-3-28 15:29:51,6,-86,34.0059395,-117.3491516,241.60,1.50,WIFI
F4:05:95:A5:D8:3F,SpectrumSetup-B9,[WPA2_PSK],2025-3-28 15:29:51,6,-87,34.0059395,-117.3491516,241.60,1.50,WIFI
CC:58:30:F7:32:06,TMOBILE-3201,[WPA2_WPA3_PSK],2025-3-28 15:29:51,6,-94,34.0059395,-117.3491516,241.60,1.50,WIFI
CE:15:A2:C2:3E:A3,,[WPA2_PSK],2025-3-28 15:29:54,9,-78,34.0054016,-117.3495026,241.50,1.50,WIFI
AC:15:A2:C2:3E:A3,FBI Agent 9974 2.4 GHz,[WPA2_PSK],2025-3-28 15:29:54,9,-79,34.0054016,-117.3495026,241.50,1.50,WIFI
AC:DF:9F:16:CF:DC,TMOBILE-CFDA,[WPA2_WPA3_PSK],2025-3-28 15:29:54,9,-79,34.0054016,-117.3495026,241.50,1.50,WIFI
8C:90:2D:81:AE:C4,FBI Agent 9974 2.4 GHz,[WPA2_PSK],2025-3-28 15:29:54,9,-85,34.0054016,-117.3495026,241.50,1.50,WIFI
64:67:72:EB:AB:DB,SpectrumSetup-D9,[WPA2_PSK],2025-3-28 15:29:56,11,-73,34.0050392,-117.3497543,241.20,1.50,WIFI
F0:7B:65:2A:49:1D,SpectrumSetup-4917,[WPA2_PSK],2025-3-28 15:29:56,11,-73,34.0050392,-117.3497543,241.20,1.50,WIFI
74:37:5F:D9:94:1F,SpectrumSetup-1D,[WPA2_PSK],2025-3-28 15:29:56,11,-77,34.0050392,-117.3497543,241.20,1.50,WIFI
10:D7:B0:E9:BD:CE,SpectrumSetup-C8,[WPA2_PSK],2025-3-28 15:29:56,11,-80,34.0050392,-117.3497543,241.20,1.50,WIFI
00:22:6C:08:6F:4D,KD-240WF_6F4D,[OPEN],2025-3-28 15:29:56,11,-83,34.0050392,-117.3497543,241.20,1.50,WIFI
78:29:ED:D4:02:B9,SpectrumSetup-BB,[WPA2_PSK],2025-3-28 15:29:58,1,-71,34.0046806,-117.3499908,240.90,1.50,WIFI
DE:CB:BC:B9:75:20,,[WPA2_PSK],2025-3-28 15:29:58,1,-71,34.0046806,-117.3499908,240.90,1.50,WIFI
14:7D:05:CD:CF:F7,SpectrumSetup-F5,[WPA2_PSK],2025-3-28 15:29:58,1,-72,34.0046806,-117.3499908,240.90,1.50,WIFI
18:0C:7A:E3:78:56,TMOBILE-7851,[WPA2_WPA3_PSK],2025-3-28 15:29:58,1,-76,34.0046806,-117.3499908,240.90,1.50,WIFI
3A:98:B5:D3:95:69,,[WPA2_PSK],2025-3-28 15:30:2,3,-51,34.0039978,-117.3504562,240.40,1.50,WIFI
42:98:B5:D3:95:69,Riverside Scuba-IoT,[WPA2_PSK],2025-3-28 15:30:2,3,-52,34.0039978,-117.3504562,240.40,1.50,WIFI
34:98:B5:D3:95:69,Riverside Scuba,[WPA2_WPA3_PSK],2025-3-28 15:30:2,3,-53,34.0039978,-117.3504562,240.40,1.50,WIFI
42:98:B5:D3:E4:2A,Riverside Scuba-IoT,[WPA2_PSK],2025-3-28 15:30:2,3,-61,34.0039978,-117.3504562,240.40,1.50,WIFI
34:98:B5:D3:E4:2A,,[WPA2_PSK],2025-3-28 15:30:2,3,-63,34.0039978,-117.3504562,240.40,1.50,WIFI
3A:98:B5:D3:E4:2A,Riverside Scuba,[WPA2_WPA3_PSK],2025-3-28 15:30:2,3,-63,34.0039978,-117.3504562,240.40,1.50,WIFI
04:17:B6:51:A7:6B,,[WPA_WPA2_PSK],2025-3-28 15:30:2,3,-83,34.0039978,-117.3504562,240.40,1.50,WIFI
34:98:B5:D3:E4:1B,,[WPA2_PSK],2025-3-28 15:30:2,3,-90,34.0039978,-117.3504562,240.40,1.50,WIFI
2C:30:33:31:29:C8,NETGEAR10,[WPA2_PSK],2025-3-28 15:30:3,4,-82,34.0038261,-117.3505707,240.20,1.50,WIFI
18:E8:29:9A:6F:A6,GMBIGuestRiv,[WPA2_PSK],2025-3-28 15:30:5,6,-75,34.0035019,-117.3508072,239.90,1.50,WIFI
1E:E8:29:9A:6F:A6,,[WPA2_PSK],2025-3-28 15:30:5,6,-75,34.0035019,-117.3508072,239.90,1.50,WIFI
88:DE:7C:96:B7:FD,SpectrumSetup-FF,[WPA2_PSK],2025-3-28 15:30:5,6,-75,34.0035019,-117.3508072,239.90,1.50,WIFI
82:F1:7E:43:F6:80,LIUSuite4,[WPA2_PSK],2025-3-28 15:30:5,6,-86,34.0035019,-117.3508072,239.90,1.50,WIFI
7C:F1:7E:43:F6:80,LTA,[WPA2_WPA3_PSK],2025-3-28 15:30:5,6,-87,34.0035019,-117.3508072,239.90,1.50,WIFI
20:9A:7D:14:F6:4E,SpectrumSetup-48,[WPA2_PSK],2025-3-28 15:30:5,6,-92,34.0035019,-117.3508072,239.90,1.50,WIFI
2C:00:AB:E5:BB:90,ATTGXksbJA,[WPA2_PSK],2025-3-28 15:30:6,7,-88,34.0033379,-117.3509293,239.70,1.50,WIFI
3A:22:E2:A6:53:9B,DIRECT-9B-HP ENVY Photo 7800,[WPA2_PSK],2025-3-28 15:30:8,9,-83,34.0030403,-117.3511505,239.70,1.50,WIFI
5C:62:8B:0B:B2:5A,MM ALT BATT,[WPA2_PSK],2025-3-28 15:30:8,9,-86,34.0030403,-117.3511505,239.70,1.50,WIFI
00:54:AF:48:84:96,Hotspot8496,[WPA_WPA2_PSK],2025-3-28 15:30:8,9,-89,34.0030403,-117.3511505,239.70,1.50,WIFI
10:0C:6B:1F:2A:0E,,[WPA2_PSK],2025-3-28 15:30:8,9,-90,34.0030403,-117.3511505,239.70,1.50,WIFI
DE:CB:BC:B9:75:56,,[WPA2_PSK],2025-3-28 15:30:10,11,-73,34.0028152,-117.3513412,239.70,1.50,WIFI
E0:CB:BC:B9:75:56,1233,[WPA2_PSK],2025-3-28 15:30:10,11,-74,34.0028152,-117.3513412,239.70,1.50,WIFI
EA:CB:BC:B9:75:56,1233T,[WPA2_PSK],2025-3-28 15:30:10,11,-75,34.0028152,-117.3513412,239.70,1.50,WIFI
F0:9F:C2:A4:2B:65,GMBIPrivateRiv,[WPA2_PSK],2025-3-28 15:30:10,11,-82,34.0028152,-117.3513412,239.70,1.50,WIFI
F6:9F:C2:A4:2B:65,GMBIPrivateRiv_IoT,[WPA2_PSK],2025-3-28 15:30:10,11,-83,34.0028152,-117.3513412,239.70,1.50,WIFI
D2:32:E5:4C:C6:A4,1184-Guest,[WPA2_PSK],2025-3-28 15:30:10,11,-86,34.0028152,-117.3513412,239.70,1.50,WIFI
FA:9F:C2:A4:2B:65,,[WPA2_PSK],2025-3-28 15:30:10,11,-86,34.0028152,-117.3513412,239.70,1.50,WIFI
00:30:44:4F:A6:69,RAI-SIGNAGE,[WPA2_PSK],2025-3-28 15:30:10,11,-93,34.0028152,-117.3513412,239.70,1.50,WIFI
00:18:05:1E:54:83,Qsic Music,[WPA2_PSK],2025-3-28 15:30:10,11,-94,34.0028152,-117.3513412,239.70,1.50,WIFI
00:30:44:81:29:59,RTA32370,[OPEN],2025-3-28 15:30:11,1,-73,34.0027428,-117.3514404,239.00,1.50,WIFI
E0:CB:BC:B9:75:20,1233,[WPA2_PSK],2025-3-28 15:30:11,1,-78,34.0027428,-117.3514404,239.00,1.50,WIFI
EA:CB:BC:B9:75:20,1233T,[WPA2_PSK],2025-3-28 15:30:11,1,-78,34.0027428,-117.3514404,239.00,1.50,WIFI
94:91:7F:EC:08:79,MySpectrumWiFi7B-2G,[WPA2_PSK],2025-3-28 15:30:11,1,-79,34.0027428,-117.3514404,239.00,1.50,WIFI
94:3C:96:62:8B:27,TMOBILE-8B21,[WPA2_WPA3_PSK],2025-3-28 15:30:11,1,-85,34.0027428,-117.3514404,239.00,1.50,WIFI
F0:AB:54:65:A0:AE,Flores Silverado,[WPA2_PSK],2025-3-28 15:30:11,1,-86,34.0027428,-117.3514404,239.00,1.50,WIFI
62:62:8B:44:04:2E,,[WPA2_PSK],2025-3-28 15:30:16,3,-84,34.0026932,-117.3516235,239.20,1.50,WIFI
62:62:8B:44:04:32,,[WPA2_PSK],2025-3-28 15:30:16,3,-91,34.0026932,-117.3516235,239.20,1.50,WIFI
C0:D7:AA:EB:E2:CD,,[WPA2_WPA3_PSK],2025-3-28 15:30:18,5,-92,34.0026932,-117.3516235,239.20,1.50,WIFI
92:32:4B:3A:43:A9,DIRECT-a9-HP M281 LaserJet,[WPA2_PSK],2025-3-28 15:30:19,6,-83,34.0026932,-117.3516312,239.20,1.50,WIFI
2E:D1:C6:EA:12:2B,My VW 4379,[WPA2_PSK],2025-3-28 15:30:19,6,-85,34.0026932,-117.3516312,239.20,1.50,WIFI
F8:55:CD:E9:C1:F2,HotspotYQi5,[WPA_WPA2_PSK],2025-3-28 15:30:19,6,-87,34.0026932,-117.3516312,239.20,1.50,WIFI
7A:35:CC:55:C1:BC,,[WPA2_PSK],2025-3-28 15:30:19,6,-87,34.0026932,-117.3516312,239.20,1.50,WIFI
B0:B9:8A:4F:2A:25,CCC-WiFi,[WPA_WPA2_PSK],2025-3-28 15:30:21,8,-76,34.0026932,-117.3516617,239.20,1.50,WIFI
AC:DF:9F:12:B9:A8,Uriarte12,[WPA2_WPA3_PSK],2025-3-28 15:30:23,10,-88,34.0027008,-117.3517303,239.30,1.50,WIFI
C0:C1:C0:D2:47:49,EHSS,[WPA2_PSK],2025-3-28 15:30:24,11,-82,34.0027046,-117.3517456,239.40,1.50,WIFI
CC:32:E5:4C:C6:A4,1184-Private,[WPA2_PSK],2025-3-28 15:30:24,11,-85,34.0027046,-117.3517456,239.40,1.50,WIFI
00:54:AF:6A:C2:F4,HotspotC2F4,[WPA_WPA2_PSK],2025-3-28 15:30:29,2,-86,34.0028229,-117.3520966,239.70,1.50,WIFI
C4:41:1E:1D:04:A4,Linksys02177,[WPA2_PSK],2025-3-28 15:30:29,2,-92,34.0028229,-117.3520966,239.70,1.50,WIFI
B8:EE:0E:AC:21:82,MySpectrumWiFi7c-2G,[WPA2_PSK],2025-3-28 15:30:33,6,-74,34.0030479,-117.3525620,240.40,1.50,WIFI
9C:3D:CF:70:EA:BC,NETGEAR65,[WPA2_PSK],2025-3-28 15:30:33,6,-82,34.0030479,-117.3525620,240.40,1.50,WIFI
A0:7F:8A:36:4B:90,SpectrumSetup-4B8A,[WPA2_PSK],2025-3-28 15:30:33,6,-84,34.0030479,-117.3525620,240.40,1.50,WIFI
00:54:AF:CE:81:D3,Hotspot81D3,[WPA_WPA2_PSK],2025-3-28 15:30:33,6,-86,34.0030479,-117.3525620,240.40,1.50,WIFI
5C:FA:25:CE:E8:AE,SpectrumSetup-A8,[WPA2_PSK],2025-3-28 15:30:33,6,-88,34.0030479,-117.3525620,240.40,1.50,WIFI
10:93:97:3F:B6:A0,ATT5nIc8bZ,[WPA2_PSK],2025-3-28 15:30:36,9,-82,34.0031319,-117.3528214,241.10,1.50,WIFI
94:91:7F:52:05:44,MySpectrumWiFi46-2G,[WPA2_PSK],2025-3-28 15:30:38,11,-84,34.0030708,-117.3529587,241.10,1.50,WIFI
E0:1F:2B:D6:6C:91,TMOBILE-6C88,[WPA_WPA2_PSK],2025-3-28 15:30:38,11,-86,34.0030708,-117.3529587,241.10,1.50,WIFI
C8:B4:22:BE:1B:95,MySpectrumWiFi97-2G,[WPA2_PSK],2025-3-28 15:30:38,11,-89,34.0030708,-117.3529587,241.10,1.50,WIFI
42:31:78:71:11:03,Security_711100,[WPA2_PSK],2025-3-28 15:30:38,11,-93,34.0030708,-117.3529587,241.10,1.50,WIFI
64:7B:1E:B7:DF:F6,TMOBILE-DFF1,[WPA2_WPA3_PSK],2025-3-28 15:30:40,1,-71,34.0029259,-117.3530807,240.70,1.50,WIFI
74:37:5F:25:C0:E3,YourMomsThighs,[WPA2_PSK],2025-3-28 15:30:40,1,-76,34.0029259,-117.3530807,240.70,1.50,WIFI
32:7B:C8:A8:69:3C,,[WPA2_PSK],2025-3-28 15:30:40,1,-76,34.0029259,-117.3530807,240.70,1.50,WIFI
0A:7B:C8:A8:69:3C,sunvoip,[WPA2_PSK],2025-3-28 15:30:40,1,-77,34.0029259,-117.3530807,240.70,1.50,WIFI
20:9A:7D:16:EA:E6,SpectrumSetup-E0,[WPA2_PSK],2025-3-28 15:30:40,1,-82,34.0029259,-117.3530807,240.70,1.50,WIFI
A8:9A:93:C8:73:8E,MySpectrumWiFi88-2G,[WPA2_PSK],2025-3-28 15:30:40,1,-83,34.0029259,-117.3530807,240.70,1.50,WIFI
74:37:5F:9D:DA:3B,SpectrumSetup-39,[WPA2_PSK],2025-3-28 15:30:40,1,-83,34.0029259,-117.3530807,240.70,1.50,WIFI
34:53:D2:C5:F1:36,SpectrumSetup-30,[WPA2_PSK],2025-3-28 15:30:47,6,-87,34.0023880,-117.3534393,240.60,1.50,WIFI
C8:7F:54:B5:B7:98,Mini2,[WPA2_PSK],2025-3-28 15:30:48,7,-92,34.0023537,-117.3534698,240.40,1.50,WIFI
7E:D2:94:4B:70:AE,E-Orbi,[WPA2_PSK],2025-3-28 15:30:50,9,-88,34.0022964,-117.3535004,240.30,1.50,WIFI
58:96:71:62:C0:08,ATT2N88GMP,[WPA2_PSK],2025-3-28 15:30:51,10,-87,34.0022888,-117.3535156,240.40,1.50,WIFI
10:C4:CA:DD:12:34,ATTcDzr8PN,[WPA2_PSK],2025-3-28 15:30:52,11,-85,34.0022888,-117.3535156,240.40,1.50,WIFI
14:7D:05:31:3E:27,SpectrumSetup-25,[WPA2_PSK],2025-3-28 15:30:52,11,-87,34.0022888,-117.3535156,240.40,1.50,WIFI
80:69:1A:37:BD:CA,Morris 2.4,[WPA2_PSK],2025-3-28 15:30:52,11,-92,34.0022888,-117.3535156,240.40,1.50,WIFI
90:CA:FA:86:8D:86,Spectrum1222,[WPA2_PSK],2025-3-28 15:30:54,1,-77,34.0022888,-117.3535156,240.30,1.50,WIFI
0C:7B:C8:A8:69:3C,Sunbelt,[WPA2_PSK],2025-3-28 15:30:54,1,-80,34.0022888,-117.3535156,240.30,1.50,WIFI
1A:7B:C8:A8:69:3C,SBR_Guest,[WPA2_PSK],2025-3-28 15:30:54,1,-80,34.0022888,-117.3535156,240.30,1.50,WIFI
06:7B:C8:A8:69:3C,,[WPA2],2025-3-28 15:30:54,1,-80,34.0022888,-117.3535156,240.30,1.50,WIFI
2E:7B:C8:A8:69:3C,,[WPA2],2025-3-28 15:30:54,1,-80,34.0022888,-117.3535156,240.30,1.50,WIFI
2A:7B:C8:A8:69:3C,,[WPA2],2025-3-28 15:30:54,1,-80,34.0022888,-117.3535156,240.30,1.50,WIFI
58:2F:F7:6E:14:EE,SpectrumSetup-E8,[WPA2_PSK],2025-3-28 15:30:54,1,-87,34.0022888,-117.3535156,240.30,1.50,WIFI
38:94:ED:B3:FC:6C,068bdc6697bf4b05a1c070054b6750e1,[WPA2_PSK],2025-3-28 15:30:54,1,-87,34.0022888,-117.3535156,240.30,1.50,WIFI
8E:49:62:C8:E2:47,,[WPA2_PSK],2025-3-28 15:30:54,1,-91,34.0022888,-117.3535156,240.30,1.50,WIFI
68:FF:7B:E6:E8:4C,TP-Link_AP_E84C,[WPA2_PSK],2025-3-28 15:30:58,3,-92,34.0022888,-117.3535233,240.30,1.50,WIFI
48:D2:4F:F9:0A:1E,SpectrumSetup-18,[WPA2_PSK],2025-3-28 15:31:6,11,-90,34.0022888,-117.3535233,240.20,1.50,WIFI
24:E5:0F:3D:A9:29,Spectrum1222,[WPA2_PSK],2025-3-28 15:31:6,11,-90,34.0022888,-117.3535233,240.20,1.50,WIFI
4C:19:5D:B4:BE:DA,SpectrumSetup-D4,[WPA2_PSK],2025-3-28 15:31:6,11,-92,34.0022888,-117.3535233,240.20,1.50,WIFI
F0:7B:65:0C:33:6D,SpectrumSetup-3367,[WPA2_PSK],2025-3-28 15:31:9,1,-90,34.0022888,-117.3535233,240.20,1.50,WIFI
44:D4:53:88:13:A6,SpectrumSetup-A0,[WPA2_PSK],2025-3-28 15:31:9,1,-93,34.0022888,-117.3535233,240.20,1.50,WIFI
80:CC:9C:20:5B:29,,[WPA2_PSK],2025-3-28 15:31:13,4,-92,34.0022469,-117.3535461,240.00,1.50,WIFI
80:CC:9C:1F:C8:71,FBI Van 1,[WPA2_PSK],2025-3-28 15:31:13,4,-93,34.0022469,-117.3535461,240.00,1.50,WIFI
F4:52:46:D9:3D:72,Coco,[WPA2_PSK],2025-3-28 15:31:15,6,-92,34.0021591,-117.3535995,239.70,1.50,WIFI
2C:67:BE:11:B4:A2,SpectrumSetup-B49E,[WPA2_PSK],2025-3-28 15:31:20,11,-85,34.0018883,-117.3534393,240.30,1.50,WIFI
DA:31:34:1F:38:7F,,[WPA2_PSK],2025-3-28 15:31:20,11,-87,34.0018883,-117.3534393,240.30,1.50,WIFI
94:A6:7E:1B:12:77,NETGEAR34,[WPA2_PSK],2025-3-28 15:31:20,11,-92,34.0018883,-117.3534393,240.30,1.50,WIFI
4C:AB:F8:05:21:56,SpectrumSetup-58,[WPA2_PSK],2025-3-28 15:31:23,1,-72,34.0017471,-117.3531265,241.90,1.50,WIFI
74:93:DA:DA:76:E9,Raddatadda,[WPA2_PSK],2025-3-28 15:31:23,1,-78,34.0017471,-117.3531265,241.90,1.50,WIFI
5C:62:8B:44:04:2E,Office24,[WPA2_PSK],2025-3-28 15:31:26,3,-78,34.0015602,-117.3527222,244.50,1.50,WIFI
18:A5:6C:04:23:8A,Home,[WPA2_WPA3_PSK],2025-3-28 15:31:28,5,-85,34.0014381,-117.3524017,246.10,1.50,WIFI
18:A5:FF:03:23:8A,TMOBILE-2388,[WPA2_WPA3_PSK],2025-3-28 15:31:28,5,-89,34.0014381,-117.3524017,246.10,1.50,WIFI
A4:97:33:AE:C0:94,SpectrumSetup-96,[WPA2_PSK],2025-3-28 15:31:29,6,-74,34.0013847,-117.3522415,246.70,1.50,WIFI
FC:DB:21:32:CC:37,LSF Fleet,[WPA2_PSK],2025-3-28 15:31:29,6,-77,34.0013847,-117.3522415,246.70,1.50,WIFI
18:A5:FF:30:FF:6E,TMOBILE-FF6C,[WPA2_WPA3_PSK],2025-3-28 15:31:29,6,-89,34.0013847,-117.3522415,246.70,1.50,WIFI
AC:DF:9F:65:E4:30,TMOBILE-E42E,[WPA2_WPA3_PSK],2025-3-28 15:31:32,9,-70,34.0012627,-117.3517685,246.80,1.50,WIFI
18:A5:FF:7A:2D:D2,TMOBILE-2DD0,[WPA2_WPA3_PSK],2025-3-28 15:31:33,10,-92,34.0012398,-117.3516159,246.20,1.50,WIFI
58:2F:F7:6F:ED:E6,SpectrumSetup-E0,[WPA2_PSK],2025-3-28 15:31:34,11,-90,34.0012245,-117.3514786,245.50,1.50,WIFI
78:61:7C:6D:A0:5A,WiFi Hotspot 1564,[WPA2_PSK],2025-3-28 15:31:37,1,-72,34.0012093,-117.3511124,243.20,1.50,WIFI
44:A5:6E:9E:C6:AA,SpectrumSetup-86,[WPA2_PSK],2025-3-28 15:31:37,1,-77,34.0012093,-117.3511124,243.20,1.50,WIFI
A0:7F:8A:2A:4B:E8,SpectrumSetup-4BE2,[WPA2_PSK],2025-3-28 15:31:37,1,-80,34.0012093,-117.3511124,243.20,1.50,WIFI
48:5D:36:42:38:5A,FiOS-7LXMP,[WPA2_PSK],2025-3-28 15:31:37,1,-83,34.0012093,-117.3511124,243.20,1.50,WIFI
74:93:DA:A3:9F:BD,SpectrumSetup-BF,[WPA2_PSK],2025-3-28 15:31:37,1,-87,34.0012093,-117.3511124,243.20,1.50,WIFI
B0:FC:88:13:69:43,SpectrumSetup-A3,[WPA2_PSK],2025-3-28 15:31:37,1,-90,34.0012093,-117.3511124,243.20,1.50,WIFI
AC:91:9B:12:C2:B0,ATT6lnHlr6,[WPA2_PSK],2025-3-28 15:31:43,6,-79,34.0012016,-117.3508148,241.80,1.50,WIFI
1E:24:72:21:84:00,Rodriguez,[WPA2_PSK],2025-3-28 15:31:43,6,-80,34.0012016,-117.3508148,241.80,1.50,WIFI
1C:B0:44:3C:D9:24,Rita State Farm -2G,[WPA2_PSK],2025-3-28 15:31:43,6,-83,34.0012016,-117.3508148,241.80,1.50,WIFI
02:67:BE:01:D3:71,,[WPA2_PSK],2025-3-28 15:31:43,6,-88,34.0012016,-117.3508148,241.80,1.50,WIFI
2C:67:BE:01:D3:70,Rodriguez,[WPA2_PSK],2025-3-28 15:31:43,6,-90,34.0012016,-117.3508148,241.80,1.50,WIFI
32:B4:B8:27:C4:8C,My VW 5013,[WPA2_PSK],2025-3-28 15:31:43,6,-91,34.0012016,-117.3508148,241.80,1.50,WIFI
DC:A6:33:CE:90:80,ATTMFRBB5S,[WPA2_PSK],2025-3-28 15:31:45,8,-88,34.0012016,-117.3508148,241.90,1.50,WIFI
16:0C:6B:1F:2A:0E,MySpectrumWiFiCC-2G,[WPA2_PSK],2025-3-28 15:31:46,9,-94,34.0012016,-117.3508072,241.90,1.50,WIFI
74:93:DA:44:AC:45,Hency,[WPA2_PSK],2025-3-28 15:31:48,11,-73,34.0012016,-117.3507614,241.90,1.50,WIFI
3C:31:78:71:11:03,IQ_WiFi_711100,[WPA2_PSK],2025-3-28 15:31:48,11,-86,34.0012016,-117.3507614,241.90,1.50,WIFI
4A:31:78:71:11:03,Guest_711100,[WPA2_PSK],2025-3-28 15:31:48,11,-86,34.0012016,-117.3507614,241.90,1.50,WIFI
4C:19:5D:96:6F:45,SpectrumSetup-3F,[WPA2_PSK],2025-3-28 15:31:48,11,-89,34.0012016,-117.3507614,241.90,1.50,WIFI
AC:8F:A9:5B:5A:74,ATT187,[WPA2_PSK],2025-3-28 15:31:49,1,-71,34.0011978,-117.3506927,241.80,1.50,WIFI
74:37:5F:F8:7A:75,SpectrumSetup-73,[WPA2_PSK],2025-3-28 15:31:49,1,-81,34.0011978,-117.3506927,241.80,1.50,WIFI
E8:4E:06:87:27:DA,PWM35607,[WPA2_PSK],2025-3-28 15:31:49,1,-88,34.0011978,-117.3506927,241.80,1.50,WIFI
7A:38:86:11:2A:2A,kitt,[WPA_WPA2_PSK],2025-3-28 15:31:53,2,-83,34.0011787,-117.3502426,241.40,1.50,WIFI
74:37:5F:A7:FD:43,SpectrumSetup-41,[WPA2_PSK],2025-3-28 15:31:57,6,-69,34.0011635,-117.3495865,241.50,1.50,WIFI
28:38:5C:03:A2:E2,HotspotUVQg,[WPA_WPA2_PSK],2025-3-28 15:31:57,6,-86,34.0011635,-117.3495865,241.50,1.50,WIFI
B2:00:73:70:1D:EE,zeke deke,[WPA2_PSK],2025-3-28 15:31:57,6,-86,34.0011635,-117.3495865,241.50,1.50,WIFI
00:0A:99:8A:15:E6,222224,[WPA_PSK],2025-3-28 15:31:57,6,-91,34.0011635,-117.3495865,241.50,1.50,WIFI
22:AD:56:36:C6:6C,HotspotC66C,[WPA_WPA2_PSK],2025-3-28 15:31:57,6,-92,34.0011635,-117.3495865,241.50,1.50,WIFI
02:1D:43:A0:A3:78,SpectrumSetup-DC6A-ext,[WPA2_PSK],2025-3-28 15:31:57,6,-93,34.0011635,-117.3495865,241.50,1.50,WIFI
16:0C:6B:1B:3D:C1,,[WPA2_PSK],2025-3-28 15:32:0,9,-86,34.0011520,-117.3491440,243.40,1.50,WIFI
B6:C0:3F:2F:30:34,CA18,[WPA2_PSK],2025-3-28 15:32:3,1,-82,34.0010147,-117.3488312,246.10,1.50,WIFI
AC:71:2E:F3:49:80,MiMotion-Guest,[WPA2_PSK],2025-3-28 15:32:3,1,-84,34.0010147,-117.3488312,246.10,1.50,WIFI
B6:C0:3F:6F:30:34,,[WPA2_PSK],2025-3-28 15:32:3,1,-84,34.0010147,-117.3488312,246.10,1.50,WIFI
B6:C0:3F:4F:30:34,,[WPA2_PSK],2025-3-28 15:32:3,1,-86,34.0010147,-117.3488312,246.10,1.50,WIFI
E6:38:83:30:B1:23,,[WPA2_PSK],2025-3-28 15:32:3,1,-87,34.0010147,-117.3488312,246.10,1.50,WIFI
E4:38:83:20:B1:23,BF,[WPA2_PSK],2025-3-28 15:32:3,1,-89,34.0010147,-117.3488312,246.10,1.50,WIFI
E6:38:83:10:B1:23,BF2,[WPA2_PSK],2025-3-28 15:32:3,1,-90,34.0010147,-117.3488312,246.10,1.50,WIFI
E6:38:83:20:B1:23,BF-BI,[WPA2_PSK],2025-3-28 15:32:3,1,-91,34.0010147,-117.3488312,246.10,1.50,WIFI
FC:DB:21:5D:E9:84,reeve truck,[WPA2_PSK],2025-3-28 15:32:11,6,-75,34.0000572,-117.3487015,247.70,1.50,WIFI
9E:05:D6:1B:F3:0D,BF2,[WPA2_PSK],2025-3-28 15:32:11,6,-82,34.0000572,-117.3487015,247.70,1.50,WIFI
B8:66:85:D0:53:CE,MCA_PM-2G,[WPA2_PSK],2025-3-28 15:32:16,11,-85,33.9992523,-117.3485794,247.80,1.50,WIFI
38:A0:67:F6:18:34,ATT28pR6kH,[WPA2_PSK],2025-3-28 15:32:16,11,-85,33.9992523,-117.3485794,247.80,1.50,WIFI
94:91:7F:23:43:CB,MySpectrumWiFiCD-2G,[WPA2_PSK],2025-3-28 15:32:16,11,-90,33.9992523,-117.3485794,247.80,1.50,WIFI
9E:05:D6:3C:EF:99,,[WPA2_PSK],2025-3-28 15:32:16,11,-91,33.9992523,-117.3485794,247.80,1.50,WIFI
24:41:FE:63:1A:06,Verizon_6Z9G7M,[WPA2_PSK],2025-3-28 15:32:18,1,-86,33.9989395,-117.3485260,247.90,1.50,WIFI
14:7D:05:95:D8:87,BaselineHvac,[WPA2_PSK],2025-3-28 15:32:18,1,-88,33.9989395,-117.3485260,247.90,1.50,WIFI
24:41:FE:63:0E:76,WiFiBoss,[WPA2_PSK],2025-3-28 15:32:18,1,-92,33.9989395,-117.3485260,247.90,1.50,WIFI
0C:EA:C9:89:F3:80,ATTNYYunKI,[WPA2_PSK],2025-3-28 15:32:21,2,-90,33.9984741,-117.3485260,249.10,1.50,WIFI
00:24:C4:3B:EE:B0,,[OPEN],2025-3-28 15:32:21,2,-94,33.9984741,-117.3485260,249.10,1.50,WIFI
62:27:F5:E8:4D:71,,[WPA2_PSK],2025-3-28 15:32:22,3,-84,33.9983292,-117.3485260,249.30,1.50,WIFI
00:80:92:5A:E5:F2,2091,[WPA_PSK],2025-3-28 15:32:22,3,-85,33.9983292,-117.3485260,249.30,1.50,WIFI
62:27:F5:E8:4D:70,NewEvol,[WPA2_PSK],2025-3-28 15:32:22,3,-85,33.9983292,-117.3485260,249.30,1.50,WIFI
78:29:ED:FF:06:41,Riverside Recovery-2G,[WPA2_PSK],2025-3-28 15:32:25,6,-75,33.9978714,-117.3485336,249.10,1.50,WIFI
4C:AB:F8:44:EC:C5,SpectrumSetup-C7,[WPA2_PSK],2025-3-28 15:32:25,6,-92,33.9978714,-117.3485336,249.10,1.50,WIFI
AC:DF:9F:17:A8:00,BHD1,[WPA2_WPA3_PSK],2025-3-28 15:32:28,9,-77,33.9974785,-117.3485413,249.00,1.50,WIFI
B4:FB:E4:44:EB:E5,ElitePestmgmt,[WPA2_PSK],2025-3-28 15:32:30,11,-80,33.9972000,-117.3485413,248.70,1.50,WIFI
7C:DB:98:E7:1A:97,MySpectrumWiFi99-2G,[WPA2_PSK],2025-3-28 15:32:30,11,-83,33.9972000,-117.3485413,248.70,1.50,WIFI
C0:A4:76:BE:32:A4,TENCO_AP,[WPA_WPA2_PSK],2025-3-28 15:32:30,11,-89,33.9972000,-117.3485413,248.70,1.50,WIFI
94:2A:6F:22:8F:72,MCA Realty,[WPA2_PSK],2025-3-28 15:32:30,11,-90,33.9972000,-117.3485413,248.70,1.50,WIFI
9E:15:44:AC:9D:F0,,[WPA_WPA2_PSK],2025-3-28 15:32:30,11,-94,33.9972000,-117.3485413,248.70,1.50,WIFI
C2:A4:76:5E:33:BC,,[WPA_WPA2_PSK],2025-3-28 15:32:33,1,-69,33.9967346,-117.3485489,248.30,1.50,WIFI
C0:A4:76:BE:33:BC,TENCO_AP,[WPA_WPA2_PSK],2025-3-28 15:32:33,1,-72,33.9967346,-117.3485489,248.30,1.50,WIFI
00:30:44:80:5D:61,RTA32315,[OPEN],2025-3-28 15:32:33,1,-75,33.9967346,-117.3485489,248.30,1.50,WIFI
84:EB:3E:D4:50:75,tld45074,[WPA2_PSK],2025-3-28 15:32:33,1,-83,33.9967346,-117.3485489,248.30,1.50,WIFI
A0:8C:FD:5F:EA:1E,DIRECT-53-HP OfficeJet Pro 8710,[WPA2_PSK],2025-3-28 15:32:33,1,-86,33.9967346,-117.3485489,248.30,1.50,WIFI
74:37:5F:DA:70:BB,RefugeFellowship,[WPA2_PSK],2025-3-28 15:32:33,1,-86,33.9967346,-117.3485489,248.30,1.50,WIFI
84:EB:3E:DB:84:19,tldb8418,[WPA2_PSK],2025-3-28 15:32:33,1,-89,33.9967346,-117.3485489,248.30,1.50,WIFI
A2:05:D6:F4:72:B2,Evermore Kids,[WPA2_WPA3_PSK],2025-3-28 15:32:33,1,-89,33.9967346,-117.3485489,248.30,1.50,WIFI
C0:74:AD:3C:15:15,SaddleBack,[WPA2_PSK],2025-3-28 15:32:33,1,-89,33.9967346,-117.3485489,248.30,1.50,WIFI
9C:05:D6:F4:72:B2,,[WPA2_PSK],2025-3-28 15:32:33,1,-90,33.9967346,-117.3485489,248.30,1.50,WIFI
C8:67:5E:85:39:54,MRI-Guest,[WPA3_PSK],2025-3-28 15:32:33,1,-93,33.9967346,-117.3485489,248.30,1.50,WIFI
C4:41:1E:4C:3E:E8,Recovery,[WPA2_PSK],2025-3-28 15:32:36,3,-85,33.9962502,-117.3485489,248.10,1.50,WIFI
C6:41:1E:5C:3E:E8,Recovery-guest,[OPEN],2025-3-28 15:32:36,3,-87,33.9962502,-117.3485489,248.10,1.50,WIFI
A4:11:62:77:30:B2,ARLO_VMB_4580529007,[WPA2_PSK],2025-3-28 15:32:37,4,-85,33.9960823,-117.3485489,248.10,1.50,WIFI
3C:37:86:AE:7B:F5,Schuler_Constructors,[WPA2_PSK],2025-3-28 15:32:37,4,-89,33.9960823,-117.3485489,248.10,1.50,WIFI
4C:AB:F8:58:FB:5D,RBA WIFI,[WPA2_PSK],2025-3-28 15:32:39,6,-77,33.9957466,-117.3485489,248.10,1.50,WIFI
08:33:ED:BE:C9:8D,SpectrumSetup-8F,[WPA2_PSK],2025-3-28 15:32:39,6,-81,33.9957466,-117.3485489,248.10,1.50,WIFI
F4:52:46:8C:AD:BD,SpectrumSetup-ADC0,[WPA2_PSK],2025-3-28 15:32:39,6,-83,33.9957466,-117.3485489,248.10,1.50,WIFI
FC:12:63:A1:E2:2D,SpectrumSetup-2F,[WPA2_PSK],2025-3-28 15:32:39,6,-85,33.9957466,-117.3485489,248.10,1.50,WIFI
16:CB:19:81:84:59,DIRECT-59-HP M28 LaserJet,[WPA2_PSK],2025-3-28 15:32:39,6,-86,33.9957466,-117.3485489,248.10,1.50,WIFI
70:42:D3:80:F0:B8,TENCO_AP,[WPA_WPA2_PSK],2025-3-28 15:32:39,6,-86,33.9957466,-117.3485489,248.10,1.50,WIFI
1C:3A:60:57:BA:63,Recover.Me-17BA60,[WPA2_PSK],2025-3-28 15:32:39,6,-88,33.9957466,-117.3485489,248.10,1.50,WIFI
BC:9A:8E:E8:5B:44,EQC,[WPA2_PSK],2025-3-28 15:32:39,6,-88,33.9957466,-117.3485489,248.10,1.50,WIFI
2C:EA:DC:94:F8:53,SpectrumSetup-55,[WPA2_PSK],2025-3-28 15:32:39,6,-95,33.9957466,-117.3485489,248.10,1.50,WIFI
B4:B0:24:63:12:92,This Rock Private,[WPA2_PSK],2025-3-28 15:32:39,7,-90,33.9957466,-117.3485489,248.10,1.50,WIFI
6E:5A:B0:A2:A5:18,,[WPA2_PSK],2025-3-28 15:32:39,7,-91,33.9957466,-117.3485489,248.10,1.50,WIFI
72:DF:F7:5D:F5:71,DTR RIV,[WPA_WPA2_PSK],2025-3-28 15:32:41,8,-79,33.9954147,-117.3485489,248.20,1.50,WIFI
AC:15:A2:B1:B8:44,,[WPA2_PSK],2025-3-28 15:32:41,8,-88,33.9954147,-117.3485489,248.20,1.50,WIFI
B2:15:A2:B1:B8:44,FIRE Pass Members,[WPA2_PSK],2025-3-28 15:32:41,8,-90,33.9954147,-117.3485489,248.20,1.50,WIFI
B2:15:A2:B1:B7:F9,FIRE Pass Members,[WPA2_PSK],2025-3-28 15:32:41,8,-91,33.9954147,-117.3485489,248.20,1.50,WIFI
4C:AB:F8:47:21:49,SpectrumSetup-4B,[WPA2_PSK],2025-3-28 15:32:44,11,-79,33.9949417,-117.3485413,248.80,1.50,WIFI
9A:15:44:AC:9D:F0,,[WPA_WPA2_PSK],2025-3-28 15:32:44,11,-79,33.9949417,-117.3485413,248.80,1.50,WIFI
B6:15:44:AC:9D:F0,,[WPA2_PSK],2025-3-28 15:32:44,11,-79,33.9949417,-117.3485413,248.80,1.50,WIFI
88:15:44:AC:9D:F0,Private,[WPA2],2025-3-28 15:32:44,11,-82,33.9949417,-117.3485413,248.80,1.50,WIFI
8E:15:44:AC:9D:F0,EmployeeNet,[WPA2],2025-3-28 15:32:44,11,-82,33.9949417,-117.3485413,248.80,1.50,WIFI
88:DE:7C:CD:B4:E9,SpectrumSetup-EB,[WPA2_PSK],2025-3-28 15:32:44,11,-83,33.9949417,-117.3485413,248.80,1.50,WIFI
0C:83:CC:CA:44:DD,tlca44dd,[WPA2_PSK],2025-3-28 15:32:44,11,-87,33.9949417,-117.3485413,248.80,1.50,WIFI
C2:A4:76:5E:32:A4,,[WPA_WPA2_PSK],2025-3-28 15:32:44,11,-88,33.9949417,-117.3485413,248.80,1.50,WIFI
F8:BB:BF:F4:33:E6,Shogren & Associates Eero,[WPA2_PSK],2025-3-28 15:32:44,11,-89,33.9949417,-117.3485413,248.80,1.50,WIFI
F8:BB:BF:F4:33:EF,CE Network,[WPA2_PSK],2025-3-28 15:32:44,11,-89,33.9949417,-117.3485413,248.80,1.50,WIFI
34:49:5B:D2:84:DE,NETGEAR17,[WPA2_PSK],2025-3-28 15:32:44,11,-91,33.9949417,-117.3485413,248.80,1.50,WIFI
8C:3B:AD:97:33:4C,ngHub_319483N1025E8,[WPA2_PSK],2025-3-28 15:32:44,11,-91,33.9949417,-117.3485413,248.80,1.50,WIFI
20:CC:27:8C:8A:60,CDTFA-CORP,[WPA2],2025-3-28 15:32:44,11,-92,33.9949417,-117.3485413,248.80,1.50,WIFI
20:CC:27:8C:8A:61,CDTFA-GUEST,[WPA2_PSK],2025-3-28 15:32:44,11,-93,33.9949417,-117.3485413,248.80,1.50,WIFI
F4:52:46:B2:6F:21,SpectrumSetup-6F24,[WPA2_PSK],2025-3-28 15:32:48,1,-78,33.9943924,-117.3484879,250.00,1.50,WIFI
94:91:7F:A4:5F:73,MySpectrumWiFi75-2G,[WPA2_PSK],2025-3-28 15:32:48,1,-78,33.9943924,-117.3484879,250.00,1.50,WIFI
00:0A:99:8C:3C:89,128,[WPA2_PSK],2025-3-28 15:32:48,1,-81,33.9943924,-117.3484879,250.00,1.50,WIFI
90:9A:4A:33:C8:B6,Partners_Riverside,[WPA_WPA2_PSK],2025-3-28 15:32:48,1,-82,33.9943924,-117.3484879,250.00,1.50,WIFI
1A:8D:DB:6E:AC:77,,[WPA_WPA2_PSK],2025-3-28 15:32:48,1,-88,33.9943924,-117.3484879,250.00,1.50,WIFI
08:33:ED:FC:9E:9B,Costen Ruiz Law,[WPA2_PSK],2025-3-28 15:32:48,1,-88,33.9943924,-117.3484879,250.00,1.50,WIFI
28:87:BA:C5:C6:3E,RivDC,[WPA2_PSK],2025-3-28 15:32:50,2,-72,33.9942245,-117.3484802,250.50,1.50,WIFI
2E:87:BA:C5:C6:3E,,[WPA2_PSK],2025-3-28 15:32:50,2,-73,33.9942245,-117.3484802,250.50,1.50,WIFI
8C:3B:AD:F3:83:4E,rrse,[WPA2_PSK],2025-3-28 15:32:50,2,-74,33.9942245,-117.3484802,250.50,1.50,WIFI
96:D8:1B:C4:E3:FE,ERMOffice2,[WPA2_PSK],2025-3-28 15:32:50,2,-75,33.9942245,-117.3484802,250.50,1.50,WIFI
8E:3B:AD:F3:83:4F,RRSE-Guest,[WPA2_PSK],2025-3-28 15:32:50,2,-76,33.9942245,-117.3484802,250.50,1.50,WIFI
AA:A7:95:D0:57:5B,DIRECT-5b-HP M402 LaserJet,[WPA2_PSK],2025-3-28 15:32:50,2,-90,33.9942245,-117.3484802,250.50,1.50,WIFI
28:74:F5:C2:9D:B4,ATTVAIA9kE,[WPA2_PSK],2025-3-28 15:32:54,6,-77,33.9940491,-117.3484344,250.30,1.50,WIFI
DA:9C:67:5F:8F:C3,DIRECT-c3-HP M477 LaserJet,[WPA2_PSK],2025-3-28 15:32:54,6,-81,33.9940491,-117.3484344,250.30,1.50,WIFI
86:2A:A8:D4:B9:EA,Orange Door ,[WPA2_WPA3_PSK],2025-3-28 15:32:54,6,-83,33.9940491,-117.3484344,250.30,1.50,WIFI
52:1C:99:E5:D5:8A,iPhone-DX3H5NP9PLJM,[WPA2_PSK],2025-3-28 15:32:54,6,-83,33.9940491,-117.3484344,250.30,1.50,WIFI
8A:2A:A8:D4:B9:EA,OD Test,[WPA2_PSK],2025-3-28 15:32:54,6,-84,33.9940491,-117.3484344,250.30,1.50,WIFI
8A:15:04:CB:63:41,TrueBlue Standard,[WPA2],2025-3-28 15:32:54,6,-86,33.9940491,-117.3484344,250.30,1.50,WIFI
8A:15:04:CB:63:43,TrueBlue Guest,[WPA_WPA2_PSK],2025-3-28 15:32:54,6,-86,33.9940491,-117.3484344,250.30,1.50,WIFI
DA:80:83:E4:13:58,DIRECT-58-HP 2504 LaserJet Tank,[WPA2_PSK],2025-3-28 15:32:54,6,-91,33.9940491,-117.3484344,250.30,1.50,WIFI
90:9A:4A:A1:A4:6A,TP-LINK_Power Strip_A46A,[OPEN],2025-3-28 15:32:54,6,-93,33.9940491,-117.3484344,250.30,1.50,WIFI
20:F3:75:1C:72:60,ATTs3FTsea,[WPA2_PSK],2025-3-28 15:32:57,9,-85,33.9939728,-117.3482895,250.20,1.50,WIFI
22:F3:75:1C:72:61,socaltintshop_Guest,[WPA2_PSK],2025-3-28 15:32:57,9,-87,33.9939728,-117.3482895,250.20,1.50,WIFI
40:5D:82:09:E8:A0,ngHub_31945BNA08EB4,[WPA2_PSK],2025-3-28 15:32:59,11,-82,33.9939728,-117.3482056,250.20,1.50,WIFI
98:1E:19:51:85:CE,MySpectrumWiFic8-2G,[WPA2_PSK],2025-3-28 15:32:59,11,-84,33.9939728,-117.3482056,250.20,1.50,WIFI
40:5D:82:05:28:5C,ngHub_319459N703657,[WPA2_PSK],2025-3-28 15:32:59,11,-89,33.9939728,-117.3482056,250.20,1.50,WIFI
28:87:BA:C5:CF:F2,RivDC,[WPA2_PSK],2025-3-28 15:33:4,2,-66,33.9939842,-117.3479996,250.40,1.50,WIFI
28:87:BA:C5:CE:FA,RivDC,[WPA2_PSK],2025-3-28 15:33:4,2,-68,33.9939842,-117.3479996,250.40,1.50,WIFI
84:D8:1B:C4:E3:FE,,[WPA2_PSK],2025-3-28 15:33:4,2,-87,33.9939842,-117.3479996,250.40,1.50,WIFI
16:D8:1B:C4:E3:FE,,[WPA2_PSK],2025-3-28 15:33:4,2,-91,33.9939842,-117.3479996,250.40,1.50,WIFI
5C:E9:31:0A:0B:67,TP-Link_0B68,[WPA2_PSK],2025-3-28 15:33:6,4,-89,33.9939537,-117.3479462,250.70,1.50,WIFI
CA:E9:31:0A:0B:69,,[WPA2_PSK],2025-3-28 15:33:6,4,-91,33.9939537,-117.3479462,250.70,1.50,WIFI
50:EB:F6:10:11:A8,LW Engineer Network,[OPEN],2025-3-28 15:33:7,5,-80,33.9939270,-117.3479385,250.70,1.50,WIFI
DA:80:83:E6:11:1C,DIRECT-1c-HP 2604 LaserJet Tank,[WPA2_PSK],2025-3-28 15:33:8,6,-88,33.9939079,-117.3479385,250.60,1.50,WIFI
FA:D0:27:3F:A7:11,DIRECT-273F2711,[WPA2_PSK],2025-3-28 15:33:13,11,-81,33.9939041,-117.3479385,250.30,1.50,WIFI
E8:9F:80:9C:83:9F,MySpectrumWiFic8-2G_Ext,[WPA2_PSK],2025-3-28 15:33:13,11,-82,33.9939041,-117.3479385,250.30,1.50,WIFI
B8:66:85:4F:42:5E,Sovereignty,[WPA2_PSK],2025-3-28 15:33:13,11,-85,33.9939041,-117.3479385,250.30,1.50,WIFI
28:74:F5:88:89:84,ATTU6jwK9E,[WPA2_PSK],2025-3-28 15:33:13,11,-91,33.9939041,-117.3479385,250.30,1.50,WIFI
94:91:7F:9D:DF:F5,MySpectrumWiFif7-2G,[WPA2_PSK],2025-3-28 15:33:16,1,-73,33.9939041,-117.3479385,250.00,1.50,WIFI
8C:85:80:A8:79:92,,[WPA_WPA2_PSK],2025-3-28 15:33:16,1,-87,33.9939041,-117.3479385,250.00,1.50,WIFI
82:45:58:3A:16:F4,,[WPA2_PSK],2025-3-28 15:33:16,1,-90,33.9939041,-117.3479385,250.00,1.50,WIFI
AC:B6:87:A9:DE:65,Verizon_6QNBT4,[WPA2_PSK],2025-3-28 15:33:22,6,-88,33.9939079,-117.3479385,249.60,1.50,WIFI
