WigleWifi-1.4,appRelease=v1.2.0,model=ESP32 Marauder,release=v1.2.0,device=ESP32 Marauder,display=SPI TFT,board=ESP32 Marauder,brand=JustCallMeKoko
MAC,SSID,AuthMode,FirstSeen,Channel,RSSI,CurrentLatitude,CurrentLongitude,AltitudeMeters,AccuracyMeters,Type
1E:67:BE:09:97:E8,,[WPA2_PSK],2025-3-27 22:37:14,1,-79,34.0443611,-117.2011337,367.50,2.25,WIFI
1E:67:BE:09:97:E9,,[WPA2_PSK],2025-3-27 22:37:14,1,-80,34.0443611,-117.2011337,367.50,2.25,WIFI
2C:67:BE:09:97:EF,SpectrumSetup-97EB,[WPA2_PSK],2025-3-27 22:37:14,1,-81,34.0443611,-117.2011337,367.50,2.25,WIFI
90:CA:FA:9B:5C:CF,The Force,[WPA2_PSK],2025-3-27 22:37:14,1,-81,34.0443611,-117.2011337,367.50,2.25,WIFI
8A:0C:7A:D4:2C:F8,,[WPA2_PSK],2025-3-27 22:37:14,1,-83,34.0443611,-117.2011337,367.50,2.25,WIFI
AA:0C:7A:D4:2C:F8,,[WPA2_PSK],2025-3-27 22:37:14,1,-83,34.0443611,-117.2011337,367.50,2.25,WIFI
F4:52:46:1D:8C:B9,SpectrumSetup-BB,[WPA2_PSK],2025-3-27 22:37:14,1,-83,34.0443611,-117.2011337,367.50,2.25,WIFI
8A:0C:7A:D4:3E:98,,[WPA2_PSK],2025-3-27 22:37:14,1,-84,34.0443611,-117.2011337,367.50,2.25,WIFI
AA:0C:7A:D4:3E:98,,[WPA2_PSK],2025-3-27 22:37:14,1,-84,34.0443611,-117.2011337,367.50,2.25,WIFI
9A:0C:7A:D4:3E:98,SpectrumSetup-97EB,[WPA2_PSK],2025-3-27 22:37:14,1,-84,34.0443611,-117.2011337,367.50,2.25,WIFI
04:B6:BE:86:B3:34,,[WPA_WPA2_PSK],2025-3-27 22:37:14,1,-92,34.0443611,-117.2011337,367.50,2.25,WIFI
FC:34:97:05:D4:D0,Belle-2G,[WPA2_PSK],2025-3-27 22:37:15,2,-79,34.0443611,-117.2011337,367.50,2.00,WIFI
FC:34:97:05:D4:D1,BeOurGuest,[WPA2_WPA3_PSK],2025-3-27 22:37:15,2,-79,34.0443611,-117.2011337,367.50,2.00,WIFI
00:22:6C:A7:D6:9C,,[OPEN],2025-3-27 22:37:15,2,-94,34.0443611,-117.2011337,367.50,2.00,WIFI
10:DA:43:99:AA:F6,NETGEAR29,[WPA2_PSK],2025-3-27 22:37:16,3,-81,34.0443611,-117.2011337,367.50,2.00,WIFI
54:04:63:FB:12:D8,,[WPA_WPA2_PSK],2025-3-27 22:37:16,3,-87,34.0443611,-117.2011337,367.50,2.00,WIFI
60:32:B1:31:F2:2A,DECO,[WPA2_PSK],2025-3-27 22:37:16,3,-88,34.0443611,-117.2011337,367.50,2.00,WIFI
66:32:B1:31:E8:12,,[WPA2_PSK],2025-3-27 22:37:16,3,-89,34.0443611,-117.2011337,367.50,2.00,WIFI
56:13:79:C7:1D:8E,DIRECT-8e-HP M281 LaserJet,[WPA2_PSK],2025-3-27 22:37:19,6,-67,34.0443611,-117.2011337,367.30,2.00,WIFI
90:CA:FA:9B:5D:1A,The Force,[WPA2_PSK],2025-3-27 22:37:19,6,-67,34.0443611,-117.2011337,367.30,2.00,WIFI
90:CA:FA:9B:59:3C,The Force,[WPA2_PSK],2025-3-27 22:37:19,6,-71,34.0443611,-117.2011337,367.30,2.00,WIFI
D4:3F:32:6C:47:C9,,[OPEN],2025-3-27 22:37:19,6,-76,34.0443611,-117.2011337,367.30,2.00,WIFI
D4:3F:32:6C:47:C3,,[WPA3_PSK],2025-3-27 22:37:19,6,-77,34.0443611,-117.2011337,367.30,2.00,WIFI
D4:3F:32:6C:47:C6,durian,[WPA2_PSK],2025-3-27 22:37:19,6,-77,34.0443611,-117.2011337,367.30,2.00,WIFI
A4:11:62:72:9A:12,ARLO_VMB_4422026869,[WPA2_PSK],2025-3-27 22:37:19,6,-79,34.0443611,-117.2011337,367.30,2.00,WIFI
58:2F:F7:75:40:C6,SpectrumSetup-C0,[WPA2_PSK],2025-3-27 22:37:19,6,-89,34.0443611,-117.2011337,367.30,2.00,WIFI
DA:31:34:D9:15:A6,,[WPA2_PSK],2025-3-27 22:37:19,6,-90,34.0443611,-117.2011337,367.30,2.00,WIFI
80:78:71:80:F3:1F,SpectrumSetup-21,[WPA2_PSK],2025-3-27 22:37:19,6,-90,34.0443611,-117.2011337,367.30,2.00,WIFI
98:ED:5C:83:A7:13,TeslaPV_83A713,[WPA2_PSK],2025-3-27 22:37:21,8,-58,34.0443611,-117.2011337,367.40,2.00,WIFI
80:69:1A:94:41:B4,Leason2.0,[WPA2_WPA3_PSK],2025-3-27 22:37:22,9,-85,34.0443573,-117.2011414,367.50,2.00,WIFI
5E:62:8B:2E:D2:82,TheKrellMainframe,[WPA2_PSK],2025-3-27 22:37:22,9,-93,34.0443573,-117.2011414,367.50,2.00,WIFI
00:13:37:AA:3A:34,Redlands Free WiFi,[OPEN],2025-3-27 22:37:24,11,-60,34.0443535,-117.2011566,367.30,2.00,WIFI
02:13:37:AA:3A:34,manage,[WPA2_PSK],2025-3-27 22:37:24,11,-61,34.0443535,-117.2011566,367.30,2.00,WIFI
D4:05:DE:89:EE:67,Honn,[WPA2_PSK],2025-3-27 22:37:24,11,-71,34.0443535,-117.2011566,367.30,2.00,WIFI
D4:05:DE:89:EE:64,,[WPA3_PSK],2025-3-27 22:37:24,11,-74,34.0443535,-117.2011566,367.30,2.00,WIFI
D4:05:DE:89:EE:6A,,[OPEN],2025-3-27 22:37:24,11,-74,34.0443535,-117.2011566,367.30,2.00,WIFI
00:17:1A:D5:37:06,Winegard2ghzD53705,[WPA2_PSK],2025-3-27 22:37:24,11,-84,34.0443535,-117.2011566,367.30,2.00,WIFI
F8:5B:3B:CE:64:39,MandC,[WPA2_PSK],2025-3-27 22:37:24,11,-85,34.0443535,-117.2011566,367.30,2.00,WIFI
9C:0B:05:C3:67:C4,,[WPA3_PSK],2025-3-27 22:37:24,11,-86,34.0443535,-117.2011566,367.30,2.00,WIFI
22:3E:A4:9C:D0:7F,,[WPA2_PSK],2025-3-27 22:37:24,11,-91,34.0443535,-117.2011566,367.30,2.00,WIFI
22:48:6C:B1:A8:3B,,[WPA2_PSK],2025-3-27 22:37:33,6,-75,34.0443268,-117.2012558,367.50,2.00,WIFI
60:F4:19:01:28:A3,,[WPA3_PSK],2025-3-27 22:37:33,6,-76,34.0443268,-117.2012558,367.50,2.00,WIFI
60:F4:19:01:28:A9,,[OPEN],2025-3-27 22:37:33,6,-76,34.0443268,-117.2012558,367.50,2.00,WIFI
60:F4:19:01:28:A6,WZWMK,[WPA2_PSK],2025-3-27 22:37:33,6,-77,34.0443268,-117.2012558,367.50,2.00,WIFI
7E:AC:B9:BD:CB:D1,iPhoneSetup,[WPA2_PSK],2025-3-27 22:37:33,6,-86,34.0443268,-117.2012558,367.50,2.00,WIFI
7A:AC:B9:BD:CB:D1,BT_Magnolia_guest,[WPA2_PSK],2025-3-27 22:37:33,6,-87,34.0443268,-117.2012558,367.50,2.00,WIFI
74:AC:B9:BD:CB:D1,BT_Magnolia,[WPA2_PSK],2025-3-27 22:37:33,6,-90,34.0443268,-117.2012558,367.50,2.00,WIFI
CC:40:D0:A2:8E:62,NETGEAR91,[WPA2_PSK],2025-3-27 22:37:41,1,-72,34.0445442,-117.2014389,366.50,2.00,WIFI
82:AC:B9:BD:D4:B8,,[WPA2_PSK],2025-3-27 22:37:41,1,-72,34.0445442,-117.2014389,366.50,2.00,WIFI
74:AC:B9:BD:D4:B8,BT_Magnolia,[WPA2_PSK],2025-3-27 22:37:41,1,-76,34.0445442,-117.2014389,366.50,2.00,WIFI
7A:AC:B9:BD:D4:B8,BT_Magnolia_guest,[WPA2_PSK],2025-3-27 22:37:41,1,-76,34.0445442,-117.2014389,366.50,2.00,WIFI
7E:AC:B9:BD:D4:B8,iPhoneSetup,[WPA2_PSK],2025-3-27 22:37:41,1,-76,34.0445442,-117.2014389,366.50,2.00,WIFI
A0:04:60:CE:27:AC,NETGEAR49,[WPA2_PSK],2025-3-27 22:37:41,1,-82,34.0445442,-117.2014389,366.50,2.00,WIFI
30:23:03:F9:F5:A7,Linksys07099,[WPA2_PSK],2025-3-27 22:37:41,1,-85,34.0445442,-117.2014389,366.50,2.00,WIFI
A0:89:66:8D:EC:20,,[WPA_WPA2_PSK],2025-3-27 22:37:43,2,-84,34.0446625,-117.2015457,366.20,2.00,WIFI
60:32:B1:31:E3:3E,DECO,[WPA2_PSK],2025-3-27 22:37:44,3,-90,34.0447273,-117.2015915,366.10,2.00,WIFI
88:57:1D:51:C7:14,[range]_E30AJT7113083P,[WPA2_PSK],2025-3-27 22:37:45,4,-89,34.0447922,-117.2016449,365.90,2.00,WIFI
82:AC:B9:BD:CB:D1,,[WPA2_PSK],2025-3-27 22:37:47,6,-70,34.0448914,-117.2017288,365.40,2.00,WIFI
44:EA:D8:1E:24:B8,ChimePro-1E24B7,[OPEN],2025-3-27 22:37:47,6,-84,34.0448914,-117.2017288,365.40,2.00,WIFI
84:1E:A3:C8:F9:D6,SpectrumSetup-D0,[WPA2_PSK],2025-3-27 22:37:47,6,-93,34.0448914,-117.2017288,365.40,2.00,WIFI
9C:0B:05:C3:67:C7,GeorgeYaz,[WPA2_PSK],2025-3-27 22:37:52,11,-76,34.0450706,-117.2016754,365.70,2.00,WIFI
9C:0B:05:C3:67:CA,,[OPEN],2025-3-27 22:37:52,11,-76,34.0450706,-117.2016754,365.70,2.00,WIFI
58:2F:F7:68:A1:56,SpectrumSetup-50,[WPA2_PSK],2025-3-27 22:37:52,11,-80,34.0450706,-117.2016754,365.70,2.00,WIFI
22:3E:A4:04:CF:C2,,[WPA2_PSK],2025-3-27 22:37:52,11,-85,34.0450706,-117.2016754,365.70,2.00,WIFI
66:CB:E9:7C:99:EC,[LG_Oven]99ec,[WPA2_PSK],2025-3-27 22:37:52,11,-88,34.0450706,-117.2016754,365.70,2.00,WIFI
C4:8E:8F:E4:98:76,WIFIE49872,[WPA2_PSK],2025-3-27 22:37:52,11,-88,34.0450706,-117.2016754,365.70,2.00,WIFI
20:9A:7D:1B:2B:B6,SpectrumSetup-B8,[WPA2_PSK],2025-3-27 22:37:55,1,-92,34.0452080,-117.2014465,365.60,2.00,WIFI
C0:C9:E3:8D:C5:86,Hanfamily 2.0,[WPA2_PSK],2025-3-27 22:37:58,3,-89,34.0453262,-117.2012253,365.90,2.00,WIFI
80:69:1A:94:41:18,Leason2.0,[WPA2_WPA3_PSK],2025-3-27 22:37:59,4,-90,34.0453529,-117.2011795,366.20,2.00,WIFI
86:69:1A:94:41:18,,[WPA2_WPA3_PSK],2025-3-27 22:37:59,4,-90,34.0453529,-117.2011795,366.20,2.00,WIFI
30:23:03:24:E9:BE,Cruzing,[WPA_WPA2_PSK],2025-3-27 22:37:59,4,-94,34.0453529,-117.2011795,366.20,2.00,WIFI
9C:A5:70:9B:A0:03,,[WPA3_PSK],2025-3-27 22:38:1,6,-75,34.0453682,-117.2011337,366.50,2.00,WIFI
9C:A5:70:9B:A0:07,,[OPEN],2025-3-27 22:38:1,6,-75,34.0453682,-117.2011337,366.50,2.00,WIFI
F8:E4:FB:03:39:7E,2BPB2,[WPA2_PSK],2025-3-27 22:38:1,6,-79,34.0453682,-117.2011337,366.50,2.00,WIFI
9C:A5:70:9B:A0:05,Normanrose,[WPA2_PSK],2025-3-27 22:38:1,6,-79,34.0453682,-117.2011337,366.50,2.00,WIFI
D0:16:7C:8D:8B:E7,,[OPEN],2025-3-27 22:38:1,6,-84,34.0453682,-117.2011337,366.50,2.00,WIFI
F0:9F:C2:CC:90:F6,ManagementVds,[WPA2_WPA3_PSK],2025-3-27 22:38:1,6,-86,34.0453682,-117.2011337,366.50,2.00,WIFI
34:60:F9:5F:7E:1B,HandB,[WPA2_PSK],2025-3-27 22:38:4,9,-78,34.0453949,-117.2011032,366.10,2.00,WIFI
56:60:F9:5F:7E:1B,,[WPA2_PSK],2025-3-27 22:38:4,9,-78,34.0453949,-117.2011032,366.10,2.00,WIFI
74:37:5F:DA:99:47,SpectrumSetup-45,[WPA2_PSK],2025-3-27 22:38:6,11,-76,34.0454788,-117.2011032,365.40,2.00,WIFI
84:1E:A3:29:7F:16,Marquez,[WPA2_PSK],2025-3-27 22:38:6,11,-81,34.0454788,-117.2011032,365.40,2.00,WIFI
08:7B:12:43:AF:E6,Frontier1383,[WPA2_PSK],2025-3-27 22:38:6,11,-83,34.0454788,-117.2011032,365.40,2.00,WIFI
7E:4D:8F:57:BE:F5,DIRECT-F5-HP OfficeJet Pro 8020,[WPA2_PSK],2025-3-27 22:38:6,11,-83,34.0454788,-117.2011032,365.40,2.00,WIFI
D4:05:DE:84:8E:A4,,[WPA3_PSK],2025-3-27 22:38:6,11,-83,34.0454788,-117.2011032,365.40,2.00,WIFI
D4:05:DE:84:8E:AA,,[OPEN],2025-3-27 22:38:6,11,-83,34.0454788,-117.2011032,365.40,2.00,WIFI
B0:FC:88:27:72:47,MAVDPT26,[WPA2_PSK],2025-3-27 22:38:6,11,-83,34.0454788,-117.2011032,365.40,2.00,WIFI
D4:05:DE:84:8E:A7,yoyitario,[WPA2_PSK],2025-3-27 22:38:6,11,-85,34.0454788,-117.2011032,365.40,2.00,WIFI
9C:C8:FC:01:AE:48,Roberts,[WPA2_PSK],2025-3-27 22:38:6,11,-90,34.0454788,-117.2011032,365.40,2.00,WIFI
74:37:5F:9E:81:47,SpectrumSetup-45,[WPA2_PSK],2025-3-27 22:38:6,11,-90,34.0454788,-117.2011032,365.40,2.00,WIFI
9C:05:D6:62:FA:5A,ManagementVds,[WPA2_WPA3_PSK],2025-3-27 22:38:6,11,-91,34.0454788,-117.2011032,365.40,2.00,WIFI
D8:A7:56:73:52:96,MySpectrumWiFi90-2G,[WPA2_PSK],2025-3-27 22:38:9,1,-78,34.0457077,-117.2012711,364.10,2.00,WIFI
F4:05:95:A1:59:9E,SpectrumSetup-98,[WPA2_PSK],2025-3-27 22:38:9,1,-83,34.0457077,-117.2012711,364.10,2.00,WIFI
DC:92:72:E3:69:AF,Frontier0168,[WPA2_PSK],2025-3-27 22:38:9,1,-86,34.0457077,-117.2012711,364.10,2.00,WIFI
22:E0:19:5C:07:5F,,[WPA2_PSK],2025-3-27 22:38:9,1,-87,34.0457077,-117.2012711,364.10,2.00,WIFI
A8:3A:79:F5:89:A2,CK_BYOD,[WPA2_PSK],2025-3-27 22:38:9,1,-87,34.0457077,-117.2012711,364.10,2.00,WIFI
FC:12:63:B7:33:03,SpectrumSetup-05 TT,[WPA2_PSK],2025-3-27 22:38:9,1,-89,34.0457077,-117.2012711,364.10,2.00,WIFI
A8:3A:79:F5:89:A3,CK_STAGE,[WPA2_PSK],2025-3-27 22:38:9,1,-89,34.0457077,-117.2012711,364.10,2.00,WIFI
E4:F4:C6:15:AD:8C,wtwood,[WPA_WPA2_PSK],2025-3-27 22:38:13,4,-83,34.0460892,-117.2015686,361.80,2.00,WIFI
F0:7B:65:3C:22:AA,SpectrumSetup-22A4,[WPA2_PSK],2025-3-27 22:38:15,6,-47,34.0462570,-117.2016983,361.30,2.00,WIFI
74:37:5F:55:FA:13,ierr2006,[WPA2_PSK],2025-3-27 22:38:15,6,-65,34.0462570,-117.2016983,361.30,2.00,WIFI
28:EC:22:32:61:29,,[OPEN],2025-3-27 22:38:15,6,-80,34.0462570,-117.2016983,361.30,2.00,WIFI
28:EC:22:32:61:2F,net Guest,[WPA2_PSK],2025-3-27 22:38:15,6,-81,34.0462570,-117.2016983,361.30,2.00,WIFI
0E:96:E6:BD:91:C7,DIRECT-c7-HP M148f LaserJet,[WPA2_PSK],2025-3-27 22:38:15,6,-85,34.0462570,-117.2016983,361.30,2.00,WIFI
F4:52:46:ED:AA:AF,SpectrumSetup-B1,[WPA2_PSK],2025-3-27 22:38:15,6,-87,34.0462570,-117.2016983,361.30,2.00,WIFI
6C:99:61:CF:C4:B6,SpectrumSetup-B0,[WPA2_PSK],2025-3-27 22:38:15,6,-88,34.0462570,-117.2016983,361.30,2.00,WIFI
C0:C9:E3:CB:71:4C,M3_OfficeLink,[WPA2_WPA3_PSK],2025-3-27 22:38:17,8,-81,34.0463943,-117.2017899,360.40,2.00,WIFI
92:C9:E3:CB:71:4F,DrMRedlandsBest,[WPA2_WPA3_PSK],2025-3-27 22:38:17,8,-82,34.0463943,-117.2017899,360.40,2.00,WIFI
FC:B2:D6:C9:2B:B4,,[WPA_WPA2_PSK],2025-3-27 22:38:17,8,-90,34.0463943,-117.2017899,360.40,2.00,WIFI
CC:58:30:64:D4:D6,TMOBILE-D4D1,[WPA2_WPA3_PSK],2025-3-27 22:38:20,11,-67,34.0465240,-117.2018433,359.80,2.00,WIFI
88:67:46:6F:6E:C3,,[WPA3_PSK],2025-3-27 22:38:20,11,-76,34.0465240,-117.2018433,359.80,2.00,WIFI
88:67:46:6F:6E:C6,Rp,[WPA2_PSK],2025-3-27 22:38:20,11,-76,34.0465240,-117.2018433,359.80,2.00,WIFI
88:67:46:6F:6E:C9,,[OPEN],2025-3-27 22:38:20,11,-77,34.0465240,-117.2018433,359.80,2.00,WIFI
34:53:D2:B6:95:0E,SpectrumSetup-08,[WPA2_PSK],2025-3-27 22:38:20,11,-80,34.0465240,-117.2018433,359.80,2.00,WIFI
D0:6D:C9:2D:C7:86,Fruit Farm,[WPA2_PSK],2025-3-27 22:38:20,11,-82,34.0465240,-117.2018433,359.80,2.00,WIFI
DC:92:72:E5:8D:AF,Frontier0087,[WPA2_PSK],2025-3-27 22:38:22,1,-66,34.0465393,-117.2018433,359.60,2.00,WIFI
24:41:FE:48:01:22,Verizon_6KNG9L,[WPA2_PSK],2025-3-27 22:38:22,1,-74,34.0465393,-117.2018433,359.60,2.00,WIFI
80:78:71:09:36:9E,Dead space,[WPA2_PSK],2025-3-27 22:38:22,1,-79,34.0465393,-117.2018433,359.60,2.00,WIFI
12:59:32:49:80:25,,[WPA2_PSK],2025-3-27 22:38:27,4,-87,34.0465431,-117.2018433,359.20,2.00,WIFI
C8:E3:06:2B:EA:27,,[OPEN],2025-3-27 22:38:29,6,-84,34.0465431,-117.2018509,358.90,2.00,WIFI
FC:12:63:82:4E:A1,SpectrumSetup-A3,[WPA2_PSK],2025-3-27 22:38:29,6,-86,34.0465431,-117.2018509,358.90,2.00,WIFI
58:9B:4A:99:F8:3E,SpectrumSetup-F83A,[WPA2_PSK],2025-3-27 22:38:29,6,-88,34.0465431,-117.2018509,358.90,2.00,WIFI
94:E8:C5:20:93:B0,Brook Side Market,[WPA2_PSK],2025-3-27 22:38:29,6,-89,34.0465431,-117.2018509,358.90,2.00,WIFI
F8:AA:3F:F4:D1:37,SpectrumSetup-35,[WPA2_PSK],2025-3-27 22:38:29,6,-90,34.0465431,-117.2018509,358.90,2.00,WIFI
10:DA:43:CD:7C:1E,NETGEAR95,[WPA2_PSK],2025-3-27 22:38:31,8,-84,34.0465431,-117.2018509,358.70,2.00,WIFI
10:0C:6B:32:3D:8C,,[WPA2_PSK],2025-3-27 22:38:31,8,-86,34.0465431,-117.2018509,358.70,2.00,WIFI
16:0C:6B:32:3D:8C,RPNet,[WPA2_PSK],2025-3-27 22:38:31,8,-88,34.0465431,-117.2018509,358.70,2.00,WIFI
60:F4:19:8B:6B:26,Logan Wifi,[WPA2_PSK],2025-3-27 22:38:34,11,-69,34.0465927,-117.2018433,358.50,2.00,WIFI
DC:69:B5:37:EF:23,,[WPA3_PSK],2025-3-27 22:38:34,11,-76,34.0465927,-117.2018433,358.50,2.00,WIFI
DC:69:B5:37:EF:29,,[OPEN],2025-3-27 22:38:34,11,-77,34.0465927,-117.2018433,358.50,2.00,WIFI
F0:81:75:08:78:E6,MySpectrumWiFie0-2G,[WPA2_PSK],2025-3-27 22:38:34,11,-78,34.0465927,-117.2018433,358.50,2.00,WIFI
DC:69:B5:37:EF:26,DESPAIN,[WPA2_PSK],2025-3-27 22:38:34,11,-78,34.0465927,-117.2018433,358.50,2.00,WIFI
04:B6:BE:8D:7B:4C,,[WPA_WPA2_PSK],2025-3-27 22:38:34,11,-85,34.0465927,-117.2018433,358.50,2.00,WIFI
F4:05:95:D7:90:D9,SpectrumSetup-D3,[WPA2_PSK],2025-3-27 22:38:36,1,-78,34.0466690,-117.2017517,358.20,2.00,WIFI
00:CB:51:4F:64:8E,MySpectrumWiFi88-2G,[WPA2_PSK],2025-3-27 22:38:36,1,-82,34.0466690,-117.2017517,358.20,2.00,WIFI
94:18:65:D2:FC:4F,Adulting101,[WPA2_PSK],2025-3-27 22:38:40,3,-75,34.0468330,-117.2013016,358.10,2.00,WIFI
F8:5B:3B:37:B5:54,SpectrumSetup-56,[WPA2_PSK],2025-3-27 22:38:43,6,-73,34.0470009,-117.2008209,357.10,2.00,WIFI
B4:B9:E6:6C:E1:A8,,[OPEN],2025-3-27 22:38:43,6,-75,34.0470009,-117.2008209,357.10,2.00,WIFI
DC:69:B5:E2:A1:A3,,[WPA3_PSK],2025-3-27 22:38:43,6,-75,34.0470009,-117.2008209,357.10,2.00,WIFI
C8:E3:06:2B:EA:25,Wild horse,[WPA2_PSK],2025-3-27 22:38:43,6,-76,34.0470009,-117.2008209,357.10,2.00,WIFI
B4:B9:E6:6C:E1:A4,,[WPA3_PSK],2025-3-27 22:38:43,6,-76,34.0470009,-117.2008209,357.10,2.00,WIFI
B4:B9:E6:6C:E1:A6,Boogie24,[WPA2_PSK],2025-3-27 22:38:43,6,-76,34.0470009,-117.2008209,357.10,2.00,WIFI
C8:E3:06:2B:EA:23,,[WPA3_PSK],2025-3-27 22:38:43,6,-77,34.0470009,-117.2008209,357.10,2.00,WIFI
DC:69:B5:E2:A1:A9,,[OPEN],2025-3-27 22:38:43,6,-77,34.0470009,-117.2008209,357.10,2.00,WIFI
40:47:5E:34:56:66,Perez Family,[WPA2_PSK],2025-3-27 22:38:43,6,-78,34.0470009,-117.2008209,357.10,2.00,WIFI
DC:69:B5:E2:A1:A6,gordswifi,[WPA2_PSK],2025-3-27 22:38:43,6,-78,34.0470009,-117.2008209,357.10,2.00,WIFI
40:47:5E:34:56:69,,[OPEN],2025-3-27 22:38:43,6,-79,34.0470009,-117.2008209,357.10,2.00,WIFI
F0:7B:65:ED:3D:96,SpectrumSetup-3D90,[WPA2_PSK],2025-3-27 22:38:43,6,-81,34.0470009,-117.2008209,357.10,2.00,WIFI
98:1E:19:29:93:7E,MySpectrumWiFi78-2G,[WPA2_PSK],2025-3-27 22:38:43,6,-82,34.0470009,-117.2008209,357.10,2.00,WIFI
9C:7B:EF:E1:E8:58,DIRECT-56-HP DeskJet 2600 series,[WPA2_PSK],2025-3-27 22:38:43,6,-85,34.0470009,-117.2008209,357.10,2.00,WIFI
4C:AB:F8:9F:85:CD,SpectrumSetup-CF,[WPA2_PSK],2025-3-27 22:38:43,6,-87,34.0470009,-117.2008209,357.10,2.00,WIFI
B0:19:21:E0:3E:23,Wifussy,[WPA2_PSK],2025-3-27 22:38:43,6,-88,34.0470009,-117.2008209,357.10,2.00,WIFI
90:93:5A:0D:CD:5A,Monster Club,[WPA2_PSK],2025-3-27 22:38:43,6,-89,34.0470009,-117.2008209,357.10,2.00,WIFI
00:C8:96:CD:64:C2,,[WPA_WPA2_PSK],2025-3-27 22:38:47,9,-84,34.0473175,-117.2001648,356.10,2.00,WIFI
B0:A7:B9:4A:14:FC,Ziprick,[WPA_WPA2_PSK],2025-3-27 22:38:47,9,-87,34.0473175,-117.2001648,356.10,2.00,WIFI
CE:40:D0:7D:51:58,IYBI-Guest,[WPA2_PSK],2025-3-27 22:38:47,9,-88,34.0473175,-117.2001648,356.10,2.00,WIFI
B6:A7:B9:4A:14:FD,Ziprick Guest,[WPA_WPA2_PSK],2025-3-27 22:38:47,9,-89,34.0473175,-117.2001648,356.10,2.00,WIFI
CC:40:D0:7D:51:5F,IYBI,[WPA2_PSK],2025-3-27 22:38:47,9,-91,34.0473175,-117.2001648,356.10,2.00,WIFI
C8:7F:54:12:98:00,DeepDark,[WPA2_PSK],2025-3-27 22:38:48,10,-84,34.0474052,-117.2000046,356.20,2.00,WIFI
A0:55:1F:19:A6:8C,SpectrumSetup-A686,[WPA2_PSK],2025-3-27 22:38:49,11,-67,34.0474892,-117.1998444,356.40,2.00,WIFI
58:9B:4A:AF:BE:CE,Spectrum 217,[WPA2_PSK],2025-3-27 22:38:49,11,-73,34.0474892,-117.1998444,356.40,2.00,WIFI
38:94:ED:FB:6A:47,Virkelighet,[WPA2_PSK],2025-3-27 22:38:49,11,-83,34.0474892,-117.1998444,356.40,2.00,WIFI
94:83:C4:05:8A:C8,HSS,[WPA2_PSK],2025-3-27 22:38:49,11,-83,34.0474892,-117.1998444,356.40,2.00,WIFI
BC:96:E5:87:97:FB,SpectrumSetup-97F7,[WPA2_PSK],2025-3-27 22:38:49,11,-84,34.0474892,-117.1998444,356.40,2.00,WIFI
4C:19:5D:B4:8E:4D,SpectrumSetup-47,[WPA2_PSK],2025-3-27 22:38:49,11,-85,34.0474892,-117.1998444,356.40,2.00,WIFI
A4:97:33:AF:F4:A0,SpectrumSetup-A2,[WPA2_PSK],2025-3-27 22:38:49,11,-86,34.0474892,-117.1998444,356.40,2.00,WIFI
BC:96:E5:53:19:4E,Hotdogs,[WPA2_PSK],2025-3-27 22:38:49,11,-87,34.0474892,-117.1998444,356.40,2.00,WIFI
00:18:05:10:4C:E8,,[WPA2_PSK],2025-3-27 22:38:49,11,-94,34.0474892,-117.1998444,356.40,2.00,WIFI
8C:85:80:66:4E:68,,[WPA_WPA2_PSK],2025-3-27 22:38:50,1,-65,34.0475769,-117.1996994,356.50,2.00,WIFI
F4:52:46:8C:88:BF,McCartneyNetwork,[WPA2_PSK],2025-3-27 22:38:50,1,-79,34.0475769,-117.1996994,356.50,2.00,WIFI
34:53:D2:EF:A6:DE,JohnRambo,[WPA2_PSK],2025-3-27 22:38:50,1,-80,34.0475769,-117.1996994,356.50,2.00,WIFI
A0:55:1F:0E:C4:2E,CoolCatsNetwork,[WPA2_PSK],2025-3-27 22:38:50,1,-80,34.0475769,-117.1996994,356.50,2.00,WIFI
2C:EA:DC:95:FD:6B,SpectrumSetup-6D,[WPA2_PSK],2025-3-27 22:38:50,1,-83,34.0475769,-117.1996994,356.50,2.00,WIFI
96:9A:4A:B8:11:66,,[WPA2_PSK],2025-3-27 22:38:55,3,-85,34.0479698,-117.1989670,356.90,2.00,WIFI
90:9A:4A:B8:11:66,Hanfamily 2.0,[WPA2_PSK],2025-3-27 22:38:55,3,-87,34.0479698,-117.1989670,356.90,2.00,WIFI
74:37:5F:26:BF:83,SpectrumSetup-81,[WPA2_PSK],2025-3-27 22:38:58,6,-68,34.0481453,-117.1986542,357.00,2.00,WIFI
84:1E:A3:CB:20:46,MooMooMeadows,[WPA2_PSK],2025-3-27 22:38:58,6,-69,34.0481453,-117.1986542,357.00,2.00,WIFI
D8:8E:D4:69:7C:83,,[WPA3_PSK],2025-3-27 22:38:58,6,-75,34.0481453,-117.1986542,357.00,2.00,WIFI
D8:8E:D4:69:7C:86,Wilson Home,[WPA2_PSK],2025-3-27 22:38:58,6,-75,34.0481453,-117.1986542,357.00,2.00,WIFI
D8:8E:D4:69:7C:89,,[OPEN],2025-3-27 22:38:58,6,-76,34.0481453,-117.1986542,357.00,2.00,WIFI
84:1E:A3:29:25:06,SpectrumSetup-00,[WPA2_PSK],2025-3-27 22:38:58,6,-78,34.0481453,-117.1986542,357.00,2.00,WIFI
A0:8E:24:7D:8D:27,,[OPEN],2025-3-27 22:38:58,6,-80,34.0481453,-117.1986542,357.00,2.00,WIFI
A0:8E:24:7D:8D:25,Wilson Clinic,[WPA2_PSK],2025-3-27 22:38:58,6,-80,34.0481453,-117.1986542,357.00,2.00,WIFI
A4:11:62:CA:12:34,ARLO_VMB_2804592903,[WPA2_PSK],2025-3-27 22:39:1,9,-75,34.0482407,-117.1984863,357.10,2.00,WIFI
CC:40:D0:05:83:4C,NETGEAR86,[WPA2_PSK],2025-3-27 22:39:1,9,-80,34.0482407,-117.1984863,357.10,2.00,WIFI
F0:7B:65:BC:FB:11,Jacksonfam,[WPA2_PSK],2025-3-27 22:39:3,11,-75,34.0482597,-117.1984482,357.30,2.00,WIFI
90:CD:B6:A1:22:2D,WIFIA12229,[WPA2_PSK],2025-3-27 22:39:3,11,-77,34.0482597,-117.1984482,357.30,2.00,WIFI
88:DE:7C:D9:57:2F,HAIROHIN,[WPA2_PSK],2025-3-27 22:39:5,1,-86,34.0482597,-117.1984558,357.40,2.00,WIFI
34:DB:9C:6C:3F:FE,MySpectrumWiFif8-2G,[WPA2_PSK],2025-3-27 22:39:5,1,-89,34.0482597,-117.1984558,357.40,2.00,WIFI
30:93:BC:7E:0F:F6,MySpectrumWiFif0-2G,[WPA2_PSK],2025-3-27 22:39:5,1,-92,34.0482597,-117.1984558,357.40,2.00,WIFI
94:3C:96:FA:A5:F6,Frontier1534,[WPA2_PSK],2025-3-27 22:39:5,1,-94,34.0482597,-117.1984558,357.40,2.00,WIFI
A0:8E:24:7D:72:A7,,[OPEN],2025-3-27 22:39:12,6,-65,34.0482597,-117.1984558,357.20,2.00,WIFI
A0:8E:24:7D:72:A5,Wilson Clinic,[WPA2_PSK],2025-3-27 22:39:12,6,-65,34.0482597,-117.1984558,357.20,2.00,WIFI
A0:8E:24:7D:72:A3,,[WPA3_PSK],2025-3-27 22:39:12,6,-66,34.0482597,-117.1984558,357.20,2.00,WIFI
64:DA:ED:09:A9:47,,[OPEN],2025-3-27 22:39:12,6,-72,34.0482597,-117.1984558,357.20,2.00,WIFI
84:EB:3E:44:94:A5,tl4494a4,[WPA2_PSK],2025-3-27 22:39:12,6,-74,34.0482597,-117.1984558,357.20,2.00,WIFI
64:DA:ED:09:A9:45,Wilson Clinic,[WPA2_PSK],2025-3-27 22:39:12,6,-75,34.0482597,-117.1984558,357.20,2.00,WIFI
F4:52:46:1D:AD:7D,SpectrumSetup-7F,[WPA2_PSK],2025-3-27 22:39:12,6,-86,34.0482597,-117.1984558,357.20,2.00,WIFI
D2:19:21:E0:3E:23,,[WPA2_PSK],2025-3-27 22:39:12,6,-86,34.0482597,-117.1984558,357.20,2.00,WIFI
3C:7C:3F:A0:70:A0,toledoendo,[WPA_WPA2_PSK],2025-3-27 22:39:12,7,-84,34.0482597,-117.1984558,357.20,2.00,WIFI
A0:55:1F:9D:D9:00,SpectrumSetup-D8FA,[WPA2_PSK],2025-3-27 22:39:17,11,-82,34.0482597,-117.1984482,357.00,2.00,WIFI
58:96:71:F3:F2:86,Virus Download,[WPA2_PSK],2025-3-27 22:39:17,11,-83,34.0482597,-117.1984482,357.00,2.00,WIFI
E0:BB:9E:98:24:96,EB982496-uE8BkUc2IM1AO60,[WPA2_PSK],2025-3-27 22:39:17,11,-84,34.0482597,-117.1984482,357.00,2.00,WIFI
5E:96:71:F3:F2:86,Verizon_Rod_guest,[WPA2_PSK],2025-3-27 22:39:17,11,-84,34.0482597,-117.1984482,357.00,2.00,WIFI
88:DE:7C:C3:9C:71,SpectrumSetup-73,[WPA2_PSK],2025-3-27 22:39:17,11,-86,34.0482597,-117.1984482,357.00,2.00,WIFI
7C:0C:F6:0B:CA:89,Dash-8254,[WPA2_PSK],2025-3-27 22:39:20,1,-69,34.0482712,-117.1984253,357.00,2.00,WIFI
C8:99:B2:19:46:F3,Verizon_CR3KDB,[WPA2_PSK],2025-3-27 22:39:20,1,-71,34.0482712,-117.1984253,357.00,2.00,WIFI
F0:7B:65:66:CE:5F,SpectrumSetup-CF,[WPA2_PSK],2025-3-27 22:39:20,1,-85,34.0482712,-117.1984253,357.00,2.00,WIFI
38:2C:4A:51:8C:48,CellSpot_2.4GHz_8C48,[WPA2_PSK],2025-3-27 22:39:22,2,-86,34.0483284,-117.1983185,356.90,2.00,WIFI
FC:B2:D6:70:BF:92,,[WPA_WPA2_PSK],2025-3-27 22:39:23,3,-90,34.0483704,-117.1982422,357.00,2.00,WIFI
28:38:5C:2C:2A:C2,Hotspotun5C,[WPA_WPA2_PSK],2025-3-27 22:39:26,6,-72,34.0485497,-117.1979218,357.90,2.00,WIFI
98:C8:54:AA:32:28,Verizon_W3GQ76,[WPA2_PSK],2025-3-27 22:39:26,6,-73,34.0485497,-117.1979218,357.90,2.00,WIFI
58:9B:4A:A5:02:8B,SpectrumSetup-0287,[WPA2_PSK],2025-3-27 22:39:26,6,-83,34.0485497,-117.1979218,357.90,2.00,WIFI
4E:A5:6E:45:A3:06,,[WPA2_PSK],2025-3-27 22:39:28,8,-81,34.0486908,-117.1976624,358.50,2.00,WIFI
58:EF:68:A3:A0:53,sgt409sbsd,[WPA2_PSK],2025-3-27 22:39:28,8,-84,34.0486908,-117.1976624,358.50,2.00,WIFI
C0:D7:AA:EB:0C:8F,TMOBILE-0C8D,[WPA2_WPA3_PSK],2025-3-27 22:39:29,9,-83,34.0487671,-117.1975250,358.50,2.00,WIFI
DC:EF:09:EB:9B:B8,ATT7YYC53e_EXT,[WPA2_PSK],2025-3-27 22:39:31,11,-75,34.0489273,-117.1972504,358.80,2.00,WIFI
F4:52:46:DE:52:5E,Cowboys,[WPA2_PSK],2025-3-27 22:39:31,11,-77,34.0489273,-117.1972504,358.80,2.00,WIFI
BC:96:E5:39:1B:98,Moraleswifi,[WPA2_PSK],2025-3-27 22:39:31,11,-80,34.0489273,-117.1972504,358.80,2.00,WIFI
7C:DB:98:8D:DF:19,MySpectrumWiFi1B-2G,[WPA2_PSK],2025-3-27 22:39:31,11,-84,34.0489273,-117.1972504,358.80,2.00,WIFI
54:B8:0A:37:1A:1E,DeathStar,[WPA_WPA2_PSK],2025-3-27 22:39:31,11,-86,34.0489273,-117.1972504,358.80,2.00,WIFI
2E:AA:8E:A9:FE:1E,,[WPA_WPA2_PSK],2025-3-27 22:39:31,11,-88,34.0489273,-117.1972504,358.80,2.00,WIFI
9C:C8:FC:09:E5:80,Frontier9264,[WPA2_PSK],2025-3-27 22:39:31,11,-89,34.0489273,-117.1972504,358.80,2.00,WIFI
5C:18:DD:EB:5E:04,,[WPA_WPA2_PSK],2025-3-27 22:39:31,11,-89,34.0489273,-117.1972504,358.80,2.00,WIFI
D2:6D:C9:39:7E:07,The 10 Barber Shop Guest,[WPA2_PSK],2025-3-27 22:39:31,11,-92,34.0489273,-117.1972504,358.80,2.00,WIFI
C8:B4:22:58:B4:15,MySpectrumWiFi17-2G,[WPA2_PSK],2025-3-27 22:39:32,1,-66,34.0490074,-117.1970978,358.90,2.00,WIFI
A6:97:5C:B2:9E:55,VTECH_5754_9e55,[WPA2_PSK],2025-3-27 22:39:32,1,-69,34.0490074,-117.1970978,358.90,2.00,WIFI
14:7D:05:4E:07:C3,SpectrumSetup-C1,[WPA2_PSK],2025-3-27 22:39:32,1,-72,34.0490074,-117.1970978,358.90,2.00,WIFI
A4:97:33:5F:C4:45,SpectrumSetup-47,[WPA2_PSK],2025-3-27 22:39:32,1,-73,34.0490074,-117.1970978,358.90,2.00,WIFI
F4:69:42:4E:AE:2D,rebeccaswifi,[WPA2_PSK],2025-3-27 22:39:32,1,-73,34.0490074,-117.1970978,358.90,2.00,WIFI
0E:5A:25:22:87:65,SpectrumSetup-64,[WPA2_PSK],2025-3-27 22:39:32,1,-80,34.0490074,-117.1970978,358.90,2.00,WIFI
F8:5B:3B:4B:CB:C9,ObiDobi,[WPA2_PSK],2025-3-27 22:39:32,1,-81,34.0490074,-117.1970978,358.90,2.00,WIFI
B8:66:85:D7:C5:46,MySpectrumWiFi40-2G,[WPA2_PSK],2025-3-27 22:39:32,1,-88,34.0490074,-117.1970978,358.90,2.00,WIFI
36:23:03:17:72:8B,,[WPA2_PSK],2025-3-27 22:39:38,4,-79,34.0495071,-117.1961899,360.40,2.00,WIFI
B0:BB:E5:31:B9:56,SpectrumSetup-50,[WPA2_PSK],2025-3-27 22:39:40,6,-69,34.0496750,-117.1958771,360.90,2.00,WIFI
F0:7B:65:F1:42:D2,SpectrumSetup-42CC,[WPA2_PSK],2025-3-27 22:39:40,6,-71,34.0496750,-117.1958771,360.90,2.00,WIFI
58:9B:4A:AF:C4:7D,Casa_Romero,[WPA2_PSK],2025-3-27 22:39:40,6,-77,34.0496750,-117.1958771,360.90,2.00,WIFI
84:1E:A3:21:A0:B6,SpectrumSetup-B0,[WPA2_PSK],2025-3-27 22:39:40,6,-79,34.0496750,-117.1958771,360.90,2.00,WIFI
88:DE:7C:32:E4:F9,SpectrumSetup-FB,[WPA2_PSK],2025-3-27 22:39:40,6,-81,34.0496750,-117.1958771,360.90,2.00,WIFI
E4:C0:E2:70:1F:1E,SpectrumSetup-18,[WPA2_PSK],2025-3-27 22:39:40,6,-85,34.0496750,-117.1958771,360.90,2.00,WIFI
F0:7B:65:BC:E1:1E,SpectrumSetup-E118,[WPA2_PSK],2025-3-27 22:39:40,6,-85,34.0496750,-117.1958771,360.90,2.00,WIFI
4C:19:5D:84:13:B0,SpectrumSetup-AA,[WPA2_PSK],2025-3-27 22:39:40,6,-86,34.0496750,-117.1958771,360.90,2.00,WIFI
CC:58:30:65:53:56,TMOBILE-5351,[WPA2_WPA3_PSK],2025-3-27 22:39:40,6,-86,34.0496750,-117.1958771,360.90,2.00,WIFI
D2:AF:97:06:42:E1,,[WPA2_PSK],2025-3-27 22:39:41,7,-75,34.0497627,-117.1957245,360.90,2.00,WIFI
54:AF:97:06:42:EF,TP-Link_42F0,[WPA2_PSK],2025-3-27 22:39:41,7,-83,34.0497627,-117.1957245,360.90,2.00,WIFI
CE:9E:43:D8:13:F2,ORBI86,[WPA2_PSK],2025-3-27 22:39:43,8,-66,34.0499382,-117.1954193,361.30,2.00,WIFI
CE:9E:43:B6:62:DD,ORBI86,[WPA2_PSK],2025-3-27 22:39:43,8,-74,34.0499382,-117.1954193,361.30,2.00,WIFI
CE:9E:43:B5:E1:3A,,[WPA2_PSK],2025-3-27 22:39:43,8,-76,34.0499382,-117.1954193,361.30,2.00,WIFI
C8:9E:43:B5:E1:3A,ORBI86,[WPA2_PSK],2025-3-27 22:39:43,8,-79,34.0499382,-117.1954193,361.30,2.00,WIFI
80:CC:9C:3E:C9:B6,Oktoberfest,[WPA2_PSK],2025-3-27 22:39:45,10,-59,34.0501137,-117.1950989,361.70,2.00,WIFI
72:CC:9C:3E:C9:B7,Oktoberfest-Guest,[WPA2_PSK],2025-3-27 22:39:45,10,-62,34.0501137,-117.1950989,361.70,2.00,WIFI
D6:E2:2F:09:45:13,,[WPA2_PSK],2025-3-27 22:39:45,10,-84,34.0501137,-117.1950989,361.70,2.00,WIFI
E8:D2:FF:B2:FC:66,SpectrumSetup-60,[WPA2_PSK],2025-3-27 22:39:49,1,-70,34.0504723,-117.1944504,362.30,2.00,WIFI
98:1E:19:5A:AE:F6,MySpectrumWiFif0-2G,[WPA2_PSK],2025-3-27 22:39:49,1,-73,34.0504723,-117.1944504,362.30,2.00,WIFI
F4:52:46:95:4D:C4,BelizeanQueen23,[WPA2_PSK],2025-3-27 22:39:49,1,-75,34.0504723,-117.1944504,362.30,2.00,WIFI
F4:69:42:59:D4:47,SpectrumSetup-49,[WPA2_PSK],2025-3-27 22:39:49,1,-81,34.0504723,-117.1944504,362.30,2.00,WIFI
5C:FA:25:BA:CA:2F,Prettylynn,[WPA2_PSK],2025-3-27 22:39:49,1,-81,34.0504723,-117.1944504,362.30,2.00,WIFI
B0:FC:88:07:07:76,Frontier0653,[WPA2_PSK],2025-3-27 22:39:49,1,-85,34.0504723,-117.1944504,362.30,2.00,WIFI
34:53:D2:B9:3E:A1,rondog200,[WPA2_PSK],2025-3-27 22:39:49,1,-87,34.0504723,-117.1944504,362.30,2.00,WIFI
00:54:AF:3E:92:C1,Hotspot92C1,[WPA_WPA2_PSK],2025-3-27 22:39:51,2,-84,34.0506516,-117.1941299,362.80,2.00,WIFI
98:ED:5C:FF:69:24,TeslaPV_FF6924,[WPA2_PSK],2025-3-27 22:39:52,3,-85,34.0507393,-117.1939621,363.10,2.00,WIFI
30:23:03:2F:4B:05,Palmbrook Leasing Office 2.4,[WPA2_PSK],2025-3-27 22:39:52,3,-87,34.0507393,-117.1939621,363.10,2.00,WIFI
FC:B2:D6:BA:5A:A0,,[WPA_WPA2_PSK],2025-3-27 22:39:52,3,-87,34.0507393,-117.1939621,363.10,2.00,WIFI
74:FE:CE:A7:83:48,SpectrumSetup-60,[WPA2_PSK],2025-3-27 22:39:53,4,-70,34.0508308,-117.1938019,363.30,2.00,WIFI
A8:9A:93:BE:54:7E,Arias,[WPA2_PSK],2025-3-27 22:39:53,4,-71,34.0508308,-117.1938019,363.30,2.00,WIFI
4C:AB:F8:59:18:95,SpectrumSetup-97,[WPA2_PSK],2025-3-27 22:39:55,6,-62,34.0510101,-117.1934662,363.50,2.00,WIFI
4C:AB:F8:6D:AA:D0,SpectrumSetup-D2,[WPA2_PSK],2025-3-27 22:39:55,6,-65,34.0510101,-117.1934662,363.50,2.00,WIFI
88:DE:7C:28:E0:61,Juanita1962,[WPA2_PSK],2025-3-27 22:39:55,6,-79,34.0510101,-117.1934662,363.50,2.00,WIFI
34:53:D2:19:40:7E,SpectrumSetup-78,[WPA2_PSK],2025-3-27 22:39:55,6,-81,34.0510101,-117.1934662,363.50,2.00,WIFI
C0:36:53:D1:70:04,,[WPA3_PSK],2025-3-27 22:39:55,6,-84,34.0510101,-117.1934662,363.50,2.00,WIFI
24:5A:4C:85:BE:67,SW,[WPA2_WPA3_PSK],2025-3-27 22:39:55,6,-86,34.0510101,-117.1934662,363.50,2.00,WIFI
C8:B4:22:19:B3:A2,MySpectrumWiFiA4-2G,[WPA2_PSK],2025-3-27 22:39:55,6,-86,34.0510101,-117.1934662,363.50,2.00,WIFI
E0:09:BF:52:1B:B2,WVC9BDNBXFKMPDR2,[OPEN],2025-3-27 22:39:56,7,-86,34.0511055,-117.1932983,363.70,2.00,WIFI
CE:9E:43:A2:68:FE,chartique,[WPA2_PSK],2025-3-27 22:39:58,9,-60,34.0512886,-117.1929626,364.90,2.00,WIFI
D2:9E:43:A2:68:FE,,[WPA2_PSK],2025-3-27 22:39:58,9,-62,34.0512886,-117.1929626,364.90,2.00,WIFI
CE:9E:43:A3:A6:3E,chartique,[WPA2_PSK],2025-3-27 22:39:58,9,-88,34.0512886,-117.1929626,364.90,2.00,WIFI
A0:36:BC:1B:A3:38,PaddysPub,[WPA2_PSK],2025-3-27 22:39:58,9,-88,34.0512886,-117.1929626,364.90,2.00,WIFI
00:C8:96:66:80:5E,,[WPA_WPA2_PSK],2025-3-27 22:39:59,10,-87,34.0513802,-117.1927872,365.40,2.00,WIFI
D0:6D:C9:27:10:B6,Frontier1637,[WPA2_PSK],2025-3-27 22:40:0,11,-68,34.0514717,-117.1926193,365.80,2.00,WIFI
F4:52:46:88:04:4E,StayHumble100,[WPA2_PSK],2025-3-27 22:40:0,11,-74,34.0514717,-117.1926193,365.80,2.00,WIFI
F0:B6:61:1C:7E:A4,,[WPA3_PSK],2025-3-27 22:40:0,11,-78,34.0514717,-117.1926193,365.80,2.00,WIFI
F0:B6:61:1C:7E:AA,,[OPEN],2025-3-27 22:40:0,11,-78,34.0514717,-117.1926193,365.80,2.00,WIFI
F0:B6:61:1C:7E:B0,Whiskey10 Guest,[WPA2_PSK],2025-3-27 22:40:0,11,-78,34.0514717,-117.1926193,365.80,2.00,WIFI
F0:B6:61:1C:7E:A7,Godly10,[WPA2_PSK],2025-3-27 22:40:0,11,-79,34.0514717,-117.1926193,365.80,2.00,WIFI
F0:7B:65:C2:63:1C,SpectrumSetup-6316,[WPA2_PSK],2025-3-27 22:40:0,11,-79,34.0514717,-117.1926193,365.80,2.00,WIFI
4C:AB:F8:59:39:E1,SpectrumSetup-E3,[WPA2_PSK],2025-3-27 22:40:0,11,-80,34.0514717,-117.1926193,365.80,2.00,WIFI
4C:19:5D:49:A8:14,Jakes Wifi,[WPA2_PSK],2025-3-27 22:40:0,11,-81,34.0514717,-117.1926193,365.80,2.00,WIFI
08:7B:12:5E:7A:60,SpectrumSetup-5A,[WPA2_PSK],2025-3-27 22:40:0,11,-82,34.0514717,-117.1926193,365.80,2.00,WIFI
50:09:59:C5:D2:B2,resortstyleliving,[WPA2_PSK],2025-3-27 22:40:0,11,-87,34.0514717,-117.1926193,365.80,2.00,WIFI
60:D5:61:13:FD:74,,[WPA2_PSK],2025-3-27 22:40:0,13,-93,34.0514717,-117.1926193,365.80,2.00,WIFI
74:37:5F:70:63:2B,SpectrumSetup-29,[WPA2_PSK],2025-3-27 22:40:3,1,-65,34.0517502,-117.1921158,367.00,2.00,WIFI
A0:7F:8A:32:B0:5C,Daviddarkhold1,[WPA2_PSK],2025-3-27 22:40:3,1,-73,34.0517502,-117.1921158,367.00,2.00,WIFI
98:1E:19:6C:2B:1E,MySpectrumWiFi18-2G,[WPA2_PSK],2025-3-27 22:40:3,1,-82,34.0517502,-117.1921158,367.00,2.00,WIFI
24:5A:4C:85:DC:55,SW,[WPA2_WPA3_PSK],2025-3-27 22:40:3,1,-83,34.0517502,-117.1921158,367.00,2.00,WIFI
44:D4:53:7C:1B:86,SpectrumSetup-80,[WPA2_PSK],2025-3-27 22:40:3,1,-83,34.0517502,-117.1921158,367.00,2.00,WIFI
4C:19:5D:8D:C9:60,SpectrumSetup-5A,[WPA2_PSK],2025-3-27 22:40:3,1,-88,34.0517502,-117.1921158,367.00,2.00,WIFI
34:98:B5:C1:D5:8C,NETGEAR37,[WPA2_PSK],2025-3-27 22:40:5,2,-63,34.0519333,-117.1917877,367.90,2.00,WIFI
6C:CD:D6:EB:F5:AF,ATS_ORBI,[WPA2_PSK],2025-3-27 22:40:6,3,-85,34.0520210,-117.1916275,368.30,2.00,WIFI
72:CD:D6:EB:F5:AF,,[WPA2_PSK],2025-3-27 22:40:6,3,-87,34.0520210,-117.1916275,368.30,2.00,WIFI
72:CD:D6:C2:38:21,PSD,[WPA2_PSK],2025-3-27 22:40:9,6,-77,34.0522690,-117.1911774,369.40,2.00,WIFI
74:93:DA:57:8F:D5,SpectrumSetup-D7,[WPA2_PSK],2025-3-27 22:40:9,6,-77,34.0522690,-117.1911774,369.40,2.00,WIFI
9C:AD:97:C5:D0:EC,HP-Print-ec-LaserJet Pro M201dw,[WPA2_PSK],2025-3-27 22:40:9,6,-77,34.0522690,-117.1911774,369.40,2.00,WIFI
76:CD:D6:C2:38:21,,[WPA2_PSK],2025-3-27 22:40:9,6,-78,34.0522690,-117.1911774,369.40,2.00,WIFI
62:6D:C7:07:CD:9B,DIRECT-9b-HP M277 LaserJet,[WPA2_PSK],2025-3-27 22:40:9,6,-80,34.0522690,-117.1911774,369.40,2.00,WIFI
AA:A7:95:CF:D6:1A,DIRECT-1a-HP M452 LaserJet,[WPA2_PSK],2025-3-27 22:40:9,6,-84,34.0522690,-117.1911774,369.40,2.00,WIFI
06:0E:3C:09:FD:9E,DIRECT-9E-HP M428fdw LJ,[WPA2_PSK],2025-3-27 22:40:9,6,-86,34.0522690,-117.1911774,369.40,2.00,WIFI
72:D7:9A:3B:93:9B,,[WPA2_WPA3_PSK],2025-3-27 22:40:9,6,-86,34.0522690,-117.1911774,369.40,2.00,WIFI
76:CD:D6:C1:1E:63,,[WPA2_PSK],2025-3-27 22:40:9,6,-89,34.0522690,-117.1911774,369.40,2.00,WIFI
A4:22:49:CD:36:26,TMOBILE-3621,[WPA2_WPA3_PSK],2025-3-27 22:40:9,6,-89,34.0522690,-117.1911774,369.40,2.00,WIFI
F0:7B:65:D8:6C:B4,SpectrumSetup-6CAE,[WPA2_PSK],2025-3-27 22:40:9,6,-91,34.0522690,-117.1911774,369.40,2.00,WIFI
40:47:5E:53:DA:EF,qhmwifi Guest,[WPA2_PSK],2025-3-27 22:40:14,11,-69,34.0526772,-117.1904297,370.70,2.00,WIFI
40:47:5E:53:DA:E3,,[WPA3_PSK],2025-3-27 22:40:14,11,-70,34.0526772,-117.1904297,370.70,2.00,WIFI
40:47:5E:53:DA:E6,qhmwifi,[WPA2_PSK],2025-3-27 22:40:14,11,-71,34.0526772,-117.1904297,370.70,2.00,WIFI
F4:69:42:4C:CD:F5,SpectrumSetup-F7,[WPA2_PSK],2025-3-27 22:40:14,11,-72,34.0526772,-117.1904297,370.70,2.00,WIFI
2C:EA:DC:22:6D:D5,Samantha,[WPA2_PSK],2025-3-27 22:40:14,11,-72,34.0526772,-117.1904297,370.70,2.00,WIFI
38:E1:F4:95:F4:76,AyalaWiFi,[WPA2_WPA3_PSK],2025-3-27 22:40:14,11,-72,34.0526772,-117.1904297,370.70,2.00,WIFI
DA:33:B7:D8:BC:52,Guest0790,[WPA2_PSK],2025-3-27 22:40:14,11,-74,34.0526772,-117.1904297,370.70,2.00,WIFI
F0:B6:61:8D:E0:64,,[WPA3_PSK],2025-3-27 22:40:14,11,-76,34.0526772,-117.1904297,370.70,2.00,WIFI
BC:96:E5:82:63:54,Wifi4cocomelon,[WPA2_PSK],2025-3-27 22:40:14,11,-82,34.0526772,-117.1904297,370.70,2.00,WIFI
D4:A9:28:06:59:EC,LGINC,[WPA2_PSK],2025-3-27 22:40:14,11,-90,34.0526772,-117.1904297,370.70,2.00,WIFI
A0:7F:8A:18:03:32,CRISPO12,[WPA2_PSK],2025-3-27 22:40:17,1,-71,34.0529175,-117.1899948,371.00,2.00,WIFI
F0:81:75:F7:3C:86,Beachlover,[WPA2_PSK],2025-3-27 22:40:17,1,-76,34.0529175,-117.1899948,371.00,2.00,WIFI
DC:92:72:E3:73:FF,Frontier0339,[WPA2_PSK],2025-3-27 22:40:17,1,-82,34.0529175,-117.1899948,371.00,2.00,WIFI
74:37:5F:A5:9C:CB,SpectrumSetup-C9,[WPA2_PSK],2025-3-27 22:40:17,1,-87,34.0529175,-117.1899948,371.00,2.00,WIFI
CC:40:D0:AF:3D:10,NETGEAR63,[WPA2_PSK],2025-3-27 22:40:19,2,-85,34.0530815,-117.1896973,372.60,2.00,WIFI
A6:09:D0:37:D0:5A,,[WPA2_PSK],2025-3-27 22:40:19,2,-87,34.0530815,-117.1896973,372.60,2.00,WIFI
9C:3D:CF:6F:28:C0,ARLO_VMB_1742320153,[WPA2_PSK],2025-3-27 22:40:20,3,-86,34.0531654,-117.1895447,373.00,2.00,WIFI
10:0C:6B:31:D4:20,Schaepper Psychiatry,[WPA2_PSK],2025-3-27 22:40:21,4,-91,34.0532494,-117.1893921,373.20,2.00,WIFI
16:0C:6B:31:D4:20,,[WPA2_PSK],2025-3-27 22:40:21,4,-91,34.0532494,-117.1893921,373.20,2.00,WIFI
40:ED:00:12:09:3E,Renaissance MD,[WPA2_WPA3_PSK],2025-3-27 22:40:23,6,-78,34.0534134,-117.1890945,373.80,2.00,WIFI
16:CB:19:B3:83:53,DIRECT-53-HP ENVY Photo 7100,[WPA2_PSK],2025-3-27 22:40:23,6,-78,34.0534134,-117.1890945,373.80,2.00,WIFI
AC:E2:D3:C6:E4:1D,DIRECT-1A-HP OfficeJet Pro 8720,[WPA2_PSK],2025-3-27 22:40:23,6,-78,34.0534134,-117.1890945,373.80,2.00,WIFI
46:ED:00:12:09:3E,Renaissance MD Guest,[WPA2_WPA3_PSK],2025-3-27 22:40:23,6,-80,34.0534134,-117.1890945,373.80,2.00,WIFI
CA:4E:FC:69:BC:12,Spectrum-11,[WPA2_PSK],2025-3-27 22:40:23,6,-85,34.0534134,-117.1890945,373.80,2.00,WIFI
08:33:ED:FA:5D:C1,DG1670AF2,[WPA2_PSK],2025-3-27 22:40:23,6,-85,34.0534134,-117.1890945,373.80,2.00,WIFI
9E:C9:EB:EF:D7:82,RFD-PRIVATE-5,[WPA2_PSK],2025-3-27 22:40:24,7,-75,34.0534935,-117.1889496,374.20,2.00,WIFI
9C:C9:EB:EF:D7:81,MILLING,[WPA2_PSK],2025-3-27 22:40:24,7,-79,34.0534935,-117.1889496,374.20,2.00,WIFI
A2:C9:EB:F6:BD:67,RFD-Milling,[WPA2_PSK],2025-3-27 22:40:25,8,-67,34.0535774,-117.1887970,374.60,2.00,WIFI
1A:EB:B6:2C:1B:0E,Majestic Dental_Guest,[WPA2_PSK],2025-3-27 22:40:26,9,-61,34.0536575,-117.1886597,375.00,2.00,WIFI
14:EB:B6:2C:1B:0E,Majestic Dental,[WPA2_PSK],2025-3-27 22:40:26,9,-65,34.0536575,-117.1886597,375.00,2.00,WIFI
1E:EB:B6:2C:1B:0E,,[WPA2_PSK],2025-3-27 22:40:26,9,-67,34.0536575,-117.1886597,375.00,2.00,WIFI
04:17:B6:D6:C3:95,,[WPA_WPA2_PSK],2025-3-27 22:40:26,9,-69,34.0536575,-117.1886597,375.00,2.00,WIFI
1E:EB:B6:2C:1B:46,,[WPA2_PSK],2025-3-27 22:40:26,9,-74,34.0536575,-117.1886597,375.00,2.00,WIFI
14:EB:B6:2C:1B:46,Majestic Dental,[WPA2_PSK],2025-3-27 22:40:26,9,-75,34.0536575,-117.1886597,375.00,2.00,WIFI
1A:EB:B6:2C:1B:46,Majestic Dental_Guest,[WPA2_PSK],2025-3-27 22:40:26,9,-76,34.0536575,-117.1886597,375.00,2.00,WIFI
1C:BF:CE:27:CB:10,FiOS-DPIEI-PRO,[WPA2_PSK],2025-3-27 22:40:28,11,-71,34.0538216,-117.1883621,376.00,2.00,WIFI
2C:67:BE:0F:B6:11,SpectrumSetup-B60D,[WPA2_PSK],2025-3-27 22:40:28,11,-77,34.0538216,-117.1883621,376.00,2.00,WIFI
4C:19:5D:95:AC:27,SpectrumSetup-21,[WPA2_PSK],2025-3-27 22:40:28,11,-79,34.0538216,-117.1883621,376.00,2.00,WIFI
48:F8:B3:03:E4:38,smile,[WEP],2025-3-27 22:40:28,11,-85,34.0538216,-117.1883621,376.00,2.00,WIFI
AA:6B:AD:78:ED:9C,HP-Setup>9c-M277 LaserJet,[OPEN],2025-3-27 22:40:28,11,-89,34.0538216,-117.1883621,376.00,2.00,WIFI
4C:19:5D:4F:01:6A,SpectrumSetup-64,[WPA2_PSK],2025-3-27 22:40:33,1,-69,34.0542221,-117.1876221,376.90,2.00,WIFI
DC:4B:A1:E0:2E:71,The Daniels,[WPA2_PSK],2025-3-27 22:40:33,1,-78,34.0542221,-117.1876221,376.90,2.00,WIFI
98:42:65:FA:38:AA,CasaDeTodd,[WPA2_PSK],2025-3-27 22:40:33,1,-86,34.0542221,-117.1876221,376.90,2.00,WIFI
CA:2C:4F:AD:BF:0C,HiSmart-01-ca2c4fadbf0c,[OPEN],2025-3-27 22:40:35,3,-91,34.0543938,-117.1873169,377.00,2.00,WIFI
10:0C:6B:35:31:E2,,[WPA2_PSK],2025-3-27 22:40:36,4,-76,34.0544815,-117.1871643,377.30,2.00,WIFI
16:0C:6B:35:31:E2,Schaepper Psychiatry,[WPA2_PSK],2025-3-27 22:40:36,4,-78,34.0544815,-117.1871643,377.30,2.00,WIFI
F4:52:46:ED:90:03,SpectrumSetup-05,[WPA2_PSK],2025-3-27 22:40:38,6,-74,34.0546532,-117.1868591,377.90,2.00,WIFI
26:E8:29:A7:FE:39,,[WPA2_PSK],2025-3-27 22:40:38,6,-77,34.0546532,-117.1868591,377.90,2.00,WIFI
26:23:51:6E:44:F8,NEB Office_Guest,[WPA2_PSK],2025-3-27 22:40:38,6,-79,34.0546532,-117.1868591,377.90,2.00,WIFI
18:E8:29:A7:FE:39,Pure Gold Guest,[WPA2_PSK],2025-3-27 22:40:38,6,-82,34.0546532,-117.1868591,377.90,2.00,WIFI
6E:D7:9A:71:81:6C,Pure Gold WiFi,[WPA2_PSK],2025-3-27 22:40:38,6,-84,34.0546532,-117.1868591,377.90,2.00,WIFI
22:E8:29:A7:FE:39,,[WPA2_PSK],2025-3-27 22:40:38,6,-84,34.0546532,-117.1868591,377.90,2.00,WIFI
1E:E8:29:61:F8:73,Pure Gold WiFi,[WPA2_PSK],2025-3-27 22:40:38,6,-85,34.0546532,-117.1868591,377.90,2.00,WIFI
1E:E8:29:A7:FE:39,Pure Gold WiFi,[WPA2_PSK],2025-3-27 22:40:38,6,-87,34.0546532,-117.1868591,377.90,2.00,WIFI
9E:30:5B:2A:CC:58,DIRECT-58-HP M102 LaserJet,[WPA2_PSK],2025-3-27 22:40:38,6,-87,34.0546532,-117.1868591,377.90,2.00,WIFI
3C:37:86:8C:F9:B8,CortnerNew,[WPA2_PSK],2025-3-27 22:40:42,10,-78,34.0549850,-117.1862869,377.20,2.00,WIFI
3E:37:86:79:A1:09,Cortner-Guest,[WPA2_PSK],2025-3-27 22:40:42,10,-80,34.0549850,-117.1862869,377.20,2.00,WIFI
54:04:63:5F:4E:03,,[WPA_WPA2_PSK],2025-3-27 22:40:42,10,-93,34.0549850,-117.1862869,377.20,2.00,WIFI
08:9B:F1:95:B4:C3,,[WPA3_PSK],2025-3-27 22:40:43,11,-83,34.0550575,-117.1861572,376.70,2.00,WIFI
08:9B:F1:95:B4:C6,newone,[WPA2_PSK],2025-3-27 22:40:43,11,-86,34.0550575,-117.1861572,376.70,2.00,WIFI
BC:EE:7B:C4:93:10,ASUS,[WPA2_PSK],2025-3-27 22:40:43,11,-87,34.0550575,-117.1861572,376.70,2.00,WIFI
04:A1:51:55:D8:95,ngHub_319441NC021FB,[WPA2_PSK],2025-3-27 22:40:43,11,-90,34.0550575,-117.1861572,376.70,2.00,WIFI
00:C8:96:CD:6A:BA,,[WPA_WPA2_PSK],2025-3-27 22:40:43,11,-94,34.0550575,-117.1861572,376.70,2.00,WIFI
B6:46:9D:1D:EF:06,,[WPA2_PSK],2025-3-27 22:40:46,1,-80,34.0552597,-117.1858444,375.80,2.00,WIFI
D4:76:A0:1A:E7:B8,Cortner_GLAN,[WPA2_PSK],2025-3-27 22:40:46,1,-81,34.0552597,-117.1858444,375.80,2.00,WIFI
96:46:9D:1D:EF:06,,[WPA2_PSK],2025-3-27 22:40:46,1,-81,34.0552597,-117.1858444,375.80,2.00,WIFI
D4:76:A0:1A:E7:B9,Cortner_TLAN,[WPA2_PSK],2025-3-27 22:40:46,1,-81,34.0552597,-117.1858444,375.80,2.00,WIFI
D8:33:B7:D7:EA:61,Frontier2528,[WPA2_PSK],2025-3-27 22:40:46,1,-82,34.0552597,-117.1858444,375.80,2.00,WIFI
C4:EB:39:7B:4C:21,Frontier2528,[WPA2_PSK],2025-3-27 22:40:46,1,-83,34.0552597,-117.1858444,375.80,2.00,WIFI
AC:E2:D3:C1:D9:AA,DIRECT-A5-HP OfficeJet Pro 8710,[WPA2_PSK],2025-3-27 22:40:46,1,-90,34.0552597,-117.1858444,375.80,2.00,WIFI
54:04:63:CB:E6:21,,[WPA_WPA2_PSK],2025-3-27 22:40:48,2,-90,34.0553284,-117.1857300,376.00,2.00,WIFI
00:54:AF:18:D6:7C,HotspotD67C,[WPA_WPA2_PSK],2025-3-27 22:40:49,3,-82,34.0553513,-117.1856766,376.00,2.00,WIFI
E8:9F:80:A9:09:E4,sunset_wifi,[WPA2_PSK],2025-3-27 22:40:49,3,-93,34.0553513,-117.1856766,376.00,2.00,WIFI
F8:55:CD:66:D2:91,HotspotERvv,[WPA_WPA2_PSK],2025-3-27 22:40:52,6,-59,34.0554276,-117.1855774,376.10,2.00,WIFI
D0:6D:C9:37:17:A6,Frontier0619,[WPA2_PSK],2025-3-27 22:40:52,6,-74,34.0554276,-117.1855774,376.10,2.00,WIFI
32:B4:B8:EB:B9:D2,My VW 7089,[WPA2_PSK],2025-3-27 22:40:52,6,-77,34.0554276,-117.1855774,376.10,2.00,WIFI
AC:EC:85:81:DA:E6,,[OPEN],2025-3-27 22:40:52,6,-77,34.0554276,-117.1855774,376.10,2.00,WIFI
AC:EC:85:81:DA:E2,,[WPA3_PSK],2025-3-27 22:40:52,6,-78,34.0554276,-117.1855774,376.10,2.00,WIFI
AC:EC:85:81:DA:E4,banda,[WPA2_PSK],2025-3-27 22:40:52,6,-78,34.0554276,-117.1855774,376.10,2.00,WIFI
04:17:B6:3E:36:F8,,[WPA_WPA2_PSK],2025-3-27 22:40:52,6,-79,34.0554276,-117.1855774,376.10,2.00,WIFI
D0:6D:C9:39:55:26,Frontier0023,[WPA2_PSK],2025-3-27 22:40:52,6,-86,34.0554276,-117.1855774,376.10,2.00,WIFI
00:6F:F2:25:0A:EC,WiFi Hotspot 2576,[WPA2_PSK],2025-3-27 22:40:57,11,-75,34.0558014,-117.1856842,375.10,2.00,WIFI
94:3C:96:FA:9B:36,Frontier1358,[WPA2_PSK],2025-3-27 22:40:57,11,-80,34.0558014,-117.1856842,375.10,2.00,WIFI
A8:A7:95:EA:12:71,Gracey,[WPA2_PSK],2025-3-27 22:40:57,11,-87,34.0558014,-117.1856842,375.10,2.00,WIFI
08:33:ED:FC:DB:1F,Cat,[WPA2_PSK],2025-3-27 22:40:57,11,-89,34.0558014,-117.1856842,375.10,2.00,WIFI
BA:46:9D:1D:EF:06,Cinema Staff,[WPA2_PSK],2025-3-27 22:41:0,1,-69,34.0561562,-117.1857300,373.90,2.00,WIFI
A2:46:9D:1D:EF:06,,[WPA2_PSK],2025-3-27 22:41:0,1,-70,34.0561562,-117.1857300,373.90,2.00,WIFI
A6:46:9D:1D:EF:06,,[WPA2_PSK],2025-3-27 22:41:0,1,-70,34.0561562,-117.1857300,373.90,2.00,WIFI
BE:46:9D:1D:EF:06,,[WPA2_PSK],2025-3-27 22:41:0,1,-70,34.0561562,-117.1857300,373.90,2.00,WIFI
A8:46:9D:1D:EF:06,Cinema Guest,[OPEN],2025-3-27 22:41:0,1,-71,34.0561562,-117.1857300,373.90,2.00,WIFI
AE:46:9D:1D:EF:06,Cinema Secure,[WPA2_PSK],2025-3-27 22:41:0,1,-71,34.0561562,-117.1857300,373.90,2.00,WIFI
A2:46:9D:1D:EF:2A,,[WPA2_PSK],2025-3-27 22:41:0,1,-74,34.0561562,-117.1857300,373.90,2.00,WIFI
A6:46:9D:1D:EF:2A,,[WPA2_PSK],2025-3-27 22:41:0,1,-74,34.0561562,-117.1857300,373.90,2.00,WIFI
BE:46:9D:1D:EF:2A,,[WPA2_PSK],2025-3-27 22:41:0,1,-74,34.0561562,-117.1857300,373.90,2.00,WIFI
B6:46:9D:1D:EF:2A,,[WPA2_PSK],2025-3-27 22:41:0,1,-74,34.0561562,-117.1857300,373.90,2.00,WIFI
96:46:9D:1D:EF:2A,,[WPA2_PSK],2025-3-27 22:41:0,1,-74,34.0561562,-117.1857300,373.90,2.00,WIFI
A8:46:9D:1D:EF:2A,Cinema Guest,[OPEN],2025-3-27 22:41:0,1,-76,34.0561562,-117.1857300,373.90,2.00,WIFI
BA:46:9D:1D:EF:2A,Cinema Staff,[WPA2_PSK],2025-3-27 22:41:0,1,-76,34.0561562,-117.1857300,373.90,2.00,WIFI
AE:46:9D:1D:EF:2A,Cinema Secure,[WPA2_PSK],2025-3-27 22:41:0,1,-77,34.0561562,-117.1857300,373.90,2.00,WIFI
EE:9F:80:A9:09:E4,,[WPA2_PSK],2025-3-27 22:41:3,3,-88,34.0565605,-117.1857300,373.70,2.00,WIFI
00:14:3E:1F:FE:90,GMREPCR,[WPA2_PSK],2025-3-27 22:41:6,6,-65,34.0568962,-117.1857300,373.30,2.00,WIFI
B0:6A:41:98:77:B1,Redlands Urgent Care-Corporate,[WPA2_PSK],2025-3-27 22:41:6,6,-80,34.0568962,-117.1857300,373.30,2.00,WIFI
20:F3:75:3C:1E:02,Verizon-1E06,[WPA2_PSK],2025-3-27 22:41:6,6,-81,34.0568962,-117.1857300,373.30,2.00,WIFI
D0:6D:C9:39:6F:E6,Frontier0452,[WPA2_PSK],2025-3-27 22:41:6,6,-83,34.0568962,-117.1857300,373.30,2.00,WIFI
B0:6A:41:98:76:1A,Redlands Urgent Care-Corporate,[WPA2_PSK],2025-3-27 22:41:6,6,-85,34.0568962,-117.1857300,373.30,2.00,WIFI
D4:A9:28:10:C9:C2,,[WPA2_PSK],2025-3-27 22:41:6,6,-90,34.0568962,-117.1857300,373.30,2.00,WIFI
18:9C:27:7F:38:68,Frontier3728,[WPA2_PSK],2025-3-27 22:41:6,6,-92,34.0568962,-117.1857300,373.30,2.00,WIFI
00:30:44:4C:B9:BE,E300-9bc,[WPA2_PSK],2025-3-27 22:41:6,6,-93,34.0568962,-117.1857300,373.30,2.00,WIFI
00:C8:96:CD:77:22,,[WPA_WPA2_PSK],2025-3-27 22:41:8,8,-86,34.0570412,-117.1857300,373.20,2.00,WIFI
B0:6A:41:98:7B:79,setup7B790,[WPA2_PSK],2025-3-27 22:41:11,11,-75,34.0571289,-117.1857300,373.00,2.00,WIFI
A8:6B:AD:6F:BB:54,SETUP,[OPEN],2025-3-27 22:41:11,11,-85,34.0571289,-117.1857300,373.00,2.00,WIFI
94:FF:3C:B4:4B:EB,Firestone Complete Free WiFi,[OPEN],2025-3-27 22:41:11,11,-90,34.0571289,-117.1857300,373.00,2.00,WIFI
F0:AB:54:62:13:CD,Rauls Silverado,[WPA2_PSK],2025-3-27 22:41:13,1,-80,34.0571289,-117.1857300,372.90,2.00,WIFI
C0:EA:E4:D4:F8:42,RUCcorporateWAP,[WPA_WPA2_PSK],2025-3-27 22:41:13,1,-87,34.0571289,-117.1857300,372.90,2.00,WIFI
96:46:9D:1D:EF:26,,[WPA2_PSK],2025-3-27 22:41:13,1,-87,34.0571289,-117.1857300,372.90,2.00,WIFI
B6:46:9D:1D:EF:26,,[WPA2_PSK],2025-3-27 22:41:13,1,-88,34.0571289,-117.1857300,372.90,2.00,WIFI
DA:AC:1C:FA:D7:A7,CHEVROLET7987,[WPA2_WPA3_PSK],2025-3-27 22:41:20,6,-86,34.0571327,-117.1857300,372.80,2.00,WIFI
00:54:AF:F4:61:11,Hotspot6111,[WPA_WPA2_PSK],2025-3-27 22:41:25,11,-72,34.0571327,-117.1857300,372.70,2.25,WIFI
48:EB:62:94:3D:1C,TOYOTA Corolla_3D1C629448EB,[WPA2_PSK],2025-3-27 22:41:25,11,-93,34.0571327,-117.1857300,372.70,2.25,WIFI
94:FF:3C:B4:4C:EB,Firestone Complete Free WiFi,[OPEN],2025-3-27 22:41:25,11,-95,34.0571327,-117.1857300,372.70,2.25,WIFI
A8:46:9D:1D:EF:26,Cinema Guest,[OPEN],2025-3-27 22:41:27,1,-86,34.0571327,-117.1857300,372.60,2.25,WIFI
A6:46:9D:1D:EF:26,,[WPA2_PSK],2025-3-27 22:41:27,1,-86,34.0571327,-117.1857300,372.60,2.25,WIFI
AE:46:9D:1D:EF:26,Cinema Secure,[WPA2_PSK],2025-3-27 22:41:27,1,-87,34.0571327,-117.1857300,372.60,2.25,WIFI
BA:46:9D:1D:EF:26,Cinema Staff,[WPA2_PSK],2025-3-27 22:41:27,1,-87,34.0571327,-117.1857300,372.60,2.25,WIFI
32:0E:B8:74:48:55,My VW 5809,[WPA2_PSK],2025-3-27 22:41:34,6,-84,34.0571365,-117.1857300,372.40,2.00,WIFI
94:A6:7E:29:6A:C6,Verizon-1E06_2GEXT,[WPA2_PSK],2025-3-27 22:41:34,6,-96,34.0571365,-117.1857300,372.40,2.00,WIFI
A2:46:9D:1D:EF:26,,[WPA2_PSK],2025-3-27 22:41:42,1,-86,34.0571404,-117.1857300,372.20,2.00,WIFI
BA:9F:09:C0:81:AA,Bobbylague,[WPA2_PSK],2025-3-27 22:41:48,6,-80,34.0571442,-117.1857224,371.90,1.50,WIFI
C8:B4:22:03:2D:6B,MySpectrumWiFi6D-2G,[WPA2_PSK],2025-3-27 22:41:48,6,-93,34.0571442,-117.1857224,371.90,1.50,WIFI
BE:46:9D:1D:EF:26,,[WPA2_PSK],2025-3-27 22:41:55,1,-79,34.0571442,-117.1857300,371.90,1.50,WIFI
B2:8B:A9:97:F3:88,RedlandAutoPlaza-Guest,[WPA_WPA2_PSK],2025-3-27 22:41:55,1,-85,34.0571442,-117.1857300,371.90,1.50,WIFI
B6:8B:A9:97:F3:88,RAPSecure,[WPA_WPA2_PSK],2025-3-27 22:41:55,1,-85,34.0571442,-117.1857300,371.90,1.50,WIFI
F0:9F:C2:D1:51:78,Thrif T Lodge,[WPA2_PSK],2025-3-27 22:41:55,1,-93,34.0571442,-117.1857300,371.90,1.50,WIFI
A4:11:62:34:65:9D,c9f20ef299376934afac75701f5f8c62,[WPA2_PSK],2025-3-27 22:42:7,11,-91,34.0580101,-117.1858444,372.40,1.50,WIFI
76:D7:9A:8A:BF:21,JRiley-IoT,[WPA2_PSK],2025-3-27 22:42:10,1,-80,34.0583649,-117.1860428,371.70,1.50,WIFI
00:30:44:A1:D4:64,R1900-463,[WPA2_PSK],2025-3-27 22:42:10,1,-81,34.0583649,-117.1860428,371.70,1.50,WIFI
6E:D7:9A:8A:BF:21,JRiley-Corporate,[WPA2_PSK],2025-3-27 22:42:10,1,-81,34.0583649,-117.1860428,371.70,1.50,WIFI
72:D7:9A:8A:BF:21,JRiley-POS,[WPA2_PSK],2025-3-27 22:42:10,1,-82,34.0583649,-117.1860428,371.70,1.50,WIFI
68:D7:9A:8A:BF:21,,[WPA2_PSK],2025-3-27 22:42:10,1,-83,34.0583649,-117.1860428,371.70,1.50,WIFI
84:A0:6E:CA:3C:8E,RedLands Ramen-2G,[WPA2_PSK],2025-3-27 22:42:16,6,-87,34.0590630,-117.1863098,372.60,1.50,WIFI
14:42:FC:84:94:57,Vive-017d837a-#5693,[WPA2_PSK],2025-3-27 22:42:17,7,-81,34.0591545,-117.1863174,372.50,1.50,WIFI
60:22:32:23:F5:5A,Magic Tongue,[WPA2_PSK],2025-3-27 22:42:21,11,-76,34.0593681,-117.1863251,372.20,1.50,WIFI
66:22:32:23:F5:5A,Rui's Shanghai Bistro,[WPA2_PSK],2025-3-27 22:42:21,11,-77,34.0593681,-117.1863251,372.20,1.50,WIFI
E0:CB:BC:91:62:22,Starbucks WiFi,[OPEN],2025-3-27 22:42:21,11,-78,34.0593681,-117.1863251,372.20,1.50,WIFI
E6:CB:BC:91:62:22,smll,[WPA2],2025-3-27 22:42:21,11,-78,34.0593681,-117.1863251,372.20,1.50,WIFI
EA:CB:BC:91:62:22,notes,[WPA2_PSK],2025-3-27 22:42:21,11,-78,34.0593681,-117.1863251,372.20,1.50,WIFI
EE:CB:BC:91:62:22,sip,[WPA2],2025-3-27 22:42:21,11,-78,34.0593681,-117.1863251,372.20,1.50,WIFI
6A:22:32:23:F5:5A,,[WPA2_PSK],2025-3-27 22:42:21,11,-81,34.0593681,-117.1863251,372.20,1.50,WIFI
A8:9A:93:B2:0D:7E,MySpectrumWiFi78-2G,[WPA2_PSK],2025-3-27 22:42:21,11,-91,34.0593681,-117.1863251,372.20,1.50,WIFI
42:48:BE:9A:7B:1B,Verizon-SM-G781V-70A9,[WPA2_PSK],2025-3-27 22:42:21,11,-92,34.0593681,-117.1863251,372.20,1.50,WIFI
84:A0:6E:B3:07:0E,Redlands Wingstop 2.4,[WPA2_PSK],2025-3-27 22:42:21,11,-93,34.0593681,-117.1863251,372.20,1.50,WIFI
E0:CB:BC:91:61:C9,Starbucks WiFi,[OPEN],2025-3-27 22:42:25,1,-77,34.0594330,-117.1863327,372.40,1.50,WIFI
E6:CB:BC:91:61:C9,smll,[WPA2],2025-3-27 22:42:25,1,-77,34.0594330,-117.1863327,372.40,1.50,WIFI
EA:CB:BC:91:61:C9,notes,[WPA2_PSK],2025-3-27 22:42:25,1,-77,34.0594330,-117.1863327,372.40,1.50,WIFI
EE:CB:BC:91:61:C9,sip,[WPA2],2025-3-27 22:42:25,1,-78,34.0594330,-117.1863327,372.40,1.50,WIFI
30:93:BC:7D:69:D6,MySpectrumWiFid0-2G,[WPA2_PSK],2025-3-27 22:42:25,1,-85,34.0594330,-117.1863327,372.40,1.50,WIFI
A2:05:D6:77:D0:1B,EscapeCraftBreweryGuest,[OPEN],2025-3-27 22:42:25,1,-89,34.0594330,-117.1863327,372.40,1.50,WIFI
9C:05:D6:77:D0:1B,Unify Escape,[WPA2_PSK],2025-3-27 22:42:25,1,-90,34.0594330,-117.1863327,372.40,1.50,WIFI
BC:A5:11:D9:F6:A7,NETGEAR89,[WPA2_PSK],2025-3-27 22:42:29,4,-78,34.0595818,-117.1862946,372.10,1.50,WIFI
AC:DF:9F:16:BF:02,TMOBILE-BF00,[WPA2_WPA3_PSK],2025-3-27 22:42:30,5,-89,34.0595932,-117.1862488,372.10,1.50,WIFI
12:68:7E:54:08:CF,,[WPA2_PSK],2025-3-27 22:42:31,6,-86,34.0596008,-117.1861877,371.80,1.50,WIFI
32:68:7E:54:08:CF,,[WPA2_PSK],2025-3-27 22:42:31,6,-86,34.0596008,-117.1861877,371.80,1.50,WIFI
94:91:7F:E1:91:65,MySpectrumWiFi67-2G,[WPA2_PSK],2025-3-27 22:42:31,6,-86,34.0596008,-117.1861877,371.80,1.50,WIFI
22:68:7E:54:08:CF,SpectrumSetup-CE,[WPA2_PSK],2025-3-27 22:42:31,6,-90,34.0596008,-117.1861877,371.80,1.50,WIFI
BA:AF:97:06:3D:FD,,[WPA2_PSK],2025-3-27 22:42:33,8,-79,34.0596008,-117.1859970,371.90,1.50,WIFI
54:AF:97:06:3D:FB,S3XY NAIL LOUNGE,[WPA2_PSK],2025-3-27 22:42:33,8,-86,34.0596008,-117.1859970,371.90,1.50,WIFI
B0:95:75:7C:A6:B6,ML_Wifi_EXT,[WPA2_PSK],2025-3-27 22:42:35,10,-76,34.0596046,-117.1858215,372.00,1.50,WIFI
80:CC:9C:F4:06:9C,NETGEAR42,[WPA2_PSK],2025-3-27 22:42:35,10,-89,34.0596046,-117.1858215,372.00,1.50,WIFI
02:9D:6B:06:3D:03,DIRECT-G6-Car_cf24,[WPA2_PSK],2025-3-27 22:42:36,11,-87,34.0596008,-117.1857605,372.10,1.50,WIFI
D8:A7:56:70:DF:36,MySpectrumWiFi30-2G,[WPA2_PSK],2025-3-27 22:42:50,11,-94,34.0591965,-117.1855774,370.80,1.50,WIFI
B6:46:9D:1D:EF:31,,[WPA2_PSK],2025-3-27 22:42:53,1,-77,34.0591774,-117.1856613,370.40,1.50,WIFI
A8:46:9D:1D:EF:31,Cinema Guest,[OPEN],2025-3-27 22:42:53,1,-79,34.0591774,-117.1856613,370.40,1.50,WIFI
A2:46:9D:1D:EF:31,,[WPA2_PSK],2025-3-27 22:42:53,1,-80,34.0591774,-117.1856613,370.40,1.50,WIFI
A6:46:9D:1D:EF:31,,[WPA2_PSK],2025-3-27 22:42:53,1,-80,34.0591774,-117.1856613,370.40,1.50,WIFI
96:46:9D:1D:EF:31,,[WPA2_PSK],2025-3-27 22:42:53,1,-80,34.0591774,-117.1856613,370.40,1.50,WIFI
96:46:9D:1D:EF:4D,,[WPA2_PSK],2025-3-27 22:42:53,1,-81,34.0591774,-117.1856613,370.40,1.50,WIFI
AE:46:9D:1D:EF:31,Cinema Secure,[WPA2_PSK],2025-3-27 22:42:53,1,-83,34.0591774,-117.1856613,370.40,1.50,WIFI
BA:46:9D:1D:EF:31,Cinema Staff,[WPA2_PSK],2025-3-27 22:42:53,1,-84,34.0591774,-117.1856613,370.40,1.50,WIFI
BE:46:9D:1D:EF:4E,,[WPA2_PSK],2025-3-27 22:42:53,1,-85,34.0591774,-117.1856613,370.40,1.50,WIFI
B6:46:9D:1D:EF:4E,,[WPA2_PSK],2025-3-27 22:42:53,1,-85,34.0591774,-117.1856613,370.40,1.50,WIFI
96:46:9D:1D:EF:4E,,[WPA2_PSK],2025-3-27 22:42:53,1,-85,34.0591774,-117.1856613,370.40,1.50,WIFI
AE:46:9D:1D:EF:4E,Cinema Secure,[WPA2_PSK],2025-3-27 22:42:53,1,-86,34.0591774,-117.1856613,370.40,1.50,WIFI
A2:46:9D:1D:EF:4E,,[WPA2_PSK],2025-3-27 22:42:53,1,-86,34.0591774,-117.1856613,370.40,1.50,WIFI
A8:46:9D:1D:EF:4E,Cinema Guest,[OPEN],2025-3-27 22:42:53,1,-87,34.0591774,-117.1856613,370.40,1.50,WIFI
BA:46:9D:1D:EF:4E,Cinema Staff,[WPA2_PSK],2025-3-27 22:42:53,1,-87,34.0591774,-117.1856613,370.40,1.50,WIFI
A6:46:9D:1D:EF:4E,,[WPA2_PSK],2025-3-27 22:42:53,1,-87,34.0591774,-117.1856613,370.40,1.50,WIFI
8E:53:E6:0E:B3:02,myGMC B302,[WPA2_PSK],2025-3-27 22:43:1,7,-93,34.0591698,-117.1857986,368.90,1.50,WIFI
9E:05:D6:2C:BE:ED,,[WPA2_PSK],2025-3-27 22:43:5,11,-92,34.0591698,-117.1858063,369.40,1.50,WIFI
06:30:44:66:64:58,Wall_E,[WPA2_PSK],2025-3-27 22:43:14,6,-88,34.0591698,-117.1858749,370.50,1.50,WIFI
00:30:44:66:64:58,TeslaWiFi_Mercury,[WPA2],2025-3-27 22:43:14,6,-91,34.0591698,-117.1858749,370.50,1.50,WIFI
FE:84:A7:1C:7D:78,DIRECT-Jj-Car_7314,[WPA2_PSK],2025-3-27 22:43:33,11,-80,34.0591507,-117.1859894,374.00,1.50,WIFI
8C:5A:25:6E:2E:B2,Verizon-2EB6,[WPA2_PSK],2025-3-27 22:43:33,11,-95,34.0591507,-117.1859894,374.00,1.50,WIFI
78:61:7C:42:AB:60,WiFi Hotspot 9250,[WPA2_PSK],2025-3-27 22:43:42,6,-88,34.0591507,-117.1859970,374.40,1.50,WIFI
BE:46:9D:1D:EF:31,,[WPA2_PSK],2025-3-27 22:43:50,1,-86,34.0591507,-117.1859970,374.20,1.50,WIFI
22:AD:56:4D:B5:1B,BEASTMODE,[WPA_WPA2_PSK],2025-3-27 22:43:56,6,-89,34.0591545,-117.1859970,373.80,1.50,WIFI
4C:19:5D:B4:1B:18,SpectrumSetup-12,[WPA2_PSK],2025-3-27 22:44:1,11,-93,34.0591583,-117.1859970,373.50,1.50,WIFI
00:30:44:6C:AA:77,GMREPCR,[WPA2_PSK],2025-3-27 22:44:15,11,-90,34.0591583,-117.1859894,374.10,1.50,WIFI
A6:05:D6:77:D0:1B,,[WPA2_PSK],2025-3-27 22:44:18,1,-89,34.0591583,-117.1859894,374.10,1.50,WIFI
1A:E8:29:94:A0:13,Hairajuku Guest,[WPA2_PSK],2025-3-27 22:44:18,1,-93,34.0591583,-117.1859894,374.10,1.50,WIFI
64:CB:E9:F2:9F:57,RESU_64CBE9F29F56,[WPA_WPA2_PSK],2025-3-27 22:44:21,3,-92,34.0591583,-117.1859894,374.10,1.50,WIFI
A8:40:0B:4E:9F:B6,HotspotuB3X,[WPA_WPA2_PSK],2025-3-27 22:45:6,6,-95,34.0591621,-117.1860428,373.70,1.50,WIFI
32:E7:C0:FD:0C:D0,,[WPA2_PSK],2025-3-27 22:45:34,6,-90,34.0591812,-117.1860733,374.60,1.50,WIFI
5A:E4:03:33:E7:3F,myChevrolet e73f,[WPA2_PSK],2025-3-27 22:45:39,11,-90,34.0591812,-117.1860733,374.60,1.50,WIFI
2A:03:EB:20:28:9A,myChevrolet4417,[WPA2_PSK],2025-3-27 22:46:10,1,-87,34.0591812,-117.1860809,374.50,1.50,WIFI
30:DF:17:70:3A:DB,TOYOTA RAV4-2.4g_703adb,[WPA2_PSK],2025-3-27 22:46:21,11,-94,34.0591812,-117.1860809,374.40,1.50,WIFI
00:54:AF:96:F2:FD,HotspotF2FD,[WPA_WPA2_PSK],2025-3-27 22:46:41,3,-80,34.0591812,-117.1860809,374.40,1.50,WIFI
60:22:32:24:0A:6E,Magic Tongue,[WPA2_PSK],2025-3-27 22:47:12,6,-91,34.0591850,-117.1860809,374.40,1.50,WIFI
56:64:DE:17:3A:45,Audi_MMI_2405,[WPA2_PSK],2025-3-27 22:47:40,6,-93,34.0592308,-117.1860962,374.10,1.50,WIFI
00:25:CA:B3:E8:3D,Motive AABL36SE350318,[WPA2_PSK],2025-3-27 22:48:22,6,-94,34.0592842,-117.1860809,375.20,1.50,WIFI
A2:C9:A0:84:EE:10,DIRECT-xs-Car_6878,[WPA2_PSK],2025-3-27 22:48:50,6,-81,34.0592880,-117.1860809,375.30,1.50,WIFI
32:24:A9:F6:CE:BF,DIRECT-bf-HP M29 LaserJet,[WPA2_PSK],2025-3-27 22:49:46,6,-93,34.0593262,-117.1860504,375.00,1.50,WIFI
18:E8:29:94:A0:13,Hairajuku,[WPA2_PSK],2025-3-27 22:49:54,1,-90,34.0593834,-117.1859436,374.90,1.50,WIFI
64:67:72:45:78:76,TMOBILE-7874,[WPA2_WPA3_PSK],2025-3-27 22:50:10,2,-83,34.0595360,-117.1856537,376.00,1.50,WIFI
CE:9E:43:9B:04:E0,CookieWiFi,[WPA2_PSK],2025-3-27 22:50:12,4,-90,34.0595856,-117.1857300,377.40,1.50,WIFI
00:05:B5:01:6E:98,Pioneer_DVR,[WPA2_PSK],2025-3-27 22:50:14,6,-88,34.0596008,-117.1858902,377.60,1.50,WIFI
02:92:A5:5A:06:69,Harrison,[WPA2_PSK],2025-3-27 22:50:19,11,-65,34.0596008,-117.1862259,376.60,1.50,WIFI
5A:E4:03:00:57:38,myChevrolet 5738,[WPA2_PSK],2025-3-27 22:50:19,11,-86,34.0596008,-117.1862259,376.60,1.50,WIFI
00:54:AF:A8:42:1B,Hotspot421B,[WPA_WPA2_PSK],2025-3-27 22:50:25,3,-87,34.0596123,-117.1862869,376.10,1.50,WIFI
CC:40:D0:FC:0C:C9,NETGEAR15,[WPA2_PSK],2025-3-27 22:50:26,4,-86,34.0596161,-117.1862869,376.10,1.50,WIFI
12:E8:A7:1F:9C:D3,myChevrolet 9CD3,[WPA2_PSK],2025-3-27 22:50:29,7,-72,34.0596161,-117.1863251,375.80,1.50,WIFI
94:A6:7E:EC:2B:90,NETGEAR54,[WPA2_PSK],2025-3-27 22:50:31,9,-88,34.0595970,-117.1864090,375.60,1.50,WIFI
9C:05:D6:FC:D2:89,Unify Escape,[WPA2_PSK],2025-3-27 22:50:35,1,-94,34.0593147,-117.1864624,374.20,1.50,WIFI
7E:45:58:2D:D9:10,JRiley-Corporate,[WPA2_PSK],2025-3-27 22:50:42,6,-83,34.0585442,-117.1863327,374.10,1.50,WIFI
86:45:58:2D:D9:10,JRiley-IoT,[WPA2_PSK],2025-3-27 22:50:42,6,-83,34.0585442,-117.1863327,374.10,1.50,WIFI
78:45:58:2D:D9:10,,[WPA2_PSK],2025-3-27 22:50:42,6,-83,34.0585442,-117.1863327,374.10,1.50,WIFI
82:45:58:2D:D9:10,JRiley-POS,[WPA2_PSK],2025-3-27 22:50:42,6,-85,34.0585442,-117.1863327,374.10,1.50,WIFI
8E:C8:A0:77:99:BA,,[WPA2_PSK],2025-3-27 22:50:42,6,-85,34.0585442,-117.1863327,374.10,1.50,WIFI
8E:C8:A0:77:A0:C2,,[WPA2_PSK],2025-3-27 22:50:42,6,-88,34.0585442,-117.1863327,374.10,1.50,WIFI
3A:E7:C0:1F:C2:8C,,[WPA2_PSK],2025-3-27 22:50:42,6,-88,34.0585442,-117.1863327,374.10,1.50,WIFI
3A:E7:C0:1F:B2:63,,[WPA2_PSK],2025-3-27 22:50:42,6,-90,34.0585442,-117.1863327,374.10,1.50,WIFI
94:FF:3C:B4:4C:E9,BSRO-Autel,[WPA2_PSK],2025-3-27 22:50:47,11,-82,34.0579262,-117.1859894,375.00,1.50,WIFI
94:FF:3C:B4:4C:EA,BSRO-LOC,[WPA2_PSK],2025-3-27 22:50:47,11,-82,34.0579262,-117.1859894,375.00,1.50,WIFI
94:FF:3C:B4:4C:E8,BSA Network,[WPA2],2025-3-27 22:50:47,11,-83,34.0579262,-117.1859894,375.00,1.50,WIFI
1A:D2:FF:C9:69:68,,[WPA2_PSK],2025-3-27 22:51:18,1,-90,34.0564842,-117.1858902,374.50,1.50,WIFI
E8:D2:FF:C9:69:6E,SpectrumSetup-68,[WPA2_PSK],2025-3-27 22:51:18,1,-90,34.0564842,-117.1858902,374.50,1.50,WIFI
1A:D2:FF:C9:69:6F,,[WPA2_PSK],2025-3-27 22:51:18,1,-91,34.0564842,-117.1858902,374.50,1.50,WIFI
68:D7:9A:D1:50:26,osi-redlands_2G,[WPA2_PSK],2025-3-27 22:51:24,6,-91,34.0557594,-117.1858902,375.00,1.50,WIFI
18:E8:29:64:8C:F6,ASOFFICE_IoT,[WPA2_PSK],2025-3-27 22:51:29,11,-84,34.0555267,-117.1857529,374.70,1.50,WIFI
00:01:21:33:52:A5,MissionGuest,[WPA2_PSK],2025-3-27 22:51:32,1,-91,34.0554733,-117.1857300,374.90,1.50,WIFI
D4:76:A0:1A:EF:F8,Cortner_GLAN,[WPA2_PSK],2025-3-27 22:51:38,6,-81,34.0551567,-117.1861877,374.80,1.50,WIFI
00:13:EF:70:05:18,PGBK1,[WPA2_PSK],2025-3-27 22:51:38,6,-89,34.0551567,-117.1861877,374.80,1.50,WIFI
B8:69:F4:CC:43:73,NCV Phones,[WPA2_PSK],2025-3-27 22:51:40,8,-78,34.0550117,-117.1864395,375.40,1.50,WIFI
18:A5:FF:08:91:E0,CHALINO2612,[WPA2_WPA3_PSK],2025-3-27 22:51:40,8,-88,34.0550117,-117.1864395,375.40,1.50,WIFI
2C:00:AB:A8:A4:38,Frontier8160,[WPA2_PSK],2025-3-27 22:51:43,11,-93,34.0547905,-117.1868286,376.30,1.50,WIFI
DC:69:B5:A2:4E:E3,,[WPA3_PSK],2025-3-27 22:51:46,1,-79,34.0545692,-117.1872330,376.20,1.50,WIFI
DC:69:B5:A2:4E:E9,,[OPEN],2025-3-27 22:51:46,1,-80,34.0545692,-117.1872330,376.20,1.50,WIFI
DC:69:B5:A2:4E:E6,Luna space,[WPA2_PSK],2025-3-27 22:51:46,1,-80,34.0545692,-117.1872330,376.20,1.50,WIFI
76:58:F3:BB:EC:1A,,[WPA2_PSK],2025-3-27 22:51:46,1,-85,34.0545692,-117.1872330,376.20,1.50,WIFI
98:1E:19:3C:0D:96,OTD,[WPA2_PSK],2025-3-27 22:51:46,1,-93,34.0545692,-117.1872330,376.20,1.50,WIFI
A0:04:60:15:63:EE,NETGEAR62,[WPA2_PSK],2025-3-27 22:51:49,3,-83,34.0543442,-117.1876373,375.80,1.50,WIFI
64:97:14:16:52:09,,[OPEN],2025-3-27 22:51:52,6,-73,34.0541153,-117.1880569,374.90,1.50,WIFI
64:97:14:10:2C:A9,,[OPEN],2025-3-27 22:51:52,6,-77,34.0541153,-117.1880569,374.90,1.50,WIFI
64:97:14:10:2C:A6,Redlands Surgery Center,[WPA2_PSK],2025-3-27 22:51:52,6,-78,34.0541153,-117.1880569,374.90,1.50,WIFI
64:97:14:10:2C:AF,Redlands Surgery Center Guest,[WPA2_PSK],2025-3-27 22:51:52,6,-78,34.0541153,-117.1880569,374.90,1.50,WIFI
98:E7:F4:AF:68:F5,DIRECT-F3-HP ENVY 7640 series,[WPA2_PSK],2025-3-27 22:51:52,6,-78,34.0541153,-117.1880569,374.90,1.50,WIFI
64:97:14:16:52:06,Redlands Surgery Center,[WPA2_PSK],2025-3-27 22:51:52,6,-78,34.0541153,-117.1880569,374.90,1.50,WIFI
64:97:14:16:52:0F,Redlands Surgery Center Guest,[WPA2_PSK],2025-3-27 22:51:52,6,-78,34.0541153,-117.1880569,374.90,1.50,WIFI
64:97:14:10:2C:A3,,[WPA3_PSK],2025-3-27 22:51:52,6,-79,34.0541153,-117.1880569,374.90,1.50,WIFI
64:97:14:10:69:CF,Redlands Surgery Center Guest,[WPA2_PSK],2025-3-27 22:51:52,6,-82,34.0541153,-117.1880569,374.90,1.50,WIFI
64:97:14:10:69:C6,Redlands Surgery Center,[WPA2_PSK],2025-3-27 22:51:52,6,-83,34.0541153,-117.1880569,374.90,1.50,WIFI
26:5A:4C:A8:C8:22,NETGEAR88-5G-2,[WPA2_PSK],2025-3-27 22:51:52,6,-84,34.0541153,-117.1880569,374.90,1.50,WIFI
9C:C9:EB:EF:D8:86,MILLING,[WPA2_PSK],2025-3-27 22:51:56,10,-71,34.0538216,-117.1885910,373.40,1.50,WIFI
9E:C9:EB:EF:D8:87,RFD-Guest,[WPA2_PSK],2025-3-27 22:51:56,10,-72,34.0538216,-117.1885910,373.40,1.50,WIFI
9E:C9:EB:EF:D8:80,RFD-PRIVATE-5,[WPA2_PSK],2025-3-27 22:51:56,10,-74,34.0538216,-117.1885910,373.40,1.50,WIFI
4C:AB:F8:B7:95:A2,COB WIFI,[WPA2_PSK],2025-3-27 22:51:57,11,-73,34.0537453,-117.1887360,372.70,1.50,WIFI
84:1E:A3:D1:37:36,SpectrumSetup-30,[WPA2_PSK],2025-3-27 22:52:0,1,-82,34.0535126,-117.1891632,371.80,1.50,WIFI
6C:CD:D6:E5:45:61,,[WPA2_PSK],2025-3-27 22:52:3,3,-93,34.0532761,-117.1895981,371.80,1.50,WIFI
5C:FA:25:E0:FC:0D,SpectrumSetup-07,[WPA2_PSK],2025-3-27 22:52:6,6,-55,34.0530472,-117.1900024,371.20,1.50,WIFI
A4:97:33:D1:36:3D,SpectrumSetup-3F,[WPA2_PSK],2025-3-27 22:52:6,6,-71,34.0530472,-117.1900024,371.20,1.50,WIFI
86:2A:A8:1A:50:F0,The 4th best,[WPA2_PSK],2025-3-27 22:52:6,6,-74,34.0530472,-117.1900024,371.20,1.50,WIFI
F4:52:46:C1:98:66,merry chrysler chrimuss,[WPA2_PSK],2025-3-27 22:52:6,6,-75,34.0530472,-117.1900024,371.20,1.50,WIFI
DA:0F:99:8A:05:F7,DIRECT-f7-HP M452 LaserJet,[WPA2_PSK],2025-3-27 22:52:6,6,-83,34.0530472,-117.1900024,371.20,1.50,WIFI
6C:0B:5E:31:22:29,DIRECT-28-HP DeskJet 4200 series,[WPA2_PSK],2025-3-27 22:52:6,6,-87,34.0530472,-117.1900024,371.20,1.50,WIFI
60:57:47:58:E9:23,,[WPA_WPA2_PSK],2025-3-27 22:52:9,9,-93,34.0528603,-117.1903381,369.90,1.50,WIFI
3E:61:B4:19:EB:C7,,[WPA2_PSK],2025-3-27 22:52:10,10,-78,34.0528107,-117.1904221,369.70,1.50,WIFI
C0:A0:BB:EC:61:0E,dlink-610E,[WPA_WPA2_PSK],2025-3-27 22:52:10,10,-79,34.0528107,-117.1904221,369.70,1.50,WIFI
1C:61:B4:19:EB:C7,TEAM_PEETA,[WPA2_PSK],2025-3-27 22:52:10,10,-80,34.0528107,-117.1904221,369.70,1.50,WIFI
40:47:5E:53:DA:E9,,[OPEN],2025-3-27 22:52:11,11,-66,34.0527725,-117.1904984,369.80,1.50,WIFI
F0:B6:61:8D:E0:67,nacho,[WPA2_PSK],2025-3-27 22:52:11,11,-67,34.0527725,-117.1904984,369.80,1.50,WIFI
F0:B6:61:8D:E0:6A,,[OPEN],2025-3-27 22:52:11,11,-69,34.0527725,-117.1904984,369.80,1.50,WIFI
B0:19:21:23:ED:4E,FiOS-R5L06_EXT,[WPA2_PSK],2025-3-27 22:52:11,11,-70,34.0527725,-117.1904984,369.80,1.50,WIFI
28:EC:22:9B:C4:0F,qhmwifi Guest,[WPA2_PSK],2025-3-27 22:52:11,11,-78,34.0527725,-117.1904984,369.80,1.50,WIFI
D8:33:B7:D8:BC:51,Frontier0790,[WPA2_PSK],2025-3-27 22:52:11,11,-86,34.0527725,-117.1904984,369.80,1.50,WIFI
54:AF:97:05:DD:22,QHMWIFI-7-Randy's Office 2.4GHz,[WPA2_PSK],2025-3-27 22:52:11,11,-87,34.0527725,-117.1904984,369.80,1.50,WIFI
7C:A7:B0:FE:DC:4E,Mirroring-2FB060,[WPA2_PSK],2025-3-27 22:52:11,11,-88,34.0527725,-117.1904984,369.80,1.50,WIFI
AA:3B:76:03:0B:49,DIRECT-49-HP M283 LaserJet,[WPA2_PSK],2025-3-27 22:52:11,11,-88,34.0527725,-117.1904984,369.80,1.50,WIFI
A0:7F:8A:0A:8E:9A,DollyWolly1133,[WPA2_PSK],2025-3-27 22:52:12,1,-72,34.0527229,-117.1905670,370.10,1.50,WIFI
02:54:AF:EF:17:BC,Hotspot17BC,[WPA_WPA2_PSK],2025-3-27 22:52:12,1,-82,34.0527229,-117.1905670,370.10,1.50,WIFI
A8:97:CD:DD:C9:C8,Frontier2448,[WPA2_PSK],2025-3-27 22:52:12,1,-89,34.0527229,-117.1905670,370.10,1.50,WIFI
D8:CF:61:46:5D:EF,SpectrumSetup-5DE9,[WPA2_PSK],2025-3-27 22:52:12,1,-89,34.0527229,-117.1905670,370.10,1.50,WIFI
9C:57:BC:93:C4:83,,[WPA3_PSK],2025-3-27 22:52:20,6,-84,34.0523186,-117.1909332,370.00,1.50,WIFI
9C:57:BC:93:C4:86,House1,[WPA2_PSK],2025-3-27 22:52:20,6,-85,34.0523186,-117.1909332,370.00,1.50,WIFI
9C:57:BC:93:C4:89,,[OPEN],2025-3-27 22:52:20,6,-85,34.0523186,-117.1909332,370.00,1.50,WIFI
C0:6F:98:7E:8B:C3,,[WPA3_PSK],2025-3-27 22:52:20,6,-85,34.0523186,-117.1909332,370.00,1.50,WIFI
68:D7:9A:3B:93:9B,EmmersonBartlett703  ,[WPA2_PSK],2025-3-27 22:52:20,6,-86,34.0523186,-117.1909332,370.00,1.50,WIFI
FA:B4:6A:69:03:EF,DIRECT-EF-HP OfficeJet Pro 7720,[WPA2_PSK],2025-3-27 22:52:21,7,-89,34.0522575,-117.1908798,369.80,1.25,WIFI
8E:DC:97:0C:90:90,SGH Guest,[WPA2_PSK],2025-3-27 22:52:24,10,-85,34.0520210,-117.1906815,369.20,1.25,WIFI
88:67:46:8D:F7:06,adam,[WPA2_PSK],2025-3-27 22:52:25,11,-69,34.0519371,-117.1906052,368.90,1.25,WIFI
88:67:46:8D:F7:03,,[WPA3_PSK],2025-3-27 22:52:25,11,-72,34.0519371,-117.1906052,368.90,1.25,WIFI
88:67:46:8D:F7:09,,[OPEN],2025-3-27 22:52:25,11,-72,34.0519371,-117.1906052,368.90,1.25,WIFI
A8:A7:95:E7:A4:12,WIFIE7A40E,[WPA2_PSK],2025-3-27 22:52:25,11,-78,34.0519371,-117.1906052,368.90,1.25,WIFI
88:67:46:74:7B:83,,[WPA3_PSK],2025-3-27 22:52:27,1,-76,34.0517654,-117.1904755,368.90,1.25,WIFI
88:67:46:74:7B:89,,[OPEN],2025-3-27 22:52:27,1,-77,34.0517654,-117.1904755,368.90,1.25,WIFI
88:67:46:74:7B:86,Aerobika,[WPA2_WPA3_PSK],2025-3-27 22:52:27,1,-78,34.0517654,-117.1904755,368.90,1.25,WIFI
04:5E:A4:DC:19:88,Frontier8768_2.4G_EXT,[WPA2_PSK],2025-3-27 22:52:27,1,-78,34.0517654,-117.1904755,368.90,1.25,WIFI
22:7F:88:0C:DB:E2,,[WPA2_PSK],2025-3-27 22:52:27,1,-87,34.0517654,-117.1904755,368.90,1.25,WIFI
00:25:F0:60:A7:D0,tl60a7d0,[WPA2_PSK],2025-3-27 22:52:27,1,-88,34.0517654,-117.1904755,368.90,1.25,WIFI
98:1E:19:58:DB:96,MySpectrumWiFi90-2G,[WPA2_PSK],2025-3-27 22:52:27,1,-89,34.0517654,-117.1904755,368.90,1.25,WIFI
44:D4:53:7C:34:EE,SpectrumSetup-E8,[WPA2_PSK],2025-3-27 22:52:27,1,-90,34.0517654,-117.1904755,368.90,1.25,WIFI
F0:7B:65:0F:E8:FC,TheUniverse,[WPA2_PSK],2025-3-27 22:52:27,1,-94,34.0517654,-117.1904755,368.90,1.25,WIFI
30:60:0A:25:3D:8C,,[WPA_WPA2_PSK],2025-3-27 22:52:27,2,-88,34.0517654,-117.1904755,368.90,1.25,WIFI
18:B1:69:D4:A0:D0,PCH,[WPA2_PSK],2025-3-27 22:52:31,3,-90,34.0514221,-117.1902084,368.40,1.25,WIFI
94:18:65:F6:5C:D6,TheBatCave2,[WPA2_PSK],2025-3-27 22:52:33,5,-72,34.0512543,-117.1900711,368.60,1.25,WIFI
94:18:65:F6:5C:DC,TheBatCave2,[WPA2_PSK],2025-3-27 22:52:33,5,-79,34.0512543,-117.1900711,368.60,1.25,WIFI
94:18:65:F5:92:04,TheBatCave2,[WPA2_PSK],2025-3-27 22:52:33,5,-88,34.0512543,-117.1900711,368.60,1.25,WIFI
4C:19:5D:42:08:19,SpectrumSetup-13,[WPA2_PSK],2025-3-27 22:52:34,6,-79,34.0511665,-117.1900024,368.50,1.25,WIFI
74:93:DA:13:42:F9,SpectrumSetup-A4,[WPA2_PSK],2025-3-27 22:52:34,6,-81,34.0511665,-117.1900024,368.50,1.25,WIFI
4C:19:5D:57:6A:08,SpectrumSetup-02,[WPA2_PSK],2025-3-27 22:52:34,6,-83,34.0511665,-117.1900024,368.50,1.25,WIFI
40:47:5E:90:CE:29,,[OPEN],2025-3-27 22:52:34,6,-86,34.0511665,-117.1900024,368.50,1.25,WIFI
40:47:5E:90:CE:26,House1,[WPA2_PSK],2025-3-27 22:52:34,6,-86,34.0511665,-117.1900024,368.50,1.25,WIFI
40:47:5E:90:CE:23,,[WPA3_PSK],2025-3-27 22:52:34,6,-88,34.0511665,-117.1900024,368.50,1.25,WIFI
4C:AB:F8:F2:8E:2D,SpectrumSetup-2F,[WPA2_PSK],2025-3-27 22:52:34,6,-93,34.0511665,-117.1900024,368.50,1.25,WIFI
BC:EE:7B:7D:87:D0,Wea_2g,[WPA2_PSK],2025-3-27 22:52:35,7,-73,34.0510750,-117.1899261,368.40,1.25,WIFI
C2:95:75:F2:E2:4B,,[WPA2_PSK],2025-3-27 22:52:38,10,-79,34.0507965,-117.1897049,368.90,1.25,WIFI
34:98:B5:69:E6:98,SHWING Network,[WPA2_PSK],2025-3-27 22:52:38,10,-82,34.0507965,-117.1897049,368.90,1.25,WIFI
72:98:B5:69:E6:99,SHWING Network-Guest,[WPA2_PSK],2025-3-27 22:52:38,10,-84,34.0507965,-117.1897049,368.90,1.25,WIFI
34:98:B5:2C:B3:CB,MySpectrumWiFiE7-2G,[WPA2_PSK],2025-3-27 22:52:38,10,-84,34.0507965,-117.1897049,368.90,1.25,WIFI
B0:95:75:F2:E2:4B,PineApple,[WPA2_PSK],2025-3-27 22:52:38,10,-86,34.0507965,-117.1897049,368.90,1.25,WIFI
08:33:ED:CA:8F:1B,Reyerse2024,[WPA2_PSK],2025-3-27 22:52:39,11,-75,34.0507050,-117.1896286,369.10,1.25,WIFI
60:F4:19:78:06:C3,,[WPA3_PSK],2025-3-27 22:52:39,11,-77,34.0507050,-117.1896286,369.10,1.25,WIFI
60:F4:19:78:06:C9,,[OPEN],2025-3-27 22:52:39,11,-77,34.0507050,-117.1896286,369.10,1.25,WIFI
60:F4:19:78:06:C6,Jason,[WPA2_PSK],2025-3-27 22:52:39,11,-77,34.0507050,-117.1896286,369.10,1.25,WIFI
0C:CB:85:FC:1B:04,Bishtopia,[WPA2_PSK],2025-3-27 22:52:39,11,-83,34.0507050,-117.1896286,369.10,1.25,WIFI
24:94:CB:E9:DC:98,Frontier0944,[WPA2_PSK],2025-3-27 22:52:39,11,-84,34.0507050,-117.1896286,369.10,1.25,WIFI
0C:83:CC:C4:34:6F,tlc4346f,[WPA2_PSK],2025-3-27 22:52:39,11,-91,34.0507050,-117.1896286,369.10,1.25,WIFI
F4:05:95:D6:6B:81,SpectrumSetup-7B,[WPA2_PSK],2025-3-27 22:52:41,1,-61,34.0505028,-117.1894684,368.90,1.25,WIFI
58:9B:4A:84:BF:96,SpectrumSetup-D0,[WPA2_PSK],2025-3-27 22:52:41,1,-71,34.0505028,-117.1894684,368.90,1.25,WIFI
84:A0:6E:D0:D9:36,MySpectrumWiFi30-2G,[WPA2_PSK],2025-3-27 22:52:41,1,-77,34.0505028,-117.1894684,368.90,1.25,WIFI
88:DE:7C:32:88:01,SpectrumSetup-03,[WPA2_PSK],2025-3-27 22:52:41,1,-81,34.0505028,-117.1894684,368.90,1.25,WIFI
C8:63:FC:7C:56:78,Frontier4528,[WPA2_PSK],2025-3-27 22:52:41,1,-84,34.0505028,-117.1894684,368.90,1.25,WIFI
4C:AB:F8:B7:9C:52,SpectrumSetup-54,[WPA2_PSK],2025-3-27 22:52:48,6,-66,34.0498085,-117.1889191,372.40,1.25,WIFI
4C:AB:F8:C6:70:9D,SpectrumSetup-9F,[WPA2_PSK],2025-3-27 22:52:48,6,-67,34.0498085,-117.1889191,372.40,1.25,WIFI
9C:57:BC:EC:92:63,,[WPA3_PSK],2025-3-27 22:52:48,6,-77,34.0498085,-117.1889191,372.40,1.25,WIFI
9C:57:BC:EC:92:66,The Internet,[WPA2_PSK],2025-3-27 22:52:48,6,-77,34.0498085,-117.1889191,372.40,1.25,WIFI
58:9B:4A:96:AB:60,NanchoNetwork,[WPA2_PSK],2025-3-27 22:52:48,6,-80,34.0498085,-117.1889191,372.40,1.25,WIFI
14:7D:05:65:94:B3,Happy Hour,[WPA2_PSK],2025-3-27 22:52:48,6,-80,34.0498085,-117.1889191,372.40,1.25,WIFI
E8:D3:EB:87:5E:43,,[WPA3_PSK],2025-3-27 22:52:48,6,-82,34.0498085,-117.1889191,372.40,1.25,WIFI
E8:D3:EB:87:5E:49,,[OPEN],2025-3-27 22:52:48,6,-82,34.0498085,-117.1889191,372.40,1.25,WIFI
E8:D3:EB:87:5E:46,wifi628,[WPA2_PSK],2025-3-27 22:52:48,6,-82,34.0498085,-117.1889191,372.40,1.25,WIFI
70:CA:97:43:9A:18,party wfii,[WPA2_PSK],2025-3-27 22:52:48,6,-86,34.0498085,-117.1889191,372.40,1.25,WIFI
70:CA:97:03:9A:18,Ruckus,[WPA2_PSK],2025-3-27 22:52:48,6,-87,34.0498085,-117.1889191,372.40,1.25,WIFI
48:22:54:A1:70:F7,bigbutts100,[WPA2_PSK],2025-3-27 22:52:49,7,-75,34.0497246,-117.1888504,373.00,1.25,WIFI
6A:22:54:A1:70:F7,,[WPA2_PSK],2025-3-27 22:52:49,7,-76,34.0497246,-117.1888504,373.00,1.25,WIFI
5C:62:8B:AB:C0:5E,Hemme,[WPA2_PSK],2025-3-27 22:52:51,8,-83,34.0496063,-117.1887589,373.20,1.25,WIFI
62:62:8B:AB:C0:5E,Hemme_Guest,[WPA2_PSK],2025-3-27 22:52:51,8,-83,34.0496063,-117.1887589,373.20,1.25,WIFI
66:62:8B:AB:C0:5E,,[WPA2_PSK],2025-3-27 22:52:51,8,-83,34.0496063,-117.1887589,373.20,1.25,WIFI
66:62:8B:AB:C0:CE,,[WPA2_PSK],2025-3-27 22:52:51,8,-84,34.0496063,-117.1887589,373.20,1.25,WIFI
6A:62:8B:AB:C0:CE,,[WPA2_PSK],2025-3-27 22:52:51,8,-84,34.0496063,-117.1887589,373.20,1.25,WIFI
00:11:32:D3:C3:B7,HEREANDTHERE,[WPA2_PSK],2025-3-27 22:52:52,9,-83,34.0495758,-117.1887360,373.40,1.25,WIFI
16:11:32:D3:C3:B7,,[WPA2_PSK],2025-3-27 22:52:52,9,-85,34.0495758,-117.1887360,373.40,1.25,WIFI
16:11:32:CE:D6:8C,,[WPA2_PSK],2025-3-27 22:52:52,9,-87,34.0495758,-117.1887360,373.40,1.25,WIFI
00:11:32:CE:D6:8C,HEREANDTHERE,[WPA2_PSK],2025-3-27 22:52:52,9,-89,34.0495758,-117.1887360,373.40,1.25,WIFI
04:42:1A:DB:EC:C0,PrettyFly4aWiFi,[WPA2_PSK],2025-3-27 22:52:53,10,-83,34.0495529,-117.1887207,373.50,1.25,WIFI
04:42:1A:DB:6A:81,PrettyFly4aWiFi,[WPA2_PSK],2025-3-27 22:52:53,10,-91,34.0495529,-117.1887207,373.50,1.25,WIFI
74:37:5F:F9:BE:F1,The Paughs,[WPA2_PSK],2025-3-27 22:52:54,11,-69,34.0495377,-117.1887054,373.60,1.25,WIFI
98:F7:81:DC:87:28,Frontier7440,[WPA2_PSK],2025-3-27 22:52:54,11,-74,34.0495377,-117.1887054,373.60,1.25,WIFI
80:E5:40:EB:FF:18,Frontier4192,[WPA2_PSK],2025-3-27 22:52:54,11,-74,34.0495377,-117.1887054,373.60,1.25,WIFI
50:09:59:C2:1B:AF,TC8715DA9,[WPA2_PSK],2025-3-27 22:52:54,11,-79,34.0495377,-117.1887054,373.60,1.25,WIFI
74:37:5F:97:97:F7,SpectrumSetup-F5,[WPA2_PSK],2025-3-27 22:52:54,11,-81,34.0495377,-117.1887054,373.60,1.25,WIFI
40:4C:77:31:EB:18,Frontier2304,[WPA2_PSK],2025-3-27 22:52:54,11,-89,34.0495377,-117.1887054,373.60,1.25,WIFI
18:9C:27:87:CC:A8,Frontier5968,[WPA2_PSK],2025-3-27 22:52:54,11,-91,34.0495377,-117.1887054,373.60,1.25,WIFI
F0:81:75:D2:9D:CE,SpectrumSetup-C8,[WPA2_PSK],2025-3-27 22:52:57,1,-63,34.0495338,-117.1887054,373.60,1.25,WIFI
30:93:BC:7E:8F:A6,MySpectrumWiFia0-2G,[WPA2_PSK],2025-3-27 22:52:57,1,-79,34.0495338,-117.1887054,373.60,1.25,WIFI
9A:25:4A:27:45:2E,nachoNetwork,[WPA2_PSK],2025-3-27 22:52:59,2,-79,34.0495110,-117.1886902,373.40,1.25,WIFI
98:25:4A:F7:45:2E,,[WPA_WPA2_PSK],2025-3-27 22:52:59,2,-80,34.0495110,-117.1886902,373.40,1.25,WIFI
9A:25:4A:27:78:B6,nachoNetwork,[WPA2_PSK],2025-3-27 22:52:59,2,-88,34.0495110,-117.1886902,373.40,1.25,WIFI
CC:CF:83:6B:91:CE,,[WPA_WPA2_PSK],2025-3-27 22:52:59,2,-93,34.0495110,-117.1886902,373.40,1.25,WIFI
4E:22:54:7B:67:36,,[WPA2_PSK],2025-3-27 22:53:0,3,-83,34.0494766,-117.1886673,373.50,1.25,WIFI
48:22:54:7B:67:36,Tuesdays!,[WPA2_PSK],2025-3-27 22:53:0,3,-84,34.0494766,-117.1886673,373.50,1.25,WIFI
52:22:54:7B:67:36,,[WPA2_PSK],2025-3-27 22:53:0,3,-84,34.0494766,-117.1886673,373.50,1.25,WIFI
9C:0B:05:B0:2F:07,puggyrose,[WPA2_PSK],2025-3-27 22:53:3,6,-77,34.0492935,-117.1885300,374.20,1.25,WIFI
9C:0B:05:B0:2F:04,,[WPA3_PSK],2025-3-27 22:53:3,6,-78,34.0492935,-117.1885300,374.20,1.25,WIFI
9C:0B:05:B0:2F:0A,,[OPEN],2025-3-27 22:53:3,6,-78,34.0492935,-117.1885300,374.20,1.25,WIFI
9C:57:BC:9C:A8:C9,,[OPEN],2025-3-27 22:53:3,6,-83,34.0492935,-117.1885300,374.20,1.25,WIFI
9C:57:BC:9C:A8:C6,Greens,[WPA2_PSK],2025-3-27 22:53:3,6,-83,34.0492935,-117.1885300,374.20,1.25,WIFI
4C:AB:F8:9F:18:9D,A_71,[WPA2_PSK],2025-3-27 22:53:3,6,-83,34.0492935,-117.1885300,374.20,1.25,WIFI
E8:D3:EB:83:5B:A6,wifi628,[WPA2_PSK],2025-3-27 22:53:3,6,-84,34.0492935,-117.1885300,374.20,1.25,WIFI
F0:B6:61:C7:3A:27,Greens,[WPA2_PSK],2025-3-27 22:53:3,6,-84,34.0492935,-117.1885300,374.20,1.25,WIFI
5C:62:8B:AB:C0:CE,Hemme,[WPA2_PSK],2025-3-27 22:53:5,8,-88,34.0491295,-117.1884003,375.00,1.25,WIFI
62:62:8B:AB:C0:CE,Hemme_Guest,[WPA2_PSK],2025-3-27 22:53:5,8,-90,34.0491295,-117.1884003,375.00,1.25,WIFI
C2:42:1A:DB:EC:C1,ASUS_C0_2G_Guest,[WPA2_PSK],2025-3-27 22:53:7,10,-89,34.0489388,-117.1882553,375.70,1.25,WIFI
80:3F:5D:FD:3F:C2,WAVLINK-N,[WPA2_PSK],2025-3-27 22:53:8,11,-73,34.0488319,-117.1881790,376.20,1.25,WIFI
F6:CB:BC:8C:4E:D9,,[WPA_WPA2_PSK],2025-3-27 22:53:8,11,-78,34.0488319,-117.1881790,376.20,1.25,WIFI
FE:CB:BC:8C:4E:D9,RUSD_WiFi,[WPA2],2025-3-27 22:53:8,11,-78,34.0488319,-117.1881790,376.20,1.25,WIFI
C6:CB:BC:8C:4E:D9,student_chrome,[OPEN],2025-3-27 22:53:8,11,-78,34.0488319,-117.1881790,376.20,1.25,WIFI
E6:CB:BC:8C:4E:D9,,[WPA2],2025-3-27 22:53:8,11,-79,34.0488319,-117.1881790,376.20,1.25,WIFI
D2:CB:BC:8C:4E:D9,SBCSS_Redlands,[WPA2_PSK],2025-3-27 22:53:8,11,-81,34.0488319,-117.1881790,376.20,1.25,WIFI
DA:CB:BC:8C:4E:D9,RUSD_Devices,[WPA2_PSK],2025-3-27 22:53:8,11,-82,34.0488319,-117.1881790,376.20,1.25,WIFI
4C:AB:F8:05:C7:22,SpectrumSetup-24,[WPA2_PSK],2025-3-27 22:53:11,1,-71,34.0484886,-117.1878967,377.50,1.25,WIFI
2C:EA:DC:22:36:3D,SpectrumSetup-3F,[WPA2_PSK],2025-3-27 22:53:11,1,-79,34.0484886,-117.1878967,377.50,1.25,WIFI
20:9A:7D:15:29:C6,SpectrumSetup-C0,[WPA2_PSK],2025-3-27 22:53:11,1,-87,34.0484886,-117.1878967,377.50,1.25,WIFI
54:47:CC:E7:BD:76,Frontier0789,[WPA2_PSK],2025-3-27 22:53:11,1,-89,34.0484886,-117.1878967,377.50,1.25,WIFI
2C:58:4F:19:55:88,Frontier4544,[WPA2_PSK],2025-3-27 22:53:11,1,-93,34.0484886,-117.1878967,377.50,1.25,WIFI
40:3F:8C:E6:FF:0E,Fern,[WPA2_PSK],2025-3-27 22:53:14,3,-75,34.0481377,-117.1876144,379.50,1.25,WIFI
46:3F:8C:E6:FF:0E,,[WPA2_PSK],2025-3-27 22:53:14,3,-75,34.0481377,-117.1876144,379.50,1.25,WIFI
F0:7B:65:8A:C9:2D,SpectrumSetup-C927,[WPA2_PSK],2025-3-27 22:53:17,6,-65,34.0477753,-117.1873398,381.30,1.25,WIFI
F0:A7:31:C5:63:14,Sisters_EXT,[WPA2_PSK],2025-3-27 22:53:17,6,-79,34.0477753,-117.1873398,381.30,1.25,WIFI
F0:99:BF:0C:07:64,Scott Simonson's Network,[WPA2_PSK],2025-3-27 22:53:17,6,-79,34.0477753,-117.1873398,381.30,1.25,WIFI
F2:64:07:0C:BF:90,Scott Simonson's Guest Network,[WPA2_PSK],2025-3-27 22:53:17,6,-81,34.0477753,-117.1873398,381.30,1.25,WIFI
E4:5E:1B:E9:AB:98,Ariashome,[WPA2_PSK],2025-3-27 22:53:17,6,-83,34.0477753,-117.1873398,381.30,1.25,WIFI
5C:A5:BC:16:B8:C3,,[WPA3_PSK],2025-3-27 22:53:17,6,-86,34.0477753,-117.1873398,381.30,1.25,WIFI
3C:28:6D:C3:33:A7,Ariashome,[WPA2_PSK],2025-3-27 22:53:17,6,-90,34.0477753,-117.1873398,381.30,1.25,WIFI
FA:8F:CA:65:5D:25,Me speaker 2.o_,[OPEN],2025-3-27 22:53:17,6,-91,34.0477753,-117.1873398,381.30,1.25,WIFI
74:37:5F:57:81:BB,staci651,[WPA2_PSK],2025-3-27 22:53:17,6,-91,34.0477753,-117.1873398,381.30,1.25,WIFI
10:0C:6B:28:11:87,NETGEAR20,[WPA2_PSK],2025-3-27 22:53:17,7,-81,34.0477753,-117.1873398,381.30,1.25,WIFI
AA:91:E3:0C:7F:DD,,[WPA2_PSK],2025-3-27 22:53:17,7,-89,34.0477753,-117.1873398,381.30,1.25,WIFI
10:0C:6B:3D:1F:62,Just4TV-5G,[WPA2_PSK],2025-3-27 22:53:17,7,-90,34.0477753,-117.1873398,381.30,1.25,WIFI
50:91:E3:0C:7F:DB,spaceforce,[WPA2_PSK],2025-3-27 22:53:17,7,-91,34.0477753,-117.1873398,381.30,1.25,WIFI
9C:3D:CF:08:C9:8C,NTGR_VMB_1462060944,[WPA2_PSK],2025-3-27 22:53:22,11,-56,34.0471992,-117.1868820,384.00,1.25,WIFI
FA:1A:2B:1F:14:AC,LoriO337,[WPA2_PSK],2025-3-27 22:53:22,11,-70,34.0471992,-117.1868820,384.00,1.25,WIFI
F8:1A:2B:1F:14:AE,Ariashome,[WPA2_PSK],2025-3-27 22:53:22,11,-71,34.0471992,-117.1868820,384.00,1.25,WIFI
C8:A7:0A:94:05:B4,FiOS-2JP0R,[WPA2_PSK],2025-3-27 22:53:22,11,-76,34.0471992,-117.1868820,384.00,1.25,WIFI
18:9C:27:81:12:78,Frontier5088,[WPA2_PSK],2025-3-27 22:53:22,11,-77,34.0471992,-117.1868820,384.00,1.25,WIFI
1A:9A:7D:17:60:AA,SpectrumSetup-A8,[WPA2_PSK],2025-3-27 22:53:22,11,-81,34.0471992,-117.1868820,384.00,1.25,WIFI
D8:44:89:A5:5B:3C,TP-Link_Extender,[WPA2_PSK],2025-3-27 22:53:22,11,-83,34.0471992,-117.1868820,384.00,1.25,WIFI
00:25:F0:A8:22:C2,tla822c2,[WPA2_PSK],2025-3-27 22:53:22,11,-84,34.0471992,-117.1868820,384.00,1.25,WIFI
26:21:5E:46:D2:77,TeslaPW_EBJKTT,[WPA2_PSK],2025-3-27 22:53:22,11,-86,34.0471992,-117.1868820,384.00,1.25,WIFI
48:C8:62:DD:83:52,SMART_RTR_2.4_5ra,[WPA2_WPA3_PSK],2025-3-27 22:53:22,11,-89,34.0471992,-117.1868820,384.00,1.25,WIFI
A0:68:7E:00:9F:38,Frontier2912,[WPA2_PSK],2025-3-27 22:53:22,11,-93,34.0471992,-117.1868820,384.00,1.25,WIFI
CC:F4:11:0B:B7:3F,Ariashome,[WPA2_PSK],2025-3-27 22:53:22,1,-82,34.0471992,-117.1868820,384.00,1.25,WIFI
F0:7B:65:EB:E6:82,SpectrumSetup-E67C,[WPA2_PSK],2025-3-27 22:53:22,1,-83,34.0471992,-117.1868820,384.00,1.25,WIFI
E0:B2:60:40:DE:D1,Meer mesh,[WPA_WPA2_PSK],2025-3-27 22:53:22,1,-87,34.0471992,-117.1868820,384.00,1.25,WIFI
F4:52:46:AC:F9:45,SpectrumSetup-47,[WPA2_PSK],2025-3-27 22:53:22,1,-87,34.0471992,-117.1868820,384.00,1.25,WIFI
D8:CF:61:45:0F:63,SpectrumSetup-C8,[WPA2_PSK],2025-3-27 22:53:22,1,-87,34.0471992,-117.1868820,384.00,1.25,WIFI
46:3F:8C:E7:29:AE,,[WPA2_PSK],2025-3-27 22:53:28,3,-59,34.0466232,-117.1864166,386.50,1.25,WIFI
40:3F:8C:E7:29:AE,Fern,[WPA2_PSK],2025-3-27 22:53:28,3,-60,34.0466232,-117.1864166,386.50,1.25,WIFI
46:3F:8C:E6:BD:22,,[WPA2_PSK],2025-3-27 22:53:28,3,-61,34.0466232,-117.1864166,386.50,1.25,WIFI
40:3F:8C:E6:BD:22,Fern,[WPA2_PSK],2025-3-27 22:53:28,3,-63,34.0466232,-117.1864166,386.50,1.25,WIFI
28:EC:22:8E:17:A6,Frontier3088,[WPA2_PSK],2025-3-27 22:53:31,6,-65,34.0465050,-117.1863251,387.40,1.25,WIFI
28:EC:22:8E:17:A9,,[OPEN],2025-3-27 22:53:31,6,-65,34.0465050,-117.1863251,387.40,1.25,WIFI
28:EC:22:8E:17:A3,,[WPA3_PSK],2025-3-27 22:53:31,6,-66,34.0465050,-117.1863251,387.40,1.25,WIFI
28:EC:22:83:93:89,,[OPEN],2025-3-27 22:53:31,6,-76,34.0465050,-117.1863251,387.40,1.25,WIFI
28:EC:22:83:93:83,,[WPA3_PSK],2025-3-27 22:53:31,6,-78,34.0465050,-117.1863251,387.40,1.25,WIFI
28:EC:22:83:93:86,Frontier3088,[WPA2_PSK],2025-3-27 22:53:31,6,-78,34.0465050,-117.1863251,387.40,1.25,WIFI
3E:28:6D:C3:33:A4,LoriO337,[WPA2_PSK],2025-3-27 22:53:31,6,-79,34.0465050,-117.1863251,387.40,1.25,WIFI
88:67:46:93:8E:83,,[WPA3_PSK],2025-3-27 22:53:31,6,-82,34.0465050,-117.1863251,387.40,1.25,WIFI
88:67:46:93:8E:89,,[OPEN],2025-3-27 22:53:31,6,-83,34.0465050,-117.1863251,387.40,1.25,WIFI
88:67:46:93:8E:86,Vedder,[WPA2_PSK],2025-3-27 22:53:31,6,-83,34.0465050,-117.1863251,387.40,1.25,WIFI
44:1C:A8:DE:E6:CA,AMBRIZ,[WPA2_PSK],2025-3-27 22:53:31,6,-89,34.0465050,-117.1863251,387.40,1.25,WIFI
62:06:C3:C7:51:E1,,[WPA2_PSK],2025-3-27 22:53:35,10,-88,34.0464554,-117.1862869,387.30,1.25,WIFI
70:77:81:D6:D2:FE,LAMEDA,[WPA2_PSK],2025-3-27 22:53:36,11,-81,34.0464096,-117.1862488,387.50,1.25,WIFI
78:76:89:10:DE:24,,[WPA3_PSK],2025-3-27 22:53:36,11,-86,34.0464096,-117.1862488,387.50,1.25,WIFI
78:76:89:10:DE:2A,,[OPEN],2025-3-27 22:53:36,11,-86,34.0464096,-117.1862488,387.50,1.25,WIFI
78:76:89:10:DE:27,Tasha's Cauldron Of Internet,[WPA2_PSK],2025-3-27 22:53:36,11,-87,34.0464096,-117.1862488,387.50,1.25,WIFI
58:7A:62:29:75:50,,[WPA2_PSK],2025-3-27 22:53:36,11,-88,34.0464096,-117.1862488,387.50,1.25,WIFI
14:C0:3E:EB:F5:98,Frontier7568,[WPA2_PSK],2025-3-27 22:53:36,11,-90,34.0464096,-117.1862488,387.50,1.25,WIFI
B0:7F:B9:01:66:5B,NETGEAR21,[WPA2_PSK],2025-3-27 22:53:36,11,-91,34.0464096,-117.1862488,387.50,1.25,WIFI
C4:D8:D5:7E:66:3D,PNR08IF310547DB0A1,[OPEN],2025-3-27 22:53:38,1,-84,34.0462761,-117.1861420,387.30,1.25,WIFI
88:57:1D:2C:C0:E3,[range]_E30AJT71030000,[WPA2_PSK],2025-3-27 22:53:38,1,-87,34.0462761,-117.1861420,387.30,1.25,WIFI
A0:7F:8A:25:88:8C,SpectrumSetup-8886,[WPA2_PSK],2025-3-27 22:53:38,1,-92,34.0462761,-117.1861420,387.30,1.25,WIFI
AC:F1:08:91:5A:CE,RMDACF108915ACD,[WPA_WPA2_PSK],2025-3-27 22:53:42,3,-83,34.0459099,-117.1858597,389.20,1.25,WIFI
F0:79:59:87:A2:80,Journey,[WPA2_PSK],2025-3-27 22:53:43,4,-85,34.0458069,-117.1857758,389.70,1.25,WIFI
7E:D5:3C:26:52:B1,AndroidAp_RD,[WPA2_PSK],2025-3-27 22:53:43,4,-87,34.0458069,-117.1857758,389.70,1.25,WIFI
86:69:93:8B:BC:8E,DIRECT-8e-HP M110 LaserJet,[WPA2_PSK],2025-3-27 22:53:43,4,-89,34.0458069,-117.1857758,389.70,1.25,WIFI
9C:0B:05:A4:10:07,Brownhouse440,[WPA2_PSK],2025-3-27 22:53:45,6,-68,34.0455971,-117.1856003,390.30,1.25,WIFI
20:23:51:91:D2:D1,TheTurtleWiFi_EXT,[WPA2_PSK],2025-3-27 22:53:45,6,-69,34.0455971,-117.1856003,390.30,1.25,WIFI
9C:0B:05:A4:10:04,,[WPA3_PSK],2025-3-27 22:53:45,6,-75,34.0455971,-117.1856003,390.30,1.25,WIFI
9C:0B:05:A4:10:0A,,[OPEN],2025-3-27 22:53:45,6,-75,34.0455971,-117.1856003,390.30,1.25,WIFI
C0:6F:98:E8:AE:66,judyg,[WPA2_PSK],2025-3-27 22:53:45,6,-77,34.0455971,-117.1856003,390.30,1.25,WIFI
C0:6F:98:E8:AE:63,,[WPA3_PSK],2025-3-27 22:53:45,6,-78,34.0455971,-117.1856003,390.30,1.25,WIFI
C0:6F:98:E8:AE:69,,[OPEN],2025-3-27 22:53:45,6,-79,34.0455971,-117.1856003,390.30,1.25,WIFI
90:CA:FA:88:39:8D,cordes,[WPA2_PSK],2025-3-27 22:53:45,6,-80,34.0455971,-117.1856003,390.30,1.25,WIFI
4A:BA:4E:69:32:63,DIRECT-63-HP ENVY Photo 7800,[WPA2_PSK],2025-3-27 22:53:45,6,-89,34.0455971,-117.1856003,390.30,1.25,WIFI
60:83:E7:B0:F0:66,,[WPA_WPA2_PSK],2025-3-27 22:53:47,8,-82,34.0453720,-117.1854248,390.80,1.25,WIFI
62:83:E7:20:F0:66,martymcfly,[WPA2_PSK],2025-3-27 22:53:47,8,-85,34.0453720,-117.1854248,390.80,1.25,WIFI
60:83:E7:B1:80:4A,,[WPA_WPA2_PSK],2025-3-27 22:53:47,8,-92,34.0453720,-117.1854248,390.80,1.25,WIFI
F8:5B:3B:7C:DF:15,SpectrumSetup-17,[WPA2_PSK],2025-3-27 22:53:50,11,-64,34.0450325,-117.1851425,392.70,1.25,WIFI
58:9B:4A:B1:5D:D3,LYBL,[WPA2_PSK],2025-3-27 22:53:50,11,-83,34.0450325,-117.1851425,392.70,1.25,WIFI
74:37:5F:F7:23:69,SpectrumSetup-67,[WPA2_PSK],2025-3-27 22:53:50,11,-89,34.0450325,-117.1851425,392.70,1.25,WIFI
44:AD:B1:58:26:C6,Babeos,[WPA2_PSK],2025-3-27 22:53:53,1,-64,34.0447006,-117.1848755,393.10,1.25,WIFI
38:94:ED:B4:06:79,ngHub_31945BNS03499,[WPA2_PSK],2025-3-27 22:53:53,1,-85,34.0447006,-117.1848755,393.10,1.25,WIFI
94:A6:7E:3F:CB:56,Frontier2176_5G_2GEXT,[WPA2_PSK],2025-3-27 22:53:53,1,-86,34.0447006,-117.1848755,393.10,1.25,WIFI
28:80:88:26:53:57,NETGEAR40,[WPA2_PSK],2025-3-27 22:53:53,1,-86,34.0447006,-117.1848755,393.10,1.25,WIFI
C8:99:B2:B4:79:6F,Verizon_X7CP6D,[WPA2_PSK],2025-3-27 22:53:53,1,-87,34.0447006,-117.1848755,393.10,1.25,WIFI
00:25:F0:6A:70:68,tl6a7068,[WPA2_PSK],2025-3-27 22:53:53,1,-94,34.0447006,-117.1848755,393.10,1.25,WIFI
9C:3D:CF:57:F1:8C,NTGR_VMB_1502263078,[WPA2_PSK],2025-3-27 22:53:56,3,-90,34.0443611,-117.1846085,394.80,1.25,WIFI
CC:CF:83:AA:66:94,,[WPA_WPA2_PSK],2025-3-27 22:53:59,5,-80,34.0440407,-117.1843491,396.30,1.50,WIFI
C8:C6:FE:62:2F:03,,[WPA3_PSK],2025-3-27 22:54:0,6,-74,34.0439453,-117.1842728,396.60,1.50,WIFI
C8:C6:FE:62:2F:09,,[OPEN],2025-3-27 22:54:0,6,-74,34.0439453,-117.1842728,396.60,1.50,WIFI
C8:C6:FE:62:2F:06,Jaquezwifi,[WPA2_PSK],2025-3-27 22:54:0,6,-77,34.0439453,-117.1842728,396.60,1.50,WIFI
C0:6F:98:9C:AF:43,,[WPA3_PSK],2025-3-27 22:54:0,6,-77,34.0439453,-117.1842728,396.60,1.50,WIFI
C0:6F:98:9C:AF:49,,[OPEN],2025-3-27 22:54:0,6,-77,34.0439453,-117.1842728,396.60,1.50,WIFI
C0:6F:98:9C:AF:46,tgmFIOS,[WPA2_PSK],2025-3-27 22:54:0,6,-77,34.0439453,-117.1842728,396.60,1.50,WIFI
C0:6F:98:9C:AF:4F,tgmFIOS Guest,[WPA2_PSK],2025-3-27 22:54:0,6,-77,34.0439453,-117.1842728,396.60,1.50,WIFI
30:3A:4A:80:BA:E5,Jaquezwifi,[WPA2_PSK],2025-3-27 22:54:0,6,-78,34.0439453,-117.1842728,396.60,1.50,WIFI
30:3A:4A:81:2B:87,,[OPEN],2025-3-27 22:54:0,6,-79,34.0439453,-117.1842728,396.60,1.50,WIFI
30:3A:4A:80:BA:E3,,[WPA3_PSK],2025-3-27 22:54:0,6,-79,34.0439453,-117.1842728,396.60,1.50,WIFI
30:3A:4A:81:2B:85,Jaquezwifi,[WPA2_PSK],2025-3-27 22:54:0,6,-80,34.0439453,-117.1842728,396.60,1.50,WIFI
30:3A:4A:80:BA:E7,,[OPEN],2025-3-27 22:54:0,6,-81,34.0439453,-117.1842728,396.60,1.50,WIFI
30:3A:4A:81:2B:83,,[WPA3_PSK],2025-3-27 22:54:0,6,-82,34.0439453,-117.1842728,396.60,1.50,WIFI
86:2A:FD:F8:A1:7B,DIRECT-7B-HP ENVY Photo 7100,[WPA2_PSK],2025-3-27 22:54:0,6,-83,34.0439453,-117.1842728,396.60,1.50,WIFI
20:BE:CD:33:67:27,Hyrule,[WPA2_PSK],2025-3-27 22:54:0,6,-83,34.0439453,-117.1842728,396.60,1.50,WIFI
66:C6:D2:27:28:F1,DIRECT-nw-EPSON-ET-2800 Series,[WPA2_PSK],2025-3-27 22:54:0,6,-86,34.0439453,-117.1842728,396.60,1.50,WIFI
78:D6:D6:5A:F0:C5,tgmFIOS,[WPA2_PSK],2025-3-27 22:54:0,6,-88,34.0439453,-117.1842728,396.60,1.50,WIFI
86:CC:9C:13:7F:81,,[WPA2_PSK],2025-3-27 22:54:3,9,-91,34.0437355,-117.1841049,397.40,1.25,WIFI
80:CC:9C:11:60:43,,[WPA2_PSK],2025-3-27 22:54:3,9,-92,34.0437355,-117.1841049,397.40,1.25,WIFI
8E:CC:9C:13:7F:81,ORBI31-IoT,[WPA2_PSK],2025-3-27 22:54:3,9,-93,34.0437355,-117.1841049,397.40,1.25,WIFI
62:D4:F7:C1:EF:13,,[WPA2_PSK],2025-3-27 22:54:4,10,-83,34.0436897,-117.1840668,397.60,1.25,WIFI
52:D4:F7:C1:EF:13,Terrasen_Guest,[WPA2_PSK],2025-3-27 22:54:4,10,-86,34.0436897,-117.1840668,397.60,1.25,WIFI
50:D4:F7:C1:EF:13,Terrasen,[WPA2_PSK],2025-3-27 22:54:4,10,-87,34.0436897,-117.1840668,397.60,1.25,WIFI
00:C8:96:04:93:C0,,[WPA_WPA2_PSK],2025-3-27 22:54:4,10,-90,34.0436897,-117.1840668,397.60,1.25,WIFI
54:A0:50:CF:D2:48,tgmCellspot,[WPA2_PSK],2025-3-27 22:54:4,10,-90,34.0436897,-117.1840668,397.60,1.25,WIFI
E6:CB:BC:BE:B3:0B,Liahona,[WPA2_PSK],2025-3-27 22:54:5,11,-78,34.0436478,-117.1840286,397.70,1.25,WIFI
EA:CB:BC:BE:B3:0B,IOTConnect,[WPA2_PSK],2025-3-27 22:54:5,11,-80,34.0436478,-117.1840286,397.70,1.25,WIFI
9C:0B:05:C1:D0:67,bo,[WPA2_PSK],2025-3-27 22:54:5,11,-81,34.0436478,-117.1840286,397.70,1.25,WIFI
E0:CB:BC:BE:B3:0B,Lehi,[WPA2_PSK],2025-3-27 22:54:5,11,-81,34.0436478,-117.1840286,397.70,1.25,WIFI
9C:0B:05:C1:D0:6A,,[OPEN],2025-3-27 22:54:5,11,-82,34.0436478,-117.1840286,397.70,1.25,WIFI
48:5D:36:4E:10:D6,FiOS-4KGS8,[WPA2_PSK],2025-3-27 22:54:5,11,-84,34.0436478,-117.1840286,397.70,1.25,WIFI
DE:CB:BC:BE:B3:0B,,[WPA2_PSK],2025-3-27 22:54:5,11,-84,34.0436478,-117.1840286,397.70,1.25,WIFI
3A:22:E2:98:15:FF,DIRECT-FF-HP OfficeJet Pro 8020,[WPA2_PSK],2025-3-27 22:54:8,1,-84,34.0435677,-117.1839676,398.30,1.25,WIFI
40:5D:82:08:CA:4F,ngHub_31945BNS03499,[WPA2_PSK],2025-3-27 22:54:8,1,-89,34.0435677,-117.1839676,398.30,1.25,WIFI
CC:0D:EC:47:2C:02,,[WPA2_PSK],2025-3-27 22:54:8,1,-90,34.0435677,-117.1839676,398.30,1.25,WIFI
E0:88:5D:58:91:9D,Murguia,[WPA2_PSK],2025-3-27 22:54:14,6,-78,34.0434990,-117.1839142,398.30,1.25,WIFI
78:D6:D6:5A:F0:C3,,[WPA3_PSK],2025-3-27 22:54:14,6,-85,34.0434990,-117.1839142,398.30,1.25,WIFI
78:D6:D6:5A:F0:CB,tgmFIOS Guest,[WPA2_PSK],2025-3-27 22:54:14,6,-86,34.0434990,-117.1839142,398.30,1.25,WIFI
78:D6:D6:5A:F0:C7,,[OPEN],2025-3-27 22:54:14,6,-87,34.0434990,-117.1839142,398.30,1.25,WIFI
00:C8:96:D1:51:82,,[WPA_WPA2_PSK],2025-3-27 22:54:19,11,-79,34.0434074,-117.1838379,398.70,1.25,WIFI
9C:0B:05:DB:8E:4A,,[OPEN],2025-3-27 22:54:19,11,-85,34.0434074,-117.1838379,398.70,1.25,WIFI
F0:B6:61:AE:52:CA,,[OPEN],2025-3-27 22:54:19,11,-86,34.0434074,-117.1838379,398.70,1.25,WIFI
9C:0B:05:DB:8E:44,,[WPA3_PSK],2025-3-27 22:54:19,11,-87,34.0434074,-117.1838379,398.70,1.25,WIFI
B2:8B:A9:97:D4:08,GerrardsGuest,[OPEN],2025-3-27 22:54:19,11,-89,34.0434074,-117.1838379,398.70,1.25,WIFI
9C:0B:05:5F:0C:6A,,[OPEN],2025-3-27 22:54:19,11,-90,34.0434074,-117.1838379,398.70,1.25,WIFI
48:5D:36:52:FC:12,FiOS-JN8GZ,[WPA_WPA2_PSK],2025-3-27 22:54:19,11,-92,34.0434074,-117.1838379,398.70,1.25,WIFI
AC:8B:A9:97:D4:08,GerrardsWiFi,[WPA2_PSK],2025-3-27 22:54:19,11,-95,34.0434074,-117.1838379,398.70,1.25,WIFI
20:0D:B0:72:F1:B2,GerrardsGuest,[OPEN],2025-3-27 22:54:20,1,-70,34.0433464,-117.1837921,398.80,1.25,WIFI
86:0D:8E:59:FE:6B,SmartLife-FE6B,[OPEN],2025-3-27 22:54:20,1,-91,34.0433464,-117.1837921,398.80,1.25,WIFI
D0:6D:C9:39:6D:46,Frontier0410,[WPA2_PSK],2025-3-27 22:54:20,1,-92,34.0433464,-117.1837921,398.80,1.25,WIFI
18:1B:EB:F0:BB:7C,Coyote,[WPA2_PSK],2025-3-27 22:54:28,6,-73,34.0425682,-117.1831665,401.30,1.25,WIFI
DE:CB:BC:BE:AE:B2,,[WPA2_PSK],2025-3-27 22:54:28,6,-82,34.0425682,-117.1831665,401.30,1.25,WIFI
E0:CB:BC:BE:AE:B2,Lehi,[WPA2_PSK],2025-3-27 22:54:28,6,-85,34.0425682,-117.1831665,401.30,1.25,WIFI
E6:CB:BC:BE:AE:B2,Liahona,[WPA2_PSK],2025-3-27 22:54:28,6,-85,34.0425682,-117.1831665,401.30,1.25,WIFI
EA:CB:BC:BE:AE:B2,IOTConnect,[WPA2_PSK],2025-3-27 22:54:28,6,-85,34.0425682,-117.1831665,401.30,1.25,WIFI
F8:E4:FB:B0:F8:27,8LKFL,[WPA2_PSK],2025-3-27 22:54:28,6,-90,34.0425682,-117.1831665,401.30,1.25,WIFI
DC:9B:D6:24:5B:D4,Catville,[WPA2_PSK],2025-3-27 22:54:28,6,-90,34.0425682,-117.1831665,401.30,1.25,WIFI
70:8B:CD:C2:FC:99,ASUS_Guest1,[WPA2_PSK],2025-3-27 22:54:30,8,-79,34.0423241,-117.1829758,402.10,1.25,WIFI
70:8B:CD:C2:FC:98,Karolinska,[WPA2_PSK],2025-3-27 22:54:30,8,-84,34.0423241,-117.1829758,402.10,1.25,WIFI
80:CE:62:DD:AB:33,DIRECT-32-HP OfficeJet 4650,[WPA2_PSK],2025-3-27 22:54:30,8,-91,34.0423241,-117.1829758,402.10,1.25,WIFI
30:DE:4B:3D:15:56,TP-Link_1556,[WPA2_PSK],2025-3-27 22:54:32,10,-81,34.0420799,-117.1827850,402.90,1.25,WIFI
44:1C:A8:D3:DA:E6,Yuen,[WPA2_PSK],2025-3-27 22:54:33,11,-68,34.0419502,-117.1826859,403.40,1.25,WIFI
84:A0:6E:D2:6F:4E,MySpectrumWiFi48-2G,[WPA2_PSK],2025-3-27 22:54:33,11,-74,34.0419502,-117.1826859,403.40,1.25,WIFI
C8:63:FC:63:D2:F8,Frontier8000,[WPA2_PSK],2025-3-27 22:54:33,11,-85,34.0419502,-117.1826859,403.40,1.25,WIFI
C4:41:1E:DD:54:3F,Frontier8000_Ext Garage,[WPA2_PSK],2025-3-27 22:54:33,11,-89,34.0419502,-117.1826859,403.40,1.25,WIFI
C0:89:AB:6F:B6:28,Frontier7600,[WPA2_PSK],2025-3-27 22:54:33,11,-91,34.0419502,-117.1826859,403.40,1.25,WIFI
28:EC:22:26:50:C6,McClureWifi,[WPA2_PSK],2025-3-27 22:54:34,1,-76,34.0418320,-117.1825943,403.80,1.25,WIFI
28:EC:22:26:50:C3,,[WPA3_PSK],2025-3-27 22:54:34,1,-77,34.0418320,-117.1825943,403.80,1.25,WIFI
28:EC:22:26:50:C9,,[OPEN],2025-3-27 22:54:34,1,-77,34.0418320,-117.1825943,403.80,1.25,WIFI
48:D2:4F:FC:B9:DE,astromech,[WPA2_PSK],2025-3-27 22:54:34,1,-80,34.0418320,-117.1825943,403.80,1.25,WIFI
28:EC:22:1F:9E:66,McClureWifi,[WPA2_PSK],2025-3-27 22:54:34,1,-88,34.0418320,-117.1825943,403.80,1.25,WIFI
74:37:5F:F0:57:2F,ALMIND-5G,[WPA2_PSK],2025-3-27 22:54:34,1,-89,34.0418320,-117.1825943,403.80,1.25,WIFI
6C:CD:D6:F7:A4:51,Weis Manor,[WPA2_PSK],2025-3-27 22:54:39,3,-84,34.0412560,-117.1821289,406.00,1.25,WIFI
6A:47:32:DB:27:10,,[WPA2_PSK],2025-3-27 22:54:39,3,-85,34.0412560,-117.1821289,406.00,1.25,WIFI
72:CD:D6:F7:A4:51,,[WPA2_PSK],2025-3-27 22:54:39,3,-85,34.0412560,-117.1821289,406.00,1.25,WIFI
72:CD:D6:FD:73:77,Weis Manor,[WPA2_PSK],2025-3-27 22:54:39,3,-86,34.0412560,-117.1821289,406.00,1.25,WIFI
72:CD:D6:FD:75:7F,Weis Manor,[WPA2_PSK],2025-3-27 22:54:39,3,-90,34.0412560,-117.1821289,406.00,1.25,WIFI
68:4A:76:77:88:A7,,[OPEN],2025-3-27 22:54:42,6,-78,34.0409508,-117.1818848,407.30,1.25,WIFI
68:4A:76:77:88:A3,,[WPA3_PSK],2025-3-27 22:54:42,6,-78,34.0409508,-117.1818848,407.30,1.25,WIFI
68:4A:76:77:88:A5,wifi_7G,[WPA2_PSK],2025-3-27 22:54:42,6,-78,34.0409508,-117.1818848,407.30,1.25,WIFI
C4:A8:16:36:8D:11,Angus Wifi Guest,[WPA2_PSK],2025-3-27 22:54:42,6,-80,34.0409508,-117.1818848,407.30,1.25,WIFI
C4:A8:16:36:8D:08,Angus Wifi,[WPA2_PSK],2025-3-27 22:54:42,6,-81,34.0409508,-117.1818848,407.30,1.25,WIFI
F0:21:E0:0F:40:E3,,[WPA3_PSK],2025-3-27 22:54:42,6,-82,34.0409508,-117.1818848,407.30,1.25,WIFI
F0:21:E0:0F:40:E5,wifi_7G,[WPA2_PSK],2025-3-27 22:54:42,6,-82,34.0409508,-117.1818848,407.30,1.25,WIFI
F0:21:E0:0F:40:E7,,[OPEN],2025-3-27 22:54:42,6,-83,34.0409508,-117.1818848,407.30,1.25,WIFI
C8:C6:FE:68:B8:63,,[WPA3_PSK],2025-3-27 22:54:42,6,-83,34.0409508,-117.1818848,407.30,1.25,WIFI
C8:C6:FE:68:B8:69,,[OPEN],2025-3-27 22:54:42,6,-83,34.0409508,-117.1818848,407.30,1.25,WIFI
C8:C6:FE:68:B8:66,Airport_Jones,[WPA2_PSK],2025-3-27 22:54:42,6,-83,34.0409508,-117.1818848,407.30,1.25,WIFI
FA:8F:CA:50:43:95,MagniFi Mini AX-8186.l062_,[OPEN],2025-3-27 22:54:42,6,-84,34.0409508,-117.1818848,407.30,1.25,WIFI
C8:C6:FE:62:A9:69,,[OPEN],2025-3-27 22:54:42,6,-84,34.0409508,-117.1818848,407.30,1.25,WIFI
C8:C6:FE:62:A9:63,,[WPA3_PSK],2025-3-27 22:54:42,6,-85,34.0409508,-117.1818848,407.30,1.25,WIFI
C8:C6:FE:62:A9:66,Airport_Jones,[WPA2_PSK],2025-3-27 22:54:42,6,-85,34.0409508,-117.1818848,407.30,1.25,WIFI
C4:A8:16:36:8D:0B,,[OPEN],2025-3-27 22:54:42,6,-85,34.0409508,-117.1818848,407.30,1.25,WIFI
C8:C6:FE:69:5E:83,,[WPA3_PSK],2025-3-27 22:54:42,6,-86,34.0409508,-117.1818848,407.30,1.25,WIFI
A4:97:33:B4:12:A5,220516UH,[WPA2_PSK],2025-3-27 22:54:42,6,-88,34.0409508,-117.1818848,407.30,1.25,WIFI
E8:4F:25:9C:4E:F8,ORIERO LEXUS  NX ,[WPA2_PSK],2025-3-27 22:54:42,6,-91,34.0409508,-117.1818848,407.30,1.25,WIFI
1A:93:7F:AA:CB:56,SunPower50641,[WPA2_PSK],2025-3-27 22:54:42,6,-91,34.0409508,-117.1818848,407.30,1.25,WIFI
06:17:1A:D5:CC:54,,[WPA2_PSK],2025-3-27 22:54:42,6,-91,34.0409508,-117.1818848,407.30,1.25,WIFI
02:17:1A:D5:CC:54,golf4,[WPA2_PSK],2025-3-27 22:54:42,6,-94,34.0409508,-117.1818848,407.30,1.25,WIFI
3A:98:B5:AF:3C:04,ORBI12,[WPA2_PSK],2025-3-27 22:54:46,9,-69,34.0406723,-117.1816635,408.60,1.25,WIFI
34:98:B5:AF:3C:04,,[WPA2_PSK],2025-3-27 22:54:46,9,-71,34.0406723,-117.1816635,408.60,1.25,WIFI
3E:98:B5:AF:3C:04,ORBI12-Guest,[WPA2_PSK],2025-3-27 22:54:46,9,-72,34.0406723,-117.1816635,408.60,1.25,WIFI
3E:98:B5:AF:4E:0C,ORBI12-Guest,[WPA2_PSK],2025-3-27 22:54:46,9,-74,34.0406723,-117.1816635,408.60,1.25,WIFI
3A:98:B5:AF:4E:0C,ORBI12,[WPA2_PSK],2025-3-27 22:54:46,9,-80,34.0406723,-117.1816635,408.60,1.25,WIFI
3A:98:B5:AD:42:9B,ORBI12,[WPA2_PSK],2025-3-27 22:54:46,9,-81,34.0406723,-117.1816635,408.60,1.25,WIFI
3E:98:B5:AD:42:9B,ORBI12-Guest,[WPA2_PSK],2025-3-27 22:54:46,9,-84,34.0406723,-117.1816635,408.60,1.25,WIFI
34:98:B5:AD:42:9B,,[WPA2_PSK],2025-3-27 22:54:46,9,-84,34.0406723,-117.1816635,408.60,1.25,WIFI
D0:6D:C9:33:61:76,Frontier1665,[WPA2_PSK],2025-3-27 22:54:48,11,-72,34.0405960,-117.1816101,409.00,1.25,WIFI
94:10:3E:CA:C3:AE,Linksys Extender Setup,[OPEN],2025-3-27 22:54:48,11,-73,34.0405960,-117.1816101,409.00,1.25,WIFI
B0:7F:B9:85:72:34,NETGEAR50,[WPA2_PSK],2025-3-27 22:54:48,11,-76,34.0405960,-117.1816101,409.00,1.25,WIFI
C8:63:FC:65:1B:A8,Frontier2144,[WPA2_PSK],2025-3-27 22:54:48,11,-81,34.0405960,-117.1816101,409.00,1.25,WIFI
C8:A7:0A:8D:21:EE,FiOS-Y1SMV,[WPA2_PSK],2025-3-27 22:54:48,11,-85,34.0405960,-117.1816101,409.00,1.25,WIFI
A0:63:91:27:CF:D5,MyCharterWiFid5-2G,[WPA2_PSK],2025-3-27 22:54:48,11,-86,34.0405960,-117.1816101,409.00,1.25,WIFI
54:04:63:FB:06:80,,[WPA_WPA2_PSK],2025-3-27 22:54:51,1,-76,34.0405579,-117.1815643,409.20,1.25,WIFI
74:37:5F:A8:09:F3,SpectrumSetup-F1,[WPA2_PSK],2025-3-27 22:54:51,1,-83,34.0405579,-117.1815643,409.20,1.25,WIFI
72:AC:B9:BA:6F:ED,,[WPA2_PSK],2025-3-27 22:54:51,1,-92,34.0405579,-117.1815643,409.20,1.25,WIFI
70:5A:0F:7B:C6:9A,DIRECT-99-HP Officejet 5740,[WPA2_PSK],2025-3-27 22:54:54,3,-75,34.0405312,-117.1815414,409.40,1.25,WIFI
C4:A8:16:36:8D:05,,[WPA3_PSK],2025-3-27 22:54:57,6,-67,34.0405006,-117.1815186,409.70,1.25,WIFI
C4:A8:16:37:1E:8B,,[OPEN],2025-3-27 22:54:57,6,-79,34.0405006,-117.1815186,409.70,1.25,WIFI
C4:A8:16:37:1E:85,,[WPA3_PSK],2025-3-27 22:54:57,6,-80,34.0405006,-117.1815186,409.70,1.25,WIFI
C4:A8:16:37:1E:88,Angus Wifi,[WPA2_PSK],2025-3-27 22:54:57,6,-80,34.0405006,-117.1815186,409.70,1.25,WIFI
C4:A8:16:37:1E:91,Angus Wifi Guest,[WPA2_PSK],2025-3-27 22:54:57,6,-80,34.0405006,-117.1815186,409.70,1.25,WIFI
3A:22:E2:A5:A2:18,DIRECT-18-HP ENVY Photo 7100,[WPA2_PSK],2025-3-27 22:54:57,6,-87,34.0405006,-117.1815186,409.70,1.25,WIFI
34:98:B5:AF:4E:0C,,[WPA2_PSK],2025-3-27 22:55:0,9,-76,34.0403824,-117.1814270,409.90,1.25,WIFI
A8:6E:84:8B:75:CF,Larry,[WPA2_WPA3_PSK],2025-3-27 22:55:1,10,-89,34.0403137,-117.1813660,410.30,1.25,WIFI
CA:6E:84:8B:75:CF,,[WPA2_PSK],2025-3-27 22:55:1,10,-90,34.0403137,-117.1813660,410.30,1.25,WIFI
18:EE:86:11:EC:B7,Verizon-MiFi8800L-ECB6,[WPA2_PSK],2025-3-27 22:55:2,11,-79,34.0402336,-117.1813049,410.90,1.25,WIFI
14:C0:3E:EB:E4:B8,Frontier3248,[WPA2_PSK],2025-3-27 22:55:2,11,-80,34.0402336,-117.1813049,410.90,1.25,WIFI
84:70:D7:A5:00:C7,depuytwifi,[WPA2_PSK],2025-3-27 22:55:2,11,-87,34.0402336,-117.1813049,410.90,1.25,WIFI
84:70:D7:AD:06:10,depuytwifi Guest,[WPA2_PSK],2025-3-27 22:55:2,11,-88,34.0402336,-117.1813049,410.90,1.25,WIFI
84:70:D7:A5:00:D0,depuytwifi Guest,[WPA2_PSK],2025-3-27 22:55:2,11,-89,34.0402336,-117.1813049,410.90,1.25,WIFI
88:DE:7C:96:9D:4D,SpectrumSetup-4F,[WPA2_PSK],2025-3-27 22:55:5,1,-71,34.0399284,-117.1810608,411.70,1.25,WIFI
8C:83:94:A0:E2:FD,Verizon_7SV7NS,[WPA2_PSK],2025-3-27 22:55:5,1,-73,34.0399284,-117.1810608,411.70,1.25,WIFI
2C:59:E5:A9:94:0D,HP-Print-0D-Photosmart 6520,[OPEN],2025-3-27 22:55:5,1,-90,34.0399284,-117.1810608,411.70,1.25,WIFI
3C:52:A1:20:47:94,Frontier9104_EXT,[WPA2_PSK],2025-3-27 22:55:5,1,-90,34.0399284,-117.1810608,411.70,1.25,WIFI
3C:5C:F1:8E:48:EA,CNJNet Guest,[WPA2_PSK],2025-3-27 22:55:11,6,-69,34.0392647,-117.1805344,415.30,1.25,WIFI
3C:5C:F1:8E:48:E2,,[WPA3_PSK],2025-3-27 22:55:11,6,-69,34.0392647,-117.1805344,415.30,1.25,WIFI
3C:5C:F1:8E:48:E6,,[OPEN],2025-3-27 22:55:11,6,-69,34.0392647,-117.1805344,415.30,1.25,WIFI
3C:5C:F1:8E:48:E4,CNJNet,[WPA2_PSK],2025-3-27 22:55:11,6,-72,34.0392647,-117.1805344,415.30,1.25,WIFI
3C:5C:F1:88:C9:02,,[WPA3_PSK],2025-3-27 22:55:11,6,-73,34.0392647,-117.1805344,415.30,1.25,WIFI
3C:5C:F1:88:C9:06,,[OPEN],2025-3-27 22:55:11,6,-73,34.0392647,-117.1805344,415.30,1.25,WIFI
3C:5C:F1:88:C9:04,CNJNet,[WPA2_PSK],2025-3-27 22:55:11,6,-73,34.0392647,-117.1805344,415.30,1.25,WIFI
3C:5C:F1:88:C9:0A,CNJNet Guest,[WPA2_PSK],2025-3-27 22:55:11,6,-73,34.0392647,-117.1805344,415.30,1.25,WIFI
2C:EA:DC:8C:9F:A0,SpectrumSetup-A2,[WPA2_PSK],2025-3-27 22:55:11,6,-76,34.0392647,-117.1805344,415.30,1.25,WIFI
48:DD:0C:F0:E1:47,,[OPEN],2025-3-27 22:55:11,6,-78,34.0392647,-117.1805344,415.30,1.25,WIFI
48:DD:0C:F0:E1:45,Shadleero,[WPA2_PSK],2025-3-27 22:55:11,6,-78,34.0392647,-117.1805344,415.30,1.25,WIFI
48:DD:0C:F0:E1:43,,[WPA3_PSK],2025-3-27 22:55:11,6,-80,34.0392647,-117.1805344,415.30,1.25,WIFI
AC:EC:85:0D:32:A6,CNJNet,[WPA2_PSK],2025-3-27 22:55:11,6,-82,34.0392647,-117.1805344,415.30,1.25,WIFI
AC:EC:85:0D:32:AC,CNJNet Guest,[WPA2_PSK],2025-3-27 22:55:11,6,-82,34.0392647,-117.1805344,415.30,1.25,WIFI
AC:EC:85:0D:32:A4,,[WPA3_PSK],2025-3-27 22:55:11,6,-87,34.0392647,-117.1805344,415.30,1.25,WIFI
AC:EC:85:0D:32:A8,,[OPEN],2025-3-27 22:55:11,6,-87,34.0392647,-117.1805344,415.30,1.25,WIFI
48:DD:0C:E7:55:23,,[WPA3_PSK],2025-3-27 22:55:11,6,-88,34.0392647,-117.1805344,415.30,1.25,WIFI
CC:32:E5:49:C5:77,Jah Make A Way,[WPA2_PSK],2025-3-27 22:55:15,9,-92,34.0388069,-117.1801682,417.00,1.25,WIFI
F6:92:BF:2D:0D:B5,,[WPA2_PSK],2025-3-27 22:55:17,11,-78,34.0385895,-117.1799927,418.00,1.25,WIFI
88:6A:E3:68:61:0C,tl68610c,[WPA2_PSK],2025-3-27 22:55:17,11,-81,34.0385895,-117.1799927,418.00,1.25,WIFI
30:23:03:26:B6:DA,linksys 1004,[WPA2_PSK],2025-3-27 22:55:17,11,-82,34.0385895,-117.1799927,418.00,1.25,WIFI
7A:45:58:2F:D2:50,,[WPA2_PSK],2025-3-27 22:55:17,11,-83,34.0385895,-117.1799927,418.00,1.25,WIFI
98:E7:F4:FE:D6:43,DIRECT-42-HP OfficeJet Pro 8720,[WPA2_PSK],2025-3-27 22:55:17,11,-84,34.0385895,-117.1799927,418.00,1.25,WIFI
36:23:03:26:B6:DA,,[WPA2_PSK],2025-3-27 22:55:17,11,-86,34.0385895,-117.1799927,418.00,1.25,WIFI
D2:21:F9:22:46:8E,,[WPA2_PSK],2025-3-27 22:55:19,1,-81,34.0383835,-117.1798248,419.50,1.25,WIFI
D0:21:F9:62:46:8E,RMR NET,[WPA2_PSK],2025-3-27 22:55:19,1,-82,34.0383835,-117.1798248,419.50,1.25,WIFI
DC:9F:DB:1C:2F:FD,RMR NET,[WPA2_PSK],2025-3-27 22:55:19,1,-83,34.0383835,-117.1798248,419.50,1.25,WIFI
E4:5E:1B:AB:C9:4A,SkunkStripes,[WPA2_PSK],2025-3-27 22:55:19,1,-84,34.0383835,-117.1798248,419.50,1.25,WIFI
18:1B:EB:A8:15:86,R6PLK,[WPA2_PSK],2025-3-27 22:55:19,1,-84,34.0383835,-117.1798248,419.50,1.25,WIFI
DE:9F:DB:1C:2F:FD,,[WPA2_PSK],2025-3-27 22:55:19,1,-85,34.0383835,-117.1798248,419.50,1.25,WIFI
D2:21:F9:22:31:F4,,[WPA2_PSK],2025-3-27 22:55:19,1,-86,34.0383835,-117.1798248,419.50,1.25,WIFI
1C:61:B4:18:58:16,P-and-L-plus5,[WPA2_PSK],2025-3-27 22:55:22,2,-87,34.0380974,-117.1796036,421.40,1.50,WIFI
CC:40:D0:85:A6:CE,NETGEAR03,[WPA2_PSK],2025-3-27 22:55:22,2,-87,34.0380974,-117.1796036,421.40,1.50,WIFI
22:61:B4:18:58:16,,[WPA2_PSK],2025-3-27 22:55:22,2,-87,34.0380974,-117.1796036,421.40,1.50,WIFI
36:23:03:3B:F3:EC,,[WPA2_PSK],2025-3-27 22:55:24,4,-91,34.0379333,-117.1794739,422.50,1.50,WIFI
9C:57:BC:5A:EE:63,,[WPA3_PSK],2025-3-27 22:55:26,6,-68,34.0377846,-117.1793518,423.30,1.50,WIFI
9C:57:BC:5A:EE:69,,[OPEN],2025-3-27 22:55:26,6,-68,34.0377846,-117.1793518,423.30,1.50,WIFI
9C:57:BC:5A:EE:66,Field Family,[WPA2_PSK],2025-3-27 22:55:26,6,-68,34.0377846,-117.1793518,423.30,1.50,WIFI
80:DA:13:6F:92:C6,Field Family,[WPA2_PSK],2025-3-27 22:55:26,6,-74,34.0377846,-117.1793518,423.30,1.50,WIFI
80:DA:13:6F:92:C3,,[WPA3_PSK],2025-3-27 22:55:26,6,-75,34.0377846,-117.1793518,423.30,1.50,WIFI
80:DA:13:25:9D:93,Field Family,[WPA2_PSK],2025-3-27 22:55:26,6,-76,34.0377846,-117.1793518,423.30,1.50,WIFI
80:DA:13:21:F2:83,Field Family,[WPA2_PSK],2025-3-27 22:55:26,6,-81,34.0377846,-117.1793518,423.30,1.50,WIFI
78:45:58:4E:31:8A,RMR NET,[WPA2_PSK],2025-3-27 22:55:26,6,-83,34.0377846,-117.1793518,423.30,1.50,WIFI
C4:41:1E:82:63:34,linksys 1004,[WPA2_PSK],2025-3-27 22:55:29,9,-91,34.0376015,-117.1791992,424.00,1.50,WIFI
FC:3F:A6:83:67:E6,divito,[WPA2_PSK],2025-3-27 22:55:31,11,-67,34.0375175,-117.1791382,424.50,1.50,WIFI
FC:3F:A6:83:67:E3,,[WPA3_PSK],2025-3-27 22:55:31,11,-68,34.0375175,-117.1791382,424.50,1.50,WIFI
FC:3F:A6:83:67:E9,,[OPEN],2025-3-27 22:55:31,11,-69,34.0375175,-117.1791382,424.50,1.50,WIFI
FC:3F:A6:83:67:EF,divito Guest,[WPA2_PSK],2025-3-27 22:55:31,11,-69,34.0375175,-117.1791382,424.50,1.50,WIFI
F0:B6:61:5D:91:70,divito Guest,[WPA2_PSK],2025-3-27 22:55:31,11,-73,34.0375175,-117.1791382,424.50,1.50,WIFI
F0:B6:61:5D:91:67,divito,[WPA2_PSK],2025-3-27 22:55:31,11,-74,34.0375175,-117.1791382,424.50,1.50,WIFI
F0:B6:61:5F:CB:A4,,[WPA3_PSK],2025-3-27 22:55:31,11,-78,34.0375175,-117.1791382,424.50,1.50,WIFI
F0:B6:61:5F:CB:AA,,[OPEN],2025-3-27 22:55:31,11,-78,34.0375175,-117.1791382,424.50,1.50,WIFI
F0:B6:61:5F:CB:A7,Stein,[WPA2_PSK],2025-3-27 22:55:31,11,-79,34.0375175,-117.1791382,424.50,1.50,WIFI
FC:3F:A6:83:12:0F,divito Guest,[WPA2_PSK],2025-3-27 22:55:31,11,-86,34.0375175,-117.1791382,424.50,1.50,WIFI
FC:3F:A6:83:12:03,,[WPA3_PSK],2025-3-27 22:55:31,11,-87,34.0375175,-117.1791382,424.50,1.50,WIFI
FC:3F:A6:83:12:09,,[OPEN],2025-3-27 22:55:31,11,-87,34.0375175,-117.1791382,424.50,1.50,WIFI
FC:3F:A6:83:12:06,divito,[WPA2_PSK],2025-3-27 22:55:31,11,-87,34.0375175,-117.1791382,424.50,1.50,WIFI
CC:F4:11:6A:32:A8,Rhynumust II,[WPA2_PSK],2025-3-27 22:55:31,11,-89,34.0375175,-117.1791382,424.50,1.50,WIFI
64:67:72:56:B3:F9,Murray Brand,[WPA2_PSK],2025-3-27 22:55:32,1,-80,34.0374908,-117.1791229,424.60,1.50,WIFI
42:94:ED:AE:C8:B2,,[WPA2_PSK],2025-3-27 22:55:32,1,-85,34.0374908,-117.1791229,424.60,1.50,WIFI
3E:94:ED:AE:C8:B2,ORBI26,[WPA2_PSK],2025-3-27 22:55:32,1,-86,34.0374908,-117.1791229,424.60,1.50,WIFI
3E:94:ED:AD:9D:87,ORBI26,[WPA2_PSK],2025-3-27 22:55:32,1,-89,34.0374908,-117.1791229,424.60,1.50,WIFI
86:9C:A6:45:9D:1C,DIRECT-AP[TV][LG]60PH6700-UB,[WPA2_PSK],2025-3-27 22:55:32,1,-90,34.0374908,-117.1791229,424.60,1.50,WIFI
F0:72:EA:88:CC:FA,Rhynumust II,[WPA2_PSK],2025-3-27 22:55:32,1,-92,34.0374908,-117.1791229,424.60,1.50,WIFI
42:94:ED:AD:9D:87,,[WPA2_PSK],2025-3-27 22:55:32,1,-93,34.0374908,-117.1791229,424.60,1.50,WIFI
00:54:AF:4C:20:5C,Hotspot205C,[WPA_WPA2_PSK],2025-3-27 22:55:37,2,-93,34.0374107,-117.1790543,426.20,1.50,WIFI
08:02:8E:FF:F3:5A,NETGEAR51,[WPA2_PSK],2025-3-27 22:55:38,3,-88,34.0373917,-117.1790466,426.40,1.50,WIFI
08:36:C9:FD:DF:C4,,[WPA2_PSK],2025-3-27 22:55:39,4,-86,34.0373573,-117.1790161,426.60,1.50,WIFI
0E:36:C9:FD:DF:C4,Baker Home,[WPA2_PSK],2025-3-27 22:55:39,4,-87,34.0373573,-117.1790161,426.60,1.50,WIFI
72:CD:D6:E5:7E:B1,Baker Home,[WPA2_PSK],2025-3-27 22:55:39,4,-87,34.0373573,-117.1790161,426.60,1.50,WIFI
9C:57:BC:87:98:89,,[OPEN],2025-3-27 22:55:41,6,-78,34.0372276,-117.1789093,427.20,1.50,WIFI
9C:57:BC:87:98:86,everquest7,[WPA2_PSK],2025-3-27 22:55:41,6,-79,34.0372276,-117.1789093,427.20,1.50,WIFI
9C:57:BC:9C:B0:43,,[WPA3_PSK],2025-3-27 22:55:41,6,-81,34.0372276,-117.1789093,427.20,1.50,WIFI
9C:57:BC:9C:B0:49,,[OPEN],2025-3-27 22:55:41,6,-81,34.0372276,-117.1789093,427.20,1.50,WIFI
9C:57:BC:9C:B0:46,everquest7,[WPA2_PSK],2025-3-27 22:55:41,6,-89,34.0372276,-117.1789093,427.20,1.50,WIFI
98:ED:7E:57:82:E7,MySpectrumWiFi10-5G,[WPA2_PSK],2025-3-27 22:55:46,11,-71,34.0367584,-117.1785431,428.90,1.25,WIFI
F0:7B:65:6B:24:80,SpectrumSetup-247A,[WPA2_PSK],2025-3-27 22:55:46,11,-73,34.0367584,-117.1785431,428.90,1.25,WIFI
98:ED:7E:57:82:EA,,[OPEN],2025-3-27 22:55:46,11,-83,34.0367584,-117.1785431,428.90,1.25,WIFI
98:ED:7E:57:82:E4,,[WPA3_PSK],2025-3-27 22:55:46,11,-84,34.0367584,-117.1785431,428.90,1.25,WIFI
98:ED:7E:59:20:A4,,[WPA3_PSK],2025-3-27 22:55:46,11,-86,34.0367584,-117.1785431,428.90,1.25,WIFI
98:ED:7E:59:20:A7,MySpectrumWiFi10-5G,[WPA2_PSK],2025-3-27 22:55:46,11,-87,34.0367584,-117.1785431,428.90,1.25,WIFI
8C:90:2D:81:9F:0E,MySpectrumWiFi10-5G_EXT,[WPA2_PSK],2025-3-27 22:55:46,11,-88,34.0367584,-117.1785431,428.90,1.25,WIFI
98:ED:7E:59:20:AA,,[OPEN],2025-3-27 22:55:46,11,-88,34.0367584,-117.1785431,428.90,1.25,WIFI
6C:5A:B0:39:BB:40,SpectrumSetup-247A_EXT,[WPA2_PSK],2025-3-27 22:55:46,11,-90,34.0367584,-117.1785431,428.90,1.25,WIFI
74:93:DA:A4:45:B9,SpectrumSetup-BB,[WPA2_PSK],2025-3-27 22:55:46,11,-90,34.0367584,-117.1785431,428.90,1.25,WIFI
4C:19:5D:05:13:D2,MyCharter1,[WPA2_PSK],2025-3-27 22:55:46,11,-91,34.0367584,-117.1785431,428.90,1.25,WIFI
44:AD:B1:80:AF:AE,SpectrumSetup-A8,[WPA2_PSK],2025-3-27 22:55:47,1,-82,34.0366402,-117.1784592,429.40,1.25,WIFI
42:94:ED:AE:C9:FC,,[WPA2_PSK],2025-3-27 22:55:47,1,-87,34.0366402,-117.1784592,429.40,1.25,WIFI
C4:BE:84:DD:A3:FD,SMA1990013801 ,[WPA2_PSK],2025-3-27 22:55:47,1,-90,34.0366402,-117.1784592,429.40,1.25,WIFI
B2:15:A2:34:27:62,,[WPA2_PSK],2025-3-27 22:55:52,3,-88,34.0360794,-117.1780090,432.20,1.25,WIFI
08:36:C9:F5:E6:40,Baker Home,[WPA2_PSK],2025-3-27 22:55:53,4,-87,34.0359726,-117.1779251,432.70,1.25,WIFI
08:36:C9:FD:D8:38,,[WPA2_PSK],2025-3-27 22:55:53,4,-88,34.0359726,-117.1779251,432.70,1.25,WIFI
0E:36:C9:F5:E6:40,,[WPA2_PSK],2025-3-27 22:55:53,4,-92,34.0359726,-117.1779251,432.70,1.25,WIFI
68:4A:76:B1:72:44,,[WPA3_PSK],2025-3-27 22:55:55,6,-62,34.0357704,-117.1777649,433.90,1.25,WIFI
68:4A:76:B1:72:48,,[OPEN],2025-3-27 22:55:55,6,-63,34.0357704,-117.1777649,433.90,1.25,WIFI
68:4A:76:B1:72:46,TreasurePlanet,[WPA2_PSK],2025-3-27 22:55:55,6,-63,34.0357704,-117.1777649,433.90,1.25,WIFI
9C:A5:70:84:AA:03,,[WPA3_PSK],2025-3-27 22:55:55,6,-73,34.0357704,-117.1777649,433.90,1.25,WIFI
9C:A5:70:84:AA:05,Frontier3168,[WPA2_PSK],2025-3-27 22:55:55,6,-73,34.0357704,-117.1777649,433.90,1.25,WIFI
9C:A5:70:84:AA:07,,[OPEN],2025-3-27 22:55:55,6,-74,34.0357704,-117.1777649,433.90,1.25,WIFI
9C:A5:70:87:0D:83,,[WPA3_PSK],2025-3-27 22:55:55,6,-79,34.0357704,-117.1777649,433.90,1.25,WIFI
9C:A5:70:87:0D:87,,[OPEN],2025-3-27 22:55:55,6,-80,34.0357704,-117.1777649,433.90,1.25,WIFI
14:7D:05:94:87:97,SpectrumSetup-95,[WPA2_PSK],2025-3-27 22:55:55,6,-80,34.0357704,-117.1777649,433.90,1.25,WIFI
9C:A5:70:87:0D:85,Frontier3168,[WPA2_PSK],2025-3-27 22:55:55,6,-81,34.0357704,-117.1777649,433.90,1.25,WIFI
68:4A:76:B3:83:24,,[WPA3_PSK],2025-3-27 22:55:55,6,-82,34.0357704,-117.1777649,433.90,1.25,WIFI
68:4A:76:B3:83:28,,[OPEN],2025-3-27 22:55:55,6,-83,34.0357704,-117.1777649,433.90,1.25,WIFI
68:4A:76:B3:83:26,TreasurePlanet,[WPA2_PSK],2025-3-27 22:55:55,6,-83,34.0357704,-117.1777649,433.90,1.25,WIFI
CE:88:26:B2:4C:62,TEG-AZH,[WPA2_PSK],2025-3-27 22:55:55,6,-85,34.0357704,-117.1777649,433.90,1.25,WIFI
68:4A:76:B0:B7:24,,[WPA3_PSK],2025-3-27 22:55:55,6,-85,34.0357704,-117.1777649,433.90,1.25,WIFI
68:4A:76:B0:B7:26,TreasurePlanet,[WPA2_PSK],2025-3-27 22:55:55,6,-85,34.0357704,-117.1777649,433.90,1.25,WIFI
68:4A:76:B0:B7:28,,[OPEN],2025-3-27 22:55:55,6,-86,34.0357704,-117.1777649,433.90,1.25,WIFI
E6:B3:70:FD:65:31,LaCresenta,[WPA2_PSK],2025-3-27 22:55:55,6,-91,34.0357704,-117.1777649,433.90,1.25,WIFI
08:33:ED:C5:F8:B1,SpectrumSetup-B3,[WPA2_PSK],2025-3-27 22:55:55,6,-91,34.0357704,-117.1777649,433.90,1.25,WIFI
68:FF:7B:36:F3:6D,SpectrumSetup-95_EXT 2.4,[WPA_WPA2_PSK],2025-3-27 22:55:55,6,-91,34.0357704,-117.1777649,433.90,1.25,WIFI
E2:B3:70:FD:65:31,,[WPA2_PSK],2025-3-27 22:55:55,6,-94,34.0357704,-117.1777649,433.90,1.25,WIFI
BA:B9:8A:47:0F:B1,,[WPA2_PSK],2025-3-27 22:56:0,9,-92,34.0354271,-117.1775284,435.70,1.25,WIFI
84:70:D7:EB:12:27,TheTrees,[WPA2_PSK],2025-3-27 22:56:2,11,-63,34.0353889,-117.1775208,436.30,1.25,WIFI
84:70:D7:EB:12:2A,,[OPEN],2025-3-27 22:56:2,11,-66,34.0353889,-117.1775208,436.30,1.25,WIFI
84:70:D7:EB:12:24,,[WPA3_PSK],2025-3-27 22:56:2,11,-68,34.0353889,-117.1775208,436.30,1.25,WIFI
84:70:D7:E8:22:24,,[WPA3_PSK],2025-3-27 22:56:2,11,-80,34.0353889,-117.1775208,436.30,1.25,WIFI
84:70:D7:E8:22:2A,,[OPEN],2025-3-27 22:56:2,11,-80,34.0353889,-117.1775208,436.30,1.25,WIFI
84:70:D7:E8:22:27,TheTrees,[WPA2_PSK],2025-3-27 22:56:2,11,-80,34.0353889,-117.1775208,436.30,1.25,WIFI
48:5D:36:89:CB:3E,FiOS-2DDJN,[WPA2_PSK],2025-3-27 22:56:2,11,-83,34.0353889,-117.1775208,436.30,1.25,WIFI
84:70:D7:EC:A5:C4,,[WPA3_PSK],2025-3-27 22:56:2,11,-84,34.0353889,-117.1775208,436.30,1.25,WIFI
84:A0:6E:C9:1B:76,MySpectrumWiFi70-2G,[WPA2_PSK],2025-3-27 22:56:2,11,-89,34.0353889,-117.1775208,436.30,1.25,WIFI
82:5B:65:45:A5:34,[LG_Oven]a534,[WPA2_PSK],2025-3-27 22:56:2,11,-92,34.0353889,-117.1775208,436.30,1.25,WIFI
C0:25:E9:C1:D0:C0,TP-LINK_D0C0,[WPA2_PSK],2025-3-27 22:56:2,11,-94,34.0353889,-117.1775208,436.30,1.25,WIFI
4C:19:5D:98:B9:5C,SpectrumSetup-56,[WPA2_PSK],2025-3-27 22:56:5,1,-75,34.0353279,-117.1775284,436.80,1.25,WIFI
38:94:ED:A5:00:78,Frontier1776,[WPA2_PSK],2025-3-27 22:56:5,1,-83,34.0353279,-117.1775284,436.80,1.25,WIFI
F0:81:75:F9:5F:2E,SpectrumSetup-28,[WPA2_PSK],2025-3-27 22:56:5,1,-93,34.0353279,-117.1775284,436.80,1.25,WIFI
CA:41:1E:27:B9:BF,,[WPA2_PSK],2025-3-27 22:56:7,2,-88,34.0352478,-117.1776123,437.30,1.25,WIFI
AC:15:A2:34:27:0E,The Burrough,[WPA2_PSK],2025-3-27 22:56:8,3,-83,34.0351982,-117.1776962,437.50,1.25,WIFI
B2:15:A2:34:27:0E,,[WPA2_PSK],2025-3-27 22:56:8,3,-83,34.0351982,-117.1776962,437.50,1.25,WIFI
AC:15:A2:34:27:62,The Burrough,[WPA2_PSK],2025-3-27 22:56:8,3,-84,34.0351982,-117.1776962,437.50,1.25,WIFI
B2:15:A2:34:26:86,,[WPA2_PSK],2025-3-27 22:56:8,3,-86,34.0351982,-117.1776962,437.50,1.25,WIFI
E4:FA:C4:04:55:8A,The Burrough,[WPA2_PSK],2025-3-27 22:56:8,3,-87,34.0351982,-117.1776962,437.50,1.25,WIFI
64:C2:69:9B:19:03,,[WPA3_PSK],2025-3-27 22:56:11,6,-66,34.0350189,-117.1780243,438.80,1.25,WIFI
64:C2:69:9B:19:07,,[OPEN],2025-3-27 22:56:11,6,-66,34.0350189,-117.1780243,438.80,1.25,WIFI
64:C2:69:9B:19:05,FiOS-5C0IZ,[WPA2_PSK],2025-3-27 22:56:11,6,-69,34.0350189,-117.1780243,438.80,1.25,WIFI
78:76:89:E0:1B:34,FiOS-5C0IZ,[WPA2_PSK],2025-3-27 22:56:11,6,-73,34.0350189,-117.1780243,438.80,1.25,WIFI
DE:B3:70:FD:65:31,Frontier2912,[WPA2_PSK],2025-3-27 22:56:11,6,-82,34.0350189,-117.1780243,438.80,1.25,WIFI
EA:B3:70:FD:65:31,Frontier2912_5G,[WPA2_PSK],2025-3-27 22:56:11,6,-86,34.0350189,-117.1780243,438.80,1.25,WIFI
9C:A5:70:85:35:27,,[OPEN],2025-3-27 22:56:11,6,-87,34.0350189,-117.1780243,438.80,1.25,WIFI
9C:A5:70:85:35:23,,[WPA3_PSK],2025-3-27 22:56:11,6,-88,34.0350189,-117.1780243,438.80,1.25,WIFI
9C:A5:70:85:35:25,Frontier3168,[WPA2_PSK],2025-3-27 22:56:11,6,-89,34.0350189,-117.1780243,438.80,1.25,WIFI
12:E8:A7:AD:A6:14,myChevrolet A614,[WPA2_PSK],2025-3-27 22:56:11,7,-67,34.0350189,-117.1780243,438.80,1.25,WIFI
A0:36:BC:18:B4:70,Crescent2_2.4G,[WPA2_PSK],2025-3-27 22:56:11,7,-81,34.0350189,-117.1780243,438.80,1.25,WIFI
00:C8:96:D1:1E:C2,,[WPA_WPA2_PSK],2025-3-27 22:56:15,10,-89,34.0347137,-117.1785736,440.00,1.50,WIFI
66:E2:20:3B:60:FF,DIRECT-BMW 45140,[WPA2_PSK],2025-3-27 22:56:16,11,-85,34.0346336,-117.1787186,439.20,1.50,WIFI
F0:9F:C2:A1:27:A4,Kwajalein ,[WPA2_PSK],2025-3-27 22:56:16,11,-87,34.0346336,-117.1787186,439.20,1.50,WIFI
48:5D:36:8F:AA:5E,FiOS-EFNCT,[WPA2_PSK],2025-3-27 22:56:16,11,-87,34.0346336,-117.1787186,439.20,1.50,WIFI
CC:8D:A2:34:2B:CD,Wifi_SST5KMW2J2,[OPEN],2025-3-27 22:56:16,11,-90,34.0346336,-117.1787186,439.20,1.50,WIFI
00:C8:96:B2:DE:C0,,[WPA_WPA2_PSK],2025-3-27 22:56:16,11,-95,34.0346336,-117.1787186,439.20,1.50,WIFI
44:AD:B1:5B:D9:9E,SpectrumSetup-98,[WPA2_PSK],2025-3-27 22:56:17,1,-69,34.0345535,-117.1788635,438.70,1.50,WIFI
DC:69:B5:9E:D1:46,Jakarta,[WPA2_PSK],2025-3-27 22:56:17,1,-80,34.0345535,-117.1788635,438.70,1.50,WIFI
22:48:6C:4A:B2:4C,,[WPA2_PSK],2025-3-27 22:56:17,1,-86,34.0345535,-117.1788635,438.70,1.50,WIFI
30:3A:4A:19:D4:A5,New Order,[WPA2_PSK],2025-3-27 22:56:17,1,-86,34.0345535,-117.1788635,438.70,1.50,WIFI
C0:6F:98:04:81:49,,[OPEN],2025-3-27 22:56:17,1,-88,34.0345535,-117.1788635,438.70,1.50,WIFI
C0:6F:98:04:81:43,,[WPA3_PSK],2025-3-27 22:56:17,1,-89,34.0345535,-117.1788635,438.70,1.50,WIFI
10:27:F5:71:21:07,M&R Red,[WPA_WPA2_PSK],2025-3-27 22:56:21,2,-84,34.0342216,-117.1794662,438.10,1.50,WIFI
C8:9E:43:65:01:86,cowboy_hawk,[WPA2_PSK],2025-3-27 22:56:22,3,-86,34.0341377,-117.1796188,437.80,1.50,WIFI
B0:95:75:38:86:7A,NETGEAR-06,[WPA_WPA2_PSK],2025-3-27 22:56:22,3,-88,34.0341377,-117.1796188,437.80,1.50,WIFI
D2:9E:43:65:01:87,cowboy_hawk-Guest,[WPA2_PSK],2025-3-27 22:56:22,3,-89,34.0341377,-117.1796188,437.80,1.50,WIFI
B6:95:75:38:86:7A,,[WPA2_PSK],2025-3-27 22:56:22,3,-91,34.0341377,-117.1796188,437.80,1.50,WIFI
8A:CC:9C:87:A0:EA,,[WPA2_PSK],2025-3-27 22:56:25,6,-79,34.0338974,-117.1800461,437.10,1.50,WIFI
86:CC:9C:87:9F:EC,ORBI73,[WPA2_PSK],2025-3-27 22:56:25,6,-82,34.0338974,-117.1800461,437.10,1.50,WIFI
86:CC:9C:87:A0:EA,ORBI73,[WPA2_PSK],2025-3-27 22:56:25,6,-84,34.0338974,-117.1800461,437.10,1.50,WIFI
D8:B3:70:FD:65:31,WBnet,[WPA2_PSK],2025-3-27 22:56:25,6,-87,34.0338974,-117.1800461,437.10,1.50,WIFI
8A:CC:9C:87:9F:EC,,[WPA2_PSK],2025-3-27 22:56:25,6,-87,34.0338974,-117.1800461,437.10,1.50,WIFI
86:CC:9C:8D:10:8E,ORBI73,[WPA2_PSK],2025-3-27 22:56:25,6,-88,34.0338974,-117.1800461,437.10,1.50,WIFI
8A:CC:9C:8D:10:8E,,[WPA2_PSK],2025-3-27 22:56:25,6,-89,34.0338974,-117.1800461,437.10,1.50,WIFI
92:3B:AD:1C:D6:34,ORBI76,[WPA2_PSK],2025-3-27 22:56:27,8,-93,34.0337448,-117.1803207,436.80,1.50,WIFI
6C:70:9F:DF:95:96,Shelby Network,[WPA_WPA2_PSK],2025-3-27 22:56:28,9,-73,34.0336685,-117.1804657,436.70,1.50,WIFI
88:41:FC:69:5E:48,Riata,[WPA2_PSK],2025-3-27 22:56:29,10,-73,34.0335922,-117.1806107,436.40,1.50,WIFI
88:41:FC:69:5E:4C,Riata,[WPA2_PSK],2025-3-27 22:56:29,10,-77,34.0335922,-117.1806107,436.40,1.50,WIFI
B0:E4:D5:56:1F:C6,PD Network,[WPA2_PSK],2025-3-27 22:56:30,11,-60,34.0335159,-117.1807404,435.90,1.50,WIFI
F4:05:95:B1:F4:80,SpectrumSetup-7A,[WPA2_PSK],2025-3-27 22:56:30,11,-69,34.0335159,-117.1807404,435.90,1.50,WIFI
F8:5B:3B:C8:EE:E5,Pedalers7,[WPA2_PSK],2025-3-27 22:56:30,11,-90,34.0335159,-117.1807404,435.90,1.50,WIFI
D2:21:F9:A3:D2:BD,,[WPA2_PSK],2025-3-27 22:56:30,11,-95,34.0335159,-117.1807404,435.90,1.50,WIFI
9C:57:BC:83:D8:C9,,[OPEN],2025-3-27 22:56:32,1,-63,34.0333710,-117.1810074,435.50,1.50,WIFI
9C:57:BC:83:D8:C6,FishermansWharf92,[WPA2_PSK],2025-3-27 22:56:32,1,-64,34.0333710,-117.1810074,435.50,1.50,WIFI
9C:57:BC:83:D8:C3,,[WPA3_PSK],2025-3-27 22:56:32,1,-67,34.0333710,-117.1810074,435.50,1.50,WIFI
B8:80:4F:64:7D:CA,ChimePro-647DC9,[OPEN],2025-3-27 22:56:32,1,-76,34.0333710,-117.1810074,435.50,1.50,WIFI
A8:9A:93:B5:CC:56,MySpectrumWiFi50-2G,[WPA2_PSK],2025-3-27 22:56:32,1,-79,34.0333710,-117.1810074,435.50,1.50,WIFI
B0:FC:88:7E:9A:1F,SpectrumSetup-19,[WPA2_PSK],2025-3-27 22:56:32,1,-86,34.0333710,-117.1810074,435.50,1.50,WIFI
DC:92:72:E4:26:7F,Frontier0724,[WPA2_PSK],2025-3-27 22:56:32,1,-92,34.0333710,-117.1810074,435.50,1.50,WIFI
84:D8:1B:7F:E6:79,GiraffeHiFi,[WPA2_PSK],2025-3-27 22:56:35,2,-69,34.0331688,-117.1813736,435.20,1.50,WIFI
96:D8:1B:7F:E6:79,,[WPA2_PSK],2025-3-27 22:56:35,2,-76,34.0331688,-117.1813736,435.20,1.50,WIFI
62:62:8B:42:AB:96,,[WPA2_PSK],2025-3-27 22:56:35,2,-88,34.0331688,-117.1813736,435.20,1.50,WIFI
22:48:6C:58:9F:84,,[WPA2_PSK],2025-3-27 22:56:35,2,-90,34.0331688,-117.1813736,435.20,1.50,WIFI
5C:62:8B:42:AB:96,Suh,[WPA2_PSK],2025-3-27 22:56:35,2,-94,34.0331688,-117.1813736,435.20,1.50,WIFI
9C:57:BC:85:EE:2F,TMNT Guest,[WPA2_PSK],2025-3-27 22:56:39,6,-77,34.0329247,-117.1818237,435.90,1.50,WIFI
D4:05:98:CD:67:10,FBI Surveillance,[WPA2_PSK],2025-3-27 22:56:39,6,-78,34.0329247,-117.1818237,435.90,1.50,WIFI
70:3A:CB:EA:46:E8,mesh,[WPA2_PSK],2025-3-27 22:56:39,6,-81,34.0329247,-117.1818237,435.90,1.50,WIFI
0C:EA:C9:E0:CD:30,Frontier1280,[WPA2_PSK],2025-3-27 22:56:39,6,-86,34.0329247,-117.1818237,435.90,1.50,WIFI
AA:7C:61:51:65:91,Abramovitch,[WPA2_PSK],2025-3-27 22:56:39,6,-92,34.0329247,-117.1818237,435.90,1.50,WIFI
3C:84:6A:A4:1F:E6,Deco-Mesh,[WPA2_PSK],2025-3-27 22:56:41,8,-85,34.0328178,-117.1820297,435.90,1.50,WIFI
66:A4:B7:92:50:D2,,[WPA2_PSK],2025-3-27 22:56:42,9,-89,34.0327682,-117.1821213,435.80,1.50,WIFI
C8:C6:FE:07:B2:69,,[OPEN],2025-3-27 22:56:44,11,-81,34.0326805,-117.1822433,436.10,1.50,WIFI
C8:C6:FE:07:B2:66,Frontier1113,[WPA2_PSK],2025-3-27 22:56:44,11,-81,34.0326805,-117.1822433,436.10,1.50,WIFI
C8:C6:FE:07:B2:63,,[WPA3_PSK],2025-3-27 22:56:44,11,-82,34.0326805,-117.1822433,436.10,1.50,WIFI
60:F4:45:E7:0B:C2,Daniel P's Wi-Fi Network,[WPA2_PSK],2025-3-27 22:56:44,11,-84,34.0326805,-117.1822433,436.10,1.50,WIFI
88:EF:16:E6:48:08,Frontier1744,[WPA2_PSK],2025-3-27 22:56:44,11,-85,34.0326805,-117.1822433,436.10,1.50,WIFI
2E:58:B9:98:0F:59,DIRECT-59-HP OfficeJet Pro 9120e,[WPA2_PSK],2025-3-27 22:56:44,11,-90,34.0326805,-117.1822433,436.10,1.50,WIFI
28:BD:89:1C:E8:5D,mesh,[WPA2_PSK],2025-3-27 22:56:44,11,-96,34.0326805,-117.1822433,436.10,1.50,WIFI
72:3A:CB:EA:41:EC,mesh-guest,[WPA2_PSK],2025-3-27 22:56:46,1,-84,34.0325813,-117.1822433,437.60,1.50,WIFI
70:3A:CB:EA:41:EC,mesh,[WPA2_PSK],2025-3-27 22:56:46,1,-84,34.0325813,-117.1822433,437.60,1.50,WIFI
BC:96:E5:45:1E:B8,SpectrumSetup-1EB4,[WPA2_PSK],2025-3-27 22:56:46,1,-86,34.0325813,-117.1822433,437.60,1.50,WIFI
9A:9C:27:E3:0C:24,SpectrumSetup-23,[WPA2_PSK],2025-3-27 22:56:46,1,-88,34.0325813,-117.1822433,437.60,1.50,WIFI
CC:CF:83:0D:CC:14,,[WPA_WPA2_PSK],2025-3-27 22:56:46,1,-90,34.0325813,-117.1822433,437.60,1.50,WIFI
FC:E8:C0:82:E4:05,PNR08IF31050F20088,[OPEN],2025-3-27 22:56:46,1,-90,34.0325813,-117.1822433,437.60,1.50,WIFI
E8:9F:80:28:E3:86,MySpectrumWiFi50-2G_Ext,[WPA2_PSK],2025-3-27 22:56:46,1,-91,34.0325813,-117.1822433,437.60,1.50,WIFI
10:DA:43:4D:28:FC,NETGEAR54,[WPA2_PSK],2025-3-27 22:56:46,1,-94,34.0325813,-117.1822433,437.60,1.50,WIFI
AC:F1:08:B9:7A:5D,RMDACF108B97A5C,[WPA_WPA2_PSK],2025-3-27 22:56:50,3,-75,34.0323257,-117.1820297,438.70,1.50,WIFI
5C:62:8B:42:AC:9E,Suh,[WPA2_PSK],2025-3-27 22:56:52,5,-76,34.0321426,-117.1818848,439.90,1.50,WIFI
62:62:8B:42:AC:9E,,[WPA2_PSK],2025-3-27 22:56:52,5,-76,34.0321426,-117.1818848,439.90,1.50,WIFI
28:EC:22:4C:F0:49,,[OPEN],2025-3-27 22:56:53,6,-67,34.0320473,-117.1818161,440.50,1.50,WIFI
28:EC:22:4C:F0:46,Vanvleet,[WPA2_PSK],2025-3-27 22:56:53,6,-69,34.0320473,-117.1818161,440.50,1.50,WIFI
28:EC:22:4C:F0:43,,[WPA3_PSK],2025-3-27 22:56:53,6,-71,34.0320473,-117.1818161,440.50,1.50,WIFI
FC:3F:A6:83:DC:E6,Korhely,[WPA2_PSK],2025-3-27 22:56:53,6,-77,34.0320473,-117.1818161,440.50,1.50,WIFI
FC:3F:A6:85:34:43,,[WPA3_PSK],2025-3-27 22:56:53,6,-77,34.0320473,-117.1818161,440.50,1.50,WIFI
FC:3F:A6:85:34:49,,[OPEN],2025-3-27 22:56:53,6,-77,34.0320473,-117.1818161,440.50,1.50,WIFI
FC:3F:A6:83:DC:E3,,[WPA3_PSK],2025-3-27 22:56:53,6,-77,34.0320473,-117.1818161,440.50,1.50,WIFI
FC:3F:A6:83:DC:E9,,[OPEN],2025-3-27 22:56:53,6,-78,34.0320473,-117.1818161,440.50,1.50,WIFI
80:DA:13:E9:CF:85,Vanvleet,[WPA2_PSK],2025-3-27 22:56:53,6,-79,34.0320473,-117.1818161,440.50,1.50,WIFI
FC:3F:A6:85:81:E9,,[OPEN],2025-3-27 22:56:53,6,-79,34.0320473,-117.1818161,440.50,1.50,WIFI
FC:3F:A6:85:81:E6,Korhely,[WPA2_PSK],2025-3-27 22:56:53,6,-79,34.0320473,-117.1818161,440.50,1.50,WIFI
FC:3F:A6:85:34:46,Korhely,[WPA2_PSK],2025-3-27 22:56:53,6,-80,34.0320473,-117.1818161,440.50,1.50,WIFI
FC:3F:A6:85:81:E3,,[WPA3_PSK],2025-3-27 22:56:53,6,-80,34.0320473,-117.1818161,440.50,1.50,WIFI
80:DA:13:E9:CF:87,,[OPEN],2025-3-27 22:56:53,6,-86,34.0320473,-117.1818161,440.50,1.50,WIFI
2A:0F:EB:B0:83:01,TEG-D48,[WPA2_PSK],2025-3-27 22:56:53,6,-89,34.0320473,-117.1818161,440.50,1.50,WIFI
96:3B:AD:1C:EA:F7,,[WPA2_PSK],2025-3-27 22:56:56,8,-86,34.0317345,-117.1815643,443.10,1.50,WIFI
C8:9E:43:DC:EC:C1,NETGEAR31,[WPA2_PSK],2025-3-27 22:56:57,9,-74,34.0316162,-117.1814804,444.00,1.50,WIFI
5C:62:8B:42:B2:E0,Suh,[WPA2_PSK],2025-3-27 22:56:58,10,-73,34.0314903,-117.1813889,444.60,1.50,WIFI
4C:12:65:16:DB:48,Frontier9040,[WPA2_PSK],2025-3-27 22:56:59,11,-76,34.0313683,-117.1813049,444.90,1.50,WIFI
F0:B6:61:00:F6:64,,[WPA3_PSK],2025-3-27 22:56:59,11,-88,34.0313683,-117.1813049,444.90,1.50,WIFI
F0:B6:61:00:F6:6A,,[OPEN],2025-3-27 22:56:59,11,-88,34.0313683,-117.1813049,444.90,1.50,WIFI
F0:B6:61:00:F6:67,la loma lodge,[WPA2_PSK],2025-3-27 22:56:59,11,-90,34.0313683,-117.1813049,444.90,1.50,WIFI
A0:7F:8A:58:B2:0C,Assume The Physician,[WPA2_PSK],2025-3-27 22:57:2,1,-82,34.0309944,-117.1810684,446.60,1.50,WIFI
12:36:C9:FD:A1:D0,NETGEAR-Guest,[OPEN],2025-3-27 22:57:5,3,-88,34.0305939,-117.1809692,449.10,1.50,WIFI
0E:36:C9:FD:A1:D0,ORBI43,[WPA2_PSK],2025-3-27 22:57:5,3,-92,34.0305939,-117.1809692,449.10,1.50,WIFI
0E:36:C9:FD:A6:D8,ORBI43,[WPA2_PSK],2025-3-27 22:57:5,3,-92,34.0305939,-117.1809692,449.10,1.50,WIFI
B0:39:56:5D:23:E7,MOHU,[WPA2_PSK],2025-3-27 22:57:11,9,-95,34.0297508,-117.1805954,455.20,1.50,WIFI
14:C0:3E:FB:8F:18,Frontier9904,[WPA2_PSK],2025-3-27 22:57:13,11,-93,34.0295410,-117.1803513,456.90,1.50,WIFI
98:ED:7E:8C:61:E4,,[WPA3_PSK],2025-3-27 22:57:27,11,-84,34.0275879,-117.1791840,470.00,1.50,WIFI
98:ED:7E:8C:61:E7,RedlandsHouse,[WPA2_PSK],2025-3-27 22:57:27,11,-86,34.0275879,-117.1791840,470.00,1.50,WIFI
98:ED:7E:8C:61:EA,,[OPEN],2025-3-27 22:57:27,11,-89,34.0275879,-117.1791840,470.00,1.50,WIFI
8C:3B:AD:9E:F4:64,ngHub_31948CN702284,[WPA2_PSK],2025-3-27 22:57:27,11,-93,34.0275879,-117.1791840,470.00,1.50,WIFI
94:B3:4F:5C:A6:48,BG-GuestNetwork,[OPEN],2025-3-27 22:57:28,1,-86,34.0274391,-117.1791306,470.80,1.50,WIFI
94:B3:4F:1C:A6:48,BG,[WPA2_PSK],2025-3-27 22:57:28,1,-87,34.0274391,-117.1791306,470.80,1.50,WIFI
34:98:B5:50:B9:64,,[WPA2_PSK],2025-3-27 22:57:34,4,-86,34.0266762,-117.1784744,478.00,1.50,WIFI
3A:98:B5:50:B9:64,Sunset Cottage,[WPA2_PSK],2025-3-27 22:57:34,4,-87,34.0266762,-117.1784744,478.00,1.50,WIFI
78:D2:94:B8:DD:3A,SpectrumSetup-78_EXT,[WPA2_PSK],2025-3-27 22:57:36,6,-92,34.0264320,-117.1782303,481.00,1.50,WIFI
0E:36:C9:95:66:EE,,[WPA2_PSK],2025-3-27 22:57:38,8,-89,34.0262451,-117.1780396,483.30,1.50,WIFI
08:36:C9:95:66:EE,The Cheng's Castle,[WPA2_PSK],2025-3-27 22:57:38,8,-92,34.0262451,-117.1780396,483.30,1.50,WIFI
D4:05:DE:86:7F:E4,,[WPA3_PSK],2025-3-27 22:57:41,11,-87,34.0260887,-117.1779022,484.10,1.50,WIFI
D4:05:DE:86:7F:E7,cactus,[WPA2_PSK],2025-3-27 22:57:41,11,-87,34.0260887,-117.1779022,484.10,1.50,WIFI
D4:05:DE:86:7F:EA,,[OPEN],2025-3-27 22:57:41,11,-91,34.0260887,-117.1779022,484.10,1.50,WIFI
08:9B:F1:87:61:66,Force1,[WPA2_PSK],2025-3-27 22:57:42,1,-86,34.0260658,-117.1778793,484.50,1.50,WIFI
08:9B:F1:87:61:69,,[OPEN],2025-3-27 22:57:42,1,-87,34.0260658,-117.1778793,484.50,1.50,WIFI
08:9B:F1:87:61:63,,[WPA3_PSK],2025-3-27 22:57:42,1,-87,34.0260658,-117.1778793,484.50,1.50,WIFI
6C:AE:F6:9D:6D:F1,,[WPA3_PSK],2025-3-27 22:57:42,1,-88,34.0260658,-117.1778793,484.50,1.50,WIFI
D4:A9:28:0F:F9:BA,FiOS-G1PA4,[WPA2_PSK],2025-3-27 22:57:42,1,-90,34.0260658,-117.1778793,484.50,1.50,WIFI
34:98:B5:50:B9:48,,[WPA2_PSK],2025-3-27 22:57:46,2,-91,34.0260086,-117.1778336,485.50,1.50,WIFI
34:98:B5:3F:D6:F4,Miller's wifi,[WPA2_PSK],2025-3-27 22:57:46,2,-94,34.0260086,-117.1778336,485.50,1.50,WIFI
3A:98:B5:3F:D6:F4,,[WPA2_PSK],2025-3-27 22:57:46,2,-95,34.0260086,-117.1778336,485.50,1.50,WIFI
42:94:ED:5D:72:F7,Sunset Guest,[WPA2_PSK],2025-3-27 22:57:48,4,-75,34.0259743,-117.1778107,486.10,1.50,WIFI
3E:94:ED:5D:72:F7,Sunset Cottage,[WPA2_PSK],2025-3-27 22:57:48,4,-80,34.0259743,-117.1778107,486.10,1.50,WIFI
42:94:ED:5D:60:87,Sunset Guest,[WPA2_PSK],2025-3-27 22:57:48,4,-84,34.0259743,-117.1778107,486.10,1.50,WIFI
38:94:ED:5D:60:87,,[WPA2_PSK],2025-3-27 22:57:48,4,-85,34.0259743,-117.1778107,486.10,1.50,WIFI
3E:98:B5:50:B9:64,Sunset Guest,[WPA2_PSK],2025-3-27 22:57:48,4,-86,34.0259743,-117.1778107,486.10,1.50,WIFI
D2:9E:43:D5:86:95,Sunset Guest,[WPA2_PSK],2025-3-27 22:57:48,4,-89,34.0259743,-117.1778107,486.10,1.50,WIFI
C8:9E:43:D5:86:95,Sunset Cottage,[WPA2_PSK],2025-3-27 22:57:48,4,-91,34.0259743,-117.1778107,486.10,1.50,WIFI
80:CC:9C:3D:63:96,,[WPA2_PSK],2025-3-27 22:57:50,6,-83,34.0259018,-117.1777573,485.30,1.50,WIFI
86:CC:9C:3D:63:96,MORALES-1,[WPA2_PSK],2025-3-27 22:57:50,6,-83,34.0259018,-117.1777573,485.30,1.50,WIFI
FC:DB:21:22:FB:BF,Atlantadchotspot,[WPA2_PSK],2025-3-27 22:57:50,6,-84,34.0259018,-117.1777573,485.30,1.50,WIFI
C8:9E:43:D1:0D:2E,MORALES-1,[WPA2_PSK],2025-3-27 22:57:50,6,-92,34.0259018,-117.1777573,485.30,1.50,WIFI
CE:9E:43:D1:0D:2E,,[WPA2_PSK],2025-3-27 22:57:50,6,-96,34.0259018,-117.1777573,485.30,1.50,WIFI
D4:05:DE:B0:2B:67,cactus,[WPA2_PSK],2025-3-27 22:57:55,11,-84,34.0256233,-117.1778717,481.10,1.50,WIFI
D4:05:DE:B0:2B:64,,[WPA3_PSK],2025-3-27 22:57:55,11,-88,34.0256233,-117.1778717,481.10,1.50,WIFI
D4:05:DE:B0:2B:6A,,[OPEN],2025-3-27 22:57:55,11,-89,34.0256233,-117.1778717,481.10,1.50,WIFI
40:E1:E4:F4:92:E6,TMOBILE-92DD,[WPA_WPA2_PSK],2025-3-27 22:58:9,11,-88,34.0236092,-117.1782303,459.50,1.50,WIFI
88:DC:97:0A:80:79,DolceVillaEstate,[WPA2_WPA3_PSK],2025-3-27 22:58:10,1,-86,34.0234451,-117.1782379,457.90,1.50,WIFI
72:CD:D6:E7:0A:8B,Moores,[WPA2_PSK],2025-3-27 22:58:15,3,-86,34.0226326,-117.1785278,448.20,1.50,WIFI
6C:CD:D6:E7:0A:8B,,[WPA2_PSK],2025-3-27 22:58:15,3,-87,34.0226326,-117.1785278,448.20,1.50,WIFI
10:0C:6B:20:BF:DE,,[WPA2_PSK],2025-3-27 22:58:15,3,-89,34.0226326,-117.1785278,448.20,1.50,WIFI
16:0C:6B:20:BF:DE,Moores,[WPA2_PSK],2025-3-27 22:58:15,3,-92,34.0226326,-117.1785278,448.20,1.50,WIFI
10:0C:6B:1D:23:7C,Moores,[WPA2_PSK],2025-3-27 22:58:15,3,-92,34.0226326,-117.1785278,448.20,1.50,WIFI
9C:3D:CF:E1:FA:D1,FiOS-06SUB_EXT,[WPA2_PSK],2025-3-27 22:58:18,6,-91,34.0221519,-117.1787872,444.80,1.50,WIFI
1A:59:C0:38:68:CF,ORBI48,[WPA2_PSK],2025-3-27 22:58:21,9,-62,34.0217247,-117.1789932,443.20,1.50,WIFI
1E:59:C0:38:6E:AB,,[WPA2_PSK],2025-3-27 22:58:21,9,-73,34.0217247,-117.1789932,443.20,1.50,WIFI
1A:59:C0:38:6F:3C,ORBI48,[WPA2_PSK],2025-3-27 22:58:21,9,-74,34.0217247,-117.1789932,443.20,1.50,WIFI
1A:59:C0:38:6E:AB,ORBI48,[WPA2_PSK],2025-3-27 22:58:21,9,-80,34.0217247,-117.1789932,443.20,1.50,WIFI
1E:59:C0:43:E8:8C,,[WPA2_PSK],2025-3-27 22:58:23,11,-83,34.0214462,-117.1790771,441.30,1.50,WIFI
58:CB:52:BB:BB:17,KawaiandKaia,[WPA2_PSK],2025-3-27 22:58:23,11,-88,34.0214462,-117.1790771,441.30,1.50,WIFI
CC:40:D0:FD:72:4E,ORBI04,[WPA2_PSK],2025-3-27 22:58:23,11,-90,34.0214462,-117.1790771,441.30,1.50,WIFI
3C:37:86:41:3E:DD,ORBI04,[WPA2_PSK],2025-3-27 22:58:23,11,-91,34.0214462,-117.1790771,441.30,1.50,WIFI
7E:45:58:3D:05:A2,RRR_Mainhouse,[WPA2_PSK],2025-3-27 22:58:23,11,-94,34.0214462,-117.1790771,441.30,1.50,WIFI
7E:45:58:3D:07:B6,,[WPA2_PSK],2025-3-27 22:58:25,1,-92,34.0211639,-117.1791077,439.60,1.50,WIFI
78:45:58:3D:07:B6,RRR_Mainhouse,[WPA2_PSK],2025-3-27 22:58:25,1,-93,34.0211639,-117.1791077,439.60,1.50,WIFI
74:FE:CE:0D:E6:A6,setup-2435,[WPA2_PSK],2025-3-27 22:58:32,6,-79,34.0200768,-117.1787643,433.90,1.50,WIFI
74:FE:CE:0D:E6:A2,setup-2435,[WPA2_PSK],2025-3-27 22:58:32,6,-83,34.0200768,-117.1787643,433.90,1.50,WIFI
78:8C:B5:9F:2D:22,Chang-Wifi,[WPA2_PSK],2025-3-27 22:58:32,6,-84,34.0200768,-117.1787643,433.90,1.50,WIFI
7A:FE:CE:0D:E6:A2,,[WPA2_PSK],2025-3-27 22:58:32,6,-84,34.0200768,-117.1787643,433.90,1.50,WIFI
7E:8C:B5:9F:2D:22,,[WPA2_PSK],2025-3-27 22:58:32,6,-86,34.0200768,-117.1787643,433.90,1.50,WIFI
6A:B9:D3:BD:24:C6,LEISURE470-18C82A,[WPA2_PSK],2025-3-27 22:58:32,6,-89,34.0200768,-117.1787643,433.90,1.50,WIFI
78:8C:B5:9F:2D:06,Chang-Wifi,[WPA2_PSK],2025-3-27 22:58:32,6,-91,34.0200768,-117.1787643,433.90,1.50,WIFI
CA:BF:B8:CB:62:D1,Guardian-Guest,[WPA_WPA2_PSK],2025-3-27 22:58:34,8,-93,34.0197563,-117.1786346,432.10,1.50,WIFI
8A:9C:25:02:C5:53,Guardian-Guest,[WPA_WPA2_PSK],2025-3-27 22:58:34,8,-93,34.0197563,-117.1786346,432.10,1.50,WIFI
08:BF:B8:CB:62:D0,Guardian,[WPA2_PSK],2025-3-27 22:58:34,8,-94,34.0197563,-117.1786346,432.10,1.50,WIFI
8A:9C:25:02:C5:51,Guardian,[WPA2_PSK],2025-3-27 22:58:34,8,-94,34.0197563,-117.1786346,432.10,1.50,WIFI
1E:59:C0:38:6F:3C,,[WPA2_PSK],2025-3-27 22:58:35,9,-85,34.0195923,-117.1785583,431.10,1.50,WIFI
1E:59:C0:38:68:CF,,[WPA2_PSK],2025-3-27 22:58:35,9,-88,34.0195923,-117.1785583,431.10,1.50,WIFI
A6:04:60:2C:F2:6C,ORBI48,[WPA2_PSK],2025-3-27 22:58:35,9,-93,34.0195923,-117.1785583,431.10,1.50,WIFI
AA:04:60:2C:F2:6C,,[WPA2_PSK],2025-3-27 22:58:35,9,-96,34.0195923,-117.1785583,431.10,1.50,WIFI
78:45:58:3D:05:A2,,[WPA2_PSK],2025-3-27 22:58:37,11,-84,34.0192719,-117.1784210,429.40,1.50,WIFI
36:23:03:89:94:CA,,[WPA2_PSK],2025-3-27 22:58:39,1,-85,34.0189552,-117.1782837,427.80,1.50,WIFI
30:23:03:89:94:CA,Ethereal,[WPA2_PSK],2025-3-27 22:58:39,1,-89,34.0189552,-117.1782837,427.80,1.50,WIFI
36:23:03:84:5C:98,,[WPA2_PSK],2025-3-27 22:58:42,2,-94,34.0185051,-117.1781387,424.90,1.50,WIFI
10:0C:6B:28:A5:15,Makowski,[WPA2_PSK],2025-3-27 22:58:44,4,-88,34.0181923,-117.1781311,423.30,1.50,WIFI
C8:9E:43:42:68:01,Makowski,[WPA2_PSK],2025-3-27 22:58:44,4,-92,34.0181923,-117.1781311,423.30,1.50,WIFI
CC:40:D0:06:FA:C8,NETGEAR11,[WPA2_PSK],2025-3-27 22:58:46,6,-92,34.0178871,-117.1781693,421.50,1.50,WIFI
68:47:49:05:F5:D6,,[WPA2_PSK],2025-3-27 22:58:51,11,-93,34.0171509,-117.1785202,417.80,1.50,WIFI
04:92:26:82:3A:38,cjep,[WPA2_PSK],2025-3-27 22:58:51,11,-94,34.0171509,-117.1785202,417.80,1.50,WIFI
04:92:26:82:3A:39,cjep_guest,[WPA2_PSK],2025-3-27 22:58:51,11,-95,34.0171509,-117.1785202,417.80,1.50,WIFI
86:D2:94:B2:AB:CB,OCNetwork-Guest,[WPA2_PSK],2025-3-27 22:58:53,1,-91,34.0168571,-117.1786728,416.40,1.50,WIFI
10:2C:B1:30:09:09,,[WPA_WPA2_PSK],2025-3-27 22:58:56,2,-93,34.0164146,-117.1788635,414.20,1.50,WIFI
48:22:54:7B:8B:9E,RT&C,[WPA2_PSK],2025-3-27 22:58:57,3,-86,34.0162697,-117.1789169,413.50,1.50,WIFI
4E:22:54:7B:8B:9A,,[WPA2_PSK],2025-3-27 22:58:57,3,-89,34.0162697,-117.1789169,413.50,1.50,WIFI
C0:6F:98:3F:DD:A3,,[WPA3_PSK],2025-3-27 22:59:0,6,-84,34.0158310,-117.1790619,411.70,1.50,WIFI
C0:6F:98:3F:DD:A9,,[OPEN],2025-3-27 22:59:0,6,-84,34.0158310,-117.1790619,411.70,1.50,WIFI
C0:6F:98:3F:DD:A6,MD_Links,[WPA2_PSK],2025-3-27 22:59:0,6,-84,34.0158310,-117.1790619,411.70,1.50,WIFI
C0:6F:98:3F:DD:AF,Links_guest,[WPA2_PSK],2025-3-27 22:59:0,6,-84,34.0158310,-117.1790619,411.70,1.50,WIFI
30:23:03:84:59:38,2cproperty,[WPA2_PSK],2025-3-27 22:59:0,6,-92,34.0158310,-117.1790619,411.70,1.50,WIFI
36:23:03:84:59:38,,[WPA2_PSK],2025-3-27 22:59:0,6,-93,34.0158310,-117.1790619,411.70,1.50,WIFI
AC:15:A2:6D:87:78,Frontier0256_EXT,[WPA2_PSK],2025-3-27 22:59:5,11,-93,34.0152321,-117.1791229,409.00,1.50,WIFI
22:AD:56:B1:CB:5B,HotspotCB5B,[WPA_WPA2_PSK],2025-3-27 22:59:19,11,-81,34.0145531,-117.1792145,404.20,1.50,WIFI
FC:DB:21:1A:FB:A7,centuri_hotspot,[WPA2_PSK],2025-3-27 22:59:28,6,-86,34.0137138,-117.1800003,404.90,1.50,WIFI
02:92:A5:D4:3E:79,myBuick4511,[WPA2_WPA3_PSK],2025-3-27 22:59:33,11,-93,34.0132141,-117.1804962,407.20,1.50,WIFI
BC:82:5D:57:76:D2,WiFi Hotspot 1135,[WPA2_PSK],2025-3-27 22:59:35,1,-92,34.0130730,-117.1806564,406.90,1.50,WIFI
00:80:AE:0B:1F:DF,hug2g836672,[WPA2_PSK],2025-3-27 23:0:29,11,-90,34.0124321,-117.1813126,407.20,1.50,WIFI
26:56:50:08:3F:45,HONDA1359,[WPA2_WPA3_PSK],2025-3-27 23:0:41,9,-92,34.0123138,-117.1814423,408.00,1.50,WIFI
26:12:88:B8:DE:36,moto g power 5G - 2024_8001,[WPA2_WPA3_PSK],2025-3-27 23:0:52,6,-94,34.0121536,-117.1816025,409.20,1.50,WIFI
A8:40:0B:2D:3F:97,HotspotR3Hj,[WPA_WPA2_PSK],2025-3-27 23:1:6,6,-92,34.0119553,-117.1818008,410.90,1.50,WIFI
5A:E4:03:EE:A4:9F,Audi_MMI_8821,[WPA2_PSK],2025-3-27 23:1:21,6,-85,34.0118561,-117.1819153,412.00,1.50,WIFI
08:36:C9:F3:C1:B2,CASA TORCAT,[WPA2_PSK],2025-3-27 23:1:32,3,-90,34.0112038,-117.1815491,415.90,1.50,WIFI
0E:36:C9:F3:C1:B2,,[WPA2_PSK],2025-3-27 23:1:32,3,-95,34.0112038,-117.1815491,415.90,1.50,WIFI
80:3F:5D:71:D4:92,worknet,[WPA2_PSK],2025-3-27 23:2:4,8,-94,34.0104294,-117.1809616,417.70,1.50,WIFI
FC:9C:98:3B:39:AC,ARLO_VMB_2415174698,[WPA2_PSK],2025-3-27 23:2:16,6,-92,34.0102234,-117.1808014,418.10,1.50,WIFI
C8:9E:43:66:FD:F4,,[WPA2_PSK],2025-3-27 23:2:18,8,-91,34.0101929,-117.1807709,418.00,1.50,WIFI
CE:9E:43:66:FD:F4,Imbrianihome,[WPA2_WPA3_PSK],2025-3-27 23:2:18,8,-94,34.0101929,-117.1807709,418.00,1.50,WIFI
D6:9E:43:66:FD:F4,Imbrianihome-IoT,[WPA2_PSK],2025-3-27 23:2:18,8,-94,34.0101929,-117.1807709,418.00,1.50,WIFI
4E:82:A9:61:31:45,DIRECT-45-HP M283 LaserJet,[WPA2_PSK],2025-3-27 23:2:19,9,-94,34.0101776,-117.1807632,418.00,1.50,WIFI
CA:A5:11:2E:7C:11,OCNetwork-Guest,[WPA2_PSK],2025-3-27 23:2:23,1,-92,34.0101242,-117.1807098,417.90,1.50,WIFI
38:94:ED:44:8B:3C,Patel Home,[WPA2_PSK],2025-3-27 23:2:28,4,-93,34.0100594,-117.1806488,418.10,1.50,WIFI
3E:94:ED:44:8B:3C,,[WPA2_PSK],2025-3-27 23:2:28,4,-93,34.0100594,-117.1806488,418.10,1.50,WIFI
40:ED:00:D8:85:B8,Jesuslovesyou2!!,[WPA2_PSK],2025-3-27 23:2:39,2,-89,34.0099373,-117.1805267,416.40,1.50,WIFI
46:ED:00:D8:85:B8,,[WPA2_PSK],2025-3-27 23:2:39,2,-90,34.0099373,-117.1805267,416.40,1.50,WIFI
A4:11:62:96:FC:CC,ARLO_VMB_9496789193,[WPA2_PSK],2025-3-27 23:2:39,2,-93,34.0099373,-117.1805267,416.40,1.50,WIFI
C2:A5:11:2E:7C:11,OCNetwork,[WPA2_PSK],2025-3-27 23:2:50,1,-95,34.0099373,-117.1805267,416.60,1.50,WIFI
70:74:14:52:16:40,Vehicle Hotspot,[WPA2_PSK],2025-3-27 23:2:57,6,-94,34.0099373,-117.1805191,416.70,1.75,WIFI
7E:D2:94:B2:AB:CB,OCNetwork,[WPA2_PSK],2025-3-27 23:3:4,1,-91,34.0098877,-117.1804657,416.90,1.50,WIFI
C6:A5:11:2E:7C:11,,[WPA2_PSK],2025-3-27 23:3:4,1,-92,34.0098877,-117.1804657,416.90,1.50,WIFI
44:87:63:D0:59:1D,TYPE_S_DVR22_4K_D0591D,[WPA2_PSK],2025-3-27 23:3:7,2,-60,34.0098495,-117.1804047,416.80,1.50,WIFI
24:2D:6C:91:78:05,,[WPA3_PSK],2025-3-27 23:3:11,6,-94,34.0098038,-117.1803513,416.20,1.50,WIFI
2C:95:69:76:EA:B8,Frontier0256,[WPA2_PSK],2025-3-27 23:3:16,11,-94,34.0097160,-117.1802216,414.90,1.50,WIFI
48:22:54:7B:8B:9A,RT&C,[WPA2_PSK],2025-3-27 23:3:22,3,-90,34.0096321,-117.1800842,415.30,1.50,WIFI
5E:A6:E6:93:D4:1A,WalshWorld,[WPA2_PSK],2025-3-27 23:3:29,10,-95,34.0095215,-117.1798706,418.00,1.50,WIFI
5A:E4:03:30:F4:EB,myChevrolet F4EB,[WPA2_PSK],2025-3-27 23:3:40,7,-87,34.0093842,-117.1795120,420.60,1.50,WIFI
10:0C:6B:ED:68:22,ponyowifi,[WPA2_PSK],2025-3-27 23:3:49,2,-92,34.0093689,-117.1794662,421.70,1.50,WIFI
12:36:C9:91:97:61,Wernher Net-Guest,[WPA2_PSK],2025-3-27 23:3:56,9,-95,34.0093384,-117.1793823,422.40,1.50,WIFI
A4:11:62:48:09:22,ARLO_VMB_3811182588,[WPA2_PSK],2025-3-27 23:4:5,4,-93,34.0092468,-117.1791611,422.90,1.50,WIFI
38:94:ED:45:78:79,,[WPA2_PSK],2025-3-27 23:4:19,4,-89,34.0092392,-117.1791306,423.40,1.50,WIFI
D2:40:D0:F9:52:CE,,[WPA2_PSK],2025-3-27 23:4:19,4,-93,34.0092392,-117.1791306,423.40,1.50,WIFI
3E:94:ED:45:78:79,Patel Home,[WPA2_PSK],2025-3-27 23:4:19,4,-93,34.0092392,-117.1791306,423.40,1.50,WIFI
9C:3D:CF:58:DC:A2,NETGEAR71,[WPA2_PSK],2025-3-27 23:4:21,6,-92,34.0092392,-117.1791229,423.50,1.50,WIFI
44:A5:6E:47:76:59,NETGEAR20,[WPA2_PSK],2025-3-27 23:4:24,8,-90,34.0092354,-117.1791229,423.60,1.50,WIFI
88:41:FC:A4:F3:08,FTRSecure_4920_4DSV,[WPA2_PSK],2025-3-27 23:4:25,10,-94,34.0092354,-117.1791229,423.60,1.50,WIFI
5E:A6:E6:93:D4:19,,[WPA2_PSK],2025-3-27 23:4:25,10,-94,34.0092354,-117.1791229,423.60,1.50,WIFI
5E:A6:E6:93:D4:1B,WalshWorld_Guest,[WPA2_PSK],2025-3-27 23:4:25,10,-94,34.0092354,-117.1791229,423.60,1.50,WIFI
F8:1A:2B:19:00:A7,LexiNet,[WPA2_PSK],2025-3-27 23:4:26,11,-90,34.0092354,-117.1791229,423.70,1.50,WIFI
4A:37:86:27:25:6E,DAOG,[WPA2_PSK],2025-3-27 23:4:26,11,-91,34.0092354,-117.1791229,423.70,1.50,WIFI
46:37:86:27:25:6E,,[WPA2_PSK],2025-3-27 23:4:26,11,-92,34.0092354,-117.1791229,423.70,1.50,WIFI
00:30:44:34:04:51,,[WPA2_PSK],2025-3-27 23:4:50,6,-59,34.0088806,-117.1782379,424.00,1.25,WIFI
00:92:A5:96:41:02,NXP Micro AP,[OPEN],2025-3-27 23:6:14,6,-67,34.0086174,-117.1752625,421.20,1.25,WIFI
00:92:A5:96:41:03,NXP Micro AP,[OPEN],2025-3-27 23:6:14,6,-68,34.0086174,-117.1752625,421.20,1.25,WIFI
AE:1A:EA:50:26:16,,[WPA2_PSK],2025-3-27 23:6:14,6,-92,34.0086174,-117.1752625,421.20,1.25,WIFI
B4:B9:E6:DA:05:24,,[WPA3_PSK],2025-3-27 23:6:27,6,-84,34.0085411,-117.1744766,423.10,1.25,WIFI
B4:B9:E6:DA:05:28,,[OPEN],2025-3-27 23:6:27,6,-86,34.0085411,-117.1744766,423.10,1.25,WIFI
B4:B9:E6:DA:05:26,Brambila5G,[WPA2_PSK],2025-3-27 23:6:27,6,-87,34.0085411,-117.1744766,423.10,1.25,WIFI
AC:DF:9F:9D:D5:2E,TMOBILE-D52C,[WPA2_WPA3_PSK],2025-3-27 23:6:31,10,-95,34.0084953,-117.1742706,423.70,1.25,WIFI
AE:1A:EA:20:26:16,GIL-STARLINK,[WPA2_PSK],2025-3-27 23:6:41,6,-74,34.0083694,-117.1737823,426.10,1.25,WIFI
AE:1A:EA:80:26:16,,[WPA2_PSK],2025-3-27 23:6:41,6,-76,34.0083694,-117.1737823,426.10,1.25,WIFI
90:CA:FA:60:00:2B,ranch,[WPA2_PSK],2025-3-27 23:6:46,11,-91,34.0082817,-117.1735306,428.00,1.25,WIFI
90:CA:FA:52:B5:1A,ranch,[WPA2_PSK],2025-3-27 23:6:48,1,-81,34.0082397,-117.1734009,428.70,1.25,WIFI
90:CA:FA:53:02:27,ranch,[WPA2_PSK],2025-3-27 23:6:48,1,-92,34.0082397,-117.1734009,428.70,1.25,WIFI
E4:F4:C6:02:CA:25,orbiro,[WPA2_PSK],2025-3-27 23:6:59,10,-94,34.0079689,-117.1727829,433.50,1.25,WIFI
78:24:AF:90:24:00,Home,[WPA2_PSK],2025-3-27 23:7:2,1,-94,34.0079155,-117.1726990,434.20,1.25,WIFI
78:45:58:3D:05:14,,[WPA2_PSK],2025-3-27 23:7:9,6,-93,34.0076523,-117.1722946,434.20,1.25,WIFI
7E:45:58:3D:05:14,RRR_Mainhouse,[WPA2_PSK],2025-3-27 23:7:9,6,-94,34.0076523,-117.1722946,434.20,1.25,WIFI
3C:52:A1:38:7B:0E,Beach Club,[WPA_WPA2_PSK],2025-3-27 23:7:9,6,-98,34.0076523,-117.1722946,434.20,1.25,WIFI
A4:11:62:5E:BC:D2,NTGR_VMB_5494855289,[WPA2_PSK],2025-3-27 23:7:14,11,-87,34.0074959,-117.1720734,433.90,1.25,WIFI
CA:41:1E:E2:DA:D5,,[WPA2_PSK],2025-3-27 23:7:14,11,-95,34.0074959,-117.1720734,433.90,1.25,WIFI
2A:F5:A2:7F:7D:53,,[WPA2_PSK],2025-3-27 23:7:16,1,-93,34.0074654,-117.1720276,433.80,1.25,WIFI
46:37:86:12:97:32,,[WPA2_PSK],2025-3-27 23:7:22,5,-95,34.0073662,-117.1718903,433.20,1.25,WIFI
FC:9C:98:15:8F:F3,ARLO_VMB_3911243624,[WPA2_PSK],2025-3-27 23:7:23,6,-91,34.0073471,-117.1718597,433.00,1.25,WIFI
36:23:03:CF:94:86,,[WPA2_PSK],2025-3-27 23:7:35,4,-96,34.0070953,-117.1715317,431.80,1.25,WIFI
4A:37:86:12:97:32,mrtnzguest,[WPA2_PSK],2025-3-27 23:7:36,5,-94,34.0070724,-117.1714935,431.70,1.25,WIFI
E8:9F:80:D3:44:E4,SPfox862136,[WPA2_PSK],2025-3-27 23:7:39,8,-91,34.0070038,-117.1714325,431.60,1.25,WIFI
EE:9F:80:D3:44:E4,,[WPA2_PSK],2025-3-27 23:7:39,8,-94,34.0070038,-117.1714325,431.60,1.25,WIFI
C4:41:1E:E2:DA:D5,SPfox862136,[WPA2_PSK],2025-3-27 23:7:42,11,-87,34.0069427,-117.1713791,431.60,1.25,WIFI
08:7B:12:40:20:26,Frontier1319,[WPA2_PSK],2025-3-27 23:7:42,11,-89,34.0069427,-117.1713791,431.60,1.25,WIFI
4A:A4:FD:66:B7:81,WVCE9KJBZFRYIMQF,[OPEN],2025-3-27 23:7:45,1,-98,34.0068932,-117.1713333,431.50,1.25,WIFI
42:37:86:12:97:32,ORBI36,[WPA2_PSK],2025-3-27 23:8:4,5,-94,34.0064583,-117.1710739,432.60,1.25,WIFI
02:92:A5:D3:F1:85,myChevrolet8053,[WPA2_WPA3_PSK],2025-3-27 23:9:52,1,-87,34.0043602,-117.1686249,436.70,1.25,WIFI
04:17:B6:5A:06:14,,[WPA_WPA2_PSK],2025-3-27 23:9:54,2,-93,34.0043373,-117.1685867,436.80,1.25,WIFI
F0:09:0D:A9:F2:07,VirusInfection,[WPA2_PSK],2025-3-27 23:9:55,3,-93,34.0043259,-117.1685562,436.80,1.25,WIFI
9A:09:0D:A9:F2:09,,[WPA2_PSK],2025-3-27 23:9:55,3,-94,34.0043259,-117.1685562,436.80,1.25,WIFI
08:36:C9:EC:F4:BD,,[WPA2_PSK],2025-3-27 23:10:23,3,-94,34.0038795,-117.1678543,437.60,1.25,WIFI
24:2D:6C:99:DA:05,,[WPA3_PSK],2025-3-27 23:10:39,6,-93,34.0036354,-117.1675568,437.80,1.25,WIFI
FA:6D:CC:DD:FD:E2,myChevrolet FDE2,[WPA2_PSK],2025-3-27 23:11:8,7,-91,34.0032158,-117.1671143,438.20,1.25,WIFI
2C:58:4F:1A:60:A2,Frontier2928,[WPA2_PSK],2025-3-27 23:11:29,1,-92,34.0026474,-117.1666565,440.00,1.25,WIFI
46:35:C9:FB:61:EB,Galaxy S24 FE 8BF8,[WPA2_PSK],2025-3-27 23:11:40,11,-98,34.0024643,-117.1665268,440.50,1.25,WIFI
08:36:C9:71:68:14,SCHWARTZ,[WPA2_PSK],2025-3-27 23:12:2,4,-89,34.0020409,-117.1662445,440.40,1.25,WIFI
0E:36:C9:71:68:14,,[WPA2_PSK],2025-3-27 23:12:2,4,-91,34.0020409,-117.1662445,440.40,1.25,WIFI
1A:B2:BE:4C:D5:F7,,[WPA2_PSK],2025-3-27 23:12:9,11,-88,34.0019302,-117.1661758,440.50,1.25,WIFI
1A:B2:BE:2C:D5:F7,Star,[WPA2_PSK],2025-3-27 23:12:9,11,-89,34.0019302,-117.1661758,440.50,1.25,WIFI
1A:B2:BE:6C:D5:F7,,[WPA2_PSK],2025-3-27 23:12:9,11,-89,34.0019302,-117.1661758,440.50,1.25,WIFI
0E:36:C9:74:1D:2C,SCHWARTZ,[WPA2_PSK],2025-3-27 23:12:16,4,-94,34.0018005,-117.1660767,440.90,1.25,WIFI
F4:CA:E7:5B:00:E6,Movie room ,[WPA2_PSK],2025-3-27 23:12:18,6,-92,34.0017586,-117.1660538,440.90,1.25,WIFI
AC:DF:9F:8B:7F:BA,TMOBILE-7FB8,[WPA2_WPA3_PSK],2025-3-27 23:12:20,8,-93,34.0016785,-117.1660080,441.00,1.25,WIFI
A8:97:CD:CA:E1:20,Frontier3248,[WPA2_PSK],2025-3-27 23:12:23,11,-88,34.0014763,-117.1658707,441.30,1.25,WIFI
46:27:45:4A:70:FE,[LG_Oven]70fe,[WPA2_PSK],2025-3-27 23:12:37,11,-95,33.9996643,-117.1644592,443.10,1.25,WIFI
AA:40:A0:53:B1:04,,[WPA2_PSK],2025-3-27 23:12:49,9,-80,33.9978027,-117.1625595,446.90,1.25,WIFI
AA:40:A0:54:44:25,,[WPA2_PSK],2025-3-27 23:12:49,9,-84,33.9978027,-117.1625595,446.90,1.25,WIFI
EC:74:27:F5:57:C5,VGranch,[WPA2_PSK],2025-3-27 23:13:0,6,-82,33.9958000,-117.1614456,449.60,1.25,WIFI
C8:E3:06:12:74:A5,VGranch,[WPA2_PSK],2025-3-27 23:13:0,6,-88,33.9958000,-117.1614456,449.60,1.25,WIFI
EC:74:27:F5:57:C3,,[WPA3_PSK],2025-3-27 23:13:0,6,-88,33.9958000,-117.1614456,449.60,1.25,WIFI
EC:74:27:F5:57:C7,,[OPEN],2025-3-27 23:13:0,6,-88,33.9958000,-117.1614456,449.60,1.25,WIFI
94:A3:CA:0D:30:04,moxee broadband05,[WPA2_PSK],2025-3-27 23:13:5,11,-93,33.9949608,-117.1607819,455.40,1.25,WIFI
7E:E1:11:23:BF:1D,VGranch,[WPA2_PSK],2025-3-27 23:13:5,11,-95,33.9949608,-117.1607819,455.40,1.25,WIFI
08:B4:B1:53:FE:26,El Ranchito,[WPA2_PSK],2025-3-27 23:13:8,1,-91,33.9945602,-117.1602936,457.70,1.25,WIFI
3C:28:6D:C4:9F:78,El Ranchito,[WPA2_PSK],2025-3-27 23:13:8,1,-91,33.9945602,-117.1602936,457.70,1.25,WIFI
3C:28:6D:C4:84:DF,El Ranchito,[WPA2_PSK],2025-3-27 23:13:8,1,-91,33.9945602,-117.1602936,457.70,1.25,WIFI
08:B4:B1:54:00:62,El Ranchito,[WPA2_PSK],2025-3-27 23:13:14,6,-77,33.9939766,-117.1593246,462.20,1.25,WIFI
06:AB:8E:68:33:E8,,[WPA2_PSK],2025-3-27 23:13:14,6,-77,33.9939766,-117.1593246,462.20,1.25,WIFI
06:AB:8E:28:33:E8,Offgride ,[WPA2_PSK],2025-3-27 23:13:14,6,-78,33.9939766,-117.1593246,462.20,1.25,WIFI
06:AB:8E:48:33:E8,,[WPA2_PSK],2025-3-27 23:13:14,6,-79,33.9939766,-117.1593246,462.20,1.25,WIFI
38:88:71:30:E4:06,Verizon_L4R4WG,[WPA2_PSK],2025-3-27 23:13:19,11,-86,33.9937363,-117.1584778,461.60,1.25,WIFI
24:2F:D0:AA:AD:F0,Storman_EXT,[WPA2_PSK],2025-3-27 23:13:19,11,-94,33.9937363,-117.1584778,461.60,1.25,WIFI
C0:FF:D4:D5:80:06,HughesNet-George_EXT,[WPA2_PSK],2025-3-27 23:13:22,1,-88,33.9936638,-117.1579819,460.40,1.25,WIFI
74:90:BC:12:FF:0F,Verizon_NX7B64,[WPA2_PSK],2025-3-27 23:13:22,1,-88,33.9936638,-117.1579819,460.40,1.25,WIFI
76:90:BC:22:FF:0F,hug2g526442,[WPA2_PSK],2025-3-27 23:13:22,1,-88,33.9936638,-117.1579819,460.40,1.25,WIFI
A8:A2:37:52:76:0B,Verizon_SFQB6K,[WPA2_PSK],2025-3-27 23:13:28,6,-88,33.9936066,-117.1572876,459.50,1.25,WIFI
18:1B:EB:DB:E8:BD,BQXDQ,[WPA2_PSK],2025-3-27 23:13:28,6,-92,33.9936066,-117.1572876,459.50,1.25,WIFI
42:17:5C:67:FE:A5,,[WPA2_PSK],2025-3-27 23:13:33,11,-78,33.9935875,-117.1570740,459.80,1.25,WIFI
42:17:5C:47:FE:A5,,[WPA2_PSK],2025-3-27 23:13:33,11,-78,33.9935875,-117.1570740,459.80,1.25,WIFI
42:17:5C:27:FE:A5,Storman,[WPA2_PSK],2025-3-27 23:13:33,11,-81,33.9935875,-117.1570740,459.80,1.25,WIFI
6E:02:E0:9E:B0:65,DIRECT-65-HP ENVY Pro 6400,[WPA2_PSK],2025-3-27 23:13:33,11,-89,33.9935875,-117.1570740,459.80,1.25,WIFI
00:80:AE:09:C0:3B,hug2g428748,[WPA2_PSK],2025-3-27 23:13:36,1,-89,33.9935799,-117.1569901,460.10,1.25,WIFI
0A:80:AE:09:C0:3B,,[WPA2_PSK],2025-3-27 23:13:36,1,-92,33.9935799,-117.1569901,460.10,1.25,WIFI
2C:58:4F:E3:04:80,Frontier2080,[WPA2_PSK],2025-3-27 23:14:0,11,-93,33.9933968,-117.1559219,463.30,1.25,WIFI
6C:63:9C:8D:CD:40,Frontier0928,[WPA2_PSK],2025-3-27 23:14:9,6,-96,33.9932785,-117.1555099,464.70,1.25,WIFI
6A:D7:9A:D7:70:B0,,[WPA2_PSK],2025-3-27 23:14:16,1,-92,33.9931526,-117.1551514,465.90,1.25,WIFI
8C:3B:AD:30:BE:D9,ATTeD7udS2_2GEXT,[WPA2_PSK],2025-3-27 23:14:28,11,-92,33.9930191,-117.1548233,467.20,1.25,WIFI
B4:B9:E6:71:DF:48,,[OPEN],2025-3-27 23:14:37,6,-84,33.9928589,-117.1544418,468.60,1.25,WIFI
B4:B9:E6:71:DF:44,,[WPA3_PSK],2025-3-27 23:14:37,6,-85,33.9928589,-117.1544418,468.60,1.25,WIFI
B4:B9:E6:71:DF:4C,Toastedhead1993  Guest,[WPA2_PSK],2025-3-27 23:14:37,6,-87,33.9928589,-117.1544418,468.60,1.25,WIFI
B4:B9:E6:71:DF:46,Toastedhead1993 ,[WPA2_PSK],2025-3-27 23:14:37,6,-89,33.9928589,-117.1544418,468.60,1.25,WIFI
38:E1:F4:92:61:C6,KC,[WPA2_WPA3_PSK],2025-3-27 23:14:42,11,-89,33.9927521,-117.1541901,469.60,1.25,WIFI
2C:EA:DC:32:94:9E,Verizon-MiFi8800L-93D0,[WPA2_PSK],2025-3-27 23:14:45,1,-87,33.9927025,-117.1540985,469.70,1.25,WIFI
68:D7:9A:D7:70:B0,UFrontier2080,[WPA2_PSK],2025-3-27 23:14:45,1,-87,33.9927025,-117.1540985,469.70,1.25,WIFI
D2:09:8B:22:97:8E,Impact Marketing,[WPA2_PSK],2025-3-27 23:14:51,6,-75,33.9925270,-117.1539459,470.40,1.25,WIFI
D2:09:8B:62:97:8E,,[WPA2_PSK],2025-3-27 23:14:51,6,-75,33.9925270,-117.1539459,470.40,1.25,WIFI
D2:09:8B:42:97:8E,,[WPA2_PSK],2025-3-27 23:14:51,6,-75,33.9925270,-117.1539459,470.40,1.25,WIFI
FA:2C:07:25:E2:69,Torres,[WPA2_PSK],2025-3-27 23:14:56,11,-80,33.9920807,-117.1540222,472.80,1.25,WIFI
FA:2C:07:65:E2:69,,[WPA2_PSK],2025-3-27 23:14:56,11,-80,33.9920807,-117.1540222,472.80,1.25,WIFI
FA:2C:07:45:E2:69,,[WPA2_PSK],2025-3-27 23:14:56,11,-80,33.9920807,-117.1540222,472.80,1.25,WIFI
A0:CD:F3:45:A6:B0,gemini-wifi-v1-38EBD3,[WPA2_PSK],2025-3-27 23:15:9,10,-93,33.9900322,-117.1548157,482.70,1.50,WIFI
AA:AB:48:2F:DD:04,STARLINK,[OPEN],2025-3-27 23:15:13,1,-93,33.9892769,-117.1551514,484.80,1.50,WIFI
AA:AB:48:5F:DD:04,,[WPA2_PSK],2025-3-27 23:15:13,1,-93,33.9892769,-117.1551514,484.80,1.50,WIFI
AA:AB:48:8F:DD:04,,[WPA2_PSK],2025-3-27 23:15:13,1,-95,33.9892769,-117.1551514,484.80,1.50,WIFI
9A:D2:AF:29:0E:3C,StarLink,[WPA2_PSK],2025-3-27 23:15:19,6,-72,33.9880409,-117.1555099,490.70,1.25,WIFI
9A:D2:AF:49:0E:3C,,[WPA2_PSK],2025-3-27 23:15:19,6,-73,33.9880409,-117.1555099,490.70,1.25,WIFI
9A:D2:AF:69:0E:3C,,[WPA2_PSK],2025-3-27 23:15:19,6,-76,33.9880409,-117.1555099,490.70,1.25,WIFI
D4:3F:32:69:96:63,,[WPA3_PSK],2025-3-27 23:15:19,6,-86,33.9880409,-117.1555099,490.70,1.25,WIFI
D4:3F:32:69:96:69,,[OPEN],2025-3-27 23:15:19,6,-90,33.9880409,-117.1555099,490.70,1.25,WIFI
