WigleWifi-1.4,appRelease=v1.2.0,model=ESP32 Marauder,release=v1.2.0,device=ESP32 Marauder,display=SPI TFT,board=ESP32 Marauder,brand=JustCallMeKoko
MAC,SSID,AuthMode,FirstSeen,Channel,RSSI,CurrentLatitude,CurrentLongitude,AltitudeMeters,AccuracyMeters,Type
1E:67:BE:09:97:E8,,[WPA2_PSK],2025-12-2 0:41:23,1,-75,34.0443611,-117.2011337,375.50,2.00,WIFI
58:68:7A:10:AF:17,Cookie,[WPA2_WPA3_PSK],2025-12-2 0:41:23,1,-77,34.0443611,-117.2011337,375.50,2.00,WIFI
1E:67:BE:09:97:E9,,[WPA2_PSK],2025-12-2 0:41:23,1,-79,34.0443611,-117.2011337,375.50,2.00,WIFI
2C:67:BE:09:97:EF,SpectrumSetup-97EB,[WPA2_PSK],2025-12-2 0:41:23,1,-81,34.0443611,-117.2011337,375.50,2.00,WIFI
80:69:1A:94:41:B4,Leason2.0,[WPA2_WPA3_PSK],2025-12-2 0:41:23,1,-83,34.0443611,-117.2011337,375.50,2.00,WIFI
00:C8:96:B2:DC:40,,[WPA_WPA2_PSK],2025-12-2 0:41:23,1,-83,34.0443611,-117.2011337,375.50,2.00,WIFI
54:04:63:FB:12:D8,,[WPA_WPA2_PSK],2025-12-2 0:41:23,1,-83,34.0443611,-117.2011337,375.50,2.00,WIFI
9C:76:13:C0:D8:91,Ring Setup 91,[OPEN],2025-12-2 0:41:23,1,-84,34.0443611,-117.2011337,375.50,2.00,WIFI
72:F7:54:97:A3:EA,SunPower43124,[WPA2_PSK],2025-12-2 0:41:23,1,-86,34.0443611,-117.2011337,375.50,2.00,WIFI
34:53:D2:52:09:CE,SpectrumSetup-C8,[WPA2_PSK],2025-12-2 0:41:23,1,-86,34.0443611,-117.2011337,375.50,2.00,WIFI
98:ED:5C:83:A7:13,TeslaPV_83A713,[WPA2_PSK],2025-12-2 0:41:24,2,-66,34.0443649,-117.2011337,375.30,2.00,WIFI
FC:34:97:05:D4:D1,BeOurGuest,[WPA2_WPA3_PSK],2025-12-2 0:41:25,3,-84,34.0443649,-117.2011337,375.10,2.00,WIFI
A4:11:62:72:9A:12,ARLO_VMB_4422026869,[WPA2_PSK],2025-12-2 0:41:28,6,-64,34.0443687,-117.2011337,374.30,2.00,WIFI
90:CA:FA:9B:5D:1A,The Force,[WPA2_PSK],2025-12-2 0:41:28,6,-66,34.0443687,-117.2011337,374.30,2.00,WIFI
90:CA:FA:9B:59:3C,The Force,[WPA2_PSK],2025-12-2 0:41:28,6,-67,34.0443687,-117.2011337,374.30,2.00,WIFI
D4:3F:32:6C:47:C9,,[OPEN],2025-12-2 0:41:28,6,-69,34.0443687,-117.2011337,374.30,2.00,WIFI
90:CA:FA:9B:5C:CF,The Force,[WPA2_PSK],2025-12-2 0:41:28,6,-70,34.0443687,-117.2011337,374.30,2.00,WIFI
D4:3F:32:6C:47:C3,,[WPA3_PSK],2025-12-2 0:41:28,6,-70,34.0443687,-117.2011337,374.30,2.00,WIFI
D4:3F:32:6C:47:C6,durian,[WPA2_PSK],2025-12-2 0:41:28,6,-72,34.0443687,-117.2011337,374.30,2.00,WIFI
80:78:71:80:F3:1F,SpectrumSetup-21,[WPA2_PSK],2025-12-2 0:41:28,6,-80,34.0443687,-117.2011337,374.30,2.00,WIFI
D0:16:7C:8D:8B:E7,,[OPEN],2025-12-2 0:41:28,6,-85,34.0443687,-117.2011337,374.30,2.00,WIFI
D0:16:7C:8D:8B:E3,,[WPA3_PSK],2025-12-2 0:41:28,6,-85,34.0443687,-117.2011337,374.30,2.00,WIFI
D0:16:7C:8D:8B:E5,curtanddi,[WPA2_PSK],2025-12-2 0:41:28,6,-85,34.0443687,-117.2011337,374.30,2.00,WIFI
2E:80:88:D7:76:8B,Cohen,[WPA2_PSK],2025-12-2 0:41:30,8,-90,34.0443687,-117.2011414,374.10,2.00,WIFI
D4:05:DE:89:EE:67,Honn,[WPA2_PSK],2025-12-2 0:41:33,11,-75,34.0443687,-117.2011642,373.20,2.00,WIFI
24:F3:E3:08:18:03,,[WPA3_PSK],2025-12-2 0:41:33,11,-83,34.0443687,-117.2011642,373.20,2.00,WIFI
24:F3:E3:08:18:06,Cohen 6g,[WPA2_PSK],2025-12-2 0:41:33,11,-85,34.0443687,-117.2011642,373.20,2.00,WIFI
24:F3:E3:08:18:0F,Frontier4864 Guest,[WPA2_PSK],2025-12-2 0:41:33,11,-85,34.0443687,-117.2011642,373.20,2.00,WIFI
94:A9:A8:49:B2:08,ENVOY_098670,[OPEN],2025-12-2 0:41:35,1,-81,34.0443687,-117.2011871,372.80,2.00,WIFI
C0:5D:89:D0:13:89,PNR08IF3106216F090,[OPEN],2025-12-2 0:41:35,1,-82,34.0443687,-117.2011871,372.80,2.00,WIFI
A0:04:60:CE:27:AC,NETGEAR49,[WPA2_PSK],2025-12-2 0:41:35,1,-84,34.0443687,-117.2011871,372.80,2.00,WIFI
F2:78:71:80:F3:1F,,[WPA2_PSK],2025-12-2 0:41:42,6,-76,34.0443459,-117.2012482,371.70,2.00,WIFI
8A:0C:7A:D4:3E:98,,[WPA2_PSK],2025-12-2 0:41:42,6,-78,34.0443459,-117.2012482,371.70,2.00,WIFI
AA:0C:7A:D4:3E:98,,[WPA2_PSK],2025-12-2 0:41:42,6,-79,34.0443459,-117.2012482,371.70,2.00,WIFI
58:2F:F7:75:40:C6,SpectrumSetup-C0,[WPA2_PSK],2025-12-2 0:41:42,6,-81,34.0443459,-117.2012482,371.70,2.00,WIFI
12:78:71:80:F3:1F,,[WPA2_PSK],2025-12-2 0:41:42,6,-81,34.0443459,-117.2012482,371.70,2.00,WIFI
66:32:B1:31:E8:12,,[WPA2_PSK],2025-12-2 0:41:44,8,-88,34.0443687,-117.2012634,371.30,2.00,WIFI
66:32:B1:31:F2:2A,,[WPA2_PSK],2025-12-2 0:41:44,8,-90,34.0443687,-117.2012634,371.30,2.00,WIFI
60:32:B1:31:E8:12,DECO,[WPA2_PSK],2025-12-2 0:41:44,8,-93,34.0443687,-117.2012634,371.30,2.00,WIFI
B2:4A:39:F2:27:62,,[OPEN],2025-12-2 0:41:47,11,-63,34.0444603,-117.2013550,370.50,2.00,WIFI
D6:47:CC:7F:68:AE,SpectrumSetup-21,[WPA2_PSK],2025-12-2 0:41:47,11,-69,34.0444603,-117.2013550,370.50,2.00,WIFI
90:48:46:C2:6E:23,ENVOY_112083,[OPEN],2025-12-2 0:41:54,4,-86,34.0448570,-117.2016907,367.30,2.00,WIFI
88:57:1D:51:C7:14,[range]_E30AJT7113083P,[WPA2_PSK],2025-12-2 0:41:54,4,-89,34.0448570,-117.2016907,367.30,2.00,WIFI
9C:0B:05:C3:67:CA,,[OPEN],2025-12-2 0:41:56,6,-72,34.0449257,-117.2017365,366.90,2.00,WIFI
9C:0B:05:C3:67:C4,,[WPA3_PSK],2025-12-2 0:41:56,6,-73,34.0449257,-117.2017365,366.90,2.00,WIFI
9C:0B:05:C3:67:C7,GeorgeYaz,[WPA2_PSK],2025-12-2 0:41:56,6,-73,34.0449257,-117.2017365,366.90,2.00,WIFI
82:AC:B9:BD:D4:B8,,[WPA2_PSK],2025-12-2 0:41:56,6,-74,34.0449257,-117.2017365,366.90,2.00,WIFI
7E:AC:B9:BD:CB:D1,iPhoneSetup,[WPA2_PSK],2025-12-2 0:41:56,6,-75,34.0449257,-117.2017365,366.90,2.00,WIFI
74:AC:B9:BD:CB:D1,BT_Magnolia,[WPA2_PSK],2025-12-2 0:41:56,6,-75,34.0449257,-117.2017365,366.90,2.00,WIFI
74:AC:B9:BD:D4:B8,BT_Magnolia,[WPA2_PSK],2025-12-2 0:41:56,6,-75,34.0449257,-117.2017365,366.90,2.00,WIFI
7E:AC:B9:BD:D4:B8,iPhoneSetup,[WPA2_PSK],2025-12-2 0:41:56,6,-75,34.0449257,-117.2017365,366.90,2.00,WIFI
7A:AC:B9:BD:CB:D1,BT_Magnolia_guest,[WPA2_PSK],2025-12-2 0:41:56,6,-76,34.0449257,-117.2017365,366.90,2.00,WIFI
82:AC:B9:BD:CB:D1,,[WPA2_PSK],2025-12-2 0:41:56,6,-76,34.0449257,-117.2017365,366.90,2.00,WIFI
7A:AC:B9:BD:D4:B8,BT_Magnolia_guest,[WPA2_PSK],2025-12-2 0:41:56,6,-76,34.0449257,-117.2017365,366.90,2.00,WIFI
60:F4:19:01:28:A3,,[WPA3_PSK],2025-12-2 0:41:56,6,-76,34.0449257,-117.2017365,366.90,2.00,WIFI
60:F4:19:01:28:A9,,[OPEN],2025-12-2 0:41:56,6,-76,34.0449257,-117.2017365,366.90,2.00,WIFI
60:F4:19:01:28:A6,WZWMK,[WPA2_PSK],2025-12-2 0:41:56,6,-76,34.0449257,-117.2017365,366.90,2.00,WIFI
44:EA:D8:1E:24:B8,ChimePro-1E24B7,[OPEN],2025-12-2 0:41:56,6,-81,34.0449257,-117.2017365,366.90,2.00,WIFI
A0:8A:06:C5:85:A7,joola-2G,[WPA2_PSK],2025-12-2 0:42:2,11,-71,34.0451126,-117.2015762,366.00,2.00,WIFI
44:AC:85:6E:45:C9,,[OPEN],2025-12-2 0:42:2,11,-75,34.0451126,-117.2015762,366.00,2.00,WIFI
44:AC:85:6E:45:C3,,[WPA3_PSK],2025-12-2 0:42:2,11,-76,34.0451126,-117.2015762,366.00,2.00,WIFI
44:AC:85:6E:45:C6,Normanrose,[WPA2_PSK],2025-12-2 0:42:2,11,-76,34.0451126,-117.2015762,366.00,2.00,WIFI
58:2F:F7:68:A1:56,SpectrumSetup-50,[WPA2_PSK],2025-12-2 0:42:2,11,-80,34.0451126,-117.2015762,366.00,2.00,WIFI
30:8D:99:FB:51:2F,HP-Print-2F-ENVY 4500 series,[OPEN],2025-12-2 0:42:2,11,-83,34.0451126,-117.2015762,366.00,2.00,WIFI
66:CB:E9:7C:99:EC,[LG_Oven]99ec,[WPA2_PSK],2025-12-2 0:42:2,11,-85,34.0451126,-117.2015762,366.00,2.00,WIFI
22:3E:A4:04:CF:C2,,[WPA2_PSK],2025-12-2 0:42:2,11,-87,34.0451126,-117.2015762,366.00,2.00,WIFI
22:48:6C:B1:A8:3B,,[WPA2_PSK],2025-12-2 0:42:2,11,-89,34.0451126,-117.2015762,366.00,2.00,WIFI
20:3A:0C:DC:CA:03,,[WPA3_PSK],2025-12-2 0:42:3,1,-84,34.0451508,-117.2015076,365.80,2.00,WIFI
20:3A:0C:DC:CA:09,,[OPEN],2025-12-2 0:42:3,1,-84,34.0451508,-117.2015076,365.80,2.00,WIFI
84:1E:A3:29:7F:16,Marquez,[WPA2_PSK],2025-12-2 0:42:3,1,-89,34.0451508,-117.2015076,365.80,2.00,WIFI
A0:04:60:CE:27:A6,NETGEAR76,[WPA2_PSK],2025-12-2 0:42:3,1,-90,34.0451508,-117.2015076,365.80,2.00,WIFI
FC:34:97:05:D4:D0,Belle-2G,[WPA2_PSK],2025-12-2 0:42:8,3,-86,34.0453377,-117.2011642,364.90,2.00,WIFI
10:DA:43:99:AA:F6,NETGEAR29,[WPA2_PSK],2025-12-2 0:42:8,3,-86,34.0453377,-117.2011642,364.90,2.00,WIFI
18:A9:ED:77:E2:46,2BPB2,[WPA2_PSK],2025-12-2 0:42:11,6,-77,34.0453682,-117.2011032,364.50,2.00,WIFI
18:A9:ED:77:E2:43,,[WPA3_PSK],2025-12-2 0:42:11,6,-77,34.0453682,-117.2011032,364.50,2.00,WIFI
44:AC:85:86:4F:E9,,[OPEN],2025-12-2 0:42:11,6,-78,34.0453682,-117.2011032,364.50,2.00,WIFI
44:AC:85:86:4F:E3,,[WPA3_PSK],2025-12-2 0:42:11,6,-79,34.0453682,-117.2011032,364.50,2.00,WIFI
44:AC:85:86:4F:E6,Mynewprice,[WPA2_PSK],2025-12-2 0:42:11,6,-79,34.0453682,-117.2011032,364.50,2.00,WIFI
F0:9F:C2:CC:90:F6,ManagementVds,[WPA2_WPA3_PSK],2025-12-2 0:42:11,6,-83,34.0453682,-117.2011032,364.50,2.00,WIFI
64:D9:C2:CF:93:C9,,[OPEN],2025-12-2 0:42:11,6,-83,34.0453682,-117.2011032,364.50,2.00,WIFI
A8:3A:79:F5:89:A1,CK_IOT,[WPA2_PSK],2025-12-2 0:42:11,6,-86,34.0453682,-117.2011032,364.50,2.00,WIFI
A8:3A:79:F5:89:A2,CK_BYOD,[WPA2_PSK],2025-12-2 0:42:11,6,-89,34.0453682,-117.2011032,364.50,2.00,WIFI
34:60:F9:5F:7E:1B,HandB,[WPA2_PSK],2025-12-2 0:42:13,8,-77,34.0454102,-117.2010803,363.80,2.00,WIFI
56:60:F9:5F:7E:1B,,[WPA2_PSK],2025-12-2 0:42:13,8,-78,34.0454102,-117.2010803,363.80,2.00,WIFI
86:69:1A:0A:50:C9,,[WPA2_PSK],2025-12-2 0:42:14,9,-86,34.0454559,-117.2010803,363.60,2.00,WIFI
16:0C:6B:32:3D:8C,RPNet,[WPA2_PSK],2025-12-2 0:42:14,9,-87,34.0454559,-117.2010803,363.60,2.00,WIFI
80:69:1A:0A:50:C9,_LinksysSetup0C8,[WPA2_PSK],2025-12-2 0:42:14,9,-88,34.0454559,-117.2010803,363.60,2.00,WIFI
10:0C:6B:32:3D:8C,,[WPA2_PSK],2025-12-2 0:42:14,9,-88,34.0454559,-117.2010803,363.60,2.00,WIFI
1E:0C:6B:32:3D:8C,Irie-IoT,[WPA2_PSK],2025-12-2 0:42:14,9,-90,34.0454559,-117.2010803,363.60,2.00,WIFI
F0:7B:65:3C:22:AA,SpectrumSetup-22A4,[WPA2_PSK],2025-12-2 0:42:16,11,-75,34.0455627,-117.2011337,363.10,2.00,WIFI
9C:A5:70:9B:A0:03,,[WPA3_PSK],2025-12-2 0:42:16,11,-82,34.0455627,-117.2011337,363.10,2.00,WIFI
2C:67:BE:0A:1B:ED,SpectrumSetup-1BE9,[WPA2_PSK],2025-12-2 0:42:16,11,-83,34.0455627,-117.2011337,363.10,2.00,WIFI
90:9A:4A:47:AA:E6,joolastar-ext,[WPA2_PSK],2025-12-2 0:42:16,11,-85,34.0455627,-117.2011337,363.10,2.00,WIFI
C0:89:AB:4C:93:98,Frontier4992,[WPA2_PSK],2025-12-2 0:42:16,11,-86,34.0455627,-117.2011337,363.10,2.00,WIFI
A0:89:66:E1:74:AC,,[WPA_WPA2_PSK],2025-12-2 0:42:18,1,-85,34.0457001,-117.2012405,362.10,2.00,WIFI
C0:6F:98:6E:52:86,familyof8,[WPA2_PSK],2025-12-2 0:42:25,6,-77,34.0462646,-117.2016983,358.30,2.00,WIFI
A8:3A:79:F5:89:A4,CK_MGR,[WPA2_PSK],2025-12-2 0:42:25,6,-78,34.0462646,-117.2016983,358.30,2.00,WIFI
A8:3A:79:F5:89:A3,CK_STAGE,[WPA2_PSK],2025-12-2 0:42:25,6,-79,34.0462646,-117.2016983,358.30,2.00,WIFI
74:37:5F:55:FA:13,ierr2006,[WPA2_PSK],2025-12-2 0:42:25,6,-81,34.0462646,-117.2016983,358.30,2.00,WIFI
A8:3A:79:F5:89:A5,CK_STORE,[WPA2],2025-12-2 0:42:25,6,-81,34.0462646,-117.2016983,358.30,2.00,WIFI
F4:52:46:ED:AA:AF,SpectrumSetup-B1,[WPA2_PSK],2025-12-2 0:42:25,6,-82,34.0462646,-117.2016983,358.30,2.00,WIFI
D0:6D:C9:2D:C7:86,Fruit Farm,[WPA2_PSK],2025-12-2 0:42:25,6,-83,34.0462646,-117.2016983,358.30,2.00,WIFI
F4:52:46:BD:F3:A5,Hashslingingslasher,[WPA2_PSK],2025-12-2 0:42:25,6,-88,34.0462646,-117.2016983,358.30,2.00,WIFI
92:C9:E3:CB:71:4F,DrMRedlandsBest,[WPA2_WPA3_PSK],2025-12-2 0:42:27,8,-83,34.0463867,-117.2017822,357.60,2.00,WIFI
C0:C9:E3:CB:71:4C,M3_OfficeLink,[WPA2_WPA3_PSK],2025-12-2 0:42:27,8,-86,34.0463867,-117.2017822,357.60,2.00,WIFI
B6:39:56:6D:F3:E1,ORBI08,[WPA2_PSK],2025-12-2 0:42:28,9,-88,34.0464478,-117.2018127,357.40,2.00,WIFI
00:54:AF:30:DF:77,HotspotDF77,[WPA_WPA2_PSK],2025-12-2 0:42:29,10,-74,34.0464973,-117.2018433,357.20,2.00,WIFI
38:88:71:4B:35:C3,Verizon_XB7M73,[WPA2_PSK],2025-12-2 0:42:30,11,-66,34.0465355,-117.2018509,357.20,2.00,WIFI
FC:3D:73:27:D3:89,,[OPEN],2025-12-2 0:42:30,11,-76,34.0465355,-117.2018509,357.20,2.00,WIFI
34:53:D2:CC:E6:1F,SpectrumSetup-19,[WPA2_PSK],2025-12-2 0:42:30,11,-79,34.0465355,-117.2018509,357.20,2.00,WIFI
90:D3:CF:6E:ED:5B,GirlypopsNetwork,[WPA2_PSK],2025-12-2 0:42:30,11,-81,34.0465355,-117.2018509,357.20,2.00,WIFI
90:D3:CF:C7:3D:92,Legato,[WPA2_PSK],2025-12-2 0:42:30,11,-84,34.0465355,-117.2018509,357.20,2.00,WIFI
CC:58:30:64:D4:D7,TMOBILE-D4D1,[WPA2_WPA3_PSK],2025-12-2 0:42:32,1,-68,34.0465736,-117.2018509,357.40,2.00,WIFI
9C:05:D6:62:FA:5A,ManagementVds,[WPA2_WPA3_PSK],2025-12-2 0:42:32,1,-71,34.0465736,-117.2018509,357.40,2.00,WIFI
34:53:D2:B6:95:0E,SpectrumSetup-08,[WPA2_PSK],2025-12-2 0:42:32,1,-75,34.0465736,-117.2018509,357.40,2.00,WIFI
74:37:5F:DA:99:47,SpectrumSetup-45,[WPA2_PSK],2025-12-2 0:42:32,1,-76,34.0465736,-117.2018509,357.40,2.00,WIFI
FA:8F:CA:6E:4F:61,Polk MagniFi Max-1769.d,[OPEN],2025-12-2 0:42:32,1,-83,34.0465736,-117.2018509,357.40,2.00,WIFI
F0:81:75:08:78:E6,MySpectrumWiFie0-2G,[WPA2_PSK],2025-12-2 0:42:32,1,-84,34.0465736,-117.2018509,357.40,2.00,WIFI
A0:55:1F:19:A6:8C,SpectrumSetup-A686,[WPA2_PSK],2025-12-2 0:42:32,1,-85,34.0465736,-117.2018509,357.40,2.00,WIFI
74:FE:CE:37:3A:61,Tell My WiFi Don't Love Her,[WPA2_PSK],2025-12-2 0:42:37,4,-90,34.0465813,-117.2018509,357.30,2.00,WIFI
24:41:FE:48:01:22,Verizon_6KNG9L,[WPA2_PSK],2025-12-2 0:42:39,6,-69,34.0466270,-117.2018356,357.30,2.00,WIFI
F0:81:75:C0:58:AE,SpectrumSetup-A8,[WPA2_PSK],2025-12-2 0:42:39,6,-72,34.0466270,-117.2018356,357.30,2.00,WIFI
60:F4:19:8B:6B:26,Logan Wifi,[WPA2_PSK],2025-12-2 0:42:44,11,-71,34.0467720,-117.2014694,357.10,2.00,WIFI
80:78:71:09:36:9E,Dead space,[WPA2_PSK],2025-12-2 0:42:44,11,-80,34.0467720,-117.2014694,357.10,2.00,WIFI
B0:FC:88:57:1E:A1,apt13canyouquietdown,[WPA2_PSK],2025-12-2 0:42:44,11,-83,34.0467720,-117.2014694,357.10,2.00,WIFI
DC:92:72:E3:69:AF,Frontier0168,[WPA2_PSK],2025-12-2 0:42:44,11,-86,34.0467720,-117.2014694,357.10,2.00,WIFI
00:CB:51:4F:64:8E,MySpectrumWiFi88-2G,[WPA2_PSK],2025-12-2 0:42:46,1,-72,34.0468445,-117.2012329,356.80,1.75,WIFI
D0:6D:C9:39:94:06,Frontier1031,[WPA2_PSK],2025-12-2 0:42:46,1,-74,34.0468445,-117.2012329,356.80,1.75,WIFI
CC:CF:83:48:E9:F0,,[WPA_WPA2_PSK],2025-12-2 0:42:46,1,-78,34.0468445,-117.2012329,356.80,1.75,WIFI
54:04:63:5F:48:9B,,[WPA_WPA2_PSK],2025-12-2 0:42:46,1,-79,34.0468445,-117.2012329,356.80,1.75,WIFI
20:3A:0C:DC:CA:06,uribe ,[WPA2_PSK],2025-12-2 0:42:46,1,-82,34.0468445,-117.2012329,356.80,1.75,WIFI
20:3A:0C:49:4D:46,EERO,[WPA2_PSK],2025-12-2 0:42:46,1,-82,34.0468445,-117.2012329,356.80,1.75,WIFI
98:1E:19:29:93:7E,MySpectrumWiFi78-2G,[WPA2_PSK],2025-12-2 0:42:46,1,-83,34.0468445,-117.2012329,356.80,1.75,WIFI
20:3A:0C:49:4D:43,,[WPA3_PSK],2025-12-2 0:42:46,1,-84,34.0468445,-117.2012329,356.80,1.75,WIFI
00:18:05:10:4E:4C,,[WPA2_PSK],2025-12-2 0:42:46,1,-85,34.0468445,-117.2012329,356.80,1.75,WIFI
A0:EE:EE:D8:5D:F8,,[WPA_WPA2_PSK],2025-12-2 0:42:46,1,-85,34.0468445,-117.2012329,356.80,1.75,WIFI
B0:FC:88:03:85:46,Frontier2768,[WPA2_PSK],2025-12-2 0:42:46,1,-86,34.0468445,-117.2012329,356.80,1.75,WIFI
BC:96:E5:7F:7F:53,GP CASA,[WPA2_PSK],2025-12-2 0:42:46,1,-87,34.0468445,-117.2012329,356.80,1.75,WIFI
94:F7:17:84:16:D8,,[WPA_WPA2_PSK],2025-12-2 0:42:46,1,-88,34.0468445,-117.2012329,356.80,1.75,WIFI
94:CD:FD:47:61:C3,,[WPA3_PSK],2025-12-2 0:42:54,6,-66,34.0470123,-117.2005920,355.30,1.75,WIFI
94:CD:FD:47:61:C9,,[OPEN],2025-12-2 0:42:54,6,-66,34.0470123,-117.2005920,355.30,1.75,WIFI
94:CD:FD:47:61:C6,EMZ,[WPA2_PSK],2025-12-2 0:42:54,6,-68,34.0470123,-117.2005920,355.30,1.75,WIFI
AC:E2:D3:E2:AF:76,DIRECT-75-HP OfficeJet Pro 6960,[WPA2_PSK],2025-12-2 0:42:54,6,-69,34.0470123,-117.2005920,355.30,1.75,WIFI
E4:19:7F:4A:94:C6,Brookside Cleaners,[WPA2_PSK],2025-12-2 0:42:54,6,-76,34.0470123,-117.2005920,355.30,1.75,WIFI
E4:19:7F:4A:94:CF,Brookside Cleaners Guest,[OPEN],2025-12-2 0:42:54,6,-77,34.0470123,-117.2005920,355.30,1.75,WIFI
40:47:5E:34:56:63,,[WPA3_PSK],2025-12-2 0:42:54,6,-77,34.0470123,-117.2005920,355.30,1.75,WIFI
4C:22:F3:37:C1:FF,Verizon_S6PV6L,[WPA2_PSK],2025-12-2 0:42:54,6,-78,34.0470123,-117.2005920,355.30,1.75,WIFI
40:47:5E:34:56:69,,[OPEN],2025-12-2 0:42:54,6,-78,34.0470123,-117.2005920,355.30,1.75,WIFI
40:47:5E:34:56:66,Perez Family,[WPA2_PSK],2025-12-2 0:42:54,6,-78,34.0470123,-117.2005920,355.30,1.75,WIFI
2C:EA:DC:95:FD:6B,SpectrumSetup-6D,[WPA2_PSK],2025-12-2 0:42:54,6,-83,34.0470123,-117.2005920,355.30,1.75,WIFI
B0:19:21:E0:3E:23,Wifussy,[WPA2_PSK],2025-12-2 0:42:58,10,-75,34.0470085,-117.2004471,355.60,1.75,WIFI
C8:7F:54:12:98:00,DeepDark,[WPA2_PSK],2025-12-2 0:42:58,10,-82,34.0470085,-117.2004471,355.60,1.75,WIFI
F4:52:46:FF:A0:CF,SpectrumSetup-A0D2,[WPA2_PSK],2025-12-2 0:42:59,11,-74,34.0470200,-117.2004089,355.60,1.75,WIFI
C8:E3:06:2B:EA:25,Wild horse,[WPA2_PSK],2025-12-2 0:42:59,11,-76,34.0470200,-117.2004089,355.60,1.75,WIFI
AC:B6:87:32:80:DB,Verizon_647KQZ,[WPA2_PSK],2025-12-2 0:42:59,11,-86,34.0470200,-117.2004089,355.60,1.75,WIFI
BC:F8:7E:2E:C9:54,Virus Download,[WPA2_PSK],2025-12-2 0:43:2,1,-77,34.0470848,-117.2003708,355.70,1.75,WIFI
BE:F8:7E:1E:C9:54,Verizon_Rod_guest,[WPA2_WPA3_PSK],2025-12-2 0:43:2,1,-77,34.0470848,-117.2003708,355.70,1.75,WIFI
4C:19:5D:84:25:3B,SpectrumSetup-35,[WPA2_PSK],2025-12-2 0:43:2,1,-82,34.0470848,-117.2003708,355.70,1.75,WIFI
CC:CF:83:CE:CB:7B,,[WPA_WPA2_PSK],2025-12-2 0:43:2,1,-88,34.0470848,-117.2003708,355.70,1.75,WIFI
C2:C4:F9:55:86:F3,Joestruck,[WPA2_PSK],2025-12-2 0:43:4,2,-78,34.0470963,-117.2003784,355.80,1.75,WIFI
B0:A7:B9:4A:14:FC,Ziprick,[WPA_WPA2_PSK],2025-12-2 0:43:5,3,-82,34.0470963,-117.2003784,355.80,1.75,WIFI
00:14:3E:1F:F3:E0,GMREPCR,[WPA2_PSK],2025-12-2 0:43:8,6,-64,34.0470963,-117.2003784,355.90,1.75,WIFI
E4:19:7F:4A:94:C9,,[OPEN],2025-12-2 0:43:8,6,-68,34.0470963,-117.2003784,355.90,1.75,WIFI
E4:19:7F:4A:94:C3,,[WPA3_PSK],2025-12-2 0:43:8,6,-70,34.0470963,-117.2003784,355.90,1.75,WIFI
D0:68:27:DF:41:06,Burgers,[WPA2_PSK],2025-12-2 0:43:8,6,-80,34.0470963,-117.2003784,355.90,1.75,WIFI
00:18:05:10:21:05,,[WPA2_PSK],2025-12-2 0:43:8,6,-81,34.0470963,-117.2003784,355.90,1.75,WIFI
D0:68:27:DF:41:03,,[WPA3_PSK],2025-12-2 0:43:8,6,-82,34.0470963,-117.2003784,355.90,1.75,WIFI
D0:68:27:F8:A9:89,,[OPEN],2025-12-2 0:43:8,6,-83,34.0470963,-117.2003784,355.90,1.75,WIFI
C0:6F:98:91:C9:E3,,[WPA3_PSK],2025-12-2 0:43:8,6,-91,34.0470963,-117.2003784,355.90,1.75,WIFI
24:F3:E3:FC:67:06,yaccub,[WPA2_PSK],2025-12-2 0:43:13,11,-73,34.0470963,-117.2003784,356.10,1.75,WIFI
24:F3:E3:FC:67:03,,[WPA3_PSK],2025-12-2 0:43:13,11,-73,34.0470963,-117.2003784,356.10,1.75,WIFI
24:F3:E3:FC:67:09,,[OPEN],2025-12-2 0:43:13,11,-73,34.0470963,-117.2003784,356.10,1.75,WIFI
E4:19:7F:D5:98:03,,[WPA3_PSK],2025-12-2 0:43:13,11,-76,34.0470963,-117.2003784,356.10,1.75,WIFI
E4:19:7F:D5:98:06,anaysbarbershop,[WPA2_PSK],2025-12-2 0:43:13,11,-76,34.0470963,-117.2003784,356.10,1.75,WIFI
E4:19:7F:D5:98:09,,[OPEN],2025-12-2 0:43:13,11,-77,34.0470963,-117.2003784,356.10,1.75,WIFI
E4:19:7F:D5:98:0F,anaysbarbershop Guest,[WPA2_PSK],2025-12-2 0:43:13,11,-77,34.0470963,-117.2003784,356.10,1.75,WIFI
C8:E3:06:2B:EA:23,,[WPA3_PSK],2025-12-2 0:43:13,11,-80,34.0470963,-117.2003784,356.10,1.75,WIFI
C8:E3:06:2B:EA:27,,[OPEN],2025-12-2 0:43:13,11,-81,34.0470963,-117.2003784,356.10,1.75,WIFI
C8:E3:06:28:83:83,,[WPA3_PSK],2025-12-2 0:43:13,11,-87,34.0470963,-117.2003784,356.10,1.75,WIFI
E4:8E:10:43:44:C0,,[WPA_WPA2_PSK],2025-12-2 0:43:14,1,-80,34.0470963,-117.2003784,356.10,1.75,WIFI
84:A0:6E:B7:C7:96,MySpectrumWiFi90-2G,[WPA2_PSK],2025-12-2 0:43:14,1,-83,34.0470963,-117.2003784,356.10,1.75,WIFI
00:52:C2:FD:CA:25,My BMW Hotspot 8605,[WPA_WPA2_PSK],2025-12-2 0:43:14,1,-84,34.0470963,-117.2003784,356.10,1.75,WIFI
2E:AA:8E:33:11:A5,wyze_smartbulb_ap11a5,[OPEN],2025-12-2 0:43:14,1,-90,34.0470963,-117.2003784,356.10,1.75,WIFI
8C:85:80:66:4E:68,,[WPA_WPA2_PSK],2025-12-2 0:43:18,2,-93,34.0470963,-117.2003784,356.20,1.75,WIFI
00:30:44:9C:49:BF,GMREPCR,[WPA2_PSK],2025-12-2 0:43:27,11,-86,34.0470963,-117.2003860,356.20,1.75,WIFI
00:C8:96:D1:21:52,,[WPA_WPA2_PSK],2025-12-2 0:43:29,1,-78,34.0470963,-117.2003860,356.20,1.75,WIFI
A0:89:66:9C:44:00,,[WPA_WPA2_PSK],2025-12-2 0:43:29,1,-84,34.0470963,-117.2003860,356.20,1.75,WIFI
8C:85:80:BB:D5:92,,[WPA_WPA2_PSK],2025-12-2 0:43:29,1,-88,34.0470963,-117.2003860,356.20,1.75,WIFI
B6:A7:B9:4A:14:FD,Ziprick Guest,[WPA_WPA2_PSK],2025-12-2 0:43:33,3,-83,34.0470963,-117.2003860,356.10,1.50,WIFI
54:B7:BD:B8:7A:FF,Verizon_B3N96G,[WPA2_PSK],2025-12-2 0:43:36,6,-81,34.0470963,-117.2003860,356.10,1.50,WIFI
00:C8:96:CD:64:C2,,[WPA_WPA2_PSK],2025-12-2 0:43:43,1,-84,34.0471001,-117.2003784,356.20,1.50,WIFI
00:C8:96:D1:47:B2,,[WPA_WPA2_PSK],2025-12-2 0:43:43,1,-90,34.0471001,-117.2003784,356.20,1.50,WIFI
D0:68:27:DF:41:09,,[OPEN],2025-12-2 0:43:50,6,-77,34.0471001,-117.2003784,356.10,1.50,WIFI
88:67:46:6F:6E:C9,,[OPEN],2025-12-2 0:43:57,1,-86,34.0471001,-117.2003860,355.90,1.50,WIFI
D0:68:27:FD:B9:C3,,[WPA3_PSK],2025-12-2 0:44:4,6,-83,34.0471001,-117.2003860,355.90,1.50,WIFI
9C:0B:05:E0:9C:C7,j_family,[WPA2_PSK],2025-12-2 0:44:4,6,-83,34.0471001,-117.2003860,355.90,1.50,WIFI
D2:19:21:E0:3E:23,,[WPA2_PSK],2025-12-2 0:44:8,10,-86,34.0471001,-117.2003860,356.00,1.50,WIFI
22:E0:19:5C:07:5F,,[WPA2_PSK],2025-12-2 0:44:15,3,-88,34.0471001,-117.2003860,356.10,1.50,WIFI
C0:6F:98:91:C9:E6,Mint2Be,[WPA2_PSK],2025-12-2 0:44:18,6,-83,34.0471001,-117.2003860,356.10,1.50,WIFI
24:F3:E3:80:8F:09,,[OPEN],2025-12-2 0:44:23,11,-86,34.0471001,-117.2003860,356.20,1.50,WIFI
C0:6F:98:91:C9:E9,,[OPEN],2025-12-2 0:44:32,6,-83,34.0471039,-117.2003860,356.30,1.50,WIFI
4C:AB:F8:6E:25:ED,Verizon_9QHTB4,[WPA2_PSK],2025-12-2 0:44:32,6,-87,34.0471039,-117.2003860,356.30,1.50,WIFI
20:3A:0C:DB:27:06,Katie157,[WPA2_PSK],2025-12-2 0:44:37,11,-83,34.0471001,-117.2003860,356.30,1.50,WIFI
20:3A:0C:D9:1D:09,,[OPEN],2025-12-2 0:44:46,6,-78,34.0471001,-117.2003860,356.30,1.50,WIFI
24:F3:E3:15:74:C6,Zeusx,[WPA2_PSK],2025-12-2 0:44:51,11,-79,34.0471001,-117.2003860,356.30,1.50,WIFI
A0:89:66:F6:E6:79,,[WPA_WPA2_PSK],2025-12-2 0:45:8,1,-88,34.0470924,-117.2003784,356.30,1.50,WIFI
9C:0B:05:B0:8D:A7,jacksonhouse,[WPA2_PSK],2025-12-2 0:45:15,6,-79,34.0470848,-117.2003403,356.20,1.50,WIFI
D8:8E:D4:04:C0:E9,,[OPEN],2025-12-2 0:45:15,6,-82,34.0470848,-117.2003403,356.20,1.50,WIFI
20:3A:0C:D9:1D:03,,[WPA3_PSK],2025-12-2 0:45:15,6,-83,34.0470848,-117.2003403,356.20,1.50,WIFI
D8:8E:D4:04:C0:E3,,[WPA3_PSK],2025-12-2 0:45:15,6,-83,34.0470848,-117.2003403,356.20,1.50,WIFI
A0:36:BC:75:07:58,Ramirez Router,[WPA2_PSK],2025-12-2 0:45:16,7,-82,34.0470924,-117.2003098,356.20,1.50,WIFI
24:F3:E3:1C:A0:C9,,[OPEN],2025-12-2 0:45:19,11,-78,34.0471268,-117.2002182,356.10,1.50,WIFI
24:F3:E3:1C:A0:C6,LopezM14,[WPA2_PSK],2025-12-2 0:45:19,11,-79,34.0471268,-117.2002182,356.10,1.50,WIFI
F0:7B:65:B1:CB:0E,SpectrumSetup-A2,[WPA2_PSK],2025-12-2 0:45:19,11,-84,34.0471268,-117.2002182,356.10,1.50,WIFI
60:FF:9E:65:4A:5D,TRM_485827,[WPA2_PSK],2025-12-2 0:45:22,1,-74,34.0471916,-117.2001190,356.00,1.50,WIFI
A0:55:1F:0E:C4:2E,CoolCatsNetwork,[WPA2_PSK],2025-12-2 0:45:22,1,-90,34.0471916,-117.2001190,356.00,1.50,WIFI
46:07:0B:2A:1A:90,leoffice-guest,[WPA2_PSK],2025-12-2 0:45:22,1,-92,34.0471916,-117.2001190,356.00,1.50,WIFI
9C:0B:05:B0:8D:A4,,[WPA3_PSK],2025-12-2 0:45:29,6,-65,34.0473480,-117.2000732,355.30,1.50,WIFI
9C:0B:05:B0:8D:AA,,[OPEN],2025-12-2 0:45:29,6,-65,34.0473480,-117.2000732,355.30,1.50,WIFI
D0:68:27:F8:A9:86,Burgers,[WPA2_PSK],2025-12-2 0:45:29,6,-76,34.0473480,-117.2000732,355.30,1.50,WIFI
20:3A:0C:D9:1D:06,racehorse51,[WPA2_PSK],2025-12-2 0:45:29,6,-79,34.0473480,-117.2000732,355.30,1.50,WIFI
88:DE:7C:CC:47:01,Neveen,[WPA2_PSK],2025-12-2 0:45:29,6,-81,34.0473480,-117.2000732,355.30,1.50,WIFI
14:7D:05:94:72:BF,TINOCO5G,[WPA2_PSK],2025-12-2 0:45:29,6,-87,34.0473480,-117.2000732,355.30,1.50,WIFI
4C:19:5D:B4:8E:4D,SpectrumSetup-47,[WPA2_PSK],2025-12-2 0:45:34,11,-81,34.0475388,-117.1997757,355.60,1.50,WIFI
58:2F:F7:F3:42:7D,SpectrumSetup-77,[WPA2_PSK],2025-12-2 0:45:36,1,-76,34.0476723,-117.1995392,355.70,1.50,WIFI
F8:5B:3B:D7:15:FF,SpectrumSetup-01,[WPA2_PSK],2025-12-2 0:45:36,1,-79,34.0476723,-117.1995392,355.70,1.50,WIFI
84:1E:A3:CB:20:46,MooMooMeadows,[WPA2_PSK],2025-12-2 0:45:36,1,-80,34.0476723,-117.1995392,355.70,1.50,WIFI
80:78:71:D8:20:26,SpectrumSetup-28,[WPA2_PSK],2025-12-2 0:45:36,1,-81,34.0476723,-117.1995392,355.70,1.50,WIFI
A0:89:66:8D:EF:B0,,[WPA_WPA2_PSK],2025-12-2 0:45:36,1,-83,34.0476723,-117.1995392,355.70,1.50,WIFI
06:68:74:40:7F:71,DIRECT-ENHL-L6217DW_BR7f71,[WPA2_PSK],2025-12-2 0:45:36,1,-85,34.0476723,-117.1995392,355.70,1.50,WIFI
98:03:8E:45:0D:FF,wifi-when-you-can-succeed,[WPA2_PSK],2025-12-2 0:45:40,3,-84,34.0479126,-117.1990967,355.90,1.50,WIFI
CC:40:D0:05:83:4C,NETGEAR86,[WPA2_PSK],2025-12-2 0:45:42,5,-89,34.0480042,-117.1989288,355.70,1.50,WIFI
58:96:71:F3:F2:86,Virus Download,[WPA2_PSK],2025-12-2 0:45:43,6,-74,34.0480385,-117.1988525,355.50,1.50,WIFI
5E:96:71:F3:F2:86,Verizon_Rod_guest,[WPA2_WPA3_PSK],2025-12-2 0:45:43,6,-76,34.0480385,-117.1988525,355.50,1.50,WIFI
74:37:5F:26:BF:83,SpectrumSetup-81,[WPA2_PSK],2025-12-2 0:45:43,6,-78,34.0480385,-117.1988525,355.50,1.50,WIFI
84:EB:3E:44:94:A5,tl4494a4,[WPA2_PSK],2025-12-2 0:45:43,6,-80,34.0480385,-117.1988525,355.50,1.50,WIFI
7C:2E:BD:89:0B:18,leoffice,[WPA2_PSK],2025-12-2 0:45:43,6,-81,34.0480385,-117.1988525,355.50,1.50,WIFI
84:1E:A3:D3:7B:96,SpectrumSetup-90,[WPA2_PSK],2025-12-2 0:45:43,6,-84,34.0480385,-117.1988525,355.50,1.50,WIFI
34:68:95:FA:1E:1B,MyWifi,[WPA_WPA2_PSK],2025-12-2 0:45:44,7,-79,34.0480690,-117.1988068,355.40,1.50,WIFI
90:CD:B6:A1:22:2D,WIFIA12229,[WPA2_PSK],2025-12-2 0:45:48,11,-58,34.0481262,-117.1986923,355.00,1.50,WIFI
A0:8E:24:7D:72:A3,,[WPA3_PSK],2025-12-2 0:45:48,11,-78,34.0481262,-117.1986923,355.00,1.50,WIFI
A0:8E:24:7D:72:A7,,[OPEN],2025-12-2 0:45:48,11,-78,34.0481262,-117.1986923,355.00,1.50,WIFI
34:DB:9C:6C:3F:FE,MySpectrumWiFif8-2G,[WPA2_PSK],2025-12-2 0:45:48,11,-79,34.0481262,-117.1986923,355.00,1.50,WIFI
A0:8E:24:7D:72:A5,Wilson Clinic,[WPA2_PSK],2025-12-2 0:45:48,11,-81,34.0481262,-117.1986923,355.00,1.50,WIFI
C8:B4:22:FB:EE:49,SpectrumSetup-4B,[WPA2_PSK],2025-12-2 0:45:48,11,-81,34.0481262,-117.1986923,355.00,1.50,WIFI
64:DA:ED:0C:A5:C5,Wilson Clinic,[WPA2_PSK],2025-12-2 0:45:48,11,-82,34.0481262,-117.1986923,355.00,1.50,WIFI
A0:55:1F:1E:83:8D,SpectrumSetup-8387,[WPA2_PSK],2025-12-2 0:45:48,11,-83,34.0481262,-117.1986923,355.00,1.50,WIFI
F0:7B:65:CC:0B:8C,Casa de Pineda-Fi,[WPA2_PSK],2025-12-2 0:45:48,11,-85,34.0481262,-117.1986923,355.00,1.50,WIFI
12:7B:65:CC:0B:8E,,[WPA2_PSK],2025-12-2 0:45:48,11,-86,34.0481262,-117.1986923,355.00,1.50,WIFI
FA:6D:CC:C7:35:A5,myCadillac 35a5,[WPA2_PSK],2025-12-2 0:45:51,1,-70,34.0481415,-117.1986694,354.60,1.50,WIFI
34:53:D2:CC:08:E2,Bartlett,[WPA2_PSK],2025-12-2 0:45:51,1,-73,34.0481415,-117.1986694,354.60,1.50,WIFI
A4:11:62:CA:12:34,ARLO_VMB_2804592903,[WPA2_PSK],2025-12-2 0:45:56,5,-76,34.0481415,-117.1986618,354.30,1.50,WIFI
CE:40:D0:7D:51:58,IYBI-Guest,[WPA2_PSK],2025-12-2 0:45:56,5,-78,34.0481415,-117.1986618,354.30,1.50,WIFI
F8:5B:3B:D7:73:9F,SpectrumSetup-A1,[WPA2_PSK],2025-12-2 0:45:57,6,-74,34.0481415,-117.1986618,354.20,1.50,WIFI
10:DA:43:CD:7C:1E,NETGEAR95,[WPA2_PSK],2025-12-2 0:46:0,9,-92,34.0481415,-117.1986618,353.90,1.50,WIFI
64:DA:ED:0C:A5:C3,,[WPA3_PSK],2025-12-2 0:46:2,11,-73,34.0481415,-117.1986618,353.70,1.50,WIFI
64:DA:ED:0C:A5:C7,,[OPEN],2025-12-2 0:46:2,11,-73,34.0481415,-117.1986618,353.70,1.50,WIFI
F4:92:BF:57:54:2A,IYBI,[WPA2_PSK],2025-12-2 0:46:5,1,-76,34.0481415,-117.1986618,353.50,1.50,WIFI
28:EC:9A:2B:3C:FD,,[WPA2_PSK],2025-12-2 0:46:9,4,-86,34.0481911,-117.1985779,353.60,1.50,WIFI
CC:40:D0:7D:51:5F,IYBI,[WPA2_PSK],2025-12-2 0:46:10,5,-69,34.0482254,-117.1985245,353.70,1.50,WIFI
88:DE:7C:C3:9C:71,SpectrumSetup-73,[WPA2_PSK],2025-12-2 0:46:11,6,-72,34.0482635,-117.1984558,353.90,1.50,WIFI
84:1E:A3:29:25:06,SpectrumSetup-00,[WPA2_PSK],2025-12-2 0:46:11,6,-78,34.0482635,-117.1984558,353.90,1.50,WIFI
FC:12:63:B9:5A:D5,SpectrumSetup-D7,[WPA2_PSK],2025-12-2 0:46:11,6,-85,34.0482635,-117.1984558,353.90,1.50,WIFI
F0:09:0D:8A:B9:D6,CD - House,[WPA2_PSK],2025-12-2 0:46:14,9,-81,34.0484085,-117.1981888,354.00,1.50,WIFI
F0:09:0D:8A:B2:9C,CD - House,[WPA2_PSK],2025-12-2 0:46:14,9,-83,34.0484085,-117.1981888,354.00,1.50,WIFI
12:7B:65:CC:0B:8D,,[WPA2_PSK],2025-12-2 0:46:16,11,-65,34.0485229,-117.1979752,354.30,1.50,WIFI
A0:7F:8A:5B:7E:10,SpectrumSetup-E8,[WPA2_PSK],2025-12-2 0:46:16,11,-66,34.0485229,-117.1979752,354.30,1.50,WIFI
64:DA:ED:0E:13:C3,,[WPA3_PSK],2025-12-2 0:46:16,11,-75,34.0485229,-117.1979752,354.30,1.50,WIFI
64:DA:ED:0E:13:C5,Wilson Clinic,[WPA2_PSK],2025-12-2 0:46:16,11,-76,34.0485229,-117.1979752,354.30,1.50,WIFI
64:DA:ED:0E:13:C7,,[OPEN],2025-12-2 0:46:16,11,-77,34.0485229,-117.1979752,354.30,1.50,WIFI
64:CB:E9:47:DC:91,AT_301_WFZ474PGV_dc91,[WPA2_PSK],2025-12-2 0:46:16,11,-84,34.0485229,-117.1979752,354.30,1.50,WIFI
0C:EA:14:E4:35:7E,Square Carolyn's,[WPA2_PSK],2025-12-2 0:46:16,11,-87,34.0485229,-117.1979752,354.30,1.50,WIFI
F0:7B:65:66:CE:5F,SpectrumSetup-CF,[WPA2_PSK],2025-12-2 0:46:19,1,-58,34.0487289,-117.1976089,355.10,1.50,WIFI
6A:19:21:57:AD:0E,SpectrumSetup-CF_2.4GEXT,[WPA2_PSK],2025-12-2 0:46:21,2,-61,34.0488663,-117.1973495,355.60,1.50,WIFI
2C:67:BE:6A:66:C4,Innerpeace,[WPA2_PSK],2025-12-2 0:46:25,6,-63,34.0491486,-117.1968384,356.60,1.50,WIFI
74:37:5F:9D:E8:5B,SpectrumSetup-59,[WPA2_PSK],2025-12-2 0:46:25,6,-72,34.0491486,-117.1968384,356.60,1.50,WIFI
A4:97:33:5F:C4:45,SpectrumSetup-47,[WPA2_PSK],2025-12-2 0:46:25,6,-75,34.0491486,-117.1968384,356.60,1.50,WIFI
C8:B4:22:58:B4:15,MySpectrumWiFi17-2G,[WPA2_PSK],2025-12-2 0:46:25,6,-75,34.0491486,-117.1968384,356.60,1.50,WIFI
7C:DB:98:8D:DF:19,MySpectrumWiFi1B-2G,[WPA2_PSK],2025-12-2 0:46:25,6,-78,34.0491486,-117.1968384,356.60,1.50,WIFI
B0:BB:E5:31:B9:56,SpectrumSetup-50,[WPA2_PSK],2025-12-2 0:46:25,6,-84,34.0491486,-117.1968384,356.60,1.50,WIFI
C0:D7:AA:EB:0C:8F,TMOBILE-0C8D,[WPA2_WPA3_PSK],2025-12-2 0:46:27,8,-86,34.0492783,-117.1966019,356.90,1.50,WIFI
F0:A7:31:67:75:5B,wanna get pizza?,[WPA2_PSK],2025-12-2 0:46:28,9,-84,34.0493469,-117.1964798,357.00,1.50,WIFI
F2:A7:31:27:75:5B,,[WPA2_PSK],2025-12-2 0:46:28,9,-84,34.0493469,-117.1964798,357.00,1.50,WIFI
F0:7B:65:95:34:0E,A_J,[WPA2_PSK],2025-12-2 0:46:30,11,-64,34.0494804,-117.1962433,357.30,1.50,WIFI
4C:19:5D:2C:9F:97,SpectrumSetup-42CC,[WPA2_PSK],2025-12-2 0:46:30,11,-66,34.0494804,-117.1962433,357.30,1.50,WIFI
74:37:5F:DA:46:A3,Kat,[WPA2_PSK],2025-12-2 0:46:30,11,-66,34.0494804,-117.1962433,357.30,1.50,WIFI
E8:ED:05:5E:DB:00,Golf & Guitars,[WPA2_PSK],2025-12-2 0:46:30,11,-71,34.0494804,-117.1962433,357.30,1.50,WIFI
F4:52:46:2A:E9:95,TrujilloFamily,[WPA2_PSK],2025-12-2 0:46:30,11,-75,34.0494804,-117.1962433,357.30,1.50,WIFI
38:88:71:0D:58:34,Verizon_F79NJT,[WPA2_PSK],2025-12-2 0:46:30,11,-78,34.0494804,-117.1962433,357.30,1.50,WIFI
58:96:71:D0:CC:8E,Verizon_X3FT6K,[WPA2_PSK],2025-12-2 0:46:30,11,-78,34.0494804,-117.1962433,357.30,1.50,WIFI
E4:C0:E2:70:1F:1E,SpectrumSetup-18,[WPA2_PSK],2025-12-2 0:46:30,11,-79,34.0494804,-117.1962433,357.30,1.50,WIFI
A0:8A:06:11:EA:03,SpectrumSetup-EA06,[WPA2_PSK],2025-12-2 0:46:30,11,-86,34.0494804,-117.1962433,357.30,1.50,WIFI
18:A9:ED:53:81:C3,,[WPA3_PSK],2025-12-2 0:46:31,1,-63,34.0495491,-117.1961136,357.50,1.50,WIFI
18:A9:ED:53:81:C9,,[OPEN],2025-12-2 0:46:31,1,-63,34.0495491,-117.1961136,357.50,1.50,WIFI
FC:9C:98:17:54:30,ARLO_VMB_1612249759,[WPA2_PSK],2025-12-2 0:46:31,1,-69,34.0495491,-117.1961136,357.50,1.50,WIFI
58:9B:4A:93:29:22,SpectrumSetup-291E,[WPA2_PSK],2025-12-2 0:46:31,1,-70,34.0495491,-117.1961136,357.50,1.50,WIFI
F8:5B:3B:DF:B9:EE,Hillfactory04,[WPA2_PSK],2025-12-2 0:46:31,1,-71,34.0495491,-117.1961136,357.50,1.50,WIFI
E8:AD:A6:3A:B5:FE,MySpectrumWiFif8-2G,[WPA2_PSK],2025-12-2 0:46:31,1,-74,34.0495491,-117.1961136,357.50,1.50,WIFI
24:F3:E3:C1:0D:46,Live By the Creed,[WPA2_PSK],2025-12-2 0:46:31,1,-74,34.0495491,-117.1961136,357.50,1.50,WIFI
24:F3:E3:C1:0D:49,,[OPEN],2025-12-2 0:46:31,1,-76,34.0495491,-117.1961136,357.50,1.50,WIFI
CC:58:30:F7:8D:A7,TMOBILE-8DA1,[WPA2_WPA3_PSK],2025-12-2 0:46:31,1,-79,34.0495491,-117.1961136,357.50,1.50,WIFI
F4:05:95:9F:11:1C,Fie-15g,[WPA2_PSK],2025-12-2 0:46:31,1,-83,34.0495491,-117.1961136,357.50,1.50,WIFI
54:07:7D:7C:DB:26,SpectrumSetup-85_2GEXT,[WPA2_PSK],2025-12-2 0:46:31,1,-84,34.0495491,-117.1961136,357.50,1.50,WIFI
B0:BB:E5:3C:75:B6,SpectrumSetup-B0,[WPA2_PSK],2025-12-2 0:46:31,1,-90,34.0495491,-117.1961136,357.50,1.50,WIFI
1A:0C:6B:DD:53:A9,BROOKSIDEMANOR,[WPA2_WPA3_PSK],2025-12-2 0:46:36,3,-62,34.0498772,-117.1955109,357.50,1.50,WIFI
C8:9E:43:B5:E1:3A,ORBI86,[WPA2_PSK],2025-12-2 0:46:36,3,-73,34.0498772,-117.1955109,357.50,1.50,WIFI
D2:9E:43:B6:62:DD,BROOKSIDEMANOR,[WPA2_WPA3_PSK],2025-12-2 0:46:36,3,-75,34.0498772,-117.1955109,357.50,1.50,WIFI
F8:08:4F:D6:10:4E,SpectrumSetup-48,[WPA2_PSK],2025-12-2 0:46:39,6,-78,34.0500832,-117.1951370,357.30,1.50,WIFI
B0:FC:88:73:C6:CA,SpectrumSetup-C4,[WPA2_PSK],2025-12-2 0:46:39,6,-79,34.0500832,-117.1951370,357.30,1.50,WIFI
24:41:FE:8D:05:46,GOLDENGIRLS,[WPA2_PSK],2025-12-2 0:46:39,6,-83,34.0500832,-117.1951370,357.30,1.50,WIFI
80:CC:9C:3E:C9:B6,Oktoberfest,[WPA2_PSK],2025-12-2 0:46:40,7,-70,34.0501556,-117.1950073,357.10,1.50,WIFI
72:CC:9C:3E:C9:B7,Oktoberfest-Guest,[WPA2_PSK],2025-12-2 0:46:40,7,-72,34.0501556,-117.1950073,357.10,1.50,WIFI
42:AE:30:A8:93:04,,[WPA2_PSK],2025-12-2 0:46:42,9,-79,34.0502968,-117.1947403,357.10,1.50,WIFI
34:98:B5:58:6D:2C,NETGEAR50,[WPA2_PSK],2025-12-2 0:46:43,10,-79,34.0503693,-117.1946182,357.20,1.50,WIFI
E8:D3:EB:CB:09:06,Idontknow,[WPA2_PSK],2025-12-2 0:46:44,11,-67,34.0504417,-117.1944809,357.40,1.50,WIFI
E8:D3:EB:CB:09:03,,[WPA3_PSK],2025-12-2 0:46:44,11,-67,34.0504417,-117.1944809,357.40,1.50,WIFI
24:41:FE:B7:88:BA,Verizon_N6FHD3,[WPA2_PSK],2025-12-2 0:46:44,11,-68,34.0504417,-117.1944809,357.40,1.50,WIFI
E8:D3:EB:CB:09:09,,[OPEN],2025-12-2 0:46:44,11,-68,34.0504417,-117.1944809,357.40,1.50,WIFI
A0:8A:06:C6:33:49,SpectrumSetup-334C,[WPA2_PSK],2025-12-2 0:46:44,11,-71,34.0504417,-117.1944809,357.40,1.50,WIFI
24:94:CB:7E:A5:D8,Frontier4576,[WPA2_PSK],2025-12-2 0:46:44,11,-75,34.0504417,-117.1944809,357.40,1.50,WIFI
E8:D3:EB:DD:D4:09,,[OPEN],2025-12-2 0:46:44,11,-75,34.0504417,-117.1944809,357.40,1.50,WIFI
E8:D3:EB:DD:D4:06,Idontknow,[WPA2_PSK],2025-12-2 0:46:44,11,-75,34.0504417,-117.1944809,357.40,1.50,WIFI
E8:D3:EB:DD:D4:03,,[WPA3_PSK],2025-12-2 0:46:44,11,-76,34.0504417,-117.1944809,357.40,1.50,WIFI
78:76:89:32:FF:47,Hansen,[WPA2_PSK],2025-12-2 0:46:44,11,-80,34.0504417,-117.1944809,357.40,1.50,WIFI
30:93:BC:7D:B9:9E,Blue2,[WPA2_PSK],2025-12-2 0:46:44,11,-80,34.0504417,-117.1944809,357.40,1.50,WIFI
78:76:89:32:FF:44,,[WPA3_PSK],2025-12-2 0:46:44,11,-81,34.0504417,-117.1944809,357.40,1.50,WIFI
78:76:89:32:FF:4A,,[OPEN],2025-12-2 0:46:44,11,-81,34.0504417,-117.1944809,357.40,1.50,WIFI
F4:52:46:95:4D:C4,BelizeanQueen23,[WPA2_PSK],2025-12-2 0:46:44,11,-81,34.0504417,-117.1944809,357.40,1.50,WIFI
88:DE:7C:B5:47:2C,Gogorouterrangers,[WPA2_PSK],2025-12-2 0:46:48,1,-49,34.0507278,-117.1939621,357.90,1.50,WIFI
34:53:D2:B9:3E:A1,SpectrumSetup-9B,[WPA2_PSK],2025-12-2 0:46:48,1,-66,34.0507278,-117.1939621,357.90,1.50,WIFI
4C:AB:F8:B4:F3:33,J&S WIFI,[WPA2_PSK],2025-12-2 0:46:48,1,-67,34.0507278,-117.1939621,357.90,1.50,WIFI
4C:19:5D:49:A8:14,Jakes Wifi,[WPA2_PSK],2025-12-2 0:46:48,1,-68,34.0507278,-117.1939621,357.90,1.50,WIFI
20:9A:7D:F9:32:CE,SpectrumSetup-B9,[WPA2_PSK],2025-12-2 0:46:48,1,-70,34.0507278,-117.1939621,357.90,1.50,WIFI
74:37:5F:27:3D:37,SincereParis,[WPA2_PSK],2025-12-2 0:46:48,1,-72,34.0507278,-117.1939621,357.90,1.50,WIFI
F0:7B:65:30:C8:5A,SpectrumSetup-C854,[WPA2_PSK],2025-12-2 0:46:48,1,-79,34.0507278,-117.1939621,357.90,1.50,WIFI
FC:B2:D6:BA:5A:A0,,[WPA_WPA2_PSK],2025-12-2 0:46:48,1,-81,34.0507278,-117.1939621,357.90,1.50,WIFI
50:09:59:C5:D2:B2,resortstyleliving,[WPA2_PSK],2025-12-2 0:46:48,1,-82,34.0507278,-117.1939621,357.90,1.50,WIFI
88:EF:16:F5:42:B0,Frontier3424,[WPA2_PSK],2025-12-2 0:46:48,1,-83,34.0507278,-117.1939621,357.90,1.50,WIFI
34:53:D2:2C:A6:06,PYoshida19,[WPA2_PSK],2025-12-2 0:46:48,1,-87,34.0507278,-117.1939621,357.90,1.50,WIFI
AA:6E:84:22:A8:BB,,[WPA2_PSK],2025-12-2 0:46:51,3,-86,34.0509453,-117.1935654,358.00,1.50,WIFI
D2:9E:43:A2:68:FE,,[WPA2_PSK],2025-12-2 0:46:56,8,-65,34.0513115,-117.1929016,358.20,1.50,WIFI
CE:9E:43:A2:68:FE,chartique,[WPA2_PSK],2025-12-2 0:46:56,8,-72,34.0513115,-117.1929016,358.20,1.50,WIFI
24:5A:4C:85:DC:55,SW,[WPA2_PSK],2025-12-2 0:46:59,11,-71,34.0515289,-117.1925201,360.20,1.50,WIFI
26:5A:4C:C5:DC:55,SmilesRedlands-Guest,[WPA2_PSK],2025-12-2 0:46:59,11,-73,34.0515289,-117.1925201,360.20,1.50,WIFI
26:5A:4C:A5:DC:55,SW-IOT,[WPA2_PSK],2025-12-2 0:46:59,11,-74,34.0515289,-117.1925201,360.20,1.50,WIFI
2C:67:BE:45:FB:7C,SpectrumSetup-FB78,[WPA2_PSK],2025-12-2 0:46:59,11,-75,34.0515289,-117.1925201,360.20,1.50,WIFI
4C:19:5D:AF:EF:81,Pánfilosworld,[WPA2_PSK],2025-12-2 0:46:59,11,-76,34.0515289,-117.1925201,360.20,1.50,WIFI
A0:8A:06:9F:43:6E,SpectrumSetup-E3,[WPA2_PSK],2025-12-2 0:46:59,11,-79,34.0515289,-117.1925201,360.20,1.50,WIFI
A0:7F:8A:58:1B:BC,SpectrumSetup-1BB6,[WPA2_PSK],2025-12-2 0:46:59,11,-81,34.0515289,-117.1925201,360.20,1.50,WIFI
24:5A:4C:85:BE:67,SW,[WPA2_PSK],2025-12-2 0:46:59,11,-82,34.0515289,-117.1925201,360.20,1.50,WIFI
60:D5:61:13:FD:74,,[WPA2_PSK],2025-12-2 0:47:1,13,-91,34.0516663,-117.1922684,361.40,1.50,WIFI
74:37:5F:70:63:2B,SpectrumSetup-29,[WPA2_PSK],2025-12-2 0:47:1,1,-56,34.0516663,-117.1922684,361.40,1.50,WIFI
2A:97:CD:74:82:23,lazorfamily,[WPA2_PSK],2025-12-2 0:47:1,1,-73,34.0516663,-117.1922684,361.40,1.50,WIFI
EA:55:A8:5D:82:CD,MOR IoT,[WPA2_PSK],2025-12-2 0:47:1,1,-81,34.0516663,-117.1922684,361.40,1.50,WIFI
E4:55:A8:5D:82:CD,AK Smiley Private,[WPA2_PSK],2025-12-2 0:47:1,1,-81,34.0516663,-117.1922684,361.40,1.50,WIFI
EE:55:A8:5D:82:CD,AK Smiley Staff,[WPA2_PSK],2025-12-2 0:47:1,1,-83,34.0516663,-117.1922684,361.40,1.50,WIFI
E2:55:A8:5D:82:CD,MOR Public,[WPA2_PSK],2025-12-2 0:47:1,1,-84,34.0516663,-117.1922684,361.40,1.50,WIFI
A0:EE:EE:D7:92:38,,[WPA_WPA2_PSK],2025-12-2 0:47:1,1,-84,34.0516663,-117.1922684,361.40,1.50,WIFI
5C:FA:25:BA:CA:2F,Prettylynn,[WPA2_PSK],2025-12-2 0:47:1,1,-87,34.0516663,-117.1922684,361.40,1.50,WIFI
CC:CF:83:48:70:70,,[WPA_WPA2_PSK],2025-12-2 0:47:1,1,-89,34.0516663,-117.1922684,361.40,1.50,WIFI
34:98:B5:C1:D5:8C,NETGEAR37,[WPA2_PSK],2025-12-2 0:47:6,3,-67,34.0519638,-117.1917267,363.70,1.50,WIFI
98:ED:5C:FF:69:24,TeslaPV_FF6924,[WPA2_PSK],2025-12-2 0:47:8,5,-88,34.0520515,-117.1915665,364.40,1.50,WIFI
74:93:DA:57:8F:D5,SpectrumSetup-D7,[WPA2_PSK],2025-12-2 0:47:9,6,-73,34.0520897,-117.1915054,364.70,1.50,WIFI
CA:A4:B8:C2:9E:9B,GMC5095,[WPA2_WPA3_PSK],2025-12-2 0:47:9,6,-83,34.0520897,-117.1915054,364.70,1.50,WIFI
D4:5D:64:9D:C3:B0,ASUS_B0,[OPEN],2025-12-2 0:47:12,9,-64,34.0521507,-117.1913834,364.70,1.50,WIFI
72:CD:D6:C2:38:21,PSD,[WPA2_PSK],2025-12-2 0:47:14,11,-67,34.0521774,-117.1913452,364.70,1.50,WIFI
98:1E:19:6C:2B:1E,MySpectrumWiFi18-2G,[WPA2_PSK],2025-12-2 0:47:14,11,-68,34.0521774,-117.1913452,364.70,1.50,WIFI
A0:7F:8A:32:B0:5C,Daviddarkhold1,[WPA2_PSK],2025-12-2 0:47:14,11,-73,34.0521774,-117.1913452,364.70,1.50,WIFI
4E:BC:E9:D6:BE:85,AT_401_RAC_056905_WW_be85,[WPA2_PSK],2025-12-2 0:47:14,11,-82,34.0521774,-117.1913452,364.70,1.50,WIFI
2C:67:BE:1E:EA:64,Avila’s,[WPA2_PSK],2025-12-2 0:47:14,11,-86,34.0521774,-117.1913452,364.70,1.50,WIFI
90:D3:CF:EC:AE:C9,SpectrumSetup-AECC,[WPA2_PSK],2025-12-2 0:47:14,11,-90,34.0521774,-117.1913452,364.70,1.50,WIFI
26:5A:4C:B5:DC:55,,[WPA2_PSK],2025-12-2 0:47:14,11,-91,34.0521774,-117.1913452,364.70,1.50,WIFI
A0:7F:8A:0A:8E:9A,DollyWolly1133,[WPA2_PSK],2025-12-2 0:47:17,1,-59,34.0521851,-117.1913300,364.50,1.50,WIFI
74:37:5F:8E:DD:B7,SpectrumSetup-B5,[WPA2_PSK],2025-12-2 0:47:17,1,-82,34.0521851,-117.1913300,364.50,1.50,WIFI
80:69:1A:22:A0:36,Wifi4cocomelon,[WPA2_WPA3_PSK],2025-12-2 0:47:22,5,-82,34.0521889,-117.1913300,364.60,1.50,WIFI
86:69:1A:22:A0:36,,[WPA2_PSK],2025-12-2 0:47:22,5,-85,34.0521889,-117.1913300,364.60,1.50,WIFI
28:EC:22:9B:C4:03,,[WPA3_PSK],2025-12-2 0:47:23,6,-79,34.0521889,-117.1913300,364.70,1.50,WIFI
28:EC:22:9B:C4:06,qhmwifi,[WPA2_PSK],2025-12-2 0:47:23,6,-80,34.0521889,-117.1913300,364.70,1.50,WIFI
72:CD:D6:EB:F5:AF,,[WPA2_PSK],2025-12-2 0:47:26,9,-89,34.0521889,-117.1913300,364.80,1.50,WIFI
32:7B:C8:A8:B6:45,,[WPA2_PSK],2025-12-2 0:47:28,11,-80,34.0521889,-117.1913300,364.70,1.50,WIFI
C0:6F:98:7E:8B:C6,Get Out Me Swamp,[WPA2_PSK],2025-12-2 0:47:28,11,-81,34.0521889,-117.1913300,364.70,1.50,WIFI
0A:7B:C8:A8:B6:45,MOR Public,[WPA2_PSK],2025-12-2 0:47:28,11,-81,34.0521889,-117.1913300,364.70,1.50,WIFI
C0:6F:98:7E:8B:C3,,[WPA3_PSK],2025-12-2 0:47:28,11,-82,34.0521889,-117.1913300,364.70,1.50,WIFI
02:7B:C8:A8:B6:45,MOR IoT,[WPA2_PSK],2025-12-2 0:47:28,11,-82,34.0521889,-117.1913300,364.70,1.50,WIFI
C8:99:B2:B3:32:0F,muldywebb,[WPA2_PSK],2025-12-2 0:47:28,11,-87,34.0521889,-117.1913300,364.70,1.50,WIFI
74:93:DA:05:87:9A,SpectrumSetup-07,[WPA2_PSK],2025-12-2 0:47:28,11,-88,34.0521889,-117.1913300,364.70,1.50,WIFI
2C:EA:DC:22:6D:D5,Samantha,[WPA2_PSK],2025-12-2 0:47:31,1,-86,34.0521927,-117.1913223,364.90,1.50,WIFI
28:EC:22:AA:1F:89,,[OPEN],2025-12-2 0:47:37,6,-84,34.0522079,-117.1912994,364.90,1.50,WIFI
2C:EA:DC:96:16:97,SpectrumSetup-99,[WPA2_PSK],2025-12-2 0:47:37,6,-86,34.0522079,-117.1912994,364.90,1.50,WIFI
44:AC:85:2F:56:69,,[OPEN],2025-12-2 0:47:42,11,-81,34.0522079,-117.1913071,364.90,1.50,WIFI
54:AF:97:05:DD:22,QHMWIFI-7-Randy's Office 2.4GHz,[WPA2_PSK],2025-12-2 0:47:42,11,-89,34.0522079,-117.1913071,364.90,1.50,WIFI
66:22:32:9B:B0:A2,RG Guest,[WPA2_PSK],2025-12-2 0:47:45,1,-86,34.0522232,-117.1912689,365.00,1.50,WIFI
6A:22:32:9B:B0:A2,,[WPA2_PSK],2025-12-2 0:47:45,1,-87,34.0522232,-117.1912689,365.00,1.50,WIFI
10:CE:A9:8B:2C:F7,Vive-017d485e,[WPA2_PSK],2025-12-2 0:47:48,3,-89,34.0523033,-117.1911316,365.40,1.50,WIFI
AA:3B:76:03:0B:49,DIRECT-49-HP M283 LaserJet,[WPA2_PSK],2025-12-2 0:47:51,6,-68,34.0524445,-117.1908798,366.10,1.50,WIFI
9C:AD:97:C5:D0:EC,HP-Print-ec-LaserJet Pro M201dw,[WPA2_PSK],2025-12-2 0:47:51,6,-75,34.0524445,-117.1908798,366.10,1.50,WIFI
62:6D:C7:07:CD:9B,DIRECT-9b-HP M277 LaserJet,[WPA2_PSK],2025-12-2 0:47:51,6,-81,34.0524445,-117.1908798,366.10,1.50,WIFI
28:EC:22:9B:C4:0F,qhmwifi Guest,[WPA2_PSK],2025-12-2 0:47:51,6,-81,34.0524445,-117.1908798,366.10,1.50,WIFI
06:0E:3C:09:FD:9E,DIRECT-9E-HP M428fdw LJ,[WPA2_PSK],2025-12-2 0:47:51,6,-83,34.0524445,-117.1908798,366.10,1.50,WIFI
44:AC:85:2F:56:66,vargaswifi,[WPA2_PSK],2025-12-2 0:47:56,11,-72,34.0527496,-117.1903229,367.10,1.50,WIFI
DA:33:B7:D8:BC:52,Guest0790,[WPA2_PSK],2025-12-2 0:47:56,11,-73,34.0527496,-117.1903229,367.10,1.50,WIFI
28:EC:22:E7:FA:C9,,[OPEN],2025-12-2 0:47:56,11,-74,34.0527496,-117.1903229,367.10,1.50,WIFI
28:EC:22:E7:FA:C3,,[WPA3_PSK],2025-12-2 0:47:56,11,-75,34.0527496,-117.1903229,367.10,1.50,WIFI
F0:B6:61:BB:36:24,,[WPA3_PSK],2025-12-2 0:47:56,11,-79,34.0527496,-117.1903229,367.10,1.50,WIFI
8C:85:80:C7:1B:E6,,[WPA_WPA2_PSK],2025-12-2 0:47:56,11,-80,34.0527496,-117.1903229,367.10,1.50,WIFI
BC:07:1D:2E:DF:20,The 4th best_EXT,[WPA2_PSK],2025-12-2 0:47:56,11,-84,34.0527496,-117.1903229,367.10,1.50,WIFI
F4:69:42:4C:CD:F5,SpectrumSetup-F7,[WPA2_PSK],2025-12-2 0:47:59,1,-68,34.0529366,-117.1899872,367.60,1.50,WIFI
84:1E:A3:D1:37:36,SpectrumSetup-30,[WPA2_PSK],2025-12-2 0:47:59,1,-72,34.0529366,-117.1899872,367.60,1.50,WIFI
38:E1:F4:95:F4:77,AyalaWiFi,[WPA2_WPA3_PSK],2025-12-2 0:47:59,1,-73,34.0529366,-117.1899872,367.60,1.50,WIFI
74:37:5F:A0:F0:93,Rockys home,[WPA2_PSK],2025-12-2 0:47:59,1,-76,34.0529366,-117.1899872,367.60,1.50,WIFI
06:EC:DA:BD:F5:A2,,[WPA2_PSK],2025-12-2 0:47:59,1,-82,34.0529366,-117.1899872,367.60,1.50,WIFI
60:57:47:58:E9:23,,[WPA_WPA2_PSK],2025-12-2 0:47:59,1,-86,34.0529366,-117.1899872,367.60,1.50,WIFI
94:F7:17:7F:45:00,,[WPA_WPA2_PSK],2025-12-2 0:47:59,1,-89,34.0529366,-117.1899872,367.60,1.50,WIFI
A0:89:66:8D:ED:30,,[WPA_WPA2_PSK],2025-12-2 0:47:59,1,-89,34.0529366,-117.1899872,367.60,1.50,WIFI
A2:3D:CF:E5:CF:78,ORBI33,[WPA2_PSK],2025-12-2 0:48:3,4,-80,34.0531883,-117.1895218,368.00,1.50,WIFI
2A:80:88:33:05:56,NETGEAR43-Guest,[WPA2_PSK],2025-12-2 0:48:3,4,-91,34.0531883,-117.1895218,368.00,1.50,WIFI
DA:B3:70:9A:EB:CB,KHDG_GUEST,[WPA2_PSK],2025-12-2 0:48:5,6,-68,34.0532990,-117.1893158,368.20,1.50,WIFI
D8:B3:70:8A:EB:CB,KHDG_MAIN_AP,[WPA2_PSK],2025-12-2 0:48:5,6,-68,34.0532990,-117.1893158,368.20,1.50,WIFI
DA:B3:70:AA:EB:CB,,[WPA2_PSK],2025-12-2 0:48:5,6,-69,34.0532990,-117.1893158,368.20,1.50,WIFI
E2:63:DA:23:F1:EB,RSDAC_CR,[WPA2_PSK],2025-12-2 0:48:5,6,-75,34.0532990,-117.1893158,368.20,1.50,WIFI
CE:9E:A2:0F:AD:61,,[WPA2_PSK],2025-12-2 0:48:5,6,-78,34.0532990,-117.1893158,368.20,1.50,WIFI
00:18:E7:F7:18:CB,dlink,[WPA_WPA2_PSK],2025-12-2 0:48:5,6,-82,34.0532990,-117.1893158,368.20,1.50,WIFI
E0:63:DA:23:F1:EB,RSDAC,[WPA2_PSK],2025-12-2 0:48:5,6,-83,34.0532990,-117.1893158,368.20,1.50,WIFI
A0:8A:06:45:CC:ED,Liz86,[WPA2_PSK],2025-12-2 0:48:5,6,-84,34.0532990,-117.1893158,368.20,1.50,WIFI
46:ED:00:12:08:DA,Renaissance MD Guest,[WPA2_WPA3_PSK],2025-12-2 0:48:5,6,-85,34.0532990,-117.1893158,368.20,1.50,WIFI
8C:DD:0B:CC:AE:88,421Brookside,[WPA2_PSK],2025-12-2 0:48:10,11,-76,34.0535240,-117.1889114,369.80,1.50,WIFI
F8:2D:C0:E2:E6:E8,Spicy Taco Shack,[WPA2_PSK],2025-12-2 0:48:10,11,-89,34.0535240,-117.1889114,369.80,1.50,WIFI
C4:01:7C:58:C2:B3,island-18C2B0,[WPA2_PSK],2025-12-2 0:48:13,1,-67,34.0536766,-117.1886215,371.00,1.50,WIFI
48:8F:5A:4D:8B:97,wellhausen,[WPA_WPA2_PSK],2025-12-2 0:48:13,1,-71,34.0536766,-117.1886215,371.00,1.50,WIFI
46:ED:00:12:09:3E,Renaissance MD Guest,[WPA2_WPA3_PSK],2025-12-2 0:48:13,1,-75,34.0536766,-117.1886215,371.00,1.50,WIFI
FC:B2:D6:C7:8D:24,,[WPA_WPA2_PSK],2025-12-2 0:48:13,1,-75,34.0536766,-117.1886215,371.00,1.50,WIFI
F4:B8:5E:50:E9:F8,SMA3008305964,[WPA2_PSK],2025-12-2 0:48:13,1,-78,34.0536766,-117.1886215,371.00,1.50,WIFI
F0:3E:90:D9:B6:98,Spectrum Mobile,[WPA2],2025-12-2 0:48:13,1,-79,34.0536766,-117.1886215,371.00,1.50,WIFI
90:09:D0:37:D0:5A,RMD,[WPA2_PSK],2025-12-2 0:48:13,1,-80,34.0536766,-117.1886215,371.00,1.50,WIFI
A0:64:8F:E1:C6:C3,MySpectrumWiFic5-2G,[WPA2_PSK],2025-12-2 0:48:13,1,-82,34.0536766,-117.1886215,371.00,1.50,WIFI
B2:09:D0:37:D0:5A,RMDGuest,[WPA2_PSK],2025-12-2 0:48:13,1,-83,34.0536766,-117.1886215,371.00,1.50,WIFI
1A:EB:B6:2C:1B:0E,Majestic Dental_Guest,[WPA2_PSK],2025-12-2 0:48:17,4,-74,34.0539398,-117.1881485,372.10,1.50,WIFI
08:33:ED:FA:5D:C1,DG1670AF2,[WPA2_PSK],2025-12-2 0:48:19,6,-68,34.0540771,-117.1879044,372.60,1.50,WIFI
0E:96:E6:9E:CD:F2,DIRECT-f2-HP M203 LaserJet,[WPA2_PSK],2025-12-2 0:48:19,6,-73,34.0540771,-117.1879044,372.60,1.50,WIFI
4C:19:5D:4F:01:6A,SpectrumSetup-64,[WPA2_PSK],2025-12-2 0:48:19,6,-75,34.0540771,-117.1879044,372.60,1.50,WIFI
7A:45:58:9F:E8:C0,NETGEAR88-5G-1,[WPA2_PSK],2025-12-2 0:48:19,6,-76,34.0540771,-117.1879044,372.60,1.50,WIFI
7A:45:58:BF:E8:C0,UINET,[WPA2_WPA3_PSK],2025-12-2 0:48:19,6,-76,34.0540771,-117.1879044,372.60,1.50,WIFI
7A:45:58:AF:E8:C0,NETGEAR88-5G-2,[WPA2_PSK],2025-12-2 0:48:19,6,-78,34.0540771,-117.1879044,372.60,1.50,WIFI
78:45:58:CF:E8:C0,NETGEAR88,[WPA2_PSK],2025-12-2 0:48:19,6,-79,34.0540771,-117.1879044,372.60,1.50,WIFI
7A:45:58:CF:E8:C0,,[WPA2_PSK],2025-12-2 0:48:19,6,-79,34.0540771,-117.1879044,372.60,1.50,WIFI
B0:5A:DA:69:86:AF,DIRECT-AE-HP ENVY 5660 series,[WPA2_PSK],2025-12-2 0:48:19,6,-85,34.0540771,-117.1879044,372.60,1.50,WIFI
B2:52:16:91:FA:A1,DIRECT-a1-HP M281 LaserJet,[WPA2_PSK],2025-12-2 0:48:19,6,-85,34.0540771,-117.1879044,372.60,1.50,WIFI
98:E7:F4:AF:68:F5,DIRECT-F3-HP ENVY 7640 series,[WPA2_PSK],2025-12-2 0:48:19,6,-86,34.0540771,-117.1879044,372.60,1.50,WIFI
12:55:1F:9E:74:CE,,[WPA2_PSK],2025-12-2 0:48:25,11,-79,34.0545082,-117.1871185,373.20,1.50,WIFI
24:F3:E3:D0:1E:49,,[OPEN],2025-12-2 0:48:25,11,-87,34.0545082,-117.1871185,373.20,1.50,WIFI
98:1E:19:3C:0D:96,OTD,[WPA2_PSK],2025-12-2 0:48:25,11,-88,34.0545082,-117.1871185,373.20,1.50,WIFI
A8:A7:95:EA:12:71,Gracey,[WPA2_PSK],2025-12-2 0:48:25,11,-90,34.0545082,-117.1871185,373.20,1.50,WIFI
18:A9:ED:85:AD:8F,Frontier2528 Guest,[OPEN],2025-12-2 0:48:28,1,-62,34.0547218,-117.1867447,373.30,1.50,WIFI
18:A9:ED:85:AD:86,Frontier2528,[WPA2_PSK],2025-12-2 0:48:28,1,-64,34.0547218,-117.1867447,373.30,1.50,WIFI
18:A9:ED:85:AD:83,,[WPA3_PSK],2025-12-2 0:48:28,1,-66,34.0547218,-117.1867447,373.30,1.50,WIFI
18:A9:ED:85:AD:89,,[OPEN],2025-12-2 0:48:28,1,-66,34.0547218,-117.1867447,373.30,1.50,WIFI
18:A9:ED:80:26:86,Frontier2528,[WPA2_PSK],2025-12-2 0:48:28,1,-76,34.0547218,-117.1867447,373.30,1.50,WIFI
D4:76:A0:1A:EF:F9,Cortner_TLAN,[WPA2_PSK],2025-12-2 0:48:28,1,-76,34.0547218,-117.1867447,373.30,1.50,WIFI
18:A9:ED:80:26:8F,Frontier2528 Guest,[OPEN],2025-12-2 0:48:28,1,-76,34.0547218,-117.1867447,373.30,1.50,WIFI
D4:76:A0:1A:EF:F8,Cortner_GLAN,[WPA2_PSK],2025-12-2 0:48:28,1,-79,34.0547218,-117.1867447,373.30,1.50,WIFI
4C:19:5D:95:AC:27,SpectrumSetup-21,[WPA2_PSK],2025-12-2 0:48:28,1,-81,34.0547218,-117.1867447,373.30,1.50,WIFI
18:A9:ED:7F:9C:83,,[WPA3_PSK],2025-12-2 0:48:28,1,-82,34.0547218,-117.1867447,373.30,1.50,WIFI
18:A9:ED:7F:9C:8F,Frontier2528 Guest,[OPEN],2025-12-2 0:48:28,1,-83,34.0547218,-117.1867447,373.30,1.50,WIFI
18:A9:ED:7F:9C:89,,[OPEN],2025-12-2 0:48:28,1,-83,34.0547218,-117.1867447,373.30,1.50,WIFI
18:A9:ED:7F:9C:86,Frontier2528,[WPA2_PSK],2025-12-2 0:48:28,1,-84,34.0547218,-117.1867447,373.30,1.50,WIFI
4C:19:5D:58:A3:34,Redlands Carriage House,[WPA2_PSK],2025-12-2 0:48:28,1,-89,34.0547218,-117.1867447,373.30,1.50,WIFI
10:0C:6B:35:31:E2,,[WPA2_PSK],2025-12-2 0:48:28,2,-70,34.0547218,-117.1867447,373.30,1.50,WIFI
16:0C:6B:35:31:E2,Schaepper Psychiatry,[WPA2_PSK],2025-12-2 0:48:28,2,-70,34.0547218,-117.1867447,373.30,1.50,WIFI
E8:9F:80:A9:09:E4,sunset_wifi,[WPA2_PSK],2025-12-2 0:48:31,3,-89,34.0548935,-117.1864090,372.70,1.50,WIFI
94:18:65:5B:37:F0,AISemployee,[WPA2_PSK],2025-12-2 0:48:32,4,-84,34.0549393,-117.1863098,372.20,1.50,WIFI
90:BF:D9:47:30:78,,[WPA_WPA2_PSK],2025-12-2 0:48:32,4,-84,34.0549393,-117.1863098,372.20,1.50,WIFI
F4:52:46:ED:90:03,SpectrumSetup-05,[WPA2_PSK],2025-12-2 0:48:34,6,-64,34.0550156,-117.1861343,371.30,1.50,WIFI
D4:76:A0:1A:E7:B9,Cortner_TLAN,[WPA2_PSK],2025-12-2 0:48:34,6,-76,34.0550156,-117.1861343,371.30,1.50,WIFI
D6:26:A4:46:3C:86,Audi_MMI_4545,[WPA2_PSK],2025-12-2 0:48:34,6,-84,34.0550156,-117.1861343,371.30,1.50,WIFI
12:B1:DF:B8:69:80,DIRECT-80-HP M227f LaserJet,[WPA2_PSK],2025-12-2 0:48:34,6,-87,34.0550156,-117.1861343,371.30,1.50,WIFI
78:76:89:2D:10:4A,,[OPEN],2025-12-2 0:48:39,11,-85,34.0551414,-117.1858749,370.40,1.50,WIFI
78:76:89:2D:10:47,gomez_0003,[WPA2_PSK],2025-12-2 0:48:39,11,-85,34.0551414,-117.1858749,370.40,1.50,WIFI
18:A9:ED:80:26:83,,[WPA3_PSK],2025-12-2 0:48:41,1,-77,34.0551643,-117.1858215,370.30,1.50,WIFI
18:A9:ED:80:26:89,,[OPEN],2025-12-2 0:48:41,1,-77,34.0551643,-117.1858215,370.30,1.50,WIFI
20:F3:75:3C:1E:02,Verizon-1E06,[WPA2_PSK],2025-12-2 0:48:41,1,-82,34.0551643,-117.1858215,370.30,1.50,WIFI
EE:9F:80:A9:09:E4,,[WPA2_PSK],2025-12-2 0:48:45,3,-90,34.0551682,-117.1858139,370.10,1.50,WIFI
F8:96:FE:B4:3D:4B,myGMC8506,[WPA2_WPA3_PSK],2025-12-2 0:48:48,6,-71,34.0551682,-117.1858215,370.00,1.50,WIFI
D4:76:A0:1A:E7:B8,Cortner_GLAN,[WPA2_PSK],2025-12-2 0:48:48,6,-77,34.0551682,-117.1858215,370.00,1.50,WIFI
FA:38:69:BB:C8:24,My VW 3815,[WPA2_PSK],2025-12-2 0:48:48,6,-84,34.0551682,-117.1858215,370.00,1.50,WIFI
00:19:9D:FF:9A:F4,Mu TV,[OPEN],2025-12-2 0:48:48,6,-86,34.0551682,-117.1858215,370.00,1.50,WIFI
18:0C:7A:9F:61:76,Frontier0697,[WPA2_PSK],2025-12-2 0:48:48,6,-92,34.0551682,-117.1858215,370.00,1.50,WIFI
0C:EF:15:F6:5E:9F,Kona301,[WPA2_PSK],2025-12-2 0:48:51,9,-89,34.0551682,-117.1858215,369.80,1.50,WIFI
2E:EF:15:F6:5E:9F,,[WPA2_PSK],2025-12-2 0:48:51,9,-89,34.0551682,-117.1858215,369.80,1.50,WIFI
3C:37:86:8C:F9:B8,CortnerNew,[WPA2_PSK],2025-12-2 0:48:52,10,-75,34.0551682,-117.1858139,369.80,1.50,WIFI
3E:37:86:79:A1:09,Cortner-Guest,[WPA2_PSK],2025-12-2 0:48:52,10,-75,34.0551682,-117.1858139,369.80,1.50,WIFI
64:C2:69:D7:C1:67,,[OPEN],2025-12-2 0:48:53,11,-86,34.0551682,-117.1858139,369.70,1.50,WIFI
64:C2:69:D7:C1:65,RedlandsCO1,[WPA2_PSK],2025-12-2 0:48:53,11,-89,34.0551682,-117.1858139,369.70,1.50,WIFI
44:AC:85:A1:64:C3,,[WPA3_PSK],2025-12-2 0:48:55,1,-79,34.0551682,-117.1858139,369.60,1.50,WIFI
44:AC:85:A1:64:C9,,[OPEN],2025-12-2 0:48:55,1,-80,34.0551682,-117.1858139,369.60,1.50,WIFI
44:AC:85:A1:64:C6,Ally,[WPA2_PSK],2025-12-2 0:48:55,1,-80,34.0551682,-117.1858139,369.60,1.50,WIFI
4C:AB:F8:A0:2B:1D,Babymamatrap,[WPA2_PSK],2025-12-2 0:48:55,1,-82,34.0551682,-117.1858139,369.60,1.50,WIFI
48:00:33:8A:B1:4D,TC8717T47,[WPA2_PSK],2025-12-2 0:48:55,1,-87,34.0551682,-117.1858139,369.60,1.50,WIFI
6E:D7:9A:71:81:6C,Pure Gold WiFi,[WPA2_PSK],2025-12-2 0:49:2,6,-90,34.0551682,-117.1858139,369.50,1.50,WIFI
04:A1:51:55:D8:95,ngHub_319441NC021FB,[WPA2_PSK],2025-12-2 0:49:7,11,-89,34.0551682,-117.1858215,369.60,1.50,WIFI
08:D5:9D:00:D7:A6,MySpectrumWiFia0-2G,[WPA2_PSK],2025-12-2 0:49:16,6,-84,34.0551682,-117.1858215,369.60,1.50,WIFI
94:3C:96:FA:9B:36,Frontier1358,[WPA2_PSK],2025-12-2 0:49:21,11,-88,34.0551682,-117.1858139,369.60,1.50,WIFI
74:93:DA:57:4B:31,SpectrumSetup-33,[WPA2_PSK],2025-12-2 0:49:30,6,-89,34.0551682,-117.1858139,369.50,1.50,WIFI
B8:69:F4:CC:43:73,NCV Phones,[WPA2_PSK],2025-12-2 0:49:32,8,-86,34.0551682,-117.1858139,369.50,1.50,WIFI
64:C2:69:D7:C1:63,,[WPA3_PSK],2025-12-2 0:49:35,11,-81,34.0551682,-117.1858139,369.40,1.50,WIFI
00:54:AF:40:15:7F,Hotspot157F,[WPA_WPA2_PSK],2025-12-2 0:49:41,3,-86,34.0551720,-117.1858215,369.30,1.50,WIFI
CA:2C:4F:AD:C4:08,HiSmart-01-ca2c4fadc408,[OPEN],2025-12-2 0:49:41,3,-90,34.0551720,-117.1858215,369.30,1.50,WIFI
0E:7E:24:89:E8:36,BMW 51398,[WPA2_PSK],2025-12-2 0:49:49,11,-79,34.0551720,-117.1858215,369.30,1.50,WIFI
72:D7:9A:71:81:6C,,[WPA2_PSK],2025-12-2 0:49:58,6,-84,34.0551720,-117.1858139,369.40,1.50,WIFI
74:37:5F:CD:C2:87,lo_and_chlo,[WPA2_PSK],2025-12-2 0:49:58,6,-89,34.0551720,-117.1858139,369.40,1.50,WIFI
78:76:89:2D:10:44,,[WPA3_PSK],2025-12-2 0:50:3,11,-85,34.0551720,-117.1858215,369.40,1.50,WIFI
FC:3F:DB:EE:CC:20,DIRECT-1F-HP OfficeJet Pro 8720,[WPA2_PSK],2025-12-2 0:50:3,11,-90,34.0551720,-117.1858215,369.40,1.50,WIFI
AC:E2:D3:C1:D9:AA,DIRECT-A5-HP OfficeJet Pro 8710,[WPA2_PSK],2025-12-2 0:50:3,11,-91,34.0551720,-117.1858215,369.40,1.50,WIFI
98:F7:81:E8:D5:C8,Frontier4000,[WPA2_PSK],2025-12-2 0:50:3,11,-93,34.0551720,-117.1858215,369.40,1.50,WIFI
FA:38:69:58:72:31,My VW 3007,[WPA2_PSK],2025-12-2 0:50:26,6,-82,34.0551720,-117.1858215,369.30,1.50,WIFI
C6:11:53:44:42:09,CHEVROLET7238,[WPA2_WPA3_PSK],2025-12-2 0:50:34,1,-87,34.0551720,-117.1858215,369.30,1.75,WIFI
00:54:AF:F9:A7:86,HotspotA786,[WPA_WPA2_PSK],2025-12-2 0:51:12,9,-88,34.0551758,-117.1858139,369.60,1.50,WIFI
CC:57:63:06:9B:00,Mazda_9b006306cc57,[WPA2_PSK],2025-12-2 0:51:23,6,-77,34.0551758,-117.1858139,369.60,1.75,WIFI
88:13:BF:5B:AC:1D,Sentry_AC1D,[OPEN],2025-12-2 0:51:48,3,-90,34.0551758,-117.1858139,369.70,1.50,WIFI
22:AD:56:2C:04:57,Hotspot0457,[WPA_WPA2_PSK],2025-12-2 0:51:56,11,-80,34.0551758,-117.1858139,369.80,1.50,WIFI
C8:63:FC:7C:C5:58,Frontier2912,[WPA2_PSK],2025-12-2 0:51:59,1,-89,34.0551758,-117.1858139,369.80,1.50,WIFI
BC:82:5D:AD:6F:3C,domn8er,[WPA2_PSK],2025-12-2 0:52:5,6,-63,34.0551758,-117.1858139,369.70,1.50,WIFI
C2:C4:F9:88:8A:D4,MBUX 39452,[WPA2_WPA3_PSK],2025-12-2 0:52:10,11,-93,34.0551758,-117.1858139,369.70,1.50,WIFI
18:E8:29:64:8C:F6,ASOFFICE_IoT,[WPA2_PSK],2025-12-2 0:52:13,1,-90,34.0551758,-117.1858139,369.70,1.50,WIFI
FA:6D:CC:F4:1A:CE,Audi_MMI_6263,[WPA2_PSK],2025-12-2 0:52:19,6,-70,34.0551758,-117.1858139,369.60,1.50,WIFI
1A:E8:29:64:8C:F6,,[WPA2_PSK],2025-12-2 0:52:41,1,-90,34.0552483,-117.1857605,369.20,1.50,WIFI
60:B7:6E:8E:80:30,Vine St,[WPA2_PSK],2025-12-2 0:52:47,6,-88,34.0553246,-117.1856766,368.90,1.50,WIFI
78:76:89:E8:F4:F6,,[OPEN],2025-12-2 0:52:52,11,-76,34.0554466,-117.1854401,369.10,1.50,WIFI
94:CD:FD:C0:1A:83,,[WPA3_PSK],2025-12-2 0:52:52,11,-76,34.0554466,-117.1854401,369.10,1.50,WIFI
94:CD:FD:C0:1A:89,,[OPEN],2025-12-2 0:52:52,11,-76,34.0554466,-117.1854401,369.10,1.50,WIFI
E4:19:7F:0C:BA:C6,Frontier3360,[WPA2_PSK],2025-12-2 0:52:52,11,-83,34.0554466,-117.1854401,369.10,1.50,WIFI
A0:EE:EE:D8:CA:80,,[WPA_WPA2_PSK],2025-12-2 0:52:55,1,-85,34.0555382,-117.1851120,369.30,1.50,WIFI
54:04:63:FB:0B:08,,[WPA_WPA2_PSK],2025-12-2 0:52:55,1,-85,34.0555382,-117.1851120,369.30,1.50,WIFI
06:01:21:33:52:A5,MissionPeds,[WPA2_PSK],2025-12-2 0:53:1,6,-71,34.0555534,-117.1843414,370.70,1.50,WIFI
00:01:21:33:57:3D,MissionGuest,[WPA2_PSK],2025-12-2 0:53:1,6,-76,34.0555534,-117.1843414,370.70,1.50,WIFI
D0:6D:C9:39:55:26,Frontier0023,[WPA2_PSK],2025-12-2 0:53:1,6,-78,34.0555534,-117.1843414,370.70,1.50,WIFI
06:01:21:33:57:3D,MissionPeds,[WPA2_PSK],2025-12-2 0:53:1,6,-79,34.0555534,-117.1843414,370.70,1.50,WIFI
FA:8F:CA:67:11:D2,Den TV.v_,[OPEN],2025-12-2 0:53:1,6,-87,34.0555534,-117.1843414,370.70,1.50,WIFI
00:01:21:33:52:BA,MissionGuest,[WPA2_PSK],2025-12-2 0:53:6,11,-76,34.0555496,-117.1838226,371.80,1.50,WIFI
06:01:21:33:52:BA,MissionPeds,[WPA2_PSK],2025-12-2 0:53:6,11,-77,34.0555496,-117.1838226,371.80,1.50,WIFI
A8:F7:D9:B9:33:BD,,[WPA2],2025-12-2 0:53:6,11,-86,34.0555496,-117.1838226,371.80,1.50,WIFI
18:1B:EB:08:29:D7,66YR2,[WPA2_PSK],2025-12-2 0:53:9,1,-78,34.0555496,-117.1836395,372.10,1.50,WIFI
88:41:FC:71:3F:79,FTRSecure_4920_38Y4,[WPA2_PSK],2025-12-2 0:53:15,6,-75,34.0555534,-117.1835709,372.30,1.50,WIFI
A8:F7:D9:B9:42:5B,,[WPA2_PSK],2025-12-2 0:53:15,6,-81,34.0555534,-117.1835709,372.30,1.50,WIFI
A8:F7:D9:B9:42:54,,[WPA_PSK],2025-12-2 0:53:15,6,-82,34.0555534,-117.1835709,372.30,1.50,WIFI
A8:F7:D9:B9:42:58,,[WPA2_PSK],2025-12-2 0:53:15,6,-82,34.0555534,-117.1835709,372.30,1.50,WIFI
A8:F7:D9:B9:42:59,,[WPA2],2025-12-2 0:53:15,6,-82,34.0555534,-117.1835709,372.30,1.50,WIFI
A8:F7:D9:B9:42:5D,,[WPA2],2025-12-2 0:53:15,6,-82,34.0555534,-117.1835709,372.30,1.50,WIFI
C0:89:AB:20:A6:78,Frontier6240,[WPA2_PSK],2025-12-2 0:53:15,6,-83,34.0555534,-117.1835709,372.30,1.50,WIFI
A8:F7:D9:B9:42:5E,CVSCust100c,[WPA2],2025-12-2 0:53:15,6,-87,34.0555534,-117.1835709,372.30,1.50,WIFI
A8:F7:D9:B9:42:5C,CVSConnect,[OPEN],2025-12-2 0:53:15,6,-88,34.0555534,-117.1835709,372.30,1.50,WIFI
A4:13:4E:D7:DA:11,BatterRebellion 2.4,[WPA2_PSK],2025-12-2 0:53:15,6,-89,34.0555534,-117.1835709,372.30,1.50,WIFI
C8:E3:06:6A:A5:05,RedlandsCO1,[WPA2_PSK],2025-12-2 0:53:20,11,-59,34.0555496,-117.1833344,372.80,1.50,WIFI
C8:E3:06:6A:A5:03,,[WPA3_PSK],2025-12-2 0:53:20,11,-61,34.0555496,-117.1833344,372.80,1.50,WIFI
C8:E3:06:6A:A5:07,,[OPEN],2025-12-2 0:53:20,11,-61,34.0555496,-117.1833344,372.80,1.50,WIFI
9C:A5:70:11:CB:05,RedlandsCO1,[WPA2_PSK],2025-12-2 0:53:20,11,-66,34.0555496,-117.1833344,372.80,1.50,WIFI
9C:A5:70:11:CB:07,,[OPEN],2025-12-2 0:53:20,11,-67,34.0555496,-117.1833344,372.80,1.50,WIFI
9C:A5:70:11:CB:03,,[WPA3_PSK],2025-12-2 0:53:20,11,-70,34.0555496,-117.1833344,372.80,1.50,WIFI
64:C2:69:E5:60:43,,[WPA3_PSK],2025-12-2 0:53:20,11,-72,34.0555496,-117.1833344,372.80,1.50,WIFI
64:C2:69:E5:60:47,,[OPEN],2025-12-2 0:53:20,11,-72,34.0555496,-117.1833344,372.80,1.50,WIFI
64:C2:69:E5:60:45,RedlandsCO1,[WPA2_PSK],2025-12-2 0:53:20,11,-72,34.0555496,-117.1833344,372.80,1.50,WIFI
12:B1:DF:5F:41:47,DIRECT-47-HP M283 LaserJet,[WPA2_PSK],2025-12-2 0:53:20,11,-80,34.0555496,-117.1833344,372.80,1.50,WIFI
E2:55:7D:47:9A:40,City of Redlands,[OPEN],2025-12-2 0:53:29,6,-64,34.0555458,-117.1825943,374.70,1.50,WIFI
E2:55:7D:47:9A:41,Redlands Corp,[WPA2],2025-12-2 0:53:29,6,-67,34.0555458,-117.1825943,374.70,1.50,WIFI
E2:55:7D:47:9A:4B,RPD,[WPA2_PSK],2025-12-2 0:53:29,6,-71,34.0555458,-117.1825943,374.70,1.50,WIFI
E2:55:7D:47:9A:45,RPD Corp,[WPA2],2025-12-2 0:53:29,6,-72,34.0555458,-117.1825943,374.70,1.50,WIFI
E2:55:7D:47:9A:44,Redlands Internet,[WPA2_PSK],2025-12-2 0:53:29,6,-73,34.0555458,-117.1825943,374.70,1.50,WIFI
E2:55:7D:47:9A:46,RPD BYOD,[WPA2],2025-12-2 0:53:29,6,-73,34.0555458,-117.1825943,374.70,1.50,WIFI
E2:55:7D:47:9A:43,Redlands Private,[WPA2_PSK],2025-12-2 0:53:29,6,-74,34.0555458,-117.1825943,374.70,1.50,WIFI
E2:55:7D:47:9A:42,Redlands BYOD,[WPA2],2025-12-2 0:53:29,6,-78,34.0555458,-117.1825943,374.70,1.50,WIFI
58:EF:68:3D:3D:9B,District/Copehouse 2.4g,[WPA2_PSK],2025-12-2 0:53:31,8,-86,34.0555458,-117.1824799,374.90,1.50,WIFI
5C:E9:31:0B:AD:E6,PacRestTher,[WPA2_PSK],2025-12-2 0:53:32,9,-76,34.0555382,-117.1824265,374.80,1.50,WIFI
9E:15:44:67:8B:E6,RPD Corp,[WPA2],2025-12-2 0:53:34,11,-73,34.0555382,-117.1823349,374.70,1.50,WIFI
B2:15:44:67:8B:E6,rpdguest,[WPA2_PSK],2025-12-2 0:53:34,11,-73,34.0555382,-117.1823349,374.70,1.50,WIFI
88:15:44:67:8B:E6,City of Redlands,[OPEN],2025-12-2 0:53:34,11,-74,34.0555382,-117.1823349,374.70,1.50,WIFI
92:15:44:67:8B:E6,RPD BYOD,[WPA2],2025-12-2 0:53:34,11,-74,34.0555382,-117.1823349,374.70,1.50,WIFI
DC:92:72:E4:1A:1F,Frontier0566,[WPA2_PSK],2025-12-2 0:53:34,11,-75,34.0555382,-117.1823349,374.70,1.50,WIFI
9A:15:44:67:8B:E6,Redlands Internet,[WPA2_PSK],2025-12-2 0:53:34,11,-75,34.0555382,-117.1823349,374.70,1.50,WIFI
60:B7:6E:D7:60:9E,Kissui,[WPA2_PSK],2025-12-2 0:53:34,11,-82,34.0555382,-117.1823349,374.70,1.50,WIFI
94:3C:96:FC:9E:06,Frontier0180,[WPA2_PSK],2025-12-2 0:53:34,11,-85,34.0555382,-117.1823349,374.70,1.50,WIFI
74:37:5F:CA:E0:7B,SpectrumSetup-79,[WPA2_PSK],2025-12-2 0:53:36,1,-57,34.0555382,-117.1822662,374.80,1.50,WIFI
28:EC:22:A1:C1:2F,District/Copehouse Guest,[WPA2_PSK],2025-12-2 0:53:36,1,-74,34.0555382,-117.1822662,374.80,1.50,WIFI
A4:6B:1F:8D:77:48,TP-Link_6C6C,[WPA2_PSK],2025-12-2 0:53:36,1,-75,34.0555382,-117.1822662,374.80,1.50,WIFI
28:EC:22:A1:C1:26,District/Copehouse,[WPA2_PSK],2025-12-2 0:53:36,1,-75,34.0555382,-117.1822662,374.80,1.50,WIFI
E2:55:7D:48:51:22,Redlands BYOD,[WPA2],2025-12-2 0:53:36,1,-80,34.0555382,-117.1822662,374.80,1.50,WIFI
E2:55:7D:48:51:24,Redlands Internet,[WPA2_PSK],2025-12-2 0:53:36,1,-82,34.0555382,-117.1822662,374.80,1.50,WIFI
A4:13:4E:D7:CC:31,BatterRebellion 2.4,[WPA2_PSK],2025-12-2 0:53:43,6,-58,34.0555382,-117.1820984,375.10,1.50,WIFI
D4:A9:28:0A:79:4A,The Orange Space 2G,[WPA2_PSK],2025-12-2 0:53:43,6,-59,34.0555382,-117.1820984,375.10,1.50,WIFI
9A:CD:AC:18:C2:D5,DHub-3e7f,[WPA2_PSK],2025-12-2 0:53:43,6,-60,34.0555382,-117.1820984,375.10,1.50,WIFI
E2:55:7D:47:9A:4E,rpdguest,[WPA2_PSK],2025-12-2 0:53:43,6,-68,34.0555382,-117.1820984,375.10,1.50,WIFI
5E:EF:68:3D:3D:9B,District/Copehouse Guest,[WPA2_PSK],2025-12-2 0:53:45,8,-65,34.0555382,-117.1820526,375.20,1.50,WIFI
96:3C:96:FC:9E:07,lcnbooksandcats,[WPA2_PSK],2025-12-2 0:53:48,11,-69,34.0555382,-117.1820297,375.20,1.50,WIFI
B8:66:85:CA:A5:D6,MySpectrumWiFid0-2G,[WPA2_PSK],2025-12-2 0:53:48,11,-71,34.0555382,-117.1820297,375.20,1.50,WIFI
12:B6:76:A8:17:F2,DIRECT-F2-HP Color LJ 3301,[WPA2_PSK],2025-12-2 0:53:48,11,-77,34.0555382,-117.1820297,375.20,1.50,WIFI
08:33:ED:FA:00:B5,Top Choice Gaming,[WPA2_PSK],2025-12-2 0:53:48,11,-78,34.0555382,-117.1820297,375.20,1.50,WIFI
CA:33:ED:FA:00:B5,TCG Guest,[WPA2_PSK],2025-12-2 0:53:48,11,-78,34.0555382,-117.1820297,375.20,1.50,WIFI
E2:55:7D:45:5E:F5,RPD Corp,[WPA2],2025-12-2 0:53:48,11,-91,34.0555382,-117.1820297,375.20,1.50,WIFI
90:D3:CF:18:7A:4F,SpectrumSetup-7A52,[WPA2_PSK],2025-12-2 0:53:51,1,-59,34.0555382,-117.1820297,375.30,1.50,WIFI
5C:18:DD:F0:90:E3,,[WPA_WPA2_PSK],2025-12-2 0:53:51,1,-62,34.0555382,-117.1820297,375.30,1.50,WIFI
A4:6B:1F:8D:77:51,TP-Link_6C6C Guest,[OPEN],2025-12-2 0:53:51,1,-63,34.0555382,-117.1820297,375.30,1.50,WIFI
A4:6B:1F:8D:77:45,,[WPA3_PSK],2025-12-2 0:53:51,1,-63,34.0555382,-117.1820297,375.30,1.50,WIFI
E2:55:7D:48:51:2E,rpdguest,[WPA2_PSK],2025-12-2 0:53:51,1,-69,34.0555382,-117.1820297,375.30,1.50,WIFI
28:EC:22:AB:35:E6,District/Copehouse,[WPA2_PSK],2025-12-2 0:53:51,1,-74,34.0555382,-117.1820297,375.30,1.50,WIFI
90:72:40:24:46:F8,District Vapour TB,[WPA2_PSK],2025-12-2 0:53:51,1,-81,34.0555382,-117.1820297,375.30,1.50,WIFI
4C:ED:FB:31:02:50,FWY,[WPA2_PSK],2025-12-2 0:53:54,3,-79,34.0555382,-117.1820145,375.40,1.50,WIFI
82:3F:5D:2F:1B:BE,@WAVLINK_Guest,[WPA_WPA2_PSK],2025-12-2 0:54:4,13,-91,34.0555382,-117.1818237,375.90,1.50,WIFI
60:B7:6E:C9:50:E9,GATE,[WPA2_PSK],2025-12-2 0:54:5,1,-60,34.0555382,-117.1818008,375.90,1.50,WIFI
A4:6B:1F:8D:77:4B,,[OPEN],2025-12-2 0:54:5,1,-71,34.0555382,-117.1818008,375.90,1.50,WIFI
74:93:DA:A5:1B:5D,SpectrumSetup-5F,[WPA2_PSK],2025-12-2 0:54:5,1,-77,34.0555382,-117.1818008,375.90,1.50,WIFI
68:D7:9A:C1:A9:00,Redlands-Jewelers,[WPA2_PSK],2025-12-2 0:54:11,6,-69,34.0555344,-117.1815872,376.40,1.50,WIFI
72:D7:9A:C1:A9:00,,[WPA2_PSK],2025-12-2 0:54:11,6,-70,34.0555344,-117.1815872,376.40,1.50,WIFI
6E:D7:9A:C1:A9:00,IoT,[WPA2_PSK],2025-12-2 0:54:11,6,-71,34.0555344,-117.1815872,376.40,1.50,WIFI
B2:15:44:67:93:4C,rpdguest,[WPA2_PSK],2025-12-2 0:54:11,6,-74,34.0555344,-117.1815872,376.40,1.50,WIFI
9E:15:44:67:93:4C,RPD Corp,[WPA2],2025-12-2 0:54:11,6,-76,34.0555344,-117.1815872,376.40,1.50,WIFI
92:15:44:67:93:4C,RPD BYOD,[WPA2],2025-12-2 0:54:11,6,-78,34.0555344,-117.1815872,376.40,1.50,WIFI
F6:92:BF:54:18:5E,BDA First Floor Guest,[WPA2_PSK],2025-12-2 0:54:11,6,-82,34.0555344,-117.1815872,376.40,1.50,WIFI
9A:15:44:67:93:4C,Redlands Internet,[WPA2_PSK],2025-12-2 0:54:11,6,-83,34.0555344,-117.1815872,376.40,1.50,WIFI
9C:3D:CF:4C:A4:7A,NETGEAR69,[WPA2_PSK],2025-12-2 0:54:14,9,-87,34.0555344,-117.1815262,376.30,1.50,WIFI
10:0C:6B:59:CD:3C,whitefrog,[WPA2_PSK],2025-12-2 0:54:15,10,-83,34.0555344,-117.1814804,376.20,1.50,WIFI
5C:E9:31:0D:B2:50,MGER-RDL-AP2,[WPA_WPA2_PSK],2025-12-2 0:54:16,11,-73,34.0555344,-117.1814270,376.20,1.50,WIFI
C2:C4:F9:8B:92:F9,DIRECT-BMW 49544,[WPA2_PSK],2025-12-2 0:54:16,11,-81,34.0555344,-117.1814270,376.20,1.50,WIFI
80:3F:5D:2F:1B:BC,@WAVLINK_BB,[WPA_WPA2_PSK],2025-12-2 0:54:18,13,-83,34.0555344,-117.1812744,376.40,1.50,WIFI
AC:8B:A9:42:62:AA,The Eating Room,[WPA2_PSK],2025-12-2 0:54:19,1,-70,34.0555344,-117.1811905,376.40,1.50,WIFI
AE:8B:A9:32:62:AA,,[WPA2_PSK],2025-12-2 0:54:19,1,-70,34.0555344,-117.1811905,376.40,1.50,WIFI
AE:8B:A9:22:62:AA,WCP-MGRN-AP,[WPA2_PSK],2025-12-2 0:54:19,1,-71,34.0555344,-117.1811905,376.40,1.50,WIFI
AE:8B:A9:12:62:AA,The Eating Room Guest,[WPA2_PSK],2025-12-2 0:54:19,1,-72,34.0555344,-117.1811905,376.40,1.50,WIFI
54:04:63:CB:E9:59,,[WPA_WPA2_PSK],2025-12-2 0:54:19,1,-81,34.0555344,-117.1811905,376.40,1.50,WIFI
74:93:DA:95:9D:5A,SpectrumSetup-5C,[WPA2_PSK],2025-12-2 0:54:19,1,-83,34.0555344,-117.1811905,376.40,1.50,WIFI
CC:B8:5E:02:B4:32,CAR-T28CK-b432,[WPA2_PSK],2025-12-2 0:54:19,1,-89,34.0555344,-117.1811905,376.40,1.50,WIFI
74:93:DA:56:9C:61,SpectrumSetup-63,[WPA2_PSK],2025-12-2 0:54:19,1,-90,34.0555344,-117.1811905,376.40,1.50,WIFI
94:A6:7E:E3:5D:72,SES147,[WPA2_PSK],2025-12-2 0:54:21,2,-81,34.0555305,-117.1810226,376.40,1.50,WIFI
4C:AB:F8:36:C3:CD,SpectrumSetup-CF,[WPA2_PSK],2025-12-2 0:54:26,6,-74,34.0555267,-117.1806488,377.20,1.50,WIFI
54:47:CC:F5:D7:26,HOSS,[WPA2_PSK],2025-12-2 0:54:26,6,-76,34.0555267,-117.1806488,377.20,1.50,WIFI
54:47:CC:F5:CA:06,Frontier0196,[WPA2_PSK],2025-12-2 0:54:26,6,-79,34.0555267,-117.1806488,377.20,1.50,WIFI
A8:B0:88:3C:A4:26,,[WPA3_PSK],2025-12-2 0:54:26,6,-80,34.0555267,-117.1806488,377.20,1.50,WIFI
A8:B0:88:3C:A4:2A,,[OPEN],2025-12-2 0:54:26,6,-80,34.0555267,-117.1806488,377.20,1.50,WIFI
A8:B0:88:3C:A4:28,The Mane Collective,[WPA2_PSK],2025-12-2 0:54:26,6,-81,34.0555267,-117.1806488,377.20,1.50,WIFI
98:ED:7E:29:95:27,210 Redlands,[WPA2_PSK],2025-12-2 0:54:31,11,-72,34.0555267,-117.1805038,377.30,1.50,WIFI
98:ED:7E:29:95:30,210 Redlands Guest,[WPA2_PSK],2025-12-2 0:54:31,11,-72,34.0555267,-117.1805038,377.30,1.50,WIFI
98:ED:7E:29:95:24,,[WPA3_PSK],2025-12-2 0:54:31,11,-73,34.0555267,-117.1805038,377.30,1.50,WIFI
98:ED:7E:29:95:2A,,[OPEN],2025-12-2 0:54:31,11,-73,34.0555267,-117.1805038,377.30,1.50,WIFI
74:37:5F:8E:EB:17,SpectrumSetup-15,[WPA2_PSK],2025-12-2 0:54:31,11,-79,34.0555267,-117.1805038,377.30,1.50,WIFI
88:67:46:93:A7:23,,[WPA3_PSK],2025-12-2 0:54:34,1,-68,34.0555229,-117.1804886,377.50,1.50,WIFI
88:67:46:93:A7:26,The Mane Collective,[WPA2_PSK],2025-12-2 0:54:34,1,-68,34.0555229,-117.1804886,377.50,1.50,WIFI
88:67:46:93:A7:2F,The Mane Collective Salon,[WPA2_PSK],2025-12-2 0:54:34,1,-68,34.0555229,-117.1804886,377.50,1.50,WIFI
88:67:46:93:A7:29,,[OPEN],2025-12-2 0:54:34,1,-69,34.0555229,-117.1804886,377.50,1.50,WIFI
88:67:46:99:D5:C3,,[WPA3_PSK],2025-12-2 0:54:34,1,-76,34.0555229,-117.1804886,377.50,1.50,WIFI
88:67:46:99:D5:C9,,[OPEN],2025-12-2 0:54:34,1,-76,34.0555229,-117.1804886,377.50,1.50,WIFI
88:67:46:99:D5:C6,The Mane Collective,[WPA2_PSK],2025-12-2 0:54:34,1,-76,34.0555229,-117.1804886,377.50,1.50,WIFI
88:67:46:99:D5:CF,The Mane Collective Salon,[WPA2_PSK],2025-12-2 0:54:34,1,-77,34.0555229,-117.1804886,377.50,1.50,WIFI
F4:52:46:DA:11:34,SpectrumSetup-1137,[WPA2_PSK],2025-12-2 0:54:34,1,-85,34.0555229,-117.1804886,377.50,1.50,WIFI
00:C8:96:04:55:50,,[WPA_WPA2_PSK],2025-12-2 0:54:34,1,-86,34.0555229,-117.1804886,377.50,1.50,WIFI
42:98:B5:E0:AC:F5,Lambertones Pickups-IoT,[WPA2_PSK],2025-12-2 0:54:38,4,-83,34.0555191,-117.1802597,377.90,1.50,WIFI
00:1D:05:61:5C:73,Cooper-001D05615C73,[WPA2_PSK],2025-12-2 0:54:40,6,-72,34.0555153,-117.1800690,378.30,1.50,WIFI
24:2D:6C:69:23:45,,[WPA3_PSK],2025-12-2 0:54:40,6,-76,34.0555153,-117.1800690,378.30,1.50,WIFI
24:2D:6C:69:23:4B,,[OPEN],2025-12-2 0:54:40,6,-79,34.0555153,-117.1800690,378.30,1.50,WIFI
C0:36:53:73:B7:68,,[OPEN],2025-12-2 0:54:40,6,-81,34.0555153,-117.1800690,378.30,1.50,WIFI
C0:36:53:73:B7:66,MFS,[WPA2_PSK],2025-12-2 0:54:40,6,-82,34.0555153,-117.1800690,378.30,1.50,WIFI
C0:36:53:73:B7:64,,[WPA3_PSK],2025-12-2 0:54:40,6,-83,34.0555153,-117.1800690,378.30,1.50,WIFI
F0:A8:82:F0:1A:31,Peztio-Q3-f01a31,[WPA2_PSK],2025-12-2 0:54:41,7,-73,34.0555153,-117.1799774,378.50,1.50,WIFI
D4:05:DE:20:DF:E4,,[WPA3_PSK],2025-12-2 0:54:45,11,-73,34.0555077,-117.1796265,379.20,1.50,WIFI
D4:05:DE:20:DF:EA,,[OPEN],2025-12-2 0:54:45,11,-74,34.0555077,-117.1796265,379.20,1.50,WIFI
AC:D3:1D:FC:A4:6F,Sturdy Bridge,[WPA2_PSK],2025-12-2 0:54:45,11,-76,34.0555077,-117.1796265,379.20,1.50,WIFI
D4:05:DE:20:DF:E7,Energy Lab,[WPA2_PSK],2025-12-2 0:54:45,11,-77,34.0555077,-117.1796265,379.20,1.50,WIFI
AA:D3:1D:FC:A4:6F,Citrone Guest,[WPA2_PSK],2025-12-2 0:54:45,11,-78,34.0555077,-117.1796265,379.20,1.50,WIFI
92:D3:1D:FC:A4:6F,,[WPA2_PSK],2025-12-2 0:54:45,11,-78,34.0555077,-117.1796265,379.20,1.50,WIFI
B8:66:85:C6:7A:3E,TLC-2G,[WPA2_PSK],2025-12-2 0:54:45,11,-85,34.0555077,-117.1796265,379.20,1.50,WIFI
F0:B6:61:B9:D9:67,Energy Lab,[WPA2_PSK],2025-12-2 0:54:45,11,-86,34.0555077,-117.1796265,379.20,1.50,WIFI
A0:8A:06:63:E8:E9,SpectrumSetup-E8EC,[WPA2_PSK],2025-12-2 0:54:45,11,-89,34.0555077,-117.1796265,379.20,1.50,WIFI
C8:63:FC:60:D4:08,Frontier1664,[WPA2_PSK],2025-12-2 0:54:48,1,-60,34.0555077,-117.1793594,379.60,1.50,WIFI
9C:3D:CF:81:E0:42,NETGEAR76,[WPA2_PSK],2025-12-2 0:54:48,1,-76,34.0555077,-117.1793594,379.60,1.50,WIFI
78:71:9C:18:38:B0,DG1670AB2,[WPA2_PSK],2025-12-2 0:54:48,1,-83,34.0555077,-117.1793594,379.60,1.50,WIFI
54:47:CC:34:87:77,TMOBILE-8771,[WPA2_WPA3_PSK],2025-12-2 0:54:48,1,-86,34.0555077,-117.1793594,379.60,1.50,WIFI
16:EA:14:81:BB:EA,,[WPA2_PSK],2025-12-2 0:54:48,1,-87,34.0555077,-117.1793594,379.60,1.50,WIFI
94:F7:17:E8:F2:38,,[WPA_WPA2_PSK],2025-12-2 0:54:48,1,-90,34.0555077,-117.1793594,379.60,1.50,WIFI
34:98:B5:E0:AC:F5,Lambertones Pickups,[WPA2_WPA3_PSK],2025-12-2 0:54:52,4,-82,34.0555115,-117.1790161,380.30,1.50,WIFI
9C:4F:5F:48:96:DA,swoonswank,[WPA2_PSK],2025-12-2 0:54:54,6,-69,34.0555077,-117.1788330,380.90,1.50,WIFI
40:B0:34:7E:0F:D6,DIRECT-D5-HP OfficeJet Pro 8720,[WPA2_PSK],2025-12-2 0:54:54,6,-70,34.0555077,-117.1788330,380.90,1.50,WIFI
8E:49:62:3D:0D:11,,[WPA2_PSK],2025-12-2 0:54:54,6,-70,34.0555077,-117.1788330,380.90,1.50,WIFI
FC:12:63:A1:4F:45,SpectrumSetup-47,[WPA2_PSK],2025-12-2 0:54:54,6,-71,34.0555077,-117.1788330,380.90,1.50,WIFI
7E:57:58:AC:53:BB,DIRECT-BB-HP Color LJ 4201,[WPA2_PSK],2025-12-2 0:54:54,6,-79,34.0555077,-117.1788330,380.90,1.50,WIFI
E2:55:7D:48:0F:60,City of Redlands,[OPEN],2025-12-2 0:54:54,6,-80,34.0555077,-117.1788330,380.90,1.50,WIFI
86:2A:FD:9F:EE:0F,DIRECT-0F-HP OfficeJet Pro 9010,[WPA2_PSK],2025-12-2 0:54:54,6,-84,34.0555077,-117.1788330,380.90,1.50,WIFI
D0:6D:C9:33:63:66,Hushh Medical Aesthetics,[WPA2_PSK],2025-12-2 0:54:59,11,-70,34.0555038,-117.1783295,381.90,1.50,WIFI
14:7D:05:4B:24:5B,deaux,[WPA2_PSK],2025-12-2 0:54:59,11,-71,34.0555038,-117.1783295,381.90,1.50,WIFI
F0:B6:61:B9:D9:6A,,[OPEN],2025-12-2 0:54:59,11,-79,34.0555038,-117.1783295,381.90,1.50,WIFI
C6:9E:28:D0:E7:9A,,[WPA2_PSK],2025-12-2 0:54:59,11,-80,34.0555038,-117.1783295,381.90,1.50,WIFI
FE:9E:28:D0:E7:9A,RWG Guest,[WPA2_PSK],2025-12-2 0:54:59,11,-81,34.0555038,-117.1783295,381.90,1.50,WIFI
7C:DB:98:49:58:41,MySpectrumWiFi43-2G,[WPA2_PSK],2025-12-2 0:54:59,11,-85,34.0555038,-117.1783295,381.90,1.50,WIFI
0C:83:CC:C0:BD:CE,tlc0bdce,[WPA2_PSK],2025-12-2 0:54:59,11,-88,34.0555038,-117.1783295,381.90,1.50,WIFI
54:04:63:CB:E6:59,,[WPA_WPA2_PSK],2025-12-2 0:55:2,1,-76,34.0555038,-117.1780167,382.50,1.50,WIFI
40:2B:50:7F:DA:E8,Frontier7776,[WPA2_PSK],2025-12-2 0:55:2,1,-77,34.0555038,-117.1780167,382.50,1.50,WIFI
78:29:ED:E1:8C:89,MySpectrumWiFi8b-2G,[WPA2_PSK],2025-12-2 0:55:2,1,-80,34.0555038,-117.1780167,382.50,1.50,WIFI
A8:97:CD:A5:9A:18,Frontier0224,[WPA2_PSK],2025-12-2 0:55:2,1,-84,34.0555038,-117.1780167,382.50,1.50,WIFI
54:04:63:FA:FD:D8,,[WPA_WPA2_PSK],2025-12-2 0:55:2,1,-86,34.0555038,-117.1780167,382.50,1.50,WIFI
CC:CF:83:0D:E7:2C,,[WPA_WPA2_PSK],2025-12-2 0:55:2,1,-87,34.0555038,-117.1780167,382.50,1.50,WIFI
18:B8:1F:52:7F:A8,Frontier9408,[WPA2_PSK],2025-12-2 0:55:2,1,-89,34.0555038,-117.1780167,382.50,1.50,WIFI
3C:37:86:86:CB:DA,NETGEAR37,[WPA2_PSK],2025-12-2 0:55:4,2,-82,34.0555038,-117.1778030,383.00,1.50,WIFI
F4:63:49:D3:65:14,Franklin T10 8493,[WPA2_PSK],2025-12-2 0:55:5,3,-84,34.0555038,-117.1777039,383.20,1.50,WIFI
FC:12:63:8F:F3:A2,Verizon_BRL3K4,[WPA2_PSK],2025-12-2 0:55:8,6,-61,34.0555038,-117.1774063,383.70,1.50,WIFI
94:3C:96:FA:98:96,Frontier1316,[WPA2_PSK],2025-12-2 0:55:8,6,-73,34.0555038,-117.1774063,383.70,1.50,WIFI
84:78:48:D2:6D:05,Team,[WPA2_WPA3_PSK],2025-12-2 0:55:8,6,-74,34.0555038,-117.1774063,383.70,1.50,WIFI
8A:78:48:D2:6D:05,Y-fi,[WPA2_WPA3_PSK],2025-12-2 0:55:8,6,-75,34.0555038,-117.1774063,383.70,1.50,WIFI
62:22:32:9E:0B:76,YYDS-DR,[WPA2_PSK],2025-12-2 0:55:8,6,-80,34.0555038,-117.1774063,383.70,1.50,WIFI
62:22:32:AE:0B:76,,[WPA2_PSK],2025-12-2 0:55:8,6,-80,34.0555038,-117.1774063,383.70,1.50,WIFI
84:EB:3E:D9:E0:F1,tld9e0f0,[WPA2_PSK],2025-12-2 0:55:8,6,-81,34.0555038,-117.1774063,383.70,1.50,WIFI
60:22:32:8E:0B:76,YYDS,[WPA2_PSK],2025-12-2 0:55:8,6,-82,34.0555038,-117.1774063,383.70,1.50,WIFI
EE:55:A8:A2:DC:E8,CONFIRE,[WPA2_PSK],2025-12-2 0:55:13,11,-72,34.0555038,-117.1769943,384.50,1.50,WIFI
EA:55:A8:A2:DC:E8,CONFIRE-Guest,[WPA2_PSK],2025-12-2 0:55:13,11,-72,34.0555038,-117.1769943,384.50,1.50,WIFI
DA:55:A8:A2:DD:A4,,[WPA2_PSK],2025-12-2 0:55:13,11,-76,34.0555038,-117.1769943,384.50,1.50,WIFI
DA:55:A8:A2:DC:E8,,[WPA2_PSK],2025-12-2 0:55:13,11,-77,34.0555038,-117.1769943,384.50,1.50,WIFI
EA:55:A8:A2:DD:A4,CONFIRE-Guest,[WPA2_PSK],2025-12-2 0:55:13,11,-78,34.0555038,-117.1769943,384.50,1.50,WIFI
EE:55:A8:A2:DD:A4,CONFIRE,[WPA2_PSK],2025-12-2 0:55:13,11,-78,34.0555038,-117.1769943,384.50,1.50,WIFI
00:30:44:45:07:98,FEMS,[WPA2_PSK],2025-12-2 0:55:15,1,-67,34.0555038,-117.1768341,384.80,1.50,WIFI
E4:55:A8:B3:63:BD,,[WPA2_PSK],2025-12-2 0:55:15,1,-80,34.0555038,-117.1768341,384.80,1.50,WIFI
EE:55:A8:B3:63:BD,,[WPA2_PSK],2025-12-2 0:55:15,1,-80,34.0555038,-117.1768341,384.80,1.50,WIFI
EA:55:A8:B3:63:BD,,[WPA2_PSK],2025-12-2 0:55:15,1,-80,34.0555038,-117.1768341,384.80,1.50,WIFI
DA:55:A8:B3:63:BD,,[WPA2_PSK],2025-12-2 0:55:15,1,-80,34.0555038,-117.1768341,384.80,1.50,WIFI
E2:55:A8:B3:63:BD,Jacks_Guest,[OPEN],2025-12-2 0:55:15,1,-81,34.0555038,-117.1768341,384.80,1.50,WIFI
84:78:48:D2:5F:A1,Team,[WPA2_WPA3_PSK],2025-12-2 0:55:15,1,-82,34.0555038,-117.1768341,384.80,1.50,WIFI
E2:55:A8:09:91:9B,DelEmployee,[WPA2_PSK],2025-12-2 0:55:15,1,-84,34.0555038,-117.1768341,384.80,1.50,WIFI
16:F5:F9:B0:96:DC,venus-HQ2508NPFYT-14e,[WPA2_PSK],2025-12-2 0:55:15,1,-86,34.0555038,-117.1768341,384.80,1.50,WIFI
EE:55:A8:09:91:9B,DelManager,[WPA2],2025-12-2 0:55:15,1,-88,34.0555038,-117.1768341,384.80,1.50,WIFI
8A:78:48:D2:5F:A1,Y-fi,[WPA2_WPA3_PSK],2025-12-2 0:55:15,1,-89,34.0555038,-117.1768341,384.80,1.50,WIFI
14:59:C0:A1:C5:51,NETGEAR09,[WPA2_PSK],2025-12-2 0:55:20,4,-71,34.0555038,-117.1765213,385.20,1.50,WIFI
EE:55:A8:A2:DA:07,CONFIRE,[WPA2_PSK],2025-12-2 0:55:22,6,-75,34.0555038,-117.1764221,385.40,1.50,WIFI
DA:55:A8:A2:DA:07,,[WPA2_PSK],2025-12-2 0:55:22,6,-75,34.0555038,-117.1764221,385.40,1.50,WIFI
EA:55:A8:A2:DA:07,CONFIRE-Guest,[WPA2_PSK],2025-12-2 0:55:22,6,-76,34.0555038,-117.1764221,385.40,1.50,WIFI
2C:EA:DC:08:F2:7D,SpectrumSetup-7F,[WPA2_PSK],2025-12-2 0:55:22,6,-80,34.0555038,-117.1764221,385.40,1.50,WIFI
AA:D3:1D:FC:A3:94,Citrone Guest,[WPA2_PSK],2025-12-2 0:55:22,6,-83,34.0555038,-117.1764221,385.40,1.50,WIFI
AC:D3:1D:FC:A3:94,Sturdy Bridge,[WPA2_PSK],2025-12-2 0:55:22,6,-84,34.0555038,-117.1764221,385.40,1.50,WIFI
14:59:C0:A1:C5:3C,local1354Dormroom,[WPA2_PSK],2025-12-2 0:55:24,8,-79,34.0555038,-117.1763077,385.70,1.50,WIFI
74:37:5F:4F:8A:27,SpectrumSetup-25,[WPA2_PSK],2025-12-2 0:55:27,11,-78,34.0555038,-117.1760864,386.10,1.50,WIFI
EE:55:A8:A2:DA:21,CONFIRE,[WPA2_PSK],2025-12-2 0:55:27,11,-81,34.0555038,-117.1760864,386.10,1.50,WIFI
DE:CB:BC:B9:7D:2E,,[WPA2],2025-12-2 0:55:30,1,-63,34.0555000,-117.1758728,386.40,1.50,WIFI
F6:9F:C2:D1:51:78,,[WPA2_PSK],2025-12-2 0:55:30,1,-76,34.0555000,-117.1758728,386.40,1.50,WIFI
F0:9F:C2:D1:51:78,Thrif T Lodge,[WPA2_PSK],2025-12-2 0:55:30,1,-78,34.0555000,-117.1758728,386.40,1.50,WIFI
F6:9F:C2:D1:50:D6,,[WPA2_PSK],2025-12-2 0:55:30,1,-78,34.0555000,-117.1758728,386.40,1.50,WIFI
BE:D7:D4:D1:16:DB,,[WPA2_PSK],2025-12-2 0:55:30,1,-81,34.0555000,-117.1758728,386.40,1.50,WIFI
F0:9F:C2:D1:50:D6,Thrif T Lodge,[WPA2_PSK],2025-12-2 0:55:30,1,-84,34.0555000,-117.1758728,386.40,1.50,WIFI
A8:6B:AD:F5:AB:B2,WIFIF5ABAF,[WPA2_PSK],2025-12-2 0:55:30,1,-90,34.0555000,-117.1758728,386.40,1.50,WIFI
98:ED:7E:39:8D:44,,[WPA3_PSK],2025-12-2 0:55:36,6,-78,34.0554924,-117.1753082,387.40,1.50,WIFI
98:ED:7E:39:8D:47,Nalora,[WPA2_PSK],2025-12-2 0:55:36,6,-78,34.0554924,-117.1753082,387.40,1.50,WIFI
98:ED:7E:39:8D:50,Nalora Guest,[WPA2_PSK],2025-12-2 0:55:36,6,-78,34.0554924,-117.1753082,387.40,1.50,WIFI
98:ED:7E:39:8D:4A,,[OPEN],2025-12-2 0:55:36,6,-80,34.0554924,-117.1753082,387.40,1.50,WIFI
2C:EA:DC:04:FD:65,SpectrumSetup-67,[WPA2_PSK],2025-12-2 0:55:36,6,-85,34.0554924,-117.1753082,387.40,1.50,WIFI
84:1E:A3:24:0A:DE,Pretty Fly For A WiFi,[WPA2_PSK],2025-12-2 0:55:36,6,-88,34.0554924,-117.1753082,387.40,1.50,WIFI
06:31:92:41:7E:62,,[WPA2_PSK],2025-12-2 0:55:38,8,-88,34.0554924,-117.1751099,387.70,1.50,WIFI
00:31:92:41:7E:62,go suck an egg,[WPA2_PSK],2025-12-2 0:55:38,8,-88,34.0554924,-117.1751099,387.70,1.50,WIFI
28:94:01:3F:DF:A2,NETGEAR14,[WPA2_PSK],2025-12-2 0:55:39,9,-69,34.0554924,-117.1750107,387.80,1.50,WIFI
3C:F0:83:CD:7C:38,Geeezus,[WPA2_WPA3_PSK],2025-12-2 0:55:40,10,-93,34.0554962,-117.1749115,387.90,1.50,WIFI
50:95:51:B5:E8:84,MySpectrumWiFi83-2G,[WPA2_PSK],2025-12-2 0:55:41,11,-74,34.0554962,-117.1748352,388.00,1.50,WIFI
B0:B3:53:71:91:3D,,[WPA2_PSK],2025-12-2 0:55:43,13,-75,34.0555000,-117.1746979,388.20,1.50,WIFI
24:F3:E3:CE:2F:43,,[WPA3_PSK],2025-12-2 0:55:44,1,-85,34.0555000,-117.1746597,388.20,1.50,WIFI
BC:96:E5:08:20:61,TMOBILE-205F,[WPA2_WPA3_PSK],2025-12-2 0:55:47,2,-71,34.0555000,-117.1746140,388.30,1.50,WIFI
02:92:BF:57:CD:AB,camera,[WPA2_PSK],2025-12-2 0:55:51,6,-76,34.0555000,-117.1746140,388.30,1.50,WIFI
F4:92:BF:57:CD:AB,Discount Auto,[WPA2_PSK],2025-12-2 0:55:51,6,-77,34.0555000,-117.1746140,388.30,1.50,WIFI
06:92:BF:57:CD:AB,,[WPA2_PSK],2025-12-2 0:55:51,6,-77,34.0555000,-117.1746140,388.30,1.50,WIFI
FA:92:BF:57:CD:AB,DATS-IoT,[WPA2_PSK],2025-12-2 0:55:51,6,-78,34.0555000,-117.1746140,388.30,1.50,WIFI
F2:A6:54:D5:EF:8E,DIRECT-gSMFC-L3710CW_BRef8e,[WPA2_PSK],2025-12-2 0:55:51,6,-81,34.0555000,-117.1746140,388.30,1.50,WIFI
FE:92:BF:57:CD:AB,Discount Auto Guest,[OPEN],2025-12-2 0:55:51,6,-82,34.0555000,-117.1746140,388.30,1.50,WIFI
60:F4:19:DD:92:89,,[OPEN],2025-12-2 0:55:51,6,-83,34.0555000,-117.1746140,388.30,1.50,WIFI
60:F4:19:DD:92:83,,[WPA3_PSK],2025-12-2 0:55:51,6,-85,34.0555000,-117.1746140,388.30,1.50,WIFI
60:F4:19:DD:92:86,StateStreet626,[WPA2_PSK],2025-12-2 0:55:51,6,-85,34.0555000,-117.1746140,388.30,1.50,WIFI
AC:B3:13:A7:9E:F0,gordenmunson,[WPA2_PSK],2025-12-2 0:55:54,9,-89,34.0555000,-117.1746140,388.20,1.75,WIFI
80:78:71:BA:56:EB,SpectrumSetup-ED,[WPA2_PSK],2025-12-2 0:55:56,11,-69,34.0554962,-117.1746140,388.20,1.50,WIFI
10:DA:43:45:03:39,ngHub_31947BNH0007D,[WPA2_PSK],2025-12-2 0:55:56,11,-74,34.0554962,-117.1746140,388.20,1.50,WIFI
96:18:88:BE:79:20,,[WPA2],2025-12-2 0:55:56,11,-83,34.0554962,-117.1746140,388.20,1.50,WIFI
DE:CB:BC:B7:8A:0C,,[WPA2],2025-12-2 0:55:56,11,-90,34.0554962,-117.1746140,388.20,1.50,WIFI
F4:05:95:9F:18:5A,SpectrumSetup-54,[WPA2_PSK],2025-12-2 0:55:56,11,-90,34.0554962,-117.1746140,388.20,1.50,WIFI
5E:EA:1F:65:26:CC,,[OPEN],2025-12-2 0:55:56,11,-92,34.0554962,-117.1746140,388.20,1.50,WIFI
2C:FB:0F:08:07:B6,ATTEcfAY96,[WPA2_PSK],2025-12-2 0:55:59,1,-89,34.0554962,-117.1746140,388.30,1.50,WIFI
8E:18:88:BE:79:23,,[WPA2_PSK],2025-12-2 0:56:5,6,-81,34.0554962,-117.1746140,388.40,1.50,WIFI
82:18:88:BE:79:23,,[WPA2],2025-12-2 0:56:5,6,-83,34.0554962,-117.1746140,388.40,1.50,WIFI
08:97:58:00:58:3A,JLAN_18648,[WPA2_PSK],2025-12-2 0:56:5,6,-87,34.0554962,-117.1746140,388.40,1.50,WIFI
9E:18:88:BE:79:20,,[WPA_WPA2_PSK],2025-12-2 0:56:10,11,-80,34.0554962,-117.1745453,388.60,1.50,WIFI
8E:18:88:BE:79:20,,[WPA2_PSK],2025-12-2 0:56:10,11,-81,34.0554962,-117.1745453,388.60,1.50,WIFI
82:18:88:BE:79:20,,[WPA2],2025-12-2 0:56:10,11,-81,34.0554962,-117.1745453,388.60,1.50,WIFI
24:F3:E3:CE:2F:46,nbtriton,[WPA2_PSK],2025-12-2 0:56:13,1,-78,34.0554962,-117.1744156,388.90,1.50,WIFI
A6:46:9D:26:66:52,,[WPA2],2025-12-2 0:56:13,1,-83,34.0554962,-117.1744156,388.90,1.50,WIFI
62:E9:AA:2F:72:0C,DIRECT-0c-HP M209 LaserJet,[WPA2_PSK],2025-12-2 0:56:19,6,-70,34.0554962,-117.1738968,389.50,1.50,WIFI
62:E9:AA:30:8E:46,DIRECT-46-HP M209 LaserJet,[WPA2_PSK],2025-12-2 0:56:19,6,-78,34.0554962,-117.1738968,389.50,1.50,WIFI
28:38:5C:1A:61:F1,HotspotWXg4,[WPA_WPA2_PSK],2025-12-2 0:56:19,6,-79,34.0554962,-117.1738968,389.50,1.50,WIFI
62:E9:AA:30:8E:48,DIRECT-48-HP M209 LaserJet,[WPA2_PSK],2025-12-2 0:56:19,6,-80,34.0554962,-117.1738968,389.50,1.50,WIFI
4C:19:5D:77:A4:AD,SpectrumSetup-A7,[WPA2_PSK],2025-12-2 0:56:19,6,-81,34.0554962,-117.1738968,389.50,1.50,WIFI
A4:97:33:38:DD:27,SpectrumSetup-29,[WPA2_PSK],2025-12-2 0:56:19,6,-83,34.0554962,-117.1738968,389.50,1.50,WIFI
62:E9:AA:6B:21:34,DIRECT-34-HP M209 LaserJet,[WPA2_PSK],2025-12-2 0:56:19,6,-88,34.0554962,-117.1738968,389.50,1.50,WIFI
D6:47:CC:D8:D1:58,zuzu,[WPA2_PSK],2025-12-2 0:56:19,6,-90,34.0554962,-117.1738968,389.50,1.50,WIFI
AC:8B:A9:DA:99:51,,[WPA2_WPA3_PSK],2025-12-2 0:56:24,11,-71,34.0554962,-117.1732788,390.60,1.50,WIFI
B6:8B:A9:DA:99:51,,[WPA2_PSK],2025-12-2 0:56:24,11,-72,34.0554962,-117.1732788,390.60,1.50,WIFI
BA:8B:A9:DA:99:51,,[WPA2_PSK],2025-12-2 0:56:24,11,-72,34.0554962,-117.1732788,390.60,1.50,WIFI
B2:8B:A9:DA:99:51,,[WPA2_PSK],2025-12-2 0:56:24,11,-73,34.0554962,-117.1732788,390.60,1.50,WIFI
04:F0:21:67:B9:E5,,[WPA2_PSK],2025-12-2 0:56:24,11,-84,34.0554962,-117.1732788,390.60,1.50,WIFI
90:D3:CF:66:F3:BB,Linksys101,[WPA2_PSK],2025-12-2 0:56:24,11,-85,34.0554962,-117.1732788,390.60,1.50,WIFI
AC:91:9B:BC:8A:AC,Verizon_9MLSSG,[WPA2_PSK],2025-12-2 0:56:27,1,-88,34.0555000,-117.1729126,391.30,1.50,WIFI
3E:8D:DB:6D:43:80,SBCSS_Redlands,[WPA2_PSK],2025-12-2 0:56:33,6,-77,34.0554962,-117.1721344,392.50,1.50,WIFI
62:E9:AA:6B:2F:28,DIRECT-28-HP M209 LaserJet,[WPA2_PSK],2025-12-2 0:56:33,6,-78,34.0554962,-117.1721344,392.50,1.50,WIFI
1A:8D:DB:6D:43:80,rusd_facl,[WPA2_PSK],2025-12-2 0:56:33,6,-80,34.0554962,-117.1721344,392.50,1.50,WIFI
62:E9:AA:2F:6B:80,DIRECT-80-HP M209 LaserJet,[WPA2_PSK],2025-12-2 0:56:33,6,-86,34.0554962,-117.1721344,392.50,1.50,WIFI
EE:5C:68:4F:C8:F2,DIRECT-f2-HP M281 LaserJet,[WPA2_PSK],2025-12-2 0:56:33,6,-87,34.0554962,-117.1721344,392.50,1.50,WIFI
62:E9:AA:2F:7E:BC,DIRECT-bc-HP M209 LaserJet,[WPA2_PSK],2025-12-2 0:56:33,6,-88,34.0554962,-117.1721344,392.50,1.50,WIFI
62:E9:AA:2F:7F:28,DIRECT-28-HP M209 LaserJet,[WPA2_PSK],2025-12-2 0:56:33,6,-89,34.0554962,-117.1721344,392.50,1.50,WIFI
00:54:AF:C7:55:82,Hotspot5582,[WPA_WPA2_PSK],2025-12-2 0:56:36,9,-90,34.0554962,-117.1717300,393.20,1.50,WIFI
F0:B6:61:EC:D6:64,,[WPA3_PSK],2025-12-2 0:56:38,11,-84,34.0554962,-117.1714554,393.50,1.50,WIFI
AC:84:C6:6F:CD:B6,,[WPA2_PSK],2025-12-2 0:56:45,4,-90,34.0555038,-117.1704636,394.40,1.50,WIFI
3A:C8:04:FF:0D:68,,[WPA2_PSK],2025-12-2 0:56:47,6,-78,34.0555038,-117.1701736,394.70,1.50,WIFI
62:E9:AA:2F:67:46,DIRECT-46-HP M209 LaserJet,[WPA2_PSK],2025-12-2 0:56:47,6,-80,34.0555038,-117.1701736,394.70,1.50,WIFI
26:33:8B:22:20:A5,iPhone (108),[WPA2_PSK],2025-12-2 0:56:47,6,-82,34.0555038,-117.1701736,394.70,1.50,WIFI
62:E9:AA:2F:67:58,DIRECT-58-HP M209 LaserJet,[WPA2_PSK],2025-12-2 0:56:47,6,-87,34.0555038,-117.1701736,394.70,1.50,WIFI
94:CD:FD:BB:53:03,,[WPA3_PSK],2025-12-2 0:56:52,11,-60,34.0555077,-117.1694794,395.30,1.50,WIFI
94:CD:FD:BB:53:06,natividad home,[WPA2_PSK],2025-12-2 0:56:52,11,-60,34.0555077,-117.1694794,395.30,1.50,WIFI
94:CD:FD:BB:53:09,,[OPEN],2025-12-2 0:56:52,11,-60,34.0555077,-117.1694794,395.30,1.50,WIFI
D4:05:DE:E8:82:07,Daytona & Hexie,[WPA2_PSK],2025-12-2 0:56:52,11,-72,34.0555077,-117.1694794,395.30,1.50,WIFI
D4:05:DE:E8:82:0A,,[OPEN],2025-12-2 0:56:52,11,-76,34.0555077,-117.1694794,395.30,1.50,WIFI
84:70:D7:02:BA:47,Daytona & Hexie,[WPA2_PSK],2025-12-2 0:56:52,11,-77,34.0555077,-117.1694794,395.30,1.50,WIFI
84:70:D7:02:BA:44,,[WPA3_PSK],2025-12-2 0:56:52,11,-77,34.0555077,-117.1694794,395.30,1.50,WIFI
84:70:D7:02:BA:4A,,[OPEN],2025-12-2 0:56:52,11,-77,34.0555077,-117.1694794,395.30,1.50,WIFI
D4:05:DE:E8:82:04,,[WPA3_PSK],2025-12-2 0:56:52,11,-77,34.0555077,-117.1694794,395.30,1.50,WIFI
74:93:DA:92:5B:8D,SpectrumSetup-8F,[WPA2_PSK],2025-12-2 0:56:52,11,-83,34.0555077,-117.1694794,395.30,1.50,WIFI
84:A0:6E:C3:8D:BE,MySpectrumWiFib8-2G,[WPA2_PSK],2025-12-2 0:56:52,11,-91,34.0555077,-117.1694794,395.30,1.50,WIFI
D0:16:7C:27:34:B4,The Montana's,[WPA2_PSK],2025-12-2 0:56:53,1,-74,34.0555115,-117.1693420,395.50,1.50,WIFI
D0:16:7C:27:34:B6,,[OPEN],2025-12-2 0:56:53,1,-75,34.0555115,-117.1693420,395.50,1.50,WIFI
94:CD:FD:B6:99:86,The Montana's,[WPA2_PSK],2025-12-2 0:56:53,1,-76,34.0555115,-117.1693420,395.50,1.50,WIFI
94:CD:FD:B6:99:83,,[WPA3_PSK],2025-12-2 0:56:53,1,-76,34.0555115,-117.1693420,395.50,1.50,WIFI
D0:16:7C:27:34:B2,,[WPA3_PSK],2025-12-2 0:56:53,1,-76,34.0555115,-117.1693420,395.50,1.50,WIFI
94:CD:FD:B6:99:89,,[OPEN],2025-12-2 0:56:53,1,-77,34.0555115,-117.1693420,395.50,1.50,WIFI
0C:82:47:43:96:60,,[WPA_WPA2_PSK],2025-12-2 0:56:53,1,-79,34.0555115,-117.1693420,395.50,1.50,WIFI
0C:82:47:43:CE:18,,[WPA_WPA2_PSK],2025-12-2 0:56:53,1,-80,34.0555115,-117.1693420,395.50,1.50,WIFI
14:2D:27:3C:51:D1,ACK4611,[WPA2_PSK],2025-12-2 0:56:53,1,-83,34.0555115,-117.1693420,395.50,1.50,WIFI
00:30:44:9D:60:B3,IBR600C-0b2,[WPA2_PSK],2025-12-2 0:56:53,1,-85,34.0555115,-117.1693420,395.50,1.50,WIFI
34:53:D2:F0:1F:35,SpectrumSetup-2F,[WPA2_PSK],2025-12-2 0:56:53,1,-88,34.0555115,-117.1693420,395.50,1.50,WIFI
2E:58:B9:27:01:22,DIRECT-22-HP ENVY 6000 series,[WPA2_PSK],2025-12-2 0:56:53,1,-88,34.0555115,-117.1693420,395.50,1.50,WIFI
A0:89:66:EA:77:CC,,[WPA_WPA2_PSK],2025-12-2 0:56:53,1,-89,34.0555115,-117.1693420,395.50,1.50,WIFI
78:29:ED:59:C9:C7,SpectrumSetup-C9,[WPA2_PSK],2025-12-2 0:56:53,1,-91,34.0555115,-117.1693420,395.50,1.50,WIFI
B6:84:C6:6F:CD:B6,deco unit,[WPA2_PSK],2025-12-2 0:57:0,4,-93,34.0555115,-117.1684418,397.10,1.50,WIFI
06:31:92:45:75:AA,,[WPA2_PSK],2025-12-2 0:57:0,4,-94,34.0555115,-117.1684418,397.10,1.50,WIFI
5C:62:8B:AB:C7:1E,Frontier2704_Deco,[WPA2_PSK],2025-12-2 0:57:2,6,-84,34.0555153,-117.1681976,397.50,1.50,WIFI
62:62:8B:AB:C7:1E,,[WPA2_PSK],2025-12-2 0:57:2,6,-88,34.0555153,-117.1681976,397.50,1.50,WIFI
38:94:ED:69:38:28,,[WPA2_PSK],2025-12-2 0:57:5,9,-74,34.0555191,-117.1678619,398.10,1.50,WIFI
3E:94:ED:69:38:28,ORBI36,[WPA2_PSK],2025-12-2 0:57:5,9,-75,34.0555191,-117.1678619,398.10,1.50,WIFI
42:94:ED:69:38:28,Frontier8208,[WPA2_PSK],2025-12-2 0:57:5,9,-78,34.0555191,-117.1678619,398.10,1.50,WIFI
3E:94:ED:68:83:A3,,[WPA2_PSK],2025-12-2 0:57:5,9,-89,34.0555191,-117.1678619,398.10,1.50,WIFI
A0:89:66:9D:A1:F8,,[WPA_WPA2_PSK],2025-12-2 0:57:10,1,-72,34.0555191,-117.1675415,398.80,1.50,WIFI
D8:CF:61:37:3E:27,SotoInternet,[WPA2_WPA3_PSK],2025-12-2 0:57:10,1,-80,34.0555191,-117.1675415,398.80,1.50,WIFI
F4:05:95:D6:35:C9,SpectrumSetup-C3,[WPA2_PSK],2025-12-2 0:57:10,1,-81,34.0555191,-117.1675415,398.80,1.50,WIFI
98:5D:46:24:6A:A9,PNet6598869,[WPA2_PSK],2025-12-2 0:57:10,1,-89,34.0555191,-117.1675415,398.80,1.50,WIFI
86:69:1A:6F:9C:D7,,[WPA2_PSK],2025-12-2 0:57:10,1,-90,34.0555191,-117.1675415,398.80,1.50,WIFI
80:69:1A:6F:9C:D7,RingBooster,[WPA2_PSK],2025-12-2 0:57:10,1,-91,34.0555191,-117.1675415,398.80,1.50,WIFI
A8:B0:88:5D:7F:66,,[WPA3_PSK],2025-12-2 0:57:16,6,-84,34.0555191,-117.1675415,398.80,1.50,WIFI
A0:55:1F:A2:AF:E9,SpectrumSetup-AFE3,[WPA2_PSK],2025-12-2 0:57:16,6,-90,34.0555191,-117.1675415,398.80,1.50,WIFI
38:94:ED:68:83:A3,ORBI36,[WPA2_PSK],2025-12-2 0:57:19,9,-81,34.0555191,-117.1675415,398.70,1.50,WIFI
42:94:ED:68:83:A3,Frontier8208,[WPA2_PSK],2025-12-2 0:57:19,9,-81,34.0555191,-117.1675415,398.70,1.50,WIFI
58:96:71:3B:27:29,511Guest,[WPA2_PSK],2025-12-2 0:57:21,11,-86,34.0555229,-117.1675415,398.60,1.50,WIFI
58:96:71:3B:27:28,Guerreros,[WPA2_PSK],2025-12-2 0:57:21,11,-86,34.0555229,-117.1675415,398.60,1.50,WIFI
94:98:8F:3F:C1:67,JJJWIFI,[WPA2_WPA3_PSK],2025-12-2 0:57:24,1,-87,34.0555229,-117.1675339,398.60,1.50,WIFI
00:31:92:45:98:0C,FOREVERMORE,[WPA2_PSK],2025-12-2 0:57:28,4,-92,34.0555229,-117.1675339,398.50,1.50,WIFI
4C:AB:F8:58:EE:81,Sanint,[WPA2_PSK],2025-12-2 0:57:30,6,-90,34.0555229,-117.1675339,398.50,1.50,WIFI
8C:86:DD:1B:6E:53,SpectrumSetup-C8_EXT,[WPA2_PSK],2025-12-2 0:57:35,11,-90,34.0555267,-117.1675339,398.60,1.50,WIFI
22:64:1F:0A:C0:77,Game Room TV,[OPEN],2025-12-2 0:57:38,1,-83,34.0555229,-117.1675262,398.60,1.50,WIFI
BC:A5:11:70:56:4F,NETGEAR47,[WPA2_PSK],2025-12-2 0:57:38,1,-88,34.0555229,-117.1675262,398.60,1.50,WIFI
12:1D:08:39:18:C9,Bootskie,[WPA2_WPA3_PSK],2025-12-2 0:57:44,6,-68,34.0555191,-117.1671448,399.60,1.50,WIFI
7C:F1:7E:CF:01:8A,,[WPA_WPA2_PSK],2025-12-2 0:57:46,8,-84,34.0555229,-117.1669464,400.00,1.50,WIFI
94:18:65:36:25:8E,Frontier2336,[WPA2_PSK],2025-12-2 0:57:49,11,-77,34.0555267,-117.1666107,400.80,1.50,WIFI
F6:A7:31:61:37:EE,,[WPA2_PSK],2025-12-2 0:57:54,2,-84,34.0555267,-117.1658630,402.00,1.50,WIFI
06:31:92:45:71:06,,[WPA2_PSK],2025-12-2 0:57:56,4,-73,34.0555382,-117.1655350,402.60,1.50,WIFI
00:31:92:45:71:06,FOREVERMORE,[WPA2_PSK],2025-12-2 0:57:56,4,-76,34.0555382,-117.1655350,402.60,1.50,WIFI
06:31:92:45:98:0C,,[WPA2_PSK],2025-12-2 0:57:56,4,-76,34.0555382,-117.1655350,402.60,1.50,WIFI
00:31:92:45:75:AA,FOREVERMORE,[WPA2_PSK],2025-12-2 0:57:56,4,-77,34.0555382,-117.1655350,402.60,1.50,WIFI
DC:08:DA:03:1B:5C,SpectrumSetup-1B5F,[WPA2_PSK],2025-12-2 0:57:58,6,-76,34.0555496,-117.1651993,403.60,1.50,WIFI
9C:0B:05:6A:D6:CA,,[OPEN],2025-12-2 0:57:58,6,-80,34.0555496,-117.1651993,403.60,1.50,WIFI
9C:0B:05:6A:D6:C7,eziv,[WPA2_PSK],2025-12-2 0:57:58,6,-80,34.0555496,-117.1651993,403.60,1.50,WIFI
74:37:5F:2E:D7:A3,SpectrumSetup-A1,[WPA2_PSK],2025-12-2 0:57:58,6,-81,34.0555496,-117.1651993,403.60,1.50,WIFI
A0:8A:06:BE:DD:0E,BreezyOnline,[WPA2_PSK],2025-12-2 0:57:58,6,-81,34.0555496,-117.1651993,403.60,1.50,WIFI
9C:0B:05:6A:D6:C4,,[WPA3_PSK],2025-12-2 0:57:58,6,-82,34.0555496,-117.1651993,403.60,1.50,WIFI
F8:5B:3B:CE:8A:7D,SpectrumSetup-7F,[WPA2_PSK],2025-12-2 0:57:58,6,-87,34.0555496,-117.1651993,403.60,1.50,WIFI
18:A9:ED:5A:16:86,Anunnaki MotherShip,[WPA2_PSK],2025-12-2 0:58:3,11,-66,34.0555611,-117.1643448,410.40,1.75,WIFI
18:A9:ED:5A:16:89,,[OPEN],2025-12-2 0:58:3,11,-69,34.0555611,-117.1643448,410.40,1.75,WIFI
18:A9:ED:5A:16:83,,[WPA3_PSK],2025-12-2 0:58:3,11,-73,34.0555611,-117.1643448,410.40,1.75,WIFI
40:47:5E:31:DF:03,,[WPA3_PSK],2025-12-2 0:58:3,11,-81,34.0555611,-117.1643448,410.40,1.75,WIFI
40:32:9D:0B:1A:A3,,[WPA2_PSK],2025-12-2 0:58:4,13,-91,34.0555611,-117.1641693,409.90,1.75,WIFI
74:37:5F:8E:96:AB,SpectrumSetup-A9,[WPA2_PSK],2025-12-2 0:58:6,1,-51,34.0555611,-117.1638184,410.20,1.50,WIFI
C8:C6:FE:17:D5:29,,[OPEN],2025-12-2 0:58:6,1,-66,34.0555611,-117.1638184,410.20,1.50,WIFI
C8:C6:FE:17:89:C6,Megiswife,[WPA2_PSK],2025-12-2 0:58:6,1,-67,34.0555611,-117.1638184,410.20,1.50,WIFI
C8:C6:FE:17:D5:23,,[WPA3_PSK],2025-12-2 0:58:6,1,-67,34.0555611,-117.1638184,410.20,1.50,WIFI
C8:C6:FE:17:89:C3,,[WPA3_PSK],2025-12-2 0:58:6,1,-68,34.0555611,-117.1638184,410.20,1.50,WIFI
C8:C6:FE:17:89:C9,,[OPEN],2025-12-2 0:58:6,1,-68,34.0555611,-117.1638184,410.20,1.50,WIFI
D4:3F:32:01:73:46,MySpectrumWiFi78-2G,[WPA2_PSK],2025-12-2 0:58:6,1,-70,34.0555611,-117.1638184,410.20,1.50,WIFI
C8:C6:FE:17:D5:26,Megiswife,[WPA2_PSK],2025-12-2 0:58:6,1,-70,34.0555611,-117.1638184,410.20,1.50,WIFI
6C:63:9C:6B:B3:9E,M&S_Device,[WPA2_PSK],2025-12-2 0:58:6,1,-70,34.0555611,-117.1638184,410.20,1.50,WIFI
A0:89:66:F9:11:F9,,[WPA_WPA2_PSK],2025-12-2 0:58:6,1,-71,34.0555611,-117.1638184,410.20,1.50,WIFI
D4:3F:32:01:73:43,,[WPA3_PSK],2025-12-2 0:58:6,1,-71,34.0555611,-117.1638184,410.20,1.50,WIFI
A4:11:62:88:EA:EE,ARLO_VMB_7351871590,[WPA2_PSK],2025-12-2 0:58:6,1,-75,34.0555611,-117.1638184,410.20,1.50,WIFI
9C:05:D6:54:52:AE,ZIMS Console ,[WPA2_PSK],2025-12-2 0:58:6,1,-79,34.0555611,-117.1638184,410.20,1.50,WIFI
9E:05:D6:14:52:AE,ZIMS Devices,[WPA2_PSK],2025-12-2 0:58:6,1,-79,34.0555611,-117.1638184,410.20,1.50,WIFI
FA:E2:C6:AA:A9:F5,ZIMS Devices,[WPA2_PSK],2025-12-2 0:58:6,1,-80,34.0555611,-117.1638184,410.20,1.50,WIFI
F4:E2:C6:AA:A9:F5,ZIMS Console ,[WPA2_PSK],2025-12-2 0:58:6,1,-83,34.0555611,-117.1638184,410.20,1.50,WIFI
A0:7F:8A:29:59:05,Cypress,[WPA2_PSK],2025-12-2 0:58:6,1,-83,34.0555611,-117.1638184,410.20,1.50,WIFI
74:37:5F:26:D2:AB,Ruth,[WPA2_PSK],2025-12-2 0:58:6,1,-87,34.0555611,-117.1638184,410.20,1.50,WIFI
D8:44:89:A0:6F:FA,,[WPA2_PSK],2025-12-2 0:58:11,4,-82,34.0555649,-117.1629562,411.70,1.50,WIFI
DA:24:89:A0:6F:36,HQMesh,[WPA2_PSK],2025-12-2 0:58:11,4,-83,34.0555649,-117.1629562,411.70,1.50,WIFI
C8:9E:43:B3:84:3A,you dont see me,[WPA2_PSK],2025-12-2 0:58:11,4,-85,34.0555649,-117.1629562,411.70,1.50,WIFI
CE:9E:43:B3:84:3A,,[WPA2_PSK],2025-12-2 0:58:11,4,-85,34.0555649,-117.1629562,411.70,1.50,WIFI
DA:24:89:A0:6F:FA,HQMesh,[WPA2_PSK],2025-12-2 0:58:11,4,-86,34.0555649,-117.1629562,411.70,1.50,WIFI
AC:DF:9F:3F:86:3C,TMOBILE-863A,[WPA2_WPA3_PSK],2025-12-2 0:58:12,5,-56,34.0555649,-117.1628036,412.00,1.50,WIFI
2C:67:BE:21:2D:33,SpectrumSetup-F0,[WPA2_PSK],2025-12-2 0:58:13,6,-61,34.0555649,-117.1626358,412.40,1.50,WIFI
14:7D:05:CF:07:7B,SpectrumSetup-6B,[WPA2_PSK],2025-12-2 0:58:13,6,-61,34.0555649,-117.1626358,412.40,1.50,WIFI
1E:24:72:D4:33:B6,SpectrumSetup-7FFC,[WPA2_PSK],2025-12-2 0:58:13,6,-65,34.0555649,-117.1626358,412.40,1.50,WIFI
2C:EA:DC:96:15:27,SpectrumSetup-29,[WPA2_PSK],2025-12-2 0:58:13,6,-72,34.0555649,-117.1626358,412.40,1.50,WIFI
90:D3:CF:E9:7F:F9,SpectrumSetup-7FFC,[WPA2_PSK],2025-12-2 0:58:13,6,-74,34.0555649,-117.1626358,412.40,1.50,WIFI
22:D3:CF:E9:7F:F9,,[WPA2_PSK],2025-12-2 0:58:13,6,-74,34.0555649,-117.1626358,412.40,1.50,WIFI
F4:52:46:BC:CA:2F,SpectrumSetup-EA1C,[WPA2_PSK],2025-12-2 0:58:13,6,-76,34.0555649,-117.1626358,412.40,1.50,WIFI
B6:19:21:5E:33:F2,This Network Identifies as Fast,[WPA_WPA2_PSK],2025-12-2 0:58:14,7,-52,34.0555649,-117.1624756,412.70,1.50,WIFI
B0:19:21:5E:33:F2,,[WPA2_PSK],2025-12-2 0:58:14,7,-52,34.0555649,-117.1624756,412.70,1.50,WIFI
AC:DF:9F:B0:07:38,TMOBILE-0736,[WPA2_WPA3_PSK],2025-12-2 0:58:15,8,-76,34.0555611,-117.1623154,413.20,1.50,WIFI
58:96:71:22:D7:AE,Verizon_9S7N7N,[WPA2_PSK],2025-12-2 0:58:18,11,-75,34.0555458,-117.1618576,414.40,1.50,WIFI
A8:A2:37:50:93:0B,Verizon_3XZ4QJ,[WPA2_PSK],2025-12-2 0:58:22,1,-61,34.0555382,-117.1613388,415.00,1.50,WIFI
10:2C:B1:90:D9:9E,,[WPA_WPA2_PSK],2025-12-2 0:58:22,1,-65,34.0555382,-117.1613388,415.00,1.50,WIFI
14:7D:05:50:7F:4F,Spectrum Wifi 12345,[WPA2_PSK],2025-12-2 0:58:22,1,-76,34.0555382,-117.1613388,415.00,1.50,WIFI
2C:67:BE:36:55:73,SpectrumSetup-556F,[WPA2_PSK],2025-12-2 0:58:22,1,-78,34.0555382,-117.1613388,415.00,1.50,WIFI
14:22:3B:22:1F:CA,Greene128087,[WPA2_PSK],2025-12-2 0:58:22,1,-85,34.0555382,-117.1613388,415.00,1.50,WIFI
E4:C0:E2:71:50:CE,SpectrumSetup-C8,[WPA2_PSK],2025-12-2 0:58:22,1,-86,34.0555382,-117.1613388,415.00,1.50,WIFI
D8:47:32:FC:81:EA,Da Bearss,[WPA_WPA2_PSK],2025-12-2 0:58:23,2,-65,34.0555382,-117.1612244,416.00,1.50,WIFI
DE:47:32:FC:81:EA,,[WPA2_PSK],2025-12-2 0:58:23,2,-65,34.0555382,-117.1612244,416.00,1.50,WIFI
5C:B9:01:6F:83:54,HP-Print-54-Officejet 4630,[WPA2_PSK],2025-12-2 0:58:23,2,-78,34.0555382,-117.1612244,416.00,1.50,WIFI
20:F4:1B:BC:4A:D4,,[WPA2_PSK],2025-12-2 0:58:23,2,-84,34.0555382,-117.1612244,416.00,1.50,WIFI
0E:61:B4:7E:47:CD,,[WPA2_PSK],2025-12-2 0:58:25,4,-76,34.0555458,-117.1610336,416.70,1.50,WIFI
0E:61:B4:7E:47:CE,Bluetooth,[WPA2_PSK],2025-12-2 0:58:25,4,-76,34.0555458,-117.1610336,416.70,1.50,WIFI
F4:52:46:DA:A8:D3,SpectrumSetup-A8D6,[WPA2_PSK],2025-12-2 0:58:27,6,-63,34.0555382,-117.1609039,417.10,1.50,WIFI
80:EA:96:EA:2F:D8,James's Wi-Fi Network,[WPA2_PSK],2025-12-2 0:58:27,6,-67,34.0555382,-117.1609039,417.10,1.50,WIFI
34:5D:9E:C3:BE:76,PNC2G,[WPA2_PSK],2025-12-2 0:58:27,6,-74,34.0555382,-117.1609039,417.10,1.50,WIFI
A0:8C:FD:5D:E1:86,DIRECT-B8-HP OfficeJet Pro 8710,[WPA2_PSK],2025-12-2 0:58:27,6,-75,34.0555382,-117.1609039,417.10,1.50,WIFI
74:93:DA:F8:7B:F1,Kanela-23,[WPA2_PSK],2025-12-2 0:58:27,6,-78,34.0555382,-117.1609039,417.10,1.50,WIFI
B0:19:21:5E:34:C4,,[WPA2_PSK],2025-12-2 0:58:28,7,-83,34.0555382,-117.1608658,417.30,1.50,WIFI
88:DE:7C:C7:6B:35,theloudhouse,[WPA2_PSK],2025-12-2 0:58:32,11,-66,34.0555382,-117.1607590,417.10,1.50,WIFI
20:3A:0C:51:79:C3,,[WPA3_PSK],2025-12-2 0:58:32,11,-80,34.0555382,-117.1607590,417.10,1.50,WIFI
7C:DB:98:77:B4:E8,MySpectrumWiFiEA-2G,[WPA2_PSK],2025-12-2 0:58:34,1,-79,34.0555382,-117.1606979,417.20,1.50,WIFI
88:DE:7C:B4:62:78,APOSITIVELIGHT,[WPA2_PSK],2025-12-2 0:58:34,1,-81,34.0555382,-117.1606979,417.20,1.50,WIFI
C4:BE:84:E1:7D:88,SMA1990022514 ,[WPA2_PSK],2025-12-2 0:58:34,1,-86,34.0555382,-117.1606979,417.20,1.50,WIFI
1A:91:82:9F:10:65,,[WPA2_PSK],2025-12-2 0:58:37,2,-84,34.0555382,-117.1606369,417.30,1.50,WIFI
18:A5:4B:18:B6:FA,tmobiletv,[WPA_WPA2_PSK],2025-12-2 0:58:41,6,-69,34.0555382,-117.1603928,417.70,1.75,WIFI
18:A5:FF:17:B6:FA,TMOBILE-B6F8,[WPA2_WPA3_PSK],2025-12-2 0:58:41,6,-70,34.0555382,-117.1603928,417.70,1.75,WIFI
90:D3:CF:BD:2B:49,TMCWifiAintFree,[WPA2_PSK],2025-12-2 0:58:41,6,-76,34.0555382,-117.1603928,417.70,1.75,WIFI
72:F1:7E:42:59:48,GHome,[WPA2_PSK],2025-12-2 0:58:42,7,-84,34.0555382,-117.1602859,417.90,1.75,WIFI
B6:19:21:5E:34:C4,This Network Identifies as Fast,[WPA_WPA2_PSK],2025-12-2 0:58:42,7,-85,34.0555382,-117.1602859,417.90,1.75,WIFI
72:F1:7E:42:59:49,,[WPA2_PSK],2025-12-2 0:58:42,7,-86,34.0555382,-117.1602859,417.90,1.75,WIFI
62:83:E7:90:66:59,ARK Young Hall 2.4g,[WPA_WPA2_PSK],2025-12-2 0:58:44,9,-57,34.0555382,-117.1600571,418.50,1.50,WIFI
62:83:E7:A0:66:59,,[WPA2_PSK],2025-12-2 0:58:44,9,-58,34.0555382,-117.1600571,418.50,1.50,WIFI
60:83:E7:E0:66:59,ARK Young Hall,[WPA2_PSK],2025-12-2 0:58:44,9,-60,34.0555382,-117.1600571,418.50,1.50,WIFI
28:56:5A:CC:91:31,Puma,[WPA2_PSK],2025-12-2 0:58:46,11,-76,34.0555382,-117.1597900,419.10,1.50,WIFI
22:EF:BD:3A:A3:AC,,[WPA2_PSK],2025-12-2 0:58:46,11,-86,34.0555382,-117.1597900,419.10,1.50,WIFI
C0:6F:98:DB:B4:89,,[OPEN],2025-12-2 0:58:48,1,-69,34.0555458,-117.1595230,419.80,1.50,WIFI
24:F3:E3:50:5A:46,Frontier5968,[WPA2_WPA3_PSK],2025-12-2 0:58:48,1,-71,34.0555458,-117.1595230,419.80,1.50,WIFI
24:F3:E3:50:5A:4F,Frontier5968 Guest,[WPA2_WPA3_PSK],2025-12-2 0:58:48,1,-72,34.0555458,-117.1595230,419.80,1.50,WIFI
24:F3:E3:50:5A:43,,[WPA3_PSK],2025-12-2 0:58:48,1,-72,34.0555458,-117.1595230,419.80,1.50,WIFI
24:F3:E3:61:BC:46,Frontier5968,[WPA2_WPA3_PSK],2025-12-2 0:58:48,1,-73,34.0555458,-117.1595230,419.80,1.50,WIFI
24:F3:E3:61:BC:4F,Frontier5968 Guest,[WPA2_WPA3_PSK],2025-12-2 0:58:48,1,-75,34.0555458,-117.1595230,419.80,1.50,WIFI
24:F3:E3:60:26:83,,[WPA3_PSK],2025-12-2 0:58:48,1,-75,34.0555458,-117.1595230,419.80,1.50,WIFI
24:F3:E3:60:26:89,,[OPEN],2025-12-2 0:58:48,1,-76,34.0555458,-117.1595230,419.80,1.50,WIFI
24:F3:E3:60:26:86,Frontier5968,[WPA2_WPA3_PSK],2025-12-2 0:58:48,1,-76,34.0555458,-117.1595230,419.80,1.50,WIFI
24:F3:E3:60:26:8F,Frontier5968 Guest,[WPA2_WPA3_PSK],2025-12-2 0:58:48,1,-79,34.0555458,-117.1595230,419.80,1.50,WIFI
76:FE:CE:27:75:08,,[WPA2_PSK],2025-12-2 0:58:52,3,-86,34.0555496,-117.1589584,420.70,1.50,WIFI
76:FE:CE:17:75:08,Office Guest,[WPA2_PSK],2025-12-2 0:58:52,3,-88,34.0555496,-117.1589584,420.70,1.50,WIFI
A0:04:60:CA:F3:82,NTGR_VMB_1462060945,[WPA2_PSK],2025-12-2 0:58:54,5,-83,34.0555496,-117.1586685,421.60,1.50,WIFI
8E:86:DD:9A:29:73,,[WPA2_PSK],2025-12-2 0:58:55,6,-66,34.0555534,-117.1585236,422.00,1.50,WIFI
20:9A:7D:F2:4F:2E,SpectrumSetup-28,[WPA2_PSK],2025-12-2 0:58:55,6,-68,34.0555534,-117.1585236,422.00,1.50,WIFI
74:93:DA:BA:36:95,SpectrumSetup-97,[WPA2_PSK],2025-12-2 0:58:55,6,-73,34.0555534,-117.1585236,422.00,1.50,WIFI
60:F4:19:34:53:09,,[OPEN],2025-12-2 0:58:55,6,-74,34.0555534,-117.1585236,422.00,1.50,WIFI
60:F4:19:34:53:06,EEEBRO,[WPA2_PSK],2025-12-2 0:58:55,6,-74,34.0555534,-117.1585236,422.00,1.50,WIFI
60:F4:19:34:53:03,,[WPA3_PSK],2025-12-2 0:58:55,6,-75,34.0555534,-117.1585236,422.00,1.50,WIFI
FC:12:63:F2:8B:B6,Verizon_G63QKQ,[WPA2_PSK],2025-12-2 0:58:55,6,-77,34.0555534,-117.1585236,422.00,1.50,WIFI
B0:7F:B9:54:03:4B,RANDOM_SQUIRREL,[WPA2_PSK],2025-12-2 0:58:55,6,-82,34.0555534,-117.1585236,422.00,1.50,WIFI
60:B7:6E:1C:0C:15,Wild Bird 🦉,[WPA2_PSK],2025-12-2 0:58:55,6,-86,34.0555534,-117.1585236,422.00,1.50,WIFI
2C:30:33:D1:20:14,NETGEAR41,[WPA2_PSK],2025-12-2 0:58:57,8,-78,34.0555534,-117.1582260,422.20,1.50,WIFI
00:5F:67:EB:B3:94,10Forward,[WPA2_PSK],2025-12-2 0:58:58,9,-61,34.0555534,-117.1580811,422.70,1.50,WIFI
C0:C9:E3:50:2B:34,Happy Hippies,[WPA2_PSK],2025-12-2 0:58:59,10,-78,34.0555534,-117.1579361,423.00,1.50,WIFI
D4:3F:32:BC:F7:29,,[OPEN],2025-12-2 0:59:0,11,-64,34.0555573,-117.1578064,423.30,1.50,WIFI
D4:3F:32:BC:F7:26,Brats live here,[WPA2_PSK],2025-12-2 0:59:0,11,-64,34.0555573,-117.1578064,423.30,1.50,WIFI
D4:3F:32:BC:F7:2F,BratsliveGuest,[WPA2_PSK],2025-12-2 0:59:0,11,-65,34.0555573,-117.1578064,423.30,1.50,WIFI
30:57:8E:E8:2C:D5,,[OPEN],2025-12-2 0:59:0,11,-68,34.0555573,-117.1578064,423.30,1.50,WIFI
30:57:8E:E8:2C:D1,,[WPA3_PSK],2025-12-2 0:59:0,11,-68,34.0555573,-117.1578064,423.30,1.50,WIFI
D4:05:DE:9B:BC:8A,,[OPEN],2025-12-2 0:59:0,11,-75,34.0555573,-117.1578064,423.30,1.50,WIFI
D4:05:DE:9B:BC:84,,[WPA3_PSK],2025-12-2 0:59:0,11,-76,34.0555573,-117.1578064,423.30,1.50,WIFI
D4:05:DE:9B:BC:90,family6-5g Guest,[WPA2_PSK],2025-12-2 0:59:0,11,-76,34.0555573,-117.1578064,423.30,1.50,WIFI
D4:3F:32:BC:CB:89,,[OPEN],2025-12-2 0:59:0,11,-76,34.0555573,-117.1578064,423.30,1.50,WIFI
D4:05:DE:9B:BC:87,family6-5g,[WPA2_PSK],2025-12-2 0:59:0,11,-77,34.0555573,-117.1578064,423.30,1.50,WIFI
D4:3F:32:BC:CB:83,,[WPA3_PSK],2025-12-2 0:59:0,11,-77,34.0555573,-117.1578064,423.30,1.50,WIFI
D4:3F:32:BC:CB:86,Brats live here,[WPA2_PSK],2025-12-2 0:59:0,11,-77,34.0555573,-117.1578064,423.30,1.50,WIFI
D4:3F:32:BC:CB:8F,BratsliveGuest,[WPA2_PSK],2025-12-2 0:59:0,11,-77,34.0555573,-117.1578064,423.30,1.50,WIFI
98:ED:7E:18:5D:07,Wu Tang WAN,[WPA2_WPA3_PSK],2025-12-2 0:59:0,11,-80,34.0555573,-117.1578064,423.30,1.50,WIFI
D4:3F:32:BC:CF:8F,BratsliveGuest,[WPA2_PSK],2025-12-2 0:59:0,11,-81,34.0555573,-117.1578064,423.30,1.50,WIFI
D4:3F:32:BC:CF:83,,[WPA3_PSK],2025-12-2 0:59:0,11,-81,34.0555573,-117.1578064,423.30,1.50,WIFI
D4:3F:32:BC:CF:89,,[OPEN],2025-12-2 0:59:0,11,-82,34.0555573,-117.1578064,423.30,1.50,WIFI
98:ED:7E:18:5D:04,,[WPA3_PSK],2025-12-2 0:59:0,11,-82,34.0555573,-117.1578064,423.30,1.50,WIFI
D4:3F:32:BC:CF:86,Brats live here,[WPA2_PSK],2025-12-2 0:59:0,11,-83,34.0555573,-117.1578064,423.30,1.50,WIFI
D8:5D:E2:79:92:0F,WIFI79920B,[WPA_WPA2_PSK],2025-12-2 0:59:0,11,-83,34.0555573,-117.1578064,423.30,1.50,WIFI
98:ED:7E:18:5D:0A,,[OPEN],2025-12-2 0:59:0,11,-83,34.0555573,-117.1578064,423.30,1.50,WIFI
A4:97:33:64:CE:89,SpectrumSetup-8B,[WPA2_PSK],2025-12-2 0:59:5,1,-65,34.0555611,-117.1572495,424.30,1.50,WIFI
54:F0:B1:27:79:80,NON-RIS-PWL,[WPA_WPA2_PSK],2025-12-2 0:59:5,1,-70,34.0555611,-117.1572495,424.30,1.50,WIFI
F8:AA:3F:F0:48:B3,SpectrumSetup-B1,[WPA2_PSK],2025-12-2 0:59:5,1,-76,34.0555611,-117.1572495,424.30,1.50,WIFI
34:68:95:62:3A:2C,HP-Print-2C-Color LaserJet Pro,[OPEN],2025-12-2 0:59:5,1,-76,34.0555611,-117.1572495,424.30,1.50,WIFI
A0:55:1F:21:5C:77,SpectrumSetup-5C71,[WPA2_PSK],2025-12-2 0:59:5,1,-76,34.0555611,-117.1572495,424.30,1.50,WIFI
54:F0:B1:27:79:83,,[WPA2],2025-12-2 0:59:5,1,-77,34.0555611,-117.1572495,424.30,1.50,WIFI
34:53:D2:40:EE:26,SpectrumSetup-20,[WPA2_PSK],2025-12-2 0:59:5,1,-79,34.0555611,-117.1572495,424.30,1.50,WIFI
F8:5B:3B:5A:D6:E1,SpectrumSetup-E3,[WPA2_PSK],2025-12-2 0:59:5,1,-82,34.0555611,-117.1572495,424.30,1.50,WIFI
5C:18:DD:F0:AD:93,,[WPA_WPA2_PSK],2025-12-2 0:59:5,1,-86,34.0555611,-117.1572495,424.30,1.50,WIFI
90:9A:4A:30:9E:5C,TheShire,[WPA2_PSK],2025-12-2 0:59:5,2,-85,34.0555611,-117.1572495,424.30,1.50,WIFI
00:54:AF:16:C9:6B,HotspotC96B,[WPA_WPA2_PSK],2025-12-2 0:59:8,3,-84,34.0555611,-117.1570435,424.70,1.50,WIFI
78:8C:B5:9F:85:59,TP-Link_8559,[WPA2_PSK],2025-12-2 0:59:8,3,-85,34.0555611,-117.1570435,424.70,1.50,WIFI
3A:6A:D2:42:22:40,1285GS,[WPA2_PSK],2025-12-2 0:59:8,3,-85,34.0555611,-117.1570435,424.70,1.50,WIFI
3C:6A:D2:42:22:46,,[WPA2_PSK],2025-12-2 0:59:8,3,-87,34.0555611,-117.1570435,424.70,1.50,WIFI
94:A6:7E:2F:40:18,1285GS,[WPA2_PSK],2025-12-2 0:59:8,3,-88,34.0555611,-117.1570435,424.70,1.50,WIFI
FC:B2:D6:1A:76:B6,,[WPA_WPA2_PSK],2025-12-2 0:59:9,4,-86,34.0555611,-117.1569901,424.80,1.50,WIFI
E4:19:7F:E4:92:4F,7eleven  Guest,[OPEN],2025-12-2 0:59:11,6,-73,34.0555611,-117.1568604,425.00,1.50,WIFI
E4:19:7F:E4:92:43,,[WPA3_PSK],2025-12-2 0:59:11,6,-77,34.0555611,-117.1568604,425.00,1.50,WIFI
94:A6:7E:F7:14:BC,,[WPA2_PSK],2025-12-2 0:59:11,6,-78,34.0555611,-117.1568604,425.00,1.50,WIFI
E4:19:7F:E4:92:49,,[OPEN],2025-12-2 0:59:11,6,-78,34.0555611,-117.1568604,425.00,1.50,WIFI
94:A6:7E:F7:14:D4,,[WPA2_PSK],2025-12-2 0:59:11,6,-80,34.0555611,-117.1568604,425.00,1.50,WIFI
5A:E4:03:FD:CE:57,Audi_MMI_6794,[WPA2_PSK],2025-12-2 0:59:11,6,-81,34.0555611,-117.1568604,425.00,1.50,WIFI
4C:AB:F8:49:C0:BD,SpectrumSetup-BF,[WPA2_PSK],2025-12-2 0:59:11,6,-85,34.0555611,-117.1568604,425.00,1.50,WIFI
D6:6A:6A:A3:F8:6A,DIRECT-6a-HP M102 LaserJet,[WPA2_PSK],2025-12-2 0:59:11,6,-86,34.0555611,-117.1568604,425.00,1.50,WIFI
CA:53:22:9D:04:68,99gecs_5G,[WPA2_PSK],2025-12-2 0:59:15,10,-84,34.0555611,-117.1564789,425.70,1.50,WIFI
64:DA:ED:00:3E:43,,[WPA3_PSK],2025-12-2 0:59:16,11,-79,34.0555611,-117.1563568,426.10,1.50,WIFI
C0:89:AB:5B:E6:28,Frontier9168,[WPA2_PSK],2025-12-2 0:59:16,11,-82,34.0555611,-117.1563568,426.10,1.50,WIFI
74:37:5F:26:A3:47,SpectrumSetup-45,[WPA2_PSK],2025-12-2 0:59:16,11,-84,34.0555611,-117.1563568,426.10,1.50,WIFI
D0:DB:B7:08:AD:BA,AWI-788355,[WPA2_PSK],2025-12-2 0:59:16,11,-86,34.0555611,-117.1563568,426.10,1.50,WIFI
94:F7:17:84:4D:48,,[WPA_WPA2_PSK],2025-12-2 0:59:19,1,-67,34.0555611,-117.1559525,427.20,1.50,WIFI
C4:A8:16:D8:4B:46,wewereonabreak,[WPA2_PSK],2025-12-2 0:59:19,1,-68,34.0555611,-117.1559525,427.20,1.50,WIFI
34:98:B5:A0:BC:6D,,[WPA2_PSK],2025-12-2 0:59:22,3,-85,34.0555611,-117.1554871,428.40,1.50,WIFI
84:A0:6E:D4:51:7E,MySpectrumWiFi78-2G,[WPA2_PSK],2025-12-2 0:59:25,6,-67,34.0555611,-117.1550293,429.40,1.50,WIFI
48:5D:36:4E:9A:10,FiOS-C2FEL,[WPA2_PSK],2025-12-2 0:59:25,6,-70,34.0555611,-117.1550293,429.40,1.50,WIFI
9C:0B:05:AE:D1:2A,,[OPEN],2025-12-2 0:59:25,6,-72,34.0555611,-117.1550293,429.40,1.50,WIFI
9C:0B:05:AE:D1:24,,[WPA3_PSK],2025-12-2 0:59:25,6,-73,34.0555611,-117.1550293,429.40,1.50,WIFI
9C:0B:05:AE:D1:27,Lemus,[WPA2_PSK],2025-12-2 0:59:25,6,-73,34.0555611,-117.1550293,429.40,1.50,WIFI
F0:B6:61:E6:7E:E4,,[WPA3_PSK],2025-12-2 0:59:25,6,-78,34.0555611,-117.1550293,429.40,1.50,WIFI
96:3B:AD:C0:26:F5,,[WPA2_PSK],2025-12-2 0:59:27,8,-69,34.0555611,-117.1547394,430.20,1.50,WIFI
96:3B:AD:BE:E6:30,,[WPA2_PSK],2025-12-2 0:59:27,8,-71,34.0555611,-117.1547394,430.20,1.50,WIFI
92:3B:AD:BE:E6:30,ORBI32,[WPA2_PSK],2025-12-2 0:59:27,8,-74,34.0555611,-117.1547394,430.20,1.50,WIFI
92:3B:AD:C0:26:F5,ORBI32,[WPA2_PSK],2025-12-2 0:59:27,8,-80,34.0555611,-117.1547394,430.20,1.50,WIFI
84:70:D7:9A:B3:A7,Eero7784,[WPA2_PSK],2025-12-2 0:59:30,11,-76,34.0555611,-117.1542816,431.30,1.50,WIFI
84:70:D7:9A:B3:A4,,[WPA3_PSK],2025-12-2 0:59:30,11,-77,34.0555611,-117.1542816,431.30,1.50,WIFI
84:70:D7:9A:B3:AA,,[OPEN],2025-12-2 0:59:30,11,-77,34.0555611,-117.1542816,431.30,1.50,WIFI
A0:8A:06:44:AB:C0,Mlmhome,[WPA2_PSK],2025-12-2 0:59:30,11,-80,34.0555611,-117.1542816,431.30,1.50,WIFI
D4:A9:28:14:39:D6,FiOS-ABXU1,[WPA2_PSK],2025-12-2 0:59:30,11,-85,34.0555611,-117.1542816,431.30,1.50,WIFI
FC:9C:98:1E:3B:A6,ARLO_VMB_9378471094,[WPA2_PSK],2025-12-2 0:59:33,1,-79,34.0555611,-117.1538391,432.30,1.50,WIFI
7C:5E:98:45:83:63,,[WPA3_PSK],2025-12-2 0:59:39,6,-69,34.0555649,-117.1529846,434.70,1.75,WIFI
7C:5E:98:45:83:65,FBI Redlands Office,[WPA2_PSK],2025-12-2 0:59:39,6,-70,34.0555649,-117.1529846,434.70,1.75,WIFI
2C:67:BE:1E:CE:26,SpectrumSetup-CE22,[WPA2_PSK],2025-12-2 0:59:39,6,-78,34.0555649,-117.1529846,434.70,1.75,WIFI
74:93:DA:3F:59:A9,Noturwifi,[WPA2_PSK],2025-12-2 0:59:39,6,-79,34.0555649,-117.1529846,434.70,1.75,WIFI
A0:63:91:D8:15:EA,NETGEAR98,[WPA2_PSK],2025-12-2 0:59:39,6,-81,34.0555649,-117.1529846,434.70,1.75,WIFI
24:F5:A2:B6:0D:D9,4Ew5,[WPA2_PSK],2025-12-2 0:59:41,8,-72,34.0555649,-117.1527557,435.40,1.75,WIFI
2A:F5:A2:B6:0D:D9,,[WPA2_PSK],2025-12-2 0:59:41,8,-77,34.0555649,-117.1527557,435.40,1.75,WIFI
B6:19:21:07:AB:D8,,[WPA2_PSK],2025-12-2 0:59:43,10,-84,34.0555687,-117.1525574,436.00,1.50,WIFI
B0:19:21:07:AB:D8,Castle1,[WPA2_PSK],2025-12-2 0:59:43,10,-87,34.0555687,-117.1525574,436.00,1.50,WIFI
D4:05:DE:8B:9D:2A,,[OPEN],2025-12-2 0:59:44,11,-80,34.0555687,-117.1524963,436.10,1.50,WIFI
D4:05:DE:8B:9D:24,,[WPA3_PSK],2025-12-2 0:59:44,11,-82,34.0555687,-117.1524963,436.10,1.50,WIFI
8C:86:DD:BD:31:22,,[WPA2_PSK],2025-12-2 0:59:49,2,-81,34.0555687,-117.1523285,436.30,1.50,WIFI
10:27:F5:E6:D0:D2,Dad’s Place,[WPA2_PSK],2025-12-2 0:59:51,4,-76,34.0555649,-117.1522751,436.40,1.50,WIFI
46:3F:8C:E6:09:02,,[WPA2_PSK],2025-12-2 0:59:52,5,-77,34.0555649,-117.1522369,436.50,1.50,WIFI
40:3F:8C:E6:09:02,RKP3JS,[WPA_WPA2_PSK],2025-12-2 0:59:52,5,-78,34.0555649,-117.1522369,436.50,1.50,WIFI
46:3F:8C:E6:37:1E,,[WPA2_PSK],2025-12-2 0:59:52,5,-84,34.0555649,-117.1522369,436.50,1.50,WIFI
44:1C:A8:D7:18:58,WIFID71854,[WPA2_PSK],2025-12-2 0:59:53,6,-69,34.0555649,-117.1522141,436.60,1.50,WIFI
7C:5E:98:41:76:05,FBI Redlands Office,[WPA2_PSK],2025-12-2 0:59:53,6,-70,34.0555649,-117.1522141,436.60,1.50,WIFI
7C:5E:98:41:76:03,,[WPA3_PSK],2025-12-2 0:59:53,6,-72,34.0555649,-117.1522141,436.60,1.50,WIFI
7C:5E:98:41:76:07,,[OPEN],2025-12-2 0:59:53,6,-72,34.0555649,-117.1522141,436.60,1.50,WIFI
C8:C6:FE:16:1C:83,,[WPA3_PSK],2025-12-2 0:59:58,11,-75,34.0555611,-117.1519852,437.30,1.50,WIFI
C8:C6:FE:16:1C:86,Mi42477,[WPA2_PSK],2025-12-2 0:59:58,11,-75,34.0555611,-117.1519852,437.30,1.50,WIFI
C8:C6:FE:16:1C:89,,[OPEN],2025-12-2 0:59:58,11,-76,34.0555611,-117.1519852,437.30,1.50,WIFI
C8:C6:FE:12:80:43,,[WPA3_PSK],2025-12-2 0:59:58,11,-81,34.0555611,-117.1519852,437.30,1.50,WIFI
78:D2:94:6C:68:D5,NETGEAR65,[WPA2_PSK],2025-12-2 0:59:58,11,-83,34.0555611,-117.1519852,437.30,1.50,WIFI
EC:D9:09:AC:99:CD,TOYOTA Grand Highlander-2.4g_ac9,[WPA2_PSK],2025-12-2 0:59:58,11,-84,34.0555611,-117.1519852,437.30,1.50,WIFI
A0:7F:8A:5A:76:C3,SpectrumSetup-76BD,[WPA2_PSK],2025-12-2 0:59:58,11,-86,34.0555611,-117.1519852,437.30,1.50,WIFI
74:37:5F:27:6D:DF,Christo,[WPA2_PSK],2025-12-2 0:59:58,11,-92,34.0555611,-117.1519852,437.30,1.50,WIFI
44:AC:85:4C:29:E3,,[WPA3_PSK],2025-12-2 1:0:1,1,-78,34.0555611,-117.1516571,438.00,1.50,WIFI
44:AC:85:4C:29:E6,Black Rock City,[WPA2_PSK],2025-12-2 1:0:1,1,-78,34.0555611,-117.1516571,438.00,1.50,WIFI
78:76:89:2E:CA:4A,,[OPEN],2025-12-2 1:0:1,1,-83,34.0555611,-117.1516571,438.00,1.50,WIFI
78:76:89:2E:CA:47,magickgateway,[WPA2_PSK],2025-12-2 1:0:1,1,-87,34.0555611,-117.1516571,438.00,1.50,WIFI
46:ED:00:D8:5A:76,Network Not Found_Guest,[WPA2_PSK],2025-12-2 1:0:3,2,-64,34.0555611,-117.1513824,438.80,1.50,WIFI
4E:ED:00:D8:5A:76,Network Not Found_IoT,[WPA_WPA2_PSK],2025-12-2 1:0:3,2,-66,34.0555611,-117.1513824,438.80,1.50,WIFI
4A:ED:00:D8:5A:92,,[WPA2_PSK],2025-12-2 1:0:3,2,-77,34.0555611,-117.1513824,438.80,1.50,WIFI
4A:ED:00:D8:5A:42,,[WPA2_PSK],2025-12-2 1:0:3,2,-88,34.0555611,-117.1513824,438.80,1.50,WIFI
10:27:F5:E6:C1:D2,Dad’s Place,[WPA2_PSK],2025-12-2 1:0:5,4,-66,34.0555611,-117.1510849,439.40,1.50,WIFI
16:27:F5:E6:C1:D2,,[WPA2_PSK],2025-12-2 1:0:5,4,-68,34.0555611,-117.1510849,439.40,1.50,WIFI
16:27:F5:E6:D0:D2,,[WPA2_PSK],2025-12-2 1:0:5,4,-74,34.0555611,-117.1510849,439.40,1.50,WIFI
18:A5:FF:FB:48:AE,TMOBILE-48AC,[WPA2_WPA3_PSK],2025-12-2 1:0:6,5,-90,34.0555611,-117.1509247,439.80,1.50,WIFI
FA:25:FE:5C:7B:27,myChevrolet2227,[WPA2_PSK],2025-12-2 1:0:7,6,-54,34.0555611,-117.1507797,440.20,1.50,WIFI
C0:6F:98:19:D3:83,,[WPA3_PSK],2025-12-2 1:0:7,6,-71,34.0555611,-117.1507797,440.20,1.50,WIFI
C0:6F:98:19:D3:86,Casa de Fluff,[WPA2_PSK],2025-12-2 1:0:7,6,-78,34.0555611,-117.1507797,440.20,1.50,WIFI
56:46:D0:26:F2:86,Frontier0625,[WPA2_PSK],2025-12-2 1:0:7,6,-83,34.0555611,-117.1507797,440.20,1.50,WIFI
56:46:D0:86:F2:86,,[WPA2_PSK],2025-12-2 1:0:7,6,-83,34.0555611,-117.1507797,440.20,1.50,WIFI
3A:98:B5:56:6D:AF,ORBI46,[WPA2_PSK],2025-12-2 1:0:9,8,-58,34.0555611,-117.1504669,441.10,1.50,WIFI
34:98:B5:56:6D:AF,,[WPA2_PSK],2025-12-2 1:0:9,8,-66,34.0555611,-117.1504669,441.10,1.50,WIFI
3A:98:B5:57:F8:CA,,[WPA2_PSK],2025-12-2 1:0:9,8,-77,34.0555611,-117.1504669,441.10,1.50,WIFI
34:98:B5:57:F8:CA,ORBI46,[WPA2_PSK],2025-12-2 1:0:9,8,-81,34.0555611,-117.1504669,441.10,1.50,WIFI
C4:41:1E:26:56:F4,catscan,[WPA2_PSK],2025-12-2 1:0:9,8,-86,34.0555611,-117.1504669,441.10,1.50,WIFI
1E:24:72:D4:F2:8A,Vave Family,[WPA2_PSK],2025-12-2 1:0:12,11,-74,34.0555611,-117.1500015,442.50,1.50,WIFI
9C:A5:70:6D:EA:65,at_trask,[WPA2_PSK],2025-12-2 1:0:12,11,-77,34.0555611,-117.1500015,442.50,1.50,WIFI
9C:A5:70:6D:EA:63,,[WPA3_PSK],2025-12-2 1:0:12,11,-78,34.0555611,-117.1500015,442.50,1.50,WIFI
9C:A5:70:6D:EA:67,,[OPEN],2025-12-2 1:0:12,11,-79,34.0555611,-117.1500015,442.50,1.50,WIFI
2E:24:72:D4:F2:8A,,[WPA2_PSK],2025-12-2 1:0:12,11,-80,34.0555611,-117.1500015,442.50,1.50,WIFI
D8:A7:56:67:A7:BE,MySpectrumWiFib8-2G,[WPA2_PSK],2025-12-2 1:0:12,11,-80,34.0555611,-117.1500015,442.50,1.50,WIFI
F0:7B:65:E4:ED:99,Vave Family,[WPA2_PSK],2025-12-2 1:0:12,11,-85,34.0555611,-117.1500015,442.50,1.50,WIFI
7E:67:AB:44:25:3D,,[WPA_WPA2_PSK],2025-12-2 1:0:12,11,-85,34.0555611,-117.1500015,442.50,1.50,WIFI
06:7B:65:E4:ED:9B,,[WPA2_PSK],2025-12-2 1:0:12,11,-86,34.0555611,-117.1500015,442.50,1.50,WIFI
80:78:71:87:52:6C,SpectrumSetup-6E,[WPA2_PSK],2025-12-2 1:0:13,1,-62,34.0555611,-117.1498489,443.00,1.50,WIFI
58:9B:4A:96:F3:F2,SpectrumSetup-F3EE,[WPA2_PSK],2025-12-2 1:0:13,1,-67,34.0555611,-117.1498489,443.00,1.50,WIFI
A4:97:33:4C:B5:9D,SpectrumSetup-9F,[WPA2_PSK],2025-12-2 1:0:13,1,-74,34.0555611,-117.1498489,443.00,1.50,WIFI
54:04:63:FA:81:C0,,[WPA_WPA2_PSK],2025-12-2 1:0:13,1,-76,34.0555611,-117.1498489,443.00,1.50,WIFI
28:37:37:46:B7:34,Goldsworthy3,[WPA2_PSK],2025-12-2 1:0:13,1,-76,34.0555611,-117.1498489,443.00,1.50,WIFI
20:3A:0C:23:7E:C6,Security,[WPA2_PSK],2025-12-2 1:0:13,1,-77,34.0555611,-117.1498489,443.00,1.50,WIFI
F6:03:2A:59:D1:59,,[WPA2_PSK],2025-12-2 1:0:13,1,-88,34.0555611,-117.1498489,443.00,1.50,WIFI
00:AB:48:35:D3:47,,[OPEN],2025-12-2 1:0:21,6,-68,34.0555611,-117.1486816,445.10,1.50,WIFI
00:AB:48:35:D3:43,,[WPA3_PSK],2025-12-2 1:0:21,6,-68,34.0555611,-117.1486816,445.10,1.50,WIFI
00:AB:48:35:D3:45,Evan PC,[WPA2_PSK],2025-12-2 1:0:21,6,-69,34.0555611,-117.1486816,445.10,1.50,WIFI
34:53:D2:C5:28:D2,SpectrumSetup-CC,[WPA2_PSK],2025-12-2 1:0:21,6,-70,34.0555611,-117.1486816,445.10,1.50,WIFI
00:AB:48:34:CA:43,,[WPA3_PSK],2025-12-2 1:0:21,6,-72,34.0555611,-117.1486816,445.10,1.50,WIFI
00:AB:48:34:CA:45,Evan PC,[WPA2_PSK],2025-12-2 1:0:21,6,-72,34.0555611,-117.1486816,445.10,1.50,WIFI
2C:67:BE:4B:28:0E,SpectrumSetup-280A,[WPA2_PSK],2025-12-2 1:0:21,6,-76,34.0555611,-117.1486816,445.10,1.50,WIFI
4C:AB:F8:4A:F7:49,SpectrumSetup-4B,[WPA2_PSK],2025-12-2 1:0:21,6,-76,34.0555611,-117.1486816,445.10,1.50,WIFI
FC:3D:73:79:8E:83,,[WPA3_PSK],2025-12-2 1:0:21,6,-82,34.0555611,-117.1486816,445.10,1.50,WIFI
44:AD:B1:81:1D:9E,SpectrumSetup-98,[WPA2_PSK],2025-12-2 1:0:26,11,-60,34.0555611,-117.1481552,445.70,1.50,WIFI
24:F3:E3:F5:66:03,,[WPA3_PSK],2025-12-2 1:0:26,11,-68,34.0555611,-117.1481552,445.70,1.50,WIFI
24:F3:E3:F5:66:06,Ndi Naija,[WPA2_PSK],2025-12-2 1:0:26,11,-69,34.0555611,-117.1481552,445.70,1.50,WIFI
24:F3:E3:F5:66:09,,[OPEN],2025-12-2 1:0:26,11,-69,34.0555611,-117.1481552,445.70,1.50,WIFI
E4:C0:E2:71:6A:CE,SpectrumSetup-C8,[WPA2_PSK],2025-12-2 1:0:26,11,-70,34.0555611,-117.1481552,445.70,1.50,WIFI
2E:AA:8E:D1:5C:AA,,[WPA_WPA2_PSK],2025-12-2 1:0:26,11,-76,34.0555611,-117.1481552,445.70,1.50,WIFI
F0:B6:61:A9:77:04,,[WPA3_PSK],2025-12-2 1:0:26,11,-76,34.0555611,-117.1481552,445.70,1.50,WIFI
F0:B6:61:A9:77:07,Streetglide,[WPA2_PSK],2025-12-2 1:0:26,11,-76,34.0555611,-117.1481552,445.70,1.50,WIFI
12:59:32:44:A6:26,,[WPA2_PSK],2025-12-2 1:0:26,11,-76,34.0555611,-117.1481552,445.70,1.50,WIFI
F0:7B:65:A1:1E:89,Highgrove House,[WPA2_PSK],2025-12-2 1:0:26,11,-79,34.0555611,-117.1481552,445.70,1.50,WIFI
4A:63:FC:43:56:30,SpectrumSetup-2F,[WPA2_PSK],2025-12-2 1:0:26,11,-84,34.0555611,-117.1481552,445.70,1.50,WIFI
08:7B:12:5D:D6:A7,TheRaceYouRunLikeARiver,[WPA2_PSK],2025-12-2 1:0:26,11,-85,34.0555611,-117.1481552,445.70,1.50,WIFI
24:E8:53:3A:48:2D,AT_301_WLRGL5825F_482d,[WPA2_PSK],2025-12-2 1:0:26,11,-92,34.0555611,-117.1481552,445.70,1.50,WIFI
30:68:93:2C:29:AC,SimonLoki1_EXT,[WPA2_PSK],2025-12-2 1:0:26,11,-93,34.0555611,-117.1481552,445.70,1.50,WIFI
24:2D:6C:F1:5A:C5,,[WPA3_PSK],2025-12-2 1:0:30,1,-74,34.0555573,-117.1478958,446.20,1.50,WIFI
B8:80:4F:6F:52:3E,Ring Setup 3d,[OPEN],2025-12-2 1:0:30,1,-75,34.0555573,-117.1478958,446.20,1.50,WIFI
24:2D:6C:F1:5A:CB,,[OPEN],2025-12-2 1:0:30,1,-75,34.0555573,-117.1478958,446.20,1.50,WIFI
24:2D:6C:F1:5A:C8,HOORAY COFFEE,[WPA2_PSK],2025-12-2 1:0:30,1,-75,34.0555573,-117.1478958,446.20,1.50,WIFI
40:4C:77:32:15:28,Frontier3072,[WPA2_PSK],2025-12-2 1:0:30,1,-76,34.0555573,-117.1478958,446.20,1.50,WIFI
28:6B:B4:3B:14:8F,[fridge]_E30AJT5133430N,[WPA2_PSK],2025-12-2 1:0:30,1,-86,34.0555573,-117.1478958,446.20,1.50,WIFI
56:07:7D:E4:D8:D5,GEARSOFNET,[WPA2_WPA3_PSK],2025-12-2 1:0:33,3,-75,34.0555611,-117.1478653,446.30,1.50,WIFI
6C:63:9C:90:DF:A8,Frontier2240,[WPA2_PSK],2025-12-2 1:0:36,6,-72,34.0555573,-117.1477356,446.60,1.50,WIFI
64:C2:69:DC:7B:A5,Bigal,[WPA2_PSK],2025-12-2 1:0:36,6,-76,34.0555573,-117.1477356,446.60,1.50,WIFI
64:C2:69:DC:7B:A3,,[WPA3_PSK],2025-12-2 1:0:36,6,-77,34.0555573,-117.1477356,446.60,1.50,WIFI
64:C2:69:DC:7B:A7,,[OPEN],2025-12-2 1:0:36,6,-77,34.0555573,-117.1477356,446.60,1.50,WIFI
8A:15:04:CC:13:34,IOT-wifi,[WPA2_PSK],2025-12-2 1:0:36,6,-83,34.0555573,-117.1477356,446.60,1.50,WIFI
24:41:FE:88:B9:FA,Verizon_QX9VWS,[WPA2_PSK],2025-12-2 1:0:36,6,-84,34.0555573,-117.1477356,446.60,1.50,WIFI
20:AA:4B:F9:BD:29,griffinami,[WPA2_PSK],2025-12-2 1:0:40,10,-78,34.0555611,-117.1473618,447.20,1.50,WIFI
60:F4:19:28:31:03,,[WPA3_PSK],2025-12-2 1:0:41,11,-81,34.0555611,-117.1472473,447.40,1.50,WIFI
60:F4:19:28:31:06,Romero,[WPA2_WPA3_PSK],2025-12-2 1:0:41,11,-81,34.0555611,-117.1472473,447.40,1.50,WIFI
F8:2D:C0:D7:B1:68,Frontier7888,[WPA2_PSK],2025-12-2 1:0:41,11,-84,34.0555611,-117.1472473,447.40,1.50,WIFI
60:F4:19:74:73:A9,,[OPEN],2025-12-2 1:0:41,11,-86,34.0555611,-117.1472473,447.40,1.50,WIFI
24:F3:E3:FC:0D:49,,[OPEN],2025-12-2 1:0:44,1,-69,34.0555611,-117.1468430,448.20,1.50,WIFI
24:F3:E3:FC:0D:43,,[WPA3_PSK],2025-12-2 1:0:44,1,-70,34.0555611,-117.1468430,448.20,1.50,WIFI
90:D3:CF:5B:BB:47,SpectrumSetup-BB4A,[WPA2_PSK],2025-12-2 1:0:44,1,-73,34.0555611,-117.1468430,448.20,1.50,WIFI
24:F3:E3:FC:0D:46,Ndi Naija,[WPA2_PSK],2025-12-2 1:0:44,1,-75,34.0555611,-117.1468430,448.20,1.50,WIFI
24:F3:E3:FB:05:86,Ndi Naija,[WPA2_PSK],2025-12-2 1:0:44,1,-77,34.0555611,-117.1468430,448.20,1.50,WIFI
24:2D:6C:F1:5A:D1,HOORAY COFFEE Guest WiFi,[OPEN],2025-12-2 1:0:44,1,-82,34.0555611,-117.1468430,448.20,1.50,WIFI
24:F3:E3:FB:05:89,,[OPEN],2025-12-2 1:0:44,1,-82,34.0555611,-117.1468430,448.20,1.50,WIFI
24:F3:E3:FB:05:83,,[WPA3_PSK],2025-12-2 1:0:44,1,-83,34.0555611,-117.1468430,448.20,1.50,WIFI
4C:19:5D:4C:C1:73,SpectrumSetup-6D,[WPA2_PSK],2025-12-2 1:0:44,1,-87,34.0555611,-117.1468430,448.20,1.50,WIFI
82:D2:94:4D:77:A6,,[WPA2_PSK],2025-12-2 1:0:47,3,-76,34.0555725,-117.1463776,449.10,1.50,WIFI
7E:D2:94:4D:77:A6,ORBI01,[WPA2_PSK],2025-12-2 1:0:47,3,-79,34.0555725,-117.1463776,449.10,1.50,WIFI
D2:40:D0:7E:3F:B4,,[WPA2_PSK],2025-12-2 1:0:47,3,-80,34.0555725,-117.1463776,449.10,1.50,WIFI
CC:40:D0:7E:3F:B4,ORBI01,[WPA2_PSK],2025-12-2 1:0:47,3,-87,34.0555725,-117.1463776,449.10,1.50,WIFI
D4:05:DE:1B:3A:4A,,[OPEN],2025-12-2 1:0:50,6,-74,34.0555840,-117.1458817,450.00,1.50,WIFI
32:B4:B8:2B:53:54,My VW 9945,[WPA2_PSK],2025-12-2 1:0:50,6,-75,34.0555840,-117.1458817,450.00,1.50,WIFI
F0:7B:65:B3:13:D0,TG40FHAB,[WPA2_PSK],2025-12-2 1:0:50,6,-75,34.0555840,-117.1458817,450.00,1.50,WIFI
D4:05:DE:1B:3A:47,MGM ,[WPA2_PSK],2025-12-2 1:0:50,6,-76,34.0555840,-117.1458817,450.00,1.50,WIFI
D4:05:DE:1B:3A:44,,[WPA3_PSK],2025-12-2 1:0:50,6,-78,34.0555840,-117.1458817,450.00,1.50,WIFI
02:17:1A:D6:D9:B0,,[WPA2_PSK],2025-12-2 1:0:50,6,-78,34.0555840,-117.1458817,450.00,1.50,WIFI
5C:A5:BC:00:F8:45,Ulrich,[WPA2_PSK],2025-12-2 1:0:50,6,-83,34.0555840,-117.1458817,450.00,1.50,WIFI
5C:A5:BC:00:F8:47,,[OPEN],2025-12-2 1:0:50,6,-85,34.0555840,-117.1458817,450.00,1.50,WIFI
90:48:46:4B:A6:C1,ENVOY_147913,[OPEN],2025-12-2 1:0:53,9,-89,34.0555878,-117.1453552,450.80,1.50,WIFI
F4:69:42:01:6B:20,Nothing To See,[WPA2_PSK],2025-12-2 1:0:55,11,-81,34.0555878,-117.1449814,451.60,1.50,WIFI
54:AF:97:56:0B:BC,SemperFi_Upstairs,[WPA2_PSK],2025-12-2 1:0:55,11,-85,34.0555878,-117.1449814,451.60,1.50,WIFI
48:5D:36:0B:74:92,FiOS-J0VTT,[WPA2_PSK],2025-12-2 1:0:55,11,-87,34.0555878,-117.1449814,451.60,1.50,WIFI
74:90:BC:54:13:87,Verizon_7T7X9J,[WPA2_PSK],2025-12-2 1:0:55,11,-90,34.0555878,-117.1449814,451.60,1.50,WIFI
B0:FC:88:28:77:59,AcesoArcata,[WPA2_PSK],2025-12-2 1:0:55,11,-90,34.0555878,-117.1449814,451.60,1.50,WIFI
D0:6D:C9:2A:90:26,Frontier1006,[WPA2_PSK],2025-12-2 1:0:55,11,-90,34.0555878,-117.1449814,451.60,1.50,WIFI
F0:81:75:CD:F6:3E,SpectrumSetup-38,[WPA2_PSK],2025-12-2 1:0:58,1,-70,34.0555840,-117.1444244,452.90,1.50,WIFI
22:3E:A4:94:FD:B7,,[WPA2_PSK],2025-12-2 1:0:58,1,-80,34.0555840,-117.1444244,452.90,1.50,WIFI
C0:89:AB:7E:BB:38,Frontier1936,[WPA2_PSK],2025-12-2 1:0:58,1,-86,34.0555840,-117.1444244,452.90,1.50,WIFI
70:4F:57:81:FA:AC,Frontier0064_EXT,[WPA2_PSK],2025-12-2 1:0:58,1,-91,34.0555840,-117.1444244,452.90,1.50,WIFI
22:50:E7:FF:B5:20,SunPower32634,[WPA2_PSK],2025-12-2 1:0:58,1,-92,34.0555840,-117.1444244,452.90,1.50,WIFI
48:22:54:A0:B8:EF,McDonalds internet,[WPA2_PSK],2025-12-2 1:1:1,3,-76,34.0555878,-117.1438904,454.40,1.50,WIFI
6A:22:54:A0:B8:EF,,[WPA2_PSK],2025-12-2 1:1:1,3,-78,34.0555878,-117.1438904,454.40,1.50,WIFI
A8:5E:45:E9:83:40,singasong,[WPA2_PSK],2025-12-2 1:1:3,5,-77,34.0555916,-117.1435165,455.30,1.50,WIFI
9C:57:BC:41:41:46,New Fillman,[WPA2_PSK],2025-12-2 1:1:4,6,-77,34.0555916,-117.1433334,455.70,1.50,WIFI
28:EC:22:F5:D1:83,,[WPA3_PSK],2025-12-2 1:1:4,6,-78,34.0555916,-117.1433334,455.70,1.50,WIFI
28:EC:22:F5:D1:86,New Fillman,[WPA2_PSK],2025-12-2 1:1:4,6,-78,34.0555916,-117.1433334,455.70,1.50,WIFI
28:EC:22:F5:D1:89,,[OPEN],2025-12-2 1:1:4,6,-79,34.0555916,-117.1433334,455.70,1.50,WIFI
22:9F:C3:54:1C:F7,,[WPA2_PSK],2025-12-2 1:1:4,6,-83,34.0555916,-117.1433334,455.70,1.50,WIFI
C4:A8:16:74:67:C5,,[WPA3_PSK],2025-12-2 1:1:4,6,-84,34.0555916,-117.1433334,455.70,1.50,WIFI
14:7D:05:0F:94:0B,SpectrumSetup-09,[WPA2_PSK],2025-12-2 1:1:4,6,-85,34.0555916,-117.1433334,455.70,1.50,WIFI
18:A9:ED:88:B3:C6,FiOS-ZTW3L,[WPA2_PSK],2025-12-2 1:1:9,11,-75,34.0555878,-117.1424332,456.90,1.50,WIFI
18:A9:ED:88:B3:C3,,[WPA3_PSK],2025-12-2 1:1:9,11,-75,34.0555878,-117.1424332,456.90,1.50,WIFI
18:A9:ED:88:B3:C9,,[OPEN],2025-12-2 1:1:9,11,-75,34.0555878,-117.1424332,456.90,1.50,WIFI
38:88:71:0A:4B:50,Verizon_P7LJC4,[WPA2_PSK],2025-12-2 1:1:9,11,-77,34.0555878,-117.1424332,456.90,1.50,WIFI
F2:9F:C2:D4:D0:76,PPI-guest,[OPEN],2025-12-2 1:1:9,11,-78,34.0555878,-117.1424332,456.90,1.50,WIFI
F2:9F:C2:D4:DD:CF,PPI-guest,[OPEN],2025-12-2 1:1:9,11,-79,34.0555878,-117.1424332,456.90,1.50,WIFI
F6:9F:C2:D4:D0:76,,[WPA2_PSK],2025-12-2 1:1:9,11,-82,34.0555878,-117.1424332,456.90,1.50,WIFI
F0:9F:C2:D4:D9:71,PPI,[WPA2_PSK],2025-12-2 1:1:9,11,-82,34.0555878,-117.1424332,456.90,1.50,WIFI
E6:E7:49:8B:8F:06,DIRECT-06-HP ENVY 5000 series,[WPA2_PSK],2025-12-2 1:1:9,11,-86,34.0555878,-117.1424332,456.90,1.50,WIFI
74:37:5F:5D:8E:9F,SpectrumSetup-9D,[WPA2_PSK],2025-12-2 1:1:9,11,-91,34.0555878,-117.1424332,456.90,1.50,WIFI
9A:A1:4A:BC:6E:13,TeslaPW_PMTUTU,[WPA2_PSK],2025-12-2 1:1:9,11,-93,34.0555878,-117.1424332,456.90,1.50,WIFI
24:F3:E3:F0:50:8F,Allred Guest,[WPA2_PSK],2025-12-2 1:1:10,1,-78,34.0555878,-117.1422577,457.20,1.50,WIFI
24:F3:E3:F0:50:86,Allred,[WPA2_PSK],2025-12-2 1:1:10,1,-80,34.0555878,-117.1422577,457.20,1.50,WIFI
24:F3:E3:F0:50:89,,[OPEN],2025-12-2 1:1:10,1,-81,34.0555878,-117.1422577,457.20,1.50,WIFI
A0:89:66:90:3F:80,,[WPA_WPA2_PSK],2025-12-2 1:1:10,1,-83,34.0555878,-117.1422577,457.20,1.50,WIFI
00:C8:96:CC:EC:42,,[WPA_WPA2_PSK],2025-12-2 1:1:10,1,-84,34.0555878,-117.1422577,457.20,1.50,WIFI
A8:6B:AD:F7:F5:C6,WIFIF7F5C3,[WPA2_PSK],2025-12-2 1:1:10,1,-87,34.0555878,-117.1422577,457.20,1.50,WIFI
26:97:33:AE:C7:04,,[WPA2_PSK],2025-12-2 1:1:10,1,-87,34.0555878,-117.1422577,457.20,1.50,WIFI
60:57:47:9C:48:96,,[WPA_WPA2_PSK],2025-12-2 1:1:10,1,-90,34.0555878,-117.1422577,457.20,1.50,WIFI
60:32:B1:FA:30:0A,675carrotsbrown,[WPA2_PSK],2025-12-2 1:1:14,2,-71,34.0555916,-117.1415710,458.50,1.50,WIFI
66:32:B1:FA:30:0A,,[WPA2_PSK],2025-12-2 1:1:14,2,-73,34.0555916,-117.1415710,458.50,1.50,WIFI
60:32:B1:F9:C8:BE,675carrotsbrown,[WPA2_PSK],2025-12-2 1:1:14,2,-75,34.0555916,-117.1415710,458.50,1.50,WIFI
66:32:B1:F9:C8:BE,,[WPA2_PSK],2025-12-2 1:1:14,2,-78,34.0555916,-117.1415710,458.50,1.50,WIFI
F0:81:75:F6:9C:AE,SpectrumSetup-A8,[WPA2_PSK],2025-12-2 1:1:18,6,-64,34.0555916,-117.1408997,459.60,1.50,WIFI
50:27:A9:B8:E6:87,,[OPEN],2025-12-2 1:1:18,6,-76,34.0555916,-117.1408997,459.60,1.50,WIFI
2C:67:BE:11:9F:C6,SpectrumSetup-9FC2,[WPA2_PSK],2025-12-2 1:1:18,6,-77,34.0555916,-117.1408997,459.60,1.50,WIFI
50:27:A9:B8:E6:83,,[WPA3_PSK],2025-12-2 1:1:18,6,-77,34.0555916,-117.1408997,459.60,1.50,WIFI
50:27:A9:B8:E6:85,Bedroom ,[WPA2_PSK],2025-12-2 1:1:18,6,-77,34.0555916,-117.1408997,459.60,1.50,WIFI
DA:E3:5E:71:44:3E,,[WPA2_PSK],2025-12-2 1:1:18,6,-82,34.0555916,-117.1408997,459.60,1.50,WIFI
FC:12:63:27:4D:DE,WiFi,[WPA2_PSK],2025-12-2 1:1:18,6,-87,34.0555916,-117.1408997,459.60,1.50,WIFI
38:94:ED:97:81:C7,FiOS-E5GCG_2GEXT,[WPA2_PSK],2025-12-2 1:1:23,11,-70,34.0555801,-117.1401443,460.20,1.50,WIFI
C8:99:B2:B8:7E:EF,Verizon_V79DZ4,[WPA2_PSK],2025-12-2 1:1:23,11,-71,34.0555801,-117.1401443,460.20,1.50,WIFI
F8:5B:3B:20:A6:63,Spectrum-65,[WPA2_PSK],2025-12-2 1:1:23,11,-76,34.0555801,-117.1401443,460.20,1.50,WIFI
28:EC:22:31:6D:86,Frontier9808,[WPA2_PSK],2025-12-2 1:1:23,11,-81,34.0555801,-117.1401443,460.20,1.50,WIFI
A0:8E:24:4D:A8:45,Frontier9808,[WPA2_PSK],2025-12-2 1:1:23,11,-83,34.0555801,-117.1401443,460.20,1.50,WIFI
F8:F0:05:7E:32:12,lxtwo-676135528,[OPEN],2025-12-2 1:1:23,11,-84,34.0555801,-117.1401443,460.20,1.50,WIFI
F0:B6:61:07:AB:30,Satellite,[WPA2_PSK],2025-12-2 1:1:23,11,-89,34.0555801,-117.1401443,460.20,1.50,WIFI
F0:B6:61:07:AB:27,Harry's House,[WPA2_PSK],2025-12-2 1:1:23,11,-91,34.0555801,-117.1401443,460.20,1.50,WIFI
F8:5B:3B:53:B6:E1,SpectrumSetup-E3,[WPA2_PSK],2025-12-2 1:1:25,1,-63,34.0555573,-117.1398849,460.70,1.50,WIFI
34:DB:9C:6C:46:2E,MySpectrumWiFi28-2G,[WPA2_PSK],2025-12-2 1:1:25,1,-75,34.0555573,-117.1398849,460.70,1.50,WIFI
F0:7B:65:63:44:E4,IssaHenken,[WPA2_PSK],2025-12-2 1:1:25,1,-77,34.0555573,-117.1398849,460.70,1.50,WIFI
12:7B:65:63:44:E5,,[WPA2_PSK],2025-12-2 1:1:25,1,-77,34.0555573,-117.1398849,460.70,1.50,WIFI
12:7B:65:63:44:E6,,[WPA2_PSK],2025-12-2 1:1:25,1,-79,34.0555573,-117.1398849,460.70,1.50,WIFI
84:EB:3E:FF:68:4F,tlff684e,[WPA2_PSK],2025-12-2 1:1:25,1,-80,34.0555573,-117.1398849,460.70,1.50,WIFI
CC:40:D0:D5:88:93,Frontier19BF,[WPA2_PSK],2025-12-2 1:1:25,1,-88,34.0555573,-117.1398849,460.70,1.50,WIFI
C0:3C:04:AD:07:A9,SpectrumSetup-A3,[WPA2_PSK],2025-12-2 1:1:25,1,-89,34.0555573,-117.1398849,460.70,1.50,WIFI
72:4A:0E:BF:28:00,SunPower48179,[WPA2_PSK],2025-12-2 1:1:25,1,-90,34.0555573,-117.1398849,460.70,1.50,WIFI
6E:02:E0:35:94:F6,DIRECT-F6-HP ENVY Photo 7100,[WPA2_PSK],2025-12-2 1:1:32,6,-74,34.0554352,-117.1392670,462.30,1.50,WIFI
28:BD:89:CE:F7:8D,PARHAM,[WPA2_PSK],2025-12-2 1:1:32,6,-78,34.0554352,-117.1392670,462.30,1.50,WIFI
9C:A5:70:4A:2E:43,,[WPA3_PSK],2025-12-2 1:1:32,6,-79,34.0554352,-117.1392670,462.30,1.50,WIFI
9C:A5:70:4A:2E:47,,[OPEN],2025-12-2 1:1:32,6,-79,34.0554352,-117.1392670,462.30,1.50,WIFI
9C:A5:70:4A:2E:45,FiOS-XLGSA,[WPA2_WPA3_PSK],2025-12-2 1:1:32,6,-79,34.0554352,-117.1392670,462.30,1.50,WIFI
04:17:B6:23:1C:28,,[WPA_WPA2_PSK],2025-12-2 1:1:32,6,-81,34.0554352,-117.1392670,462.30,1.50,WIFI
78:76:89:13:57:04,,[WPA3_PSK],2025-12-2 1:1:32,6,-82,34.0554352,-117.1392670,462.30,1.50,WIFI
D4:05:DE:18:78:E4,,[WPA3_PSK],2025-12-2 1:1:32,6,-82,34.0554352,-117.1392670,462.30,1.50,WIFI
80:B9:7A:0B:69:43,,[WPA3_PSK],2025-12-2 1:1:32,6,-83,34.0554352,-117.1392670,462.30,1.50,WIFI
80:B9:7A:0B:69:4F,Mount Montecito Mesh Guest,[WPA2_PSK],2025-12-2 1:1:32,6,-84,34.0554352,-117.1392670,462.30,1.50,WIFI
D4:05:DE:18:78:EA,,[OPEN],2025-12-2 1:1:32,6,-84,34.0554352,-117.1392670,462.30,1.50,WIFI
4C:AB:F8:35:32:B9,SpectrumSetup-BB,[WPA2_PSK],2025-12-2 1:1:32,6,-89,34.0554352,-117.1392670,462.30,1.50,WIFI
FC:B2:D6:C9:06:6C,,[WPA_WPA2_PSK],2025-12-2 1:1:33,7,-58,34.0554237,-117.1392212,462.30,1.50,WIFI
20:9A:7D:1B:12:CE,SpectrumSetup-C8,[WPA2_PSK],2025-12-2 1:1:38,11,-65,34.0553474,-117.1390915,462.70,1.50,WIFI
34:DB:9C:68:81:7E,MySpectrumWiFi78-2G,[WPA2_PSK],2025-12-2 1:1:38,11,-79,34.0553474,-117.1390915,462.70,1.50,WIFI
DC:69:B5:3F:98:03,,[WPA3_PSK],2025-12-2 1:1:41,1,-82,34.0551529,-117.1390457,463.30,1.50,WIFI
DC:69:B5:3F:98:09,,[OPEN],2025-12-2 1:1:41,1,-83,34.0551529,-117.1390457,463.30,1.50,WIFI
DC:69:B5:3F:98:06,Brookhome,[WPA2_PSK],2025-12-2 1:1:41,1,-83,34.0551529,-117.1390457,463.30,1.50,WIFI
44:AD:B1:82:FC:7E,SpectrumSetup-78,[WPA2_PSK],2025-12-2 1:1:41,1,-89,34.0551529,-117.1390457,463.30,1.50,WIFI
DE:07:B6:92:9A:7A,,[WPA2_PSK],2025-12-2 1:1:45,4,-91,34.0547104,-117.1390305,464.80,1.50,WIFI
B8:66:85:CD:FA:06,MySpectrumWiFi00-2G,[WPA2_PSK],2025-12-2 1:1:47,6,-74,34.0544548,-117.1390228,465.70,1.50,WIFI
D4:05:DE:18:78:E7,ChamHome,[WPA2_WPA3_PSK],2025-12-2 1:1:47,6,-75,34.0544548,-117.1390228,465.70,1.50,WIFI
D4:05:DE:18:78:F0,ChamHome Guest,[WPA2_WPA3_PSK],2025-12-2 1:1:47,6,-75,34.0544548,-117.1390228,465.70,1.50,WIFI
D4:05:DE:20:74:E7,ChamHome,[WPA2_WPA3_PSK],2025-12-2 1:1:47,6,-81,34.0544548,-117.1390228,465.70,1.50,WIFI
FC:12:63:A1:1C:A9,SpectrumSetup-AB,[WPA2_PSK],2025-12-2 1:1:47,6,-83,34.0544548,-117.1390228,465.70,1.50,WIFI
FC:3F:A6:FE:03:86,william,[WPA2_PSK],2025-12-2 1:1:47,6,-83,34.0544548,-117.1390228,465.70,1.50,WIFI
A4:11:62:61:43:06,ARLO_VMB_6422557474,[WPA2_PSK],2025-12-2 1:1:47,6,-85,34.0544548,-117.1390228,465.70,1.50,WIFI
FC:3F:A6:FE:03:83,,[WPA3_PSK],2025-12-2 1:1:47,6,-86,34.0544548,-117.1390228,465.70,1.50,WIFI
12:59:32:B4:A1:FF,,[WPA2_PSK],2025-12-2 1:1:47,6,-88,34.0544548,-117.1390228,465.70,1.50,WIFI
AC:B6:87:31:58:03,Verizon_D4XC9K,[WPA2_PSK],2025-12-2 1:1:47,6,-90,34.0544548,-117.1390228,465.70,1.50,WIFI
D8:EC:5E:81:74:D2,H4F Home,[WPA2_WPA3_PSK],2025-12-2 1:1:49,8,-81,34.0541840,-117.1390228,466.50,1.50,WIFI
DE:EC:5E:81:74:D2,,[WPA2_PSK],2025-12-2 1:1:49,8,-81,34.0541840,-117.1390228,466.50,1.50,WIFI
88:67:46:95:29:49,,[OPEN],2025-12-2 1:1:52,11,-73,34.0537643,-117.1390228,468.00,1.50,WIFI
88:67:46:95:29:46,Neil’s Wifi,[WPA2_PSK],2025-12-2 1:1:52,11,-73,34.0537643,-117.1390228,468.00,1.50,WIFI
88:67:46:93:3C:C6,Neil’s Wifi,[WPA2_PSK],2025-12-2 1:1:52,11,-75,34.0537643,-117.1390228,468.00,1.50,WIFI
88:67:46:95:29:43,,[WPA3_PSK],2025-12-2 1:1:52,11,-75,34.0537643,-117.1390228,468.00,1.50,WIFI
88:67:46:93:3C:C3,,[WPA3_PSK],2025-12-2 1:1:52,11,-78,34.0537643,-117.1390228,468.00,1.50,WIFI
74:AC:B9:2D:A0:B5,Dirtdogs,[WPA_WPA2_PSK],2025-12-2 1:1:52,11,-90,34.0537643,-117.1390228,468.00,1.50,WIFI
C8:99:B2:AA:DC:6F,Verizon_3V3CGC,[WPA2_PSK],2025-12-2 1:1:54,1,-72,34.0534782,-117.1390228,469.00,1.50,WIFI
34:53:D2:E3:D5:01,SpectrumSetup-FB,[WPA2_PSK],2025-12-2 1:1:54,1,-81,34.0534782,-117.1390228,469.00,1.50,WIFI
F8:BC:0E:18:40:A9,,[OPEN],2025-12-2 1:1:54,1,-82,34.0534782,-117.1390228,469.00,1.50,WIFI
F8:BC:0E:18:40:A3,,[WPA3_PSK],2025-12-2 1:1:54,1,-82,34.0534782,-117.1390228,469.00,1.50,WIFI
F8:BC:0E:18:40:A6,Carias72,[WPA2_PSK],2025-12-2 1:1:54,1,-82,34.0534782,-117.1390228,469.00,1.50,WIFI
34:AB:95:E9:19:91,PNR08IF31023B2F09A,[OPEN],2025-12-2 1:1:54,1,-83,34.0534782,-117.1390228,469.00,1.50,WIFI
D2:AD:08:C3:34:DE,DIRECT-DE-HP ENVY Inspire 7200,[WPA2_PSK],2025-12-2 1:1:54,1,-84,34.0534782,-117.1390228,469.00,1.50,WIFI
CA:41:1E:F4:DC:59,,[WPA2_PSK],2025-12-2 1:1:54,1,-89,34.0534782,-117.1390228,469.00,1.50,WIFI
8C:90:2D:E7:DE:9D,Niles Home,[WPA2_PSK],2025-12-2 1:1:58,3,-85,34.0528908,-117.1390152,471.40,1.50,WIFI
24:41:FE:D7:87:AA,Verizon_79PHDM,[WPA2_PSK],2025-12-2 1:2:1,6,-66,34.0524559,-117.1390152,473.30,1.50,WIFI
58:96:71:53:B4:BA,Verizon_96KKHN,[WPA2_PSK],2025-12-2 1:2:1,6,-74,34.0524559,-117.1390152,473.30,1.50,WIFI
18:A9:ED:EC:38:43,,[WPA3_PSK],2025-12-2 1:2:1,6,-74,34.0524559,-117.1390152,473.30,1.50,WIFI
74:B6:B6:88:AE:05,riesz,[WPA2_PSK],2025-12-2 1:2:1,6,-82,34.0524559,-117.1390152,473.30,1.50,WIFI
74:B6:B6:88:AE:03,,[WPA3_PSK],2025-12-2 1:2:1,6,-83,34.0524559,-117.1390152,473.30,1.50,WIFI
74:B6:B6:88:AE:07,,[OPEN],2025-12-2 1:2:1,6,-84,34.0524559,-117.1390152,473.30,1.50,WIFI
28:38:5C:5D:F4:01,HotspotXTbt,[WPA_WPA2_PSK],2025-12-2 1:2:1,6,-85,34.0524559,-117.1390152,473.30,1.50,WIFI
F8:E4:FB:67:DE:F9,2B5NC,[WPA_WPA2_PSK],2025-12-2 1:2:1,6,-87,34.0524559,-117.1390152,473.30,1.50,WIFI
94:F7:17:CF:C2:9C,,[WPA_WPA2_PSK],2025-12-2 1:2:1,6,-87,34.0524559,-117.1390152,473.30,1.50,WIFI
52:C2:E8:07:8B:70,DIRECT-70-HP M283 LaserJet,[WPA2_PSK],2025-12-2 1:2:1,6,-89,34.0524559,-117.1390152,473.30,1.50,WIFI
B2:AB:57:20:8A:FC,EP Castle,[WPA2_PSK],2025-12-2 1:2:1,6,-90,34.0524559,-117.1390152,473.30,1.50,WIFI
3A:98:B5:F6:44:CD,,[WPA2_PSK],2025-12-2 1:2:4,9,-93,34.0520134,-117.1390076,475.20,1.50,WIFI
C8:B4:22:5F:25:2D,MoorePugs,[WPA2_PSK],2025-12-2 1:2:6,11,-77,34.0517120,-117.1390076,476.50,1.50,WIFI
30:57:8E:15:3E:09,,[OPEN],2025-12-2 1:2:6,11,-78,34.0517120,-117.1390076,476.50,1.50,WIFI
30:57:8E:15:3E:03,,[WPA3_PSK],2025-12-2 1:2:6,11,-78,34.0517120,-117.1390076,476.50,1.50,WIFI
30:57:8E:15:3E:06,spectrumsetup-08,[WPA2_PSK],2025-12-2 1:2:6,11,-79,34.0517120,-117.1390076,476.50,1.50,WIFI
E4:19:7F:05:73:8F,Chiliwili Guest,[WPA2_PSK],2025-12-2 1:2:6,11,-85,34.0517120,-117.1390076,476.50,1.50,WIFI
84:70:D7:22:1F:04,,[WPA3_PSK],2025-12-2 1:2:6,11,-86,34.0517120,-117.1390076,476.50,1.50,WIFI
E4:19:7F:05:73:86,Chiliwili,[WPA2_PSK],2025-12-2 1:2:6,11,-86,34.0517120,-117.1390076,476.50,1.50,WIFI
C6:F5:47:3E:1E:C1,DG1670,[WPA2_PSK],2025-12-2 1:2:8,1,-77,34.0513992,-117.1390076,477.80,1.50,WIFI
58:96:71:12:E6:0E,Verizon_44SVC9,[WPA2_PSK],2025-12-2 1:2:8,1,-78,34.0513992,-117.1390076,477.80,1.50,WIFI
74:37:5F:A7:B3:63,Peaches2023,[WPA2_PSK],2025-12-2 1:2:8,1,-81,34.0513992,-117.1390076,477.80,1.50,WIFI
C2:84:7D:D5:88:E4,SunPower12156,[WPA2_PSK],2025-12-2 1:2:8,1,-87,34.0513992,-117.1390076,477.80,1.50,WIFI
2C:95:69:76:16:28,Frontier5840,[WPA2_PSK],2025-12-2 1:2:8,1,-90,34.0513992,-117.1390076,477.80,1.50,WIFI
AA:B1:3B:6A:E0:35,DIRECT-35-HP M140 LaserJet,[WPA2_PSK],2025-12-2 1:2:8,1,-92,34.0513992,-117.1390076,477.80,1.50,WIFI
A8:A2:37:4F:B8:1B,BlakeBortlesRules 2.4,[WPA2_PSK],2025-12-2 1:2:15,6,-67,34.0503120,-117.1390076,482.90,1.50,WIFI
B2:AB:57:80:8A:FC,,[WPA2_PSK],2025-12-2 1:2:15,6,-83,34.0503120,-117.1390076,482.90,1.50,WIFI
B0:D8:88:C9:8E:0D,Car-8e0d,[WPA2_PSK],2025-12-2 1:2:15,6,-85,34.0503120,-117.1390076,482.90,1.50,WIFI
38:17:B1:20:FA:F6,ATTaKM46kE,[WPA2_PSK],2025-12-2 1:2:15,6,-92,34.0503120,-117.1390076,482.90,1.50,WIFI
C6:A5:11:19:13:43,,[WPA2_PSK],2025-12-2 1:2:18,9,-91,34.0498466,-117.1389923,485.00,1.50,WIFI
C2:A5:11:19:13:43,Comfort Zone,[WPA2_PSK],2025-12-2 1:2:18,9,-91,34.0498466,-117.1389923,485.00,1.50,WIFI
1E:BF:CE:EA:7D:53,csc-hub-0111,[WPA2_PSK],2025-12-2 1:2:19,10,-87,34.0496979,-117.1389923,485.60,1.50,WIFI
5E:96:71:07:FB:EE,Verizon_9KM3LL-Guest,[WPA2_PSK],2025-12-2 1:2:20,11,-85,34.0495453,-117.1389923,486.20,1.50,WIFI
2C:00:AB:9F:96:50,Frontier4784,[WPA2_PSK],2025-12-2 1:2:20,11,-86,34.0495453,-117.1389923,486.20,1.50,WIFI
0A:80:AE:A4:38:88,,[WPA2_PSK],2025-12-2 1:2:20,11,-88,34.0495453,-117.1389923,486.20,1.50,WIFI
EA:CB:BC:BE:B1:91,IOTConnect,[WPA2_PSK],2025-12-2 1:2:20,11,-88,34.0495453,-117.1389923,486.20,1.50,WIFI
E0:CB:BC:BE:B1:91,Lehi,[WPA2_PSK],2025-12-2 1:2:20,11,-89,34.0495453,-117.1389923,486.20,1.50,WIFI
E6:CB:BC:BE:B1:91,Liahona,[WPA2_PSK],2025-12-2 1:2:20,11,-89,34.0495453,-117.1389923,486.20,1.50,WIFI
2C:EA:DC:22:C9:02,Verizon_7N3DLR,[WPA2_PSK],2025-12-2 1:2:22,1,-73,34.0492554,-117.1389923,487.60,1.50,WIFI
DE:CB:BC:BF:04:42,,[WPA2_PSK],2025-12-2 1:2:22,1,-77,34.0492554,-117.1389923,487.60,1.50,WIFI
DE:55:3D:F3:04:EC,,[WPA2_PSK],2025-12-2 1:2:22,1,-84,34.0492554,-117.1389923,487.60,1.50,WIFI
E0:55:3D:F3:04:EC,Lehi,[WPA2_PSK],2025-12-2 1:2:22,1,-86,34.0492554,-117.1389923,487.60,1.50,WIFI
EA:55:3D:F3:04:EC,IOTConnect,[WPA2_PSK],2025-12-2 1:2:22,1,-87,34.0492554,-117.1389923,487.60,1.50,WIFI
54:B8:74:C7:CC:E3,midea_fa_0545,[OPEN],2025-12-2 1:2:22,1,-90,34.0492554,-117.1389923,487.60,1.50,WIFI
04:17:B6:37:9C:3E,,[WPA_WPA2_PSK],2025-12-2 1:2:30,7,-80,34.0485458,-117.1389847,492.10,1.50,WIFI
9E:18:65:CF:18:82,RASMEY-Guest,[WPA2_PSK],2025-12-2 1:2:31,8,-85,34.0485306,-117.1389847,492.10,1.50,WIFI
9A:18:65:CE:D8:0B,,[WPA2_PSK],2025-12-2 1:2:31,8,-85,34.0485306,-117.1389847,492.10,1.50,WIFI
94:18:65:CE:D8:0B,ORBI99,[WPA2_WPA3_PSK],2025-12-2 1:2:31,8,-86,34.0485306,-117.1389847,492.10,1.50,WIFI
9A:18:65:CF:18:82,ORBI99,[WPA2_WPA3_PSK],2025-12-2 1:2:31,8,-86,34.0485306,-117.1389847,492.10,1.50,WIFI
9E:18:65:CE:D8:0B,RASMEY-Guest,[WPA2_PSK],2025-12-2 1:2:31,8,-88,34.0485306,-117.1389847,492.10,1.50,WIFI
58:96:71:07:FB:EE,Verizon_9KM3LL,[WPA2_PSK],2025-12-2 1:2:34,11,-83,34.0484734,-117.1389694,492.50,1.50,WIFI
B0:E4:D5:79:69:5A,BrittanyL,[WPA2_PSK],2025-12-2 1:2:34,11,-86,34.0484734,-117.1389694,492.50,1.50,WIFI
D2:3F:27:40:01:91,,[WPA_WPA2_PSK],2025-12-2 1:2:34,11,-96,34.0484734,-117.1389694,492.50,1.50,WIFI
E6:55:3D:F3:04:EC,Liahona,[WPA2_PSK],2025-12-2 1:2:37,1,-88,34.0483742,-117.1388168,492.90,1.50,WIFI
24:41:FE:95:2E:4A,Verizon_VQQR4Y,[WPA2_PSK],2025-12-2 1:2:43,6,-81,34.0483589,-117.1380081,493.70,1.50,WIFI
54:B7:BD:1F:91:34,Verizon_VQX6S3,[WPA2_PSK],2025-12-2 1:2:43,6,-82,34.0483589,-117.1380081,493.70,1.50,WIFI
06:80:AE:E5:92:4F,,[WPA2_PSK],2025-12-2 1:2:43,6,-89,34.0483589,-117.1380081,493.70,1.50,WIFI
AC:91:9B:D3:0F:72,Verizon_W7W7JL,[WPA2_PSK],2025-12-2 1:2:43,6,-89,34.0483589,-117.1380081,493.70,1.50,WIFI
00:80:AE:E5:92:4F,hugh438563,[WPA2_PSK],2025-12-2 1:2:43,6,-90,34.0483589,-117.1380081,493.70,1.50,WIFI
58:96:71:57:E6:B2,Verizon_GRBG37,[WPA2_PSK],2025-12-2 1:2:43,6,-90,34.0483589,-117.1380081,493.70,1.50,WIFI
74:90:BC:AD:F7:1B,Verizon_VH4D49,[WPA2_PSK],2025-12-2 1:2:43,6,-90,34.0483589,-117.1380081,493.70,1.50,WIFI
24:41:FE:52:E8:72,Verizon_7LBVW6,[WPA2_PSK],2025-12-2 1:2:48,11,-86,34.0483551,-117.1370468,496.20,1.50,WIFI
A8:A2:37:CB:94:97,Verizon_NDV64B,[WPA2_PSK],2025-12-2 1:2:48,11,-91,34.0483551,-117.1370468,496.20,1.50,WIFI
70:F1:96:B4:32:AB,G68QL,[WPA2_PSK],2025-12-2 1:2:48,11,-93,34.0483551,-117.1370468,496.20,1.50,WIFI
14:59:C0:A0:F7:46,NETGEAR49,[WPA2_PSK],2025-12-2 1:2:57,6,-88,34.0483437,-117.1352310,502.70,1.50,WIFI
24:2D:6C:6B:2D:05,,[WPA3_PSK],2025-12-2 1:2:57,6,-90,34.0483437,-117.1352310,502.70,1.50,WIFI
1A:A7:12:2F:61:97,STARLINK,[OPEN],2025-12-2 1:3:2,11,-88,34.0483360,-117.1342010,505.50,1.50,WIFI
1A:A7:12:4F:61:97,,[WPA2_PSK],2025-12-2 1:3:2,11,-93,34.0483360,-117.1342010,505.50,1.50,WIFI
24:2D:6C:12:4E:85,,[WPA3_PSK],2025-12-2 1:3:12,6,-91,34.0483208,-117.1321716,510.20,1.50,WIFI
FA:92:BF:67:39:6F,,[WPA2_PSK],2025-12-2 1:3:17,11,-84,34.0483055,-117.1311874,512.20,1.50,WIFI
AA:6E:84:8A:DC:75,,[WPA2_PSK],2025-12-2 1:3:17,11,-88,34.0483055,-117.1311874,512.20,1.50,WIFI
5C:01:3B:F1:64:A1,PNR08IF3106C0DE0AD,[OPEN],2025-12-2 1:3:20,1,-86,34.0482864,-117.1306076,513.10,1.50,WIFI
FC:E8:C0:83:49:99,PNR08IF3105DBA70AE,[OPEN],2025-12-2 1:3:20,1,-90,34.0482864,-117.1306076,513.10,1.50,WIFI
54:B7:BD:DF:48:13,Verizon_9CD9V3,[WPA2_PSK],2025-12-2 1:3:26,6,-82,34.0482864,-117.1294632,513.60,1.50,WIFI
44:AC:85:B6:95:E6,Frontier8656,[WPA2_PSK],2025-12-2 1:3:34,1,-81,34.0482903,-117.1278458,515.30,1.50,WIFI
44:AC:85:B6:95:E3,,[WPA3_PSK],2025-12-2 1:3:34,1,-82,34.0482903,-117.1278458,515.30,1.50,WIFI
44:AC:85:B6:95:E9,,[OPEN],2025-12-2 1:3:34,1,-84,34.0482903,-117.1278458,515.30,1.50,WIFI
DC:69:B5:C7:58:63,,[WPA3_PSK],2025-12-2 1:3:39,6,-78,34.0482826,-117.1269302,518.90,1.50,WIFI
DC:69:B5:C7:58:69,,[OPEN],2025-12-2 1:3:39,6,-79,34.0482826,-117.1269302,518.90,1.50,WIFI
DC:69:B5:C7:58:66,Cowles Farm,[WPA2_PSK],2025-12-2 1:3:39,6,-80,34.0482826,-117.1269302,518.90,1.50,WIFI
DC:69:B5:C7:58:6F,Cowles Guest,[WPA2_PSK],2025-12-2 1:3:39,6,-80,34.0482826,-117.1269302,518.90,1.50,WIFI
A8:13:0B:D8:C0:42,,[WPA3_PSK],2025-12-2 1:3:39,6,-83,34.0482826,-117.1269302,518.90,1.50,WIFI
A8:13:0B:D8:C0:44,Cowles Farm,[WPA2_PSK],2025-12-2 1:3:39,6,-83,34.0482826,-117.1269302,518.90,1.50,WIFI
A8:13:0B:D8:C0:4A,Cowles Guest,[WPA2_PSK],2025-12-2 1:3:39,6,-84,34.0482826,-117.1269302,518.90,1.50,WIFI
A8:13:0B:D8:C0:46,,[OPEN],2025-12-2 1:3:39,6,-85,34.0482826,-117.1269302,518.90,1.50,WIFI
24:F3:E3:74:AE:86,31144,[WPA2_PSK],2025-12-2 1:3:44,11,-85,34.0482788,-117.1260605,520.00,1.50,WIFI
24:F3:E3:74:AE:89,,[OPEN],2025-12-2 1:3:44,11,-86,34.0482788,-117.1260605,520.00,1.50,WIFI
38:88:71:45:9F:29,Verizon_9PQLD4,[WPA2_PSK],2025-12-2 1:3:47,1,-83,34.0482712,-117.1255569,520.30,1.50,WIFI
94:F7:17:B8:A0:90,,[WPA_WPA2_PSK],2025-12-2 1:3:47,1,-88,34.0482712,-117.1255569,520.30,1.50,WIFI
5C:18:DD:91:ED:7C,,[WPA_WPA2_PSK],2025-12-2 1:3:47,1,-90,34.0482712,-117.1255569,520.30,1.50,WIFI
6E:D7:9A:7A:1A:54,,[WPA2_PSK],2025-12-2 1:3:53,6,-89,34.0482712,-117.1244965,525.80,1.50,WIFI
80:3F:5D:76:99:7A,JCW Co,[WPA2_PSK],2025-12-2 1:3:55,7,-78,34.0482635,-117.1241226,527.20,1.50,WIFI
24:F3:E3:74:AE:83,,[WPA3_PSK],2025-12-2 1:3:59,11,-83,34.0482559,-117.1233368,529.50,1.50,WIFI
E4:38:83:92:D5:5E,Moore Manor,[WPA2_PSK],2025-12-2 1:3:59,11,-93,34.0482559,-117.1233368,529.50,1.50,WIFI
22:AD:56:2D:E3:93,HotspotE393,[WPA_WPA2_PSK],2025-12-2 1:4:2,1,-55,34.0482407,-117.1227264,531.30,1.50,WIFI
00:54:AF:E4:39:E5,Hotspot39E5,[WPA_WPA2_PSK],2025-12-2 1:4:41,11,-74,34.0451698,-117.1153717,578.20,1.75,WIFI
B2:00:73:10:2A:C0,myChevroleto9olpolim,[WPA2_PSK],2025-12-2 1:4:55,11,-75,34.0430870,-117.1129150,596.10,2.00,WIFI
90:9A:4A:CC:91:D7,Lanes_2G,[WPA2_PSK],2025-12-2 1:5:35,9,-92,34.0385284,-117.1059875,637.60,2.00,WIFI
F0:7B:65:22:76:9B,SpectrumSetup-62,[WPA2_PSK],2025-12-2 1:5:37,11,-86,34.0381699,-117.1058197,637.40,2.00,WIFI
FC:3D:73:39:99:09,,[OPEN],2025-12-2 1:5:37,11,-86,34.0381699,-117.1058197,637.40,2.00,WIFI
FC:3D:73:39:99:03,,[WPA3_PSK],2025-12-2 1:5:37,11,-88,34.0381699,-117.1058197,637.40,2.00,WIFI
44:AD:B1:83:62:FE,Ferndog13,[WPA2_PSK],2025-12-2 1:5:37,11,-95,34.0381699,-117.1058197,637.40,2.00,WIFI
8A:9A:4A:CC:91:D9,,[WPA2_PSK],2025-12-2 1:5:49,9,-85,34.0366898,-117.1037598,634.10,1.75,WIFI
14:7D:05:8F:3E:AF,SpectrumSetup-AD,[WPA2_PSK],2025-12-2 1:5:52,1,-81,34.0365829,-117.1030731,635.00,1.75,WIFI
30:60:0A:FB:A6:84,,[WPA_WPA2_PSK],2025-12-2 1:5:52,1,-86,34.0365829,-117.1030731,635.00,1.75,WIFI
38:17:B1:55:29:6E,PiojoCanelo2022,[WPA2_PSK],2025-12-2 1:5:52,1,-86,34.0365829,-117.1030731,635.00,1.75,WIFI
58:96:71:CF:AE:FE,Verizon_CW4PZ4,[WPA2_PSK],2025-12-2 1:5:52,1,-88,34.0365829,-117.1030731,635.00,1.75,WIFI
78:A3:51:52:03:DC,MyRV_23000B2451800121,[WPA2_PSK],2025-12-2 1:5:52,1,-88,34.0365829,-117.1030731,635.00,1.75,WIFI
68:72:51:30:58:3E,,[WPA2_PSK],2025-12-2 1:5:52,1,-90,34.0365829,-117.1030731,635.00,1.75,WIFI
AE:6E:84:16:0D:52,,[WPA2_PSK],2025-12-2 1:5:58,4,-89,34.0365677,-117.1016464,637.00,1.75,WIFI
C8:63:FC:42:7B:7D,MySpectrumWiFi7C-2G,[WPA2_PSK],2025-12-2 1:6:0,6,-80,34.0365715,-117.1011810,637.80,1.75,WIFI
54:07:7D:3B:AF:81,Rusty Compass Ranch,[WPA2_WPA3_PSK],2025-12-2 1:6:0,6,-83,34.0365715,-117.1011810,637.80,1.75,WIFI
7C:DB:98:E7:DC:15,MySpectrumWiFi17-2G,[WPA2_PSK],2025-12-2 1:6:0,6,-84,34.0365715,-117.1011810,637.80,1.75,WIFI
14:59:C0:87:55:CF,NETGEAR21,[WPA2_PSK],2025-12-2 1:6:4,10,-87,34.0365753,-117.1003036,639.20,1.75,WIFI
28:EC:22:FE:1C:C6,Lane Family,[WPA2_PSK],2025-12-2 1:6:5,11,-84,34.0365791,-117.1000977,639.60,1.75,WIFI
28:EC:22:FE:1C:C9,,[OPEN],2025-12-2 1:6:5,11,-85,34.0365791,-117.1000977,639.60,1.75,WIFI
A6:18:88:C7:39:EA,,[WPA2_PSK],2025-12-2 1:6:8,1,-76,34.0365791,-117.0995102,639.50,1.75,WIFI
98:18:88:C7:39:EA,DB Internal,[WPA2_PSK],2025-12-2 1:6:8,1,-77,34.0365791,-117.0995102,639.50,1.75,WIFI
9E:18:88:C7:39:EA,Dutch Vibes,[WPA2_PSK],2025-12-2 1:6:8,1,-77,34.0365791,-117.0995102,639.50,1.75,WIFI
74:37:5F:A7:2B:8F,Pdawg,[WPA2_PSK],2025-12-2 1:6:14,6,-87,34.0365829,-117.0984650,635.70,1.75,WIFI
E8:AD:A6:64:42:D6,MySpectrumWiFid0-2G,[WPA2_PSK],2025-12-2 1:6:14,6,-89,34.0365829,-117.0984650,635.70,1.75,WIFI
86:7A:B6:1D:09:43,WIFIBRG001242062f37IPC70,[WPA2_PSK],2025-12-2 1:6:17,9,-84,34.0365715,-117.0979538,632.70,1.75,WIFI
86:7A:B6:4B:D7:F4,WIFIBRG001242062f37IPC247,[WPA2_PSK],2025-12-2 1:6:17,9,-88,34.0365715,-117.0979538,632.70,1.75,WIFI
00:30:44:B7:7E:E4,R980-ee3,[WPA2_PSK],2025-12-2 1:6:19,11,-84,34.0365334,-117.0976410,630.60,1.75,WIFI
FC:12:63:F3:A3:79,SpectrumSetup-7B,[WPA2_PSK],2025-12-2 1:6:19,11,-89,34.0365334,-117.0976410,630.60,1.75,WIFI
F2:72:EA:66:D0:89,BeOurGuest,[WPA2_PSK],2025-12-2 1:6:19,11,-91,34.0365334,-117.0976410,630.60,1.75,WIFI
2C:67:BE:09:6A:3B,SpectrumSetup-6A37,[WPA2_PSK],2025-12-2 1:6:21,1,-87,34.0364571,-117.0973511,628.50,1.75,WIFI
84:1E:A3:2C:89:46,SpectrumSetup-40,[WPA2_PSK],2025-12-2 1:6:21,1,-87,34.0364571,-117.0973511,628.50,1.75,WIFI
F8:AA:3F:D3:6E:9B,SpectrumSetup-99,[WPA2_PSK],2025-12-2 1:6:21,1,-88,34.0364571,-117.0973511,628.50,1.75,WIFI
64:67:72:6F:EC:CF,SpectrumSetup-CD,[WPA2_PSK],2025-12-2 1:6:21,1,-89,34.0364571,-117.0973511,628.50,1.75,WIFI
A4:97:33:B4:70:A1,SpectrumSetup-A3,[WPA2_PSK],2025-12-2 1:6:21,1,-90,34.0364571,-117.0973511,628.50,1.75,WIFI
C4:EB:42:82:C4:57,DABS28,[WPA2_WPA3_PSK],2025-12-2 1:6:21,1,-91,34.0364571,-117.0973511,628.50,1.75,WIFI
C2:C4:F9:62:E6:E6,myChevrolet E5E5,[WPA2_PSK],2025-12-2 1:6:24,2,-68,34.0363045,-117.0969391,625.60,1.75,WIFI
38:94:ED:44:8B:41,ORBI,[WPA2_PSK],2025-12-2 1:6:26,4,-87,34.0361824,-117.0966873,623.80,1.75,WIFI
3E:94:ED:44:8B:41,,[WPA2_PSK],2025-12-2 1:6:26,4,-89,34.0361824,-117.0966873,623.80,1.75,WIFI
F8:AA:3F:D2:27:4B,SpectrumSetup-49,[WPA2_PSK],2025-12-2 1:6:28,6,-76,34.0360451,-117.0964737,621.90,1.75,WIFI
F4:52:46:FB:B0:28,SpectrumSetup-A9,[WPA2_PSK],2025-12-2 1:6:28,6,-89,34.0360451,-117.0964737,621.90,1.75,WIFI
B8:66:85:C9:D1:66,MySpectrumWiFi60-2G,[WPA2_PSK],2025-12-2 1:6:28,6,-93,34.0360451,-117.0964737,621.90,1.75,WIFI
8C:85:80:7E:B5:49,,[WPA_WPA2_PSK],2025-12-2 1:6:32,10,-82,34.0356865,-117.0960541,617.00,1.75,WIFI
00:C8:96:D1:23:7A,,[WPA_WPA2_PSK],2025-12-2 1:6:32,11,-73,34.0356865,-117.0960541,617.00,1.75,WIFI
24:94:CB:1C:A2:08,Frontier1072,[WPA2_PSK],2025-12-2 1:6:32,11,-89,34.0356865,-117.0960541,617.00,1.75,WIFI
F8:08:4F:D0:D1:66,MySpectrumWiFi60-2G,[WPA2_PSK],2025-12-2 1:6:32,11,-89,34.0356865,-117.0960541,617.00,1.75,WIFI
74:37:5F:9F:CE:27,SpectrumSetup-25,[WPA2_PSK],2025-12-2 1:6:35,1,-79,34.0353622,-117.0958023,614.30,1.75,WIFI
BC:E9:2F:78:5F:D6,DIRECT-D5-HP OfficeJet Pro 6970,[WPA2_PSK],2025-12-2 1:6:35,1,-87,34.0353622,-117.0958023,614.30,1.75,WIFI
3E:E9:0E:E5:08:AB,PCL9D7J018,[WPA_WPA2_PSK],2025-12-2 1:6:35,1,-90,34.0353622,-117.0958023,614.30,1.75,WIFI
92:86:DD:AB:62:8A,,[WPA2_PSK],2025-12-2 1:6:37,2,-88,34.0351334,-117.0956726,610.10,1.75,WIFI
