WigleWifi-1.4,appRelease=v1.2.0,model=ESP32 Marauder,release=v1.2.0,device=ESP32 Marauder,display=SPI TFT,board=ESP32 Marauder,brand=JustCallMeKoko
MAC,SSID,AuthMode,FirstSeen,Channel,RSSI,CurrentLatitude,CurrentLongitude,AltitudeMeters,AccuracyMeters,Type
C0:5D:89:D0:13:89,PNR08IF3106216F090,[OPEN],2025-12-1 15:7:47,1,-79,34.0443993,-117.2011642,374.30,2.25,WIFI
1C:E8:9E:80:A6:30,[fridge]_E30AJT5123217F,[WPA2_PSK],2025-12-1 15:7:47,1,-79,34.0443993,-117.2011642,374.30,2.25,WIFI
2C:67:BE:09:97:EF,SpectrumSetup-97EB,[WPA2_PSK],2025-12-1 15:7:47,1,-82,34.0443993,-117.2011642,374.30,2.25,WIFI
1E:67:BE:09:97:E8,,[WPA2_PSK],2025-12-1 15:7:47,1,-82,34.0443993,-117.2011642,374.30,2.25,WIFI
1E:67:BE:09:97:E9,,[WPA2_PSK],2025-12-1 15:7:47,1,-83,34.0443993,-117.2011642,374.30,2.25,WIFI
58:68:7A:10:AF:17,Cookie,[WPA2_WPA3_PSK],2025-12-1 15:7:47,1,-85,34.0443993,-117.2011642,374.30,2.25,WIFI
00:C8:96:B2:DC:40,,[WPA_WPA2_PSK],2025-12-1 15:7:47,1,-89,34.0443993,-117.2011642,374.30,2.25,WIFI
80:69:1A:94:49:40,Leason2.0,[WPA2_WPA3_PSK],2025-12-1 15:7:47,1,-89,34.0443993,-117.2011642,374.30,2.25,WIFI
98:ED:5C:83:A7:13,TeslaPV_83A713,[WPA2_PSK],2025-12-1 15:7:48,2,-69,34.0443993,-117.2011642,374.30,2.25,WIFI
10:DA:43:99:AA:F6,NETGEAR29,[WPA2_PSK],2025-12-1 15:7:49,3,-78,34.0443993,-117.2011642,374.30,2.25,WIFI
04:B6:BE:86:B3:34,,[WPA_WPA2_PSK],2025-12-1 15:7:49,3,-90,34.0443993,-117.2011642,374.30,2.25,WIFI
D4:3F:32:6C:47:C3,,[WPA3_PSK],2025-12-1 15:7:52,6,-64,34.0443954,-117.2011642,374.30,2.25,WIFI
D4:3F:32:6C:47:C9,,[OPEN],2025-12-1 15:7:52,6,-64,34.0443954,-117.2011642,374.30,2.25,WIFI
D4:3F:32:6C:47:C6,durian,[WPA2_PSK],2025-12-1 15:7:52,6,-65,34.0443954,-117.2011642,374.30,2.25,WIFI
90:CA:FA:9B:59:3C,The Force,[WPA2_PSK],2025-12-1 15:7:52,6,-67,34.0443954,-117.2011642,374.30,2.25,WIFI
90:CA:FA:9B:5D:1A,The Force,[WPA2_PSK],2025-12-1 15:7:52,6,-69,34.0443954,-117.2011642,374.30,2.25,WIFI
A4:11:62:72:9A:12,ARLO_VMB_4422026869,[WPA2_PSK],2025-12-1 15:7:52,6,-69,34.0443954,-117.2011642,374.30,2.25,WIFI
90:CA:FA:9B:5C:CF,The Force,[WPA2_PSK],2025-12-1 15:7:52,6,-71,34.0443954,-117.2011642,374.30,2.25,WIFI
8A:0C:7A:D4:3E:98,,[WPA2_PSK],2025-12-1 15:7:52,6,-81,34.0443954,-117.2011642,374.30,2.25,WIFI
AA:0C:7A:D4:3E:98,,[WPA2_PSK],2025-12-1 15:7:52,6,-81,34.0443954,-117.2011642,374.30,2.25,WIFI
9C:0B:05:C3:67:C4,,[WPA3_PSK],2025-12-1 15:7:52,6,-85,34.0443954,-117.2011642,374.30,2.25,WIFI
9C:0B:05:C3:67:C7,GeorgeYaz,[WPA2_PSK],2025-12-1 15:7:52,6,-85,34.0443954,-117.2011642,374.30,2.25,WIFI
9C:0B:05:C3:67:CA,,[OPEN],2025-12-1 15:7:52,6,-86,34.0443954,-117.2011642,374.30,2.25,WIFI
FC:34:97:05:D4:D1,BeOurGuest,[WPA2_WPA3_PSK],2025-12-1 15:7:53,7,-82,34.0443954,-117.2011642,374.30,2.25,WIFI
C6:A5:11:13:4D:0C,,[WPA2_PSK],2025-12-1 15:7:56,9,-89,34.0443954,-117.2011795,374.30,2.25,WIFI
D4:05:DE:89:EE:67,Honn,[WPA2_PSK],2025-12-1 15:7:58,11,-71,34.0443954,-117.2011795,374.30,2.25,WIFI
F8:5B:3B:CE:64:39,MandC,[WPA2_PSK],2025-12-1 15:7:58,11,-73,34.0443954,-117.2011795,374.30,2.25,WIFI
9A:0C:7A:D4:2C:F8,SpectrumSetup-97EB,[WPA2_PSK],2025-12-1 15:7:58,11,-75,34.0443954,-117.2011795,374.30,2.25,WIFI
C6:47:CC:7F:68:AE,,[WPA2_PSK],2025-12-1 15:7:58,11,-79,34.0443954,-117.2011795,374.30,2.25,WIFI
24:F3:E3:08:18:03,,[WPA3_PSK],2025-12-1 15:7:58,11,-82,34.0443954,-117.2011795,374.30,2.25,WIFI
D6:47:CC:7F:68:AE,SpectrumSetup-21,[WPA2_PSK],2025-12-1 15:7:58,11,-84,34.0443954,-117.2011795,374.30,2.25,WIFI
B2:4A:39:F2:27:62,,[OPEN],2025-12-1 15:7:58,11,-86,34.0443954,-117.2011795,374.30,2.25,WIFI
48:5D:36:48:3D:46,Klausz_WiFi,[WPA2_PSK],2025-12-1 15:7:58,11,-92,34.0443954,-117.2011795,374.30,2.25,WIFI
F8:F5:32:4C:34:08,Frontier0816,[WPA2_PSK],2025-12-1 15:7:58,11,-94,34.0443954,-117.2011795,374.30,2.25,WIFI
54:04:63:FB:12:D8,,[WPA_WPA2_PSK],2025-12-1 15:8:1,1,-73,34.0443916,-117.2012024,374.30,2.25,WIFI
34:53:D2:52:09:CE,SpectrumSetup-C8,[WPA2_PSK],2025-12-1 15:8:1,1,-84,34.0443916,-117.2012024,374.30,2.25,WIFI
2A:03:EB:21:00:9C,Kaitlyn,[WPA2_PSK],2025-12-1 15:8:1,1,-89,34.0443916,-117.2012024,374.30,2.25,WIFI
60:F4:19:01:28:A3,,[WPA3_PSK],2025-12-1 15:8:7,6,-73,34.0443764,-117.2012634,374.00,2.25,WIFI
D4:05:DE:89:EE:64,,[WPA3_PSK],2025-12-1 15:8:12,11,-62,34.0443649,-117.2012863,374.20,2.25,WIFI
D4:05:DE:89:EE:6A,,[OPEN],2025-12-1 15:8:12,11,-62,34.0443649,-117.2012863,374.20,2.25,WIFI
22:48:6C:B1:A8:3B,,[WPA2_PSK],2025-12-1 15:8:12,11,-79,34.0443649,-117.2012863,374.20,2.25,WIFI
22:3E:A4:04:CF:C2,,[WPA2_PSK],2025-12-1 15:8:12,11,-83,34.0443649,-117.2012863,374.20,2.25,WIFI
02:17:1A:D5:37:06,,[WPA2_PSK],2025-12-1 15:8:12,11,-85,34.0443649,-117.2012863,374.20,2.25,WIFI
A0:8A:06:C5:85:A7,joola-2G,[WPA2_PSK],2025-12-1 15:8:12,11,-93,34.0443649,-117.2012863,374.20,2.25,WIFI
CC:40:D0:A2:8E:62,NETGEAR91,[WPA2_PSK],2025-12-1 15:8:15,1,-84,34.0444183,-117.2012939,373.90,2.25,WIFI
7E:AC:B9:BD:CB:D1,iPhoneSetup,[WPA2_PSK],2025-12-1 15:8:21,6,-82,34.0446167,-117.2014923,373.30,2.25,WIFI
7A:AC:B9:BD:CB:D1,BT_Magnolia_guest,[WPA2_PSK],2025-12-1 15:8:21,6,-82,34.0446167,-117.2014923,373.30,2.25,WIFI
44:EA:D8:1E:24:B8,ChimePro-1E24B7,[OPEN],2025-12-1 15:8:21,6,-83,34.0446167,-117.2014923,373.30,2.25,WIFI
74:AC:B9:BD:CB:D1,BT_Magnolia,[WPA2_PSK],2025-12-1 15:8:21,6,-83,34.0446167,-117.2014923,373.30,2.25,WIFI
7A:AC:B9:BD:D4:B8,BT_Magnolia_guest,[WPA2_PSK],2025-12-1 15:8:21,6,-87,34.0446167,-117.2014923,373.30,2.25,WIFI
7E:AC:B9:BD:D4:B8,iPhoneSetup,[WPA2_PSK],2025-12-1 15:8:21,6,-87,34.0446167,-117.2014923,373.30,2.25,WIFI
24:F3:E3:08:18:06,Cohen 6g,[WPA2_PSK],2025-12-1 15:8:26,11,-73,34.0448647,-117.2016983,371.50,2.25,WIFI
24:F3:E3:08:18:0F,Frontier4864 Guest,[WPA2_PSK],2025-12-1 15:8:26,11,-73,34.0448647,-117.2016983,371.50,2.25,WIFI
44:AC:85:6E:45:C6,Normanrose,[WPA2_PSK],2025-12-1 15:8:26,11,-81,34.0448647,-117.2016983,371.50,2.25,WIFI
44:AC:85:6E:45:C9,,[OPEN],2025-12-1 15:8:26,11,-82,34.0448647,-117.2016983,371.50,2.25,WIFI
30:8D:99:FB:51:2F,HP-Print-2F-ENVY 4500 series,[OPEN],2025-12-1 15:8:26,11,-93,34.0448647,-117.2016983,371.50,2.25,WIFI
A0:04:60:CE:27:AC,NETGEAR49,[WPA2_PSK],2025-12-1 15:8:29,1,-75,34.0449638,-117.2017441,371.30,2.25,WIFI
3C:04:61:9B:96:F8,Frontier2416,[WPA2_PSK],2025-12-1 15:8:29,1,-83,34.0449638,-117.2017441,371.30,2.25,WIFI
88:57:1D:51:C7:14,[range]_E30AJT7113083P,[WPA2_PSK],2025-12-1 15:8:33,4,-82,34.0450974,-117.2016373,370.70,2.25,WIFI
60:F4:19:01:28:A9,,[OPEN],2025-12-1 15:8:35,6,-67,34.0451736,-117.2015076,370.30,2.25,WIFI
60:F4:19:01:28:A6,WZWMK,[WPA2_PSK],2025-12-1 15:8:35,6,-68,34.0451736,-117.2015076,370.30,2.25,WIFI
18:A9:ED:77:E2:46,2BPB2,[WPA2_PSK],2025-12-1 15:8:35,6,-76,34.0451736,-117.2015076,370.30,2.25,WIFI
18:A9:ED:77:E2:43,,[WPA3_PSK],2025-12-1 15:8:35,6,-80,34.0451736,-117.2015076,370.30,2.25,WIFI
18:A9:ED:77:E2:49,,[OPEN],2025-12-1 15:8:35,6,-80,34.0451736,-117.2015076,370.30,2.25,WIFI
74:AC:B9:BD:D4:B8,BT_Magnolia,[WPA2_PSK],2025-12-1 15:8:35,6,-81,34.0451736,-117.2015076,370.30,2.25,WIFI
58:2F:F7:75:40:C6,SpectrumSetup-C0,[WPA2_PSK],2025-12-1 15:8:35,6,-88,34.0451736,-117.2015076,370.30,2.25,WIFI
34:60:F9:5F:7E:1B,HandB,[WPA2_PSK],2025-12-1 15:8:37,8,-83,34.0452576,-117.2013474,369.70,2.25,WIFI
44:AC:85:6E:45:C3,,[WPA3_PSK],2025-12-1 15:8:40,11,-65,34.0453491,-117.2011642,369.10,2.25,WIFI
9C:A5:70:9B:A0:03,,[WPA3_PSK],2025-12-1 15:8:40,11,-67,34.0453491,-117.2011642,369.10,2.25,WIFI
9C:A5:70:9B:A0:07,,[OPEN],2025-12-1 15:8:40,11,-67,34.0453491,-117.2011642,369.10,2.25,WIFI
9C:A5:70:9B:A0:05,Normanrose,[WPA2_PSK],2025-12-1 15:8:40,11,-72,34.0453491,-117.2011642,369.10,2.25,WIFI
66:CB:E9:7C:99:EC,[LG_Oven]99ec,[WPA2_PSK],2025-12-1 15:8:40,11,-74,34.0453491,-117.2011642,369.10,2.25,WIFI
A0:04:60:CE:27:A6,NETGEAR76,[WPA2_PSK],2025-12-1 15:8:43,1,-74,34.0453644,-117.2010803,368.80,2.25,WIFI
A0:89:66:E1:74:AC,,[WPA_WPA2_PSK],2025-12-1 15:8:43,1,-75,34.0453644,-117.2010803,368.80,2.25,WIFI
9C:C8:FC:01:AE:48,Roberts,[WPA2_PSK],2025-12-1 15:8:43,1,-77,34.0453644,-117.2010803,368.80,2.25,WIFI
80:69:1A:94:41:B4,Leason2.0,[WPA2_WPA3_PSK],2025-12-1 15:8:43,1,-79,34.0453644,-117.2010803,368.80,2.25,WIFI
86:69:1A:94:41:B4,,[WPA2_WPA3_PSK],2025-12-1 15:8:43,1,-79,34.0453644,-117.2010803,368.80,2.25,WIFI
C8:B4:22:05:E5:E7,Cooks Retreat,[WPA2_PSK],2025-12-1 15:8:43,1,-80,34.0453644,-117.2010803,368.80,2.25,WIFI
F0:81:75:08:78:E6,MySpectrumWiFie0-2G,[WPA2_PSK],2025-12-1 15:8:43,1,-84,34.0453644,-117.2010803,368.80,2.25,WIFI
C4:8E:8F:E4:98:76,WIFIE49872,[WPA2_PSK],2025-12-1 15:8:43,1,-85,34.0453644,-117.2010803,368.80,2.25,WIFI
86:69:1A:94:41:18,,[WPA2_WPA3_PSK],2025-12-1 15:8:43,1,-90,34.0453644,-117.2010803,368.80,2.25,WIFI
54:07:7D:29:B6:91,,[WPA2_PSK],2025-12-1 15:8:46,3,-84,34.0453072,-117.2009659,368.90,2.25,WIFI
5A:07:7D:29:B6:91,ORBI26,[WPA2_PSK],2025-12-1 15:8:46,3,-85,34.0453072,-117.2009659,368.90,2.25,WIFI
D0:16:7C:8D:8B:E5,curtanddi,[WPA2_PSK],2025-12-1 15:8:49,6,-70,34.0451279,-117.2008133,369.10,2.25,WIFI
D0:16:7C:8D:8B:E7,,[OPEN],2025-12-1 15:8:49,6,-71,34.0451279,-117.2008133,369.10,2.25,WIFI
D0:16:7C:8D:8B:E3,,[WPA3_PSK],2025-12-1 15:8:49,6,-71,34.0451279,-117.2008133,369.10,2.25,WIFI
64:D9:C2:CF:93:C6,Calderon Family,[WPA2_PSK],2025-12-1 15:8:49,6,-79,34.0451279,-117.2008133,369.10,2.25,WIFI
64:D9:C2:CF:93:C9,,[OPEN],2025-12-1 15:8:49,6,-80,34.0451279,-117.2008133,369.10,2.25,WIFI
C6:8E:8F:5C:3E:15,DIRECT-15-HP M277 LaserJet,[WPA2_PSK],2025-12-1 15:8:49,6,-88,34.0451279,-117.2008133,369.10,2.25,WIFI
22:3E:A4:9A:0C:40,,[WPA2_PSK],2025-12-1 15:8:51,8,-84,34.0449600,-117.2006912,369.50,2.25,WIFI
00:23:A7:D8:D9:89,TEG-1Y9,[WPA_WPA2_PSK],2025-12-1 15:8:54,11,-84,34.0446815,-117.2004623,370.70,2.25,WIFI
86:69:1A:94:49:40,,[WPA2_WPA3_PSK],2025-12-1 15:8:57,1,-78,34.0443764,-117.2002335,371.90,2.25,WIFI
5E:07:7D:29:B6:91,ORBI26-Guest,[WPA2_PSK],2025-12-1 15:9:0,3,-52,34.0440865,-117.1999969,372.70,2.25,WIFI
5A:07:7D:29:9B:86,ORBI26,[WPA2_PSK],2025-12-1 15:9:0,3,-64,34.0440865,-117.1999969,372.70,2.25,WIFI
EC:9A:74:3B:9C:68,HP-Print-68-Photosmart 6520,[OPEN],2025-12-1 15:9:0,3,-66,34.0440865,-117.1999969,372.70,2.25,WIFI
5E:07:7D:29:9B:86,ORBI26-Guest,[WPA2_PSK],2025-12-1 15:9:0,3,-72,34.0440865,-117.1999969,372.70,2.25,WIFI
54:07:7D:0E:3B:3F,JSF2235,[WPA2_PSK],2025-12-1 15:9:2,5,-85,34.0438957,-117.1998444,373.40,2.25,WIFI
18:A9:ED:55:E5:83,,[WPA3_PSK],2025-12-1 15:9:3,6,-67,34.0438080,-117.1997833,373.90,2.25,WIFI
18:A9:ED:55:E5:89,,[OPEN],2025-12-1 15:9:3,6,-68,34.0438080,-117.1997833,373.90,2.25,WIFI
18:A9:ED:55:E5:86,Endres Linksys,[WPA2_PSK],2025-12-1 15:9:3,6,-70,34.0438080,-117.1997833,373.90,2.25,WIFI
18:A9:ED:46:CE:46,Endres Linksys,[WPA2_PSK],2025-12-1 15:9:3,6,-78,34.0438080,-117.1997833,373.90,2.25,WIFI
18:A9:ED:46:CE:43,,[WPA3_PSK],2025-12-1 15:9:3,6,-79,34.0438080,-117.1997833,373.90,2.25,WIFI
78:76:89:2D:85:47,CoolCasa,[WPA2_PSK],2025-12-1 15:9:3,6,-81,34.0438080,-117.1997833,373.90,2.25,WIFI
00:AB:48:15:77:A7,,[OPEN],2025-12-1 15:9:3,6,-82,34.0438080,-117.1997833,373.90,2.25,WIFI
00:AB:48:15:77:A3,,[WPA3_PSK],2025-12-1 15:9:3,6,-82,34.0438080,-117.1997833,373.90,2.25,WIFI
00:AB:48:15:77:A5,I believe Wi can Fi,[WPA2_PSK],2025-12-1 15:9:3,6,-82,34.0438080,-117.1997833,373.90,2.25,WIFI
00:AB:48:18:C5:C7,,[OPEN],2025-12-1 15:9:3,6,-83,34.0438080,-117.1997833,373.90,2.25,WIFI
78:76:89:2D:85:44,,[WPA3_PSK],2025-12-1 15:9:3,6,-84,34.0438080,-117.1997833,373.90,2.25,WIFI
00:AB:48:18:C5:C5,I believe Wi can Fi,[WPA2_PSK],2025-12-1 15:9:3,6,-84,34.0438080,-117.1997833,373.90,2.25,WIFI
78:76:89:2D:85:4A,,[OPEN],2025-12-1 15:9:3,6,-85,34.0438080,-117.1997833,373.90,2.25,WIFI
00:AB:48:18:C5:C3,,[WPA3_PSK],2025-12-1 15:9:3,6,-85,34.0438080,-117.1997833,373.90,2.25,WIFI
78:76:89:36:98:E4,,[WPA3_PSK],2025-12-1 15:9:3,6,-85,34.0438080,-117.1997833,373.90,2.25,WIFI
D0:16:7C:44:17:67,,[OPEN],2025-12-1 15:9:3,6,-85,34.0438080,-117.1997833,373.90,2.25,WIFI
24:F3:E3:6F:F7:83,,[WPA3_PSK],2025-12-1 15:9:3,6,-86,34.0438080,-117.1997833,373.90,2.25,WIFI
24:F3:E3:6F:F7:86,Endres Linksys,[WPA2_PSK],2025-12-1 15:9:3,6,-86,34.0438080,-117.1997833,373.90,2.25,WIFI
78:76:89:36:98:EA,,[OPEN],2025-12-1 15:9:3,6,-86,34.0438080,-117.1997833,373.90,2.25,WIFI
E2:85:4D:C2:E6:8A,,[WPA2_PSK],2025-12-1 15:9:3,6,-89,34.0438080,-117.1997833,373.90,2.25,WIFI
98:6B:3D:D8:7E:B0,Dolly4595,[WPA_WPA2_PSK],2025-12-1 15:9:6,8,-79,34.0436096,-117.1996231,375.00,2.25,WIFI
F8:5B:3B:6F:41:44,DONEL,[WPA2_PSK],2025-12-1 15:9:9,11,-67,34.0435295,-117.1995697,375.70,2.25,WIFI
98:F7:81:E8:DA:18,Frontier5104,[WPA2_PSK],2025-12-1 15:9:9,11,-81,34.0435295,-117.1995697,375.70,2.25,WIFI
94:F7:17:7D:71:18,,[WPA_WPA2_PSK],2025-12-1 15:9:11,1,-73,34.0435333,-117.1995697,375.50,2.25,WIFI
A0:8A:06:B0:7B:E7,SpectrumSetup-C8,[WPA2_PSK],2025-12-1 15:9:11,1,-75,34.0435333,-117.1995697,375.50,2.25,WIFI
F8:1A:2B:02:61:ED,Casa google,[WPA2_PSK],2025-12-1 15:9:11,1,-76,34.0435333,-117.1995697,375.50,2.25,WIFI
28:EC:22:BB:7B:06,NETGEAR99,[WPA2_PSK],2025-12-1 15:9:11,1,-86,34.0435333,-117.1995697,375.50,2.25,WIFI
60:57:47:9C:8A:36,,[WPA_WPA2_PSK],2025-12-1 15:9:11,1,-87,34.0435333,-117.1995697,375.50,2.25,WIFI
54:07:7D:29:9B:86,,[WPA2_PSK],2025-12-1 15:9:15,3,-83,34.0435028,-117.1995392,375.00,2.25,WIFI
18:A9:ED:46:CE:49,,[OPEN],2025-12-1 15:9:18,6,-61,34.0433846,-117.1994476,375.20,2.25,WIFI
D0:16:7C:44:17:65,OMECH5-BME3,[WPA2_PSK],2025-12-1 15:9:18,6,-69,34.0433846,-117.1994476,375.20,2.25,WIFI
24:F3:E3:6F:F7:89,,[OPEN],2025-12-1 15:9:18,6,-70,34.0433846,-117.1994476,375.20,2.25,WIFI
D0:16:7C:44:17:63,,[WPA3_PSK],2025-12-1 15:9:18,6,-71,34.0433846,-117.1994476,375.20,2.25,WIFI
7E:57:58:E3:E2:82,DIRECT-82-HP Smart Tank 6000,[WPA2_PSK],2025-12-1 15:9:18,6,-83,34.0433846,-117.1994476,375.20,2.25,WIFI
78:76:89:36:98:E7,CoolCasa,[WPA2_PSK],2025-12-1 15:9:18,6,-85,34.0433846,-117.1994476,375.20,2.25,WIFI
E6:FA:C4:2C:FE:C3,,[WPA2_PSK],2025-12-1 15:9:21,9,-80,34.0432625,-117.1993484,375.10,2.25,WIFI
E4:FA:C4:2C:FE:C3,Silverstreet,[WPA2_PSK],2025-12-1 15:9:21,9,-81,34.0432625,-117.1993484,375.10,2.25,WIFI
AA:48:FA:E2:DE:7F,CXL0CE400M,[WPA_WPA2_PSK],2025-12-1 15:9:25,1,-70,34.0430222,-117.1991653,375.90,2.25,WIFI
20:3A:0C:D1:F5:43,,[WPA3_PSK],2025-12-1 15:9:25,1,-72,34.0430222,-117.1991653,375.90,2.25,WIFI
92:EB:B6:74:01:C5,,[WPA2_PSK],2025-12-1 15:9:28,2,-63,34.0427742,-117.1989594,376.70,2.25,WIFI
14:EB:B6:74:01:C3,Husbander-tron,[WPA2_PSK],2025-12-1 15:9:28,2,-64,34.0427742,-117.1989594,376.70,2.25,WIFI
9C:57:BC:9D:DA:A9,,[OPEN],2025-12-1 15:9:32,6,-44,34.0423965,-117.1986542,378.10,2.25,WIFI
9C:57:BC:9D:DA:A6,KAL,[WPA2_PSK],2025-12-1 15:9:32,6,-46,34.0423965,-117.1986542,378.10,2.25,WIFI
9C:57:BC:9D:DA:A3,,[WPA3_PSK],2025-12-1 15:9:32,6,-50,34.0423965,-117.1986542,378.10,2.25,WIFI
9C:57:BC:98:E0:C9,,[OPEN],2025-12-1 15:9:32,6,-63,34.0423965,-117.1986542,378.10,2.25,WIFI
9C:57:BC:98:E0:C6,KAL,[WPA2_PSK],2025-12-1 15:9:32,6,-66,34.0423965,-117.1986542,378.10,2.25,WIFI
22:3E:A4:90:93:F2,,[WPA2_PSK],2025-12-1 15:9:32,6,-66,34.0423965,-117.1986542,378.10,2.25,WIFI
9C:57:BC:98:E0:C3,,[WPA3_PSK],2025-12-1 15:9:32,6,-66,34.0423965,-117.1986542,378.10,2.25,WIFI
C8:C6:FE:77:BA:C3,,[WPA3_PSK],2025-12-1 15:9:32,6,-78,34.0423965,-117.1986542,378.10,2.25,WIFI
B2:91:9B:C1:1A:BA,Verizon_Z4TGCG-Guest,[WPA2_PSK],2025-12-1 15:9:32,6,-79,34.0423965,-117.1986542,378.10,2.25,WIFI
24:2D:6C:77:CD:08,thunder chicken ,[WPA2_PSK],2025-12-1 15:9:32,6,-79,34.0423965,-117.1986542,378.10,2.25,WIFI
08:9B:F1:18:40:E5,Hardins,[WPA2_PSK],2025-12-1 15:9:32,6,-79,34.0423965,-117.1986542,378.10,2.25,WIFI
08:9B:F1:18:40:E7,,[OPEN],2025-12-1 15:9:32,6,-79,34.0423965,-117.1986542,378.10,2.25,WIFI
08:9B:F1:18:40:E3,,[WPA3_PSK],2025-12-1 15:9:32,6,-79,34.0423965,-117.1986542,378.10,2.25,WIFI
24:2D:6C:45:2E:08,thunder chicken ,[WPA2_PSK],2025-12-1 15:9:32,6,-80,34.0423965,-117.1986542,378.10,2.25,WIFI
10:C3:7B:D3:2F:10,ASUS_24GHz,[WPA2_PSK],2025-12-1 15:9:32,6,-85,34.0423965,-117.1986542,378.10,2.25,WIFI
08:9B:F1:18:85:E5,Hardins,[WPA2_PSK],2025-12-1 15:9:32,6,-87,34.0423965,-117.1986542,378.10,2.25,WIFI
04:79:B7:FE:45:14,,[WPA2_PSK],2025-12-1 15:9:32,6,-91,34.0423965,-117.1986542,378.10,2.25,WIFI
6C:CD:D6:E2:9D:01,SLAWSOMENESS,[WPA2_PSK],2025-12-1 15:9:36,9,-71,34.0419922,-117.1983337,379.50,2.25,WIFI
72:CD:D6:E2:9D:01,,[WPA2_PSK],2025-12-1 15:9:36,9,-71,34.0419922,-117.1983337,379.50,2.25,WIFI
72:CD:D6:E2:F6:5A,SLAWSOMENESS,[WPA2_PSK],2025-12-1 15:9:36,9,-83,34.0419922,-117.1983337,379.50,2.25,WIFI
A2:A2:F4:4E:E8:52,,[WPA2_PSK],2025-12-1 15:9:37,10,-70,34.0418930,-117.1982574,380.30,2.25,WIFI
9C:A2:F4:4E:E8:56,kal-mesh,[WPA2_PSK],2025-12-1 15:9:37,10,-71,34.0418930,-117.1982574,380.30,2.25,WIFI
9C:A2:F4:4E:E8:52,kal-mesh,[WPA2_PSK],2025-12-1 15:9:37,10,-71,34.0418930,-117.1982574,380.30,2.25,WIFI
8C:85:80:EF:D6:79,,[WPA_WPA2_PSK],2025-12-1 15:9:38,11,-51,34.0417938,-117.1981735,380.80,2.25,WIFI
24:F3:E3:60:1B:03,,[WPA3_PSK],2025-12-1 15:9:38,11,-69,34.0417938,-117.1981735,380.80,2.25,WIFI
24:F3:E3:60:1B:09,,[OPEN],2025-12-1 15:9:38,11,-71,34.0417938,-117.1981735,380.80,2.25,WIFI
24:F3:E3:60:1B:06,extrafreakybob,[WPA2_PSK],2025-12-1 15:9:38,11,-71,34.0417938,-117.1981735,380.80,2.25,WIFI
24:F3:E3:61:CD:C3,,[WPA3_PSK],2025-12-1 15:9:38,11,-71,34.0417938,-117.1981735,380.80,2.25,WIFI
30:57:8E:F3:B9:65,,[OPEN],2025-12-1 15:9:41,1,-65,34.0414886,-117.1979370,383.00,2.25,WIFI
30:57:8E:F3:B9:61,,[WPA3_PSK],2025-12-1 15:9:41,1,-66,34.0414886,-117.1979370,383.00,2.25,WIFI
30:57:8E:F3:B9:63,Rockhound1948,[WPA2_PSK],2025-12-1 15:9:41,1,-66,34.0414886,-117.1979370,383.00,2.25,WIFI
80:DA:13:93:7B:09,,[OPEN],2025-12-1 15:9:41,1,-67,34.0414886,-117.1979370,383.00,2.25,WIFI
80:DA:13:93:7B:03,,[WPA3_PSK],2025-12-1 15:9:41,1,-67,34.0414886,-117.1979370,383.00,2.25,WIFI
80:DA:13:93:7B:06,Rockhound1948,[WPA2_PSK],2025-12-1 15:9:41,1,-67,34.0414886,-117.1979370,383.00,2.25,WIFI
18:90:88:01:3A:E1,,[WPA3_PSK],2025-12-1 15:9:41,1,-74,34.0414886,-117.1979370,383.00,2.25,WIFI
80:DA:13:25:6D:65,,[OPEN],2025-12-1 15:9:41,1,-76,34.0414886,-117.1979370,383.00,2.25,WIFI
80:DA:13:25:6D:63,Rockhound1948,[WPA2_PSK],2025-12-1 15:9:41,1,-77,34.0414886,-117.1979370,383.00,2.25,WIFI
24:2D:6C:23:71:0B,,[OPEN],2025-12-1 15:9:47,6,-51,34.0409546,-117.1975021,388.30,2.00,WIFI
24:2D:6C:23:71:05,,[WPA3_PSK],2025-12-1 15:9:47,6,-52,34.0409546,-117.1975021,388.30,2.00,WIFI
24:2D:6C:23:71:08,Frontier0536,[WPA2_PSK],2025-12-1 15:9:47,6,-57,34.0409546,-117.1975021,388.30,2.00,WIFI
48:DD:0C:39:DA:47,,[OPEN],2025-12-1 15:9:47,6,-71,34.0409546,-117.1975021,388.30,2.00,WIFI
48:DD:0C:39:DA:43,,[WPA3_PSK],2025-12-1 15:9:47,6,-71,34.0409546,-117.1975021,388.30,2.00,WIFI
48:DD:0C:39:DA:45,Loki,[WPA2_PSK],2025-12-1 15:9:47,6,-71,34.0409546,-117.1975021,388.30,2.00,WIFI
18:90:88:32:69:A5,,[OPEN],2025-12-1 15:9:47,6,-72,34.0409546,-117.1975021,388.30,2.00,WIFI
18:90:88:32:69:A1,,[WPA3_PSK],2025-12-1 15:9:47,6,-73,34.0409546,-117.1975021,388.30,2.00,WIFI
18:90:88:32:69:A3,Loki,[WPA2_PSK],2025-12-1 15:9:47,6,-73,34.0409546,-117.1975021,388.30,2.00,WIFI
80:3F:5D:79:CE:BC,WAVLINK-N_CEBA,[WPA2_PSK],2025-12-1 15:9:47,6,-78,34.0409546,-117.1975021,388.30,2.00,WIFI
90:D3:CF:D9:A4:8F,SpectrumSetup-A492,[WPA2_PSK],2025-12-1 15:9:47,6,-81,34.0409546,-117.1975021,388.30,2.00,WIFI
48:DD:0C:80:F6:63,,[WPA3_PSK],2025-12-1 15:9:47,6,-85,34.0409546,-117.1975021,388.30,2.00,WIFI
CC:28:AA:57:4C:30,Finn's World,[WPA2_PSK],2025-12-1 15:9:47,7,-66,34.0409546,-117.1975021,388.30,2.00,WIFI
6C:CD:D6:E2:F6:5A,,[WPA2_PSK],2025-12-1 15:9:51,9,-83,34.0406570,-117.1972656,389.70,2.00,WIFI
F0:B6:61:B4:94:4A,,[OPEN],2025-12-1 15:9:52,11,-60,34.0405998,-117.1972275,389.90,2.00,WIFI
F0:B6:61:B4:94:44,,[WPA3_PSK],2025-12-1 15:9:52,11,-61,34.0405998,-117.1972275,389.90,2.00,WIFI
F0:B6:61:B4:94:47,111-EE50,[WPA2_PSK],2025-12-1 15:9:52,11,-61,34.0405998,-117.1972275,389.90,2.00,WIFI
B0:4E:26:80:DA:63,TP-Link_DA63,[WPA_WPA2_PSK],2025-12-1 15:9:52,11,-82,34.0405998,-117.1972275,389.90,2.00,WIFI
28:BD:89:F2:63:00,DUW3RK,[WPA2_PSK],2025-12-1 15:9:52,11,-84,34.0405998,-117.1972275,389.90,2.00,WIFI
F0:B6:61:07:1B:24,,[WPA3_PSK],2025-12-1 15:9:52,11,-84,34.0405998,-117.1972275,389.90,2.00,WIFI
F0:B6:61:07:1B:2A,,[OPEN],2025-12-1 15:9:52,11,-85,34.0405998,-117.1972275,389.90,2.00,WIFI
E4:19:7F:D5:C0:83,,[WPA3_PSK],2025-12-1 15:9:52,11,-88,34.0405998,-117.1972275,389.90,2.00,WIFI
A0:55:1F:15:A5:39,SpectrumSetup-A533,[WPA2_PSK],2025-12-1 15:9:52,11,-89,34.0405998,-117.1972275,389.90,2.00,WIFI
4A:55:19:05:96:C2,Tineco_0351,[OPEN],2025-12-1 15:9:56,1,-80,34.0404930,-117.1971359,390.20,2.00,WIFI
82:48:B8:F3:22:45,,[WPA2_PSK],2025-12-1 15:9:59,3,-82,34.0404282,-117.1970825,390.70,2.00,WIFI
82:48:B8:F3:22:44,Proxima,[WPA2_PSK],2025-12-1 15:9:59,3,-82,34.0404282,-117.1970825,390.70,2.00,WIFI
82:48:B8:F3:22:46,CLM1,[WPA2_PSK],2025-12-1 15:9:59,3,-83,34.0404282,-117.1970825,390.70,2.00,WIFI
90:BF:D9:42:95:6B,,[WPA_WPA2_PSK],2025-12-1 15:10:0,4,-87,34.0403862,-117.1970444,390.70,2.00,WIFI
B0:6A:41:B5:D3:3A,Netgear,[WPA2_PSK],2025-12-1 15:10:2,6,-74,34.0403023,-117.1969833,390.60,2.00,WIFI
F8:BC:0E:2E:49:09,,[OPEN],2025-12-1 15:10:2,6,-74,34.0403023,-117.1969833,390.60,2.00,WIFI
F8:BC:0E:2E:49:03,,[WPA3_PSK],2025-12-1 15:10:2,6,-74,34.0403023,-117.1969833,390.60,2.00,WIFI
F8:BC:0E:2E:49:06,Loki,[WPA2_PSK],2025-12-1 15:10:2,6,-74,34.0403023,-117.1969833,390.60,2.00,WIFI
18:90:88:2F:9D:53,Loki,[WPA2_PSK],2025-12-1 15:10:2,6,-75,34.0403023,-117.1969833,390.60,2.00,WIFI
18:90:88:2F:9D:55,,[OPEN],2025-12-1 15:10:2,6,-83,34.0403023,-117.1969833,390.60,2.00,WIFI
2C:30:33:46:2B:79,Network_ASH,[WPA2_PSK],2025-12-1 15:10:2,6,-84,34.0403023,-117.1969833,390.60,2.00,WIFI
18:90:88:2F:9D:51,,[WPA3_PSK],2025-12-1 15:10:2,6,-84,34.0403023,-117.1969833,390.60,2.00,WIFI
4C:19:5D:3D:1C:4F,SpectrumSetup-49,[WPA2_PSK],2025-12-1 15:10:2,6,-87,34.0403023,-117.1969833,390.60,2.00,WIFI
16:27:F5:97:8F:82,,[WPA2_PSK],2025-12-1 15:10:4,8,-90,34.0401917,-117.1969223,390.70,2.00,WIFI
B0:39:56:4F:60:89,NETGEAR43,[WPA2_PSK],2025-12-1 15:10:5,9,-70,34.0401230,-117.1968918,390.90,2.00,WIFI
44:33:4C:CE:1B:96,GMG_DC_573,[WPA2_PSK],2025-12-1 15:10:5,9,-81,34.0401230,-117.1968918,390.90,2.00,WIFI
F0:B6:61:07:1B:27,111-EE50,[WPA2_PSK],2025-12-1 15:10:7,11,-65,34.0399666,-117.1968079,391.70,2.00,WIFI
A8:11:FC:A4:15:98,Frontier2256,[WPA2_PSK],2025-12-1 15:10:7,11,-76,34.0399666,-117.1968079,391.70,2.00,WIFI
64:DA:ED:50:5E:23,,[WPA3_PSK],2025-12-1 15:10:7,11,-76,34.0399666,-117.1968079,391.70,2.00,WIFI
64:DA:ED:50:5E:27,,[OPEN],2025-12-1 15:10:7,11,-76,34.0399666,-117.1968079,391.70,2.00,WIFI
64:DA:ED:50:5E:25,FiOS-HL8M8,[WPA2_PSK],2025-12-1 15:10:7,11,-76,34.0399666,-117.1968079,391.70,2.00,WIFI
C8:A7:0A:99:04:C4,FiOS-NMYWL,[WPA2_PSK],2025-12-1 15:10:7,11,-83,34.0399666,-117.1968079,391.70,2.00,WIFI
FA:25:51:DE:96:CA,DIRECT-if-EPSON-XP-7100 Series,[WPA2_PSK],2025-12-1 15:10:7,11,-84,34.0399666,-117.1968079,391.70,2.00,WIFI
82:E8:2C:89:CC:38,DIRECT-38-HP ENVY Photo 7800,[WPA2_PSK],2025-12-1 15:10:7,11,-88,34.0399666,-117.1968079,391.70,2.00,WIFI
90:9D:7D:29:27:08,Frontier4176,[WPA2_PSK],2025-12-1 15:10:10,1,-88,34.0397110,-117.1966400,393.40,2.00,WIFI
0A:55:1F:37:AB:14,,[WPA2_PSK],2025-12-1 15:10:16,6,-61,34.0391884,-117.1962204,397.10,2.00,WIFI
A0:55:1F:37:AB:12,SpectrumSetup-AB0C,[WPA2_PSK],2025-12-1 15:10:16,6,-62,34.0391884,-117.1962204,397.10,2.00,WIFI
0A:55:1F:37:AB:13,,[WPA2_PSK],2025-12-1 15:10:16,6,-62,34.0391884,-117.1962204,397.10,2.00,WIFI
10:0C:6B:FF:99:71,,[WPA2_PSK],2025-12-1 15:10:18,8,-59,34.0390205,-117.1960907,398.50,2.00,WIFI
16:0C:6B:FF:99:71,SpectrumSetup-07,[WPA2_PSK],2025-12-1 15:10:18,8,-60,34.0390205,-117.1960907,398.50,2.00,WIFI
1A:0C:6B:FA:29:68,SpectrumSetup-07-Guest,[WPA2_PSK],2025-12-1 15:10:18,8,-61,34.0390205,-117.1960907,398.50,2.00,WIFI
10:0C:6B:FA:29:68,SpectrumSetup-07,[WPA2_PSK],2025-12-1 15:10:18,8,-61,34.0390205,-117.1960907,398.50,2.00,WIFI
16:0C:6B:FA:29:68,,[WPA2_PSK],2025-12-1 15:10:18,8,-62,34.0390205,-117.1960907,398.50,2.00,WIFI
1A:0C:6B:FF:99:71,SpectrumSetup-07-Guest,[WPA2_PSK],2025-12-1 15:10:18,8,-62,34.0390205,-117.1960907,398.50,2.00,WIFI
1A:0C:6B:FF:99:59,SpectrumSetup-07-Guest,[WPA2_PSK],2025-12-1 15:10:18,8,-66,34.0390205,-117.1960907,398.50,2.00,WIFI
16:0C:6B:FF:99:59,SpectrumSetup-07,[WPA2_PSK],2025-12-1 15:10:18,8,-67,34.0390205,-117.1960907,398.50,2.00,WIFI
48:5D:36:1F:C0:CC,FiOS-OEQ3H,[WPA2_PSK],2025-12-1 15:10:21,11,-67,34.0387955,-117.1959076,400.00,2.00,WIFI
F0:7B:65:25:25:E1,SpectrumSetup-25DB,[WPA2_PSK],2025-12-1 15:10:21,11,-69,34.0387955,-117.1959076,400.00,2.00,WIFI
FC:3D:73:49:E4:46,DNPN8,[WPA2_PSK],2025-12-1 15:10:21,11,-75,34.0387955,-117.1959076,400.00,2.00,WIFI
FC:3D:73:49:E4:43,,[WPA3_PSK],2025-12-1 15:10:21,11,-77,34.0387955,-117.1959076,400.00,2.00,WIFI
64:D9:C2:F3:6D:46,milowifi,[WPA2_PSK],2025-12-1 15:10:24,1,-42,34.0386162,-117.1957626,400.70,2.00,WIFI
64:D9:C2:F3:6D:43,,[WPA3_PSK],2025-12-1 15:10:24,1,-44,34.0386162,-117.1957626,400.70,2.00,WIFI
64:D9:C2:F3:6D:49,,[OPEN],2025-12-1 15:10:24,1,-45,34.0386162,-117.1957626,400.70,2.00,WIFI
94:CD:FD:5C:30:43,,[WPA3_PSK],2025-12-1 15:10:24,1,-67,34.0386162,-117.1957626,400.70,2.00,WIFI
94:CD:FD:5C:30:49,,[OPEN],2025-12-1 15:10:24,1,-67,34.0386162,-117.1957626,400.70,2.00,WIFI
94:F7:17:EC:16:C0,,[WPA_WPA2_PSK],2025-12-1 15:10:24,1,-75,34.0386162,-117.1957626,400.70,2.00,WIFI
CC:40:D0:9A:BD:25,Kids_WiFi_Access2,[WPA2_PSK],2025-12-1 15:10:27,3,-92,34.0384789,-117.1956558,401.10,2.00,WIFI
44:EE:14:EA:29:05,ENVOY_003752,[OPEN],2025-12-1 15:10:29,5,-80,34.0383987,-117.1956024,401.30,2.00,WIFI
7A:62:8B:45:25:30,Hillz24,[WPA2_PSK],2025-12-1 15:10:29,5,-93,34.0383987,-117.1956024,401.30,2.00,WIFI
78:76:89:C1:C9:E4,Mueller WiFi,[WPA2_PSK],2025-12-1 15:10:30,6,-61,34.0383606,-117.1955643,401.40,2.00,WIFI
B4:B9:E6:44:DA:A4,,[WPA3_PSK],2025-12-1 15:10:30,6,-66,34.0383606,-117.1955643,401.40,2.00,WIFI
B4:B9:E6:44:DA:A8,,[OPEN],2025-12-1 15:10:30,6,-66,34.0383606,-117.1955643,401.40,2.00,WIFI
78:76:89:C1:C9:E2,,[WPA3_PSK],2025-12-1 15:10:30,6,-67,34.0383606,-117.1955643,401.40,2.00,WIFI
78:76:89:C1:C9:E6,,[OPEN],2025-12-1 15:10:30,6,-67,34.0383606,-117.1955643,401.40,2.00,WIFI
B4:B9:E6:44:DA:A6,Mueller WiFi,[WPA2_PSK],2025-12-1 15:10:30,6,-69,34.0383606,-117.1955643,401.40,2.00,WIFI
9C:0B:05:BA:15:87,sup,[WPA2_PSK],2025-12-1 15:10:30,6,-86,34.0383606,-117.1955643,401.40,2.00,WIFI
FA:8F:CA:85:77:81,Chromecast0472.b_,[OPEN],2025-12-1 15:10:30,6,-87,34.0383606,-117.1955643,401.40,2.00,WIFI
9C:0B:05:BA:15:84,,[WPA3_PSK],2025-12-1 15:10:30,6,-87,34.0383606,-117.1955643,401.40,2.00,WIFI
9C:0B:05:BA:15:8A,,[OPEN],2025-12-1 15:10:30,6,-88,34.0383606,-117.1955643,401.40,2.00,WIFI
50:91:E3:0C:D9:D8,NETGEAR73,[WPA2_PSK],2025-12-1 15:10:33,9,-75,34.0382385,-117.1954727,402.20,2.00,WIFI
FC:3D:73:49:E4:49,,[OPEN],2025-12-1 15:10:35,11,-66,34.0381966,-117.1954498,402.50,2.00,WIFI
FC:3D:73:41:26:43,,[WPA3_PSK],2025-12-1 15:10:35,11,-69,34.0381966,-117.1954498,402.50,2.00,WIFI
FC:3D:73:41:26:49,,[OPEN],2025-12-1 15:10:35,11,-69,34.0381966,-117.1954498,402.50,2.00,WIFI
FC:3D:73:41:26:46,DNPN8,[WPA2_PSK],2025-12-1 15:10:35,11,-70,34.0381966,-117.1954498,402.50,2.00,WIFI
FC:3D:73:49:40:83,,[WPA3_PSK],2025-12-1 15:10:35,11,-73,34.0381966,-117.1954498,402.50,2.00,WIFI
FC:3D:73:49:40:89,,[OPEN],2025-12-1 15:10:35,11,-73,34.0381966,-117.1954498,402.50,2.00,WIFI
FC:3D:73:49:40:86,DNPN8,[WPA2_PSK],2025-12-1 15:10:35,11,-73,34.0381966,-117.1954498,402.50,2.00,WIFI
18:1B:EB:F2:5B:7E,729HS,[WPA_WPA2_PSK],2025-12-1 15:10:35,11,-88,34.0381966,-117.1954498,402.50,2.00,WIFI
08:7B:12:62:1F:C6,SpectrumSetup-C0,[WPA2_PSK],2025-12-1 15:10:35,11,-90,34.0381966,-117.1954498,402.50,2.00,WIFI
A0:55:1F:26:E8:D1,apcpmp,[WPA2_PSK],2025-12-1 15:10:36,1,-78,34.0381927,-117.1954422,402.70,2.00,WIFI
7E:4D:8F:58:34:BE,DIRECT-BE-HP OfficeJet 8010,[WPA2_PSK],2025-12-1 15:10:36,1,-82,34.0381927,-117.1954422,402.70,2.00,WIFI
2C:AB:33:A9:91:B5,ENVOY_019358,[OPEN],2025-12-1 15:10:40,2,-78,34.0381927,-117.1954422,402.80,2.00,WIFI
7C:0C:F6:0B:C6:AC,Dash-0000,[WPA2_PSK],2025-12-1 15:10:44,6,-64,34.0380630,-117.1952896,403.20,2.00,WIFI
84:70:D7:27:2D:27,sup,[WPA2_PSK],2025-12-1 15:10:44,6,-70,34.0380630,-117.1952896,403.20,2.00,WIFI
84:70:D7:27:2D:2A,,[OPEN],2025-12-1 15:10:44,6,-71,34.0380630,-117.1952896,403.20,2.00,WIFI
84:70:D7:27:2D:24,,[WPA3_PSK],2025-12-1 15:10:44,6,-82,34.0380630,-117.1952896,403.20,2.00,WIFI
F0:B6:61:1D:B3:E4,,[WPA3_PSK],2025-12-1 15:10:44,6,-84,34.0380630,-117.1952896,403.20,2.00,WIFI
F0:B6:61:1D:B3:EA,,[OPEN],2025-12-1 15:10:44,6,-84,34.0380630,-117.1952896,403.20,2.00,WIFI
72:91:E3:0C:D9:D8,,[WPA2_PSK],2025-12-1 15:10:47,9,-81,34.0378304,-117.1951141,402.70,2.00,WIFI
1C:61:B4:48:5F:9C,Unicorn123_EXT,[WPA2_PSK],2025-12-1 15:10:48,10,-81,34.0377426,-117.1950531,403.70,2.00,WIFI
FC:34:97:42:04:90,Unicorn123,[WPA2_PSK],2025-12-1 15:10:48,10,-82,34.0377426,-117.1950531,403.70,2.00,WIFI
88:6A:E3:9B:A3:DE,tl9ba3de,[WPA2_PSK],2025-12-1 15:10:49,11,-64,34.0376587,-117.1949997,404.50,2.00,WIFI
D4:A9:28:19:5A:3C,FiOS-INY4T,[WPA2_PSK],2025-12-1 15:10:49,11,-81,34.0376587,-117.1949997,404.50,2.00,WIFI
90:D3:CF:B8:B8:F7,SpectrumSetup-B8FA,[WPA2_PSK],2025-12-1 15:10:49,11,-90,34.0376587,-117.1949997,404.50,2.00,WIFI
06:26:B0:FE:9D:E7,Elizabeth Tyler's Guest Network,[WPA_WPA2_PSK],2025-12-1 15:10:51,1,-77,34.0375366,-117.1949005,405.60,2.00,WIFI
5C:18:DD:F0:4A:73,,[WPA_WPA2_PSK],2025-12-1 15:10:51,1,-82,34.0375366,-117.1949005,405.60,2.00,WIFI
D0:6D:C9:24:48:56,Frontier0450,[WPA2_PSK],2025-12-1 15:10:51,1,-85,34.0375366,-117.1949005,405.60,2.00,WIFI
B0:FC:88:69:48:F5,Aloha House,[WPA2_PSK],2025-12-1 15:10:51,1,-85,34.0375366,-117.1949005,405.60,2.00,WIFI
AC:F1:08:B9:B0:8D,RMDACF108B9B08C,[WPA_WPA2_PSK],2025-12-1 15:10:55,3,-90,34.0374527,-117.1948395,405.90,2.00,WIFI
88:57:1D:27:BE:A0,[range]_E30AJT7113450T,[WPA2_PSK],2025-12-1 15:10:56,4,-84,34.0374413,-117.1948318,405.90,2.00,WIFI
24:62:AB:E7:E0:55,Traeger-E055,[WPA2_PSK],2025-12-1 15:10:57,5,-80,34.0374069,-117.1948090,405.90,2.00,WIFI
C4:01:7C:D7:A1:38,Spectrum Mobile,[WPA2],2025-12-1 15:10:58,6,-71,34.0373764,-117.1947861,406.20,2.00,WIFI
C4:01:7C:97:A1:38,Spectrum Free Trial,[OPEN],2025-12-1 15:10:58,6,-73,34.0373764,-117.1947861,406.20,2.00,WIFI
14:91:82:AC:D9:85,Linksys03151,[WPA2_PSK],2025-12-1 15:10:58,6,-80,34.0373764,-117.1947861,406.20,2.00,WIFI
DC:69:B5:EB:B8:29,,[OPEN],2025-12-1 15:10:58,6,-83,34.0373764,-117.1947861,406.20,2.00,WIFI
9C:3D:CF:59:4B:72,ARLO_VMB_1562492262,[WPA2_PSK],2025-12-1 15:10:58,6,-85,34.0373764,-117.1947861,406.20,2.00,WIFI
88:6A:E3:7E:92:FF,tl7e92ff,[WPA2_PSK],2025-12-1 15:10:58,6,-86,34.0373764,-117.1947861,406.20,2.00,WIFI
D4:A9:28:14:B4:CE,FiOS-XN2PV,[WPA2_PSK],2025-12-1 15:10:58,6,-92,34.0373764,-117.1947861,406.20,2.00,WIFI
00:CB:51:41:54:CE,HomeRouter-2G,[WPA2_PSK],2025-12-1 15:11:0,8,-76,34.0372925,-117.1947174,406.40,2.00,WIFI
E4:19:7F:57:8E:C9,,[OPEN],2025-12-1 15:11:3,11,-79,34.0371437,-117.1946106,406.60,2.00,WIFI
E4:19:7F:8F:FF:06,NOTTINGHAM,[WPA2_PSK],2025-12-1 15:11:3,11,-81,34.0371437,-117.1946106,406.60,2.00,WIFI
E4:19:7F:8F:FF:09,,[OPEN],2025-12-1 15:11:3,11,-82,34.0371437,-117.1946106,406.60,2.00,WIFI
E4:19:7F:57:8E:C6,NOTTINGHAM,[WPA2_PSK],2025-12-1 15:11:3,11,-82,34.0371437,-117.1946106,406.60,2.00,WIFI
E4:19:7F:8F:93:43,,[WPA3_PSK],2025-12-1 15:11:3,11,-84,34.0371437,-117.1946106,406.60,2.00,WIFI
E4:19:7F:8F:93:46,NOTTINGHAM,[WPA2_PSK],2025-12-1 15:11:3,11,-84,34.0371437,-117.1946106,406.60,2.00,WIFI
24:41:FE:57:AD:86,Paddy's Pub,[WPA2_PSK],2025-12-1 15:11:3,11,-84,34.0371437,-117.1946106,406.60,2.00,WIFI
3A:42:0B:F0:DB:EC,SONOS-AyMBBwACHzhCC/Db7AM=,[OPEN],2025-12-1 15:11:3,11,-86,34.0371437,-117.1946106,406.60,2.00,WIFI
E4:19:7F:8F:93:49,,[OPEN],2025-12-1 15:11:3,11,-86,34.0371437,-117.1946106,406.60,2.00,WIFI
84:EB:3E:D3:90:89,tld39088,[WPA2_PSK],2025-12-1 15:11:3,11,-92,34.0371437,-117.1946106,406.60,2.00,WIFI
CC:7B:5C:CC:C5:35,PNR08IF3106C374092,[OPEN],2025-12-1 15:11:4,1,-80,34.0370865,-117.1945572,406.80,2.00,WIFI
F8:CA:59:87:71:3F,AWI-691336,[WPA2_PSK],2025-12-1 15:11:4,1,-83,34.0370865,-117.1945572,406.80,2.00,WIFI
C8:63:FC:7C:4F:28,Frontier2656,[WPA2_PSK],2025-12-1 15:11:4,1,-84,34.0370865,-117.1945572,406.80,2.00,WIFI
54:04:63:C8:4A:D9,,[WPA_WPA2_PSK],2025-12-1 15:11:4,1,-87,34.0370865,-117.1945572,406.80,2.00,WIFI
5C:18:DD:EB:5E:DC,,[WPA_WPA2_PSK],2025-12-1 15:11:4,1,-87,34.0370865,-117.1945572,406.80,2.00,WIFI
B8:3E:59:64:BF:1F,,[WPA2_PSK],2025-12-1 15:11:4,1,-88,34.0370865,-117.1945572,406.80,2.00,WIFI
00:26:B0:FE:9D:E7,Elizabeth Tyler's Network,[WPA_WPA2_PSK],2025-12-1 15:11:4,1,-90,34.0370865,-117.1945572,406.80,2.00,WIFI
A8:6E:84:F3:9A:B7,Meowmere,[WPA2_PSK],2025-12-1 15:11:10,4,-77,34.0366135,-117.1941833,409.20,2.00,WIFI
D0:BF:9C:B1:04:C1,HP-Print-C1-ENVY 5530 series,[WPA2_PSK],2025-12-1 15:11:10,4,-86,34.0366135,-117.1941833,409.20,2.00,WIFI
AC:EC:85:D1:7D:54,My Glorified Dial-Up,[WPA2_PSK],2025-12-1 15:11:12,6,-63,34.0364265,-117.1940308,409.50,2.00,WIFI
AC:EC:85:D1:7D:56,,[OPEN],2025-12-1 15:11:12,6,-66,34.0364265,-117.1940308,409.50,2.00,WIFI
AC:EC:85:D1:7D:52,,[WPA3_PSK],2025-12-1 15:11:12,6,-67,34.0364265,-117.1940308,409.50,2.00,WIFI
60:F4:19:7B:13:46,My Glorified Dial-Up,[WPA2_PSK],2025-12-1 15:11:12,6,-79,34.0364265,-117.1940308,409.50,2.00,WIFI
10:DA:43:B8:10:BD,Andromeda,[WPA2_PSK],2025-12-1 15:11:14,8,-71,34.0362396,-117.1938858,410.70,2.00,WIFI
12:EF:15:C3:0F:CE,,[WPA2_PSK],2025-12-1 15:11:15,9,-91,34.0361519,-117.1938171,411.10,2.00,WIFI
60:F4:19:52:D3:E3,,[WPA3_PSK],2025-12-1 15:11:17,11,-65,34.0359840,-117.1936798,412.20,2.00,WIFI
60:F4:19:52:D3:E9,,[OPEN],2025-12-1 15:11:17,11,-65,34.0359840,-117.1936798,412.20,2.00,WIFI
60:F4:19:52:D3:E6,MT-Frontier ,[WPA2_PSK],2025-12-1 15:11:17,11,-67,34.0359840,-117.1936798,412.20,2.00,WIFI
B8:66:85:D4:BF:4E,MySpectrumWiFi48-2G,[WPA2_PSK],2025-12-1 15:11:17,11,-71,34.0359840,-117.1936798,412.20,2.00,WIFI
E8:D3:EB:7D:E8:26,Nana of 5,[WPA2_PSK],2025-12-1 15:11:17,11,-77,34.0359840,-117.1936798,412.20,2.00,WIFI
E8:D3:EB:7D:E8:23,,[WPA3_PSK],2025-12-1 15:11:17,11,-82,34.0359840,-117.1936798,412.20,2.00,WIFI
E8:D3:EB:7D:E8:29,,[OPEN],2025-12-1 15:11:17,11,-82,34.0359840,-117.1936798,412.20,2.00,WIFI
0A:7C:39:08:34:AF,,[WPA2_PSK],2025-12-1 15:11:17,11,-85,34.0359840,-117.1936798,412.20,2.00,WIFI
4C:AB:F8:D9:89:FE,SpectrumSetup-00,[WPA2_PSK],2025-12-1 15:11:17,11,-90,34.0359840,-117.1936798,412.20,2.00,WIFI
98:F7:81:EF:6C:08,Frontier5680,[WPA2_PSK],2025-12-1 15:11:17,11,-93,34.0359840,-117.1936798,412.20,2.00,WIFI
A0:EE:EE:D8:C9:18,,[WPA_WPA2_PSK],2025-12-1 15:11:20,1,-73,34.0357895,-117.1935272,412.90,2.00,WIFI
F4:E2:C6:AC:5E:14,C&C Home,[WPA2_PSK],2025-12-1 15:11:20,1,-78,34.0357895,-117.1935272,412.90,2.00,WIFI
54:04:63:C5:03:A1,,[WPA_WPA2_PSK],2025-12-1 15:11:20,1,-79,34.0357895,-117.1935272,412.90,2.00,WIFI
84:69:93:AC:3E:43,DIRECT-40-HP DeskJet 4100 series,[WPA2_PSK],2025-12-1 15:11:20,1,-85,34.0357895,-117.1935272,412.90,2.00,WIFI
28:94:01:3C:99:CC,Bob_2GEXT,[WPA2_PSK],2025-12-1 15:11:20,1,-88,34.0357895,-117.1935272,412.90,2.00,WIFI
2C:00:AB:A4:07:C8,Bob,[WPA2_PSK],2025-12-1 15:11:20,1,-90,34.0357895,-117.1935272,412.90,2.00,WIFI
66:A4:B7:92:D8:1E,,[WPA2_PSK],2025-12-1 15:11:23,3,-89,34.0356636,-117.1934357,414.00,2.00,WIFI
F0:B6:61:21:C6:4A,,[OPEN],2025-12-1 15:11:26,6,-63,34.0355034,-117.1933060,414.80,2.00,WIFI
F0:B6:61:21:C6:44,,[WPA3_PSK],2025-12-1 15:11:26,6,-64,34.0355034,-117.1933060,414.80,2.00,WIFI
F0:B6:61:21:C6:47,Casa_Madrigal,[WPA2_PSK],2025-12-1 15:11:26,6,-68,34.0355034,-117.1933060,414.80,2.00,WIFI
F0:B6:61:AF:19:E4,,[WPA3_PSK],2025-12-1 15:11:26,6,-69,34.0355034,-117.1933060,414.80,2.00,WIFI
F0:B6:61:AF:19:EA,,[OPEN],2025-12-1 15:11:26,6,-69,34.0355034,-117.1933060,414.80,2.00,WIFI
F0:B6:61:AF:19:E7,Casa_Madrigal,[WPA2_PSK],2025-12-1 15:11:26,6,-69,34.0355034,-117.1933060,414.80,2.00,WIFI
F0:B6:61:71:32:A4,,[WPA3_PSK],2025-12-1 15:11:26,6,-80,34.0355034,-117.1933060,414.80,2.00,WIFI
F0:B6:61:71:32:A7,Casa_Madrigal,[WPA2_PSK],2025-12-1 15:11:26,6,-81,34.0355034,-117.1933060,414.80,2.00,WIFI
1C:F2:9A:7B:41:D1,DisneyHouse,[WPA2_PSK],2025-12-1 15:11:26,6,-87,34.0355034,-117.1933060,414.80,2.00,WIFI
74:93:DA:44:EF:11,SpectrumSetup-13,[WPA2_PSK],2025-12-1 15:11:32,11,-65,34.0350113,-117.1928940,418.20,2.00,WIFI
D4:3F:32:A1:D7:23,,[WPA3_PSK],2025-12-1 15:11:32,11,-65,34.0350113,-117.1928940,418.20,2.00,WIFI
D4:3F:32:A1:D7:29,,[OPEN],2025-12-1 15:11:32,11,-65,34.0350113,-117.1928940,418.20,2.00,WIFI
D4:3F:32:A1:D7:2F,Frontier3488 Guest,[WPA2_PSK],2025-12-1 15:11:32,11,-70,34.0350113,-117.1928940,418.20,2.00,WIFI
D4:3F:32:A1:D7:26,Frontier3488,[WPA2_PSK],2025-12-1 15:11:32,11,-71,34.0350113,-117.1928940,418.20,2.00,WIFI
60:D5:61:00:13:E4,,[WPA2_PSK],2025-12-1 15:11:33,13,-95,34.0349312,-117.1928177,418.90,2.00,WIFI
34:53:D2:E2:81:1D,PKJ,[WPA2_PSK],2025-12-1 15:11:35,1,-71,34.0348015,-117.1926422,420.20,2.00,WIFI
A0:89:66:E1:3C:DC,,[WPA_WPA2_PSK],2025-12-1 15:11:35,1,-79,34.0348015,-117.1926422,420.20,2.00,WIFI
36:98:7A:F0:A7:C4,Tineco_2399,[OPEN],2025-12-1 15:11:35,1,-80,34.0348015,-117.1926422,420.20,2.00,WIFI
94:F7:17:B7:F7:E0,,[WPA_WPA2_PSK],2025-12-1 15:11:35,1,-88,34.0348015,-117.1926422,420.20,2.00,WIFI
A0:89:66:97:E1:58,,[WPA_WPA2_PSK],2025-12-1 15:11:35,1,-88,34.0348015,-117.1926422,420.20,2.00,WIFI
08:B4:B1:32:9E:E3,Casa de Bell,[WPA2_PSK],2025-12-1 15:11:35,1,-90,34.0348015,-117.1926422,420.20,2.00,WIFI
10:7C:61:34:F7:78,Dragonballs,[WPA2_PSK],2025-12-1 15:11:38,3,-76,34.0346184,-117.1923904,422.20,2.00,WIFI
C6:A5:11:A9:FC:4F,,[WPA2_PSK],2025-12-1 15:11:38,3,-91,34.0346184,-117.1923904,422.20,2.00,WIFI
68:7F:F0:01:8B:B1,TP-Link_8BB2,[WPA2_PSK],2025-12-1 15:11:40,5,-86,34.0345306,-117.1922913,423.00,2.00,WIFI
C8:E3:06:6D:F5:85,ackc,[WPA2_PSK],2025-12-1 15:11:41,6,-72,34.0345039,-117.1922607,423.40,2.00,WIFI
C8:E3:06:6D:F5:83,,[WPA3_PSK],2025-12-1 15:11:41,6,-73,34.0345039,-117.1922607,423.40,2.00,WIFI
C8:E3:06:6D:F5:87,,[OPEN],2025-12-1 15:11:41,6,-73,34.0345039,-117.1922607,423.40,2.00,WIFI
52:AC:96:DA:B1:A1,Wagawa S5,[WPA2_WPA3_PSK],2025-12-1 15:11:41,6,-78,34.0345039,-117.1922607,423.40,2.00,WIFI
FC:3D:73:AF:AE:43,,[WPA3_PSK],2025-12-1 15:11:41,6,-78,34.0345039,-117.1922607,423.40,2.00,WIFI
FC:3D:73:AF:AE:49,,[OPEN],2025-12-1 15:11:41,6,-78,34.0345039,-117.1922607,423.40,2.00,WIFI
FC:3D:73:AF:AE:46,Flyworld,[WPA2_PSK],2025-12-1 15:11:41,6,-79,34.0345039,-117.1922607,423.40,2.00,WIFI
08:B4:B1:89:D9:88,Casa de Bell,[WPA2_PSK],2025-12-1 15:11:41,6,-82,34.0345039,-117.1922607,423.40,2.00,WIFI
D4:3F:32:8B:E9:C9,,[OPEN],2025-12-1 15:11:41,6,-82,34.0345039,-117.1922607,423.40,2.00,WIFI
D4:3F:32:8B:E9:C6,FiOS-ITT8Z,[WPA2_PSK],2025-12-1 15:11:41,6,-82,34.0345039,-117.1922607,423.40,2.00,WIFI
3C:37:86:5A:DF:DA,ARLO_VMB_1696976619,[WPA2_PSK],2025-12-1 15:11:41,6,-87,34.0345039,-117.1922607,423.40,2.00,WIFI
C8:7F:54:24:3F:B4,Big Time,[WPA2_PSK],2025-12-1 15:11:43,8,-62,34.0344734,-117.1922379,423.50,2.00,WIFI
6A:9C:25:70:54:11,Big Time,[WPA2_PSK],2025-12-1 15:11:43,8,-69,34.0344734,-117.1922379,423.50,2.00,WIFI
C2:9C:25:70:52:C1,Big Time,[WPA2_PSK],2025-12-1 15:11:43,8,-71,34.0344734,-117.1922379,423.50,2.00,WIFI
24:F3:E3:F2:23:03,,[WPA3_PSK],2025-12-1 15:11:46,11,-47,34.0344009,-117.1921768,423.50,2.00,WIFI
24:F3:E3:F2:23:09,,[OPEN],2025-12-1 15:11:46,11,-47,34.0344009,-117.1921768,423.50,2.00,WIFI
24:F3:E3:F2:23:06,Frontier800,[WPA2_PSK],2025-12-1 15:11:46,11,-48,34.0344009,-117.1921768,423.50,2.00,WIFI
24:F3:E3:FC:38:46,Frontier800,[WPA2_PSK],2025-12-1 15:11:46,11,-67,34.0344009,-117.1921768,423.50,2.00,WIFI
24:F3:E3:FC:38:49,,[OPEN],2025-12-1 15:11:46,11,-67,34.0344009,-117.1921768,423.50,2.00,WIFI
24:F3:E3:FC:38:43,,[WPA3_PSK],2025-12-1 15:11:46,11,-68,34.0344009,-117.1921768,423.50,2.00,WIFI
24:F3:E3:FA:1B:06,Frontier800,[WPA2_PSK],2025-12-1 15:11:46,11,-70,34.0344009,-117.1921768,423.50,2.00,WIFI
24:F3:E3:FA:1B:03,,[WPA3_PSK],2025-12-1 15:11:46,11,-71,34.0344009,-117.1921768,423.50,2.00,WIFI
24:F3:E3:FA:1B:09,,[OPEN],2025-12-1 15:11:46,11,-71,34.0344009,-117.1921768,423.50,2.00,WIFI
50:27:A9:50:03:E3,,[WPA3_PSK],2025-12-1 15:11:46,11,-81,34.0344009,-117.1921768,423.50,2.00,WIFI
50:27:A9:50:03:E7,,[OPEN],2025-12-1 15:11:46,11,-81,34.0344009,-117.1921768,423.50,2.00,WIFI
50:27:A9:50:03:E5,browntown,[WPA2_PSK],2025-12-1 15:11:46,11,-81,34.0344009,-117.1921768,423.50,2.00,WIFI
30:3A:4A:88:87:43,,[WPA3_PSK],2025-12-1 15:11:46,11,-81,34.0344009,-117.1921768,423.50,2.00,WIFI
30:3A:4A:88:87:47,,[OPEN],2025-12-1 15:11:46,11,-81,34.0344009,-117.1921768,423.50,2.00,WIFI
30:3A:4A:88:87:45,eero6,[WPA2_PSK],2025-12-1 15:11:46,11,-81,34.0344009,-117.1921768,423.50,2.00,WIFI
10:DA:43:3E:5D:61,ngHub_31946CNG03330,[WPA2_PSK],2025-12-1 15:11:46,11,-89,34.0344009,-117.1921768,423.50,2.00,WIFI
02:6B:9E:5B:DE:14,DIRECT-MV-VIZIOTV,[WPA2_PSK],2025-12-1 15:11:50,1,-87,34.0342560,-117.1920471,423.80,2.00,WIFI
D8:47:32:C1:A0:8D,Home_2.4,[WPA2_PSK],2025-12-1 15:11:52,2,-90,34.0341492,-117.1919556,424.10,2.00,WIFI
C2:A5:11:A9:FC:4F,ORBI24,[WPA2_PSK],2025-12-1 15:11:53,3,-86,34.0340805,-117.1919022,424.40,2.00,WIFI
9E:7B:EF:8B:23:59,DIRECT-59-HP ENVY Photo 7800,[WPA2_PSK],2025-12-1 15:11:56,6,-82,34.0338593,-117.1917267,425.60,2.00,WIFI
18:1B:EB:56:D8:E8,TPD3B,[WPA2_PSK],2025-12-1 15:11:56,6,-84,34.0338593,-117.1917267,425.60,2.00,WIFI
A8:11:FC:B8:C2:48,Frontier7184,[WPA2_PSK],2025-12-1 15:12:1,11,-84,34.0334702,-117.1914291,427.60,2.00,WIFI
EC:74:27:F5:D5:65,eero6,[WPA2_PSK],2025-12-1 15:12:1,11,-86,34.0334702,-117.1914291,427.60,2.00,WIFI
B0:E4:D5:4D:52:E1,TheShire,[WPA2_PSK],2025-12-1 15:12:1,11,-87,34.0334702,-117.1914291,427.60,2.00,WIFI
76:AC:B9:27:04:36,,[WPA2_PSK],2025-12-1 15:12:4,1,-71,34.0332298,-117.1912994,428.80,2.00,WIFI
F0:7B:65:49:04:CE,SpectrumSetup-04C8,[WPA2_PSK],2025-12-1 15:12:4,1,-74,34.0332298,-117.1912994,428.80,2.00,WIFI
74:AC:B9:27:04:36,Adalee,[WPA2_PSK],2025-12-1 15:12:4,1,-77,34.0332298,-117.1912994,428.80,2.00,WIFI
F4:52:46:89:68:6B,SpectrumSetup-686E,[WPA2_PSK],2025-12-1 15:12:4,1,-83,34.0332298,-117.1912994,428.80,2.00,WIFI
F8:08:4F:D7:69:F6,TheGoldenGirls-2G,[WPA2_PSK],2025-12-1 15:12:4,1,-88,34.0332298,-117.1912994,428.80,2.00,WIFI
22:48:6C:5D:21:D6,,[WPA2_PSK],2025-12-1 15:12:10,6,-70,34.0326881,-117.1912537,431.90,2.00,WIFI
A0:39:EE:53:B3:56,MySpectrumWiFi50-2G,[WPA2_PSK],2025-12-1 15:12:10,6,-74,34.0326881,-117.1912537,431.90,2.00,WIFI
B0:E4:D5:39:9A:DE,TheShire,[WPA2_PSK],2025-12-1 15:12:10,6,-75,34.0326881,-117.1912537,431.90,2.00,WIFI
D4:AB:82:D0:9E:3C,MySpectrumWiFi3B-2G,[WPA2_PSK],2025-12-1 15:12:10,6,-80,34.0326881,-117.1912537,431.90,2.00,WIFI
28:EC:22:90:82:86,NETGEAR27,[WPA2_PSK],2025-12-1 15:12:10,6,-84,34.0326881,-117.1912537,431.90,2.00,WIFI
10:60:4B:1E:A9:59,HP-Print-59-Officejet 7610,[OPEN],2025-12-1 15:12:10,6,-86,34.0326881,-117.1912537,431.90,2.00,WIFI
3C:5C:F1:E1:78:22,,[WPA3_PSK],2025-12-1 15:12:10,6,-87,34.0326881,-117.1912537,431.90,2.00,WIFI
4C:12:65:23:97:58,Frontier3616,[WPA2_PSK],2025-12-1 15:12:18,1,-84,34.0320511,-117.1912384,436.40,2.00,WIFI
E8:AD:A6:44:96:B6,MySpectrumWiFib0-2G,[WPA2_PSK],2025-12-1 15:12:18,1,-92,34.0320511,-117.1912384,436.40,2.00,WIFI
58:11:22:35:EB:61,courageous cat,[WPA2_PSK],2025-12-1 15:12:20,2,-84,34.0319443,-117.1912231,436.90,2.00,WIFI
42:98:B5:51:E3:D4,ORBI88benandnatalia-IoT,[WPA2_PSK],2025-12-1 15:12:22,4,-86,34.0318909,-117.1912155,437.10,2.00,WIFI
34:98:B5:51:E3:D4,,[WPA2_PSK],2025-12-1 15:12:22,4,-88,34.0318909,-117.1912155,437.10,2.00,WIFI
66:A4:B7:92:50:D2,,[WPA2_PSK],2025-12-1 15:12:22,4,-89,34.0318909,-117.1912155,437.10,2.00,WIFI
88:57:1D:56:50:89,[range]_E30AJT7113385A,[WPA2_PSK],2025-12-1 15:12:22,4,-92,34.0318909,-117.1912155,437.10,2.00,WIFI
A8:B0:88:33:92:68,Frontier3616,[WPA2_PSK],2025-12-1 15:12:24,6,-65,34.0318756,-117.1912079,437.10,2.00,WIFI
A8:B0:88:33:92:66,,[WPA3_PSK],2025-12-1 15:12:24,6,-66,34.0318756,-117.1912079,437.10,2.00,WIFI
A8:B0:88:33:92:6A,,[OPEN],2025-12-1 15:12:24,6,-66,34.0318756,-117.1912079,437.10,2.00,WIFI
9C:A5:70:99:A0:E7,,[OPEN],2025-12-1 15:12:24,6,-75,34.0318756,-117.1912079,437.10,2.00,WIFI
9C:A5:70:99:A0:E3,,[WPA3_PSK],2025-12-1 15:12:24,6,-76,34.0318756,-117.1912079,437.10,2.00,WIFI
9C:A5:70:99:A0:E5,Frontier3616,[WPA2_PSK],2025-12-1 15:12:24,6,-78,34.0318756,-117.1912079,437.10,2.00,WIFI
3C:5C:F1:E1:78:26,,[OPEN],2025-12-1 15:12:24,6,-84,34.0318756,-117.1912079,437.10,2.00,WIFI
3C:5C:F1:E1:78:24,Frontier3616,[WPA2_PSK],2025-12-1 15:12:24,6,-85,34.0318756,-117.1912079,437.10,2.00,WIFI
3C:52:A1:CA:55:55,Frontier1000_EXT,[WPA2_PSK],2025-12-1 15:12:24,6,-87,34.0318756,-117.1912079,437.10,2.00,WIFI
FC:12:63:E5:62:31,SpectrumSetup-43,[WPA2_PSK],2025-12-1 15:12:24,6,-91,34.0318756,-117.1912079,437.10,2.00,WIFI
68:94:23:24:A7:DB,HP-Print-db-LaserJet 200,[WPA2_PSK],2025-12-1 15:12:24,6,-92,34.0318756,-117.1912079,437.10,2.00,WIFI
54:07:7D:96:A1:8E,MagicalOcean69,[WPA2_PSK],2025-12-1 15:12:26,8,-77,34.0318451,-117.1911697,436.80,2.00,WIFI
38:94:ED:57:F3:78,MagicalOcean69,[WPA2_PSK],2025-12-1 15:12:26,8,-92,34.0318451,-117.1911697,436.80,2.00,WIFI
1C:3B:F3:84:7E:69,Frontier5680,[WPA_WPA2_PSK],2025-12-1 15:12:29,11,-54,34.0318222,-117.1910019,436.30,2.00,WIFI
34:DB:9C:6C:3C:F6,MySpectrumWiFif0-2G,[WPA2_PSK],2025-12-1 15:12:29,11,-64,34.0318222,-117.1910019,436.30,2.00,WIFI
C8:63:FC:78:15:38,Frontier5680,[WPA2_PSK],2025-12-1 15:12:29,11,-75,34.0318222,-117.1910019,436.30,2.00,WIFI
DC:69:B5:07:06:E3,,[WPA3_PSK],2025-12-1 15:12:29,11,-86,34.0318222,-117.1910019,436.30,2.00,WIFI
88:67:46:74:6F:66,Bahig 1,[WPA2_PSK],2025-12-1 15:12:32,1,-71,34.0318336,-117.1907043,435.90,2.00,WIFI
40:47:5E:70:FE:C9,,[OPEN],2025-12-1 15:12:32,1,-72,34.0318336,-117.1907043,435.90,2.00,WIFI
60:F4:19:0C:5E:49,,[OPEN],2025-12-1 15:12:32,1,-74,34.0318336,-117.1907043,435.90,2.00,WIFI
60:F4:19:0C:5E:46,Happy Home,[WPA2_PSK],2025-12-1 15:12:32,1,-74,34.0318336,-117.1907043,435.90,2.00,WIFI
88:67:46:74:6F:63,,[WPA3_PSK],2025-12-1 15:12:32,1,-77,34.0318336,-117.1907043,435.90,2.00,WIFI
88:67:46:74:6F:69,,[OPEN],2025-12-1 15:12:32,1,-77,34.0318336,-117.1907043,435.90,2.00,WIFI
8C:61:A3:01:7F:15,MySpectrumWiFi14-2G,[WPA2_PSK],2025-12-1 15:12:32,1,-84,34.0318336,-117.1907043,435.90,2.00,WIFI
F0:24:F9:E5:11:B1,Windmill AC-A0DA2,[OPEN],2025-12-1 15:12:32,1,-88,34.0318336,-117.1907043,435.90,2.00,WIFI
F8:2D:C0:DD:FF:D8,Frontier1184,[WPA2_PSK],2025-12-1 15:12:32,1,-92,34.0318336,-117.1907043,435.90,2.00,WIFI
FC:12:63:B8:AE:91,SpectrumSetup-48,[WPA2_PSK],2025-12-1 15:12:32,1,-97,34.0318336,-117.1907043,435.90,2.00,WIFI
04:42:1A:39:5A:F1,courageous cat,[WPA2_PSK],2025-12-1 15:12:32,2,-85,34.0318336,-117.1907043,435.90,2.00,WIFI
3A:98:B5:51:E3:D4,ORBI88benandnatalia,[WPA2_WPA3_PSK],2025-12-1 15:12:36,4,-68,34.0318375,-117.1902390,434.70,2.00,WIFI
94:3C:96:F8:3B:36,Frontier1000,[WPA2_PSK],2025-12-1 15:12:38,6,-80,34.0318413,-117.1900482,434.40,2.00,WIFI
FC:12:63:8F:A3:3E,Verizon_H7XQ9V,[WPA2_PSK],2025-12-1 15:12:38,6,-82,34.0318413,-117.1900482,434.40,2.00,WIFI
86:2A:FD:F9:23:42,DIRECT-42-HP ENVY Photo 7800,[WPA2_PSK],2025-12-1 15:12:38,6,-84,34.0318413,-117.1900482,434.40,2.00,WIFI
62:38:E0:B1:69:00,ManCave007,[WPA2_PSK],2025-12-1 15:12:41,9,-83,34.0318451,-117.1898346,434.60,2.00,WIFI
62:38:E0:B1:69:03,,[WPA2_PSK],2025-12-1 15:12:41,9,-84,34.0318451,-117.1898346,434.60,2.00,WIFI
74:83:C2:8D:D2:A9,Highland Manor,[WPA2_PSK],2025-12-1 15:12:43,11,-80,34.0318451,-117.1896744,434.90,2.00,WIFI
F6:9F:C2:F4:5F:73,,[WPA2_PSK],2025-12-1 15:12:43,11,-86,34.0318451,-117.1896744,434.90,2.00,WIFI
2E:80:88:D6:E8:74,Casa de padres,[WPA2_PSK],2025-12-1 15:12:43,11,-91,34.0318451,-117.1896744,434.90,2.00,WIFI
60:32:B1:65:81:E0,SpectrumSetup-48_EXT,[WPA_WPA2_PSK],2025-12-1 15:12:47,1,-83,34.0318527,-117.1892395,435.40,2.00,WIFI
76:83:C2:27:07:70,,[WPA2_PSK],2025-12-1 15:12:47,1,-90,34.0318527,-117.1892395,435.40,2.00,WIFI
38:2C:4A:94:4B:B0,BORENHOUSE,[WPA2_PSK],2025-12-1 15:12:49,2,-85,34.0318604,-117.1890030,435.60,2.00,WIFI
80:CC:9C:12:AA:1C,NETGEAR55,[WPA2_PSK],2025-12-1 15:12:50,3,-74,34.0318756,-117.1888809,435.70,2.00,WIFI
04:17:B6:FA:7C:A0,,[WPA_WPA2_PSK],2025-12-1 15:12:50,3,-89,34.0318756,-117.1888809,435.70,2.00,WIFI
42:98:B5:51:B4:69,ORBI88benandnatalia-IoT,[WPA2_PSK],2025-12-1 15:12:51,4,-71,34.0319138,-117.1887741,435.70,2.00,WIFI
34:98:B5:51:B4:69,ORBI88benandnatalia,[WPA2_WPA3_PSK],2025-12-1 15:12:51,4,-71,34.0319138,-117.1887741,435.70,2.00,WIFI
3A:98:B5:51:EA:9B,ORBI88benandnatalia,[WPA2_WPA3_PSK],2025-12-1 15:12:51,4,-79,34.0319138,-117.1887741,435.70,2.00,WIFI
42:98:B5:51:EA:9B,ORBI88benandnatalia-IoT,[WPA2_PSK],2025-12-1 15:12:51,4,-83,34.0319138,-117.1887741,435.70,2.00,WIFI
24:2D:6C:3A:BC:88,SpectrumSetup-30,[WPA2_WPA3_PSK],2025-12-1 15:12:53,6,-71,34.0320091,-117.1885757,435.70,2.00,WIFI
24:2D:6C:3A:BC:85,,[WPA3_PSK],2025-12-1 15:12:53,6,-71,34.0320091,-117.1885757,435.70,2.00,WIFI
24:2D:6C:3A:BC:8B,,[OPEN],2025-12-1 15:12:53,6,-72,34.0320091,-117.1885757,435.70,2.00,WIFI
24:2D:6C:3D:75:CB,,[OPEN],2025-12-1 15:12:53,6,-75,34.0320091,-117.1885757,435.70,2.00,WIFI
F0:9F:C2:F4:32:8C,MAS,[WPA2_PSK],2025-12-1 15:12:53,6,-89,34.0320091,-117.1885757,435.70,2.00,WIFI
1C:59:74:88:25:48,bennynatalia2.4B,[WPA2_PSK],2025-12-1 15:12:55,8,-89,34.0321236,-117.1883698,435.50,2.00,WIFI
C4:41:1E:F7:EB:97,C&MDub,[WPA2_PSK],2025-12-1 15:12:55,8,-91,34.0321236,-117.1883698,435.50,2.00,WIFI
CA:41:1E:F7:EB:97,,[WPA2_PSK],2025-12-1 15:12:55,8,-91,34.0321236,-117.1883698,435.50,2.00,WIFI
F8:BB:BF:74:ED:29,,[OPEN],2025-12-1 15:12:58,11,-60,34.0323143,-117.1880264,434.90,2.00,WIFI
F8:BB:BF:74:ED:26,RockLand,[WPA2_PSK],2025-12-1 15:12:58,11,-67,34.0323143,-117.1880264,434.90,2.00,WIFI
9C:3D:CF:3B:B1:70,ARLO_VMB_1577408955,[WPA2_PSK],2025-12-1 15:12:58,11,-71,34.0323143,-117.1880264,434.90,2.00,WIFI
4C:32:75:C4:B3:BC,NETGEAR24,[WPA2_PSK],2025-12-1 15:12:58,11,-72,34.0323143,-117.1880264,434.90,2.00,WIFI
74:93:DA:A5:44:D1,Boren House 2,[WPA2_PSK],2025-12-1 15:12:58,11,-75,34.0323143,-117.1880264,434.90,2.00,WIFI
68:72:51:7A:41:E6,,[WPA2_PSK],2025-12-1 15:12:58,11,-80,34.0323143,-117.1880264,434.90,2.00,WIFI
60:5F:8D:E9:11:A5,,[OPEN],2025-12-1 15:12:58,11,-80,34.0323143,-117.1880264,434.90,2.00,WIFI
60:5F:8D:E9:11:A3,RockLand,[WPA2_PSK],2025-12-1 15:12:58,11,-82,34.0323143,-117.1880264,434.90,2.00,WIFI
22:48:6C:49:A7:E5,,[WPA2_PSK],2025-12-1 15:13:3,2,-77,34.0326271,-117.1874542,434.10,2.00,WIFI
3E:94:ED:24:15:C0,ORBI62,[WPA2_PSK],2025-12-1 15:13:6,5,-55,34.0327950,-117.1871414,432.70,2.00,WIFI
42:94:ED:24:15:C0,,[WPA2_PSK],2025-12-1 15:13:6,5,-59,34.0327950,-117.1871414,432.70,2.00,WIFI
3E:94:ED:24:0C:A6,ORBI62,[WPA2_PSK],2025-12-1 15:13:6,5,-66,34.0327950,-117.1871414,432.70,2.00,WIFI
42:94:ED:24:0C:A6,,[WPA2_PSK],2025-12-1 15:13:6,5,-69,34.0327950,-117.1871414,432.70,2.00,WIFI
A4:11:62:B1:5F:92,ARLO_VMB_5338379680,[WPA2_PSK],2025-12-1 15:13:6,5,-73,34.0327950,-117.1871414,432.70,2.00,WIFI
4A:3F:8C:75:0F:7E,,[WPA2_PSK],2025-12-1 15:13:6,5,-80,34.0327950,-117.1871414,432.70,2.00,WIFI
EA:C3:2A:73:F8:D6,munros2,[WPA_WPA2_PSK],2025-12-1 15:13:6,5,-88,34.0327950,-117.1871414,432.70,2.00,WIFI
B0:E4:D5:01:6F:6A,Google nest,[WPA2_PSK],2025-12-1 15:13:7,6,-84,34.0328522,-117.1870422,432.10,2.00,WIFI
2C:EA:DC:95:C2:DF,SpectrumSetup-E1,[WPA2_PSK],2025-12-1 15:13:7,6,-90,34.0328522,-117.1870422,432.10,2.00,WIFI
6C:CD:D6:0C:AC:36,NETGEAR34,[WPA2_PSK],2025-12-1 15:13:8,7,-78,34.0329094,-117.1869431,431.50,2.00,WIFI
AA:CD:D6:0C:AC:37,NETGEAR34-Guest,[WPA2_PSK],2025-12-1 15:13:8,7,-78,34.0329094,-117.1869431,431.50,2.00,WIFI
FC:9C:98:4B:26:52,ARLO_VMB_0026245117,[WPA2_PSK],2025-12-1 15:13:8,7,-89,34.0329094,-117.1869431,431.50,2.00,WIFI
22:9F:C3:58:62:E9,,[WPA2_PSK],2025-12-1 15:13:10,9,-72,34.0330124,-117.1867447,430.50,2.00,WIFI
9C:05:D6:CD:FF:DA,WiFi'd and Dangerous,[WPA2_WPA3_PSK],2025-12-1 15:13:12,11,-69,34.0331192,-117.1865540,430.20,2.00,WIFI
A2:05:D6:CD:FF:DA,WiFi'd and Dangerous Guest,[WPA2_WPA3_PSK],2025-12-1 15:13:12,11,-69,34.0331192,-117.1865540,430.20,2.00,WIFI
20:BE:CD:8A:E0:A4,,[WPA3_PSK],2025-12-1 15:13:12,11,-72,34.0331192,-117.1865540,430.20,2.00,WIFI
A6:05:D6:CD:FF:DA,WiFi'd and Dangerous 2.4,[WPA2_WPA3_PSK],2025-12-1 15:13:12,11,-72,34.0331192,-117.1865540,430.20,2.00,WIFI
20:BE:CD:8A:E0:AA,,[OPEN],2025-12-1 15:13:12,11,-73,34.0331192,-117.1865540,430.20,2.00,WIFI
AA:05:D6:CD:FF:DA,,[WPA2_PSK],2025-12-1 15:13:12,11,-73,34.0331192,-117.1865540,430.20,2.00,WIFI
20:BE:CD:8A:E0:A7,Pool House,[WPA2_PSK],2025-12-1 15:13:12,11,-74,34.0331192,-117.1865540,430.20,2.00,WIFI
22:9F:C3:58:02:02,,[WPA2_PSK],2025-12-1 15:13:12,11,-84,34.0331192,-117.1865540,430.20,2.00,WIFI
28:80:88:A5:CE:83,MLX,[WPA2_PSK],2025-12-1 15:13:12,11,-84,34.0331192,-117.1865540,430.20,2.00,WIFI
44:1C:A8:D0:C2:7A,MCPECK,[WPA2_PSK],2025-12-1 15:13:12,11,-87,34.0331192,-117.1865540,430.20,2.00,WIFI
F8:BC:0E:71:5C:A3,,[WPA3_PSK],2025-12-1 15:13:12,11,-88,34.0331192,-117.1865540,430.20,2.00,WIFI
6C:5A:B0:0E:16:68,Frontier1536_EXT,[WPA2_PSK],2025-12-1 15:13:21,6,-69,34.0336609,-117.1855698,431.00,2.00,WIFI
30:34:22:96:A6:63,,[WPA3_PSK],2025-12-1 15:13:21,6,-80,34.0336609,-117.1855698,431.00,2.00,WIFI
30:34:22:96:A6:67,,[OPEN],2025-12-1 15:13:21,6,-80,34.0336609,-117.1855698,431.00,2.00,WIFI
30:34:22:96:A6:65,Olson,[WPA2_PSK],2025-12-1 15:13:21,6,-80,34.0336609,-117.1855698,431.00,2.00,WIFI
B0:B9:8A:71:F0:E0,NETGEAR71F0EF-SETUP,[WPA2_PSK],2025-12-1 15:13:21,6,-91,34.0336609,-117.1855698,431.00,2.00,WIFI
FC:3D:73:3E:26:06,SkyNet,[WPA2_PSK],2025-12-1 15:13:26,11,-71,34.0339851,-117.1849899,429.90,2.00,WIFI
FC:3D:73:3E:26:03,,[WPA3_PSK],2025-12-1 15:13:26,11,-71,34.0339851,-117.1849899,429.90,2.00,WIFI
F0:7B:65:F1:27:E8,SpectrumSetup-27E2,[WPA2_PSK],2025-12-1 15:13:26,11,-76,34.0339851,-117.1849899,429.90,2.00,WIFI
38:42:0B:4F:98:29,,[WPA2_PSK],2025-12-1 15:13:26,11,-79,34.0339851,-117.1849899,429.90,2.00,WIFI
9C:0B:05:A0:6F:8A,,[OPEN],2025-12-1 15:13:26,11,-81,34.0339851,-117.1849899,429.90,2.00,WIFI
9C:0B:05:A0:6F:84,,[WPA3_PSK],2025-12-1 15:13:26,11,-83,34.0339851,-117.1849899,429.90,2.00,WIFI
A8:97:CD:BA:05:68,Frontier8416,[WPA2_PSK],2025-12-1 15:13:29,1,-83,34.0341682,-117.1846466,430.90,2.00,WIFI
60:57:47:9C:4B:16,,[WPA_WPA2_PSK],2025-12-1 15:13:29,1,-88,34.0341682,-117.1846466,430.90,2.00,WIFI
FC:B2:D6:C8:DF:2C,,[WPA_WPA2_PSK],2025-12-1 15:13:29,1,-88,34.0341682,-117.1846466,430.90,2.00,WIFI
66:32:B1:75:61:21,map2,[WPA2_PSK],2025-12-1 15:13:34,5,-66,34.0344696,-117.1841049,431.20,2.00,WIFI
60:32:B1:75:61:21,,[WPA2_PSK],2025-12-1 15:13:34,5,-69,34.0344696,-117.1841049,431.20,2.00,WIFI
60:32:B1:75:62:B6,,[WPA2_PSK],2025-12-1 15:13:34,5,-82,34.0344696,-117.1841049,431.20,2.00,WIFI
F4:69:42:EC:65:55,SpectrumSetup-57,[WPA2_PSK],2025-12-1 15:13:35,6,-57,34.0345268,-117.1839905,431.10,2.00,WIFI
9C:A5:70:87:4F:25,The Grand Old Lady,[WPA2_PSK],2025-12-1 15:13:35,6,-63,34.0345268,-117.1839905,431.10,2.00,WIFI
9C:A5:70:87:4F:23,,[WPA3_PSK],2025-12-1 15:13:35,6,-64,34.0345268,-117.1839905,431.10,2.00,WIFI
9C:A5:70:87:4F:27,,[OPEN],2025-12-1 15:13:35,6,-64,34.0345268,-117.1839905,431.10,2.00,WIFI
94:91:7F:A0:06:E5,MySpectrumWiFie7-2G,[WPA2_PSK],2025-12-1 15:13:35,6,-73,34.0345268,-117.1839905,431.10,2.00,WIFI
9C:A5:70:84:E5:E3,,[WPA3_PSK],2025-12-1 15:13:35,6,-78,34.0345268,-117.1839905,431.10,2.00,WIFI
9C:A5:70:87:6A:E3,,[WPA3_PSK],2025-12-1 15:13:35,6,-83,34.0345268,-117.1839905,431.10,2.00,WIFI
9C:A5:70:87:6A:E7,,[OPEN],2025-12-1 15:13:35,6,-84,34.0345268,-117.1839905,431.10,2.00,WIFI
9C:A5:70:87:6A:E5,The Grand Old Lady,[WPA2_PSK],2025-12-1 15:13:35,6,-84,34.0345268,-117.1839905,431.10,2.00,WIFI
88:67:46:C9:C9:43,,[WPA3_PSK],2025-12-1 15:13:40,11,-73,34.0348625,-117.1834030,430.40,2.00,WIFI
88:67:46:C9:C9:46,aiden,[WPA2_PSK],2025-12-1 15:13:40,11,-73,34.0348625,-117.1834030,430.40,2.00,WIFI
22:47:5E:FF:AC:2E,,[WPA2_PSK],2025-12-1 15:13:40,11,-73,34.0348625,-117.1834030,430.40,2.00,WIFI
88:67:46:C9:C9:49,,[OPEN],2025-12-1 15:13:40,11,-75,34.0348625,-117.1834030,430.40,2.00,WIFI
88:67:46:CD:46:49,,[OPEN],2025-12-1 15:13:40,11,-75,34.0348625,-117.1834030,430.40,2.00,WIFI
A6:97:5C:85:5C:B9,VTECH_5766_5cb9,[WPA2_PSK],2025-12-1 15:13:40,11,-76,34.0348625,-117.1834030,430.40,2.00,WIFI
88:67:46:CD:46:43,,[WPA3_PSK],2025-12-1 15:13:40,11,-77,34.0348625,-117.1834030,430.40,2.00,WIFI
88:67:46:CD:46:46,aiden,[WPA2_PSK],2025-12-1 15:13:40,11,-77,34.0348625,-117.1834030,430.40,2.00,WIFI
A6:97:5C:85:5C:AE,VTECH_5766_5cae,[WPA2_PSK],2025-12-1 15:13:40,11,-81,34.0348625,-117.1834030,430.40,2.00,WIFI
00:22:6C:D0:34:74,,[WPA_WPA2_PSK],2025-12-1 15:13:40,11,-83,34.0348625,-117.1834030,430.40,2.00,WIFI
FC:3D:73:3E:26:09,,[OPEN],2025-12-1 15:13:40,11,-84,34.0348625,-117.1834030,430.40,2.00,WIFI
74:37:5F:CD:CE:2B,SpectrumSetup-29,[WPA2_PSK],2025-12-1 15:13:40,11,-86,34.0348625,-117.1834030,430.40,2.00,WIFI
CC:F4:11:0A:F9:D7,BRM-103,[WPA2_PSK],2025-12-1 15:13:40,11,-90,34.0348625,-117.1834030,430.40,2.00,WIFI
DC:69:B5:3B:B3:EF,Lyle Family Internet  Guest,[WPA2_PSK],2025-12-1 15:13:44,1,-70,34.0351257,-117.1829224,430.40,2.00,WIFI
DC:69:B5:3B:B3:E6,Lyle Family Internet ,[WPA2_PSK],2025-12-1 15:13:44,1,-72,34.0351257,-117.1829224,430.40,2.00,WIFI
DC:69:B5:3B:B3:E3,,[WPA3_PSK],2025-12-1 15:13:44,1,-73,34.0351257,-117.1829224,430.40,2.00,WIFI
DC:69:B5:40:5C:43,,[WPA3_PSK],2025-12-1 15:13:44,1,-74,34.0351257,-117.1829224,430.40,2.00,WIFI
DC:69:B5:40:5C:46,Lyle Family Internet ,[WPA2_PSK],2025-12-1 15:13:44,1,-75,34.0351257,-117.1829224,430.40,2.00,WIFI
DC:69:B5:38:E5:49,,[OPEN],2025-12-1 15:13:44,1,-76,34.0351257,-117.1829224,430.40,2.00,WIFI
DC:69:B5:40:5C:4F,Lyle Family Internet  Guest,[WPA2_PSK],2025-12-1 15:13:44,1,-78,34.0351257,-117.1829224,430.40,2.00,WIFI
24:94:CB:7C:66:D0,Frontier7376,[WPA2_PSK],2025-12-1 15:13:44,1,-92,34.0351257,-117.1829224,430.40,2.00,WIFI
22:50:E7:FF:86:38,SunPower32715,[WPA2_PSK],2025-12-1 15:13:48,4,-90,34.0353851,-117.1824493,430.20,2.00,WIFI
9C:4F:5F:73:FD:D7,Highland House,[WPA2_PSK],2025-12-1 15:13:50,6,-67,34.0355225,-117.1822052,430.20,2.00,WIFI
28:EC:22:38:02:8F,digerhome Guest,[WPA2_PSK],2025-12-1 15:13:50,6,-82,34.0355225,-117.1822052,430.20,2.00,WIFI
28:EC:22:38:02:86,digerhome,[WPA2_PSK],2025-12-1 15:13:50,6,-84,34.0355225,-117.1822052,430.20,2.00,WIFI
3A:23:03:18:FB:61,,[WPA2_PSK],2025-12-1 15:13:52,8,-81,34.0356674,-117.1819534,430.70,2.00,WIFI
36:23:03:18:FB:61,Primrose,[WPA2_PSK],2025-12-1 15:13:52,8,-84,34.0356674,-117.1819534,430.70,2.00,WIFI
B6:95:75:37:73:A6,,[WPA2_PSK],2025-12-1 15:13:52,9,-91,34.0356674,-117.1819534,430.70,2.00,WIFI
FC:AE:34:C6:D4:5D,Frontier0480,[WPA2_PSK],2025-12-1 15:13:55,11,-67,34.0358810,-117.1815643,431.70,2.00,WIFI
C4:A8:16:C8:EF:06,retirement village,[WPA2_PSK],2025-12-1 15:13:55,11,-67,34.0358810,-117.1815643,431.70,2.00,WIFI
C4:A8:16:C8:EF:09,,[OPEN],2025-12-1 15:13:55,11,-70,34.0358810,-117.1815643,431.70,2.00,WIFI
C4:A8:16:C8:EF:03,,[WPA3_PSK],2025-12-1 15:13:55,11,-70,34.0358810,-117.1815643,431.70,2.00,WIFI
2C:00:AB:A4:6F:58,Frontier2480,[WPA2_PSK],2025-12-1 15:13:55,11,-71,34.0358810,-117.1815643,431.70,2.00,WIFI
24:F3:E3:0F:FE:06,retirement village,[WPA2_PSK],2025-12-1 15:13:55,11,-80,34.0358810,-117.1815643,431.70,2.00,WIFI
24:F3:E3:0F:FE:03,,[WPA3_PSK],2025-12-1 15:13:55,11,-81,34.0358810,-117.1815643,431.70,2.00,WIFI
C8:A7:0A:94:90:3C,FiOS-KWCHI,[WPA2_PSK],2025-12-1 15:13:55,11,-82,34.0358810,-117.1815643,431.70,2.00,WIFI
00:7F:28:57:FE:CF,96H6B,[WPA2_PSK],2025-12-1 15:13:55,11,-84,34.0358810,-117.1815643,431.70,2.00,WIFI
6E:02:E0:E7:2D:90,DIRECT-90-HP ENVY Photo 7800,[WPA2_PSK],2025-12-1 15:13:55,11,-86,34.0358810,-117.1815643,431.70,2.00,WIFI
D4:A9:28:11:5B:2A,FiOS-SXER3,[WPA2_PSK],2025-12-1 15:13:58,1,-79,34.0360947,-117.1811752,432.60,2.00,WIFI
E6:B3:70:FD:65:31,Frontier2912_5G,[WPA2_PSK],2025-12-1 15:14:1,3,-84,34.0363045,-117.1808014,433.70,2.00,WIFI
DE:B3:70:FD:65:31,LaCresenta,[WPA2_PSK],2025-12-1 15:14:1,3,-85,34.0363045,-117.1808014,433.70,2.00,WIFI
3E:94:ED:AE:C9:FC,ORBI26,[WPA2_PSK],2025-12-1 15:14:2,4,-71,34.0363731,-117.1806793,434.00,2.00,WIFI
3E:94:ED:AE:C8:B2,ORBI26,[WPA2_PSK],2025-12-1 15:14:2,4,-82,34.0363731,-117.1806793,434.00,2.00,WIFI
3E:94:ED:AE:C8:5D,ORBI26,[WPA2_PSK],2025-12-1 15:14:2,4,-82,34.0363731,-117.1806793,434.00,2.00,WIFI
A4:11:62:C5:20:C5,ARLO_VMB_2815713798,[WPA2_PSK],2025-12-1 15:14:3,5,-87,34.0364418,-117.1805573,434.30,2.00,WIFI
B0:E4:D5:6E:2E:DF,GoBulldogs,[WPA2_PSK],2025-12-1 15:14:4,6,-72,34.0365067,-117.1804352,434.60,2.00,WIFI
F0:9F:C2:2D:F0:64,LittleHouseOnCedar,[WPA2_PSK],2025-12-1 15:14:4,6,-80,34.0365067,-117.1804352,434.60,2.00,WIFI
74:B6:B6:84:CE:83,,[WPA3_PSK],2025-12-1 15:14:4,6,-84,34.0365067,-117.1804352,434.60,2.00,WIFI
74:B6:B6:84:CE:85,Myralee Cottage,[WPA2_PSK],2025-12-1 15:14:4,6,-85,34.0365067,-117.1804352,434.60,2.00,WIFI
74:B6:B6:84:CE:8B,Myralee Cottage Guest,[WPA2_PSK],2025-12-1 15:14:4,6,-86,34.0365067,-117.1804352,434.60,2.00,WIFI
12:E8:A7:3C:D4:A9,myChevrolet D4A9,[WPA2_PSK],2025-12-1 15:14:5,7,-69,34.0365753,-117.1803055,434.90,2.00,WIFI
0E:36:C9:FD:DF:C4,Baker Home,[WPA2_PSK],2025-12-1 15:14:7,9,-84,34.0367165,-117.1800537,435.20,2.00,WIFI
CC:F4:11:6A:32:A8,Rhynumust II,[WPA2_PSK],2025-12-1 15:14:9,11,-66,34.0368462,-117.1798096,435.50,2.00,WIFI
C8:D3:FF:16:51:61,DIRECT-60-HP ENVY 5660 series,[WPA2_PSK],2025-12-1 15:14:9,11,-79,34.0368462,-117.1798096,435.50,2.00,WIFI
FC:3F:A6:83:67:E6,divito,[WPA2_PSK],2025-12-1 15:14:9,11,-81,34.0368462,-117.1798096,435.50,2.00,WIFI
FC:3F:A6:83:67:EF,divito Guest,[WPA2_PSK],2025-12-1 15:14:9,11,-81,34.0368462,-117.1798096,435.50,2.00,WIFI
40:B0:34:5D:0A:7C,DIRECT-7B-HP DeskJet 3630 series,[WPA2_PSK],2025-12-1 15:14:9,11,-82,34.0368462,-117.1798096,435.50,2.00,WIFI
B0:FC:88:73:93:A3,SpectrumSetup-9D,[WPA2_PSK],2025-12-1 15:14:9,11,-83,34.0368462,-117.1798096,435.50,2.00,WIFI
08:33:ED:C5:F8:B1,SpectrumSetup-B3,[WPA2_PSK],2025-12-1 15:14:9,11,-90,34.0368462,-117.1798096,435.50,2.00,WIFI
9C:57:BC:9C:B0:43,,[WPA3_PSK],2025-12-1 15:14:12,1,-68,34.0370369,-117.1794739,436.00,2.00,WIFI
9C:57:BC:9C:B0:49,,[OPEN],2025-12-1 15:14:12,1,-69,34.0370369,-117.1794739,436.00,2.00,WIFI
9C:57:BC:9C:B0:46,everquest7,[WPA2_PSK],2025-12-1 15:14:12,1,-69,34.0370369,-117.1794739,436.00,2.00,WIFI
9C:57:BC:9B:E5:86,everquest7,[WPA2_PSK],2025-12-1 15:14:12,1,-74,34.0370369,-117.1794739,436.00,2.00,WIFI
9C:57:BC:9B:E5:89,,[OPEN],2025-12-1 15:14:12,1,-76,34.0370369,-117.1794739,436.00,2.00,WIFI
9C:57:BC:9B:E5:83,,[WPA3_PSK],2025-12-1 15:14:12,1,-77,34.0370369,-117.1794739,436.00,2.00,WIFI
9C:57:BC:87:98:86,everquest7,[WPA2_PSK],2025-12-1 15:14:12,1,-79,34.0370369,-117.1794739,436.00,2.00,WIFI
64:67:72:56:B3:F9,Murray Brand,[WPA2_PSK],2025-12-1 15:14:12,1,-81,34.0370369,-117.1794739,436.00,2.00,WIFI
9C:57:BC:87:98:89,,[OPEN],2025-12-1 15:14:12,1,-81,34.0370369,-117.1794739,436.00,2.00,WIFI
9C:57:BC:87:98:83,,[WPA3_PSK],2025-12-1 15:14:12,1,-82,34.0370369,-117.1794739,436.00,2.00,WIFI
42:94:ED:AE:C8:B2,,[WPA2_PSK],2025-12-1 15:14:16,4,-85,34.0372086,-117.1791687,436.50,2.00,WIFI
2C:EA:DC:20:D3:9D,SpectrumSetup-9F,[WPA2_PSK],2025-12-1 15:14:18,6,-80,34.0372581,-117.1790695,436.60,2.00,WIFI
8C:DD:0B:CB:87:85,,[WPA3_PSK],2025-12-1 15:14:18,6,-82,34.0372581,-117.1790695,436.60,2.00,WIFI
8C:DD:0B:CB:87:88,Field Family,[WPA2_PSK],2025-12-1 15:14:18,6,-83,34.0372581,-117.1790695,436.60,2.00,WIFI
8C:DD:0B:CB:87:8B,,[OPEN],2025-12-1 15:14:18,6,-84,34.0372581,-117.1790695,436.60,2.00,WIFI
FA:8F:CA:52:DB:55,,[OPEN],2025-12-1 15:14:18,6,-90,34.0372581,-117.1790695,436.60,2.00,WIFI
FC:3F:A6:83:67:E3,,[WPA3_PSK],2025-12-1 15:14:23,11,-74,34.0372887,-117.1790237,436.80,2.00,WIFI
FC:3F:A6:83:67:E9,,[OPEN],2025-12-1 15:14:23,11,-74,34.0372887,-117.1790237,436.80,2.00,WIFI
F0:B6:61:5D:91:64,,[WPA3_PSK],2025-12-1 15:14:23,11,-82,34.0372887,-117.1790237,436.80,2.00,WIFI
F0:B6:61:5D:91:6A,,[OPEN],2025-12-1 15:14:23,11,-82,34.0372887,-117.1790237,436.80,2.00,WIFI
F0:B6:61:5D:91:67,divito,[WPA2_PSK],2025-12-1 15:14:23,11,-82,34.0372887,-117.1790237,436.80,2.00,WIFI
F0:B6:61:5D:91:70,divito Guest,[WPA2_PSK],2025-12-1 15:14:23,11,-82,34.0372887,-117.1790237,436.80,2.00,WIFI
20:C9:D0:A4:BE:96,Murray Brand,[WPA2_PSK],2025-12-1 15:14:23,11,-85,34.0372887,-117.1790237,436.80,2.00,WIFI
A0:8A:06:73:ED:65,Big House,[WPA2_PSK],2025-12-1 15:14:23,11,-85,34.0372887,-117.1790237,436.80,2.00,WIFI
62:E6:F0:59:D4:5A,myCadillac d45a,[WPA2_PSK],2025-12-1 15:14:24,1,-70,34.0372849,-117.1790237,436.90,2.00,WIFI
D0:21:F9:62:31:F4,RMR NET,[WPA2_PSK],2025-12-1 15:14:24,1,-86,34.0372849,-117.1790237,436.90,2.00,WIFI
90:D3:CF:EE:02:1A,SpectrumSetup-021D,[WPA2_PSK],2025-12-1 15:14:24,1,-89,34.0372849,-117.1790237,436.90,2.00,WIFI
1C:61:B4:18:58:16,P-and-L-plus5,[WPA2_PSK],2025-12-1 15:14:29,3,-88,34.0373650,-117.1788788,436.90,2.00,WIFI
C4:41:1E:82:63:34,linksys 1004,[WPA2_PSK],2025-12-1 15:14:29,3,-92,34.0373650,-117.1788788,436.90,2.00,WIFI
F0:B6:61:5F:CB:A7,Stein,[WPA2_PSK],2025-12-1 15:14:32,6,-78,34.0374947,-117.1786346,436.60,2.00,WIFI
F0:B6:61:5F:CB:AA,,[OPEN],2025-12-1 15:14:32,6,-83,34.0374947,-117.1786346,436.60,2.00,WIFI
F0:B6:61:5F:CB:A4,,[WPA3_PSK],2025-12-1 15:14:32,6,-85,34.0374947,-117.1786346,436.60,2.00,WIFI
24:41:FE:E4:92:2A,Pretty Fly for a Wi-fi,[WPA2_PSK],2025-12-1 15:14:32,6,-91,34.0374947,-117.1786346,436.60,2.00,WIFI
6C:CD:D6:E5:7E:B1,,[WPA2_PSK],2025-12-1 15:14:35,9,-75,34.0376892,-117.1782990,436.70,2.00,WIFI
72:CD:D6:E5:7E:B1,Baker Home,[WPA2_PSK],2025-12-1 15:14:35,9,-82,34.0376892,-117.1782990,436.70,2.00,WIFI
08:36:C9:FD:D8:38,,[WPA2_PSK],2025-12-1 15:14:35,9,-93,34.0376892,-117.1782990,436.70,2.00,WIFI
A0:7F:8A:11:CA:30,Mpire,[WPA2_PSK],2025-12-1 15:14:37,11,-68,34.0378304,-117.1780319,436.60,2.00,WIFI
D0:CB:DD:E4:71:C5,,[WPA3_PSK],2025-12-1 15:14:37,11,-70,34.0378304,-117.1780319,436.60,2.00,WIFI
D0:CB:DD:E4:71:CB,,[OPEN],2025-12-1 15:14:37,11,-70,34.0378304,-117.1780319,436.60,2.00,WIFI
D0:CB:DD:E2:08:4B,,[OPEN],2025-12-1 15:14:37,11,-70,34.0378304,-117.1780319,436.60,2.00,WIFI
D0:CB:DD:E2:08:48,Simbaland,[WPA2_PSK],2025-12-1 15:14:37,11,-71,34.0378304,-117.1780319,436.60,2.00,WIFI
D0:CB:DD:E2:08:45,,[WPA3_PSK],2025-12-1 15:14:37,11,-71,34.0378304,-117.1780319,436.60,2.00,WIFI
D0:CB:DD:E4:71:C8,Simbaland,[WPA2_PSK],2025-12-1 15:14:37,11,-72,34.0378304,-117.1780319,436.60,2.00,WIFI
D0:CB:DD:F4:23:48,Simbaland,[WPA2_PSK],2025-12-1 15:14:37,11,-73,34.0378304,-117.1780319,436.60,2.00,WIFI
74:93:DA:A4:45:B9,SpectrumSetup-BB,[WPA2_PSK],2025-12-1 15:14:37,11,-78,34.0378304,-117.1780319,436.60,2.00,WIFI
D0:CB:DD:F4:23:4B,,[OPEN],2025-12-1 15:14:37,11,-78,34.0378304,-117.1780319,436.60,2.00,WIFI
D0:CB:DD:F4:23:45,,[WPA3_PSK],2025-12-1 15:14:37,11,-80,34.0378304,-117.1780319,436.60,2.00,WIFI
D8:44:89:A1:2D:33,Frontier6496_EXT new,[WPA2_PSK],2025-12-1 15:14:40,1,-84,34.0380478,-117.1776276,436.50,2.00,WIFI
00:C8:96:D1:50:D2,,[WPA_WPA2_PSK],2025-12-1 15:14:40,1,-86,34.0380478,-117.1776276,436.50,2.00,WIFI
54:04:63:C5:36:91,,[WPA_WPA2_PSK],2025-12-1 15:14:40,1,-88,34.0380478,-117.1776276,436.50,2.00,WIFI
3C:31:78:70:70:BB,Alsop_Mesh,[WPA2_PSK],2025-12-1 15:14:40,1,-88,34.0380478,-117.1776276,436.50,2.00,WIFI
94:F7:17:83:E7:48,,[WPA_WPA2_PSK],2025-12-1 15:14:40,1,-92,34.0380478,-117.1776276,436.50,2.00,WIFI
3E:94:ED:17:5C:C1,SouthernbaseTC,[WPA2_PSK],2025-12-1 15:14:43,3,-86,34.0382729,-117.1772308,436.20,2.00,WIFI
CC:40:D0:17:68:14,NTGR_VMB_1462060938,[WPA2_PSK],2025-12-1 15:14:43,3,-90,34.0382729,-117.1772308,436.20,2.00,WIFI
04:42:1A:33:30:B0,castreje,[WPA2_PSK],2025-12-1 15:14:45,5,-71,34.0384178,-117.1769638,436.20,2.00,WIFI
98:ED:7E:09:8C:67,Ahoy Matey,[WPA2_PSK],2025-12-1 15:14:46,6,-73,34.0384941,-117.1768341,436.40,2.00,WIFI
18:A9:ED:59:0A:06,Ahoy Matey,[WPA2_PSK],2025-12-1 15:14:46,6,-75,34.0384941,-117.1768341,436.40,2.00,WIFI
90:48:46:61:5A:E5,ENVOY_025244,[OPEN],2025-12-1 15:14:47,7,-86,34.0385666,-117.1766968,436.50,2.00,WIFI
60:F4:19:40:0C:46,TEST,[WPA2_PSK],2025-12-1 15:14:51,11,-57,34.0388756,-117.1761475,437.10,2.00,WIFI
60:F4:19:40:0C:43,,[WPA3_PSK],2025-12-1 15:14:51,11,-63,34.0388756,-117.1761475,437.10,2.00,WIFI
60:F4:19:40:0C:49,,[OPEN],2025-12-1 15:14:51,11,-63,34.0388756,-117.1761475,437.10,2.00,WIFI
D0:BF:9C:EC:26:10,DIRECT-0F-HP ENVY 7640 series,[WPA2_PSK],2025-12-1 15:14:51,11,-68,34.0388756,-117.1761475,437.10,2.00,WIFI
84:A0:6E:BA:00:96,MySpectrumWiFi90-2G,[WPA2_PSK],2025-12-1 15:14:51,11,-70,34.0388756,-117.1761475,437.10,2.00,WIFI
F0:7B:65:8E:0A:F4,SpectrumSetup-0AEE,[WPA2_PSK],2025-12-1 15:14:51,11,-90,34.0388756,-117.1761475,437.10,2.00,WIFI
98:1E:19:25:0D:76,MySpectrumWiFi70-2G,[WPA2_PSK],2025-12-1 15:14:51,11,-91,34.0388756,-117.1761475,437.10,2.00,WIFI
F8:2D:C0:53:48:A8,Frontier0320,[WPA2_PSK],2025-12-1 15:14:51,11,-92,34.0388756,-117.1761475,437.10,2.00,WIFI
28:EC:22:11:0A:69,,[OPEN],2025-12-1 15:14:54,1,-65,34.0391121,-117.1757202,437.30,2.00,WIFI
D4:3F:32:01:A4:03,,[WPA3_PSK],2025-12-1 15:14:54,1,-65,34.0391121,-117.1757202,437.30,2.00,WIFI
28:EC:22:11:0A:63,,[WPA3_PSK],2025-12-1 15:14:54,1,-66,34.0391121,-117.1757202,437.30,2.00,WIFI
28:EC:22:11:0A:66,PerkinsRes,[WPA2_PSK],2025-12-1 15:14:54,1,-66,34.0391121,-117.1757202,437.30,2.00,WIFI
D4:3F:32:01:A4:09,,[OPEN],2025-12-1 15:14:54,1,-66,34.0391121,-117.1757202,437.30,2.00,WIFI
D4:3F:32:01:A4:06,PerkinsRes,[WPA2_PSK],2025-12-1 15:14:54,1,-71,34.0391121,-117.1757202,437.30,2.00,WIFI
FC:3F:A6:F4:F7:A6,PerkinsRes,[WPA2_PSK],2025-12-1 15:14:54,1,-72,34.0391121,-117.1757202,437.30,2.00,WIFI
FC:3F:A6:F4:F7:A3,,[WPA3_PSK],2025-12-1 15:14:54,1,-72,34.0391121,-117.1757202,437.30,2.00,WIFI
FC:3F:A6:F4:F7:A9,,[OPEN],2025-12-1 15:14:54,1,-72,34.0391121,-117.1757202,437.30,2.00,WIFI
FC:3F:A6:DE:4D:06,PerkinsRes,[WPA2_PSK],2025-12-1 15:14:54,1,-78,34.0391121,-117.1757202,437.30,2.00,WIFI
28:EC:22:13:55:46,PerkinsRes,[WPA2_PSK],2025-12-1 15:14:54,1,-82,34.0391121,-117.1757202,437.30,2.00,WIFI
28:EC:22:13:55:49,,[OPEN],2025-12-1 15:14:54,1,-83,34.0391121,-117.1757202,437.30,2.00,WIFI
28:EC:22:13:55:43,,[WPA3_PSK],2025-12-1 15:14:54,1,-84,34.0391121,-117.1757202,437.30,2.00,WIFI
24:5A:4C:A1:A0:D2,Oak 1902,[WPA2_PSK],2025-12-1 15:14:54,1,-91,34.0391121,-117.1757202,437.30,2.00,WIFI
DE:9F:DB:F7:E0:53,sweets-dtv,[OPEN],2025-12-1 15:14:54,1,-94,34.0391121,-117.1757202,437.30,2.00,WIFI
AA:6E:84:21:18:9E,Can you count suckers?,[WPA2_PSK],2025-12-1 15:14:59,4,-66,34.0395088,-117.1749954,439.50,2.00,WIFI
A8:6E:84:61:18:9E,,[WPA2_PSK],2025-12-1 15:14:59,4,-70,34.0395088,-117.1749954,439.50,2.00,WIFI
A8:6E:84:61:84:62,,[WPA2_PSK],2025-12-1 15:14:59,4,-77,34.0395088,-117.1749954,439.50,2.00,WIFI
A8:29:48:25:52:F2,Can you count suckers?,[WPA2_PSK],2025-12-1 15:14:59,4,-79,34.0395088,-117.1749954,439.50,2.00,WIFI
BA:29:48:25:4D:E2,Can you count suckers?,[WPA2_PSK],2025-12-1 15:14:59,4,-81,34.0395088,-117.1749954,439.50,2.00,WIFI
B6:29:48:25:4D:E6,Can you count suckers?,[WPA2_PSK],2025-12-1 15:14:59,4,-83,34.0395088,-117.1749954,439.50,2.00,WIFI
4A:EA:62:B0:4C:7E,DIRECT-7E-HP 4101fdw LJ,[WPA2_PSK],2025-12-1 15:15:1,6,-83,34.0396652,-117.1747131,440.10,2.00,WIFI
74:FE:CE:7C:DD:72,HOV-NET_EXT,[WPA2_PSK],2025-12-1 15:15:5,10,-85,34.0399628,-117.1741562,441.10,2.00,WIFI
18:A9:ED:01:5F:83,,[WPA3_PSK],2025-12-1 15:15:6,11,-68,34.0400352,-117.1740341,441.40,2.00,WIFI
18:A9:ED:01:5F:89,,[OPEN],2025-12-1 15:15:6,11,-68,34.0400352,-117.1740341,441.40,2.00,WIFI
24:F3:E3:F2:CA:86,Redlands,[WPA2_WPA3_PSK],2025-12-1 15:15:6,11,-73,34.0400352,-117.1740341,441.40,2.00,WIFI
24:F3:E3:F2:CA:83,,[WPA3_PSK],2025-12-1 15:15:6,11,-74,34.0400352,-117.1740341,441.40,2.00,WIFI
24:F3:E3:F2:CA:89,,[OPEN],2025-12-1 15:15:6,11,-74,34.0400352,-117.1740341,441.40,2.00,WIFI
24:F3:E3:10:EB:43,,[WPA3_PSK],2025-12-1 15:15:6,11,-84,34.0400352,-117.1740341,441.40,2.00,WIFI
24:F3:E3:10:EB:49,,[OPEN],2025-12-1 15:15:6,11,-85,34.0400352,-117.1740341,441.40,2.00,WIFI
24:F3:E3:10:EB:46,280,[WPA2_PSK],2025-12-1 15:15:6,11,-85,34.0400352,-117.1740341,441.40,2.00,WIFI
18:1B:EB:9D:77:8B,FiOS-2M7HS,[WPA2_PSK],2025-12-1 15:15:8,1,-80,34.0401764,-117.1737671,441.90,2.00,WIFI
94:F7:17:D0:AE:EC,,[WPA_WPA2_PSK],2025-12-1 15:15:8,1,-85,34.0401764,-117.1737671,441.90,2.00,WIFI
4C:19:5D:30:09:4B,SpectrumSetup-45,[WPA2_PSK],2025-12-1 15:15:8,1,-89,34.0401764,-117.1737671,441.90,2.00,WIFI
94:F7:17:D0:A9:BC,,[WPA_WPA2_PSK],2025-12-1 15:15:8,1,-90,34.0401764,-117.1737671,441.90,2.00,WIFI
0E:19:5D:30:09:4C,,[WPA2_PSK],2025-12-1 15:15:8,1,-91,34.0401764,-117.1737671,441.90,2.00,WIFI
80:AF:CA:59:77:EA,SpectrumSetup-4325-EXT2G,[WPA_WPA2_PSK],2025-12-1 15:15:12,3,-91,34.0404510,-117.1732712,443.00,2.00,WIFI
AC:EC:85:9E:A2:C6,,[OPEN],2025-12-1 15:15:15,6,-81,34.0406647,-117.1728973,443.80,2.00,WIFI
AC:EC:85:9E:A2:C2,,[WPA3_PSK],2025-12-1 15:15:15,6,-82,34.0406647,-117.1728973,443.80,2.00,WIFI
AC:EC:85:9E:A2:C4,eero,[WPA2_PSK],2025-12-1 15:15:15,6,-83,34.0406647,-117.1728973,443.80,2.00,WIFI
C0:36:53:0C:BB:46,eero,[WPA2_PSK],2025-12-1 15:15:15,6,-84,34.0406647,-117.1728973,443.80,2.00,WIFI
C0:36:53:0C:BB:48,,[OPEN],2025-12-1 15:15:15,6,-85,34.0406647,-117.1728973,443.80,2.00,WIFI
14:59:C0:A8:4E:FC,NETGEAR52,[WPA2_PSK],2025-12-1 15:15:15,6,-86,34.0406647,-117.1728973,443.80,2.00,WIFI
CC:F4:11:78:1F:BB,rxman1151,[WPA2_PSK],2025-12-1 15:15:15,6,-89,34.0406647,-117.1728973,443.80,2.00,WIFI
CE:2D:E0:0F:D5:29,STW-5,[WPA2_PSK],2025-12-1 15:15:20,11,-74,34.0410080,-117.1722717,445.00,2.00,WIFI
6E:3B:6B:7D:6C:2D,STW-2,[WPA2_PSK],2025-12-1 15:15:20,11,-75,34.0410080,-117.1722717,445.00,2.00,WIFI
CC:2D:E0:0F:D5:26,STW-1,[WPA2],2025-12-1 15:15:20,11,-75,34.0410080,-117.1722717,445.00,2.00,WIFI
CE:2D:E0:1D:0F:70,STW-5,[WPA2_PSK],2025-12-1 15:15:22,1,-77,34.0411148,-117.1720810,445.40,2.00,WIFI
CC:2D:E0:1D:0F:6E,STW-1,[WPA2],2025-12-1 15:15:22,1,-77,34.0411148,-117.1720810,445.40,2.00,WIFI
74:37:5F:F9:BE:B1,SpectrumSetup-AF,[WPA2_PSK],2025-12-1 15:15:22,1,-79,34.0411148,-117.1720810,445.40,2.00,WIFI
30:60:0A:25:39:AC,,[WPA_WPA2_PSK],2025-12-1 15:15:22,1,-89,34.0411148,-117.1720810,445.40,2.00,WIFI
74:37:5F:26:56:DF,SpectrumSetup-DD,[WPA2_PSK],2025-12-1 15:15:22,1,-90,34.0411148,-117.1720810,445.40,2.00,WIFI
5C:A5:BC:02:3F:05,4Corners,[WPA2_PSK],2025-12-1 15:15:29,6,-70,34.0412827,-117.1717758,445.50,2.00,WIFI
5C:A5:BC:02:3F:03,,[WPA3_PSK],2025-12-1 15:15:29,6,-75,34.0412827,-117.1717758,445.50,2.00,WIFI
34:49:5B:C0:8F:B6,MySpectrumWiFib0-2G,[WPA2_PSK],2025-12-1 15:15:29,6,-79,34.0412827,-117.1717758,445.50,2.00,WIFI
5C:A5:BC:08:05:07,,[OPEN],2025-12-1 15:15:29,6,-80,34.0412827,-117.1717758,445.50,2.00,WIFI
5C:A5:BC:08:05:05,4Corners,[WPA2_PSK],2025-12-1 15:15:29,6,-80,34.0412827,-117.1717758,445.50,2.00,WIFI
5C:A5:BC:08:05:03,,[WPA3_PSK],2025-12-1 15:15:29,6,-81,34.0412827,-117.1717758,445.50,2.00,WIFI
D0:6D:C9:39:71:26,Frontier0472,[WPA2_PSK],2025-12-1 15:15:29,6,-90,34.0412827,-117.1717758,445.50,2.00,WIFI
E8:D2:FF:B2:42:BE,SpectrumSetup-B8,[WPA2_PSK],2025-12-1 15:15:36,1,-65,34.0415306,-117.1713257,444.90,2.00,WIFI
84:A0:6E:D2:70:06,MySpectrumWiFi00-2G,[WPA2_PSK],2025-12-1 15:15:36,1,-71,34.0415306,-117.1713257,444.90,2.00,WIFI
28:CF:DA:B4:03:C7,Burgess Network,[WPA2_PSK],2025-12-1 15:15:36,1,-78,34.0415306,-117.1713257,444.90,2.00,WIFI
44:AD:B1:57:66:C6,SpectrumSetup-C0,[WPA2_PSK],2025-12-1 15:15:36,1,-88,34.0415306,-117.1713257,444.90,2.00,WIFI
A0:89:66:94:7D:D8,,[WPA_WPA2_PSK],2025-12-1 15:15:36,1,-90,34.0415306,-117.1713257,444.90,2.00,WIFI
D0:BF:9C:E5:DB:4D,DIRECT-4C-HP ENVY 7640 series,[WPA2_PSK],2025-12-1 15:15:36,1,-92,34.0415306,-117.1713257,444.90,2.00,WIFI
D8:A7:56:6A:88:5E,Lake Arrowhead-2G,[WPA2_PSK],2025-12-1 15:15:41,4,-92,34.0418816,-117.1706848,443.80,2.00,WIFI
EE:9F:80:A5:3F:B8,AAA-guest,[OPEN],2025-12-1 15:15:42,5,-82,34.0419617,-117.1705475,443.40,2.00,WIFI
54:21:60:18:EB:41,Alula18EB40,[WPA_WPA2_PSK],2025-12-1 15:15:42,5,-91,34.0419617,-117.1705475,443.40,2.00,WIFI
9C:0B:05:5C:74:CA,,[OPEN],2025-12-1 15:15:43,6,-69,34.0420418,-117.1704025,443.10,2.00,WIFI
9C:0B:05:5C:74:C7,DBCVCC,[WPA2_PSK],2025-12-1 15:15:43,6,-69,34.0420418,-117.1704025,443.10,2.00,WIFI
9C:0B:05:5C:74:C4,,[WPA3_PSK],2025-12-1 15:15:43,6,-71,34.0420418,-117.1704025,443.10,2.00,WIFI
88:DE:7C:CC:7F:E5,Walker,[WPA2_PSK],2025-12-1 15:15:43,6,-73,34.0420418,-117.1704025,443.10,2.00,WIFI
F4:05:95:8F:CB:C5,SpectrumSetup-BF,[WPA2_PSK],2025-12-1 15:15:43,6,-80,34.0420418,-117.1704025,443.10,2.00,WIFI
C2:B5:D7:3E:13:50,DIRECT-50-HP M281 LaserJet,[WPA2_PSK],2025-12-1 15:15:43,6,-91,34.0420418,-117.1704025,443.10,2.00,WIFI
2C:67:BE:0E:28:A0,SpectrumSetup-289C,[WPA2_PSK],2025-12-1 15:15:43,6,-91,34.0420418,-117.1704025,443.10,2.00,WIFI
F8:3E:B0:11:E1:CC,TMOBILE-E1CA,[WPA2_WPA3_PSK],2025-12-1 15:15:45,8,-87,34.0421944,-117.1701050,442.30,2.00,WIFI
16:0C:6B:32:4F:2C,,[WPA2_PSK],2025-12-1 15:15:46,9,-82,34.0422745,-117.1699600,441.80,2.00,WIFI
48:D2:4F:FC:B9:16,SpectrumSetup-10,[WPA2_PSK],2025-12-1 15:15:48,11,-65,34.0424385,-117.1696625,440.80,2.00,WIFI
2C:67:BE:4A:8D:0E,SpectrumSetup-8D0A,[WPA2_PSK],2025-12-1 15:15:48,11,-68,34.0424385,-117.1696625,440.80,2.00,WIFI
44:AC:85:FA:33:C3,,[WPA3_PSK],2025-12-1 15:15:48,11,-75,34.0424385,-117.1696625,440.80,2.00,WIFI
44:AC:85:FA:33:C9,,[OPEN],2025-12-1 15:15:48,11,-76,34.0424385,-117.1696625,440.80,2.00,WIFI
44:AC:85:FA:33:C6,fouriscosmic,[WPA2_PSK],2025-12-1 15:15:48,11,-76,34.0424385,-117.1696625,440.80,2.00,WIFI
24:F3:E3:D5:B1:86,Eekamouse,[WPA2_PSK],2025-12-1 15:15:48,11,-85,34.0424385,-117.1696625,440.80,2.00,WIFI
24:F3:E3:AC:C3:C3,,[WPA3_PSK],2025-12-1 15:15:48,11,-86,34.0424385,-117.1696625,440.80,2.00,WIFI
66:67:72:22:92:C8,Cove,[WPA2_WPA3_PSK],2025-12-1 15:15:50,1,-63,34.0426064,-117.1693573,439.80,2.00,WIFI
66:67:72:12:92:C8,Mesh,[WPA2_WPA3_PSK],2025-12-1 15:15:50,1,-64,34.0426064,-117.1693573,439.80,2.00,WIFI
D6:15:24:E9:B7:DE,,[WPA2_PSK],2025-12-1 15:15:50,1,-72,34.0426064,-117.1693573,439.80,2.00,WIFI
74:37:5F:A7:D1:D7,SpectrumSetup-D5,[WPA2_PSK],2025-12-1 15:15:50,1,-72,34.0426064,-117.1693573,439.80,2.00,WIFI
B6:15:24:E9:B7:DE,,[WPA2_PSK],2025-12-1 15:15:50,1,-73,34.0426064,-117.1693573,439.80,2.00,WIFI
44:AD:B1:56:9D:5E,SpectrumSetup-58,[WPA2_PSK],2025-12-1 15:15:50,1,-75,34.0426064,-117.1693573,439.80,2.00,WIFI
AC:91:9B:C0:1B:BE,Verizon_7Y3XDC,[WPA2_PSK],2025-12-1 15:15:50,1,-85,34.0426064,-117.1693573,439.80,2.00,WIFI
48:BA:4E:2D:77:84,DIRECT-83-HP OfficeJet 6950,[WPA2_PSK],2025-12-1 15:15:50,1,-85,34.0426064,-117.1693573,439.80,2.00,WIFI
B0:BB:E5:2D:80:E6,SpectrumSetup-E0,[WPA2_PSK],2025-12-1 15:15:50,1,-86,34.0426064,-117.1693573,439.80,2.00,WIFI
E4:FA:C4:8F:B1:54,SpectrumSetup-84_EXT,[WPA2_PSK],2025-12-1 15:15:50,1,-90,34.0426064,-117.1693573,439.80,2.00,WIFI
4C:19:5D:B2:B8:31,SpectrumSetup-2B,[WPA2_PSK],2025-12-1 15:15:50,1,-91,34.0426064,-117.1693573,439.80,2.00,WIFI
F0:7B:65:CB:30:05,Huff House,[WPA2_PSK],2025-12-1 15:15:50,1,-93,34.0426064,-117.1693573,439.80,2.00,WIFI
A4:97:33:B5:02:89,Itsgoingon,[WPA2_PSK],2025-12-1 15:15:58,6,-70,34.0432358,-117.1682205,439.20,2.00,WIFI
78:76:89:37:79:07,SleepyBoo,[WPA2_PSK],2025-12-1 15:15:58,6,-78,34.0432358,-117.1682205,439.20,2.00,WIFI
50:27:A9:5C:13:C3,,[WPA3_PSK],2025-12-1 15:15:58,6,-84,34.0432358,-117.1682205,439.20,2.00,WIFI
D0:16:7C:4B:74:A7,,[OPEN],2025-12-1 15:15:58,6,-86,34.0432358,-117.1682205,439.20,2.00,WIFI
D0:16:7C:4B:74:A3,,[WPA3_PSK],2025-12-1 15:15:58,6,-86,34.0432358,-117.1682205,439.20,2.00,WIFI
D0:16:7C:4B:74:A5,Tom’s Eero,[WPA2_PSK],2025-12-1 15:15:58,6,-86,34.0432358,-117.1682205,439.20,2.00,WIFI
1A:0C:6B:35:37:56,ORBI74-Guest,[WPA2_PSK],2025-12-1 15:16:1,9,-66,34.0434647,-117.1678085,439.30,2.00,WIFI
10:0C:6B:35:37:56,,[WPA2_PSK],2025-12-1 15:16:1,9,-66,34.0434647,-117.1678085,439.30,2.00,WIFI
C8:63:FC:47:3B:04,MySpectrumWiFi03-2G,[WPA2_PSK],2025-12-1 15:16:3,11,-65,34.0436211,-117.1675262,439.40,2.00,WIFI
20:3A:0C:D0:F2:86,Frontier internet wifi,[WPA2_PSK],2025-12-1 15:16:3,11,-69,34.0436211,-117.1675262,439.40,2.00,WIFI
6C:99:61:D5:8E:DE,SpectrumSetup-D8,[WPA2_PSK],2025-12-1 15:16:3,11,-70,34.0436211,-117.1675262,439.40,2.00,WIFI
FC:3D:73:EF:AD:C6,Frontier internet wifi,[WPA2_PSK],2025-12-1 15:16:3,11,-71,34.0436211,-117.1675262,439.40,2.00,WIFI
7C:0C:F6:0B:CB:BC,Dash-2976,[WPA2_PSK],2025-12-1 15:16:3,11,-78,34.0436211,-117.1675262,439.40,2.00,WIFI
20:3A:0C:C6:9B:06,Frontier internet wifi,[WPA2_PSK],2025-12-1 15:16:3,11,-83,34.0436211,-117.1675262,439.40,2.00,WIFI
34:49:5B:C2:21:06,MySpectrumWiFi00-2G,[WPA2_PSK],2025-12-1 15:16:6,1,-83,34.0438614,-117.1670990,439.10,2.00,WIFI
C8:B4:22:C0:C9:75,MySpectrumWiFi77-2G,[WPA2_PSK],2025-12-1 15:16:6,1,-83,34.0438614,-117.1670990,439.10,2.00,WIFI
26:E8:29:94:11:5F,,[WPA2_PSK],2025-12-1 15:16:6,1,-91,34.0438614,-117.1670990,439.10,2.00,WIFI
9C:3D:CF:44:7B:C2,NETGEAR04,[WPA2_PSK],2025-12-1 15:16:10,4,-91,34.0441513,-117.1665573,438.40,2.00,WIFI
C2:A4:76:D0:08:A2,,[WPA_WPA2_PSK],2025-12-1 15:16:12,6,-64,34.0442657,-117.1663361,438.10,2.00,WIFI
C0:A4:76:B0:08:A2,West Wing,[WPA_WPA2_PSK],2025-12-1 15:16:12,6,-69,34.0442657,-117.1663361,438.10,2.00,WIFI
F8:55:CD:EB:69:1C,Hotspotk84h,[WPA_WPA2_PSK],2025-12-1 15:16:12,6,-71,34.0442657,-117.1663361,438.10,2.00,WIFI
70:A7:41:61:A2:34,TGPG,[WPA2_PSK],2025-12-1 15:16:12,6,-86,34.0442657,-117.1663361,438.10,2.00,WIFI
F8:55:CD:89:CE:E1,HotspotBA3q,[WPA_WPA2_PSK],2025-12-1 15:16:12,6,-91,34.0442657,-117.1663361,438.10,2.00,WIFI
20:BE:CD:82:57:44,,[WPA3_PSK],2025-12-1 15:16:17,11,-70,34.0444031,-117.1660309,437.50,1.75,WIFI
20:BE:CD:82:57:4A,,[OPEN],2025-12-1 15:16:17,11,-71,34.0444031,-117.1660309,437.50,1.75,WIFI
20:BE:CD:82:57:47,searching…,[WPA2_PSK],2025-12-1 15:16:17,11,-76,34.0444031,-117.1660309,437.50,1.75,WIFI
D0:21:F9:DC:D5:44,TGPG,[WPA2_PSK],2025-12-1 15:16:17,11,-88,34.0444031,-117.1660309,437.50,1.75,WIFI
D8:EC:5E:9C:22:F8,anette,[WPA2_PSK],2025-12-1 15:16:17,11,-89,34.0444031,-117.1660309,437.50,1.75,WIFI
46:AE:30:21:F7:5D,BFSC Admin_Guest,[WPA2_PSK],2025-12-1 15:16:22,2,-77,34.0444374,-117.1659622,437.50,1.75,WIFI
3C:52:A1:1B:46:FA,BFSC - Admin,[WPA2_PSK],2025-12-1 15:16:22,2,-81,34.0444374,-117.1659622,437.50,1.75,WIFI
3A:98:B5:FF:6B:2C,,[WPA2_PSK],2025-12-1 15:16:24,4,-84,34.0444565,-117.1659164,437.60,1.75,WIFI
34:98:B5:FF:37:F3,,[WPA2_PSK],2025-12-1 15:16:24,4,-87,34.0444565,-117.1659164,437.60,1.75,WIFI
F4:69:42:51:B5:9F,SpectrumSetup-A1,[WPA2_PSK],2025-12-1 15:16:26,6,-81,34.0444641,-117.1658249,437.70,1.75,WIFI
74:93:DA:44:E4:51,SpectrumSetup-53,[WPA2_PSK],2025-12-1 15:16:26,6,-83,34.0444641,-117.1658249,437.70,1.75,WIFI
FA:CB:BC:BE:C2:9E,ECCStaff,[WPA2_PSK],2025-12-1 15:16:26,6,-84,34.0444641,-117.1658249,437.70,1.75,WIFI
F6:CB:BC:BE:C2:9E,,[WPA2],2025-12-1 15:16:26,6,-85,34.0444641,-117.1658249,437.70,1.75,WIFI
FE:CB:BC:BE:C2:9E,ECCMedia,[WPA2_PSK],2025-12-1 15:16:26,6,-85,34.0444641,-117.1658249,437.70,1.75,WIFI
DE:CB:BC:BE:C2:9E,,[WPA2_PSK],2025-12-1 15:16:26,6,-85,34.0444641,-117.1658249,437.70,1.75,WIFI
50:7B:91:4C:11:B8,70mai_M310_11b8,[WPA_WPA2_PSK],2025-12-1 15:16:27,7,-91,34.0444527,-117.1657562,437.90,1.75,WIFI
A0:04:60:40:91:EB,NETGEAR15,[WPA2_PSK],2025-12-1 15:16:28,8,-88,34.0444298,-117.1656876,438.10,1.75,WIFI
AC:DF:9F:64:A7:20,TMOBILE-A71E,[WPA2_WPA3_PSK],2025-12-1 15:16:29,9,-87,34.0443916,-117.1656113,438.50,1.75,WIFI
2C:67:BE:1F:29:0C,SpectrumSetup-CD6F,[WPA2_PSK],2025-12-1 15:16:31,11,-75,34.0442963,-117.1654053,439.40,1.75,WIFI
12:67:BE:1F:29:0D,,[WPA2_PSK],2025-12-1 15:16:31,11,-77,34.0442963,-117.1654053,439.40,1.75,WIFI
D2:21:F9:9C:D5:44,,[WPA2_PSK],2025-12-1 15:16:31,11,-78,34.0442963,-117.1654053,439.40,1.75,WIFI
1C:BF:CE:CA:96:F4,Extender-2.4G-96F4,[OPEN],2025-12-1 15:16:31,11,-79,34.0442963,-117.1654053,439.40,1.75,WIFI
12:67:BE:1F:29:0E,,[WPA2_PSK],2025-12-1 15:16:31,11,-82,34.0442963,-117.1654053,439.40,1.75,WIFI
88:DE:7C:6A:E9:3D,SpectrumSetup-3F,[WPA2_PSK],2025-12-1 15:16:31,11,-84,34.0442963,-117.1654053,439.40,1.75,WIFI
A4:2B:8C:1A:CF:0E,NETGEAR24,[WPA2_PSK],2025-12-1 15:16:31,11,-88,34.0442963,-117.1654053,439.40,1.75,WIFI
26:CD:8D:1F:AE:B5,DIRECT-BZ-Car_ba43,[WPA2_PSK],2025-12-1 15:16:40,6,-81,34.0437317,-117.1638565,445.50,1.75,WIFI
14:7D:05:50:B2:03,SpectrumSetup-01,[WPA2_PSK],2025-12-1 15:16:40,6,-91,34.0437317,-117.1638565,445.50,1.75,WIFI
2C:30:33:DE:99:88,NETGEAR21,[WPA2_PSK],2025-12-1 15:16:54,6,-83,34.0427513,-117.1606598,451.10,2.00,WIFI
0E:96:E6:A5:8B:E8,DIRECT-e8-HP M477 LaserJet,[WPA2_PSK],2025-12-1 15:16:54,6,-92,34.0427513,-117.1606598,451.10,2.00,WIFI
88:67:46:9A:95:69,,[OPEN],2025-12-1 15:16:59,11,-71,34.0422554,-117.1595993,454.80,2.00,WIFI
88:67:46:9A:95:66,RaiderNation,[WPA2_PSK],2025-12-1 15:16:59,11,-71,34.0422554,-117.1595993,454.80,2.00,WIFI
88:67:46:9A:95:63,,[WPA3_PSK],2025-12-1 15:16:59,11,-74,34.0422554,-117.1595993,454.80,2.00,WIFI
44:AC:85:F3:44:86,Fron1234,[WPA2_PSK],2025-12-1 15:16:59,11,-75,34.0422554,-117.1595993,454.80,2.00,WIFI
44:AC:85:F3:44:89,,[OPEN],2025-12-1 15:16:59,11,-77,34.0422554,-117.1595993,454.80,2.00,WIFI
F0:81:75:C6:1C:66,Kdot,[WPA2_PSK],2025-12-1 15:16:59,11,-85,34.0422554,-117.1595993,454.80,2.00,WIFI
00:7F:28:5C:02:4E,LX8KB,[WPA2_PSK],2025-12-1 15:16:59,11,-88,34.0422554,-117.1595993,454.80,2.00,WIFI
9C:4F:5F:53:0B:60,Nest1145,[WPA2_PSK],2025-12-1 15:16:59,11,-97,34.0422554,-117.1595993,454.80,2.00,WIFI
74:83:C2:8D:0C:7E,,[WPA2_PSK],2025-12-1 15:17:2,1,-85,34.0419731,-117.1590042,457.30,2.00,WIFI
86:83:C2:8D:0C:7E,,[WPA2_PSK],2025-12-1 15:17:2,1,-87,34.0419731,-117.1590042,457.30,2.00,WIFI
7E:83:C2:8D:0C:7E,TLE-LEAP,[WPA2_PSK],2025-12-1 15:17:2,1,-88,34.0419731,-117.1590042,457.30,2.00,WIFI
82:83:C2:8D:0C:7E,TLE-CENTER,[WPA2_PSK],2025-12-1 15:17:2,1,-88,34.0419731,-117.1590042,457.30,2.00,WIFI
04:D5:90:2B:24:E1,,[WPA2_PSK],2025-12-1 15:17:2,1,-88,34.0419731,-117.1590042,457.30,2.00,WIFI
04:D5:90:2B:4A:18,LA Fitness,[OPEN],2025-12-1 15:17:2,1,-91,34.0419731,-117.1590042,457.30,2.00,WIFI
00:1A:DD:40:15:64,PEPWAVE_C752,[WPA_WPA2_PSK],2025-12-1 15:17:2,1,-92,34.0419731,-117.1590042,457.30,2.00,WIFI
04:D5:90:2B:24:E0,LA Fitness,[OPEN],2025-12-1 15:17:2,1,-94,34.0419731,-117.1590042,457.30,2.00,WIFI
28:80:88:21:48:29,FridayPizza_2GEXT,[WPA2_PSK],2025-12-1 15:17:3,2,-88,34.0418816,-117.1588211,457.30,2.00,WIFI
92:18:88:C6:DF:B7,,[WPA2_PSK],2025-12-1 15:17:8,6,-79,34.0414658,-117.1579666,460.50,2.00,WIFI
96:18:88:C6:DF:B7,,[OPEN],2025-12-1 15:17:8,6,-79,34.0414658,-117.1579666,460.50,2.00,WIFI
9E:18:88:C6:DF:B7,,[WPA2_PSK],2025-12-1 15:17:8,6,-81,34.0414658,-117.1579666,460.50,2.00,WIFI
82:18:88:C6:DF:B7,,[WPA2_PSK],2025-12-1 15:17:8,6,-81,34.0414658,-117.1579666,460.50,2.00,WIFI
A6:18:88:C6:DF:B7,,[WPA2],2025-12-1 15:17:8,6,-84,34.0414658,-117.1579666,460.50,2.00,WIFI
00:16:78:25:BE:14,Repeater-BE14,[WPA_WPA2_PSK],2025-12-1 15:17:13,11,-78,34.0410194,-117.1571198,461.40,2.00,WIFI
F0:7B:65:86:1C:02,SpectrumSetup-1BFC,[WPA2_PSK],2025-12-1 15:17:13,11,-88,34.0410194,-117.1571198,461.40,2.00,WIFI
2C:00:AB:A0:07:A0,Chevron Frontier,[WPA2_PSK],2025-12-1 15:17:13,11,-90,34.0410194,-117.1571198,461.40,2.00,WIFI
90:BF:D9:07:8F:31,,[WPA_WPA2_PSK],2025-12-1 15:17:16,1,-76,34.0407104,-117.1566238,462.00,1.75,WIFI
BC:82:5D:54:02:68,perryman,[WPA2_PSK],2025-12-1 15:17:16,1,-83,34.0407104,-117.1566238,462.00,1.75,WIFI
3C:5C:F1:F7:56:F2,,[WPA3_PSK],2025-12-1 15:17:22,6,-69,34.0400276,-117.1555405,464.10,1.75,WIFI
3C:5C:F1:F7:56:F6,,[OPEN],2025-12-1 15:17:22,6,-70,34.0400276,-117.1555405,464.10,1.75,WIFI
3C:5C:F1:F7:56:F4,SalinasCounseling,[WPA2_PSK],2025-12-1 15:17:22,6,-71,34.0400276,-117.1555405,464.10,1.75,WIFI
3C:5C:F1:F7:56:FA,SalinasCounselingGuest,[WPA2_PSK],2025-12-1 15:17:22,6,-72,34.0400276,-117.1555405,464.10,1.75,WIFI
74:93:DA:A3:9C:65,SpectrumSetup-67,[WPA2_PSK],2025-12-1 15:17:22,6,-84,34.0400276,-117.1555405,464.10,1.75,WIFI
68:14:01:47:34:7A,DIRECT-7A-HP M506 LaserJet,[WPA2_PSK],2025-12-1 15:17:22,6,-90,34.0400276,-117.1555405,464.10,1.75,WIFI
4E:82:A9:61:22:E4,DIRECT-e4-HP M182 LaserJet,[WPA2_PSK],2025-12-1 15:17:22,6,-92,34.0400276,-117.1555405,464.10,1.75,WIFI
9C:05:D6:D6:41:22,CHURCHONTHEHILL,[WPA2_WPA3_PSK],2025-12-1 15:17:22,6,-92,34.0400276,-117.1555405,464.10,1.75,WIFI
72:7F:F0:02:3F:5F,,[WPA2_PSK],2025-12-1 15:17:24,8,-78,34.0397835,-117.1551666,465.30,1.75,WIFI
68:7F:F0:02:3F:5D,TP-Link_3F5E,[WPA2_PSK],2025-12-1 15:17:24,8,-79,34.0397835,-117.1551666,465.30,1.75,WIFI
E2:73:E7:7E:3B:83,DIRECT-83-HP 4101fdw LJ,[WPA2_PSK],2025-12-1 15:17:24,8,-84,34.0397835,-117.1551666,465.30,1.75,WIFI
68:7F:F0:01:E9:6B,TP-Link_E96C,[WPA2_PSK],2025-12-1 15:17:26,10,-82,34.0395279,-117.1547699,466.50,1.75,WIFI
72:7F:F0:01:E9:6E,SmileGuest1,[WPA2_WPA3_PSK],2025-12-1 15:17:26,10,-83,34.0395279,-117.1547699,466.50,1.75,WIFI
72:7F:F0:01:E9:6D,,[WPA2_PSK],2025-12-1 15:17:26,10,-84,34.0395279,-117.1547699,466.50,1.75,WIFI
54:47:CC:F5:A7:D6,Frontier0594,[WPA2_PSK],2025-12-1 15:17:27,11,-73,34.0393982,-117.1545715,467.10,1.75,WIFI
B4:B2:E9:6A:A6:49,BP-Private,[WPA2_PSK],2025-12-1 15:17:27,11,-79,34.0393982,-117.1545715,467.10,1.75,WIFI
B4:B2:E9:6A:A6:48,BP Private WiFi,[WPA2_PSK],2025-12-1 15:17:27,11,-80,34.0393982,-117.1545715,467.10,1.75,WIFI
B4:B2:E9:6A:A6:4A,BP-Public,[WPA2_PSK],2025-12-1 15:17:27,11,-80,34.0393982,-117.1545715,467.10,1.75,WIFI
F8:08:4F:D3:8E:5E,MySpectrumWiFi58-2G,[WPA2_PSK],2025-12-1 15:17:27,11,-87,34.0393982,-117.1545715,467.10,1.75,WIFI
04:17:B6:A8:06:58,,[WPA_WPA2_PSK],2025-12-1 15:17:27,11,-93,34.0393982,-117.1545715,467.10,1.75,WIFI
92:30:66:54:7B:E1,,[WPA2_PSK],2025-12-1 15:17:30,1,-75,34.0389977,-117.1539383,469.30,1.75,WIFI
8C:30:66:54:7B:E1,kw_agentsonly,[WPA2_WPA3_PSK],2025-12-1 15:17:30,1,-79,34.0389977,-117.1539383,469.30,1.75,WIFI
74:B6:B6:0D:F0:43,,[WPA3_PSK],2025-12-1 15:17:30,1,-87,34.0389977,-117.1539383,469.30,1.75,WIFI
02:24:A5:4E:72:8A,myChevrolet5547,[WPA2_PSK],2025-12-1 15:17:30,1,-88,34.0389977,-117.1539383,469.30,1.75,WIFI
80:CC:9C:48:AB:C9,hos_redlands,[WPA2_PSK],2025-12-1 15:17:32,2,-78,34.0387192,-117.1534958,471.00,1.75,WIFI
68:C9:0B:04:41:35,SMA1990086313,[WPA2_PSK],2025-12-1 15:17:33,3,-83,34.0385742,-117.1532745,471.70,1.75,WIFI
68:C9:0B:04:61:B2,SMA1990086428,[WPA2_PSK],2025-12-1 15:17:34,4,-85,34.0384369,-117.1530380,472.50,1.75,WIFI
84:18:3A:88:E1:88,Trinity-StaffWifi,[WPA2_PSK],2025-12-1 15:17:34,4,-88,34.0384369,-117.1530380,472.50,1.75,WIFI
84:18:3A:08:E1:88,Trinity-GeneralUseWifi,[WPA2_PSK],2025-12-1 15:17:34,4,-90,34.0384369,-117.1530380,472.50,1.75,WIFI
84:18:3A:C8:E1:88,TEFC-Worship,[WPA2_PSK],2025-12-1 15:17:34,4,-92,34.0384369,-117.1530380,472.50,1.75,WIFI
F8:D9:B8:50:31:C8,WiLAN,[WPA_WPA2_PSK],2025-12-1 15:17:36,6,-80,34.0381508,-117.1525650,473.60,1.75,WIFI
F8:D9:B8:50:31:C9,PacDerm Guest,[WPA_WPA2_PSK],2025-12-1 15:17:36,6,-86,34.0381508,-117.1525650,473.60,1.75,WIFI
80:CC:9C:15:10:D3,NETGEAR87,[WPA2_PSK],2025-12-1 15:17:38,8,-83,34.0378685,-117.1520691,474.70,1.75,WIFI
2C:D1:C6:CA:FB:E7,TOYOTA Camry_FBE7C6CA2CD1,[WPA2_PSK],2025-12-1 15:17:41,11,-75,34.0374336,-117.1512909,476.90,1.75,WIFI
84:18:3A:C8:F1:48,TEFC-Worship,[WPA2_PSK],2025-12-1 15:17:41,11,-84,34.0374336,-117.1512909,476.90,1.75,WIFI
84:18:3A:88:F1:48,Trinity-StaffWifi,[WPA2_PSK],2025-12-1 15:17:41,11,-87,34.0374336,-117.1512909,476.90,1.75,WIFI
84:18:3A:08:F1:48,Trinity-GeneralUseWifi,[WPA2_PSK],2025-12-1 15:17:41,11,-88,34.0374336,-117.1512909,476.90,1.75,WIFI
E8:9F:80:E2:EF:74,BossNet,[WPA2_PSK],2025-12-1 15:17:47,3,-90,34.0365677,-117.1496048,482.30,1.75,WIFI
C4:8E:8F:E6:2D:6C,Sumalangcay,[WPA2_PSK],2025-12-1 15:17:47,3,-90,34.0365677,-117.1496048,482.30,1.75,WIFI
5C:A6:E6:BF:EB:A6,The Buns,[WPA2_PSK],2025-12-1 15:17:48,4,-83,34.0364265,-117.1493149,483.40,1.75,WIFI
F4:F2:6D:5E:5D:58,VU,[WPA_WPA2_PSK],2025-12-1 15:17:49,5,-87,34.0362930,-117.1490097,484.50,1.75,WIFI
78:76:89:BD:96:B4,eero_trogdor,[WPA2_PSK],2025-12-1 15:17:50,6,-75,34.0361595,-117.1487045,485.70,1.75,WIFI
78:76:89:BD:96:BA,eero_trogdor Guest,[WPA2_PSK],2025-12-1 15:17:50,6,-75,34.0361595,-117.1487045,485.70,1.75,WIFI
7C:FC:3C:B6:54:BB,Hotspot8eYL,[WPA_WPA2_PSK],2025-12-1 15:17:50,6,-76,34.0361595,-117.1487045,485.70,1.75,WIFI
78:76:89:BD:96:B6,,[OPEN],2025-12-1 15:17:50,6,-84,34.0361595,-117.1487045,485.70,1.75,WIFI
00:25:CA:BA:BF:E5,Motive AABL36NE481719,[WPA2_PSK],2025-12-1 15:17:50,6,-89,34.0361595,-117.1487045,485.70,1.75,WIFI
28:38:5C:0C:1D:7C,Hotspot2dGZ,[WPA_WPA2_PSK],2025-12-1 15:17:50,6,-92,34.0361595,-117.1487045,485.70,1.75,WIFI
F8:5B:3B:DF:CA:06,SpectrumSetup-08,[WPA2_PSK],2025-12-1 15:17:55,11,-87,34.0355263,-117.1471024,491.50,2.00,WIFI
6A:D2:15:8F:AA:B7,,[WPA2_PSK],2025-12-1 15:17:55,11,-90,34.0355263,-117.1471024,491.50,2.00,WIFI
6A:D2:15:2F:AA:B7,LinkStar,[WPA2_PSK],2025-12-1 15:17:55,11,-91,34.0355263,-117.1471024,491.50,2.00,WIFI
34:98:B5:05:D1:3C,JIJKO,[WPA2_PSK],2025-12-1 15:17:55,11,-92,34.0355263,-117.1471024,491.50,2.00,WIFI
9A:49:14:DF:79:42,DIRECT-BMW 97005,[WPA2_PSK],2025-12-1 15:17:55,11,-93,34.0355263,-117.1471024,491.50,2.00,WIFI
38:94:ED:D0:FB:B7,Fios 2.4ghz_2GEXT,[WPA2_PSK],2025-12-1 15:17:58,1,-87,34.0351868,-117.1461105,494.60,2.00,WIFI
C8:9E:43:99:56:20,NETGEAR04,[WPA2_PSK],2025-12-1 15:17:58,1,-89,34.0351868,-117.1461105,494.60,2.00,WIFI
A0:89:66:8E:3A:10,,[WPA_WPA2_PSK],2025-12-1 15:17:58,1,-90,34.0351868,-117.1461105,494.60,2.00,WIFI
E4:5E:1B:A7:D9:BA,lexington,[WPA2_PSK],2025-12-1 15:17:58,1,-92,34.0351868,-117.1461105,494.60,2.00,WIFI
18:A5:FF:C4:1B:AC,TMOBILE-1BAA,[WPA2_WPA3_PSK],2025-12-1 15:18:4,6,-85,34.0345917,-117.1440735,500.90,1.75,WIFI
28:38:5C:72:E3:B5,Hotspot82jR,[WPA_WPA2_PSK],2025-12-1 15:18:4,6,-91,34.0345917,-117.1440735,500.90,1.75,WIFI
AC:91:9B:D6:C4:B8,ATT6iFfPRv,[WPA2_PSK],2025-12-1 15:18:8,10,-90,34.0342331,-117.1427307,506.00,1.75,WIFI
AC:91:9B:D6:C4:B9,SINGHA,[WPA2_PSK],2025-12-1 15:18:8,10,-91,34.0342331,-117.1427307,506.00,1.75,WIFI
68:4A:76:76:18:87,,[OPEN],2025-12-1 15:18:9,11,-87,34.0341454,-117.1423950,507.20,1.75,WIFI
20:BE:CD:7E:D9:24,,[WPA3_PSK],2025-12-1 15:18:9,11,-88,34.0341454,-117.1423950,507.20,1.75,WIFI
20:BE:CD:7E:D9:27,Ranch,[WPA2_PSK],2025-12-1 15:18:9,11,-88,34.0341454,-117.1423950,507.20,1.75,WIFI
20:BE:CD:7E:D9:2A,,[OPEN],2025-12-1 15:18:9,11,-90,34.0341454,-117.1423950,507.20,1.75,WIFI
44:EB:2E:5E:44:CE,CarPlay_44ce,[WPA2_PSK],2025-12-1 15:18:12,1,-89,34.0338745,-117.1414032,511.10,1.75,WIFI
A8:71:16:30:47:2B,Peztio_Q2_I6-472b,[WPA_WPA2_PSK],2025-12-1 15:18:17,5,-92,34.0333748,-117.1397781,517.60,1.75,WIFI
12:E8:A7:AD:B3:AC,myChevrolet B3AC,[WPA2_PSK],2025-12-1 15:18:19,7,-88,34.0331573,-117.1391373,520.30,2.00,WIFI
00:54:AF:A8:B1:C6,HotspotB1C6,[WPA_WPA2_PSK],2025-12-1 15:18:20,8,-94,34.0330391,-117.1388245,521.60,2.00,WIFI
CE:22:26:FA:73:EE,myChevrolet 2945,[WPA2_PSK],2025-12-1 15:18:26,1,-91,34.0322914,-117.1370468,530.10,1.75,WIFI
00:54:AF:57:E6:0A,HotspotE60A,[WPA_WPA2_PSK],2025-12-1 15:18:43,3,-86,34.0302773,-117.1322556,552.10,1.75,WIFI
CC:C2:61:34:7D:08,Driveri:6603054466,[WPA_WPA2_PSK],2025-12-1 15:18:46,6,-84,34.0299416,-117.1313782,556.10,1.75,WIFI
34:98:B5:FD:30:2D,,[WPA2_PSK],2025-12-1 15:18:57,3,-80,34.0284805,-117.1283264,573.00,2.00,WIFI
3A:98:B5:FD:30:2D,BJZSR,[WPA2_WPA3_PSK],2025-12-1 15:18:57,3,-80,34.0284805,-117.1283264,573.00,2.00,WIFI
34:98:B5:FD:2C:B3,,[WPA2_PSK],2025-12-1 15:18:57,3,-83,34.0284805,-117.1283264,573.00,2.00,WIFI
3A:98:B5:FD:2C:B3,BJZSR,[WPA2_WPA3_PSK],2025-12-1 15:18:57,3,-83,34.0284805,-117.1283264,573.00,2.00,WIFI
00:54:AF:40:95:BB,Hotspot95BB,[WPA_WPA2_PSK],2025-12-1 15:18:58,4,-80,34.0283585,-117.1280365,574.40,2.00,WIFI
9C:05:D6:CF:A6:57,My Wifi,[WPA2_PSK],2025-12-1 15:19:0,6,-80,34.0281525,-117.1274490,577.40,1.75,WIFI
00:25:CA:B8:15:83,Motive AABL36SE390443,[WPA2_PSK],2025-12-1 15:19:0,6,-85,34.0281525,-117.1274490,577.40,1.75,WIFI
22:AD:56:39:84:75,Michael`s F250,[WPA_WPA2_PSK],2025-12-1 15:19:0,6,-92,34.0281525,-117.1274490,577.40,1.75,WIFI
5E:EF:68:68:EB:7B,,[WPA2_PSK],2025-12-1 15:19:0,6,-93,34.0281525,-117.1274490,577.40,1.75,WIFI
F0:7B:65:C4:F5:E5,SpectrumSetup-F5DF,[WPA2_PSK],2025-12-1 15:19:5,11,-75,34.0278320,-117.1258469,583.60,1.75,WIFI
F0:09:0D:8E:5D:7C,MySpectrumWiFi78-2G_EXT,[WPA2_PSK],2025-12-1 15:19:14,6,-80,34.0273857,-117.1230164,589.20,1.75,WIFI
DC:92:72:E7:87:6F,Frontier1097,[WPA2_PSK],2025-12-1 15:19:14,6,-81,34.0273857,-117.1230164,589.20,1.75,WIFI
AC:DF:38:09:3A:EC,Thevroom2,[WPA2_WPA3_PSK],2025-12-1 15:19:16,8,-91,34.0272598,-117.1224289,589.10,1.75,WIFI
A6:C9:EB:0F:B6:F1,,[WPA2_PSK],2025-12-1 15:19:17,9,-80,34.0271950,-117.1221542,589.10,1.75,WIFI
00:54:AF:98:AB:9C,HotspotAB9C,[WPA_WPA2_PSK],2025-12-1 15:19:17,9,-88,34.0271950,-117.1221542,589.10,1.75,WIFI
A8:6E:84:35:FC:EA,B-RAD 2.4,[WPA2_PSK],2025-12-1 15:19:19,11,-74,34.0270729,-117.1216278,589.50,1.75,WIFI
E8:D3:EB:86:20:43,,[WPA3_PSK],2025-12-1 15:19:19,11,-79,34.0270729,-117.1216278,589.50,1.75,WIFI
E8:D3:EB:86:20:4F,A Guest,[WPA2_WPA3_PSK],2025-12-1 15:19:19,11,-79,34.0270729,-117.1216278,589.50,1.75,WIFI
F0:7B:65:E7:64:F6,SpectrumSetup-64F0,[WPA2_PSK],2025-12-1 15:19:19,11,-84,34.0270729,-117.1216278,589.50,1.75,WIFI
7E:78:B2:12:5A:C7,,[WPA_WPA2_PSK],2025-12-1 15:19:19,11,-85,34.0270729,-117.1216278,589.50,1.75,WIFI
7C:78:B2:12:5A:C7,,[WPA_WPA2_PSK],2025-12-1 15:19:19,11,-85,34.0270729,-117.1216278,589.50,1.75,WIFI
F8:08:4F:D8:AE:1E,MySpectrumWiFi18-2G,[WPA2_PSK],2025-12-1 15:19:19,11,-86,34.0270729,-117.1216278,589.50,1.75,WIFI
F4:52:46:B2:52:7A,SpectrumSetup-527D,[WPA2_PSK],2025-12-1 15:19:22,1,-69,34.0268784,-117.1209335,592.00,1.75,WIFI
50:91:E3:A5:F4:B4,Kaliko,[WPA2_PSK],2025-12-1 15:19:25,3,-82,34.0266953,-117.1204071,595.40,1.75,WIFI
14:85:54:32:3E:7B,REDTIGER_F9_8f17,[WPA_WPA2_PSK],2025-12-1 15:19:27,5,-85,34.0266037,-117.1201553,596.70,1.75,WIFI
4A:A2:E6:31:1A:1F,NewThermostat_311A1F,[OPEN],2025-12-1 15:19:28,6,-79,34.0265656,-117.1200333,597.50,1.75,WIFI
F0:B6:61:FE:E9:E4,,[WPA3_PSK],2025-12-1 15:19:28,6,-83,34.0265656,-117.1200333,597.50,1.75,WIFI
F0:B6:61:FE:E9:EA,,[OPEN],2025-12-1 15:19:28,6,-83,34.0265656,-117.1200333,597.50,1.75,WIFI
F0:B6:61:FE:E9:E7,Werewolf Bar Mitzvah,[WPA2_PSK],2025-12-1 15:19:28,6,-84,34.0265656,-117.1200333,597.50,1.75,WIFI
48:DD:0C:A3:4D:07,,[OPEN],2025-12-1 15:19:28,6,-85,34.0265656,-117.1200333,597.50,1.75,WIFI
18:A5:FF:88:19:5A,TMOBILE-1958,[WPA2_WPA3_PSK],2025-12-1 15:19:28,6,-85,34.0265656,-117.1200333,597.50,1.75,WIFI
28:38:5C:48:AB:1C,HotspotvWEn,[WPA_WPA2_PSK],2025-12-1 15:19:28,6,-89,34.0265656,-117.1200333,597.50,1.75,WIFI
C4:41:1E:04:F9:3A,hug5g952889_Ext,[WPA2_PSK],2025-12-1 15:19:28,6,-89,34.0265656,-117.1200333,597.50,1.75,WIFI
98:1E:19:27:0F:BE,MySpectrumWiFib8-2G,[WPA2_PSK],2025-12-1 15:19:28,6,-91,34.0265656,-117.1200333,597.50,1.75,WIFI
C8:9E:43:D6:09:3A,,[WPA2_PSK],2025-12-1 15:19:32,10,-87,34.0264549,-117.1197281,598.70,1.75,WIFI
CE:9E:43:D6:09:3A,BransonOrbi,[WPA2_WPA3_PSK],2025-12-1 15:19:32,10,-87,34.0264549,-117.1197281,598.70,1.75,WIFI
D6:9E:43:D6:09:3A,Branson-IoT,[WPA2_PSK],2025-12-1 15:19:32,10,-88,34.0264549,-117.1197281,598.70,1.75,WIFI
42:98:B5:E7:F8:8E,Branson-IoT,[WPA2_PSK],2025-12-1 15:19:32,10,-91,34.0264549,-117.1197281,598.70,1.75,WIFI
D4:20:B0:29:A3:BD,,[WPA2_PSK],2025-12-1 15:19:33,11,-79,34.0264511,-117.1197128,598.70,1.75,WIFI
7C:DB:98:2C:9B:4F,MySpectrumWiFi51-2G,[WPA2_PSK],2025-12-1 15:19:33,11,-80,34.0264511,-117.1197128,598.70,1.75,WIFI
D4:20:B0:29:A3:BC,,[WPA2_PSK],2025-12-1 15:19:33,11,-81,34.0264511,-117.1197128,598.70,1.75,WIFI
B2:00:73:69:D1:80,myGMC,[WPA2_PSK],2025-12-1 15:19:33,11,-84,34.0264511,-117.1197128,598.70,1.75,WIFI
F4:52:46:EB:6A:E0,SpectrumSetup-6AE3,[WPA2_PSK],2025-12-1 15:19:33,11,-85,34.0264511,-117.1197128,598.70,1.75,WIFI
D4:20:B0:29:A3:BA,CFA Private Wi-Fi,[WPA2],2025-12-1 15:19:33,11,-87,34.0264511,-117.1197128,598.70,1.75,WIFI
14:C0:3E:EC:61:38,Frontier5120,[WPA2_PSK],2025-12-1 15:19:33,11,-88,34.0264511,-117.1197128,598.70,1.75,WIFI
EA:55:A8:2B:E4:26,vendorwifi,[WPA2_PSK],2025-12-1 15:19:33,11,-91,34.0264511,-117.1197128,598.70,1.75,WIFI
EE:55:A8:2B:E4:26,Taco Bell WiFi,[OPEN],2025-12-1 15:19:33,11,-93,34.0264511,-117.1197128,598.70,1.75,WIFI
14:7D:05:B4:9C:49,SpectrumSetup-47,[WPA2_PSK],2025-12-1 15:19:36,1,-72,34.0264473,-117.1197128,598.70,1.75,WIFI
84:D8:1B:7B:0C:B3,TP-Link_0CB4,[WPA_WPA2_PSK],2025-12-1 15:19:40,4,-87,34.0264473,-117.1197128,598.70,1.75,WIFI
48:DD:0C:A3:4D:03,,[WPA3_PSK],2025-12-1 15:19:42,6,-82,34.0264473,-117.1197128,598.70,1.75,WIFI
48:DD:0C:A3:4D:05,Whitty,[WPA2_PSK],2025-12-1 15:19:42,6,-82,34.0264473,-117.1197128,598.70,1.75,WIFI
66:4E:D7:34:B4:69,DIRECT-69-HP OfficeJet Pro 9130b,[WPA2_PSK],2025-12-1 15:19:42,6,-86,34.0264473,-117.1197128,598.70,1.75,WIFI
18:A5:FF:88:BE:78,TMOBILE-BE76,[WPA2_WPA3_PSK],2025-12-1 15:19:42,6,-90,34.0264473,-117.1197128,598.70,1.75,WIFI
AC:DF:9F:08:3A:EC,TheVroom,[WPA2_WPA3_PSK],2025-12-1 15:19:44,8,-90,34.0264473,-117.1197128,598.70,1.75,WIFI
B0:19:21:E4:83:B0,TP-Link_83B0,[WPA2_PSK],2025-12-1 15:19:45,9,-91,34.0264473,-117.1197128,598.70,1.75,WIFI
3A:98:B5:F3:F2:77,BransonOrbi,[WPA2_WPA3_PSK],2025-12-1 15:19:46,10,-91,34.0264473,-117.1197128,598.70,1.75,WIFI
D4:20:B0:29:A3:BB,,[WPA2_PSK],2025-12-1 15:19:47,11,-83,34.0264473,-117.1197128,598.80,1.75,WIFI
C2:55:A8:2B:E4:26,IRT Wifi,[WPA2_PSK],2025-12-1 15:19:47,11,-90,34.0264473,-117.1197128,598.80,1.75,WIFI
A8:97:CD:A5:95:18,Whitty,[WPA2_PSK],2025-12-1 15:19:47,11,-90,34.0264473,-117.1197128,598.80,1.75,WIFI
D4:20:B0:A2:2F:DD,,[WPA2_PSK],2025-12-1 15:19:50,1,-90,34.0264473,-117.1197128,598.80,1.75,WIFI
20:23:51:EB:8D:E6,Cueva,[WPA2_WPA3_PSK],2025-12-1 15:19:52,2,-80,34.0264473,-117.1197128,598.80,1.75,WIFI
62:23:51:EB:8D:E6,Cueva_IoT,[WPA2_WPA3_PSK],2025-12-1 15:19:52,2,-81,34.0264473,-117.1197128,598.80,1.75,WIFI
B4:B0:24:9E:54:DE,Danny Boy,[WPA2_PSK],2025-12-1 15:19:52,2,-84,34.0264473,-117.1197128,598.80,1.75,WIFI
BA:B0:24:9E:54:DE,,[WPA2_PSK],2025-12-1 15:19:52,2,-85,34.0264473,-117.1197128,598.80,1.75,WIFI
F8:DA:0C:86:31:82,WIFI86317F,[WPA2_PSK],2025-12-1 15:19:56,6,-88,34.0264473,-117.1197128,598.80,1.75,WIFI
7A:D7:9A:71:EE:32,,[WPA2_PSK],2025-12-1 15:19:56,6,-89,34.0264473,-117.1197128,598.80,1.75,WIFI
2C:D1:C6:F8:81:3E,MB Hotspot 03117,[WPA2_PSK],2025-12-1 15:19:59,9,-90,34.0264473,-117.1197128,598.80,1.75,WIFI
34:98:B5:F3:F2:77,,[WPA2_PSK],2025-12-1 15:20:0,10,-94,34.0264473,-117.1197128,598.80,1.75,WIFI
94:91:7F:A0:AB:E9,MySpectrumWiFiEB-2G,[WPA2_PSK],2025-12-1 15:20:1,11,-85,34.0264473,-117.1197128,598.80,1.75,WIFI
48:4E:FC:4E:53:88,Frontier0576,[WPA2_PSK],2025-12-1 15:20:1,11,-88,34.0264473,-117.1197128,598.80,1.75,WIFI
24:94:CB:F0:73:A0,Frontier2832,[WPA2_PSK],2025-12-1 15:20:1,11,-88,34.0264473,-117.1197128,598.80,1.75,WIFI
4C:19:5D:92:73:09,SpectrumSetup-03,[WPA2_PSK],2025-12-1 15:20:4,1,-80,34.0264473,-117.1197128,598.80,1.75,WIFI
14:7D:05:B8:0F:C9,SpectrumSetup-C7,[WPA2_PSK],2025-12-1 15:20:4,1,-85,34.0264473,-117.1197128,598.80,1.75,WIFI
70:B8:F6:AD:AA:4D,wec-aa4c,[OPEN],2025-12-1 15:20:4,1,-88,34.0264473,-117.1197128,598.80,1.75,WIFI
32:E0:96:08:E8:27,,[WPA2_PSK],2025-12-1 15:20:10,6,-91,34.0264587,-117.1195297,599.00,1.75,WIFI
14:7D:05:E6:94:D3,SpectrumSetup-F8,[WPA2_PSK],2025-12-1 15:20:10,6,-93,34.0264587,-117.1195297,599.00,1.75,WIFI
08:F0:1E:F1:ED:69,,[OPEN],2025-12-1 15:20:15,11,-85,34.0267754,-117.1192856,599.40,1.75,WIFI
A8:97:CD:AB:6C:E0,Frontier1872,[WPA2_PSK],2025-12-1 15:20:15,11,-88,34.0267754,-117.1192856,599.40,1.75,WIFI
CC:58:30:65:80:97,TMOBILE-8091,[WPA2_WPA3_PSK],2025-12-1 15:20:18,1,-80,34.0270920,-117.1191406,599.50,1.75,WIFI
A0:A4:7F:AB:98:02,,[WPA2_PSK],2025-12-1 15:20:18,1,-86,34.0270920,-117.1191406,599.50,1.75,WIFI
A0:A4:7F:AB:98:00,,[WPA2_PSK],2025-12-1 15:20:18,1,-88,34.0270920,-117.1191406,599.50,1.75,WIFI
42:23:51:EB:8D:E6,,[WPA2_PSK],2025-12-1 15:20:20,2,-84,34.0273132,-117.1190414,599.50,1.75,WIFI
F2:A7:31:27:5B:84,,[WPA2_PSK],2025-12-1 15:20:22,4,-78,34.0275269,-117.1189423,599.30,1.75,WIFI
F0:A7:31:47:5B:84,Whimsical Light & Lense  ,[WPA2_PSK],2025-12-1 15:20:22,4,-81,34.0275269,-117.1189423,599.30,1.75,WIFI
F2:A7:31:47:5B:84,Robots,[WPA2_PSK],2025-12-1 15:20:22,4,-82,34.0275269,-117.1189423,599.30,1.75,WIFI
F2:38:83:13:F0:56,,[WPA2_PSK],2025-12-1 15:20:24,6,-77,34.0277061,-117.1188431,599.30,1.75,WIFI
EA:38:83:13:F0:56,,[WPA2_PSK],2025-12-1 15:20:24,6,-78,34.0277061,-117.1188431,599.30,1.75,WIFI
EE:38:83:13:F0:56,bkrsiot,[WPA2_PSK],2025-12-1 15:20:24,6,-78,34.0277061,-117.1188431,599.30,1.75,WIFI
32:E1:96:08:E8:27,,[WPA2_PSK],2025-12-1 15:20:24,6,-82,34.0277061,-117.1188431,599.30,1.75,WIFI
A4:11:62:6E:91:34,ARLO_VMB_6689785310,[WPA2_PSK],2025-12-1 15:20:27,9,-65,34.0278854,-117.1186981,599.50,1.75,WIFI
EC:58:EA:6A:3E:83,Recover.Me-2A3E80,[WPA2_PSK],2025-12-1 15:20:28,10,-82,34.0279198,-117.1186523,599.60,1.75,WIFI
AC:8B:A9:DA:80:89,,[WPA2_WPA3_PSK],2025-12-1 15:20:29,11,-67,34.0279465,-117.1186295,599.70,1.75,WIFI
BA:8B:A9:DA:80:89,,[WPA2_PSK],2025-12-1 15:20:29,11,-68,34.0279465,-117.1186295,599.70,1.75,WIFI
74:37:5F:8E:DC:1F,SpectrumSetup-1D,[WPA2_PSK],2025-12-1 15:20:29,11,-72,34.0279465,-117.1186295,599.70,1.75,WIFI
B6:8B:A9:DA:80:89,bkrsiot,[WPA2_PSK],2025-12-1 15:20:29,11,-73,34.0279465,-117.1186295,599.70,1.75,WIFI
DC:08:DA:03:31:E6,SpectrumSetup-31E9,[WPA2_PSK],2025-12-1 15:20:29,11,-89,34.0279465,-117.1186295,599.70,1.75,WIFI
00:54:AF:22:C6:99,HotspotC699,[WPA_WPA2_PSK],2025-12-1 15:20:32,1,-71,34.0279655,-117.1186142,599.50,1.75,WIFI
EE:38:83:13:1A:5A,bkrsiot,[WPA2_PSK],2025-12-1 15:20:32,1,-74,34.0279655,-117.1186142,599.50,1.75,WIFI
E4:38:83:13:1A:5A,,[WPA2_WPA3_PSK],2025-12-1 15:20:32,1,-74,34.0279655,-117.1186142,599.50,1.75,WIFI
F2:38:83:13:1A:5A,,[WPA2_PSK],2025-12-1 15:20:32,1,-74,34.0279655,-117.1186142,599.50,1.75,WIFI
EA:38:83:13:1A:5A,,[WPA2_PSK],2025-12-1 15:20:32,1,-75,34.0279655,-117.1186142,599.50,1.75,WIFI
E8:AD:A6:63:D8:F6,DripSmokeVape-2G,[WPA2_PSK],2025-12-1 15:20:32,1,-81,34.0279655,-117.1186142,599.50,1.75,WIFI
74:37:5F:DA:88:6F,MySpectrumWIFI10-5G,[WPA2_PSK],2025-12-1 15:20:32,1,-82,34.0279655,-117.1186142,599.50,1.75,WIFI
A8:3A:79:F5:B3:D1,CK_IOT,[WPA2_PSK],2025-12-1 15:20:32,1,-84,34.0279655,-117.1186142,599.50,1.75,WIFI
A8:3A:79:F5:B3:D4,CK_MGR,[WPA2_PSK],2025-12-1 15:20:32,1,-84,34.0279655,-117.1186142,599.50,1.75,WIFI
A8:3A:79:F5:B3:D2,CK_BYOD,[WPA2_PSK],2025-12-1 15:20:32,1,-87,34.0279655,-117.1186142,599.50,1.75,WIFI
A8:3A:79:F5:B3:D5,CK_STORE,[WPA2],2025-12-1 15:20:32,1,-87,34.0279655,-117.1186142,599.50,1.75,WIFI
84:A0:6E:C9:C0:8E,MySpectrumWiFi88-2G,[WPA2_PSK],2025-12-1 15:20:32,1,-89,34.0279655,-117.1186142,599.50,1.75,WIFI
00:30:44:5A:5D:9C,IBR600C-d9b,[WPA2_PSK],2025-12-1 15:20:38,6,-60,34.0279694,-117.1186142,599.40,1.75,WIFI
70:F1:96:B5:1A:77,MOBIL,[WPA_WPA2_PSK],2025-12-1 15:20:38,6,-82,34.0279694,-117.1186142,599.40,1.75,WIFI
FC:DB:21:1E:C6:E6,FBM,[WPA2_PSK],2025-12-1 15:20:38,6,-88,34.0279694,-117.1186142,599.40,1.75,WIFI
5C:FA:25:E8:D7:96,SpectrumSetup-90,[WPA2_PSK],2025-12-1 15:20:38,6,-88,34.0279694,-117.1186142,599.40,1.75,WIFI
18:A5:FF:3E:B4:60,TMOBILE-B45E,[WPA2_WPA3_PSK],2025-12-1 15:20:38,6,-90,34.0279694,-117.1186142,599.40,1.75,WIFI
F8:2E:0C:57:48:52,Starbucks Yucaipa 82522,[WPA2_PSK],2025-12-1 15:20:39,7,-91,34.0279694,-117.1186066,599.40,1.75,WIFI
B2:8B:A9:DA:80:89,,[WPA2_PSK],2025-12-1 15:20:43,11,-78,34.0279694,-117.1186066,599.30,1.75,WIFI
A0:A4:7F:AB:98:01,,[WPA2_PSK],2025-12-1 15:20:46,1,-75,34.0279694,-117.1186066,599.30,1.75,WIFI
CA:09:0D:AB:C2:D1,,[WPA2_PSK],2025-12-1 15:20:48,2,-85,34.0279694,-117.1186066,599.20,1.75,WIFI
4C:AB:F8:46:88:5D,SpectrumSetup-5F,[WPA2_PSK],2025-12-1 15:20:52,6,-73,34.0279694,-117.1186066,599.20,1.75,WIFI
E4:38:83:13:F0:56,,[WPA2_WPA3_PSK],2025-12-1 15:20:52,6,-77,34.0279694,-117.1186066,599.20,1.75,WIFI
F8:5B:3B:31:72:F5,SpectrumSetup-F7,[WPA2_PSK],2025-12-1 15:20:52,6,-80,34.0279694,-117.1186066,599.20,1.75,WIFI
0C:83:CC:F0:F9:3B,tlf0f93b,[WPA2_PSK],2025-12-1 15:20:52,6,-89,34.0279694,-117.1186066,599.20,1.75,WIFI
38:06:E6:02:58:AB,Verizon_J6NRP3,[WPA2_PSK],2025-12-1 15:20:57,11,-79,34.0279694,-117.1186066,599.10,1.75,WIFI
66:CE:29:2E:9B:71,Stouffroam,[WPA2_PSK],2025-12-1 15:21:6,6,-60,34.0279694,-117.1186066,599.10,1.75,WIFI
CE:57:63:C3:90:59,TOYOTA Tundra-2.4g_c39059,[WPA2_PSK],2025-12-1 15:21:6,6,-64,34.0279694,-117.1186066,599.10,1.75,WIFI
66:05:E4:95:49:91,2021 GMC Sierra,[WPA2_PSK],2025-12-1 15:21:6,6,-84,34.0279694,-117.1186066,599.10,1.75,WIFI
18:A5:FF:50:10:E6,skys_the_limit_FO,[WPA2_WPA3_PSK],2025-12-1 15:21:6,6,-89,34.0279694,-117.1186066,599.10,1.75,WIFI
24:94:CB:81:FB:60,Frontier3088,[WPA2_PSK],2025-12-1 15:21:6,6,-93,34.0279694,-117.1186066,599.10,1.75,WIFI
C2:C4:F9:6B:B1:40,MBUX 85794,[WPA2_WPA3_PSK],2025-12-1 15:21:11,11,-73,34.0279732,-117.1186066,599.10,1.75,WIFI
74:37:5F:39:E0:D3,SpectrumSetup-D1,[WPA2_PSK],2025-12-1 15:21:14,1,-86,34.0280266,-117.1185760,599.20,1.75,WIFI
CA:09:0D:AB:C2:D0,ValTazca-1967,[WPA2_PSK],2025-12-1 15:21:16,2,-80,34.0281067,-117.1185913,599.70,1.75,WIFI
66:CE:29:4E:9B:71,,[WPA2_PSK],2025-12-1 15:21:20,6,-61,34.0281906,-117.1188354,599.80,1.75,WIFI
66:CE:29:6E:9B:71,,[WPA2_PSK],2025-12-1 15:21:20,6,-62,34.0281906,-117.1188354,599.80,1.75,WIFI
54:47:CC:F5:B9:C6,Frontier0881,[WPA2_PSK],2025-12-1 15:21:20,6,-85,34.0281906,-117.1188354,599.80,1.75,WIFI
DC:EF:09:92:58:26,NETGEAR50,[WPA2_PSK],2025-12-1 15:21:20,6,-90,34.0281906,-117.1188354,599.80,1.75,WIFI
A8:BA:25:6B:A7:E1,ampmequip,[WPA2_PSK],2025-12-1 15:21:28,1,-80,34.0279427,-117.1196060,597.60,1.75,WIFI
A8:BA:25:6B:A7:E2,,[WPA2_PSK],2025-12-1 15:21:28,1,-80,34.0279427,-117.1196060,597.60,1.75,WIFI
28:EC:22:47:F2:43,,[WPA3_PSK],2025-12-1 15:21:28,1,-83,34.0279427,-117.1196060,597.60,1.75,WIFI
C6:C9:E3:C8:7F:22,,[WPA2_PSK],2025-12-1 15:21:30,2,-85,34.0279198,-117.1197510,596.70,1.75,WIFI
FC:34:97:8E:9D:A8,Desert Sunset,[WPA2_PSK],2025-12-1 15:21:33,5,-87,34.0279655,-117.1198730,595.70,1.75,WIFI
E4:19:7F:6A:FB:86,Pope 2,[WPA2_PSK],2025-12-1 15:21:34,6,-79,34.0279884,-117.1198959,595.80,1.75,WIFI
E4:19:7F:6A:FB:8F,Pope 2 Guest,[WPA2_PSK],2025-12-1 15:21:34,6,-79,34.0279884,-117.1198959,595.80,1.75,WIFI
38:88:71:1E:EA:D1,Verizon_GB9NK6,[WPA2_PSK],2025-12-1 15:21:39,11,-73,34.0282440,-117.1199875,596.20,1.75,WIFI
E8:D3:EB:86:20:49,,[OPEN],2025-12-1 15:21:39,11,-74,34.0282440,-117.1199875,596.20,1.75,WIFI
E8:D3:EB:86:20:46,vwfig,[WPA2_WPA3_PSK],2025-12-1 15:21:39,11,-75,34.0282440,-117.1199875,596.20,1.75,WIFI
08:F0:1E:F2:1E:CF,A Guest,[WPA2_WPA3_PSK],2025-12-1 15:21:39,11,-77,34.0282440,-117.1199875,596.20,1.75,WIFI
94:F7:17:ED:04:E8,,[WPA_WPA2_PSK],2025-12-1 15:21:39,11,-78,34.0282440,-117.1199875,596.20,1.75,WIFI
08:F0:1E:F2:1E:C9,,[OPEN],2025-12-1 15:21:39,11,-82,34.0282440,-117.1199875,596.20,1.75,WIFI
08:F0:1E:F2:1E:C6,vwfig,[WPA2_WPA3_PSK],2025-12-1 15:21:39,11,-82,34.0282440,-117.1199875,596.20,1.75,WIFI
AC:91:9B:12:FB:58,MaloryWifi,[WPA2_PSK],2025-12-1 15:21:39,11,-86,34.0282440,-117.1199875,596.20,1.75,WIFI
18:A9:ED:03:6C:83,,[WPA3_PSK],2025-12-1 15:21:42,1,-78,34.0285301,-117.1200790,596.90,1.75,WIFI
72:CD:D6:13:3C:19,SpectrumSetup-CF,[WPA2_PSK],2025-12-1 15:21:45,3,-90,34.0288582,-117.1201859,598.80,1.75,WIFI
54:F8:F0:04:C5:D0,TeslaWallConnector_04C5D0,[WPA2_PSK],2025-12-1 15:21:46,4,-90,34.0289688,-117.1202164,599.20,1.75,WIFI
38:17:B1:4B:6D:BB,SpectrumSetup-B5,[WPA2_PSK],2025-12-1 15:21:48,6,-69,34.0291595,-117.1202698,600.00,1.75,WIFI
08:F0:1E:ED:DE:03,,[WPA3_PSK],2025-12-1 15:21:48,6,-79,34.0291595,-117.1202698,600.00,1.75,WIFI
FA:8F:CA:7C:6C:DA,Living Room.l074_,[OPEN],2025-12-1 15:21:48,6,-92,34.0291595,-117.1202698,600.00,1.75,WIFI
66:62:8B:40:63:6E,Skywalker_IoT,[WPA2_PSK],2025-12-1 15:21:49,7,-89,34.0292358,-117.1202927,600.10,1.75,WIFI
5C:62:8B:40:63:6E,Skywalker,[WPA2_PSK],2025-12-1 15:21:49,7,-93,34.0292358,-117.1202927,600.10,1.75,WIFI
CE:9E:43:45:DF:8C,ORBI76,[WPA2_PSK],2025-12-1 15:21:50,8,-91,34.0292931,-117.1203003,600.10,1.75,WIFI
C8:9E:43:45:DF:8C,,[WPA2_PSK],2025-12-1 15:21:50,8,-92,34.0292931,-117.1203003,600.10,1.75,WIFI
94:18:65:DA:7D:BB,NETGEAR79,[WPA2_PSK],2025-12-1 15:21:52,10,-73,34.0293617,-117.1202545,600.10,1.75,WIFI
C8:C6:FE:7A:89:29,,[OPEN],2025-12-1 15:21:53,11,-55,34.0293770,-117.1202164,600.10,1.75,WIFI
C8:C6:FE:7A:89:26,Arif Family,[WPA2_PSK],2025-12-1 15:21:53,11,-56,34.0293770,-117.1202164,600.10,1.75,WIFI
C8:C6:FE:6E:E0:03,,[WPA3_PSK],2025-12-1 15:21:53,11,-65,34.0293770,-117.1202164,600.10,1.75,WIFI
C8:C6:FE:6E:E0:09,,[OPEN],2025-12-1 15:21:53,11,-66,34.0293770,-117.1202164,600.10,1.75,WIFI
C8:C6:FE:67:64:86,Arif Family,[WPA2_PSK],2025-12-1 15:21:53,11,-68,34.0293770,-117.1202164,600.10,1.75,WIFI
C8:C6:FE:6E:E0:06,Arif Family,[WPA2_PSK],2025-12-1 15:21:53,11,-69,34.0293770,-117.1202164,600.10,1.75,WIFI
C8:C6:FE:67:64:83,,[WPA3_PSK],2025-12-1 15:21:53,11,-71,34.0293770,-117.1202164,600.10,1.75,WIFI
C8:C6:FE:6F:78:6F,Casa Linda Guest,[WPA2_PSK],2025-12-1 15:21:53,11,-74,34.0293770,-117.1202164,600.10,1.75,WIFI
C8:C6:FE:6F:78:66,Casa Linda,[WPA2_PSK],2025-12-1 15:21:53,11,-75,34.0293770,-117.1202164,600.10,1.75,WIFI
C8:C6:FE:6F:78:63,,[WPA3_PSK],2025-12-1 15:21:53,11,-75,34.0293770,-117.1202164,600.10,1.75,WIFI
C8:C6:FE:6F:78:69,,[OPEN],2025-12-1 15:21:53,11,-75,34.0293770,-117.1202164,600.10,1.75,WIFI
08:F0:1E:F1:ED:66,Familyroom,[WPA2_PSK],2025-12-1 15:21:53,11,-77,34.0293770,-117.1202164,600.10,1.75,WIFI
08:F0:1E:F1:ED:63,,[WPA3_PSK],2025-12-1 15:21:53,11,-77,34.0293770,-117.1202164,600.10,1.75,WIFI
08:F0:1E:EE:D4:86,Familyroom,[WPA2_PSK],2025-12-1 15:21:53,11,-78,34.0293770,-117.1202164,600.10,1.75,WIFI
08:F0:1E:F0:D4:63,,[WPA3_PSK],2025-12-1 15:21:53,11,-81,34.0293770,-117.1202164,600.10,1.75,WIFI
08:F0:1E:F0:D4:69,,[OPEN],2025-12-1 15:21:53,11,-81,34.0293770,-117.1202164,600.10,1.75,WIFI
08:F0:1E:F0:D4:66,Familyroom,[WPA2_PSK],2025-12-1 15:21:53,11,-82,34.0293770,-117.1202164,600.10,1.75,WIFI
94:CD:FD:B6:7C:89,,[OPEN],2025-12-1 15:21:57,1,-65,34.0294456,-117.1199493,600.10,1.75,WIFI
10:D7:B0:E5:09:56,SpectrumSetup-50,[WPA2_PSK],2025-12-1 15:21:57,1,-66,34.0294456,-117.1199493,600.10,1.75,WIFI
94:CD:FD:B6:7C:83,,[WPA3_PSK],2025-12-1 15:21:57,1,-66,34.0294456,-117.1199493,600.10,1.75,WIFI
94:CD:FD:B6:7C:86,wifi1234,[WPA2_PSK],2025-12-1 15:21:57,1,-68,34.0294456,-117.1199493,600.10,1.75,WIFI
FC:3D:73:EA:1B:09,,[OPEN],2025-12-1 15:21:57,1,-71,34.0294456,-117.1199493,600.10,1.75,WIFI
FC:3D:73:EA:1B:06,wifi1234,[WPA2_PSK],2025-12-1 15:21:57,1,-72,34.0294456,-117.1199493,600.10,1.75,WIFI
E4:19:7F:18:13:C3,,[WPA3_PSK],2025-12-1 15:22:3,6,-63,34.0295715,-117.1193771,604.50,1.75,WIFI
E4:19:7F:18:13:C9,,[OPEN],2025-12-1 15:22:3,6,-64,34.0295715,-117.1193771,604.50,1.75,WIFI
E4:19:7F:18:13:C6,Frontier31425,[WPA2_PSK],2025-12-1 15:22:3,6,-66,34.0295715,-117.1193771,604.50,1.75,WIFI
98:C8:54:A9:90:B9,Verizon_CJFX6G,[WPA2_PSK],2025-12-1 15:22:3,6,-84,34.0295715,-117.1193771,604.50,1.75,WIFI
62:62:8B:40:63:6E,,[WPA2_PSK],2025-12-1 15:22:4,7,-80,34.0295982,-117.1192703,605.30,1.75,WIFI
62:62:8B:40:63:76,,[WPA2_PSK],2025-12-1 15:22:4,7,-84,34.0295982,-117.1192703,605.30,1.75,WIFI
66:62:8B:40:62:EA,Skywalker_IoT,[WPA2_PSK],2025-12-1 15:22:4,7,-84,34.0295982,-117.1192703,605.30,1.75,WIFI
5C:62:8B:40:63:76,Skywalker,[WPA2_PSK],2025-12-1 15:22:4,7,-85,34.0295982,-117.1192703,605.30,1.75,WIFI
28:EC:22:4C:89:86,ccarleton73,[WPA2_PSK],2025-12-1 15:22:8,11,-63,34.0296974,-117.1189117,607.90,1.75,WIFI
28:EC:22:4C:89:83,,[WPA3_PSK],2025-12-1 15:22:8,11,-63,34.0296974,-117.1189117,607.90,1.75,WIFI
28:EC:22:4C:89:89,,[OPEN],2025-12-1 15:22:8,11,-63,34.0296974,-117.1189117,607.90,1.75,WIFI
28:EC:22:4A:9F:E6,ccarleton73,[WPA2_PSK],2025-12-1 15:22:8,11,-68,34.0296974,-117.1189117,607.90,1.75,WIFI
28:EC:22:4A:9F:E3,,[WPA3_PSK],2025-12-1 15:22:8,11,-70,34.0296974,-117.1189117,607.90,1.75,WIFI
28:EC:22:43:C9:E3,,[WPA3_PSK],2025-12-1 15:22:8,11,-73,34.0296974,-117.1189117,607.90,1.75,WIFI
28:EC:22:43:C9:E9,,[OPEN],2025-12-1 15:22:8,11,-74,34.0296974,-117.1189117,607.90,1.75,WIFI
24:41:FE:F9:3F:2A,Bruh_I_Need_Internet,[WPA2_PSK],2025-12-1 15:22:8,11,-83,34.0296974,-117.1189117,607.90,1.75,WIFI
0C:82:47:43:FA:60,,[WPA_WPA2_PSK],2025-12-1 15:22:8,11,-87,34.0296974,-117.1189117,607.90,1.75,WIFI
8E:49:62:39:C6:98,,[WPA2_PSK],2025-12-1 15:22:13,1,-83,34.0298538,-117.1186905,609.40,1.75,WIFI
94:F7:17:84:4D:58,,[WPA_WPA2_PSK],2025-12-1 15:22:13,1,-84,34.0298538,-117.1186905,609.40,1.75,WIFI
B6:92:4A:60:42:26,,[WPA2_PSK],2025-12-1 15:22:18,6,-83,34.0301857,-117.1187668,612.40,1.75,WIFI
BA:92:4A:60:42:26,ATTDz2spmr,[WPA2_PSK],2025-12-1 15:22:18,6,-87,34.0301857,-117.1187668,612.40,1.75,WIFI
A0:55:1F:10:DF:46,SpectrumSetup-DF40,[WPA2_PSK],2025-12-1 15:22:18,6,-91,34.0301857,-117.1187668,612.40,1.75,WIFI
62:62:8B:40:62:EA,,[WPA2_PSK],2025-12-1 15:22:19,7,-80,34.0302734,-117.1187973,613.50,1.75,WIFI
5C:62:8B:40:62:EA,Skywalker,[WPA2_PSK],2025-12-1 15:22:19,7,-82,34.0302734,-117.1187973,613.50,1.75,WIFI
66:62:8B:40:63:76,Skywalker_IoT,[WPA2_PSK],2025-12-1 15:22:19,7,-86,34.0302734,-117.1187973,613.50,1.75,WIFI
28:EC:22:43:C9:E6,ccarleton73,[WPA2_PSK],2025-12-1 15:22:23,11,-81,34.0306206,-117.1189270,617.20,1.75,WIFI
DA:31:34:C6:37:FB,,[WPA2_PSK],2025-12-1 15:22:23,11,-83,34.0306206,-117.1189270,617.20,1.75,WIFI
54:2B:57:04:0C:96,NVR542b57040c96,[WPA2_PSK],2025-12-1 15:22:23,11,-91,34.0306206,-117.1189270,617.20,1.75,WIFI
A0:89:66:94:6F:40,,[WPA_WPA2_PSK],2025-12-1 15:22:26,1,-69,34.0308533,-117.1190567,620.00,1.75,WIFI
A0:8E:24:5F:66:87,,[OPEN],2025-12-1 15:22:26,1,-73,34.0308533,-117.1190567,620.00,1.75,WIFI
A0:8E:24:5F:66:85,TurtlePower,[WPA2_PSK],2025-12-1 15:22:26,1,-73,34.0308533,-117.1190567,620.00,1.75,WIFI
B4:B0:24:9E:53:12,Danny Boy,[WPA2_PSK],2025-12-1 15:22:28,2,-81,34.0309601,-117.1191177,620.80,1.75,WIFI
1A:60:41:76:7E:2E,,[WPA2_WPA3_PSK],2025-12-1 15:22:29,3,-83,34.0309982,-117.1191254,620.90,1.75,WIFI
18:60:41:16:7E:2E,Its Not Free,[WPA2_WPA3_PSK],2025-12-1 15:22:29,3,-84,34.0309982,-117.1191254,620.90,1.75,WIFI
1A:60:41:06:7E:2E,itsnotfreetwofour,[WPA_WPA2_PSK],2025-12-1 15:22:29,3,-85,34.0309982,-117.1191254,620.90,1.75,WIFI
C8:99:B2:C7:B2:7F,92399,[WPA2_WPA3_PSK],2025-12-1 15:22:32,6,-71,34.0310898,-117.1191025,621.00,1.75,WIFI
F0:B6:61:E2:EC:4A,,[OPEN],2025-12-1 15:22:32,6,-88,34.0310898,-117.1191025,621.00,1.75,WIFI
8C:85:80:E1:45:24,,[WPA_WPA2_PSK],2025-12-1 15:22:36,10,-79,34.0311508,-117.1188660,622.00,1.75,WIFI
8C:85:80:4A:53:90,,[WPA_WPA2_PSK],2025-12-1 15:22:36,10,-81,34.0311508,-117.1188660,622.00,1.75,WIFI
44:AC:85:4C:5A:26,trap house,[WPA2_PSK],2025-12-1 15:22:37,11,-80,34.0311432,-117.1187820,622.40,1.75,WIFI
60:F4:19:79:06:63,,[WPA3_PSK],2025-12-1 15:22:37,11,-83,34.0311432,-117.1187820,622.40,1.75,WIFI
60:F4:19:79:06:69,,[OPEN],2025-12-1 15:22:37,11,-85,34.0311432,-117.1187820,622.40,1.75,WIFI
E4:19:7F:2A:D3:86,hoonfamily,[WPA2_PSK],2025-12-1 15:22:37,11,-86,34.0311432,-117.1187820,622.40,1.75,WIFI
E4:19:7F:2A:D3:89,,[OPEN],2025-12-1 15:22:37,11,-88,34.0311432,-117.1187820,622.40,1.75,WIFI
34:08:E1:0E:4A:29,ENVOY_145078,[OPEN],2025-12-1 15:22:37,11,-89,34.0311432,-117.1187820,622.40,1.75,WIFI
C4:A8:16:83:D3:03,,[WPA3_PSK],2025-12-1 15:22:40,1,-64,34.0311546,-117.1185455,622.90,1.75,WIFI
C4:A8:16:83:D3:09,,[OPEN],2025-12-1 15:22:40,1,-64,34.0311546,-117.1185455,622.90,1.75,WIFI
C4:A8:16:83:D3:06,polaris321,[WPA2_PSK],2025-12-1 15:22:40,1,-64,34.0311546,-117.1185455,622.90,1.75,WIFI
24:F3:E3:44:04:43,,[WPA3_PSK],2025-12-1 15:22:40,1,-79,34.0311546,-117.1185455,622.90,1.75,WIFI
24:F3:E3:44:04:49,,[OPEN],2025-12-1 15:22:40,1,-80,34.0311546,-117.1185455,622.90,1.75,WIFI
A0:8E:24:5F:66:83,,[WPA3_PSK],2025-12-1 15:22:40,1,-80,34.0311546,-117.1185455,622.90,1.75,WIFI
24:F3:E3:44:04:46,hoonfamily,[WPA2_PSK],2025-12-1 15:22:40,1,-81,34.0311546,-117.1185455,622.90,1.75,WIFI
54:04:63:C5:03:41,,[WPA_WPA2_PSK],2025-12-1 15:22:40,1,-81,34.0311546,-117.1185455,622.90,1.75,WIFI
C0:6F:98:8D:B3:09,,[OPEN],2025-12-1 15:22:40,1,-83,34.0311546,-117.1185455,622.90,1.75,WIFI
C0:6F:98:8D:B3:06,Sasha,[WPA2_PSK],2025-12-1 15:22:40,1,-84,34.0311546,-117.1185455,622.90,1.75,WIFI
C0:6F:98:8D:B3:03,,[WPA3_PSK],2025-12-1 15:22:40,1,-85,34.0311546,-117.1185455,622.90,1.75,WIFI
02:7F:8A:00:92:CA,,[WPA2_PSK],2025-12-1 15:22:40,1,-86,34.0311546,-117.1185455,622.90,1.75,WIFI
FC:3D:73:9F:B7:83,,[WPA3_PSK],2025-12-1 15:22:40,1,-87,34.0311546,-117.1185455,622.90,1.75,WIFI
A0:89:66:E1:74:3C,,[WPA_WPA2_PSK],2025-12-1 15:22:40,1,-87,34.0311546,-117.1185455,622.90,1.75,WIFI
02:7F:8A:00:92:C9,,[WPA2_PSK],2025-12-1 15:22:40,1,-88,34.0311546,-117.1185455,622.90,1.75,WIFI
C4:DD:57:5E:AA:C1,Traeger-AAC1,[WPA2_PSK],2025-12-1 15:22:45,5,-90,34.0313835,-117.1181183,624.10,1.75,WIFI
FC:9C:98:CB:33:C3,ARLO_VMB_7711796169,[WPA2_PSK],2025-12-1 15:22:46,6,-73,34.0314445,-117.1180191,624.40,1.75,WIFI
F0:B6:61:E2:EC:44,,[WPA3_PSK],2025-12-1 15:22:46,6,-75,34.0314445,-117.1180191,624.40,1.75,WIFI
50:27:A9:E0:40:45,armijo,[WPA2_PSK],2025-12-1 15:22:46,6,-77,34.0314445,-117.1180191,624.40,1.75,WIFI
F0:B6:61:E2:EC:47,Henri,[WPA2_PSK],2025-12-1 15:22:46,6,-77,34.0314445,-117.1180191,624.40,1.75,WIFI
50:27:A9:E0:40:43,,[WPA3_PSK],2025-12-1 15:22:46,6,-81,34.0314445,-117.1180191,624.40,1.75,WIFI
4A:63:FC:5C:91:BF,SpectrumSetup-BE,[WPA2_PSK],2025-12-1 15:22:46,6,-84,34.0314445,-117.1180191,624.40,1.75,WIFI
F0:B6:61:E1:1C:EA,,[OPEN],2025-12-1 15:22:46,6,-85,34.0314445,-117.1180191,624.40,1.75,WIFI
F0:B6:61:E1:1C:E7,Henri,[WPA2_PSK],2025-12-1 15:22:46,6,-86,34.0314445,-117.1180191,624.40,1.75,WIFI
E4:19:7F:2A:D3:83,,[WPA3_PSK],2025-12-1 15:22:51,11,-78,34.0317345,-117.1175232,627.50,1.75,WIFI
08:F0:1E:F1:B4:83,,[WPA3_PSK],2025-12-1 15:22:51,11,-79,34.0317345,-117.1175232,627.50,1.75,WIFI
08:F0:1E:F1:B4:89,,[OPEN],2025-12-1 15:22:51,11,-79,34.0317345,-117.1175232,627.50,1.75,WIFI
58:9B:4A:84:62:19,SpectrumSetup-6215,[WPA2_PSK],2025-12-1 15:22:51,11,-80,34.0317345,-117.1175232,627.50,1.75,WIFI
60:F4:19:79:06:66,familyvasquez ,[WPA2_PSK],2025-12-1 15:22:51,11,-82,34.0317345,-117.1175232,627.50,1.75,WIFI
08:F0:1E:F1:B4:86,My Wifi,[WPA2_PSK],2025-12-1 15:22:51,11,-83,34.0317345,-117.1175232,627.50,1.75,WIFI
86:EA:ED:CD:C1:18,,[WPA2_PSK],2025-12-1 15:22:51,11,-93,34.0317345,-117.1175232,627.50,1.75,WIFI
74:37:5F:8F:26:87,SpectrumSetup-60,[WPA2_PSK],2025-12-1 15:22:51,11,-94,34.0317345,-117.1175232,627.50,1.75,WIFI
FC:3D:73:9F:B7:86,Bonnie WiFi,[WPA2_PSK],2025-12-1 15:22:53,1,-58,34.0318375,-117.1173096,629.80,1.75,WIFI
FC:3D:73:9F:B7:89,,[OPEN],2025-12-1 15:22:53,1,-60,34.0318375,-117.1173096,629.80,1.75,WIFI
FC:3D:73:A1:49:C9,,[OPEN],2025-12-1 15:22:53,1,-66,34.0318375,-117.1173096,629.80,1.75,WIFI
FC:3D:73:A1:49:C6,Bonnie WiFi,[WPA2_PSK],2025-12-1 15:22:53,1,-67,34.0318375,-117.1173096,629.80,1.75,WIFI
C0:6F:98:15:1B:A6,Finn,[WPA2_PSK],2025-12-1 15:22:53,1,-77,34.0318375,-117.1173096,629.80,1.75,WIFI
00:C8:96:2C:0A:8C,,[WPA_WPA2_PSK],2025-12-1 15:22:53,1,-77,34.0318375,-117.1173096,629.80,1.75,WIFI
FC:B2:D6:71:13:CA,,[WPA_WPA2_PSK],2025-12-1 15:22:53,1,-82,34.0318375,-117.1173096,629.80,1.75,WIFI
C0:6F:98:06:02:C3,,[WPA3_PSK],2025-12-1 15:22:53,1,-83,34.0318375,-117.1173096,629.80,1.75,WIFI
C0:6F:98:06:02:C9,,[OPEN],2025-12-1 15:22:53,1,-83,34.0318375,-117.1173096,629.80,1.75,WIFI
C0:6F:98:06:02:C6,my wifi,[WPA2_PSK],2025-12-1 15:22:53,1,-84,34.0318375,-117.1173096,629.80,1.75,WIFI
C0:6F:98:91:A7:29,,[OPEN],2025-12-1 15:22:53,1,-84,34.0318375,-117.1173096,629.80,1.75,WIFI
C0:6F:98:91:A7:26,Sasha,[WPA2_PSK],2025-12-1 15:22:53,1,-84,34.0318375,-117.1173096,629.80,1.75,WIFI
00:C8:96:2C:30:54,,[WPA_WPA2_PSK],2025-12-1 15:22:53,1,-89,34.0318375,-117.1173096,629.80,1.75,WIFI
94:F7:17:E8:EC:C0,,[WPA_WPA2_PSK],2025-12-1 15:22:56,2,-68,34.0320091,-117.1170502,633.80,1.75,WIFI
84:A0:6E:D5:40:46,MySpectrumWiFi40-2G,[WPA2_PSK],2025-12-1 15:23:1,6,-50,34.0324249,-117.1167603,640.20,1.75,WIFI
2A:C5:C8:AC:40:8F,DIRECT-8F-HP Envy 6500e series,[WPA2_PSK],2025-12-1 15:23:1,6,-53,34.0324249,-117.1167603,640.20,1.75,WIFI
FA:8F:CA:66:65:D1,Living Room Display,[OPEN],2025-12-1 15:23:1,6,-67,34.0324249,-117.1167603,640.20,1.75,WIFI
DA:31:34:85:AA:7E,,[WPA2_PSK],2025-12-1 15:23:1,6,-71,34.0324249,-117.1167603,640.20,1.75,WIFI
DA:31:34:58:DC:68,,[WPA2_PSK],2025-12-1 15:23:1,6,-78,34.0324249,-117.1167603,640.20,1.75,WIFI
2C:56:DC:85:38:B8,Sorter,[WPA2_PSK],2025-12-1 15:23:3,8,-83,34.0326080,-117.1166687,642.90,1.75,WIFI
C0:6F:98:05:DF:86,Zippy@1980623,[WPA2_PSK],2025-12-1 15:23:6,11,-67,34.0328178,-117.1165009,644.80,1.75,WIFI
C0:6F:98:05:DF:83,,[WPA3_PSK],2025-12-1 15:23:6,11,-69,34.0328178,-117.1165009,644.80,1.75,WIFI
C0:6F:98:05:DF:89,,[OPEN],2025-12-1 15:23:6,11,-70,34.0328178,-117.1165009,644.80,1.75,WIFI
08:F0:1E:EE:F4:86,Zippy@1980623,[WPA2_PSK],2025-12-1 15:23:6,11,-75,34.0328178,-117.1165009,644.80,1.75,WIFI
08:F0:1E:EE:F4:83,,[WPA3_PSK],2025-12-1 15:23:6,11,-75,34.0328178,-117.1165009,644.80,1.75,WIFI
08:F0:1E:EE:F4:89,,[OPEN],2025-12-1 15:23:6,11,-75,34.0328178,-117.1165009,644.80,1.75,WIFI
08:F0:1E:EE:41:09,,[OPEN],2025-12-1 15:23:6,11,-77,34.0328178,-117.1165009,644.80,1.75,WIFI
08:F0:1E:EE:41:03,,[WPA3_PSK],2025-12-1 15:23:6,11,-78,34.0328178,-117.1165009,644.80,1.75,WIFI
08:F0:1E:EE:41:06,Zippy@1980623,[WPA2_PSK],2025-12-1 15:23:6,11,-80,34.0328178,-117.1165009,644.80,1.75,WIFI
44:EE:14:DB:13:56,ENVOY_005376,[OPEN],2025-12-1 15:23:6,11,-81,34.0328178,-117.1165009,644.80,1.75,WIFI
A4:11:62:CA:38:EE,ARLO_VMB_8592892692,[WPA2_PSK],2025-12-1 15:23:6,11,-90,34.0328178,-117.1165009,644.80,1.75,WIFI
54:47:CC:E5:F5:C6,Frontier2678,[WPA2_PSK],2025-12-1 15:23:6,11,-91,34.0328178,-117.1165009,644.80,1.75,WIFI
F4:05:95:B2:1E:83,SpectrumSetup-7D,[WPA2_PSK],2025-12-1 15:23:6,11,-94,34.0328178,-117.1165009,644.80,1.75,WIFI
90:D3:CF:66:F4:EC,SpectrumSetup-42,[WPA2_PSK],2025-12-1 15:23:7,1,-75,34.0328636,-117.1164322,645.20,1.75,WIFI
C0:6F:98:02:87:C3,,[WPA3_PSK],2025-12-1 15:23:7,1,-75,34.0328636,-117.1164322,645.20,1.75,WIFI
C0:6F:98:02:87:C9,,[OPEN],2025-12-1 15:23:7,1,-77,34.0328636,-117.1164322,645.20,1.75,WIFI
C0:6F:98:02:87:C6,Finn,[WPA2_PSK],2025-12-1 15:23:7,1,-77,34.0328636,-117.1164322,645.20,1.75,WIFI
02:92:A5:00:26:F4,TEG-56H,[WPA2_PSK],2025-12-1 15:23:7,1,-78,34.0328636,-117.1164322,645.20,1.75,WIFI
64:67:72:56:93:B5,Fournelsons-5G,[WPA2_PSK],2025-12-1 15:23:7,1,-80,34.0328636,-117.1164322,645.20,1.75,WIFI
C0:6F:98:0E:5A:03,,[WPA3_PSK],2025-12-1 15:23:7,1,-83,34.0328636,-117.1164322,645.20,1.75,WIFI
C0:6F:98:0E:5A:09,,[OPEN],2025-12-1 15:23:7,1,-84,34.0328636,-117.1164322,645.20,1.75,WIFI
30:60:0A:FC:01:9C,,[WPA_WPA2_PSK],2025-12-1 15:23:7,1,-88,34.0328636,-117.1164322,645.20,1.75,WIFI
74:37:5F:9E:1D:FF,Six String Surplus WiFi,[WPA2_PSK],2025-12-1 15:23:7,1,-90,34.0328636,-117.1164322,645.20,1.75,WIFI
5C:E9:31:EB:67:0F,B&J Wifi,[WPA2_PSK],2025-12-1 15:23:11,2,-83,34.0329323,-117.1160812,644.80,1.75,WIFI
6A:06:C3:89:7F:26,B&J Wifi,[WPA2_PSK],2025-12-1 15:23:11,2,-93,34.0329323,-117.1160812,644.80,1.75,WIFI
08:7B:12:62:38:2C,SpectRUM211,[WPA2_PSK],2025-12-1 15:23:15,6,-66,34.0329285,-117.1156082,642.90,1.75,WIFI
12:7B:12:62:38:2D,,[WPA2_PSK],2025-12-1 15:23:15,6,-69,34.0329285,-117.1156082,642.90,1.75,WIFI
12:7B:12:62:38:2E,,[WPA2_PSK],2025-12-1 15:23:15,6,-69,34.0329285,-117.1156082,642.90,1.75,WIFI
D0:CB:DD:E2:D1:08,DiAntonio,[WPA2_PSK],2025-12-1 15:23:15,6,-84,34.0329285,-117.1156082,642.90,1.75,WIFI
F0:03:8C:8E:D6:B0,tstat-d6b0,[OPEN],2025-12-1 15:23:18,9,-81,34.0329323,-117.1152573,641.50,1.75,WIFI
30:E2:83:AF:80:68,ENVOY_113404,[OPEN],2025-12-1 15:23:18,9,-86,34.0329323,-117.1152573,641.50,1.75,WIFI
34:53:D2:BF:1C:15,Mitchell,[WPA2_PSK],2025-12-1 15:23:20,11,-76,34.0329514,-117.1150818,640.90,1.75,WIFI
C8:C6:FE:56:ED:26,Persinger-5GHz,[WPA2_PSK],2025-12-1 15:23:20,11,-77,34.0329514,-117.1150818,640.90,1.75,WIFI
CC:F4:11:3B:EF:65,wifi1229,[WPA2_PSK],2025-12-1 15:23:20,11,-78,34.0329514,-117.1150818,640.90,1.75,WIFI
08:F0:1E:CF:BD:C9,,[OPEN],2025-12-1 15:23:20,11,-78,34.0329514,-117.1150818,640.90,1.75,WIFI
08:F0:1E:CF:BD:C3,,[WPA3_PSK],2025-12-1 15:23:20,11,-79,34.0329514,-117.1150818,640.90,1.75,WIFI
D2:3F:27:54:9D:16,,[WPA_WPA2_PSK],2025-12-1 15:23:20,11,-80,34.0329514,-117.1150818,640.90,1.75,WIFI
F2:72:EA:2B:B9:79,1229guest,[WPA2_PSK],2025-12-1 15:23:20,11,-86,34.0329514,-117.1150818,640.90,1.75,WIFI
F0:99:BF:0A:12:82,Jesus's Wi-Fi Network,[WPA2_PSK],2025-12-1 15:23:20,11,-93,34.0329514,-117.1150818,640.90,1.75,WIFI
00:C8:96:04:3B:D8,,[WPA_WPA2_PSK],2025-12-1 15:23:25,1,-81,34.0328941,-117.1148453,640.80,1.75,WIFI
A0:89:66:F8:FD:19,,[WPA_WPA2_PSK],2025-12-1 15:23:25,1,-87,34.0328941,-117.1148453,640.80,1.75,WIFI
74:93:DA:1D:70:BD,SpectrumSetup-BF,[WPA2_PSK],2025-12-1 15:23:25,1,-91,34.0328941,-117.1148453,640.80,1.75,WIFI
D0:03:4B:D5:56:AC,mokeyflight2,[WPA2_PSK],2025-12-1 15:23:25,1,-94,34.0328941,-117.1148453,640.80,1.75,WIFI
62:E9:31:EB:67:01,,[WPA2_PSK],2025-12-1 15:23:25,2,-65,34.0328941,-117.1148453,640.80,1.75,WIFI
6A:06:C3:89:7F:27,,[WPA_WPA2_PSK],2025-12-1 15:23:25,2,-76,34.0328941,-117.1148453,640.80,1.75,WIFI
24:2D:6C:23:CE:48,DiAntonio,[WPA2_PSK],2025-12-1 15:23:30,6,-62,34.0326309,-117.1147766,641.30,1.75,WIFI
24:2D:6C:23:CE:45,,[WPA3_PSK],2025-12-1 15:23:30,6,-63,34.0326309,-117.1147766,641.30,1.75,WIFI
24:2D:6C:23:CE:4B,,[OPEN],2025-12-1 15:23:30,6,-63,34.0326309,-117.1147766,641.30,1.75,WIFI
D0:CB:DD:E2:D1:05,,[WPA3_PSK],2025-12-1 15:23:30,6,-63,34.0326309,-117.1147766,641.30,1.75,WIFI
D0:CB:DD:E2:D1:0B,,[OPEN],2025-12-1 15:23:30,6,-63,34.0326309,-117.1147766,641.30,1.75,WIFI
24:2D:6C:23:CE:51,DiAntonio Guest,[WPA2_PSK],2025-12-1 15:23:30,6,-64,34.0326309,-117.1147766,641.30,1.75,WIFI
D0:CB:DD:E2:D1:11,DiAntonio Guest,[WPA2_PSK],2025-12-1 15:23:30,6,-70,34.0326309,-117.1147766,641.30,1.75,WIFI
48:A6:B8:46:1A:D4,,[WPA2_PSK],2025-12-1 15:23:30,6,-79,34.0326309,-117.1147766,641.30,1.75,WIFI
9C:A2:F4:30:CC:31,TP-LINK_Smart Plug_CC31,[OPEN],2025-12-1 15:23:30,6,-89,34.0326309,-117.1147766,641.30,1.75,WIFI
82:3F:5D:20:51:B4,,[OPEN],2025-12-1 15:23:34,10,-91,34.0324898,-117.1147308,641.90,1.75,WIFI
80:3F:5D:70:51:B4,Ccables_LR,[WPA2_PSK],2025-12-1 15:23:34,10,-92,34.0324898,-117.1147308,641.90,1.75,WIFI
82:3F:5D:30:51:B4,,[WPA2_PSK],2025-12-1 15:23:34,10,-94,34.0324898,-117.1147308,641.90,1.75,WIFI
F0:72:EA:2B:B9:7A,wifi1229,[WPA2_PSK],2025-12-1 15:23:35,11,-71,34.0324745,-117.1147003,642.10,1.75,WIFI
D0:CB:DD:DD:E7:48,Kelhi,[WPA2_PSK],2025-12-1 15:23:35,11,-72,34.0324745,-117.1147003,642.10,1.75,WIFI
CE:F4:11:3B:EF:64,1229guest,[WPA2_PSK],2025-12-1 15:23:35,11,-82,34.0324745,-117.1147003,642.10,1.75,WIFI
C8:C6:FE:1E:78:89,,[OPEN],2025-12-1 15:23:35,11,-84,34.0324745,-117.1147003,642.10,1.75,WIFI
C4:A8:16:3F:DC:8B,,[OPEN],2025-12-1 15:23:35,11,-85,34.0324745,-117.1147003,642.10,1.75,WIFI
C8:C6:FE:1E:78:83,,[WPA3_PSK],2025-12-1 15:23:35,11,-86,34.0324745,-117.1147003,642.10,1.75,WIFI
C8:C6:FE:1E:78:86,Kelhi,[WPA2_PSK],2025-12-1 15:23:35,11,-86,34.0324745,-117.1147003,642.10,1.75,WIFI
C4:A8:16:3F:DC:85,,[WPA3_PSK],2025-12-1 15:23:35,11,-86,34.0324745,-117.1147003,642.10,1.75,WIFI
C4:A8:16:3F:DC:88,Kelhi,[WPA2_PSK],2025-12-1 15:23:35,11,-86,34.0324745,-117.1147003,642.10,1.75,WIFI
18:A9:ED:4C:92:86,TerpstraHome,[WPA2_PSK],2025-12-1 15:23:38,1,-76,34.0324593,-117.1146622,642.20,1.75,WIFI
18:A9:ED:4C:92:83,,[WPA3_PSK],2025-12-1 15:23:38,1,-76,34.0324593,-117.1146622,642.20,1.75,WIFI
94:F7:17:84:10:50,,[WPA_WPA2_PSK],2025-12-1 15:23:38,1,-77,34.0324593,-117.1146622,642.20,1.75,WIFI
18:A9:ED:4C:92:89,,[OPEN],2025-12-1 15:23:38,1,-77,34.0324593,-117.1146622,642.20,1.75,WIFI
34:53:D2:B2:00:11,Itschowtime,[WPA2_PSK],2025-12-1 15:23:38,1,-90,34.0324593,-117.1146622,642.20,1.75,WIFI
F8:3E:B0:22:C0:22,Ruiz House,[WPA2_WPA3_PSK],2025-12-1 15:23:44,6,-95,34.0324593,-117.1146622,642.30,1.75,WIFI
B0:C5:54:2E:DF:D0,DCS-936L-DFD0,[WEP],2025-12-1 15:23:46,8,-86,34.0324593,-117.1146622,642.40,1.75,WIFI
D0:CB:DD:DD:E7:4B,,[OPEN],2025-12-1 15:23:49,11,-68,34.0324593,-117.1146622,642.50,1.75,WIFI
D0:CB:DD:DD:E7:45,,[WPA3_PSK],2025-12-1 15:23:49,11,-70,34.0324593,-117.1146622,642.50,1.75,WIFI
F2:82:12:0A:BF:90,Jesus's Guest Network,[OPEN],2025-12-1 15:23:49,11,-92,34.0324593,-117.1146622,642.50,1.75,WIFI
40:CA:63:4C:3D:51,[fridge]_E30AJT5123531W,[WPA2_PSK],2025-12-1 15:23:52,1,-74,34.0324593,-117.1146622,642.60,1.75,WIFI
6C:CD:D6:07:30:B9,meelker01,[WPA2_PSK],2025-12-1 15:23:55,3,-89,34.0324554,-117.1146622,642.60,1.75,WIFI
20:9A:7D:12:18:EE,SpectrumSetup-E8,[WPA2_PSK],2025-12-1 15:23:58,6,-91,34.0324554,-117.1146622,642.50,1.75,WIFI
52:6D:C9:60:EC:26,SpectRUM211,[WPA2_PSK],2025-12-1 15:24:20,1,-83,34.0324554,-117.1146622,642.40,1.75,WIFI
62:6D:C9:60:EC:26,,[WPA2_PSK],2025-12-1 15:24:20,1,-86,34.0324554,-117.1146622,642.40,1.75,WIFI
28:EC:22:4D:89:23,,[WPA3_PSK],2025-12-1 15:25:8,6,-83,34.0324554,-117.1146545,642.20,1.75,WIFI
28:EC:22:4D:89:26,Sunshine,[WPA2_PSK],2025-12-1 15:25:8,6,-83,34.0324554,-117.1146545,642.20,1.75,WIFI
74:37:5F:55:7A:93,SpectrumSetup-91,[WPA2_PSK],2025-12-1 15:25:8,6,-93,34.0324554,-117.1146545,642.20,1.75,WIFI
C8:C6:FE:56:ED:29,,[OPEN],2025-12-1 15:25:13,11,-87,34.0324669,-117.1146698,642.30,1.75,WIFI
C0:6F:98:88:54:E6,OSMANI,[WPA2_PSK],2025-12-1 15:25:27,11,-87,34.0324631,-117.1146698,642.40,1.75,WIFI
C0:6F:98:88:54:E3,,[WPA3_PSK],2025-12-1 15:25:27,11,-88,34.0324631,-117.1146698,642.40,1.75,WIFI
C0:6F:98:88:54:E9,,[OPEN],2025-12-1 15:25:55,11,-89,34.0324631,-117.1146698,642.30,1.75,WIFI
58:96:71:5F:67:C6,Verizon_CW4V6S,[WPA2_PSK],2025-12-1 15:25:57,1,-90,34.0324631,-117.1146698,642.30,1.75,WIFI
BA:13:32:9D:54:6A,SunPower08207,[WPA2_PSK],2025-12-1 15:26:11,1,-93,34.0324631,-117.1146698,642.00,1.75,WIFI
74:93:DA:A4:BD:39,SpectrumSetup-3B,[WPA2_PSK],2025-12-1 15:26:18,6,-91,34.0324631,-117.1146698,642.00,1.75,WIFI
18:93:D7:14:99:9A,ENVOY_016280,[OPEN],2025-12-1 15:27:3,9,-93,34.0329399,-117.1148529,640.30,1.75,WIFI
08:F0:1E:CF:BD:C6,Persinger-5GHz,[WPA2_PSK],2025-12-1 15:27:5,11,-79,34.0330009,-117.1148834,639.80,1.75,WIFI
C8:C6:FE:58:D8:43,,[WPA3_PSK],2025-12-1 15:27:5,11,-84,34.0330009,-117.1148834,639.80,1.75,WIFI
C8:C6:FE:58:D8:46,Persinger-5GHz,[WPA2_PSK],2025-12-1 15:27:5,11,-84,34.0330009,-117.1148834,639.80,1.75,WIFI
C8:C6:FE:58:D8:49,,[OPEN],2025-12-1 15:27:5,11,-85,34.0330009,-117.1148834,639.80,1.75,WIFI
02:FE:5D:B4:CE:19,MackenzieRig,[WPA2_PSK],2025-12-1 15:27:8,1,-83,34.0331039,-117.1148529,639.40,1.75,WIFI
C0:3C:04:AE:02:80,SpectrumSetup-7A,[WPA2_PSK],2025-12-1 15:27:8,1,-86,34.0331039,-117.1148529,639.40,1.75,WIFI
FC:B2:D6:71:00:3A,,[WPA_WPA2_PSK],2025-12-1 15:27:8,1,-89,34.0331039,-117.1148529,639.40,1.75,WIFI
28:EC:22:4D:89:29,,[OPEN],2025-12-1 15:27:14,6,-57,34.0334320,-117.1147766,637.70,1.75,WIFI
E8:9F:80:1E:23:90,Wemo.LightV2.1B3,[OPEN],2025-12-1 15:27:14,6,-72,34.0334320,-117.1147766,637.70,1.75,WIFI
06:AD:34:26:86:8E,Newmar1464,[WPA2_PSK],2025-12-1 15:27:19,11,-69,34.0337334,-117.1147537,636.10,1.75,WIFI
02:AD:34:26:86:8E,MackenzieRig,[WPA2_PSK],2025-12-1 15:27:19,11,-70,34.0337334,-117.1147537,636.10,1.75,WIFI
C8:C6:FE:56:ED:23,,[WPA3_PSK],2025-12-1 15:27:19,11,-76,34.0337334,-117.1147537,636.10,1.75,WIFI
C4:F1:74:C6:CF:4A,,[OPEN],2025-12-1 15:27:19,11,-87,34.0337334,-117.1147537,636.10,1.75,WIFI
C4:F1:74:C6:CF:47,Mollybiscuit,[WPA2_PSK],2025-12-1 15:27:33,11,-80,34.0338707,-117.1137848,636.20,1.75,WIFI
CC:40:D0:0E:64:9A,NETGEAR84,[WPA2_PSK],2025-12-1 15:27:33,11,-91,34.0338707,-117.1137848,636.20,1.75,WIFI
3C:37:86:4C:55:7B,2g Sinamin,[WPA2_PSK],2025-12-1 15:27:40,4,-76,34.0338707,-117.1128769,638.50,1.75,WIFI
58:96:71:3A:F9:60,ATTe6b5BjD,[WPA2_PSK],2025-12-1 15:27:42,6,-77,34.0338707,-117.1126404,638.80,1.75,WIFI
F0:B6:61:C7:E2:07,alldredge,[WPA2_PSK],2025-12-1 15:27:42,6,-78,34.0338707,-117.1126404,638.80,1.75,WIFI
F0:B6:61:C7:E2:04,,[WPA3_PSK],2025-12-1 15:27:42,6,-78,34.0338707,-117.1126404,638.80,1.75,WIFI
F0:B6:61:C7:E2:0A,,[OPEN],2025-12-1 15:27:42,6,-79,34.0338707,-117.1126404,638.80,1.75,WIFI
2E:D7:5B:AC:C5:5E,SpectrumSetup-5DDA,[WPA2_PSK],2025-12-1 15:27:42,6,-91,34.0338707,-117.1126404,638.80,1.75,WIFI
24:F5:A2:7E:45:4D,JoWifi,[WPA2_PSK],2025-12-1 15:27:44,8,-72,34.0338745,-117.1124344,637.90,1.75,WIFI
2A:F5:A2:7E:45:4D,,[WPA2_PSK],2025-12-1 15:27:44,8,-74,34.0338745,-117.1124344,637.90,1.75,WIFI
54:07:7D:0E:28:46,SigmaWiFi,[WPA2_PSK],2025-12-1 15:27:46,10,-94,34.0338783,-117.1122208,635.30,1.75,WIFI
02:7B:65:63:5D:E1,,[WPA2_PSK],2025-12-1 15:27:47,11,-65,34.0338783,-117.1121140,634.00,1.75,WIFI
02:7B:65:63:5D:E2,,[WPA2_PSK],2025-12-1 15:27:47,11,-65,34.0338783,-117.1121140,634.00,1.75,WIFI
F0:7B:65:63:5D:E0,SpectrumSetup-5DDA,[WPA2_PSK],2025-12-1 15:27:47,11,-67,34.0338783,-117.1121140,634.00,1.75,WIFI
08:F0:1E:E7:7B:29,,[OPEN],2025-12-1 15:27:47,11,-72,34.0338783,-117.1121140,634.00,1.75,WIFI
C0:6F:98:2B:19:86,Robi909,[WPA2_PSK],2025-12-1 15:27:47,11,-73,34.0338783,-117.1121140,634.00,1.75,WIFI
C0:6F:98:2B:19:83,,[WPA3_PSK],2025-12-1 15:27:47,11,-73,34.0338783,-117.1121140,634.00,1.75,WIFI
08:F0:1E:E7:7B:23,,[WPA3_PSK],2025-12-1 15:27:47,11,-73,34.0338783,-117.1121140,634.00,1.75,WIFI
08:F0:1E:E7:7B:26,Robi909,[WPA2_PSK],2025-12-1 15:27:47,11,-73,34.0338783,-117.1121140,634.00,1.75,WIFI
C0:6F:98:2B:19:89,,[OPEN],2025-12-1 15:27:47,11,-75,34.0338783,-117.1121140,634.00,1.75,WIFI
A4:11:62:C5:58:66,ARLO_VMB_5739961281,[WPA2_PSK],2025-12-1 15:27:47,11,-80,34.0338783,-117.1121140,634.00,1.75,WIFI
F0:81:75:F8:7B:FE,SpectrumSetup-F8,[WPA2_PSK],2025-12-1 15:27:47,11,-81,34.0338783,-117.1121140,634.00,1.75,WIFI
86:52:46:DA:F8:D3,,[WPA2_PSK],2025-12-1 15:27:47,11,-84,34.0338783,-117.1121140,634.00,1.75,WIFI
2C:67:BE:1E:F1:C1,SpectrumSetup-F1BD,[WPA2_PSK],2025-12-1 15:27:47,11,-85,34.0338783,-117.1121140,634.00,1.75,WIFI
B4:B5:2F:13:3A:4D,HP-Print-4D-Officejet Pro 8600,[OPEN],2025-12-1 15:27:47,11,-89,34.0338783,-117.1121140,634.00,1.75,WIFI
76:52:46:DA:F8:D3,,[WPA2_PSK],2025-12-1 15:27:47,11,-89,34.0338783,-117.1121140,634.00,1.75,WIFI
0C:EA:14:7C:B7:36,NETGEAR88,[WPA2_PSK],2025-12-1 15:27:47,11,-91,34.0338783,-117.1121140,634.00,1.75,WIFI
E0:E1:A9:CD:29:C6,WiFi Extender,[OPEN],2025-12-1 15:27:48,13,-88,34.0338783,-117.1120071,632.70,1.75,WIFI
F0:B6:61:C2:C1:84,,[WPA3_PSK],2025-12-1 15:27:57,6,-70,34.0338783,-117.1107025,630.30,1.75,WIFI
F0:B6:61:C2:C1:8A,,[OPEN],2025-12-1 15:27:57,6,-70,34.0338783,-117.1107025,630.30,1.75,WIFI
F0:B6:61:C2:C1:87,alldredge,[WPA2_PSK],2025-12-1 15:27:57,6,-71,34.0338783,-117.1107025,630.30,1.75,WIFI
F0:B6:61:C2:B9:C7,alldredge,[WPA2_PSK],2025-12-1 15:27:57,6,-72,34.0338783,-117.1107025,630.30,1.75,WIFI
78:76:89:2E:2D:C4,,[WPA3_PSK],2025-12-1 15:27:57,6,-81,34.0338783,-117.1107025,630.30,1.75,WIFI
78:76:89:2E:2D:D0,Aguilars Guest,[WPA2_PSK],2025-12-1 15:27:57,6,-83,34.0338783,-117.1107025,630.30,1.75,WIFI
78:76:89:33:B9:70,Aguilars Guest,[WPA2_PSK],2025-12-1 15:27:57,6,-84,34.0338783,-117.1107025,630.30,1.75,WIFI
78:76:89:2E:2D:CA,,[OPEN],2025-12-1 15:27:57,6,-85,34.0338783,-117.1107025,630.30,1.75,WIFI
78:76:89:33:B9:67,Aguilars,[WPA2_PSK],2025-12-1 15:27:57,6,-85,34.0338783,-117.1107025,630.30,1.75,WIFI
78:76:89:33:B9:6A,,[OPEN],2025-12-1 15:27:57,6,-86,34.0338783,-117.1107025,630.30,1.75,WIFI
78:76:89:33:B9:64,,[WPA3_PSK],2025-12-1 15:27:57,6,-87,34.0338783,-117.1107025,630.30,1.75,WIFI
78:76:89:2E:2D:C7,Aguilars,[WPA2_PSK],2025-12-1 15:27:57,6,-88,34.0338783,-117.1107025,630.30,1.75,WIFI
08:B4:B1:99:05:BC,Mesh,[WPA2_PSK],2025-12-1 15:27:57,6,-90,34.0338783,-117.1107025,630.30,1.75,WIFI
C6:A5:11:A4:71:B6,,[WPA2_PSK],2025-12-1 15:27:59,8,-93,34.0338745,-117.1103821,632.80,1.75,WIFI
2C:30:33:E2:62:A4,NETGEAR85,[WPA2_PSK],2025-12-1 15:28:1,10,-83,34.0338745,-117.1100998,635.40,1.75,WIFI
C4:A8:16:3F:D8:8B,,[OPEN],2025-12-1 15:28:2,11,-80,34.0338707,-117.1099548,636.10,1.75,WIFI
C4:A8:16:3F:D8:88,Dorado,[WPA2_PSK],2025-12-1 15:28:2,11,-80,34.0338707,-117.1099548,636.10,1.75,WIFI
C4:A8:16:3F:D8:85,,[WPA3_PSK],2025-12-1 15:28:2,11,-81,34.0338707,-117.1099548,636.10,1.75,WIFI
F0:B6:61:57:0C:44,,[WPA3_PSK],2025-12-1 15:28:2,11,-84,34.0338707,-117.1099548,636.10,1.75,WIFI
C0:3C:04:A9:40:5F,The Promised LAN,[WPA2_PSK],2025-12-1 15:28:2,11,-85,34.0338707,-117.1099548,636.10,1.75,WIFI
F0:B6:61:57:0C:4A,,[OPEN],2025-12-1 15:28:2,11,-86,34.0338707,-117.1099548,636.10,1.75,WIFI
F0:B6:61:57:0C:47,Dbacks,[WPA2_PSK],2025-12-1 15:28:2,11,-86,34.0338707,-117.1099548,636.10,1.75,WIFI
60:D5:61:1C:2C:24,,[WPA2_PSK],2025-12-1 15:28:4,13,-94,34.0338707,-117.1096802,636.00,1.75,WIFI
CC:40:D0:74:73:C8,ARLO_VMB_1578712496,[WPA2_PSK],2025-12-1 15:28:10,5,-89,34.0338707,-117.1089096,633.60,1.75,WIFI
F0:B6:61:05:24:87,eero,[WPA2_PSK],2025-12-1 15:28:11,6,-70,34.0338745,-117.1088257,632.80,1.75,WIFI
F0:B6:61:05:24:90,eero Guest,[WPA2_PSK],2025-12-1 15:28:11,6,-71,34.0338745,-117.1088257,632.80,1.75,WIFI
18:A9:ED:65:B2:06,Bella,[WPA2_PSK],2025-12-1 15:28:11,6,-82,34.0338745,-117.1088257,632.80,1.75,WIFI
00:26:F2:6C:C5:9E,NETGEAR,[OPEN],2025-12-1 15:28:11,6,-85,34.0338745,-117.1088257,632.80,1.75,WIFI
1A:59:C0:53:1C:76,ORBI43,[WPA2_PSK],2025-12-1 15:28:13,8,-82,34.0338707,-117.1086807,631.10,1.75,WIFI
60:83:E7:06:40:B6,,[WPA2_PSK],2025-12-1 15:28:15,10,-84,34.0338707,-117.1085892,630.00,1.75,WIFI
62:83:E7:26:40:B6,brockhome,[WPA2_PSK],2025-12-1 15:28:15,10,-86,34.0338707,-117.1085892,630.00,1.75,WIFI
F0:B6:61:5E:C1:0A,,[OPEN],2025-12-1 15:28:16,11,-84,34.0338707,-117.1085739,629.90,1.75,WIFI
F0:B6:61:5E:C1:07,lunabear,[WPA2_PSK],2025-12-1 15:28:16,11,-84,34.0338707,-117.1085739,629.90,1.75,WIFI
80:CC:9C:60:38:01,Rusty Compass Ranch,[WPA2_WPA3_PSK],2025-12-1 15:28:16,11,-88,34.0338707,-117.1085739,629.90,1.75,WIFI
4C:AB:F8:4C:3F:39,SpectrumSetup-67,[WPA2_PSK],2025-12-1 15:28:16,11,-88,34.0338707,-117.1085739,629.90,1.75,WIFI
80:CC:9C:60:16:01,Rusty Compass Ranch,[WPA2_WPA3_PSK],2025-12-1 15:28:16,11,-89,34.0338707,-117.1085739,629.90,1.75,WIFI
AC:F1:08:73:BF:67,AT_201_T1789EFH_F_bf67,[WPA2_PSK],2025-12-1 15:28:16,11,-91,34.0338707,-117.1085739,629.90,1.75,WIFI
F0:B6:61:B1:43:E7,MADERA30,[WPA2_PSK],2025-12-1 15:28:25,6,-79,34.0338745,-117.1077271,624.40,1.75,WIFI
F0:B6:61:B1:43:EA,,[OPEN],2025-12-1 15:28:25,6,-80,34.0338745,-117.1077271,624.40,1.75,WIFI
F0:B6:61:B1:43:F0,Madera-Guest,[WPA2_PSK],2025-12-1 15:28:25,6,-80,34.0338745,-117.1077271,624.40,1.75,WIFI
F0:B6:61:B1:43:E4,,[WPA3_PSK],2025-12-1 15:28:25,6,-81,34.0338745,-117.1077271,624.40,1.75,WIFI
3C:5C:F1:A6:A1:B4,ASE1206,[WPA2_PSK],2025-12-1 15:28:25,6,-86,34.0338745,-117.1077271,624.40,1.75,WIFI
D4:3F:32:F6:DA:03,,[WPA3_PSK],2025-12-1 15:28:25,6,-86,34.0338745,-117.1077271,624.40,1.75,WIFI
D4:3F:32:F6:DA:09,,[OPEN],2025-12-1 15:28:25,6,-88,34.0338745,-117.1077271,624.40,1.75,WIFI
D4:3F:32:F6:DA:06,Myfrontier200,[WPA2_WPA3_PSK],2025-12-1 15:28:25,6,-88,34.0338745,-117.1077271,624.40,1.75,WIFI
58:96:71:08:B3:B6,Verizon_TW934J,[WPA2_PSK],2025-12-1 15:28:30,11,-73,34.0338707,-117.1068268,624.40,1.75,WIFI
42:37:86:24:EB:99,ORBI96,[WPA2_PSK],2025-12-1 15:28:30,11,-82,34.0338707,-117.1068268,624.40,1.75,WIFI
94:18:65:31:D8:C6,I Believe Wi can Fi,[WPA2_PSK],2025-12-1 15:28:30,11,-84,34.0338707,-117.1068268,624.40,1.75,WIFI
44:94:FC:36:8C:D9,bubbadog,[WPA2_PSK],2025-12-1 15:28:30,11,-84,34.0338707,-117.1068268,624.40,1.75,WIFI
FC:3D:73:64:CF:46,NETGEAR72,[WPA2_PSK],2025-12-1 15:28:30,11,-85,34.0338707,-117.1068268,624.40,1.75,WIFI
F4:52:46:80:4E:D2,Vasquez family 888,[WPA2_PSK],2025-12-1 15:28:30,11,-85,34.0338707,-117.1068268,624.40,1.75,WIFI
F8:B9:5A:EB:BA:D8,AT_301_WLSGL6335F_bad8,[WPA2_PSK],2025-12-1 15:28:30,11,-86,34.0338707,-117.1068268,624.40,1.75,WIFI
80:78:71:B1:36:5B,SpectrumSetup-5D,[WPA2_PSK],2025-12-1 15:28:33,1,-79,34.0338783,-117.1063385,626.40,1.75,WIFI
68:72:51:30:58:3E,,[WPA2_PSK],2025-12-1 15:28:33,1,-84,34.0338783,-117.1063385,626.40,1.75,WIFI
22:D3:CF:69:9B:E3,,[WPA2_PSK],2025-12-1 15:28:33,1,-87,34.0338783,-117.1063385,626.40,1.75,WIFI
90:D3:CF:69:9B:E3,Chrono FC,[WPA2_PSK],2025-12-1 15:28:33,1,-89,34.0338783,-117.1063385,626.40,1.75,WIFI
12:D3:CF:69:9B:E3,,[WPA2_PSK],2025-12-1 15:28:33,1,-89,34.0338783,-117.1063385,626.40,1.75,WIFI
16:7F:67:0D:16:12,,[WPA2_PSK],2025-12-1 15:28:33,1,-89,34.0338783,-117.1063385,626.40,1.75,WIFI
64:DA:ED:00:FD:C5,Berryfarm,[WPA2_PSK],2025-12-1 15:28:39,6,-71,34.0338783,-117.1054382,622.70,1.75,WIFI
64:DA:ED:00:FD:C7,,[OPEN],2025-12-1 15:28:39,6,-74,34.0338783,-117.1054382,622.70,1.75,WIFI
64:DA:ED:00:FD:C3,,[WPA3_PSK],2025-12-1 15:28:39,6,-75,34.0338783,-117.1054382,622.70,1.75,WIFI
F0:B6:61:10:C1:47,Berryfarm,[WPA2_PSK],2025-12-1 15:28:39,6,-76,34.0338783,-117.1054382,622.70,1.75,WIFI
04:09:86:0A:13:FB,Verizon_TCB94R,[WPA2_PSK],2025-12-1 15:28:39,6,-80,34.0338783,-117.1054382,622.70,1.75,WIFI
14:59:C0:87:55:CF,NETGEAR21,[WPA2_PSK],2025-12-1 15:28:43,10,-78,34.0338783,-117.1048203,620.50,1.75,WIFI
20:3A:0C:C7:01:83,,[WPA3_PSK],2025-12-1 15:28:44,11,-86,34.0338783,-117.1046753,620.10,1.75,WIFI
D8:0F:99:B2:2E:04,Home,[WPA2_PSK],2025-12-1 15:28:47,1,-72,34.0338783,-117.1042175,619.20,1.75,WIFI
14:7D:05:8F:3E:AF,SpectrumSetup-AD,[WPA2_PSK],2025-12-1 15:28:47,1,-75,34.0338783,-117.1042175,619.20,1.75,WIFI
7C:4D:8F:D0:B8:8A,DIRECT-89-HP DeskJet 4100 series,[WPA2_PSK],2025-12-1 15:28:47,1,-81,34.0338783,-117.1042175,619.20,1.75,WIFI
86:EA:ED:87:A5:E6,,[WPA2_PSK],2025-12-1 15:28:47,1,-88,34.0338783,-117.1042175,619.20,1.75,WIFI
BC:96:E5:7E:13:06,OrElseBraswells,[WPA2_PSK],2025-12-1 15:28:47,1,-95,34.0338783,-117.1042175,619.20,1.75,WIFI
88:6A:E3:81:DB:74,tl81db74,[WPA2_PSK],2025-12-1 15:28:54,6,-70,34.0338707,-117.1033478,617.30,1.75,WIFI
44:AD:B1:83:4E:3E,SpectrumSetup-38,[WPA2_PSK],2025-12-1 15:28:54,6,-80,34.0338707,-117.1033478,617.30,1.75,WIFI
60:F4:19:35:25:C9,,[OPEN],2025-12-1 15:28:59,11,-81,34.0338440,-117.1031418,617.00,1.75,WIFI
60:F4:19:35:25:C3,,[WPA3_PSK],2025-12-1 15:28:59,11,-83,34.0338440,-117.1031418,617.00,1.75,WIFI
60:F4:19:35:25:C6,zodiac,[WPA2_PSK],2025-12-1 15:28:59,11,-83,34.0338440,-117.1031418,617.00,1.75,WIFI
80:CC:9C:3D:0A:97,IDEXXw1,[WPA2_PSK],2025-12-1 15:29:2,1,-87,34.0337257,-117.1030807,615.40,1.75,WIFI
10:0C:6B:D8:67:C3,Zoetis-100c6bd867c1,[WPA2_PSK],2025-12-1 15:29:8,6,-80,34.0333023,-117.1030731,611.20,1.75,WIFI
C8:63:FC:42:7B:7D,MySpectrumWiFi7C-2G,[WPA2_PSK],2025-12-1 15:29:8,6,-81,34.0333023,-117.1030731,611.20,1.75,WIFI
C0:06:C3:C8:40:33,Let's Go Brandon,[WPA2_PSK],2025-12-1 15:29:12,10,-88,34.0332146,-117.1030807,610.20,1.75,WIFI
92:06:C3:C8:40:35,,[WPA2_PSK],2025-12-1 15:29:12,10,-88,34.0332146,-117.1030807,610.20,1.75,WIFI
18:A5:FF:62:77:22,TMOBILE-7720,[WPA2_WPA3_PSK],2025-12-1 15:29:12,10,-93,34.0332146,-117.1030807,610.20,1.75,WIFI
90:D3:CF:E2:CC:AD,SpectrumSetup-CCB0,[WPA2_PSK],2025-12-1 15:29:13,11,-71,34.0332069,-117.1030807,610.00,1.75,WIFI
A0:8E:24:7B:6E:C5,Nala,[WPA2_PSK],2025-12-1 15:29:13,11,-86,34.0332069,-117.1030807,610.00,1.75,WIFI
7A:45:58:98:D6:98,YAHD,[WPA2_PSK],2025-12-1 15:29:13,11,-87,34.0332069,-117.1030807,610.00,1.75,WIFI
7A:45:58:A8:D6:98,,[WPA2_PSK],2025-12-1 15:29:13,11,-88,34.0332069,-117.1030807,610.00,1.75,WIFI
86:EA:ED:9A:16:5F,,[WPA2_PSK],2025-12-1 15:29:13,11,-89,34.0332069,-117.1030807,610.00,1.75,WIFI
FA:25:FE:5C:48:1B,myChevrolet1631,[WPA2_PSK],2025-12-1 15:29:16,1,-72,34.0331879,-117.1030807,609.60,1.75,WIFI
A0:EE:EE:08:96:A0,,[WPA_WPA2_PSK],2025-12-1 15:29:16,1,-80,34.0331879,-117.1030807,609.60,1.75,WIFI
88:DE:7C:C7:0B:AD,SpectrumSetup-AF,[WPA2_PSK],2025-12-1 15:29:16,1,-88,34.0331879,-117.1030807,609.60,1.75,WIFI
C2:8B:A3:55:4A:43,SecurCare,[WPA_WPA2_PSK],2025-12-1 15:29:16,1,-91,34.0331879,-117.1030807,609.60,1.75,WIFI
80:3F:5D:85:96:EC,WAVLINK-AX_96EA,[WPA2_PSK],2025-12-1 15:29:19,3,-88,34.0331650,-117.1030807,608.90,1.75,WIFI
CC:40:D0:93:33:2D,NIGHTHAWK,[WPA2_PSK],2025-12-1 15:29:20,4,-87,34.0331268,-117.1030807,608.00,1.75,WIFI
80:3F:5D:44:17:61,WAVELINK HOUSE,[WPA2_PSK],2025-12-1 15:29:20,4,-90,34.0331268,-117.1030807,608.00,1.75,WIFI
14:85:54:32:84:D7,REDTIGER_F9_cfb6,[WPA_WPA2_PSK],2025-12-1 15:29:21,5,-79,34.0330925,-117.1030807,607.50,1.75,WIFI
A4:11:62:4D:2E:64,NTGR_VMB_9771899095,[WPA2_PSK],2025-12-1 15:29:22,6,-85,34.0330544,-117.1030731,607.10,1.75,WIFI
CA:4E:FC:67:4B:E4,SpectrumSetup-E3,[WPA2_PSK],2025-12-1 15:29:22,6,-88,34.0330544,-117.1030731,607.10,1.75,WIFI
02:17:1A:D2:FA:4E,,[WPA2_PSK],2025-12-1 15:29:22,6,-90,34.0330544,-117.1030731,607.10,1.75,WIFI
34:DB:9C:7F:1A:76,SandovalWiFi,[WPA2_PSK],2025-12-1 15:29:22,6,-91,34.0330544,-117.1030731,607.10,1.75,WIFI
9E:2A:6F:2A:79:2E,Attack on WiFi,[WPA2_PSK],2025-12-1 15:29:22,6,-94,34.0330544,-117.1030731,607.10,1.75,WIFI
34:19:4D:AE:13:20,cindyshotspot,[WPA2_WPA3_PSK],2025-12-1 15:29:27,11,-89,34.0330467,-117.1027985,606.70,1.75,WIFI
2C:67:BE:09:6A:3B,SpectrumSetup-6A37,[WPA2_PSK],2025-12-1 15:29:27,11,-94,34.0330467,-117.1027985,606.70,1.75,WIFI
F0:7B:65:EB:F5:FF,SpectrumSetup-F5F9,[WPA2_PSK],2025-12-1 15:29:27,11,-96,34.0330467,-117.1027985,606.70,1.75,WIFI
4C:19:5D:3C:EF:34,SpectrumSetup-2E,[WPA2_PSK],2025-12-1 15:29:30,1,-87,34.0331993,-117.1025009,606.90,1.75,WIFI
12:E8:A7:4A:33:89,myGMC 3389,[WPA2_PSK],2025-12-1 15:29:30,1,-88,34.0331993,-117.1025009,606.90,1.75,WIFI
7A:45:58:96:3E:9E,YAHD,[WPA2_PSK],2025-12-1 15:29:30,1,-89,34.0331993,-117.1025009,606.90,1.75,WIFI
70:7D:A1:6A:B0:76,ATT5G7uKJm,[WPA2_PSK],2025-12-1 15:29:30,1,-91,34.0331993,-117.1025009,606.90,1.75,WIFI
A0:8A:06:53:93:05,SpectrumSetup-9308,[WPA2_PSK],2025-12-1 15:29:30,1,-92,34.0331993,-117.1025009,606.90,1.75,WIFI
74:37:5F:9F:CE:27,SpectrumSetup-25,[WPA2_PSK],2025-12-1 15:29:30,1,-93,34.0331993,-117.1025009,606.90,1.75,WIFI
7C:DB:98:E7:DC:15,MySpectrumWiFi17-2G,[WPA2_PSK],2025-12-1 15:29:36,6,-62,34.0335999,-117.1016006,606.00,1.75,WIFI
DA:80:83:51:39:D2,DIRECT-d2-HP M235 LaserJet,[WPA2_PSK],2025-12-1 15:29:36,6,-83,34.0335999,-117.1016006,606.00,1.75,WIFI
2C:EA:DC:3A:92:11,SpectrumSetup-13,[WPA2_PSK],2025-12-1 15:29:36,6,-84,34.0335999,-117.1016006,606.00,1.75,WIFI
9E:EA:DC:3A:92:11,,[WPA2_PSK],2025-12-1 15:29:36,6,-84,34.0335999,-117.1016006,606.00,1.75,WIFI
AE:EA:DC:3A:92:11,,[WPA2_PSK],2025-12-1 15:29:36,6,-86,34.0335999,-117.1016006,606.00,1.75,WIFI
74:97:8E:01:A7:6A,Helium,[WPA2],2025-12-1 15:29:36,6,-87,34.0335999,-117.1016006,606.00,1.75,WIFI
12:59:32:3A:DD:A0,,[WPA2_PSK],2025-12-1 15:29:36,6,-90,34.0335999,-117.1016006,606.00,1.75,WIFI
DC:92:72:E5:19:1F,Frontier0030,[WPA2_PSK],2025-12-1 15:29:36,6,-91,34.0335999,-117.1016006,606.00,1.75,WIFI
40:32:9D:0D:83:07,,[WPA2_PSK],2025-12-1 15:29:42,13,-92,34.0338364,-117.1004333,607.90,1.75,WIFI
A0:89:66:8D:FD:C0,,[WPA_WPA2_PSK],2025-12-1 15:29:44,1,-82,34.0338478,-117.1000214,607.90,1.75,WIFI
38:17:B1:55:29:6E,PiojoCanelo2022,[WPA2_PSK],2025-12-1 15:29:44,1,-84,34.0338478,-117.1000214,607.90,1.75,WIFI
2C:58:4F:18:42:F0,Frontier4256,[WPA2_PSK],2025-12-1 15:29:44,1,-88,34.0338478,-117.1000214,607.90,1.75,WIFI
2E:58:4F:18:42:F1,Exit,[WPA2_PSK],2025-12-1 15:29:44,1,-89,34.0338478,-117.1000214,607.90,1.75,WIFI
B8:80:4F:5E:85:5C,Ring Setup 5b,[OPEN],2025-12-1 15:29:44,1,-92,34.0338478,-117.1000214,607.90,1.75,WIFI
5C:E9:31:7A:D1:D4,This Bro tho,[WPA2_PSK],2025-12-1 15:29:47,3,-85,34.0338516,-117.0994034,607.70,1.75,WIFI
5E:E9:31:2A:D1:D4,,[WPA_WPA2_PSK],2025-12-1 15:29:47,3,-87,34.0338516,-117.0994034,607.70,1.75,WIFI
80:3F:5D:FF:7E:0E,WAVLINK-N,[WPA_WPA2_PSK],2025-12-1 15:29:47,3,-92,34.0338516,-117.0994034,607.70,1.75,WIFI
5C:E2:8C:9D:14:70,,[WPA2_PSK],2025-12-1 15:29:50,6,-69,34.0338554,-117.0987701,606.80,1.75,WIFI
A4:11:62:A7:01:D8,ARLO_VMB_1331349137,[WPA2_PSK],2025-12-1 15:29:55,11,-61,34.0338554,-117.0976791,606.70,1.75,WIFI
00:C8:96:D1:23:7A,,[WPA_WPA2_PSK],2025-12-1 15:29:55,11,-61,34.0338554,-117.0976791,606.70,1.75,WIFI
24:F2:7F:04:BE:00,hs-net,[WPA2],2025-12-1 15:29:58,1,-90,34.0338554,-117.0970230,607.10,1.75,WIFI
F8:AA:3F:D3:6E:9B,SpectrumSetup-99,[WPA2_PSK],2025-12-1 15:29:58,1,-91,34.0338554,-117.0970230,607.10,1.75,WIFI
F0:81:75:F7:AA:CE,Diaz,[WPA2_PSK],2025-12-1 15:29:58,1,-92,34.0338554,-117.0970230,607.10,1.75,WIFI
E8:AD:A6:64:42:D6,MySpectrumWiFid0-2G,[WPA2_PSK],2025-12-1 15:30:4,6,-74,34.0338593,-117.0957870,608.80,1.75,WIFI
F4:52:46:FB:B0:28,SpectrumSetup-A9,[WPA2_PSK],2025-12-1 15:30:4,6,-75,34.0338593,-117.0957870,608.80,1.75,WIFI
00:25:42:E5:EA:CC,Blackvue750XPlus-E5EACC,[WPA2_PSK],2025-12-1 15:30:4,6,-76,34.0338593,-117.0957870,608.80,1.75,WIFI
54:F0:B1:1C:A5:A4,Install-Profile,[WPA_WPA2_PSK],2025-12-1 15:30:4,6,-89,34.0338593,-117.0957870,608.80,1.75,WIFI
86:7A:B6:4B:D7:F4,WIFIBRG001242062f37IPC247,[WPA2_PSK],2025-12-1 15:30:7,9,-90,34.0338631,-117.0951538,610.00,1.75,WIFI
00:30:44:B7:7E:E4,R980-ee3,[WPA2_PSK],2025-12-1 15:30:9,11,-71,34.0338631,-117.0947266,610.60,1.75,WIFI
FC:12:63:F3:A3:79,SpectrumSetup-7B,[WPA2_PSK],2025-12-1 15:30:9,11,-73,34.0338631,-117.0947266,610.60,1.75,WIFI
F8:08:4F:D0:D1:66,MySpectrumWiFi60-2G,[WPA2_PSK],2025-12-1 15:30:9,11,-84,34.0338631,-117.0947266,610.60,1.75,WIFI
64:67:72:6F:EC:CF,SpectrumSetup-CD,[WPA2_PSK],2025-12-1 15:30:12,1,-65,34.0338631,-117.0940933,611.20,1.75,WIFI
36:94:54:93:C4:86,PCL9D7J01F,[WPA_WPA2_PSK],2025-12-1 15:30:12,1,-77,34.0338631,-117.0940933,611.20,1.75,WIFI
36:94:54:93:4D:D8,PCL9D7J008,[WPA_WPA2_PSK],2025-12-1 15:30:12,1,-83,34.0338631,-117.0940933,611.20,1.75,WIFI
36:94:54:93:C5:9C,PCL9D7J04F,[WPA_WPA2_PSK],2025-12-1 15:30:12,1,-85,34.0338631,-117.0940933,611.20,1.75,WIFI
36:94:54:93:C8:FD,PCL9D7J02Y,[WPA_WPA2_PSK],2025-12-1 15:30:12,1,-85,34.0338631,-117.0940933,611.20,1.75,WIFI
8C:86:DD:AB:62:8A,house,[WPA2_PSK],2025-12-1 15:30:14,2,-85,34.0338631,-117.0936966,611.50,1.75,WIFI
92:86:DD:AB:62:8A,,[WPA2_PSK],2025-12-1 15:30:14,2,-85,34.0338631,-117.0936966,611.50,1.75,WIFI
8C:86:DD:AB:7B:6E,house,[WPA2_PSK],2025-12-1 15:30:14,2,-89,34.0338631,-117.0936966,611.50,1.75,WIFI
00:31:92:42:60:BE,MammaTs House,[WPA2_PSK],2025-12-1 15:30:16,4,-91,34.0338669,-117.0933075,611.80,1.75,WIFI
F4:52:46:AD:43:79,SpectrumSetup-7B,[WPA2_PSK],2025-12-1 15:30:18,6,-60,34.0338669,-117.0929184,612.00,1.75,WIFI
9C:2A:70:22:0B:FB,HP-Print-fb-LaserJet 200,[OPEN],2025-12-1 15:30:18,6,-76,34.0338669,-117.0929184,612.00,1.75,WIFI
9C:3D:CF:8E:7F:0A,PolarBearExpress,[WPA2_PSK],2025-12-1 15:30:18,6,-76,34.0338669,-117.0929184,612.00,1.75,WIFI
32:B4:B8:9C:8A:D6,My VW 9902,[WPA2_PSK],2025-12-1 15:30:18,6,-91,34.0338669,-117.0929184,612.00,1.75,WIFI
AA:DA:C4:82:C3:11,,[WPA2_PSK],2025-12-1 15:30:22,10,-68,34.0338707,-117.0922546,613.00,1.75,WIFI
98:DA:C4:82:C3:11,TP-Link_C311,[WPA2_PSK],2025-12-1 15:30:22,10,-71,34.0338707,-117.0922546,613.00,1.75,WIFI
AA:17:C8:03:82:84,Dutch Vibes,[WPA2_PSK],2025-12-1 15:30:23,11,-85,34.0338707,-117.0921021,613.20,1.75,WIFI
92:17:C8:03:82:84,,[WPA2_PSK],2025-12-1 15:30:23,11,-85,34.0338707,-117.0921021,613.20,1.75,WIFI
9E:18:88:C7:39:EA,Dutch Vibes,[WPA2_PSK],2025-12-1 15:30:26,1,-51,34.0338707,-117.0917206,613.80,1.75,WIFI
A6:18:88:C7:39:EA,,[WPA2_PSK],2025-12-1 15:30:26,1,-51,34.0338707,-117.0917206,613.80,1.75,WIFI
98:18:88:C7:39:EA,DB Internal,[WPA2_PSK],2025-12-1 15:30:26,1,-52,34.0338707,-117.0917206,613.80,1.75,WIFI
8C:86:DD:AB:62:8E,house,[WPA2_PSK],2025-12-1 15:30:28,2,-84,34.0338707,-117.0915375,614.10,1.75,WIFI
64:09:AC:2B:53:EA,HH41NH_53EA,[WPA_WPA2_PSK],2025-12-1 15:30:29,3,-76,34.0338707,-117.0914612,614.10,1.75,WIFI
06:31:92:42:6C:FA,,[WPA2_PSK],2025-12-1 15:30:30,4,-86,34.0338707,-117.0913925,614.20,1.75,WIFI
00:31:92:42:6C:FA,MammaTs House,[WPA2_PSK],2025-12-1 15:30:30,4,-87,34.0338707,-117.0913925,614.20,1.75,WIFI
00:31:92:42:35:9E,MammaTs House,[WPA2_PSK],2025-12-1 15:30:30,4,-90,34.0338707,-117.0913925,614.20,1.75,WIFI
AC:DF:9F:42:10:70,monkeyturds,[WPA2_WPA3_PSK],2025-12-1 15:30:31,5,-77,34.0338707,-117.0913162,614.30,1.75,WIFI
00:30:44:68:97:DE,R1900-7dd,[WPA2_PSK],2025-12-1 15:30:32,6,-60,34.0338707,-117.0912399,614.30,1.75,WIFI
4C:19:5D:0C:E7:72,SpectrumSetup-6C,[WPA2_PSK],2025-12-1 15:30:32,6,-77,34.0338707,-117.0912399,614.30,1.75,WIFI
A4:97:33:B4:F3:ED,SpectrumSetup-EF,[WPA2_PSK],2025-12-1 15:30:32,6,-87,34.0338707,-117.0912399,614.30,1.75,WIFI
4A:E2:44:AC:00:07,DIRECT-07-HP M277 LaserJet,[WPA2_PSK],2025-12-1 15:30:32,6,-88,34.0338707,-117.0912399,614.30,1.75,WIFI
E8:9C:25:56:CA:40,THE GOAT,[WPA2_PSK],2025-12-1 15:30:36,10,-84,34.0338669,-117.0907898,615.10,1.75,WIFI
FA:92:BF:5A:AB:E2,,[WPA2_PSK],2025-12-1 15:30:37,11,-65,34.0338707,-117.0906677,615.20,1.75,WIFI
F4:92:BF:5A:AB:E2,FBORDERING_IoT,[WPA2_PSK],2025-12-1 15:30:37,11,-66,34.0338707,-117.0906677,615.20,1.75,WIFI
A0:8A:06:8F:99:35,SpectrumSetup-9938,[WPA2_PSK],2025-12-1 15:30:37,11,-73,34.0338707,-117.0906677,615.20,1.75,WIFI
4C:22:F3:39:D1:FB,Verizon_7T9S3V,[WPA2_PSK],2025-12-1 15:30:37,11,-77,34.0338707,-117.0906677,615.20,1.75,WIFI
D8:B3:70:BD:FD:AA,FBORDERING_IoT,[WPA2_PSK],2025-12-1 15:30:37,11,-79,34.0338707,-117.0906677,615.20,1.75,WIFI
DE:B3:70:BD:FD:AA,,[WPA2_PSK],2025-12-1 15:30:37,11,-79,34.0338707,-117.0906677,615.20,1.75,WIFI
F8:2D:C0:DE:F6:28,FiOS-J3PAK,[WPA2_PSK],2025-12-1 15:30:37,11,-83,34.0338707,-117.0906677,615.20,1.75,WIFI
AC:17:C8:03:82:84,DB Internal,[WPA2_PSK],2025-12-1 15:30:37,11,-83,34.0338707,-117.0906677,615.20,1.75,WIFI
7E:78:B2:68:6B:19,,[WPA_WPA2_PSK],2025-12-1 15:30:37,11,-84,34.0338707,-117.0906677,615.20,1.75,WIFI
44:D4:53:83:DC:6E,SpectrumSetup-68,[WPA2_PSK],2025-12-1 15:30:37,11,-95,34.0338707,-117.0906677,615.20,1.75,WIFI
14:7D:05:4E:6A:83,SpectrumSetup-81,[WPA2_PSK],2025-12-1 15:30:38,1,-68,34.0338707,-117.0905304,615.30,1.75,WIFI
90:E9:5E:DD:8C:E1,Vendor,[WPA2_PSK],2025-12-1 15:30:46,6,-74,34.0338707,-117.0891342,617.40,1.75,WIFI
90:E9:5E:DD:8C:E7,YCJUSD-Open2.4GHz,[OPEN],2025-12-1 15:30:46,6,-74,34.0338707,-117.0891342,617.40,1.75,WIFI
90:E9:5E:DD:8C:E5,SATOctober,[WPA2_PSK],2025-12-1 15:30:46,6,-75,34.0338707,-117.0891342,617.40,1.75,WIFI
90:E9:5E:DD:8C:E3,,[WPA2_PSK],2025-12-1 15:30:46,6,-75,34.0338707,-117.0891342,617.40,1.75,WIFI
90:E9:5E:DD:8C:E4,YHS-2.4GHz,[WPA2_PSK],2025-12-1 15:30:46,6,-79,34.0338707,-117.0891342,617.40,1.75,WIFI
90:E9:5E:DD:8C:E2,YHSStore,[WPA2_PSK],2025-12-1 15:30:46,6,-80,34.0338707,-117.0891342,617.40,1.75,WIFI
2C:EA:DC:DB:EC:D1,SpectrumSetup-D3,[WPA2_PSK],2025-12-1 15:30:46,6,-82,34.0338707,-117.0891342,617.40,1.75,WIFI
04:F0:21:66:0B:46,,[WPA2_PSK],2025-12-1 15:30:46,6,-84,34.0338707,-117.0891342,617.40,1.75,WIFI
74:37:5F:A7:2B:8F,Pdawg,[WPA2_PSK],2025-12-1 15:30:46,6,-86,34.0338707,-117.0891342,617.40,1.75,WIFI
E6:E2:CD:7D:58:7F,CHEVROLET5862,[WPA2_WPA3_PSK],2025-12-1 15:30:46,6,-94,34.0338707,-117.0891342,617.40,1.75,WIFI
04:17:B6:E9:9A:21,,[WPA_WPA2_PSK],2025-12-1 15:30:49,9,-91,34.0338669,-117.0885773,618.90,1.75,WIFI
5A:E4:03:32:5A:D6,myCadillac 5ad6,[WPA2_PSK],2025-12-1 15:30:51,11,-84,34.0338669,-117.0882263,619.90,1.75,WIFI
F8:5B:3B:F9:9B:A9,SpectrumSetup-AB,[WPA2_PSK],2025-12-1 15:30:51,11,-84,34.0338669,-117.0882263,619.90,1.75,WIFI
34:53:D2:C1:68:A2,SpectrumSetup-9C,[WPA2_PSK],2025-12-1 15:30:51,11,-88,34.0338669,-117.0882263,619.90,1.75,WIFI
E4:5E:1B:E0:3F:6A,Nest Wi-fi,[WPA2_WPA3_PSK],2025-12-1 15:30:51,11,-89,34.0338669,-117.0882263,619.90,1.75,WIFI
FC:12:63:C5:0C:37,FulfilledCoffee,[WPA2_PSK],2025-12-1 15:30:51,11,-91,34.0338669,-117.0882263,619.90,1.75,WIFI
AC:91:9B:BB:C8:80,Verizon_YV9LM9,[WPA2_PSK],2025-12-1 15:30:51,11,-93,34.0338669,-117.0882263,619.90,1.75,WIFI
00:C8:96:2C:28:64,,[WPA_WPA2_PSK],2025-12-1 15:30:53,1,-78,34.0338707,-117.0879211,621.00,1.75,WIFI
B0:4E:26:48:A6:51,cbkt,[WPA2_PSK],2025-12-1 15:30:53,1,-79,34.0338707,-117.0879211,621.00,1.75,WIFI
28:6B:B4:01:2B:11,[fridge]_E30AJT5123731J,[WPA2_PSK],2025-12-1 15:30:53,1,-89,34.0338707,-117.0879211,621.00,1.75,WIFI
20:3A:0C:6C:E2:89,,[OPEN],2025-12-1 15:31:0,6,-50,34.0338783,-117.0871048,623.30,1.75,WIFI
20:3A:0C:6C:E2:83,,[WPA3_PSK],2025-12-1 15:31:0,6,-51,34.0338783,-117.0871048,623.30,1.75,WIFI
20:3A:0C:6C:E2:86,Ark1,[WPA2_PSK],2025-12-1 15:31:0,6,-51,34.0338783,-117.0871048,623.30,1.75,WIFI
20:3A:0C:6C:E2:8F,Ark1 Guest,[OPEN],2025-12-1 15:31:0,6,-51,34.0338783,-117.0871048,623.30,1.75,WIFI
48:BA:4E:7F:21:0A,DIRECT-07-HP OfficeJet Pro 8710,[WPA2_PSK],2025-12-1 15:31:0,6,-73,34.0338783,-117.0871048,623.30,1.75,WIFI
56:AB:82:CD:6B:53,SpectrumSetup-52,[WPA2_PSK],2025-12-1 15:31:0,6,-89,34.0338783,-117.0871048,623.30,1.75,WIFI
04:F0:21:19:97:62,,[WPA2_PSK],2025-12-1 15:31:5,11,-74,34.0338745,-117.0864410,624.90,1.75,WIFI
C8:28:E5:3D:E8:A3,,[WPA2_PSK],2025-12-1 15:31:5,11,-83,34.0338745,-117.0864410,624.90,1.75,WIFI
C8:28:E5:3D:E8:A4,YHS-2.4GHz,[WPA2_PSK],2025-12-1 15:31:5,11,-84,34.0338745,-117.0864410,624.90,1.75,WIFI
74:37:5F:F9:B0:19,SpectrumSetup-17,[WPA2_PSK],2025-12-1 15:31:5,11,-85,34.0338745,-117.0864410,624.90,1.75,WIFI
C8:28:E5:3D:E8:A7,YCJUSD-Open2.4GHz,[OPEN],2025-12-1 15:31:5,11,-86,34.0338745,-117.0864410,624.90,1.75,WIFI
C8:28:E5:3D:E8:A5,SATOctober,[WPA2_PSK],2025-12-1 15:31:5,11,-87,34.0338745,-117.0864410,624.90,1.75,WIFI
EC:58:EA:EA:9F:E3,Configure.Me-2A9FE0,[WPA2_PSK],2025-12-1 15:31:5,11,-88,34.0338745,-117.0864410,624.90,1.75,WIFI
24:16:1B:A9:78:C5,YHS-2.4GHz,[WPA2_PSK],2025-12-1 15:31:5,11,-90,34.0338745,-117.0864410,624.90,1.75,WIFI
84:A0:6E:C6:C4:76,MySpectrumWiFi70-2G,[WPA2_PSK],2025-12-1 15:31:8,1,-75,34.0338783,-117.0859604,625.60,1.75,WIFI
4C:19:5D:58:59:F9,mynetwork133,[WPA2_PSK],2025-12-1 15:31:8,1,-79,34.0338783,-117.0859604,625.60,1.75,WIFI
D0:68:27:F4:B0:86,wagongallon736,[WPA2_PSK],2025-12-1 15:31:14,6,-70,34.0338745,-117.0848846,628.50,1.75,WIFI
D0:68:27:F4:B0:83,,[WPA3_PSK],2025-12-1 15:31:14,6,-71,34.0338745,-117.0848846,628.50,1.75,WIFI
D0:68:27:F4:B0:8F,wagongallon736 Guest,[OPEN],2025-12-1 15:31:14,6,-72,34.0338745,-117.0848846,628.50,1.75,WIFI
D0:68:27:F4:B0:89,,[OPEN],2025-12-1 15:31:14,6,-73,34.0338745,-117.0848846,628.50,1.75,WIFI
88:DE:7C:28:D9:21,SpectrumSetup-23,[WPA2_PSK],2025-12-1 15:31:14,6,-75,34.0338745,-117.0848846,628.50,1.75,WIFI
D0:6D:C9:2D:C7:06,Frontier0936,[WPA2_PSK],2025-12-1 15:31:14,6,-81,34.0338745,-117.0848846,628.50,1.75,WIFI
28:C6:8E:C7:51:D1,319435NL03D85,[WPA2_PSK],2025-12-1 15:31:14,6,-84,34.0338745,-117.0848846,628.50,1.75,WIFI
94:3C:96:F6:B0:66,Frontier0038,[WPA2_PSK],2025-12-1 15:31:14,6,-85,34.0338745,-117.0848846,628.50,1.75,WIFI
24:16:1B:A9:97:44,SATOctober,[WPA2_PSK],2025-12-1 15:31:14,6,-94,34.0338745,-117.0848846,628.50,1.75,WIFI
10:0C:6B:E2:B0:3A,ORBI80,[WPA2_PSK],2025-12-1 15:31:17,9,-66,34.0338707,-117.0843124,630.00,1.75,WIFI
16:0C:6B:E2:B0:3A,,[WPA2_PSK],2025-12-1 15:31:17,9,-69,34.0338707,-117.0843124,630.00,1.75,WIFI
16:0C:6B:F1:AE:52,ORBI80,[WPA2_PSK],2025-12-1 15:31:17,9,-78,34.0338707,-117.0843124,630.00,1.75,WIFI
16:0C:6B:F1:B4:0A,ORBI80,[WPA2_PSK],2025-12-1 15:31:17,9,-78,34.0338707,-117.0843124,630.00,1.75,WIFI
10:0C:6B:F1:AE:52,,[WPA2_PSK],2025-12-1 15:31:17,9,-79,34.0338707,-117.0843124,630.00,1.75,WIFI
84:A0:6E:C8:F6:D6,Yuca Boba Guest,[WPA2_PSK],2025-12-1 15:31:19,11,-74,34.0338707,-117.0839157,631.10,1.75,WIFI
DC:92:72:E4:18:AF,Frontier0543,[WPA2_PSK],2025-12-1 15:31:19,11,-83,34.0338707,-117.0839157,631.10,1.75,WIFI
74:37:5F:8F:29:77,SpectrumSetup-75,[WPA2_PSK],2025-12-1 15:31:22,1,-57,34.0338707,-117.0832977,632.20,1.75,WIFI
10:56:CA:D5:B0:E9,,[WPA3_PSK],2025-12-1 15:31:22,1,-71,34.0338707,-117.0832977,632.20,1.75,WIFI
C6:8E:61:2D:40:49,Ima$tar,[WPA2_PSK],2025-12-1 15:31:22,1,-73,34.0338707,-117.0832977,632.20,1.75,WIFI
F8:08:4F:D2:43:F6,MySpectrumWiFif0-2G,[WPA2_PSK],2025-12-1 15:31:22,1,-77,34.0338707,-117.0832977,632.20,1.75,WIFI
98:C8:54:A6:95:DD,Verizon_P7RT3M,[WPA2_PSK],2025-12-1 15:31:22,1,-81,34.0338707,-117.0832977,632.20,1.75,WIFI
58:CB:52:B6:A7:B7,pizzaislife,[WPA2_PSK],2025-12-1 15:31:22,1,-87,34.0338707,-117.0832977,632.20,1.75,WIFI
34:C8:D6:14:91:B9,,[WPA2_PSK],2025-12-1 15:31:24,2,-75,34.0338707,-117.0828705,633.80,1.75,WIFI
10:0C:6B:0C:60:27,Valdez666,[WPA2_PSK],2025-12-1 15:31:26,4,-87,34.0338707,-117.0824432,634.80,1.75,WIFI
48:F8:B3:F1:AD:EC,Linksys15342,[WPA2_PSK],2025-12-1 15:31:27,5,-94,34.0338707,-117.0822220,635.30,1.75,WIFI
88:DE:7C:ED:44:5C,SpectrumSetup-5E,[WPA2_PSK],2025-12-1 15:31:28,6,-61,34.0338707,-117.0820160,635.70,1.75,WIFI
F6:E2:C6:92:C5:16,CS 2g,[WPA2_PSK],2025-12-1 15:31:28,6,-79,34.0338707,-117.0820160,635.70,1.75,WIFI
B2:8B:A9:4E:8A:8A,CS 2g,[WPA2_PSK],2025-12-1 15:31:28,6,-80,34.0338707,-117.0820160,635.70,1.75,WIFI
B6:8B:A9:4E:8A:8A,,[WPA2_PSK],2025-12-1 15:31:28,6,-82,34.0338707,-117.0820160,635.70,1.75,WIFI
2A:C5:C8:CA:76:58,DIRECT-58-HP OfficeJet Pro 9130e,[WPA2_PSK],2025-12-1 15:31:28,6,-83,34.0338707,-117.0820160,635.70,1.75,WIFI
94:91:7F:9D:EC:F9,Zeri,[WPA2_PSK],2025-12-1 15:31:30,8,-86,34.0338745,-117.0815735,636.70,1.75,WIFI
08:36:C9:87:3C:62,NETGEAR54,[WPA2_PSK],2025-12-1 15:31:31,9,-89,34.0338707,-117.0813522,637.20,1.75,WIFI
7C:DB:98:B3:1E:B1,MySpectrumWiFiB3-2G,[WPA2_PSK],2025-12-1 15:31:33,11,-88,34.0338707,-117.0809021,638.40,1.75,WIFI
A8:A2:37:85:E1:A8,Verizon_JBN9GZ,[WPA2_PSK],2025-12-1 15:31:33,11,-91,34.0338707,-117.0809021,638.40,1.75,WIFI
64:D9:C2:D0:80:83,,[WPA3_PSK],2025-12-1 15:31:38,1,-73,34.0338707,-117.0797653,641.70,1.75,WIFI
64:D9:C2:D0:80:89,,[OPEN],2025-12-1 15:31:38,1,-73,34.0338707,-117.0797653,641.70,1.75,WIFI
64:D9:C2:D0:80:86,Frontier6704,[WPA2_PSK],2025-12-1 15:31:38,1,-74,34.0338707,-117.0797653,641.70,1.75,WIFI
4C:19:5D:92:15:D6,SpectrumSetup-D0,[WPA2_PSK],2025-12-1 15:31:38,1,-78,34.0338707,-117.0797653,641.70,1.75,WIFI
A6:97:5C:8B:17:EE,VTECH_5754_17ee,[WPA2_PSK],2025-12-1 15:31:38,1,-78,34.0338707,-117.0797653,641.70,1.75,WIFI
94:91:7F:55:C9:16,MySpectrumWiFi18-2G,[WPA2_PSK],2025-12-1 15:31:38,1,-84,34.0338707,-117.0797653,641.70,1.75,WIFI
94:F7:17:7F:29:E8,,[WPA_WPA2_PSK],2025-12-1 15:31:38,1,-87,34.0338707,-117.0797653,641.70,1.75,WIFI
EA:DF:0A:8B:25:69,,[WPA2_PSK],2025-12-1 15:31:38,1,-88,34.0338707,-117.0797653,641.70,1.75,WIFI
EA:DF:0A:5B:25:69,,[WPA2_PSK],2025-12-1 15:31:38,1,-89,34.0338707,-117.0797653,641.70,1.75,WIFI
9C:3D:CF:83:61:E8,NETGEAR88,[WPA2_PSK],2025-12-1 15:31:42,5,-87,34.0338707,-117.0788727,644.20,1.75,WIFI
F8:55:CD:F0:1B:89,HotspotL5ez,[WPA_WPA2_PSK],2025-12-1 15:31:43,6,-69,34.0338707,-117.0786591,644.80,1.75,WIFI
4A:43:DD:51:D2:A5,,[WPA2_PSK],2025-12-1 15:31:43,6,-77,34.0338707,-117.0786591,644.80,1.75,WIFI
62:E6:F0:21:3B:67,Audi rs5,[WPA2_PSK],2025-12-1 15:31:43,6,-78,34.0338707,-117.0786591,644.80,1.75,WIFI
84:70:D7:02:6F:24,,[WPA3_PSK],2025-12-1 15:31:43,6,-78,34.0338707,-117.0786591,644.80,1.75,WIFI
84:70:D7:02:6F:2A,,[OPEN],2025-12-1 15:31:43,6,-79,34.0338707,-117.0786591,644.80,1.75,WIFI
84:70:D7:02:6F:27,Rosas House,[WPA2_PSK],2025-12-1 15:31:43,6,-80,34.0338707,-117.0786591,644.80,1.75,WIFI
E4:55:A8:0B:35:71,DelGuest,[OPEN],2025-12-1 15:31:48,11,-79,34.0338707,-117.0775452,648.50,1.50,WIFI
E2:55:A8:0B:35:71,DelEmployee,[WPA2_PSK],2025-12-1 15:31:48,11,-82,34.0338707,-117.0775452,648.50,1.50,WIFI
EE:55:A8:0B:35:71,,[WPA2],2025-12-1 15:31:48,11,-82,34.0338707,-117.0775452,648.50,1.50,WIFI
AC:8B:A9:13:E4:86,RHFCC,[WPA2_PSK],2025-12-1 15:31:51,1,-68,34.0338669,-117.0768661,650.20,1.50,WIFI
AE:8B:A9:13:E4:86,,[WPA2_PSK],2025-12-1 15:31:51,1,-69,34.0338669,-117.0768661,650.20,1.50,WIFI
7E:12:63:B8:76:99,,[WPA2_PSK],2025-12-1 15:31:51,1,-86,34.0338669,-117.0768661,650.20,1.50,WIFI
9E:AE:D3:F5:F2:02,DIRECT-D3F57202,[WPA2_PSK],2025-12-1 15:31:51,1,-88,34.0338669,-117.0768661,650.20,1.50,WIFI
46:00:49:8D:42:52,,[WPA2_PSK],2025-12-1 15:31:53,2,-79,34.0338669,-117.0763931,651.50,1.75,WIFI
48:F8:B3:FF:40:12,RYMG,[WPA_WPA2_PSK],2025-12-1 15:31:53,2,-80,34.0338669,-117.0763931,651.50,1.75,WIFI
1A:60:41:7A:7D:5A,,[WPA2_WPA3_PSK],2025-12-1 15:31:53,2,-84,34.0338669,-117.0763931,651.50,1.75,WIFI
F6:27:2D:B1:12:1B,,[WPA2_PSK],2025-12-1 15:31:53,2,-86,34.0338669,-117.0763931,651.50,1.75,WIFI
E6:E7:49:05:32:E4,DIRECT-e4-HP M15 LaserJet,[WPA2_PSK],2025-12-1 15:31:53,2,-87,34.0338669,-117.0763931,651.50,1.75,WIFI
80:CC:9C:1C:C2:4E,7F8W9,[WPA2_PSK],2025-12-1 15:31:53,2,-88,34.0338669,-117.0763931,651.50,1.75,WIFI
18:60:41:2A:7D:5A,JTMOBILE,[WPA2_WPA3_PSK],2025-12-1 15:31:53,2,-88,34.0338669,-117.0763931,651.50,1.75,WIFI
94:F7:17:D0:18:3C,,[WPA_WPA2_PSK],2025-12-1 15:31:53,3,-81,34.0338669,-117.0763931,651.50,1.75,WIFI
F8:3E:B0:1C:5D:82,TMOBILE-5D80,[WPA2_WPA3_PSK],2025-12-1 15:31:56,5,-76,34.0338707,-117.0757141,653.10,1.75,WIFI
60:F4:19:4F:5C:83,,[WPA3_PSK],2025-12-1 15:31:57,6,-75,34.0338707,-117.0754852,653.60,1.75,WIFI
60:F4:19:4F:5C:89,,[OPEN],2025-12-1 15:31:57,6,-75,34.0338707,-117.0754852,653.60,1.75,WIFI
60:F4:19:4F:5C:86,Nadeau,[WPA2_PSK],2025-12-1 15:31:57,6,-75,34.0338707,-117.0754852,653.60,1.75,WIFI
70:A7:41:CE:60:B1,,[WPA2_PSK],2025-12-1 15:31:57,6,-82,34.0338707,-117.0754852,653.60,1.75,WIFI
72:A7:41:9E:60:B1,Jersey Mikes,[WPA2_WPA3_PSK],2025-12-1 15:31:57,6,-83,34.0338707,-117.0754852,653.60,1.75,WIFI
2A:C5:C8:D0:27:3B,DIRECT-3B-HP OfficeJet Pro 9110b,[WPA2_PSK],2025-12-1 15:31:57,6,-84,34.0338707,-117.0754852,653.60,1.75,WIFI
72:9D:7D:43:83:C9,waba grill,[WPA2_PSK],2025-12-1 15:31:57,6,-86,34.0338707,-117.0754852,653.60,1.75,WIFI
90:9D:7D:43:83:C8,Frontier1856,[WPA2_PSK],2025-12-1 15:31:57,6,-88,34.0338707,-117.0754852,653.60,1.75,WIFI
54:77:87:9F:A4:FA,Peztio_Q2_I6-a4fa,[WPA_WPA2_PSK],2025-12-1 15:32:2,11,-69,34.0338821,-117.0744858,655.90,1.75,WIFI
F4:52:46:B0:C0:0E,Solomon alsaddi,[WPA2_PSK],2025-12-1 15:32:2,11,-81,34.0338821,-117.0744858,655.90,1.75,WIFI
94:91:7F:A0:02:95,MySpectrumWiFi97-2G,[WPA2_PSK],2025-12-1 15:32:2,11,-86,34.0338821,-117.0744858,655.90,1.75,WIFI
9C:0B:05:6E:A5:CA,,[OPEN],2025-12-1 15:32:2,11,-88,34.0338821,-117.0744858,655.90,1.75,WIFI
8A:15:04:CB:E9:A4,IOT-wifi,[WPA2_PSK],2025-12-1 15:32:2,11,-89,34.0338821,-117.0744858,655.90,1.75,WIFI
2C:EA:DC:33:51:F5,SpectrumSetup-F7,[WPA2_PSK],2025-12-1 15:32:5,1,-76,34.0339127,-117.0739822,657.20,1.50,WIFI
92:18:88:C6:A2:E2,,[WPA2_PSK],2025-12-1 15:32:5,1,-80,34.0339127,-117.0739822,657.20,1.50,WIFI
9E:18:88:C6:A2:E2,Carl's Jr. Guest WiFi,[OPEN],2025-12-1 15:32:5,1,-81,34.0339127,-117.0739822,657.20,1.50,WIFI
82:18:88:C6:A2:E2,,[WPA2_PSK],2025-12-1 15:32:5,1,-81,34.0339127,-117.0739822,657.20,1.50,WIFI
A6:18:88:C6:A2:E2,,[WPA2_PSK],2025-12-1 15:32:5,1,-81,34.0339127,-117.0739822,657.20,1.50,WIFI
E6:46:EE:23:4E:03,Retail2.0,[WPA2_PSK],2025-12-1 15:32:5,1,-88,34.0339127,-117.0739822,657.20,1.50,WIFI
30:86:2D:C8:FC:20,StoreNet,[WPA2_PSK],2025-12-1 15:32:5,1,-88,34.0339127,-117.0739822,657.20,1.50,WIFI
00:54:AF:B9:3B:93,Hotspot3B93,[WPA_WPA2_PSK],2025-12-1 15:32:9,4,-82,34.0339279,-117.0734253,658.80,1.50,WIFI
98:1E:19:37:57:86,MySpectrumWiFi80-2G,[WPA2_PSK],2025-12-1 15:32:11,6,-71,34.0339355,-117.0732193,659.50,1.50,WIFI
78:04:73:FA:14:E2,RSI-WIFI,[WPA2_PSK],2025-12-1 15:32:11,6,-76,34.0339355,-117.0732193,659.50,1.50,WIFI
32:24:A9:F5:9A:66,DIRECT-66-HP M428fdw LJ,[WPA2_PSK],2025-12-1 15:32:11,6,-85,34.0339355,-117.0732193,659.50,1.50,WIFI
A6:97:B1:CC:CA:C0,DIRECT-c0-HP 1200 Neverstop,[WPA2_PSK],2025-12-1 15:32:11,6,-89,34.0339355,-117.0732193,659.50,1.50,WIFI
10:0C:6B:EB:9E:9D,Perfect-Network,[WPA2_PSK],2025-12-1 15:32:12,7,-68,34.0339470,-117.0731277,659.80,1.50,WIFI
10:0C:6B:EB:9E:B5,Perfect-Network,[WPA2_PSK],2025-12-1 15:32:12,7,-79,34.0339470,-117.0731277,659.80,1.50,WIFI
22:AD:56:31:66:0F,Hotspot660F,[WPA_WPA2_PSK],2025-12-1 15:32:16,11,-82,34.0341759,-117.0728378,660.50,1.75,WIFI
8A:15:04:CB:E9:A3,CMAP01,[WPA2],2025-12-1 15:32:16,11,-86,34.0341759,-117.0728378,660.50,1.75,WIFI
84:A0:6E:D4:57:06,MySpectrumWiFi00-2G,[WPA2_PSK],2025-12-1 15:32:16,11,-90,34.0341759,-117.0728378,660.50,1.75,WIFI
16:FC:88:32:17:87,,[WPA2_PSK],2025-12-1 15:32:16,11,-90,34.0341759,-117.0728378,660.50,1.75,WIFI
24:94:CB:EA:4F:08,Frontier0240,[WPA2_PSK],2025-12-1 15:32:16,11,-90,34.0341759,-117.0728378,660.50,1.75,WIFI
F0:7B:65:31:B3:51,RUSTY-5G,[WPA2_PSK],2025-12-1 15:32:16,11,-92,34.0341759,-117.0728378,660.50,1.75,WIFI
74:37:5F:56:A9:A3,SpectrumSetup-FD,[WPA2_PSK],2025-12-1 15:32:19,1,-73,34.0344810,-117.0726395,661.50,1.75,WIFI
B0:FC:88:71:2F:52,SpectrumSetup-4C,[WPA2_PSK],2025-12-1 15:32:19,1,-82,34.0344810,-117.0726395,661.50,1.75,WIFI
FC:12:63:35:A2:A8,Verizon_T6LRF9,[WPA2_PSK],2025-12-1 15:32:19,1,-85,34.0344810,-117.0726395,661.50,1.75,WIFI
34:AB:95:E4:12:B1,PNR08IF310196E8098,[OPEN],2025-12-1 15:32:19,1,-89,34.0344810,-117.0726395,661.50,1.75,WIFI
A0:04:60:83:F4:0C,NETGEAR89,[WPA2_PSK],2025-12-1 15:32:19,1,-89,34.0344810,-117.0726395,661.50,1.75,WIFI
D8:A7:56:87:AC:56,MySpectrumWiFi50-2G,[WPA2_PSK],2025-12-1 15:32:19,1,-89,34.0344810,-117.0726395,661.50,1.75,WIFI
EE:46:EE:23:4E:03,,[WPA2_PSK],2025-12-1 15:32:19,1,-91,34.0344810,-117.0726395,661.50,1.75,WIFI
28:6D:97:9F:9D:C5,[fridge]_E30AJT5113951P,[WPA2_PSK],2025-12-1 15:32:19,1,-96,34.0344810,-117.0726395,661.50,1.75,WIFI
EA:07:B6:AF:94:68,,[WPA2_PSK],2025-12-1 15:32:20,2,-81,34.0345917,-117.0725555,661.50,1.75,WIFI
10:2C:B1:B3:BB:48,,[WPA_WPA2_PSK],2025-12-1 15:32:22,3,-86,34.0348129,-117.0723343,663.00,1.75,WIFI
82:8C:B5:3C:F7:E6,,[WPA2_PSK],2025-12-1 15:32:24,5,-91,34.0350037,-117.0720749,663.90,1.75,WIFI
94:F7:17:CF:BC:4C,,[WPA_WPA2_PSK],2025-12-1 15:32:25,6,-57,34.0350876,-117.0719223,664.40,1.75,WIFI
F4:52:46:1D:FA:C5,DWY,[WPA2_PSK],2025-12-1 15:32:25,6,-74,34.0350876,-117.0719223,664.40,1.75,WIFI
A4:11:62:09:43:1A,ARLO_VMB_1695228342,[WPA2_PSK],2025-12-1 15:32:25,6,-76,34.0350876,-117.0719223,664.40,1.75,WIFI
32:8D:DB:93:5C:B0,,[WPA2_PSK],2025-12-1 15:32:25,6,-79,34.0350876,-117.0719223,664.40,1.75,WIFI
4C:AB:F8:ED:B1:56,Verizon_FL64RC,[WPA2_PSK],2025-12-1 15:32:25,6,-82,34.0350876,-117.0719223,664.40,1.75,WIFI
0C:8D:DB:93:5C:B0,,[WPA2_PSK],2025-12-1 15:32:25,6,-83,34.0350876,-117.0719223,664.40,1.75,WIFI
20:3A:0C:D7:1C:09,,[OPEN],2025-12-1 15:32:25,6,-83,34.0350876,-117.0719223,664.40,1.75,WIFI
20:3A:0C:D7:1C:03,,[WPA3_PSK],2025-12-1 15:32:25,6,-84,34.0350876,-117.0719223,664.40,1.75,WIFI
A4:97:33:51:F5:5D,C-Seven,[WPA2_PSK],2025-12-1 15:32:30,11,-83,34.0354881,-117.0710678,667.60,1.75,WIFI
20:3A:0C:D7:61:86,Happiness Nails,[WPA2_PSK],2025-12-1 15:32:30,11,-86,34.0354881,-117.0710678,667.60,1.75,WIFI
34:20:03:57:AA:0D,Dph_153850,[OPEN],2025-12-1 15:32:30,11,-94,34.0354881,-117.0710678,667.60,1.75,WIFI
8E:18:88:72:9D:E6,rkiosk,[WPA_WPA2_PSK],2025-12-1 15:32:33,1,-80,34.0357285,-117.0705109,669.90,1.75,WIFI
B2:18:88:72:9D:E6,ESL,[WPA_WPA2_PSK],2025-12-1 15:32:33,1,-81,34.0357285,-117.0705109,669.90,1.75,WIFI
F4:69:42:57:B7:51,SpectrumSetup-53,[WPA2_PSK],2025-12-1 15:32:33,1,-81,34.0357285,-117.0705109,669.90,1.75,WIFI
BA:18:88:72:9D:E6,BRCD25329,[WPA2_PSK],2025-12-1 15:32:33,1,-82,34.0357285,-117.0705109,669.90,1.75,WIFI
BE:18:88:72:9D:E6,rKiosk,[WPA_WPA2_PSK],2025-12-1 15:32:33,1,-82,34.0357285,-117.0705109,669.90,1.75,WIFI
10:CE:A9:ED:22:47,Ring Setup 46,[OPEN],2025-12-1 15:32:33,1,-86,34.0357285,-117.0705109,669.90,1.75,WIFI
4A:3A:1E:84:D8:BE,BRCD25329,[WPA2_PSK],2025-12-1 15:32:33,1,-88,34.0357285,-117.0705109,669.90,1.75,WIFI
7C:F1:7E:18:FD:BC,nunez_EXT,[WPA2_PSK],2025-12-1 15:32:33,1,-88,34.0357285,-117.0705109,669.90,1.75,WIFI
32:87:BA:61:6E:7C,JChiro1,[WPA2_PSK],2025-12-1 15:32:36,3,-92,34.0359573,-117.0699844,671.60,1.75,WIFI
54:47:CC:F5:D0:06,Frontier0292,[WPA2_PSK],2025-12-1 15:32:39,6,-75,34.0361710,-117.0694962,672.60,1.75,WIFI
58:59:C2:DA:8B:96,Product Demo,[WPA2_PSK],2025-12-1 15:32:39,6,-81,34.0361710,-117.0694962,672.60,1.75,WIFI
58:59:C2:DA:8B:94,Data Transfers,[WPA2_PSK],2025-12-1 15:32:39,6,-82,34.0361710,-117.0694962,672.60,1.75,WIFI
B6:8B:A9:D5:3E:66,Lightspeed POS,[WPA2_PSK],2025-12-1 15:32:39,6,-91,34.0361710,-117.0694962,672.60,1.75,WIFI
AC:8B:A9:D5:3E:66,Yucaipa Valley Golf Admin,[WPA2_WPA3_PSK],2025-12-1 15:32:39,6,-92,34.0361710,-117.0694962,672.60,1.75,WIFI
B2:8B:A9:D5:3E:66,Yucaipa Valley Golf Guest,[OPEN],2025-12-1 15:32:39,6,-92,34.0361710,-117.0694962,672.60,1.75,WIFI
8C:61:A3:00:09:56,MySpectrumWiFi55-2G,[WPA2_PSK],2025-12-1 15:32:44,11,-88,34.0365524,-117.0686340,674.80,1.75,WIFI
64:67:72:6B:4E:CD,SpectrumSetup-CB,[WPA2_PSK],2025-12-1 15:32:47,1,-61,34.0367889,-117.0680923,677.40,1.75,WIFI
F8:5B:3B:A0:47:47,SpectrumSetup-49,[WPA2_PSK],2025-12-1 15:32:47,1,-65,34.0367889,-117.0680923,677.40,1.75,WIFI
B0:FC:88:3D:88:24,SpectrumSetup-1E,[WPA2_PSK],2025-12-1 15:32:47,1,-71,34.0367889,-117.0680923,677.40,1.75,WIFI
7C:DB:98:B9:58:03,SpectrumSetup-05,[WPA2_PSK],2025-12-1 15:32:47,1,-73,34.0367889,-117.0680923,677.40,1.75,WIFI
F4:05:95:7C:A1:81,DaLeotas,[WPA2_PSK],2025-12-1 15:32:47,1,-76,34.0367889,-117.0680923,677.40,1.75,WIFI
F0:7B:65:37:B7:4F,DTC,[WPA2_PSK],2025-12-1 15:32:47,1,-86,34.0367889,-117.0680923,677.40,1.75,WIFI
36:FB:0F:04:E3:B6,,[WPA2_PSK],2025-12-1 15:32:50,3,-82,34.0370178,-117.0675735,679.40,1.75,WIFI
42:37:86:13:01:A9,SECURE-HOME,[WPA2_PSK],2025-12-1 15:32:50,3,-86,34.0370178,-117.0675735,679.40,1.75,WIFI
74:37:5F:A7:66:3F,SpectrumSetup-3D,[WPA2_PSK],2025-12-1 15:32:53,6,-73,34.0372467,-117.0670471,680.80,1.75,WIFI
E8:D2:FF:B2:F0:CE,Aloha7,[WPA2_PSK],2025-12-1 15:32:53,6,-78,34.0372467,-117.0670471,680.80,1.75,WIFI
9C:0B:05:61:A7:67,AdnShlbi,[WPA2_PSK],2025-12-1 15:32:53,6,-79,34.0372467,-117.0670471,680.80,1.75,WIFI
6E:D7:9A:77:F1:24,,[WPA2_PSK],2025-12-1 15:32:53,6,-79,34.0372467,-117.0670471,680.80,1.75,WIFI
9C:3D:CF:20:06:68,NTGR_VMB_1526780223,[WPA2_PSK],2025-12-1 15:32:53,6,-80,34.0372467,-117.0670471,680.80,1.75,WIFI
9C:0B:05:61:A7:6A,,[OPEN],2025-12-1 15:32:53,6,-82,34.0372467,-117.0670471,680.80,1.75,WIFI
9C:0B:05:61:A7:64,,[WPA3_PSK],2025-12-1 15:32:53,6,-83,34.0372467,-117.0670471,680.80,1.75,WIFI
58:96:71:53:AC:52,Verizon_QCK69T,[WPA2_PSK],2025-12-1 15:32:53,6,-83,34.0372467,-117.0670471,680.80,1.75,WIFI
62:E6:F0:C4:E1:37,Brewster,[WPA2_PSK],2025-12-1 15:32:53,6,-86,34.0372467,-117.0670471,680.80,1.75,WIFI
58:EF:68:C0:0A:B1,AA_JESUS_IS_LOVE,[WPA_WPA2_PSK],2025-12-1 15:32:55,8,-75,34.0374146,-117.0666733,681.70,1.75,WIFI
A0:8A:06:0F:3E:1A,SpectrumSetup-3E1D,[WPA2_PSK],2025-12-1 15:32:58,11,-68,34.0376816,-117.0660858,683.10,1.75,WIFI
DC:69:B5:D3:7D:09,,[OPEN],2025-12-1 15:32:58,11,-73,34.0376816,-117.0660858,683.10,1.75,WIFI
DC:69:B5:D3:7D:06,Big J’s Crib,[WPA2_PSK],2025-12-1 15:32:58,11,-73,34.0376816,-117.0660858,683.10,1.75,WIFI
F0:B6:61:EB:47:6A,,[OPEN],2025-12-1 15:32:58,11,-75,34.0376816,-117.0660858,683.10,1.75,WIFI
F0:B6:61:EB:47:67,pretty fly for a wifi,[WPA2_PSK],2025-12-1 15:32:58,11,-75,34.0376816,-117.0660858,683.10,1.75,WIFI
F0:B6:61:EB:47:64,,[WPA3_PSK],2025-12-1 15:32:58,11,-76,34.0376816,-117.0660858,683.10,1.75,WIFI
C0:6F:98:83:6F:06,Lelly,[WPA2_PSK],2025-12-1 15:32:58,11,-77,34.0376816,-117.0660858,683.10,1.75,WIFI
C0:6F:98:83:6F:03,,[WPA3_PSK],2025-12-1 15:32:58,11,-79,34.0376816,-117.0660858,683.10,1.75,WIFI
C0:6F:98:83:6F:09,,[OPEN],2025-12-1 15:32:58,11,-79,34.0376816,-117.0660858,683.10,1.75,WIFI
2C:67:BE:17:3A:49,Barcelona2025,[WPA2_PSK],2025-12-1 15:33:1,1,-72,34.0379524,-117.0655060,684.60,1.75,WIFI
44:AC:85:5B:93:63,,[WPA3_PSK],2025-12-1 15:33:1,1,-77,34.0379524,-117.0655060,684.60,1.75,WIFI
44:AC:85:5B:93:69,,[OPEN],2025-12-1 15:33:1,1,-77,34.0379524,-117.0655060,684.60,1.75,WIFI
44:AC:85:5B:93:66,Simpson's,[WPA2_WPA3_PSK],2025-12-1 15:33:1,1,-78,34.0379524,-117.0655060,684.60,1.75,WIFI
20:3A:0C:C9:4F:83,,[WPA3_PSK],2025-12-1 15:33:1,1,-80,34.0379524,-117.0655060,684.60,1.75,WIFI
F8:5B:3B:7D:F8:D5,1105,[WPA2_PSK],2025-12-1 15:33:1,1,-85,34.0379524,-117.0655060,684.60,1.75,WIFI
34:53:D2:F3:43:44,SpectrumSetup-3E,[WPA2_PSK],2025-12-1 15:33:1,1,-86,34.0379524,-117.0655060,684.60,1.75,WIFI
E8:D2:FF:C2:6B:16,SpectrumSetup-10,[WPA2_PSK],2025-12-1 15:33:1,1,-89,34.0379524,-117.0655060,684.60,1.75,WIFI
46:37:86:11:C0:55,,[WPA2_PSK],2025-12-1 15:33:4,3,-90,34.0382156,-117.0649338,686.30,1.75,WIFI
F4:05:95:A7:14:83,Eden,[WPA2_PSK],2025-12-1 15:33:7,6,-71,34.0384598,-117.0643539,688.30,1.75,WIFI
4C:19:5D:3A:79:19,Jaws,[WPA2_PSK],2025-12-1 15:33:7,6,-74,34.0384598,-117.0643539,688.30,1.75,WIFI
F0:B6:61:83:7E:07,Grand,[WPA2_PSK],2025-12-1 15:33:7,6,-79,34.0384598,-117.0643539,688.30,1.75,WIFI
F4:52:46:DB:37:D0,SpectrumSetup-37D3,[WPA2_PSK],2025-12-1 15:33:7,6,-80,34.0384598,-117.0643539,688.30,1.75,WIFI
F0:B6:61:83:7E:04,,[WPA3_PSK],2025-12-1 15:33:7,6,-80,34.0384598,-117.0643539,688.30,1.75,WIFI
F0:B6:61:83:7E:0A,,[OPEN],2025-12-1 15:33:7,6,-80,34.0384598,-117.0643539,688.30,1.75,WIFI
A0:04:60:89:12:76,NETGEAR17,[WPA2_PSK],2025-12-1 15:33:7,6,-80,34.0384598,-117.0643539,688.30,1.75,WIFI
CC:40:D0:F1:55:1C,NTGR_VMB_1550300804,[WPA2_PSK],2025-12-1 15:33:7,6,-82,34.0384598,-117.0643539,688.30,1.75,WIFI
F8:08:4F:D8:AD:DE,MySpectrumWiFid8-2G,[WPA2_PSK],2025-12-1 15:33:7,6,-86,34.0384598,-117.0643539,688.30,1.75,WIFI
A6:C9:EB:D4:E3:67,,[WPA2_PSK],2025-12-1 15:33:10,9,-87,34.0387039,-117.0637589,690.00,1.75,WIFI
5E:E9:31:2B:3B:0A,Maviwifi,[WPA2_PSK],2025-12-1 15:33:11,10,-80,34.0387917,-117.0635529,690.60,1.75,WIFI
F0:2F:74:92:DC:00,Bill Wi The Science Fi,[WPA2_PSK],2025-12-1 15:33:11,10,-88,34.0387917,-117.0635529,690.60,1.75,WIFI
24:2D:6C:EA:D2:48,eero master,[WPA2_PSK],2025-12-1 15:33:12,11,-65,34.0388794,-117.0633545,691.30,1.75,WIFI
24:2D:6C:EA:D2:51,eero master Guest,[WPA2_PSK],2025-12-1 15:33:12,11,-65,34.0388794,-117.0633545,691.30,1.75,WIFI
24:2D:6C:EA:D2:4B,,[OPEN],2025-12-1 15:33:12,11,-65,34.0388794,-117.0633545,691.30,1.75,WIFI
24:2D:6C:EA:D2:45,,[WPA3_PSK],2025-12-1 15:33:12,11,-66,34.0388794,-117.0633545,691.30,1.75,WIFI
44:AC:85:9C:CB:83,,[WPA3_PSK],2025-12-1 15:33:12,11,-82,34.0388794,-117.0633545,691.30,1.75,WIFI
A0:63:91:2D:98:0A,NETGEAR07,[WPA2_PSK],2025-12-1 15:33:18,3,-78,34.0394249,-117.0621567,698.70,1.75,WIFI
3C:F0:83:D0:00:40,TMOBILE-A29F,[WPA2_WPA3_PSK],2025-12-1 15:33:19,4,-83,34.0395279,-117.0619736,699.80,1.75,WIFI
3E:F0:83:10:00:40,,[WPA2_WPA3_PSK],2025-12-1 15:33:19,4,-83,34.0395279,-117.0619736,699.80,1.75,WIFI
BC:96:E5:80:65:AB,SpectrumSetup-65A7,[WPA2_PSK],2025-12-1 15:33:21,6,-75,34.0397568,-117.0616226,701.80,1.75,WIFI
6E:0B:5E:D8:F0:92,DIRECT-92-HP OfficeJet Pro 9120e,[WPA2_PSK],2025-12-1 15:33:21,6,-75,34.0397568,-117.0616226,701.80,1.75,WIFI
C2:56:27:35:21:77,AK47-guest,[OPEN],2025-12-1 15:33:21,6,-80,34.0397568,-117.0616226,701.80,1.75,WIFI
C0:56:27:35:21:77,AK47,[WPA_WPA2_PSK],2025-12-1 15:33:21,6,-84,34.0397568,-117.0616226,701.80,1.75,WIFI
44:AD:B1:81:A4:56,SpectrumSetup-50,[WPA2_PSK],2025-12-1 15:33:21,6,-85,34.0397568,-117.0616226,701.80,1.75,WIFI
F0:45:DA:3E:E2:26,,[WPA2_PSK],2025-12-1 15:33:21,6,-92,34.0397568,-117.0616226,701.80,1.75,WIFI
7A:27:F5:98:4B:9F,,[WPA2_PSK],2025-12-1 15:33:22,7,-85,34.0398750,-117.0614548,702.70,1.75,WIFI
10:27:F5:98:4B:9D,MIB23,[WPA2_PSK],2025-12-1 15:33:22,7,-86,34.0398750,-117.0614548,702.70,1.75,WIFI
1C:3B:F3:27:C2:16,looper house,[WPA_WPA2_PSK],2025-12-1 15:33:24,9,-85,34.0401306,-117.0611191,704.10,1.75,WIFI
22:3B:F3:27:C2:16,,[WPA2_PSK],2025-12-1 15:33:24,9,-87,34.0401306,-117.0611191,704.10,1.75,WIFI
10:DA:43:07:2E:D7,ngHub_31946ANF04B4F,[WPA2_PSK],2025-12-1 15:33:25,10,-75,34.0402718,-117.0609589,704.60,1.75,WIFI
F0:B6:61:FF:76:44,,[WPA3_PSK],2025-12-1 15:33:26,11,-71,34.0404167,-117.0608063,705.10,1.75,WIFI
F0:B6:61:FF:76:4A,,[OPEN],2025-12-1 15:33:26,11,-71,34.0404167,-117.0608063,705.10,1.75,WIFI
F0:B6:61:FA:C1:C4,,[WPA3_PSK],2025-12-1 15:33:26,11,-71,34.0404167,-117.0608063,705.10,1.75,WIFI
F0:B6:61:FA:C1:CA,,[OPEN],2025-12-1 15:33:26,11,-71,34.0404167,-117.0608063,705.10,1.75,WIFI
F0:B6:61:FF:76:47,Grayhawk 5,[WPA2_PSK],2025-12-1 15:33:26,11,-74,34.0404167,-117.0608063,705.10,1.75,WIFI
F0:B6:61:FA:C1:C7,Grayhawk 5,[WPA2_PSK],2025-12-1 15:33:26,11,-77,34.0404167,-117.0608063,705.10,1.75,WIFI
9C:A5:70:9B:86:E3,,[WPA3_PSK],2025-12-1 15:33:26,11,-80,34.0404167,-117.0608063,705.10,1.75,WIFI
9C:A5:70:9B:86:E7,,[OPEN],2025-12-1 15:33:26,11,-80,34.0404167,-117.0608063,705.10,1.75,WIFI
9C:A5:70:9B:86:E5,Frontier3456,[WPA2_PSK],2025-12-1 15:33:26,11,-80,34.0404167,-117.0608063,705.10,1.75,WIFI
9C:A5:70:9B:86:EB,Frontier3456 Guest,[WPA2_PSK],2025-12-1 15:33:26,11,-80,34.0404167,-117.0608063,705.10,1.75,WIFI
64:C2:69:A1:0C:E7,,[OPEN],2025-12-1 15:33:26,11,-80,34.0404167,-117.0608063,705.10,1.75,WIFI
64:C2:69:A1:0C:E3,,[WPA3_PSK],2025-12-1 15:33:26,11,-81,34.0404167,-117.0608063,705.10,1.75,WIFI
64:C2:69:A1:0C:E5,Eero *,[WPA2_PSK],2025-12-1 15:33:26,11,-86,34.0404167,-117.0608063,705.10,1.75,WIFI
C8:9E:43:5E:73:C4,megnau10,[WPA2_PSK],2025-12-1 15:33:33,3,-78,34.0414581,-117.0596924,707.40,1.75,WIFI
C8:9E:43:5F:CA:F4,,[WPA2_PSK],2025-12-1 15:33:33,3,-88,34.0414581,-117.0596924,707.40,1.75,WIFI
CE:9E:43:5F:CA:F4,megnau10,[WPA2_PSK],2025-12-1 15:33:33,3,-89,34.0414581,-117.0596924,707.40,1.75,WIFI
A6:63:91:8F:E1:51,HOME-GUEST,[WPA2_PSK],2025-12-1 15:33:35,5,-87,34.0417633,-117.0593796,709.00,1.75,WIFI
A2:63:91:8F:E1:51,HOME-IOT,[WPA2_PSK],2025-12-1 15:33:35,5,-90,34.0417633,-117.0593796,709.00,1.75,WIFI
2E:D1:C6:85:D8:29,My VW 6302,[WPA2_PSK],2025-12-1 15:33:36,6,-85,34.0419121,-117.0592194,710.00,1.75,WIFI
78:76:89:2C:CB:E7,GirlsGoneWireless,[WPA2_PSK],2025-12-1 15:33:36,6,-88,34.0419121,-117.0592194,710.00,1.75,WIFI
F0:B6:61:8E:81:E4,,[WPA3_PSK],2025-12-1 15:33:36,6,-89,34.0419121,-117.0592194,710.00,1.75,WIFI
00:30:44:A2:02:EC,R1900-2eb,[WPA2_PSK],2025-12-1 15:33:41,11,-79,34.0425911,-117.0584335,715.80,1.75,WIFI
FC:3D:73:AD:D9:89,,[OPEN],2025-12-1 15:33:41,11,-86,34.0425911,-117.0584335,715.80,1.75,WIFI
FC:3D:73:AD:D9:86,RD,[WPA2_PSK],2025-12-1 15:33:41,11,-87,34.0425911,-117.0584335,715.80,1.75,WIFI
2A:0F:EB:D5:D1:6E,Caddy wagon,[WPA2_PSK],2025-12-1 15:33:41,11,-88,34.0425911,-117.0584335,715.80,1.75,WIFI
FC:3D:73:AD:D9:83,,[WPA3_PSK],2025-12-1 15:33:41,11,-90,34.0425911,-117.0584335,715.80,1.75,WIFI
9C:57:BC:95:9B:A9,,[OPEN],2025-12-1 15:33:44,1,-72,34.0429192,-117.0578842,719.10,1.75,WIFI
9C:57:BC:95:9B:A3,,[WPA3_PSK],2025-12-1 15:33:44,1,-73,34.0429192,-117.0578842,719.10,1.75,WIFI
9C:57:BC:95:9B:A6,O'Connell,[WPA2_PSK],2025-12-1 15:33:44,1,-77,34.0429192,-117.0578842,719.10,1.75,WIFI
E8:D3:EB:37:87:86,applepie,[WPA2_PSK],2025-12-1 15:33:44,1,-83,34.0429192,-117.0578842,719.10,1.75,WIFI
C4:41:1E:22:A6:AC,NachoWIFI,[WPA_WPA2_PSK],2025-12-1 15:33:49,5,-89,34.0433807,-117.0569229,725.30,1.75,WIFI
FC:3F:DB:14:64:E1,DIRECT-E0-HP Officejet 5740,[WPA2_PSK],2025-12-1 15:33:50,6,-80,34.0434647,-117.0567169,726.40,1.75,WIFI
F8:F5:32:8A:51:25,Scooby,[WPA2_PSK],2025-12-1 15:33:50,6,-84,34.0434647,-117.0567169,726.40,1.75,WIFI
C0:3C:04:A9:63:D8,Strabley,[WPA2_PSK],2025-12-1 15:33:50,6,-91,34.0434647,-117.0567169,726.40,1.75,WIFI
90:D3:CF:77:5F:F8,SpectrumSetup-5FFB,[WPA2_PSK],2025-12-1 15:33:55,11,-73,34.0438385,-117.0558777,731.30,1.75,WIFI
44:AD:B1:44:74:7E,Adame,[WPA2_PSK],2025-12-1 15:33:55,11,-88,34.0438385,-117.0558777,731.30,1.75,WIFI
14:91:82:9B:20:D4,Linksys13031,[WPA2_PSK],2025-12-1 15:33:55,11,-91,34.0438385,-117.0558777,731.30,1.75,WIFI
50:0F:F5:75:FE:D1,Sandifords are cool,[WPA2_PSK],2025-12-1 15:33:55,11,-93,34.0438385,-117.0558777,731.30,1.75,WIFI
18:4F:32:DC:14:26,WIFIDC1423,[WPA2_PSK],2025-12-1 15:33:55,11,-93,34.0438385,-117.0558777,731.30,1.75,WIFI
B0:B3:53:7D:04:BB,,[WPA2_PSK],2025-12-1 15:33:56,13,-94,34.0439034,-117.0557556,731.90,1.75,WIFI
C4:A8:16:AD:DE:06,Gutierrez,[WPA2_PSK],2025-12-1 15:33:58,1,-65,34.0440025,-117.0555496,732.90,1.75,WIFI
C4:A8:16:AD:DE:09,,[OPEN],2025-12-1 15:33:58,1,-71,34.0440025,-117.0555496,732.90,1.75,WIFI
24:F3:E3:13:04:86,Gutierrez,[WPA2_PSK],2025-12-1 15:33:58,1,-74,34.0440025,-117.0555496,732.90,1.75,WIFI
24:F3:E3:13:04:83,,[WPA3_PSK],2025-12-1 15:33:58,1,-77,34.0440025,-117.0555496,732.90,1.75,WIFI
BC:10:2F:54:A4:5A,[range]_E30AJT7113238Y,[WPA2_PSK],2025-12-1 15:33:58,1,-78,34.0440025,-117.0555496,732.90,1.75,WIFI
C4:A8:16:C7:94:46,Gutierrez,[WPA2_PSK],2025-12-1 15:33:58,1,-80,34.0440025,-117.0555496,732.90,1.75,WIFI
8E:49:62:C6:5D:05,,[WPA2_PSK],2025-12-1 15:33:59,2,-91,34.0440407,-117.0554810,732.90,1.75,WIFI
22:3B:F3:1B:51:36,,[WPA2_PSK],2025-12-1 15:33:59,2,-92,34.0440407,-117.0554810,732.90,1.75,WIFI
FA:6D:CC:23:34:FC,myGMC 34FC,[WPA2_PSK],2025-12-1 15:34:5,7,-85,34.0441055,-117.0553665,733.50,1.75,WIFI
CE:9E:43:CC:80:C0,,[WPA2_PSK],2025-12-1 15:34:6,8,-88,34.0441055,-117.0553665,733.50,1.75,WIFI
D2:9E:43:CC:80:C0,ORBI38-Guest,[WPA2_PSK],2025-12-1 15:34:6,8,-90,34.0441055,-117.0553665,733.50,1.75,WIFI
34:98:B5:95:E5:D7,,[WPA2_PSK],2025-12-1 15:34:6,8,-92,34.0441055,-117.0553665,733.50,1.75,WIFI
18:31:BF:AA:7E:80,007,[WPA2_PSK],2025-12-1 15:34:7,9,-92,34.0441093,-117.0553665,733.50,1.75,WIFI
A0:36:BC:B3:A2:18,CaroGio__2.4G,[WPA2_PSK],2025-12-1 15:34:7,9,-92,34.0441093,-117.0553665,733.50,1.75,WIFI
80:CC:9C:15:C8:D7,NETGEAR61,[WPA2_PSK],2025-12-1 15:34:8,10,-83,34.0441093,-117.0553665,733.50,1.75,WIFI
A2:CC:9C:18:F2:DB,NETGEAR61-Guest,[WPA2_PSK],2025-12-1 15:34:8,10,-89,34.0441093,-117.0553665,733.50,1.75,WIFI
80:CC:9C:18:F2:DA,NETGEAR61,[WPA2_PSK],2025-12-1 15:34:8,10,-90,34.0441093,-117.0553665,733.50,1.75,WIFI
FC:3F:A6:FA:E1:43,,[WPA3_PSK],2025-12-1 15:34:9,11,-65,34.0441093,-117.0553589,733.60,1.75,WIFI
FC:3F:A6:FA:E1:49,,[OPEN],2025-12-1 15:34:9,11,-66,34.0441093,-117.0553589,733.60,1.75,WIFI
FC:3F:A6:FA:E1:46,batcave,[WPA2_PSK],2025-12-1 15:34:9,11,-66,34.0441093,-117.0553589,733.60,1.75,WIFI
26:E8:53:36:01:C1,AT_301_WFH4767US_S_01c1,[WPA2_PSK],2025-12-1 15:34:9,11,-90,34.0441093,-117.0553589,733.60,1.75,WIFI
FC:23:CD:12:B4:69,GKU-D600_12b469,[WPA2_PSK],2025-12-1 15:34:9,11,-92,34.0441093,-117.0553589,733.60,1.75,WIFI
C4:A8:16:C7:94:49,,[OPEN],2025-12-1 15:34:12,1,-77,34.0441055,-117.0553589,733.70,1.75,WIFI
A0:89:66:E1:51:54,,[WPA_WPA2_PSK],2025-12-1 15:34:12,1,-86,34.0441055,-117.0553589,733.70,1.75,WIFI
BA:9F:09:1D:17:67,DIRECT-3p-Johns Volt,[WPA2_PSK],2025-12-1 15:34:18,6,-80,34.0441055,-117.0553589,733.90,1.75,WIFI
8A:CC:9C:15:C8:D8,NETGEAR61-Guest,[WPA2_PSK],2025-12-1 15:34:22,10,-83,34.0441017,-117.0553589,734.00,1.75,WIFI
B0:E4:D5:48:59:07,Thatswhatshesaid,[WPA2_PSK],2025-12-1 15:34:23,11,-90,34.0441017,-117.0553589,734.10,1.75,WIFI
C4:A8:16:AD:DE:03,,[WPA3_PSK],2025-12-1 15:34:26,1,-71,34.0441017,-117.0553589,734.10,1.75,WIFI
72:74:14:4B:D7:5E,DIRECT-UV-Car_7f3f,[WPA2_PSK],2025-12-1 15:34:26,1,-81,34.0441017,-117.0553589,734.10,1.75,WIFI
24:F3:E3:13:04:89,,[OPEN],2025-12-1 15:34:26,1,-81,34.0441017,-117.0553589,734.10,1.75,WIFI
A6:2B:8C:D1:95:43,Funridge-5G,[WPA2_PSK],2025-12-1 15:34:26,1,-89,34.0441017,-117.0553589,734.10,1.75,WIFI
C8:E3:06:5F:37:27,,[OPEN],2025-12-1 15:34:32,6,-81,34.0441017,-117.0553513,734.00,1.75,WIFI
C8:E3:06:5F:37:25,Offenstein Network,[WPA2_PSK],2025-12-1 15:34:32,6,-81,34.0441017,-117.0553513,734.00,1.75,WIFI
3C:37:86:63:93:69,NETGEAR20,[WPA2_PSK],2025-12-1 15:34:34,8,-86,34.0441132,-117.0553284,734.10,1.75,WIFI
B6:2F:03:90:50:78,TeslaPW_JAJESR,[WPA2_PSK],2025-12-1 15:34:37,11,-91,34.0441856,-117.0552139,734.50,1.75,WIFI
9E:A3:A9:B6:FB:B3,,[WPA2_PSK],2025-12-1 15:34:40,1,-86,34.0442734,-117.0550385,734.80,1.75,WIFI
F0:9F:C2:37:AF:E2,emery’s wifi,[WPA2_PSK],2025-12-1 15:34:40,1,-92,34.0442734,-117.0550385,734.80,1.75,WIFI
1C:3B:F3:1B:40:DA,Happy Tree,[WPA2_PSK],2025-12-1 15:34:42,2,-92,34.0442657,-117.0549316,735.30,1.75,WIFI
88:D7:F6:E3:D1:19,Area 51 Guest,[WPA2_PSK],2025-12-1 15:34:43,3,-89,34.0442352,-117.0548706,735.70,1.75,WIFI
C8:E3:06:5D:3F:63,,[WPA3_PSK],2025-12-1 15:34:46,6,-71,34.0440712,-117.0546722,736.00,1.75,WIFI
C8:E3:06:5D:3F:67,,[OPEN],2025-12-1 15:34:46,6,-71,34.0440712,-117.0546722,736.00,1.75,WIFI
C8:E3:06:5D:3F:65,Offenstein Network,[WPA2_PSK],2025-12-1 15:34:46,6,-72,34.0440712,-117.0546722,736.00,1.75,WIFI
C8:E3:06:57:4B:63,,[WPA3_PSK],2025-12-1 15:34:46,6,-75,34.0440712,-117.0546722,736.00,1.75,WIFI
C8:E3:06:57:4B:67,,[OPEN],2025-12-1 15:34:46,6,-75,34.0440712,-117.0546722,736.00,1.75,WIFI
C8:E3:06:57:4B:65,Offenstein Network,[WPA2_PSK],2025-12-1 15:34:46,6,-75,34.0440712,-117.0546722,736.00,1.75,WIFI
C8:E3:06:5F:37:23,,[WPA3_PSK],2025-12-1 15:34:46,6,-76,34.0440712,-117.0546722,736.00,1.75,WIFI
2C:67:BE:4F:89:1C,SpectrumSetup-58,[WPA2_PSK],2025-12-1 15:34:46,6,-80,34.0440712,-117.0546722,736.00,1.75,WIFI
5C:A5:BC:41:F7:25,Funridge,[WPA2_PSK],2025-12-1 15:34:46,6,-80,34.0440712,-117.0546722,736.00,1.75,WIFI
5C:A5:BC:41:F7:23,,[WPA3_PSK],2025-12-1 15:34:46,6,-81,34.0440712,-117.0546722,736.00,1.75,WIFI
9C:57:BC:65:53:63,,[WPA3_PSK],2025-12-1 15:34:46,6,-85,34.0440712,-117.0546722,736.00,1.75,WIFI
20:91:48:E0:99:68,ENVOY_007685,[OPEN],2025-12-1 15:34:46,6,-89,34.0440712,-117.0546722,736.00,1.75,WIFI
80:CC:9C:18:F2:D1,NETGEAR61,[WPA2_PSK],2025-12-1 15:34:50,10,-80,34.0437202,-117.0543060,736.80,1.75,WIFI
20:3A:0C:C5:E2:06,Art and Gel wifi,[WPA2_PSK],2025-12-1 15:34:51,11,-56,34.0436172,-117.0542068,736.90,1.75,WIFI
20:3A:0C:C5:E2:09,,[OPEN],2025-12-1 15:34:51,11,-61,34.0436172,-117.0542068,736.90,1.75,WIFI
20:3A:0C:C6:38:43,,[WPA3_PSK],2025-12-1 15:34:51,11,-62,34.0436172,-117.0542068,736.90,1.75,WIFI
20:3A:0C:C6:38:49,,[OPEN],2025-12-1 15:34:51,11,-63,34.0436172,-117.0542068,736.90,1.75,WIFI
20:3A:0C:C6:38:46,Art and Gel wifi,[WPA2_PSK],2025-12-1 15:34:51,11,-65,34.0436172,-117.0542068,736.90,1.75,WIFI
24:16:1B:6F:E6:03,YCJUSD-Open2.4GHz,[OPEN],2025-12-1 15:34:51,11,-81,34.0436172,-117.0542068,736.90,1.75,WIFI
24:16:1B:6F:E6:00,Vendor,[WPA2_PSK],2025-12-1 15:34:51,11,-82,34.0436172,-117.0542068,736.90,1.75,WIFI
24:16:1B:6F:E6:01,,[WPA2_PSK],2025-12-1 15:34:51,11,-82,34.0436172,-117.0542068,736.90,1.75,WIFI
DE:2E:97:A1:66:63,TeslaPW_ZWLBEZ,[WPA2_PSK],2025-12-1 15:34:51,11,-90,34.0436172,-117.0542068,736.90,1.75,WIFI
64:05:E4:6B:01:92,CarPlay_0192,[WPA2_PSK],2025-12-1 15:34:54,1,-80,34.0433159,-117.0539246,736.90,1.75,WIFI
A4:97:33:A3:94:AA,Verizon_4GW69M,[WPA2_PSK],2025-12-1 15:34:54,1,-87,34.0433159,-117.0539246,736.90,1.75,WIFI
8E:AA:B5:FF:25:E6,SmartLife-25E6,[OPEN],2025-12-1 15:34:54,1,-90,34.0433159,-117.0539246,736.90,1.75,WIFI
24:41:FE:24:9A:BA,Verizon_XCJL3V,[WPA2_PSK],2025-12-1 15:34:54,1,-91,34.0433159,-117.0539246,736.90,1.75,WIFI
E2:62:79:24:D0:0E,,[WPA2_PSK],2025-12-1 15:34:57,3,-91,34.0430641,-117.0537186,736.40,1.75,WIFI
F4:52:46:DA:19:AE,SpectrumSetup-C659,[WPA2_PSK],2025-12-1 15:35:0,6,-70,34.0428658,-117.0535889,736.00,1.75,WIFI
78:76:89:38:B1:E4,,[WPA3_PSK],2025-12-1 15:35:0,6,-81,34.0428658,-117.0535889,736.00,1.75,WIFI
78:76:89:38:B1:EA,,[OPEN],2025-12-1 15:35:0,6,-81,34.0428658,-117.0535889,736.00,1.75,WIFI
78:76:89:38:B1:E7,Hull,[WPA2_PSK],2025-12-1 15:35:0,6,-82,34.0428658,-117.0535889,736.00,1.75,WIFI
AE:5B:32:72:F3:00,,[WPA2_PSK],2025-12-1 15:35:0,6,-84,34.0428658,-117.0535889,736.00,1.75,WIFI
A0:40:A0:A9:80:0C,NETGEAR67,[WPA2_PSK],2025-12-1 15:35:0,6,-85,34.0428658,-117.0535889,736.00,1.75,WIFI
9C:3D:CF:59:AE:B8,NETGEAR00,[WPA2_PSK],2025-12-1 15:35:0,6,-86,34.0428658,-117.0535889,736.00,1.75,WIFI
4C:19:5D:03:E9:8E,MyWiFi,[WPA2_PSK],2025-12-1 15:35:0,6,-90,34.0428658,-117.0535889,736.00,1.75,WIFI
24:4B:FE:74:0A:81,Lepe-Wifi,[WPA2_PSK],2025-12-1 15:35:1,7,-80,34.0428200,-117.0535660,735.90,1.75,WIFI
C8:9E:43:C1:99:29,,[WPA2_PSK],2025-12-1 15:35:2,8,-92,34.0427933,-117.0535507,735.70,1.75,WIFI
54:07:7D:43:88:3E,NETGEAR87,[WPA2_PSK],2025-12-1 15:35:4,10,-81,34.0427818,-117.0535431,735.60,1.75,WIFI
40:47:5E:28:8E:A6,Zeitz,[WPA2_PSK],2025-12-1 15:35:5,11,-78,34.0427818,-117.0535431,735.60,1.75,WIFI
A0:8A:06:C6:78:CC,SpectrumSetup-D9,[WPA2_PSK],2025-12-1 15:35:5,11,-80,34.0427818,-117.0535431,735.60,1.75,WIFI
62:3C:68:B2:3D:EA,DIRECT-BMW 69295,[WPA2_WPA3_PSK],2025-12-1 15:35:5,11,-83,34.0427818,-117.0535431,735.60,1.75,WIFI
68:FF:7B:AE:F9:F7,14thhole,[WPA_WPA2_PSK],2025-12-1 15:35:5,11,-84,34.0427818,-117.0535431,735.60,1.75,WIFI
A6:97:5C:84:8D:6B,VTECH_5766_8d6b,[WPA2_PSK],2025-12-1 15:35:5,11,-86,34.0427818,-117.0535431,735.60,1.75,WIFI
8C:88:21:44:CA:D8,SpectrumSetup-D9_Ext,[WPA2_PSK],2025-12-1 15:35:5,11,-88,34.0427818,-117.0535431,735.60,1.75,WIFI
20:9A:7D:0F:FC:86,TCM Network,[WPA2_PSK],2025-12-1 15:35:8,1,-89,34.0427818,-117.0535431,735.60,1.75,WIFI
10:0C:6B:EA:93:5D,NETGEAR32,[WPA2_PSK],2025-12-1 15:35:11,3,-90,34.0427818,-117.0535431,735.60,1.75,WIFI
2E:23:1A:8D:76:5B,CHEVROLET9074,[WPA2_WPA3_PSK],2025-12-1 15:35:14,6,-83,34.0427208,-117.0535049,735.30,1.75,WIFI
A8:5E:45:ED:1B:68,rfhomenet,[WPA2_WPA3_PSK],2025-12-1 15:35:15,7,-78,34.0426979,-117.0534744,735.10,1.75,WIFI
AC:91:9B:93:4D:C2,Verizon_TN4QB3,[WPA2_PSK],2025-12-1 15:35:19,11,-80,34.0427170,-117.0531998,734.80,1.75,WIFI
24:16:1B:A9:6C:03,YCJUSD-Open2.4GHz,[OPEN],2025-12-1 15:35:19,11,-87,34.0427170,-117.0531998,734.80,1.75,WIFI
24:16:1B:A9:6C:00,Vendor,[WPA2_PSK],2025-12-1 15:35:19,11,-88,34.0427170,-117.0531998,734.80,1.75,WIFI
24:16:1B:A9:6C:01,,[WPA2_PSK],2025-12-1 15:35:19,11,-89,34.0427170,-117.0531998,734.80,1.75,WIFI
46:E4:EE:99:1A:C4,myChevrolet,[WPA2_PSK],2025-12-1 15:35:24,1,-74,34.0428658,-117.0526886,735.70,1.75,WIFI
4C:19:5D:0D:39:F5,Y-Fi Wing,[WPA2_PSK],2025-12-1 15:35:24,1,-89,34.0428658,-117.0526886,735.70,1.75,WIFI
5A:E4:03:8B:5F:79,Black Widow,[WPA2_PSK],2025-12-1 15:35:24,1,-92,34.0428658,-117.0526886,735.70,1.75,WIFI
02:54:AF:ED:C5:11,HotspotC511,[WPA_WPA2_PSK],2025-12-1 15:35:24,1,-93,34.0428658,-117.0526886,735.70,1.75,WIFI
00:54:AF:14:95:09,grammies wifi,[WPA_WPA2_PSK],2025-12-1 15:35:25,3,-85,34.0428963,-117.0525742,736.30,1.75,WIFI
44:07:0B:27:93:5F,virus,[WPA2_PSK],2025-12-1 15:35:28,6,-92,34.0429955,-117.0522308,737.90,1.75,WIFI
86:CC:9C:8C:2A:30,ORBI57,[WPA2_PSK],2025-12-1 15:35:29,7,-89,34.0430336,-117.0521088,738.40,1.75,WIFI
86:CC:9C:89:83:88,ORBI57,[WPA2_PSK],2025-12-1 15:35:29,7,-91,34.0430336,-117.0521088,738.40,1.75,WIFI
CE:9E:43:C1:99:29,Popeye,[WPA2_PSK],2025-12-1 15:35:30,8,-77,34.0430641,-117.0520020,739.00,1.75,WIFI
7E:D2:94:3F:F6:36,BODHI,[WPA2_PSK],2025-12-1 15:35:31,9,-82,34.0430984,-117.0518799,739.60,1.75,WIFI
84:A0:6E:BF:0A:4E,MySpectrumWiFi48-2G,[WPA2_PSK],2025-12-1 15:35:34,11,-82,34.0432091,-117.0515518,741.40,1.75,WIFI
F4:05:95:D8:E7:CC,SpectrumSetup-C6,[WPA2_PSK],2025-12-1 15:35:34,11,-88,34.0432091,-117.0515518,741.40,1.75,WIFI
34:49:5B:D3:04:46,Honey-2G,[WPA2_PSK],2025-12-1 15:35:38,1,-76,34.0433083,-117.0513077,743.10,1.75,WIFI
88:DE:7C:D9:12:13,SpectrumSetup-15,[WPA2_PSK],2025-12-1 15:35:38,1,-86,34.0433083,-117.0513077,743.10,1.75,WIFI
F0:72:EA:4B:CA:82,jstrust,[WPA2_PSK],2025-12-1 15:35:38,1,-94,34.0433083,-117.0513077,743.10,1.75,WIFI
FA:8F:CA:6F:CE:55,Onkyo TX-NR6050 F76BD7.d062,[OPEN],2025-12-1 15:35:39,2,-88,34.0433350,-117.0512772,743.20,1.75,WIFI
62:E6:F0:9A:60:E6,myChevrolet 60e6,[WPA2_PSK],2025-12-1 15:35:43,6,-70,34.0434227,-117.0513153,743.30,1.75,WIFI
4C:AB:F8:0C:09:A2,Gerald5,[WPA2_PSK],2025-12-1 15:35:43,6,-85,34.0434227,-117.0513153,743.30,1.75,WIFI
88:6A:E3:E3:42:76,tle34276,[WPA2_PSK],2025-12-1 15:35:43,6,-92,34.0434227,-117.0513153,743.30,1.75,WIFI
62:E6:F0:CF:55:EE,2022 Suburban,[WPA2_PSK],2025-12-1 15:35:44,7,-82,34.0434303,-117.0513306,743.30,1.75,WIFI
CE:9E:43:BF:4A:46,,[WPA2_PSK],2025-12-1 15:35:45,8,-84,34.0434418,-117.0513611,743.30,1.75,WIFI
7E:D2:94:40:01:03,BODHI,[WPA2_PSK],2025-12-1 15:35:46,9,-88,34.0434303,-117.0513992,743.10,1.75,WIFI
58:96:71:29:10:EA,LEPE-WIFI,[WPA3_PSK],2025-12-1 15:35:51,1,-91,34.0433464,-117.0516586,741.70,1.75,WIFI
32:8A:06:D5:79:04,,[WPA2_PSK],2025-12-1 15:35:51,1,-91,34.0433464,-117.0516586,741.70,1.75,WIFI
AA:40:A0:6F:65:F2,,[WPA2_PSK],2025-12-1 15:35:54,3,-90,34.0433044,-117.0518112,740.90,1.75,WIFI
FC:12:63:B9:65:ED,SpectrumSetup-EF,[WPA2_PSK],2025-12-1 15:35:57,6,-92,34.0432701,-117.0519180,740.10,1.75,WIFI
24:4B:FE:A5:F8:E0,Lepe-Wifi,[WPA2_PSK],2025-12-1 15:35:58,7,-80,34.0432625,-117.0519638,739.80,1.75,WIFI
04:A1:51:A2:F6:63,Abel Net,[WPA2_PSK],2025-12-1 15:35:59,8,-90,34.0432549,-117.0519943,739.70,1.75,WIFI
44:07:0B:27:92:A4,virus,[WPA2_PSK],2025-12-1 15:36:5,1,-91,34.0432053,-117.0521774,738.70,1.75,WIFI
DC:62:79:24:D0:0E,Weefee,[WPA2_PSK],2025-12-1 15:36:8,3,-91,34.0432014,-117.0521927,738.70,1.75,WIFI
F8:3E:B0:08:C0:EA,TMOBILE-C0E8,[WPA2_WPA3_PSK],2025-12-1 15:36:10,5,-87,34.0432014,-117.0521927,738.70,1.75,WIFI
BE:4C:F5:28:85:3C,CHEVROLET7198,[WPA2_WPA3_PSK],2025-12-1 15:36:11,6,-87,34.0432014,-117.0521927,738.70,1.75,WIFI
44:07:0B:27:7D:6A,virus,[WPA2_PSK],2025-12-1 15:36:11,6,-89,34.0432014,-117.0521927,738.70,1.75,WIFI
22:9F:C3:53:BB:4A,,[WPA2_PSK],2025-12-1 15:36:11,6,-89,34.0432014,-117.0521927,738.70,1.75,WIFI
7A:A4:B7:76:C0:05,,[WPA2_PSK],2025-12-1 15:36:15,10,-92,34.0432014,-117.0521927,738.60,1.50,WIFI
F4:69:42:4E:EC:D1,SpectrumSetup-D3,[WPA2_PSK],2025-12-1 15:36:16,11,-81,34.0432014,-117.0521927,738.60,1.50,WIFI
74:90:BC:B1:A8:4F,Verizon_DTZ369,[WPA2_PSK],2025-12-1 15:36:25,6,-86,34.0431671,-117.0523071,738.10,1.50,WIFI
B0:FC:88:2A:3D:37,Sherman,[WPA2_PSK],2025-12-1 15:36:25,6,-87,34.0431671,-117.0523071,738.10,1.50,WIFI
74:93:DA:A5:33:5D,SpectrumSetup-5F,[WPA2_PSK],2025-12-1 15:36:25,6,-94,34.0431671,-117.0523071,738.10,1.50,WIFI
A6:C9:EB:CB:32:40,,[WPA2_PSK],2025-12-1 15:36:27,8,-90,34.0431442,-117.0523376,737.80,1.50,WIFI
AA:C9:EB:CB:32:40,Haddad-Guest,[WPA2_PSK],2025-12-1 15:36:27,8,-90,34.0431442,-117.0523376,737.80,1.50,WIFI
82:D2:94:41:A6:D4,,[WPA2_PSK],2025-12-1 15:36:28,9,-92,34.0431404,-117.0523453,737.70,1.50,WIFI
1C:36:BB:05:EA:D6,BARRIOS TEAM,[WPA2_PSK],2025-12-1 15:36:30,11,-93,34.0431366,-117.0523529,737.70,1.50,WIFI
22:AD:56:2D:E3:93,HotspotE393,[WPA_WPA2_PSK],2025-12-1 15:36:33,1,-78,34.0430794,-117.0523682,737.10,1.50,WIFI
AA:40:A0:6F:6C:F5,,[WPA2_PSK],2025-12-1 15:36:36,3,-89,34.0430565,-117.0523682,736.50,1.50,WIFI
80:CC:9C:E6:60:2A,Sherman,[WPA2_PSK],2025-12-1 15:36:39,6,-81,34.0429916,-117.0524216,736.30,1.50,WIFI
7E:D2:94:41:A6:D4,BODHI,[WPA2_PSK],2025-12-1 15:36:42,9,-85,34.0429268,-117.0526047,736.10,1.50,WIFI
02:9C:17:1C:4C:61,TeslaPW_FWFNNK,[WPA2_PSK],2025-12-1 15:36:44,11,-93,34.0428810,-117.0527954,735.90,1.50,WIFI
C8:93:46:84:43:84,ModernFormsFan_844384,[WPA_WPA2_PSK],2025-12-1 15:36:53,6,-91,34.0427895,-117.0531616,735.50,1.75,WIFI
CC:40:D0:FA:11:62,PPSUP,[WPA2_PSK],2025-12-1 15:36:55,8,-81,34.0427818,-117.0531998,735.50,1.75,WIFI
2A:03:EB:67:86:19,myChevrolet2969,[WPA2_PSK],2025-12-1 15:37:1,1,-82,34.0427589,-117.0533142,735.00,1.50,WIFI
80:CC:9C:22:36:C2,NETGEAR97,[WPA2_PSK],2025-12-1 15:37:1,1,-86,34.0427589,-117.0533142,735.00,1.50,WIFI
00:25:F0:69:9A:54,tl699a54,[WPA2_PSK],2025-12-1 15:37:1,1,-91,34.0427589,-117.0533142,735.00,1.50,WIFI
74:37:5F:A7:54:43,Spectrum Home,[WPA2_PSK],2025-12-1 15:37:7,6,-85,34.0428009,-117.0534973,734.80,1.50,WIFI
4C:19:5D:A8:AD:25,SpectrumSetup-1F,[WPA2_PSK],2025-12-1 15:37:7,6,-89,34.0428009,-117.0534973,734.80,1.50,WIFI
12:E8:A7:4D:51:04,myGMC 5104,[WPA2_PSK],2025-12-1 15:37:8,7,-90,34.0428505,-117.0535431,735.10,1.50,WIFI
00:54:AF:32:60:62,Hotspot6062,[WPA_WPA2_PSK],2025-12-1 15:37:10,9,-91,34.0429993,-117.0536346,735.60,1.50,WIFI
AC:91:9B:A4:3E:1E,Verizon_F7KGYV,[WPA2_PSK],2025-12-1 15:37:12,11,-84,34.0431938,-117.0537567,736.00,1.50,WIFI
28:9E:FC:63:66:7E,MySpectrumWiFi78-2G,[WPA2_PSK],2025-12-1 15:37:12,11,-89,34.0431938,-117.0537567,736.00,1.50,WIFI
82:5B:65:46:E0:18,[LG_Oven]e018,[WPA2_PSK],2025-12-1 15:37:12,11,-91,34.0431938,-117.0537567,736.00,1.50,WIFI
A4:2B:8C:D1:95:43,Funridge,[WPA2_PSK],2025-12-1 15:37:15,1,-80,34.0434875,-117.0540085,736.20,1.50,WIFI
94:F7:17:EC:33:D8,,[WPA_WPA2_PSK],2025-12-1 15:37:19,4,-70,34.0438576,-117.0543747,735.60,1.50,WIFI
9C:57:BC:65:53:69,,[OPEN],2025-12-1 15:37:21,6,-77,34.0440025,-117.0545349,735.30,1.50,WIFI
FA:6D:CC:BA:C8:19,myChevrolet C819,[WPA2_PSK],2025-12-1 15:37:22,7,-85,34.0440598,-117.0546036,735.10,1.50,WIFI
10:2C:B1:3A:52:20,,[WPA_WPA2_PSK],2025-12-1 15:37:25,10,-97,34.0441895,-117.0547409,734.60,1.50,WIFI
22:48:6C:57:B4:CD,,[WPA2_PSK],2025-12-1 15:37:26,11,-81,34.0442162,-117.0547791,734.60,1.50,WIFI
C4:A8:16:C7:94:43,,[WPA3_PSK],2025-12-1 15:37:29,1,-81,34.0442505,-117.0548172,734.50,1.50,WIFI
C2:A5:11:20:13:3A,ORBI42,[WPA2_PSK],2025-12-1 15:37:32,3,-83,34.0442505,-117.0548172,734.50,1.50,WIFI
C6:A5:11:20:13:3A,,[WPA2_PSK],2025-12-1 15:37:32,3,-84,34.0442505,-117.0548172,734.50,1.50,WIFI
88:D7:F6:E3:D1:18,Area 51,[WPA2_PSK],2025-12-1 15:37:32,3,-88,34.0442505,-117.0548172,734.50,1.50,WIFI
9C:57:BC:65:53:66,Offenstein Network,[WPA2_PSK],2025-12-1 15:37:35,6,-83,34.0442543,-117.0548172,734.50,1.50,WIFI
90:D3:CF:DD:BB:86,SpectrumSetup-BB89,[WPA2_PSK],2025-12-1 15:37:35,6,-86,34.0442543,-117.0548172,734.50,1.50,WIFI
C8:9E:43:CC:80:C0,ORBI38,[WPA2_PSK],2025-12-1 15:37:37,8,-87,34.0442543,-117.0548172,734.40,1.50,WIFI
38:88:71:3C:D1:D5,emerys wifi,[WPA2_PSK],2025-12-1 15:37:40,11,-92,34.0442543,-117.0548172,734.30,1.50,WIFI
FA:25:FE:99:62:22,myChevrolet0854,[WPA2_PSK],2025-12-1 15:37:43,1,-86,34.0442543,-117.0548172,734.20,1.50,WIFI
CC:2D:21:2B:77:69,TheWifisOnTheWall,[WPA_WPA2_PSK],2025-12-1 15:37:43,1,-89,34.0442543,-117.0548172,734.20,1.50,WIFI
22:FD:80:AE:B4:91,DIRECT-Dk-RB43930074,[WPA2_PSK],2025-12-1 15:37:49,6,-76,34.0442581,-117.0548172,734.10,1.50,WIFI
08:9B:F1:25:97:63,,[WPA3_PSK],2025-12-1 15:37:49,6,-86,34.0442581,-117.0548172,734.10,1.50,WIFI
30:45:11:55:D1:0B,Bose ST 10 (BC1FEF),[OPEN],2025-12-1 15:37:54,11,-87,34.0442734,-117.0548325,734.00,1.50,WIFI
AC:91:9B:D9:C5:5E,Verizon_3KY9WT,[WPA2_PSK],2025-12-1 15:37:54,11,-92,34.0442734,-117.0548325,734.00,1.50,WIFI
E2:9F:C2:37:AF:E2,,[WPA2_PSK],2025-12-1 15:37:57,1,-90,34.0443382,-117.0549469,733.60,1.50,WIFI
1C:3B:F3:1B:40:52,Happy Tree,[WPA2_PSK],2025-12-1 15:37:59,2,-77,34.0443535,-117.0550766,733.60,1.50,WIFI
22:3B:F3:1B:40:52,,[WPA2_PSK],2025-12-1 15:37:59,2,-80,34.0443535,-117.0550766,733.60,1.50,WIFI
36:94:01:4F:AC:10,HARNISH_HOMESTEAD_CA-IoT,[WPA2_PSK],2025-12-1 15:38:1,4,-90,34.0442963,-117.0552673,733.00,1.50,WIFI
CC:2D:21:2B:77:61,TheWifisOnTheWall,[WPA_WPA2_PSK],2025-12-1 15:38:3,6,-86,34.0441856,-117.0554886,732.10,1.50,WIFI
08:9B:F1:25:97:67,,[OPEN],2025-12-1 15:38:3,6,-88,34.0441856,-117.0554886,732.10,1.50,WIFI
6C:C2:17:1F:94:2D,HP-Print-2D-Officejet Pro 8610,[OPEN],2025-12-1 15:38:3,6,-89,34.0441856,-117.0554886,732.10,1.50,WIFI
4C:22:F3:5D:A5:73,Verizon_N9D6TD,[WPA2_PSK],2025-12-1 15:38:11,1,-71,34.0435791,-117.0567780,726.00,1.50,WIFI
F0:B6:61:FC:82:64,,[WPA3_PSK],2025-12-1 15:38:11,1,-76,34.0435791,-117.0567780,726.00,1.50,WIFI
F0:B6:61:FC:82:6A,,[OPEN],2025-12-1 15:38:11,1,-77,34.0435791,-117.0567780,726.00,1.50,WIFI
F0:B6:61:FC:82:67,760 Boop,[WPA2_PSK],2025-12-1 15:38:11,1,-77,34.0435791,-117.0567780,726.00,1.50,WIFI
C4:A8:16:C2:23:C3,,[WPA3_PSK],2025-12-1 15:38:11,1,-84,34.0435791,-117.0567780,726.00,1.50,WIFI
C4:A8:16:C2:23:C9,,[OPEN],2025-12-1 15:38:11,1,-84,34.0435791,-117.0567780,726.00,1.50,WIFI
A0:EE:EE:D9:EC:B0,,[WPA_WPA2_PSK],2025-12-1 15:38:11,1,-87,34.0435791,-117.0567780,726.00,1.50,WIFI
C2:A5:11:2E:16:7E,ORBI42,[WPA2_PSK],2025-12-1 15:38:14,3,-89,34.0433273,-117.0573349,722.90,1.50,WIFI
AA:63:91:8F:E1:51,,[WPA2_PSK],2025-12-1 15:38:16,5,-94,34.0431557,-117.0577087,720.80,1.50,WIFI
9C:57:BC:B4:0E:89,,[OPEN],2025-12-1 15:38:22,11,-87,34.0425034,-117.0587769,714.50,1.50,WIFI
BC:96:E5:87:A7:05,Home1,[WPA2_PSK],2025-12-1 15:38:25,1,-85,34.0420876,-117.0592422,711.10,1.75,WIFI
4C:19:5D:87:55:FB,SpectrumSetup-F5,[WPA2_PSK],2025-12-1 15:38:25,1,-85,34.0420876,-117.0592422,711.10,1.75,WIFI
16:67:BE:36:0F:A6,,[WPA2_PSK],2025-12-1 15:38:25,1,-93,34.0420876,-117.0592422,711.10,1.75,WIFI
A0:1D:48:CE:E5:DF,HP-Print-DF-Photosmart 7520,[WPA2_PSK],2025-12-1 15:38:25,1,-93,34.0420876,-117.0592422,711.10,1.75,WIFI
CE:9E:43:5E:73:C4,,[WPA2_PSK],2025-12-1 15:38:28,3,-78,34.0416489,-117.0597076,708.40,1.75,WIFI
84:A9:3E:2B:8B:98,DIRECT-97-HP OfficeJet 6950,[WPA2_PSK],2025-12-1 15:38:31,6,-87,34.0412102,-117.0601654,706.80,1.50,WIFI
FC:12:63:27:49:DE,Verizon_3GCJ37,[WPA2_PSK],2025-12-1 15:38:31,6,-88,34.0412102,-117.0601654,706.80,1.50,WIFI
0E:36:C9:E4:E6:57,MyFi,[WPA2_PSK],2025-12-1 15:38:33,8,-81,34.0409241,-117.0604706,706.50,1.50,WIFI
08:36:C9:E4:E6:57,,[WPA2_PSK],2025-12-1 15:38:33,8,-81,34.0409241,-117.0604706,706.50,1.50,WIFI
12:36:C9:E4:E6:57,MySpectrumWifi80-2G-Guest,[WPA2_PSK],2025-12-1 15:38:33,8,-81,34.0409241,-117.0604706,706.50,1.50,WIFI
12:36:C9:E6:E0:0D,MySpectrumWifi80-2G-Guest,[WPA2_PSK],2025-12-1 15:38:33,8,-85,34.0409241,-117.0604706,706.50,1.50,WIFI
0E:36:C9:E4:E6:4F,MyFi,[WPA2_PSK],2025-12-1 15:38:33,8,-86,34.0409241,-117.0604706,706.50,1.50,WIFI
08:36:C9:E6:E0:0D,MyFi,[WPA2_PSK],2025-12-1 15:38:33,8,-86,34.0409241,-117.0604706,706.50,1.50,WIFI
0E:36:C9:E6:E0:0D,,[WPA2_PSK],2025-12-1 15:38:33,8,-86,34.0409241,-117.0604706,706.50,1.50,WIFI
12:36:C9:E4:E6:4F,MySpectrumWifi80-2G-Guest,[WPA2_PSK],2025-12-1 15:38:33,8,-90,34.0409241,-117.0604706,706.50,1.50,WIFI
08:36:C9:E4:E6:4F,,[WPA2_PSK],2025-12-1 15:38:33,8,-90,34.0409241,-117.0604706,706.50,1.50,WIFI
64:C2:69:A1:87:47,,[OPEN],2025-12-1 15:38:36,11,-83,34.0404968,-117.0609283,705.80,1.50,WIFI
64:C2:69:A1:87:45,Eero *,[WPA2_PSK],2025-12-1 15:38:36,11,-84,34.0404968,-117.0609283,705.80,1.50,WIFI
78:76:89:2D:D5:EA,,[OPEN],2025-12-1 15:38:36,11,-87,34.0404968,-117.0609283,705.80,1.50,WIFI
78:76:89:2D:D5:E7,Our Home 2,[WPA2_PSK],2025-12-1 15:38:36,11,-88,34.0404968,-117.0609283,705.80,1.50,WIFI
F4:52:46:6E:5D:6C,SpectrumSetup-50C8,[WPA2_PSK],2025-12-1 15:38:36,11,-90,34.0404968,-117.0609283,705.80,1.50,WIFI
F4:69:42:25:2D:BD,TCafe,[WPA2_PSK],2025-12-1 15:38:38,1,-71,34.0402145,-117.0612411,704.80,1.50,WIFI
1A:60:41:7C:A2:A1,,[WPA2_WPA3_PSK],2025-12-1 15:38:38,1,-81,34.0402145,-117.0612411,704.80,1.50,WIFI
08:7B:12:69:76:FB,MySpectrumWiFif6-5G,[WPA2_PSK],2025-12-1 15:38:38,1,-82,34.0402145,-117.0612411,704.80,1.50,WIFI
BE:D7:D4:CE:C0:60,,[WPA2_PSK],2025-12-1 15:38:38,1,-83,34.0402145,-117.0612411,704.80,1.50,WIFI
18:60:41:0C:A2:A1,TMOBILE-A29F,[WPA2_WPA3_PSK],2025-12-1 15:38:38,1,-84,34.0402145,-117.0612411,704.80,1.50,WIFI
2C:58:4F:03:FA:B8,Frontier2064_2.4,[WPA2_PSK],2025-12-1 15:38:38,1,-93,34.0402145,-117.0612411,704.80,1.50,WIFI
7C:10:C9:7B:19:C9,HomeSweetHome,[WPA2_PSK],2025-12-1 15:38:42,3,-85,34.0397148,-117.0619202,701.60,1.50,WIFI
88:DE:7C:43:DA:F4,Guzman,[WPA2_PSK],2025-12-1 15:38:45,6,-78,34.0393982,-117.0624924,698.10,1.75,WIFI
28:BD:89:0B:37:96,Office,[WPA2_PSK],2025-12-1 15:38:45,6,-80,34.0393982,-117.0624924,698.10,1.75,WIFI
7E:87:CE:AE:2B:2A,DTUP-A0018DBC,[OPEN],2025-12-1 15:38:45,6,-81,34.0393982,-117.0624924,698.10,1.75,WIFI
4C:19:5D:03:EF:37,SpectrumSteed,[WPA2_PSK],2025-12-1 15:38:45,6,-84,34.0393982,-117.0624924,698.10,1.75,WIFI
94:A6:7E:77:3A:23,MARBELLA,[WPA2_PSK],2025-12-1 15:38:46,7,-73,34.0393028,-117.0626984,696.70,1.75,WIFI
5A:AF:97:53:40:6A,,[WPA2_PSK],2025-12-1 15:38:47,8,-93,34.0392075,-117.0629044,695.20,1.75,WIFI
B6:92:4A:5E:13:A6,,[WPA2_PSK],2025-12-1 15:38:50,11,-77,34.0389328,-117.0635376,692.00,1.50,WIFI
3C:37:86:4F:F7:7C,NETGEAR44,[WPA2_PSK],2025-12-1 15:38:50,11,-80,34.0389328,-117.0635376,692.00,1.50,WIFI
F0:B6:61:64:5A:04,,[WPA3_PSK],2025-12-1 15:38:50,11,-86,34.0389328,-117.0635376,692.00,1.50,WIFI
F0:B6:61:64:5A:07,Duncans wifi extender,[WPA2_PSK],2025-12-1 15:38:50,11,-90,34.0389328,-117.0635376,692.00,1.50,WIFI
88:67:46:86:7D:23,,[WPA3_PSK],2025-12-1 15:38:52,1,-81,34.0387535,-117.0639343,690.50,1.50,WIFI
88:67:46:86:7D:29,,[OPEN],2025-12-1 15:38:52,1,-81,34.0387535,-117.0639343,690.50,1.50,WIFI
C8:C6:FE:98:91:E3,,[WPA3_PSK],2025-12-1 15:38:52,1,-86,34.0387535,-117.0639343,690.50,1.50,WIFI
42:37:86:11:C0:55,SECURE-HOME,[WPA2_PSK],2025-12-1 15:38:56,3,-93,34.0384102,-117.0647125,688.20,1.50,WIFI
40:47:5E:2E:63:63,,[WPA3_PSK],2025-12-1 15:38:59,6,-70,34.0381851,-117.0652390,686.60,1.50,WIFI
40:47:5E:2E:63:69,,[OPEN],2025-12-1 15:38:59,6,-72,34.0381851,-117.0652390,686.60,1.50,WIFI
C4:A8:16:1D:BF:85,,[WPA3_PSK],2025-12-1 15:38:59,6,-75,34.0381851,-117.0652390,686.60,1.50,WIFI
C4:A8:16:1D:BF:88,Romriell,[WPA2_PSK],2025-12-1 15:38:59,6,-75,34.0381851,-117.0652390,686.60,1.50,WIFI
C4:A8:16:1D:BF:8B,,[OPEN],2025-12-1 15:38:59,6,-76,34.0381851,-117.0652390,686.60,1.50,WIFI
40:47:5E:2E:63:66,BROWN,[WPA2_PSK],2025-12-1 15:38:59,6,-77,34.0381851,-117.0652390,686.60,1.50,WIFI
74:B6:B6:6F:90:65,BROWN,[WPA2_PSK],2025-12-1 15:38:59,6,-79,34.0381851,-117.0652390,686.60,1.50,WIFI
78:76:89:2C:DC:C4,,[WPA3_PSK],2025-12-1 15:38:59,6,-80,34.0381851,-117.0652390,686.60,1.50,WIFI
74:B6:B6:6F:90:67,,[OPEN],2025-12-1 15:38:59,6,-80,34.0381851,-117.0652390,686.60,1.50,WIFI
74:B6:B6:6F:90:63,,[WPA3_PSK],2025-12-1 15:38:59,6,-80,34.0381851,-117.0652390,686.60,1.50,WIFI
74:B6:B6:6F:0D:C7,,[OPEN],2025-12-1 15:38:59,6,-81,34.0381851,-117.0652390,686.60,1.50,WIFI
74:B6:B6:6F:0D:C5,BROWN,[WPA2_PSK],2025-12-1 15:38:59,6,-81,34.0381851,-117.0652390,686.60,1.50,WIFI
74:B6:B6:6F:0D:C3,,[WPA3_PSK],2025-12-1 15:38:59,6,-82,34.0381851,-117.0652390,686.60,1.50,WIFI
74:B6:B6:6F:7A:C3,,[WPA3_PSK],2025-12-1 15:38:59,6,-84,34.0381851,-117.0652390,686.60,1.50,WIFI
74:B6:B6:6F:7A:C5,BROWN,[WPA2_PSK],2025-12-1 15:38:59,6,-84,34.0381851,-117.0652390,686.60,1.50,WIFI
F8:AA:3F:EC:B8:87,SpectrumSetup-85,[WPA2_PSK],2025-12-1 15:38:59,6,-85,34.0381851,-117.0652390,686.60,1.50,WIFI
00:25:F0:61:7A:1E,tl617a1e,[WPA2_PSK],2025-12-1 15:38:59,6,-87,34.0381851,-117.0652390,686.60,1.50,WIFI
8E:53:E6:3E:27:26,rybo5454,[WPA2_PSK],2025-12-1 15:38:59,7,-84,34.0381851,-117.0652390,686.60,1.50,WIFI
B0:95:75:3D:A0:8C,Kim,[WPA2_PSK],2025-12-1 15:39:3,9,-82,34.0379372,-117.0658035,685.00,1.50,WIFI
F0:7B:65:0F:6A:15,YurMom,[WPA2_PSK],2025-12-1 15:39:5,11,-76,34.0378494,-117.0660095,684.40,1.50,WIFI
5A:E4:03:34:AD:A3,Joeys Equinox,[WPA2_PSK],2025-12-1 15:39:14,6,-59,34.0377045,-117.0663300,683.10,1.50,WIFI
02:92:A5:27:94:63,Wifi Wifi,[WPA2_WPA3_PSK],2025-12-1 15:39:14,6,-77,34.0377045,-117.0663300,683.10,1.50,WIFI
E6:90:AE:BE:F3:C6,FiggyEquinox,[WPA2_WPA3_PSK],2025-12-1 15:39:14,6,-81,34.0377045,-117.0663300,683.10,1.50,WIFI
D0:CB:DD:B5:98:05,,[WPA3_PSK],2025-12-1 15:39:14,6,-87,34.0377045,-117.0663300,683.10,1.50,WIFI
B8:66:85:50:D2:EE,MySpectrumWiFie8-2G,[WPA2_PSK],2025-12-1 15:39:14,6,-91,34.0377045,-117.0663300,683.10,1.50,WIFI
C4:A8:16:1C:A4:CB,,[OPEN],2025-12-1 15:39:19,11,-76,34.0377045,-117.0663300,683.00,1.50,WIFI
C4:A8:16:1C:A4:C5,,[WPA3_PSK],2025-12-1 15:39:19,11,-80,34.0377045,-117.0663300,683.00,1.50,WIFI
3C:28:6D:C0:6B:30,DropItLikeItsHotspot,[WPA2_PSK],2025-12-1 15:39:19,11,-81,34.0377045,-117.0663300,683.00,1.50,WIFI
6C:70:9F:E0:B4:D2,PrettyFlyForAWiFi_,[WPA2_PSK],2025-12-1 15:39:19,11,-83,34.0377045,-117.0663300,683.00,1.50,WIFI
2C:00:AB:D8:53:58,Frontier3184,[WPA2_PSK],2025-12-1 15:39:19,11,-87,34.0377045,-117.0663300,683.00,1.50,WIFI
24:94:CB:EA:05:68,Frontier1392,[WPA2_PSK],2025-12-1 15:39:23,1,-88,34.0376968,-117.0663452,682.80,1.50,WIFI
44:D4:53:79:57:C6,SpectrumSetup-C0,[WPA2_PSK],2025-12-1 15:39:23,1,-88,34.0376968,-117.0663452,682.80,1.50,WIFI
4C:AB:F8:52:34:E9,dukeshouse,[WPA2_PSK],2025-12-1 15:39:28,6,-78,34.0376091,-117.0665436,682.30,1.50,WIFI
FC:3F:DB:C9:C0:D3,DIRECT-D2-HP Officejet 5740,[WPA2_PSK],2025-12-1 15:39:28,6,-88,34.0376091,-117.0665436,682.30,1.50,WIFI
5A:E4:03:F9:8B:28,myChevrolet 8B28,[WPA2_PSK],2025-12-1 15:39:29,7,-91,34.0375748,-117.0666275,682.20,1.50,WIFI
14:7D:05:4E:34:6F,SpectrumSetup-6D,[WPA2_PSK],2025-12-1 15:39:32,11,-81,34.0374718,-117.0668488,681.70,1.50,WIFI
F4:52:46:9E:C0:7D,SpectrumSetup-C080,[WPA2_PSK],2025-12-1 15:39:32,11,-86,34.0374718,-117.0668488,681.70,1.50,WIFI
1E:BF:C0:40:C4:56,DIRECT-56-HP M148f LaserJet,[WPA2_PSK],2025-12-1 15:39:42,6,-80,34.0376854,-117.0674133,682.50,1.50,WIFI
9C:0B:05:55:30:04,,[WPA3_PSK],2025-12-1 15:39:42,6,-82,34.0376854,-117.0674133,682.50,1.50,WIFI
46:31:78:71:0E:CF,,[WPA2_PSK],2025-12-1 15:39:47,11,-81,34.0381699,-117.0678101,683.20,1.50,WIFI
4A:31:78:71:0E:CF,Guest_GarciaHome,[WPA2_PSK],2025-12-1 15:39:47,11,-81,34.0381699,-117.0678101,683.20,1.50,WIFI
42:31:78:71:0E:CF,Security_710ECC,[WPA2_PSK],2025-12-1 15:39:47,11,-83,34.0381699,-117.0678101,683.20,1.50,WIFI
A6:97:5C:89:DE:67,VTECH_5754_de67,[WPA2_PSK],2025-12-1 15:39:47,11,-87,34.0381699,-117.0678101,683.20,1.50,WIFI
4A:31:78:71:0D:EB,Guest_GarciaHome,[WPA2_PSK],2025-12-1 15:39:47,11,-88,34.0381699,-117.0678101,683.20,1.50,WIFI
3C:31:78:71:0D:EB,GarciaHome,[WPA2_PSK],2025-12-1 15:39:47,11,-91,34.0381699,-117.0678101,683.20,1.50,WIFI
7C:EC:79:BE:CD:77,ENVOY_003597,[OPEN],2025-12-1 15:39:47,11,-92,34.0381699,-117.0678101,683.20,1.50,WIFI
46:D4:53:74:DC:CF,SpectrumSetup-C8,[WPA2_PSK],2025-12-1 15:39:47,11,-93,34.0381699,-117.0678101,683.20,1.50,WIFI
8A:8A:20:B1:D0:80,,[WPA2_PSK],2025-12-1 15:39:50,1,-73,34.0383949,-117.0680695,683.20,1.50,WIFI
78:8A:20:B1:D0:80,Yucaipa Valley Golf Admin,[WPA2_WPA3_PSK],2025-12-1 15:39:50,1,-80,34.0383949,-117.0680695,683.20,1.50,WIFI
82:8A:20:B1:D0:80,Yucaipa Valley Golf Guest,[OPEN],2025-12-1 15:39:50,1,-80,34.0383949,-117.0680695,683.20,1.50,WIFI
86:8A:20:B1:D0:80,Lightspeed POS,[WPA2_PSK],2025-12-1 15:39:50,1,-80,34.0383949,-117.0680695,683.20,1.50,WIFI
7E:8A:20:B1:D0:80,The Pavillion,[OPEN],2025-12-1 15:39:50,1,-81,34.0383949,-117.0680695,683.20,1.50,WIFI
B0:FC:88:31:E7:88,CP123,[WPA2_PSK],2025-12-1 15:39:50,1,-84,34.0383949,-117.0680695,683.20,1.50,WIFI
90:D3:CF:C0:2C:0A,SpectrumSetup-2C0D,[WPA2_PSK],2025-12-1 15:39:56,6,-73,34.0385857,-117.0683823,683.50,1.50,WIFI
28:BD:89:FB:CC:F2,The Cullens Google,[WPA2_PSK],2025-12-1 15:39:56,6,-84,34.0385857,-117.0683823,683.50,1.50,WIFI
7A:D7:9A:7A:C4:6D,,[WPA2_PSK],2025-12-1 15:39:56,6,-86,34.0385857,-117.0683823,683.50,1.50,WIFI
76:D7:9A:7A:C4:6D,Lightspeed POS,[WPA2_PSK],2025-12-1 15:39:56,6,-87,34.0385857,-117.0683823,683.50,1.50,WIFI
D0:21:F9:7C:45:22,Yucaipa Valley Golf Admin,[WPA2_WPA3_PSK],2025-12-1 15:39:56,6,-89,34.0385857,-117.0683823,683.50,1.50,WIFI
6E:D7:9A:7A:C4:6D,The Pavillion,[OPEN],2025-12-1 15:39:56,6,-90,34.0385857,-117.0683823,683.50,1.50,WIFI
22:E8:29:5A:4D:71,Lightspeed POS,[WPA2_PSK],2025-12-1 15:39:56,6,-93,34.0385857,-117.0683823,683.50,1.50,WIFI
50:D4:F7:17:E0:19,PhamNet_EXT,[WPA_WPA2_PSK],2025-12-1 15:40:0,10,-93,34.0386162,-117.0684738,683.60,1.50,WIFI
DC:F3:1C:11:EE:E2,TeslaPW_JCHAWN,[WPA2_PSK],2025-12-1 15:40:1,11,-88,34.0386238,-117.0684891,683.60,1.50,WIFI
92:03:71:45:7E:43,TeslaPW_DZYGVV,[WPA2_PSK],2025-12-1 15:40:1,11,-90,34.0386238,-117.0684891,683.60,1.50,WIFI
46:31:78:71:0F:0F,,[WPA2_PSK],2025-12-1 15:40:1,11,-92,34.0386238,-117.0684891,683.60,1.50,WIFI
3C:31:78:71:0F:0F,GarciaHome,[WPA2_PSK],2025-12-1 15:40:1,11,-93,34.0386238,-117.0684891,683.60,1.50,WIFI
42:31:78:71:0F:0F,Security_710ECC,[WPA2_PSK],2025-12-1 15:40:1,11,-93,34.0386238,-117.0684891,683.60,1.50,WIFI
F0:22:1D:8C:09:A2,,[WPA2_PSK],2025-12-1 15:40:2,13,-95,34.0386314,-117.0685120,683.50,1.50,WIFI
CC:F4:11:0D:36:A8,The Cullens Google,[WPA2_PSK],2025-12-1 15:40:4,1,-90,34.0386658,-117.0685883,683.20,1.75,WIFI
24:29:34:D6:2D:48,The Cullens Google,[WPA2_PSK],2025-12-1 15:40:4,1,-90,34.0386658,-117.0685883,683.20,1.75,WIFI
D6:21:F9:7C:45:22,Yucaipa Valley Golf Guest,[OPEN],2025-12-1 15:40:10,6,-87,34.0388336,-117.0692749,683.10,1.75,WIFI
DE:21:F9:7C:45:22,,[WPA2_PSK],2025-12-1 15:40:10,6,-90,34.0388336,-117.0692749,683.10,1.75,WIFI
B6:15:A2:B3:01:4A,,[WPA2_PSK],2025-12-1 15:40:12,8,-92,34.0388680,-117.0695648,683.30,1.75,WIFI
B2:15:A2:B3:01:4A,ShawGuest,[WPA2_PSK],2025-12-1 15:40:12,8,-93,34.0388680,-117.0695648,683.30,1.75,WIFI
2C:EA:DC:8C:ED:14,Cortez,[WPA2_PSK],2025-12-1 15:40:15,11,-61,34.0389137,-117.0700073,683.40,1.75,WIFI
A4:6B:1F:88:D6:91,CougarNation#20 Guest,[WPA2_PSK],2025-12-1 15:40:15,11,-72,34.0389137,-117.0700073,683.40,1.75,WIFI
A4:6B:1F:88:D6:85,,[WPA3_PSK],2025-12-1 15:40:15,11,-75,34.0389137,-117.0700073,683.40,1.75,WIFI
98:F7:81:C9:10:EB,Frontier4432,[WPA2_PSK],2025-12-1 15:40:15,11,-77,34.0389137,-117.0700073,683.40,1.75,WIFI
A4:6B:1F:88:D6:88,CougarNation#20,[WPA2_PSK],2025-12-1 15:40:15,11,-78,34.0389137,-117.0700073,683.40,1.75,WIFI
A4:6B:1F:88:D6:8B,,[OPEN],2025-12-1 15:40:15,11,-78,34.0389137,-117.0700073,683.40,1.75,WIFI
A4:6B:1F:8C:84:0B,,[OPEN],2025-12-1 15:40:15,11,-80,34.0389137,-117.0700073,683.40,1.75,WIFI
A4:6B:1F:8C:84:05,,[WPA3_PSK],2025-12-1 15:40:15,11,-81,34.0389137,-117.0700073,683.40,1.75,WIFI
A4:6B:1F:8C:84:11,CougarNation#20 Guest,[WPA2_PSK],2025-12-1 15:40:15,11,-82,34.0389137,-117.0700073,683.40,1.75,WIFI
A4:6B:1F:8C:84:08,CougarNation#20,[WPA2_PSK],2025-12-1 15:40:15,11,-83,34.0389137,-117.0700073,683.40,1.75,WIFI
48:BA:4E:19:13:4F,DIRECT-4E-HP OfficeJet 4650,[WPA2_PSK],2025-12-1 15:40:15,11,-89,34.0389137,-117.0700073,683.40,1.75,WIFI
2C:67:BE:29:B7:C8,Hughes,[WPA2_PSK],2025-12-1 15:40:16,1,-69,34.0389252,-117.0701370,683.50,1.75,WIFI
DC:62:79:9C:D7:26,Hughes_EXT,[WPA2_PSK],2025-12-1 15:40:16,1,-83,34.0389252,-117.0701370,683.50,1.75,WIFI
80:78:71:A8:68:89,JoyHome,[WPA2_PSK],2025-12-1 15:40:24,6,-68,34.0389786,-117.0705872,683.60,1.75,WIFI
AC:15:A2:B3:01:4A,ShawHome,[WPA2_PSK],2025-12-1 15:40:26,8,-78,34.0389786,-117.0705948,683.60,1.75,WIFI
AC:15:A2:B3:00:41,ShawHome,[WPA2_PSK],2025-12-1 15:40:26,8,-90,34.0389786,-117.0705948,683.60,1.75,WIFI
D8:0F:99:A3:55:3D,Monge Wifi 2,[WPA_WPA2_PSK],2025-12-1 15:40:29,11,-90,34.0390015,-117.0706635,683.40,1.75,WIFI
F4:52:46:1D:F4:65,nunez,[WPA2_PSK],2025-12-1 15:40:31,1,-84,34.0390015,-117.0706711,683.40,1.75,WIFI
A4:97:33:4C:4F:31,SpectrumSetup-33,[WPA2_PSK],2025-12-1 15:40:31,1,-93,34.0390015,-117.0706711,683.40,1.75,WIFI
B0:D8:88:C4:79:01,TOYOTA Camry_790188c4b0d8,[WPA2_PSK],2025-12-1 15:40:35,3,-79,34.0390053,-117.0706863,683.50,1.75,WIFI
58:9B:4A:A3:99:80,Froggman7796,[WPA2_PSK],2025-12-1 15:40:38,6,-85,34.0390396,-117.0708923,683.70,1.75,WIFI
F0:72:EA:50:27:8A,Lee Family,[WPA2_PSK],2025-12-1 15:40:38,6,-89,34.0390396,-117.0708923,683.70,1.75,WIFI
32:23:03:B6:CD:46,Linksys00128-guest,[OPEN],2025-12-1 15:40:38,6,-92,34.0390396,-117.0708923,683.70,1.75,WIFI
B2:15:A2:B3:00:41,ShawGuest,[WPA2_PSK],2025-12-1 15:40:40,8,-69,34.0390816,-117.0711212,684.00,1.75,WIFI
AC:15:A2:B3:00:37,ShawHome,[WPA2_PSK],2025-12-1 15:40:40,8,-75,34.0390816,-117.0711212,684.00,1.75,WIFI
B2:15:A2:B3:00:37,ShawGuest,[WPA2_PSK],2025-12-1 15:40:40,8,-83,34.0390816,-117.0711212,684.00,1.75,WIFI
CC:F4:11:78:39:15,Lee Family,[WPA2_PSK],2025-12-1 15:40:43,11,-73,34.0391769,-117.0715256,684.30,1.50,WIFI
A0:8A:06:D7:1E:5F,SpectrumSetup-EA8B,[WPA2_PSK],2025-12-1 15:40:45,1,-72,34.0392570,-117.0718155,684.50,1.50,WIFI
5A:E4:03:4B:3B:96,DIRECT-MBUX 17494,[WPA2_PSK],2025-12-1 15:40:45,1,-90,34.0392570,-117.0718155,684.50,1.50,WIFI
84:A0:6E:C7:71:FE,MySpectrumWiFif8-2G,[WPA2_PSK],2025-12-1 15:40:45,1,-93,34.0392570,-117.0718155,684.50,1.50,WIFI
8C:85:80:63:01:28,,[WPA_WPA2_PSK],2025-12-1 15:40:45,1,-94,34.0392570,-117.0718155,684.50,1.50,WIFI
3E:94:ED:44:8B:41,,[WPA2_PSK],2025-12-1 15:40:50,4,-92,34.0394936,-117.0724716,684.70,1.75,WIFI
F0:72:EA:94:0B:E2,Lee Family,[WPA2_PSK],2025-12-1 15:40:52,6,-68,34.0395775,-117.0726776,684.90,1.50,WIFI
C2:07:85:D8:F2:FC,iPhone!,[WPA2_PSK],2025-12-1 15:40:52,6,-71,34.0395775,-117.0726776,684.90,1.50,WIFI
74:93:DA:92:8A:05,Bridgette2005,[WPA2_PSK],2025-12-1 15:40:52,6,-77,34.0395775,-117.0726776,684.90,1.50,WIFI
3C:37:86:FB:3D:6E,REDRUM,[WPA2_PSK],2025-12-1 15:40:52,6,-77,34.0395775,-117.0726776,684.90,1.50,WIFI
F0:72:EA:37:38:92,Lee Family,[WPA2_PSK],2025-12-1 15:40:52,6,-78,34.0395775,-117.0726776,684.90,1.50,WIFI
74:37:5F:50:73:47,Star,[WPA2_PSK],2025-12-1 15:40:52,6,-88,34.0395775,-117.0726776,684.90,1.50,WIFI
28:F3:66:AE:39:F0,BabyView_AE39F0,[OPEN],2025-12-1 15:40:52,6,-91,34.0395775,-117.0726776,684.90,1.50,WIFI
F8:5B:3B:20:D2:23,SpectrumSetup-25,[WPA2_PSK],2025-12-1 15:40:52,6,-92,34.0395775,-117.0726776,684.90,1.50,WIFI
FA:8F:CA:8D:87:B8,Lee Circle of Trust,[OPEN],2025-12-1 15:40:52,6,-94,34.0395775,-117.0726776,684.90,1.50,WIFI
08:36:C9:91:52:0D,,[WPA2_PSK],2025-12-1 15:40:54,8,-83,34.0396347,-117.0728073,685.10,1.75,WIFI
28:EC:22:8B:59:63,,[WPA3_PSK],2025-12-1 15:40:57,11,-82,34.0396576,-117.0728531,685.10,1.75,WIFI
28:EC:22:8B:59:66,VegasBaby,[WPA2_PSK],2025-12-1 15:40:57,11,-83,34.0396576,-117.0728531,685.10,1.75,WIFI
C0:6F:98:97:E7:49,,[OPEN],2025-12-1 15:40:59,1,-70,34.0396881,-117.0729065,685.20,1.75,WIFI
C0:6F:98:97:E7:46,WI-FI FO FUM,[WPA2_PSK],2025-12-1 15:40:59,1,-70,34.0396881,-117.0729065,685.20,1.75,WIFI
C0:6F:98:93:7A:A6,WI-FI FO FUM,[WPA2_PSK],2025-12-1 15:40:59,1,-74,34.0396881,-117.0729065,685.20,1.75,WIFI
C0:6F:98:93:7A:A3,,[WPA3_PSK],2025-12-1 15:40:59,1,-80,34.0396881,-117.0729065,685.20,1.75,WIFI
C0:6F:98:93:7A:A9,,[OPEN],2025-12-1 15:40:59,1,-80,34.0396881,-117.0729065,685.20,1.75,WIFI
C0:6F:98:A2:48:49,,[OPEN],2025-12-1 15:40:59,1,-88,34.0396881,-117.0729065,685.20,1.75,WIFI
10:2C:B1:EB:D7:19,,[WPA_WPA2_PSK],2025-12-1 15:41:2,2,-90,34.0397987,-117.0731201,685.50,1.75,WIFI
38:94:ED:47:63:19,,[WPA2_PSK],2025-12-1 15:41:4,4,-93,34.0399132,-117.0733337,686.10,1.75,WIFI
F4:52:46:FF:47:F6,Ohiostate,[WPA2_PSK],2025-12-1 15:41:6,6,-79,34.0400467,-117.0735855,687.00,1.75,WIFI
2A:B7:7C:1C:25:EA,SEDG-67229515-33,[WPA_WPA2_PSK],2025-12-1 15:41:6,6,-85,34.0400467,-117.0735855,687.00,1.75,WIFI
58:9B:4A:93:97:E0,SpectrumSetup-97DC,[WPA2_PSK],2025-12-1 15:41:11,11,-78,34.0404358,-117.0742874,689.60,1.75,WIFI
76:90:BC:20:59:C7,Verizon_9NMNQS-IoT,[WPA2_PSK],2025-12-1 15:41:14,1,-75,34.0406418,-117.0747452,690.50,1.75,WIFI
F4:52:46:BF:52:8B,SpectrumSetup-528E,[WPA2_PSK],2025-12-1 15:41:14,1,-77,34.0406418,-117.0747452,690.50,1.75,WIFI
FC:9C:98:A3:26:CD,ARLO_VMB_5017000377,[WPA2_PSK],2025-12-1 15:41:14,1,-81,34.0406418,-117.0747452,690.50,1.75,WIFI
74:90:BC:70:59:C7,Verizon_9NMNQS,[WPA3_PSK],2025-12-1 15:41:14,1,-81,34.0406418,-117.0747452,690.50,1.75,WIFI
FC:3D:73:44:D7:C3,,[WPA3_PSK],2025-12-1 15:41:14,1,-83,34.0406418,-117.0747452,690.50,1.75,WIFI
A8:9A:93:CA:01:96,MySpectrumWiFi90-2G,[WPA2_PSK],2025-12-1 15:41:14,1,-83,34.0406418,-117.0747452,690.50,1.75,WIFI
FC:3D:73:44:D7:C9,,[OPEN],2025-12-1 15:41:14,1,-85,34.0406418,-117.0747452,690.50,1.75,WIFI
00:31:92:E1:AC:9B,Mitch-Cathy_EXT,[WPA2_PSK],2025-12-1 15:41:16,2,-81,34.0407600,-117.0750580,690.40,1.75,WIFI
52:22:54:7B:35:B6,,[WPA2_PSK],2025-12-1 15:41:16,2,-83,34.0407600,-117.0750580,690.40,1.75,WIFI
48:22:54:7B:35:F2,shittin n gittin,[WPA_WPA2_PSK],2025-12-1 15:41:16,2,-88,34.0407600,-117.0750580,690.40,1.75,WIFI
4E:22:54:7B:35:B6,shittin n gittin_Guest,[WPA_WPA2_PSK],2025-12-1 15:41:16,2,-89,34.0407600,-117.0750580,690.40,1.75,WIFI
4E:22:54:7B:35:F2,shittin n gittin_Guest,[WPA_WPA2_PSK],2025-12-1 15:41:16,2,-90,34.0407600,-117.0750580,690.40,1.75,WIFI
C6:C9:E3:8D:FA:9E,,[WPA2_PSK],2025-12-1 15:41:17,3,-78,34.0408134,-117.0752182,690.20,1.75,WIFI
38:94:ED:44:8B:41,ORBI,[WPA2_PSK],2025-12-1 15:41:18,4,-86,34.0408592,-117.0753708,689.90,1.75,WIFI
BC:82:5D:8A:5E:71,botello6,[WPA2_PSK],2025-12-1 15:41:20,6,-73,34.0409431,-117.0756836,689.40,1.75,WIFI
F4:52:46:ED:A6:83,Randalstevens1,[WPA2_PSK],2025-12-1 15:41:20,6,-81,34.0409431,-117.0756836,689.40,1.75,WIFI
8C:90:2D:83:B9:FD,SpectrumSetup-9F_EXT,[WPA2_PSK],2025-12-1 15:41:20,6,-86,34.0409431,-117.0756836,689.40,1.75,WIFI
F0:21:E0:35:0C:87,,[OPEN],2025-12-1 15:41:20,6,-87,34.0409431,-117.0756836,689.40,1.75,WIFI
F0:21:E0:35:0C:83,,[WPA3_PSK],2025-12-1 15:41:20,6,-88,34.0409431,-117.0756836,689.40,1.75,WIFI
64:DA:ED:A0:AA:E5,Bohner Jamz,[WPA2_PSK],2025-12-1 15:41:20,6,-88,34.0409431,-117.0756836,689.40,1.75,WIFI
4C:AB:F8:4B:64:9D,SpectrumSetup-9F,[WPA2_PSK],2025-12-1 15:41:20,6,-89,34.0409431,-117.0756836,689.40,1.75,WIFI
9A:18:65:2C:91:4F,,[WPA2_PSK],2025-12-1 15:41:22,8,-82,34.0410118,-117.0759659,689.00,1.75,WIFI
40:ED:00:44:FA:DA,,[WPA2_PSK],2025-12-1 15:41:22,8,-83,34.0410118,-117.0759659,689.00,1.75,WIFI
94:18:65:2C:91:4F,Black Sun Systems,[WPA2_PSK],2025-12-1 15:41:22,8,-87,34.0410118,-117.0759659,689.00,1.75,WIFI
90:48:46:48:F0:3B,ENVOY_067416,[OPEN],2025-12-1 15:41:24,10,-92,34.0410652,-117.0762558,688.50,1.75,WIFI
F4:52:46:EA:87:60,SpectrumSetup-8763,[WPA2_PSK],2025-12-1 15:41:25,11,-80,34.0410843,-117.0763931,688.30,1.75,WIFI
C4:F1:74:C3:5F:CA,,[OPEN],2025-12-1 15:41:25,11,-86,34.0410843,-117.0763931,688.30,1.75,WIFI
C4:F1:74:C3:5F:D0,Ulrich Guest,[WPA2_WPA3_PSK],2025-12-1 15:41:25,11,-88,34.0410843,-117.0763931,688.30,1.75,WIFI
C4:F1:74:C3:5F:C7,Ulrich,[WPA2_WPA3_PSK],2025-12-1 15:41:25,11,-89,34.0410843,-117.0763931,688.30,1.75,WIFI
34:53:D2:B2:0E:72,Jerel,[WPA2_PSK],2025-12-1 15:41:28,1,-79,34.0411186,-117.0767517,688.00,1.75,WIFI
F0:7B:65:48:B0:34,Toula,[WPA2_PSK],2025-12-1 15:41:28,1,-86,34.0411186,-117.0767517,688.00,1.75,WIFI
A0:04:60:72:F5:DC,NTGR_VMB_1406851317,[WPA2_PSK],2025-12-1 15:41:28,1,-88,34.0411186,-117.0767517,688.00,1.75,WIFI
02:22:6C:1F:3E:01,SoundBarSetup_3E01,[OPEN],2025-12-1 15:41:28,1,-94,34.0411186,-117.0767517,688.00,1.75,WIFI
48:22:54:7B:35:B6,shittin n gittin,[WPA_WPA2_PSK],2025-12-1 15:41:30,2,-84,34.0411377,-117.0769348,687.40,1.75,WIFI
C0:C9:E3:8E:24:96,Linda,[WPA2_PSK],2025-12-1 15:41:31,3,-87,34.0411415,-117.0769882,687.30,1.75,WIFI
C6:C9:E3:8E:24:96,,[WPA2_PSK],2025-12-1 15:41:31,3,-91,34.0411415,-117.0769882,687.30,1.75,WIFI
EE:64:C9:F9:2F:EE,AquaRay-P5_F92FEE,[WPA_WPA2_PSK],2025-12-1 15:41:32,4,-90,34.0411415,-117.0770340,687.20,1.75,WIFI
C4:41:1E:C4:84:C7,LeeLexie74,[WPA2_PSK],2025-12-1 15:41:32,4,-90,34.0411415,-117.0770340,687.20,1.75,WIFI
F0:21:E0:34:AC:65,MyPepsi,[WPA2_PSK],2025-12-1 15:41:34,6,-80,34.0411415,-117.0770569,687.10,1.75,WIFI
F0:21:E0:34:AC:6B,MyPepsi Guest,[WPA2_PSK],2025-12-1 15:41:34,6,-81,34.0411415,-117.0770569,687.10,1.75,WIFI
F0:21:E0:35:96:A7,,[OPEN],2025-12-1 15:41:34,6,-85,34.0411415,-117.0770569,687.10,1.75,WIFI
F0:21:E0:35:96:AB,MyPepsi Guest,[WPA2_PSK],2025-12-1 15:41:34,6,-86,34.0411415,-117.0770569,687.10,1.75,WIFI
F0:21:E0:35:96:A3,,[WPA3_PSK],2025-12-1 15:41:34,6,-86,34.0411415,-117.0770569,687.10,1.75,WIFI
42:AD:00:44:FA:DA,ThisLANIsMyLAN ,[WPA2_PSK],2025-12-1 15:41:36,8,-84,34.0411453,-117.0771103,687.20,1.75,WIFI
40:ED:00:44:FA:A2,,[WPA2_PSK],2025-12-1 15:41:36,8,-84,34.0411453,-117.0771103,687.20,1.75,WIFI
42:AD:00:44:FA:A2,ThisLANIsMyLAN ,[WPA2_PSK],2025-12-1 15:41:36,8,-86,34.0411453,-117.0771103,687.20,1.75,WIFI
7E:8C:B5:FA:45:96,,[WPA2_PSK],2025-12-1 15:41:36,8,-91,34.0411453,-117.0771103,687.20,1.75,WIFI
78:8C:B5:FA:45:96,ThisLANIsMyLAN ,[WPA2_PSK],2025-12-1 15:41:36,8,-94,34.0411453,-117.0771103,687.20,1.75,WIFI
CA:41:1E:C4:84:E5,,[WPA2_PSK],2025-12-1 15:41:38,10,-79,34.0411530,-117.0772400,687.00,1.75,WIFI
38:94:ED:4F:99:16,TheSlowNetwork,[WPA2_PSK],2025-12-1 15:41:38,10,-81,34.0411530,-117.0772400,687.00,1.75,WIFI
38:94:ED:4F:99:34,TheSlowNetwork,[WPA2_PSK],2025-12-1 15:41:38,10,-85,34.0411530,-117.0772400,687.00,1.75,WIFI
C4:41:1E:C4:84:E5,LeeLexie74,[WPA2_PSK],2025-12-1 15:41:38,10,-85,34.0411530,-117.0772400,687.00,1.75,WIFI
38:94:ED:4E:E6:72,TheSlowNetwork,[WPA2_PSK],2025-12-1 15:41:38,10,-85,34.0411530,-117.0772400,687.00,1.75,WIFI
98:1E:19:39:33:6E,MySpectrumWiFi68-2G,[WPA2_PSK],2025-12-1 15:41:39,11,-78,34.0411606,-117.0773163,687.10,1.75,WIFI
C0:6F:98:F8:7B:43,,[WPA3_PSK],2025-12-1 15:41:39,11,-85,34.0411606,-117.0773163,687.10,1.75,WIFI
92:A2:F4:E3:D2:0E,,[WPA2_PSK],2025-12-1 15:41:45,3,-94,34.0412025,-117.0780869,687.50,1.75,WIFI
4C:AB:F8:54:86:21,SpectrumSetup-23,[WPA2_PSK],2025-12-1 15:41:48,6,-83,34.0412331,-117.0785751,687.70,1.75,WIFI
FC:12:63:B4:F5:23,SpectrumSetup-25,[WPA2_PSK],2025-12-1 15:41:48,6,-91,34.0412331,-117.0785751,687.70,1.75,WIFI
96:3B:AD:AC:3D:B7,,[WPA2_PSK],2025-12-1 15:41:48,6,-95,34.0412331,-117.0785751,687.70,1.75,WIFI
24:F5:A2:B9:92:AB,NB,[WPA2_PSK],2025-12-1 15:41:49,7,-64,34.0412445,-117.0787506,687.80,1.75,WIFI
24:F5:A2:B9:CE:13,NB,[WPA2_PSK],2025-12-1 15:41:50,8,-86,34.0412483,-117.0789185,687.90,1.75,WIFI
2A:F5:A2:B9:CE:13,,[WPA2_PSK],2025-12-1 15:41:50,8,-88,34.0412483,-117.0789185,687.90,1.75,WIFI
04:17:B6:AB:4E:A5,,[WPA_WPA2_PSK],2025-12-1 15:41:51,9,-85,34.0412521,-117.0790939,688.10,1.75,WIFI
50:F1:4A:E7:0C:F4,ChimePro-E70CF3,[OPEN],2025-12-1 15:41:51,9,-90,34.0412521,-117.0790939,688.10,1.75,WIFI
52:57:9C:A7:1F:91,DIRECT-9CA79F91,[WPA2_PSK],2025-12-1 15:41:51,9,-92,34.0412521,-117.0790939,688.10,1.75,WIFI
1E:E8:29:5A:E8:BE,ALFRO-WIFI-LAN,[WPA2_WPA3_PSK],2025-12-1 15:41:53,11,-71,34.0412445,-117.0794678,688.60,1.75,WIFI
18:E8:29:5A:E8:BE,Alf-home-sec_IoT,[WPA2_PSK],2025-12-1 15:41:53,11,-72,34.0412445,-117.0794678,688.60,1.75,WIFI
26:E8:29:5A:E8:BE,AMC-ADM-WIFI,[WPA2_PSK],2025-12-1 15:41:53,11,-75,34.0412445,-117.0794678,688.60,1.75,WIFI
C0:6F:98:F8:7B:46,NineBolt,[WPA2_PSK],2025-12-1 15:41:53,11,-76,34.0412445,-117.0794678,688.60,1.75,WIFI
C0:6F:98:F8:7B:4F,NineBolt Guest,[OPEN],2025-12-1 15:41:53,11,-76,34.0412445,-117.0794678,688.60,1.75,WIFI
22:E8:29:5A:E8:BE,ALFRO-GUEST-WIFI,[OPEN],2025-12-1 15:41:53,11,-77,34.0412445,-117.0794678,688.60,1.75,WIFI
FC:3F:A6:7F:22:09,,[OPEN],2025-12-1 15:41:53,11,-84,34.0412445,-117.0794678,688.60,1.75,WIFI
FC:3F:A6:7F:22:06,NKBBHM,[WPA2_WPA3_PSK],2025-12-1 15:41:53,11,-84,34.0412445,-117.0794678,688.60,1.75,WIFI
FC:3F:A6:7F:22:03,,[WPA3_PSK],2025-12-1 15:41:53,11,-85,34.0412445,-117.0794678,688.60,1.75,WIFI
88:6A:E3:7F:A6:DB,tl7fa6db,[WPA2_PSK],2025-12-1 15:41:53,11,-87,34.0412445,-117.0794678,688.60,1.75,WIFI
8A:3D:24:98:DC:48,Karen's Network-guest,[WPA2_PSK],2025-12-1 15:41:57,1,-88,34.0411758,-117.0802078,688.50,1.75,WIFI
38:94:ED:69:4D:38,,[WPA2_PSK],2025-12-1 15:42:0,3,-91,34.0410881,-117.0808029,686.80,1.75,WIFI
CE:9E:43:69:24:48,ORBI80,[WPA2_PSK],2025-12-1 15:42:1,4,-86,34.0410576,-117.0810013,686.00,1.75,WIFI
C8:9E:43:69:24:48,,[WPA2_PSK],2025-12-1 15:42:1,4,-87,34.0410576,-117.0810013,686.00,1.75,WIFI
F4:52:46:97:4A:CB,SpectrumSetup-4ACE,[WPA2_PSK],2025-12-1 15:42:3,6,-84,34.0409851,-117.0813980,684.80,1.75,WIFI
9A:3B:AD:AC:73:E5,NETGEAR-Guest,[WPA2_PSK],2025-12-1 15:42:3,6,-86,34.0409851,-117.0813980,684.80,1.75,WIFI
18:9C:27:D4:11:E5,MySpectrumWiFiE4-2G,[WPA2_PSK],2025-12-1 15:42:3,6,-88,34.0409851,-117.0813980,684.80,1.75,WIFI
4C:22:F3:39:33:E3,Homeland Security,[WPA2_PSK],2025-12-1 15:42:3,6,-90,34.0409851,-117.0813980,684.80,1.75,WIFI
56:07:7D:C6:79:35,JSEHome,[WPA2_PSK],2025-12-1 15:42:6,9,-88,34.0408783,-117.0819931,683.00,1.75,WIFI
10:0C:6B:E4:81:77,NETGEAR54,[WPA2_PSK],2025-12-1 15:42:6,9,-95,34.0408783,-117.0819931,683.00,1.75,WIFI
C0:C9:E3:C6:0B:A7,ABC2.4,[WPA_WPA2_PSK],2025-12-1 15:42:7,10,-90,34.0408478,-117.0821915,682.50,1.75,WIFI
D8:07:B6:42:7E:FB,MySpectrumWiFi98-2G_EXT,[WPA_WPA2_PSK],2025-12-1 15:42:8,11,-82,34.0408173,-117.0823898,681.70,1.75,WIFI
80:DA:13:A9:31:E6,Captain,[WPA2_PSK],2025-12-1 15:42:8,11,-83,34.0408173,-117.0823898,681.70,1.75,WIFI
80:DA:13:A9:31:E9,,[OPEN],2025-12-1 15:42:8,11,-88,34.0408173,-117.0823898,681.70,1.75,WIFI
80:DA:13:A9:31:E3,,[WPA3_PSK],2025-12-1 15:42:8,11,-89,34.0408173,-117.0823898,681.70,1.75,WIFI
98:1E:19:1E:D0:9E,MySpectrumWiFi98-2G,[WPA2_PSK],2025-12-1 15:42:8,11,-90,34.0408173,-117.0823898,681.70,1.75,WIFI
62:7F:F0:36:C5:D8,,[WPA2_PSK],2025-12-1 15:42:15,4,-90,34.0405731,-117.0837784,673.50,1.75,WIFI
7A:7D:A1:6C:06:F6,,[WPA2_PSK],2025-12-1 15:42:16,5,-94,34.0405235,-117.0839691,672.30,1.75,WIFI
24:41:FE:D1:3A:86,Verizon_S3YTGX,[WPA2_PSK],2025-12-1 15:42:17,6,-86,34.0404701,-117.0841599,671.10,1.75,WIFI
26:97:33:4C:50:E1,,[WPA2_PSK],2025-12-1 15:42:17,6,-90,34.0404701,-117.0841599,671.10,1.75,WIFI
18:A5:FF:A1:40:F8,Bodie'sCasaMeow,[WPA2_WPA3_PSK],2025-12-1 15:42:19,8,-89,34.0403557,-117.0845490,668.70,1.75,WIFI
1C:3B:F3:CE:50:D2,RoMassey,[WPA2_PSK],2025-12-1 15:42:19,8,-91,34.0403557,-117.0845490,668.70,1.75,WIFI
22:3B:F3:CE:50:D2,,[WPA2_PSK],2025-12-1 15:42:19,8,-92,34.0403557,-117.0845490,668.70,1.75,WIFI
F8:5B:3B:F9:9B:A9,SpectrumSetup-AB,[WPA2_PSK],2025-12-1 15:42:22,11,-84,34.0401993,-117.0851135,665.00,1.75,WIFI
56:AB:82:CD:6B:53,SpectrumSetup-52,[WPA2_PSK],2025-12-1 15:42:31,6,-83,34.0397568,-117.0867157,655.10,1.75,WIFI
BE:AB:F8:4C:55:25,,[WPA2_PSK],2025-12-1 15:42:31,6,-88,34.0397568,-117.0867157,655.10,1.75,WIFI
12:36:C9:91:69:BD,ORBI66-Guest,[WPA2_PSK],2025-12-1 15:42:31,6,-88,34.0397568,-117.0867157,655.10,1.75,WIFI
24:16:1B:A9:9A:62,YHSStore,[WPA2_PSK],2025-12-1 15:42:31,6,-91,34.0397568,-117.0867157,655.10,1.75,WIFI
62:EB:B6:76:BD:F1,,[WPA2_PSK],2025-12-1 15:42:32,7,-87,34.0396690,-117.0868835,654.00,1.75,WIFI
C0:06:C3:C8:40:33,Let's Go Brandon,[WPA2_PSK],2025-12-1 15:42:35,10,-90,34.0393677,-117.0873947,652.20,2.00,WIFI
24:16:1B:45:FB:44,SATOctober,[WPA2_PSK],2025-12-1 15:42:36,11,-91,34.0392647,-117.0875778,651.70,2.00,WIFI
24:16:1B:45:FB:45,YHS-2.4GHz,[WPA2_PSK],2025-12-1 15:42:36,11,-92,34.0392647,-117.0875778,651.70,2.00,WIFI
A0:8A:06:8F:A9:75,Oltman,[WPA2_PSK],2025-12-1 15:42:39,1,-84,34.0389442,-117.0881195,651.20,2.00,WIFI
74:37:5F:49:3C:2F,SpectrumSetup-2D,[WPA2_PSK],2025-12-1 15:42:39,1,-91,34.0389442,-117.0881195,651.20,2.00,WIFI
88:DE:7C:C7:0B:AD,SpectrumSetup-AF,[WPA2_PSK],2025-12-1 15:42:39,1,-91,34.0389442,-117.0881195,651.20,2.00,WIFI
9A:A6:7E:62:5F:02,ORBI75,[WPA2_PSK],2025-12-1 15:42:43,4,-94,34.0385361,-117.0888290,649.60,2.00,WIFI
20:3A:0C:6C:E2:89,,[OPEN],2025-12-1 15:42:45,6,-84,34.0383415,-117.0891571,648.20,2.00,WIFI
4C:AB:F8:4C:55:25,SALAZAR,[WPA2_PSK],2025-12-1 15:42:45,6,-84,34.0383415,-117.0891571,648.20,2.00,WIFI
20:3A:0C:6C:E2:8F,Ark1 Guest,[OPEN],2025-12-1 15:42:45,6,-85,34.0383415,-117.0891571,648.20,2.00,WIFI
B0:FC:88:3E:16:3E,CasaArellano,[WPA2_PSK],2025-12-1 15:42:50,11,-87,34.0377846,-117.0898590,643.90,1.75,WIFI
AE:EA:DC:00:21:D8,,[WPA2_PSK],2025-12-1 15:42:59,6,-91,34.0369949,-117.0912552,640.60,1.75,WIFI
46:E4:EE:DD:EE:A0,myChevrolet,[WPA2_PSK],2025-12-1 15:43:7,1,-88,34.0368843,-117.0918198,640.20,1.75,WIFI
58:96:71:08:32:56,Verizon_HM7XZD,[WPA2_PSK],2025-12-1 15:43:7,1,-93,34.0368843,-117.0918198,640.20,1.75,WIFI
5C:E9:31:7A:D1:D4,This Bro tho,[WPA2_PSK],2025-12-1 15:43:10,3,-89,34.0368118,-117.0919266,639.70,1.75,WIFI
5E:E9:31:2A:D1:D4,,[WPA_WPA2_PSK],2025-12-1 15:43:10,3,-91,34.0368118,-117.0919266,639.70,1.75,WIFI
06:31:92:42:60:BE,,[WPA2_PSK],2025-12-1 15:43:11,4,-88,34.0367546,-117.0919495,639.70,1.75,WIFI
18:FD:74:6A:3C:AF,W12H-Guest,[WPA2_PSK],2025-12-1 15:43:12,5,-91,34.0366898,-117.0919647,639.70,1.75,WIFI
DC:A0:D0:1B:17:1C,BLINK-1KTJ,[OPEN],2025-12-1 15:43:13,6,-83,34.0365982,-117.0919647,639.00,1.75,WIFI
F4:52:46:09:14:70,ATT-WIFI-8037,[WPA2_WPA3_PSK],2025-12-1 15:43:15,8,-74,34.0363922,-117.0919495,636.80,1.75,WIFI
A0:8A:06:C7:71:10,SpectrumSetup-7113,[WPA2_PSK],2025-12-1 15:43:18,11,-88,34.0360641,-117.0918655,633.40,1.75,WIFI
90:E9:5E:DD:8C:E2,YHSStore,[WPA2_PSK],2025-12-1 15:43:21,1,-86,34.0357895,-117.0917511,631.20,1.75,WIFI
90:E9:5E:DD:8C:E1,Vendor,[WPA2_PSK],2025-12-1 15:43:21,1,-88,34.0357895,-117.0917511,631.20,1.75,WIFI
C8:28:E5:3D:D6:23,,[WPA2_PSK],2025-12-1 15:43:21,1,-88,34.0357895,-117.0917511,631.20,1.75,WIFI
C8:28:E5:3D:D6:24,YHS-2.4GHz,[WPA2_PSK],2025-12-1 15:43:21,1,-88,34.0357895,-117.0917511,631.20,1.75,WIFI
C8:28:E5:3D:D6:25,SATOctober,[WPA2_PSK],2025-12-1 15:43:21,1,-89,34.0357895,-117.0917511,631.20,1.75,WIFI
58:2F:F7:F5:9D:62,5G RADIATION CONTROL TOWER,[WPA2_PSK],2025-12-1 15:43:21,1,-90,34.0357895,-117.0917511,631.20,1.75,WIFI
8C:86:DD:AB:7B:6E,house,[WPA2_PSK],2025-12-1 15:43:23,2,-82,34.0356712,-117.0917053,630.70,1.75,WIFI
8C:86:DD:AB:62:8A,house,[WPA2_PSK],2025-12-1 15:43:23,2,-83,34.0356712,-117.0917053,630.70,1.75,WIFI
34:98:B5:5C:6D:C0,YAPS WIFI,[WPA2_PSK],2025-12-1 15:43:24,3,-80,34.0356445,-117.0916977,630.50,1.75,WIFI
F4:8C:EB:C2:7B:DB,dlink-7BDA,[WPA_WPA2_PSK],2025-12-1 15:43:25,4,-88,34.0356331,-117.0916901,630.50,1.75,WIFI
06:31:92:42:6C:FA,,[WPA2_PSK],2025-12-1 15:43:25,4,-89,34.0356331,-117.0916901,630.50,1.75,WIFI
18:A5:FF:F2:58:B0,ROMMELZ,[WPA2_WPA3_PSK],2025-12-1 15:43:29,8,-89,34.0355682,-117.0915604,630.00,1.75,WIFI
7E:78:B2:68:6B:19,,[WPA_WPA2_PSK],2025-12-1 15:43:32,11,-89,34.0355873,-117.0913773,630.50,1.75,WIFI
90:E9:5E:DD:8C:E3,,[WPA2_PSK],2025-12-1 15:43:35,1,-74,34.0356216,-117.0910950,630.20,1.75,WIFI
90:E9:5E:DD:8C:E7,YCJUSD-Open2.4GHz,[OPEN],2025-12-1 15:43:35,1,-74,34.0356216,-117.0910950,630.20,1.75,WIFI
90:E9:5E:DD:8C:E5,SATOctober,[WPA2_PSK],2025-12-1 15:43:35,1,-75,34.0356216,-117.0910950,630.20,1.75,WIFI
90:E9:5E:DD:8C:E4,YHS-2.4GHz,[WPA2_PSK],2025-12-1 15:43:35,1,-76,34.0356216,-117.0910950,630.20,1.75,WIFI
9C:C9:EB:E1:83:0B,,[WPA2_PSK],2025-12-1 15:43:37,2,-81,34.0356255,-117.0908661,628.80,1.75,WIFI
24:16:1B:5A:19:E5,YHS-2.4GHz,[WPA2_PSK],2025-12-1 15:43:41,6,-78,34.0356216,-117.0903397,625.80,1.75,WIFI
04:F0:21:66:0B:46,,[WPA2_PSK],2025-12-1 15:43:41,6,-79,34.0356216,-117.0903397,625.80,1.75,WIFI
24:16:1B:5A:19:E4,SATOctober,[WPA2_PSK],2025-12-1 15:43:41,6,-81,34.0356216,-117.0903397,625.80,1.75,WIFI
24:16:1B:5A:19:E8,YCJUSD-Open2.4GHz,[OPEN],2025-12-1 15:43:41,6,-83,34.0356216,-117.0903397,625.80,1.75,WIFI
00:30:44:68:97:DE,R1900-7dd,[WPA2_PSK],2025-12-1 15:43:41,6,-90,34.0356216,-117.0903397,625.80,1.75,WIFI
34:DB:9C:7F:1A:76,SandovalWiFi,[WPA2_PSK],2025-12-1 15:43:41,6,-93,34.0356216,-117.0903397,625.80,1.75,WIFI
00:25:CA:BF:26:B3,,[WPA_PSK],2025-12-1 15:43:49,1,-83,34.0357513,-117.0896835,621.80,1.75,WIFI
A2:CD:F3:3B:53:D1,CMML-507090121457,[OPEN],2025-12-1 15:43:52,3,-89,34.0358238,-117.0896301,621.90,1.75,WIFI
68:4A:76:76:FF:85,eero Bmx,[WPA2_PSK],2025-12-1 15:43:55,6,-68,34.0358658,-117.0896835,622.00,1.75,WIFI
68:4A:76:76:FF:87,,[OPEN],2025-12-1 15:43:55,6,-68,34.0358658,-117.0896835,622.00,1.75,WIFI
68:4A:76:76:FF:83,,[WPA3_PSK],2025-12-1 15:43:55,6,-68,34.0358658,-117.0896835,622.00,1.75,WIFI
82:2B:F9:15:14:E2,DIRECT-e2-HP M426 LaserJet,[WPA2_PSK],2025-12-1 15:43:55,6,-77,34.0358658,-117.0896835,622.00,1.75,WIFI
FA:0D:AC:78:26:46,DIRECT-46-HP ,[WPA2_PSK],2025-12-1 15:43:55,6,-80,34.0358658,-117.0896835,622.00,1.75,WIFI
24:16:1B:5A:19:E2,YHSStore,[WPA2_PSK],2025-12-1 15:43:55,6,-85,34.0358658,-117.0896835,622.00,1.75,WIFI
24:16:1B:5A:19:E1,Vendor,[WPA2_PSK],2025-12-1 15:43:55,6,-85,34.0358658,-117.0896835,622.00,1.75,WIFI
24:16:1B:5A:19:E3,,[WPA2_PSK],2025-12-1 15:43:55,6,-88,34.0358658,-117.0896835,622.00,1.75,WIFI
24:16:1B:A9:8C:43,,[WPA2_PSK],2025-12-1 15:44:0,11,-92,34.0358658,-117.0896912,622.00,2.00,WIFI
24:16:1B:A9:5E:E5,YHS-2.4GHz,[WPA2_PSK],2025-12-1 15:44:0,11,-94,34.0358658,-117.0896912,622.00,2.00,WIFI
C8:28:E5:3D:D6:21,Vendor,[WPA2_PSK],2025-12-1 15:44:3,1,-80,34.0358696,-117.0896912,622.10,1.75,WIFI
C8:28:E5:3D:D6:22,YHSStore,[WPA2_PSK],2025-12-1 15:44:3,1,-80,34.0358696,-117.0896912,622.10,1.75,WIFI
C8:28:E5:3D:D6:27,YCJUSD-Open2.4GHz,[OPEN],2025-12-1 15:44:3,1,-81,34.0358696,-117.0896912,622.10,1.75,WIFI
3E:94:ED:68:42:85,,[WPA2_PSK],2025-12-1 15:44:6,3,-91,34.0358696,-117.0896912,622.30,1.75,WIFI
18:A5:FF:37:29:38,Tinternet,[WPA2_WPA3_PSK],2025-12-1 15:44:11,8,-94,34.0358696,-117.0896912,622.50,1.75,WIFI
74:37:5F:A7:2B:8F,Pdawg,[WPA2_PSK],2025-12-1 15:44:23,6,-87,34.0358467,-117.0897446,622.70,1.75,WIFI
18:A5:FF:53:E4:6C,agj2025,[WPA2_WPA3_PSK],2025-12-1 15:44:26,9,-89,34.0357666,-117.0898285,622.90,1.75,WIFI
F6:52:46:19:14:70,,[WPA2_WPA3_PSK],2025-12-1 15:44:39,8,-65,34.0356674,-117.0912170,629.80,1.75,WIFI
C8:9E:43:BB:8E:E5,,[WPA2_PSK],2025-12-1 15:44:40,9,-90,34.0356560,-117.0913086,630.10,1.75,WIFI
CE:9E:43:BB:8E:E5,ORBI87,[WPA2_PSK],2025-12-1 15:44:40,9,-92,34.0356560,-117.0913086,630.10,1.75,WIFI
AA:17:C8:03:82:84,Dutch Vibes,[WPA2_PSK],2025-12-1 15:44:42,11,-79,34.0356331,-117.0914536,630.10,1.75,WIFI
AC:17:C8:03:82:84,DB Internal,[WPA2_PSK],2025-12-1 15:44:42,11,-80,34.0356331,-117.0914536,630.10,1.75,WIFI
FC:12:63:C5:0C:37,FulfilledCoffee,[WPA2_PSK],2025-12-1 15:44:42,11,-86,34.0356331,-117.0914536,630.10,1.75,WIFI
F0:7B:65:3C:CD:4A,SpectrumSetup-CD44,[WPA2_PSK],2025-12-1 15:44:42,11,-90,34.0356331,-117.0914536,630.10,1.75,WIFI
06:31:92:42:35:9E,,[WPA2_PSK],2025-12-1 15:44:49,4,-93,34.0356903,-117.0916748,630.80,1.75,WIFI
4C:19:5D:0C:E7:72,SpectrumSetup-6C,[WPA2_PSK],2025-12-1 15:44:51,6,-83,34.0358124,-117.0917282,632.00,1.75,WIFI
74:97:8E:01:A7:6A,Helium,[WPA2],2025-12-1 15:44:51,6,-88,34.0358124,-117.0917282,632.00,1.75,WIFI
2C:EA:DC:DB:EC:D1,SpectrumSetup-D3,[WPA2_PSK],2025-12-1 15:44:51,6,-89,34.0358124,-117.0917282,632.00,1.75,WIFI
04:17:B6:E9:9A:21,,[WPA_WPA2_PSK],2025-12-1 15:44:54,9,-92,34.0360565,-117.0918274,634.50,1.75,WIFI
4C:19:5D:3E:AA:E9,SpectrumSetup-E3,[WPA2_PSK],2025-12-1 15:44:56,11,-90,34.0362434,-117.0918884,636.50,1.75,WIFI
4C:22:F3:39:D1:FB,Verizon_7T9S3V,[WPA2_PSK],2025-12-1 15:44:56,11,-93,34.0362434,-117.0918884,636.50,1.75,WIFI
34:14:B5:F8:CB:1C,DB Yucaipa,[WPA2_PSK],2025-12-1 15:45:4,5,-86,34.0367355,-117.0919189,640.70,1.75,WIFI
70:7D:A1:6C:06:F6,ATTCV2M6wd,[WPA2_PSK],2025-12-1 15:45:4,5,-92,34.0367355,-117.0919189,640.70,1.75,WIFI
2C:EA:DC:00:21:D8,SpectrumSetup-DA,[WPA2_PSK],2025-12-1 15:45:5,6,-89,34.0367355,-117.0919266,640.70,1.75,WIFI
9E:EA:DC:00:21:D8,,[WPA2_PSK],2025-12-1 15:45:5,6,-90,34.0367355,-117.0919266,640.70,1.75,WIFI
08:36:C9:95:7A:5D,ORBI66,[WPA2_PSK],2025-12-1 15:45:5,6,-90,34.0367355,-117.0919266,640.70,1.75,WIFI
4C:19:5D:55:91:7F,Mickey Mouse Club House,[WPA2_PSK],2025-12-1 15:45:10,11,-88,34.0369148,-117.0922089,639.30,1.75,WIFI
80:3F:5D:FF:7E:0E,WAVLINK-N,[WPA_WPA2_PSK],2025-12-1 15:45:16,3,-92,34.0369606,-117.0932236,637.10,1.75,WIFI
10:0C:6B:DC:E6:2C,ORBI91,[WPA2_PSK],2025-12-1 15:45:22,9,-94,34.0369339,-117.0944214,634.50,1.75,WIFI
00:30:44:B7:7E:E4,R980-ee3,[WPA2_PSK],2025-12-1 15:45:24,11,-81,34.0368462,-117.0948105,632.90,1.75,WIFI
FC:12:63:F3:A3:79,SpectrumSetup-7B,[WPA2_PSK],2025-12-1 15:45:24,11,-87,34.0368462,-117.0948105,632.90,1.75,WIFI
BC:96:E5:3A:8B:DC,TheWeirdons,[WPA2_PSK],2025-12-1 15:45:26,1,-90,34.0367203,-117.0951691,631.10,1.75,WIFI
F8:AA:3F:D2:27:4B,SpectrumSetup-49,[WPA2_PSK],2025-12-1 15:45:33,6,-75,34.0361977,-117.0960312,628.30,1.75,WIFI
5C:E2:8C:9D:14:70,,[WPA2_PSK],2025-12-1 15:45:33,6,-80,34.0361977,-117.0960312,628.30,1.75,WIFI
74:FE:CE:37:0C:7A,Angela Ville,[WPA2_PSK],2025-12-1 15:45:36,9,-91,34.0360947,-117.0961761,628.20,1.75,WIFI
F0:B6:61:8E:16:44,,[WPA3_PSK],2025-12-1 15:45:38,11,-80,34.0360832,-117.0961990,628.10,1.75,WIFI
F0:B6:61:8E:16:4A,,[OPEN],2025-12-1 15:45:38,11,-80,34.0360832,-117.0961990,628.10,1.75,WIFI
F0:B6:61:8E:16:47,Valle,[WPA2_PSK],2025-12-1 15:45:38,11,-80,34.0360832,-117.0961990,628.10,1.75,WIFI
FE:F3:0E:98:89:99,Val's S24 Ultra,[WPA2_PSK],2025-12-1 15:45:38,11,-82,34.0360832,-117.0961990,628.10,1.75,WIFI
2C:67:BE:09:6A:3B,SpectrumSetup-6A37,[WPA2_PSK],2025-12-1 15:45:38,11,-84,34.0360832,-117.0961990,628.10,1.75,WIFI
A4:11:62:A7:01:D8,ARLO_VMB_1331349137,[WPA2_PSK],2025-12-1 15:45:38,11,-88,34.0360832,-117.0961990,628.10,1.75,WIFI
98:18:88:C7:39:EA,DB Internal,[WPA2_PSK],2025-12-1 15:45:40,1,-85,34.0360832,-117.0961990,628.10,1.75,WIFI
24:94:CB:1C:A2:08,Frontier1072,[WPA2_PSK],2025-12-1 15:45:40,1,-87,34.0360832,-117.0961990,628.10,1.75,WIFI
BA:A2:F4:C3:E9:0C,NETGEAR70,[WPA2_PSK],2025-12-1 15:45:44,3,-92,34.0360756,-117.0962906,628.50,1.75,WIFI
62:05:2B:57:49:BA,,[WPA2_PSK],2025-12-1 15:45:47,6,-90,34.0361557,-117.0964432,629.70,1.75,WIFI
F4:52:46:FB:B0:28,SpectrumSetup-A9,[WPA2_PSK],2025-12-1 15:45:47,6,-91,34.0361557,-117.0964432,629.70,1.75,WIFI
C4:41:1E:E2:61:FF,Linksys04603,[WPA2_PSK],2025-12-1 15:45:50,9,-90,34.0363121,-117.0966949,631.70,1.75,WIFI
A0:7F:8A:2F:BF:2C,SpectrumSetup-BF26,[WPA2_PSK],2025-12-1 15:45:52,11,-86,34.0364304,-117.0969391,633.20,1.75,WIFI
36:94:54:93:C5:9C,PCL9D7J04F,[WPA_WPA2_PSK],2025-12-1 15:45:54,1,-89,34.0365448,-117.0972290,635.30,1.75,WIFI
58:96:71:CF:AE:FE,Verizon_CW4PZ4,[WPA2_PSK],2025-12-1 15:45:54,1,-90,34.0365448,-117.0972290,635.30,1.75,WIFI
AE:6E:84:16:0D:52,,[WPA2_PSK],2025-12-1 15:45:59,4,-91,34.0366974,-117.0981445,640.80,1.75,WIFI
E8:AD:A6:64:42:D6,MySpectrumWiFid0-2G,[WPA2_PSK],2025-12-1 15:46:1,6,-91,34.0367050,-117.0985565,643.20,1.75,WIFI
24:41:FE:B7:49:AE,Verizon_ZXRF4X,[WPA2_PSK],2025-12-1 15:46:1,6,-91,34.0367050,-117.0985565,643.20,1.75,WIFI
8A:9A:4A:CC:91:D9,,[WPA2_PSK],2025-12-1 15:46:5,10,-87,34.0366821,-117.0994720,646.40,1.75,WIFI
90:9A:4A:CC:91:D7,Lanes_2G,[WPA2_PSK],2025-12-1 15:46:5,10,-93,34.0366821,-117.0994720,646.40,1.75,WIFI
80:CC:9C:60:38:01,Rusty Compass Ranch,[WPA2_WPA3_PSK],2025-12-1 15:46:6,11,-84,34.0366707,-117.0997162,646.70,1.75,WIFI
F8:F5:32:89:30:4B,WEST VAN BUREN,[WPA2_PSK],2025-12-1 15:46:6,11,-86,34.0366707,-117.0997162,646.70,1.75,WIFI
88:DE:7C:BA:A3:B1,SpectrumSetup-B3,[WPA2_PSK],2025-12-1 15:46:6,11,-93,34.0366707,-117.0997162,646.70,1.75,WIFI
60:D5:61:18:51:9B,,[WPA2_PSK],2025-12-1 15:46:8,13,-90,34.0366631,-117.1002274,646.60,1.75,WIFI
60:D5:61:34:8B:63,,[WPA2_PSK],2025-12-1 15:46:8,13,-94,34.0366631,-117.1002274,646.60,1.75,WIFI
14:7D:05:8F:3E:AF,SpectrumSetup-AD,[WPA2_PSK],2025-12-1 15:46:8,1,-85,34.0366631,-117.1002274,646.60,1.75,WIFI
22:48:6C:BC:85:86,,[WPA2_PSK],2025-12-1 15:46:8,1,-86,34.0366631,-117.1002274,646.60,1.75,WIFI
7C:DB:98:E7:DC:15,MySpectrumWiFi17-2G,[WPA2_PSK],2025-12-1 15:46:16,6,-86,34.0366554,-117.1022797,643.60,1.75,WIFI
B8:82:F2:1D:AE:32,Verizon_CQMGK3,[WPA2_PSK],2025-12-1 15:46:16,6,-87,34.0366554,-117.1022797,643.60,1.75,WIFI
04:09:86:0A:13:FB,Verizon_TCB94R,[WPA2_PSK],2025-12-1 15:46:16,6,-90,34.0366554,-117.1022797,643.60,1.75,WIFI
28:EC:22:FE:1C:C3,,[WPA3_PSK],2025-12-1 15:46:21,11,-84,34.0367279,-117.1035385,641.50,1.75,WIFI
28:EC:22:FE:1C:C6,Lane Family,[WPA2_PSK],2025-12-1 15:46:21,11,-85,34.0367279,-117.1035385,641.50,1.75,WIFI
CE:9E:43:C0:E2:10,,[WPA2_PSK],2025-12-1 15:46:27,3,-93,34.0372581,-117.1048660,640.60,1.75,WIFI
22:AD:56:46:74:77,Hotspot7477,[WPA_WPA2_PSK],2025-12-1 15:46:30,6,-86,34.0376968,-117.1053848,642.20,1.75,WIFI
90:D3:CF:C1:3C:06,SpectrumSetup-3C09,[WPA2_PSK],2025-12-1 15:46:30,6,-90,34.0376968,-117.1053848,642.20,1.75,WIFI
B6:95:75:37:22:A6,micasaestucasa_Guest,[WPA_WPA2_PSK],2025-12-1 15:46:32,8,-89,34.0380249,-117.1056442,643.10,1.75,WIFI
C8:9E:43:C0:E2:10,bella,[WPA2_PSK],2025-12-1 15:46:41,3,-94,34.0396843,-117.1063004,642.50,1.75,WIFI
80:CC:9C:80:88:68,NETGEAR82,[WPA2_PSK],2025-12-1 15:47:9,3,-92,34.0423622,-117.1116028,611.70,1.75,WIFI
32:B4:B8:31:93:2B,My VW 6089,[WPA2_PSK],2025-12-1 15:47:26,6,-90,34.0448227,-117.1149368,587.60,1.75,WIFI
80:3F:5D:76:A9:E5,WAVLINK-AX_A9E3,[WPA2_PSK],2025-12-1 15:48:33,3,-93,34.0482864,-117.1210022,544.30,1.75,WIFI
80:3F:5D:76:99:7A,JCW Co,[WPA2_PSK],2025-12-1 15:48:37,7,-85,34.0482826,-117.1210022,544.40,1.75,WIFI
9E:50:D1:51:FF:02,DIRECT-Jy-Car_1510,[WPA2_PSK],2025-12-1 15:48:41,11,-73,34.0482864,-117.1210022,544.50,1.75,WIFI
1E:E1:92:C3:1C:5D,DIRECT-MBUX 21315,[WPA2_PSK],2025-12-1 15:48:41,11,-89,34.0482864,-117.1210022,544.50,1.75,WIFI
84:70:51:E1:CF:CF,TOYOTA Camry-2.4g_e1cfcf,[WPA2_PSK],2025-12-1 15:48:44,1,-74,34.0482864,-117.1210022,544.50,1.75,WIFI
C8:8A:D8:B9:DE:76,CARDV-de76,[WPA2_PSK],2025-12-1 15:48:51,7,-85,34.0482864,-117.1210251,544.20,1.75,WIFI
EA:38:83:92:D5:5E,,[WPA2_PSK],2025-12-1 15:48:55,11,-84,34.0482864,-117.1213226,542.60,1.75,WIFI
E4:38:83:92:D5:5E,Moore Manor,[WPA2_PSK],2025-12-1 15:48:55,11,-87,34.0482864,-117.1213226,542.60,1.75,WIFI
F4:E2:C6:A8:67:AD,Moore Manor,[WPA2_PSK],2025-12-1 15:48:58,1,-87,34.0482903,-117.1216965,540.50,1.75,WIFI
FA:E2:C6:A8:67:AD,,[WPA2_PSK],2025-12-1 15:48:58,1,-87,34.0482903,-117.1216965,540.50,1.75,WIFI
54:21:60:12:18:69,Alula121868,[WPA_WPA2_PSK],2025-12-1 15:48:58,1,-92,34.0482903,-117.1216965,540.50,1.75,WIFI
DE:B3:70:A1:F0:1C,,[WPA2_PSK],2025-12-1 15:49:4,6,-85,34.0482979,-117.1227036,536.40,1.75,WIFI
24:F3:E3:74:AE:83,,[WPA3_PSK],2025-12-1 15:49:9,11,-75,34.0483055,-117.1236725,533.60,1.75,WIFI
24:F3:E3:74:AE:86,31144,[WPA2_PSK],2025-12-1 15:49:9,11,-81,34.0483055,-117.1236725,533.60,1.75,WIFI
94:F7:17:B8:A0:90,,[WPA_WPA2_PSK],2025-12-1 15:49:12,1,-87,34.0483131,-117.1242752,531.60,1.75,WIFI
94:A6:7E:6D:5B:00,NETGEAR6D5B0F-SETUP,[WPA2_PSK],2025-12-1 15:49:12,1,-92,34.0483131,-117.1242752,531.60,1.75,WIFI
94:F7:17:83:E6:E0,,[WPA_WPA2_PSK],2025-12-1 15:49:12,1,-92,34.0483131,-117.1242752,531.60,1.75,WIFI
8C:85:80:7A:F0:BD,,[WPA_WPA2_PSK],2025-12-1 15:49:16,4,-93,34.0483208,-117.1250916,527.40,1.75,WIFI
A8:13:0B:D8:C0:44,Cowles Farm,[WPA2_PSK],2025-12-1 15:49:18,6,-78,34.0483208,-117.1255112,525.60,1.75,WIFI
A8:13:0B:D8:C0:4A,Cowles Guest,[WPA2_PSK],2025-12-1 15:49:18,6,-80,34.0483208,-117.1255112,525.60,1.75,WIFI
A8:13:0B:D8:C0:42,,[WPA3_PSK],2025-12-1 15:49:18,6,-80,34.0483208,-117.1255112,525.60,1.75,WIFI
A8:13:0B:D8:C0:46,,[OPEN],2025-12-1 15:49:18,6,-80,34.0483208,-117.1255112,525.60,1.75,WIFI
DC:69:B5:C7:58:66,Cowles Farm,[WPA2_PSK],2025-12-1 15:49:18,6,-81,34.0483208,-117.1255112,525.60,1.75,WIFI
DC:69:B5:D7:1A:A6,Cowles Farm,[WPA2_PSK],2025-12-1 15:49:18,6,-82,34.0483208,-117.1255112,525.60,1.75,WIFI
DC:69:B5:C7:58:63,,[WPA3_PSK],2025-12-1 15:49:18,6,-82,34.0483208,-117.1255112,525.60,1.75,WIFI
DC:69:B5:D7:1A:AF,Cowles Guest,[WPA2_PSK],2025-12-1 15:49:18,6,-83,34.0483208,-117.1255112,525.60,1.75,WIFI
DC:69:B5:C7:58:69,,[OPEN],2025-12-1 15:49:18,6,-83,34.0483208,-117.1255112,525.60,1.75,WIFI
DC:69:B5:C7:58:6F,Cowles Guest,[WPA2_PSK],2025-12-1 15:49:18,6,-84,34.0483208,-117.1255112,525.60,1.75,WIFI
38:88:71:45:9F:29,Verizon_9PQLD4,[WPA2_PSK],2025-12-1 15:49:23,11,-84,34.0483360,-117.1265793,523.50,1.75,WIFI
44:AC:85:B6:95:E6,Frontier8656,[WPA2_PSK],2025-12-1 15:49:25,1,-83,34.0483398,-117.1270065,522.90,1.75,WIFI
44:AC:85:B6:95:E3,,[WPA3_PSK],2025-12-1 15:49:25,1,-83,34.0483398,-117.1270065,522.90,1.75,WIFI
44:AC:85:B6:95:E9,,[OPEN],2025-12-1 15:49:25,1,-84,34.0483398,-117.1270065,522.90,1.75,WIFI
9C:57:BC:A4:56:09,,[OPEN],2025-12-1 15:49:25,1,-85,34.0483398,-117.1270065,522.90,1.75,WIFI
9C:57:BC:A4:56:06,Frontier8656,[WPA2_PSK],2025-12-1 15:49:25,1,-87,34.0483398,-117.1270065,522.90,1.75,WIFI
54:B7:BD:DF:48:13,Verizon_9CD9V3,[WPA2_PSK],2025-12-1 15:49:32,6,-86,34.0483513,-117.1285019,517.20,1.75,WIFI
00:54:AF:16:C9:6B,HotspotC96B,[WPA_WPA2_PSK],2025-12-1 15:49:35,9,-71,34.0483551,-117.1291504,517.20,1.75,WIFI
F4:92:BF:67:39:6F,Driessnack-WiFi,[WPA2_PSK],2025-12-1 15:49:37,11,-76,34.0483589,-117.1295624,517.50,1.75,WIFI
5C:01:3B:F1:64:A1,PNR08IF3106C0DE0AD,[OPEN],2025-12-1 15:49:39,1,-81,34.0483665,-117.1299667,517.50,1.75,WIFI
FC:E8:C0:83:4B:21,PNR08IF3105DBA40AB,[OPEN],2025-12-1 15:49:39,1,-82,34.0483665,-117.1299667,517.50,1.75,WIFI
FC:E8:C0:83:4A:BD,PNR08IF3105DBA90B0,[OPEN],2025-12-1 15:49:39,1,-83,34.0483665,-117.1299667,517.50,1.75,WIFI
FC:E8:C0:83:49:99,PNR08IF3105DBA70AE,[OPEN],2025-12-1 15:49:39,1,-91,34.0483665,-117.1299667,517.50,1.75,WIFI
96:9A:4A:CF:EA:26,,[WPA2_PSK],2025-12-1 15:49:43,3,-89,34.0483665,-117.1308136,516.40,1.75,WIFI
34:98:B5:E2:B6:D7,,[WPA2_PSK],2025-12-1 15:49:49,9,-90,34.0483742,-117.1320877,513.90,1.75,WIFI
3A:98:B5:E2:B6:D7,rtgyyg-Wifi-Network,[WPA2_PSK],2025-12-1 15:49:49,9,-90,34.0483742,-117.1320877,513.90,1.75,WIFI
42:98:B5:E2:B6:D7,rtgyyg-Wifi-Network-2G,[WPA2_PSK],2025-12-1 15:49:49,9,-92,34.0483742,-117.1320877,513.90,1.75,WIFI
C8:FE:0F:38:78:48,Peztio-Q4-387848,[WPA2_PSK],2025-12-1 15:49:51,11,-78,34.0483818,-117.1325150,512.90,1.75,WIFI
AA:A7:B9:A5:BB:BF,,[WPA2_PSK],2025-12-1 15:49:57,3,-82,34.0483932,-117.1337891,510.00,1.75,WIFI
AA:A7:B9:A5:BB:B8,Scott,[WPA2_PSK],2025-12-1 15:49:57,3,-83,34.0483932,-117.1337891,510.00,1.75,WIFI
3C:84:6A:F1:12:BA,Scott,[WPA2_PSK],2025-12-1 15:49:57,3,-86,34.0483932,-117.1337891,510.00,1.75,WIFI
42:84:6A:F1:12:BA,,[WPA2_PSK],2025-12-1 15:49:57,3,-90,34.0483932,-117.1337891,510.00,1.75,WIFI
24:2D:6C:12:4E:85,,[WPA3_PSK],2025-12-1 15:50:0,6,-89,34.0484009,-117.1344147,508.80,1.75,WIFI
14:59:C0:A0:F7:46,NETGEAR49,[WPA2_PSK],2025-12-1 15:50:0,6,-91,34.0484009,-117.1344147,508.80,1.75,WIFI
24:2D:6C:6B:2D:05,,[WPA3_PSK],2025-12-1 15:50:0,6,-92,34.0484009,-117.1344147,508.80,1.75,WIFI
24:2D:6C:68:D5:45,,[WPA3_PSK],2025-12-1 15:50:0,6,-92,34.0484009,-117.1344147,508.80,1.75,WIFI
D0:CB:DD:B3:76:C5,,[WPA3_PSK],2025-12-1 15:50:0,6,-93,34.0484009,-117.1344147,508.80,1.75,WIFI
00:1F:90:A6:15:3A,UGAH6,[WEP],2025-12-1 15:50:0,6,-94,34.0484009,-117.1344147,508.80,1.75,WIFI
C8:9E:43:D1:15:DA,ORB572051,[WPA2_PSK],2025-12-1 15:50:3,9,-96,34.0484123,-117.1350327,507.60,1.75,WIFI
58:96:71:57:E6:B2,Verizon_GRBG37,[WPA2_PSK],2025-12-1 15:50:14,6,-74,34.0484390,-117.1371841,501.10,1.75,WIFI
00:80:AE:E5:92:4F,hugh438563,[WPA2_PSK],2025-12-1 15:50:14,6,-84,34.0484390,-117.1371841,501.10,1.75,WIFI
24:41:FE:95:2E:4A,Verizon_VQQR4Y,[WPA2_PSK],2025-12-1 15:50:14,6,-89,34.0484390,-117.1371841,501.10,1.75,WIFI
54:B7:BD:1F:91:34,Verizon_VQX6S3,[WPA2_PSK],2025-12-1 15:50:14,6,-89,34.0484390,-117.1371841,501.10,1.75,WIFI
24:41:FE:52:E8:72,Verizon_7LBVW6,[WPA2_PSK],2025-12-1 15:50:14,6,-91,34.0484390,-117.1371841,501.10,1.75,WIFI
1E:BF:CE:EA:7D:53,csc-hub-0111,[WPA2_PSK],2025-12-1 15:50:18,10,-95,34.0484505,-117.1378479,499.30,1.75,WIFI
BC:DF:58:FD:F2:32,K&L86,[WPA2_PSK],2025-12-1 15:50:19,11,-80,34.0484543,-117.1379852,498.90,1.75,WIFI
58:96:71:07:FB:EE,Verizon_9KM3LL,[WPA2_PSK],2025-12-1 15:50:19,11,-85,34.0484543,-117.1379852,498.90,1.75,WIFI
10:2C:B1:46:2C:2F,,[WPA_WPA2_PSK],2025-12-1 15:50:19,11,-85,34.0484543,-117.1379852,498.90,1.75,WIFI
5E:96:71:07:FB:EE,Verizon_9KM3LL-Guest,[WPA2_PSK],2025-12-1 15:50:19,11,-89,34.0484543,-117.1379852,498.90,1.75,WIFI
00:80:AE:A4:38:88,hug2g566622,[WPA2_PSK],2025-12-1 15:50:19,11,-90,34.0484543,-117.1379852,498.90,1.75,WIFI
A8:A2:37:CB:94:97,Verizon_NDV64B,[WPA2_PSK],2025-12-1 15:50:19,11,-93,34.0484543,-117.1379852,498.90,1.75,WIFI
24:41:FE:24:51:76,Verizon_MTV9MH,[WPA2_PSK],2025-12-1 15:50:19,11,-93,34.0484543,-117.1379852,498.90,1.75,WIFI
E0:55:3D:F3:04:EC,Lehi,[WPA2_PSK],2025-12-1 15:50:21,1,-89,34.0484543,-117.1382294,498.60,1.75,WIFI
E6:55:3D:F3:04:EC,Liahona,[WPA2_PSK],2025-12-1 15:50:21,1,-89,34.0484543,-117.1382294,498.60,1.75,WIFI
EA:55:3D:F3:04:EC,IOTConnect,[WPA2_PSK],2025-12-1 15:50:21,1,-90,34.0484543,-117.1382294,498.60,1.75,WIFI
30:23:03:39:F9:DB,NETGEAR25,[WPA2_PSK],2025-12-1 15:50:27,5,-87,34.0484581,-117.1387634,497.70,1.75,WIFI
4C:01:43:11:24:D3,Tessari,[WPA2_PSK],2025-12-1 15:50:28,6,-77,34.0484543,-117.1387863,497.70,1.75,WIFI
4C:01:43:11:24:D1,,[WPA3_PSK],2025-12-1 15:50:28,6,-78,34.0484543,-117.1387863,497.70,1.75,WIFI
4C:01:43:11:24:D5,,[OPEN],2025-12-1 15:50:28,6,-79,34.0484543,-117.1387863,497.70,1.75,WIFI
E0:CB:BC:BF:04:42,Lehi,[WPA2_PSK],2025-12-1 15:50:28,6,-80,34.0484543,-117.1387863,497.70,1.75,WIFI
E6:CB:BC:BF:04:42,Liahona,[WPA2_PSK],2025-12-1 15:50:28,6,-80,34.0484543,-117.1387863,497.70,1.75,WIFI
EA:CB:BC:BF:04:42,IOTConnect,[WPA2_PSK],2025-12-1 15:50:28,6,-81,34.0484543,-117.1387863,497.70,1.75,WIFI
B2:AB:57:20:8A:FC,EP Castle,[WPA2_PSK],2025-12-1 15:50:28,6,-90,34.0484543,-117.1387863,497.70,1.75,WIFI
04:17:B6:37:9C:3E,,[WPA_WPA2_PSK],2025-12-1 15:50:29,7,-68,34.0484543,-117.1388016,497.80,1.75,WIFI
C2:A5:11:19:13:43,Comfort Zone,[WPA2_PSK],2025-12-1 15:50:31,9,-75,34.0484543,-117.1388474,497.60,1.75,WIFI
4C:22:F3:5F:20:6B,Verizon_G7R7VS,[WPA2_PSK],2025-12-1 15:50:33,11,-84,34.0484543,-117.1389923,497.10,1.75,WIFI
2C:00:AB:9F:96:50,Frontier4784,[WPA2_PSK],2025-12-1 15:50:33,11,-87,34.0484543,-117.1389923,497.10,1.75,WIFI
0A:80:AE:A4:38:88,,[WPA2_PSK],2025-12-1 15:50:33,11,-90,34.0484543,-117.1389923,497.10,1.75,WIFI
B8:82:F2:16:85:7A,Verizon_JY9HJV,[WPA2_PSK],2025-12-1 15:50:35,1,-93,34.0484467,-117.1392059,497.00,1.75,WIFI
28:C2:DD:BD:46:31,WMbd4631,[OPEN],2025-12-1 15:50:41,5,-81,34.0484390,-117.1401138,495.60,1.75,WIFI
84:70:D7:F8:A0:84,,[WPA3_PSK],2025-12-1 15:50:42,6,-84,34.0484390,-117.1402817,495.10,1.75,WIFI
84:70:D7:F8:A0:87,chella,[WPA2_PSK],2025-12-1 15:50:42,6,-84,34.0484390,-117.1402817,495.10,1.75,WIFI
D8:EC:5E:6E:14:0D,Brandon,[WPA2_PSK],2025-12-1 15:50:43,7,-79,34.0484390,-117.1404572,494.60,1.75,WIFI
DE:EC:5E:6E:14:0D,,[WPA2_PSK],2025-12-1 15:50:43,7,-82,34.0484390,-117.1404572,494.60,1.75,WIFI
9E:18:65:CE:D8:0B,RASMEY-Guest,[WPA2_PSK],2025-12-1 15:50:44,8,-70,34.0484390,-117.1406326,494.20,1.75,WIFI
9A:18:65:CE:D8:0B,,[WPA2_PSK],2025-12-1 15:50:44,8,-73,34.0484390,-117.1406326,494.20,1.75,WIFI
94:18:65:CE:D8:0B,ORBI99,[WPA2_WPA3_PSK],2025-12-1 15:50:44,8,-76,34.0484390,-117.1406326,494.20,1.75,WIFI
9A:18:65:CF:18:82,ORBI99,[WPA2_WPA3_PSK],2025-12-1 15:50:44,8,-83,34.0484390,-117.1406326,494.20,1.75,WIFI
9E:18:65:CF:18:82,RASMEY-Guest,[WPA2_PSK],2025-12-1 15:50:44,8,-86,34.0484390,-117.1406326,494.20,1.75,WIFI
94:18:65:CF:18:82,,[WPA2_PSK],2025-12-1 15:50:44,8,-90,34.0484390,-117.1406326,494.20,1.75,WIFI
F0:B6:61:0F:51:E4,,[WPA3_PSK],2025-12-1 15:50:47,11,-77,34.0484390,-117.1411591,492.90,1.75,WIFI
F0:B6:61:0F:51:EA,,[OPEN],2025-12-1 15:50:47,11,-78,34.0484390,-117.1411591,492.90,1.75,WIFI
F0:B6:61:0F:51:E7,Dodgers 44,[WPA2_PSK],2025-12-1 15:50:47,11,-79,34.0484390,-117.1411591,492.90,1.75,WIFI
04:A1:51:5C:EE:BE,ngHub_319443N909B8E,[WPA2_PSK],2025-12-1 15:50:47,11,-82,34.0484390,-117.1411591,492.90,1.75,WIFI
F0:B6:61:56:6C:E4,,[WPA3_PSK],2025-12-1 15:50:47,11,-82,34.0484390,-117.1411591,492.90,1.75,WIFI
F0:B6:61:56:6C:EA,,[OPEN],2025-12-1 15:50:47,11,-83,34.0484390,-117.1411591,492.90,1.75,WIFI
D8:EC:5E:6E:18:7C,Brandon,[WPA2_PSK],2025-12-1 15:50:47,11,-84,34.0484390,-117.1411591,492.90,1.75,WIFI
22:E0:19:5C:8C:76,,[WPA2_PSK],2025-12-1 15:50:47,11,-84,34.0484390,-117.1411591,492.90,1.75,WIFI
84:70:D7:0B:90:07,Martinez,[WPA2_PSK],2025-12-1 15:50:47,11,-84,34.0484390,-117.1411591,492.90,1.75,WIFI
F0:B6:61:56:6C:E7,Dodgers 44,[WPA2_PSK],2025-12-1 15:50:47,11,-84,34.0484390,-117.1411591,492.90,1.75,WIFI
84:70:D7:0B:90:04,,[WPA3_PSK],2025-12-1 15:50:47,11,-85,34.0484390,-117.1411591,492.90,1.75,WIFI
84:70:D7:0B:90:0A,,[OPEN],2025-12-1 15:50:47,11,-85,34.0484390,-117.1411591,492.90,1.75,WIFI
84:A0:6E:C3:F7:66,MySpectrumWiFi60-2G,[WPA2_PSK],2025-12-1 15:50:47,11,-85,34.0484390,-117.1411591,492.90,1.75,WIFI
C8:A7:0A:98:F4:98,FiOS-BORQF,[WPA2_PSK],2025-12-1 15:50:47,11,-93,34.0484390,-117.1411591,492.90,1.75,WIFI
C0:6F:98:88:E1:E3,,[WPA3_PSK],2025-12-1 15:50:51,1,-83,34.0484390,-117.1418686,490.60,1.75,WIFI
F8:BB:BF:4F:E7:63,,[WPA3_PSK],2025-12-1 15:50:51,1,-85,34.0484390,-117.1418686,490.60,1.75,WIFI
30:57:8E:32:E9:23,,[WPA3_PSK],2025-12-1 15:50:51,1,-86,34.0484390,-117.1418686,490.60,1.75,WIFI
30:60:0A:25:8D:44,,[WPA_WPA2_PSK],2025-12-1 15:50:51,1,-87,34.0484390,-117.1418686,490.60,1.75,WIFI
FC:3F:DB:CA:4E:46,DIRECT-45-HP Officejet 5740,[WPA2_PSK],2025-12-1 15:50:51,1,-88,34.0484390,-117.1418686,490.60,1.75,WIFI
CC:CF:83:0D:FE:14,,[WPA_WPA2_PSK],2025-12-1 15:50:51,1,-89,34.0484390,-117.1418686,490.60,1.75,WIFI
24:E8:53:42:D3:DF,RMD24E85342D3DE,[WPA_WPA2_PSK],2025-12-1 15:50:54,3,-83,34.0484390,-117.1424103,488.80,1.75,WIFI
D0:6D:C9:39:9F:86,Frontier1222,[WPA2_PSK],2025-12-1 15:50:57,6,-70,34.0484352,-117.1429520,487.00,1.75,WIFI
F4:52:46:95:05:71,Beltran,[WPA2_PSK],2025-12-1 15:50:57,6,-76,34.0484352,-117.1429520,487.00,1.75,WIFI
4C:19:5D:33:73:86,SpectrumSetup-80,[WPA2_PSK],2025-12-1 15:50:57,6,-79,34.0484352,-117.1429520,487.00,1.75,WIFI
00:D0:2D:9B:09:E3,NewThermostat_9B09E3,[OPEN],2025-12-1 15:50:57,6,-86,34.0484352,-117.1429520,487.00,1.75,WIFI
04:17:B6:EF:B2:C4,,[WPA_WPA2_PSK],2025-12-1 15:50:58,7,-93,34.0484352,-117.1431351,486.30,1.75,WIFI
8A:D8:1B:FA:28:3A,,[WPA2_PSK],2025-12-1 15:51:0,9,-63,34.0484352,-117.1434784,485.20,1.75,WIFI
84:D8:1B:FA:28:3A,Grandma’s Mesh Network,[WPA_WPA2_PSK],2025-12-1 15:51:0,9,-65,34.0484352,-117.1434784,485.20,1.75,WIFI
8A:D8:1B:FA:6F:16,,[WPA2_PSK],2025-12-1 15:51:0,9,-76,34.0484352,-117.1434784,485.20,1.75,WIFI
8A:D8:1B:FA:2E:7E,,[WPA2_PSK],2025-12-1 15:51:0,9,-80,34.0484352,-117.1434784,485.20,1.75,WIFI
84:D8:1B:FA:6F:16,Grandma’s Mesh Network,[WPA_WPA2_PSK],2025-12-1 15:51:0,9,-83,34.0484352,-117.1434784,485.20,1.75,WIFI
84:D8:1B:FA:2E:7E,Grandma’s Mesh Network,[WPA_WPA2_PSK],2025-12-1 15:51:0,9,-85,34.0484352,-117.1434784,485.20,1.75,WIFI
88:6A:E3:D6:B9:C6,tld6b9c6,[WPA2_PSK],2025-12-1 15:51:2,11,-66,34.0484352,-117.1438065,484.00,1.75,WIFI
C0:6F:98:17:FF:86,JAZZY ,[WPA2_PSK],2025-12-1 15:51:2,11,-73,34.0484352,-117.1438065,484.00,1.75,WIFI
C0:6F:98:17:FF:89,,[OPEN],2025-12-1 15:51:2,11,-74,34.0484352,-117.1438065,484.00,1.75,WIFI
C0:6F:98:17:FF:83,,[WPA3_PSK],2025-12-1 15:51:2,11,-75,34.0484352,-117.1438065,484.00,1.75,WIFI
64:C2:69:A4:D0:07,,[OPEN],2025-12-1 15:51:2,11,-76,34.0484352,-117.1438065,484.00,1.75,WIFI
64:C2:69:A4:D0:05,Fios-TE2LZ,[WPA2_PSK],2025-12-1 15:51:2,11,-76,34.0484352,-117.1438065,484.00,1.75,WIFI
08:B4:B1:25:FF:CF,8Lakers24,[WPA2_PSK],2025-12-1 15:51:2,11,-77,34.0484352,-117.1438065,484.00,1.75,WIFI
64:C2:69:A4:D0:03,,[WPA3_PSK],2025-12-1 15:51:2,11,-77,34.0484352,-117.1438065,484.00,1.75,WIFI
08:B4:B1:15:2E:57,8Lakers24,[WPA2_PSK],2025-12-1 15:51:2,11,-87,34.0484352,-117.1438065,484.00,1.75,WIFI
2E:AA:8E:DB:A6:16,,[WPA_WPA2_PSK],2025-12-1 15:51:2,11,-93,34.0484352,-117.1438065,484.00,1.75,WIFI
B8:EE:0E:D5:C9:FA,MySpectrumWiFif4-2G,[WPA2_PSK],2025-12-1 15:51:3,1,-79,34.0484314,-117.1439514,483.60,1.75,WIFI
30:60:0A:3C:31:A0,,[WPA_WPA2_PSK],2025-12-1 15:51:3,1,-79,34.0484314,-117.1439514,483.60,1.75,WIFI
00:C8:96:2C:39:3C,,[WPA_WPA2_PSK],2025-12-1 15:51:3,1,-79,34.0484314,-117.1439514,483.60,1.75,WIFI
30:60:0A:FC:28:1C,,[WPA_WPA2_PSK],2025-12-1 15:51:3,1,-81,34.0484314,-117.1439514,483.60,1.75,WIFI
48:5D:36:7A:7C:7E,FiOS-K98E8,[WPA2_PSK],2025-12-1 15:51:3,1,-89,34.0484314,-117.1439514,483.60,1.75,WIFI
AE:0B:FB:E4:FF:B1,LNL0CG800H,[WPA_WPA2_PSK],2025-12-1 15:51:3,1,-92,34.0484314,-117.1439514,483.60,1.75,WIFI
B4:B0:24:2F:D9:AA,TP-Link_D9AA,[WPA2_PSK],2025-12-1 15:51:8,3,-69,34.0484352,-117.1444931,482.10,1.75,WIFI
A0:8A:06:51:51:29,SpectrumSetup-0CFD,[WPA2_PSK],2025-12-1 15:51:11,6,-81,34.0484314,-117.1446762,481.80,1.75,WIFI
22:8A:06:51:51:29,,[WPA2_PSK],2025-12-1 15:51:11,6,-84,34.0484314,-117.1446762,481.80,1.75,WIFI
2C:67:BE:12:4D:B3,Rohleder,[WPA2_PSK],2025-12-1 15:51:16,11,-78,34.0484276,-117.1449051,481.40,1.75,WIFI
D6:8D:26:25:52:A4,[LG_Oven]52a4,[WPA2_PSK],2025-12-1 15:51:16,11,-80,34.0484276,-117.1449051,481.40,1.75,WIFI
9C:C9:EB:1C:16:28,8SKTL_EXT,[WPA2_PSK],2025-12-1 15:51:16,11,-81,34.0484276,-117.1449051,481.40,1.75,WIFI
84:70:D7:EB:1E:04,,[WPA3_PSK],2025-12-1 15:51:16,11,-82,34.0484276,-117.1449051,481.40,1.75,WIFI
84:70:D7:EB:1E:0A,,[OPEN],2025-12-1 15:51:16,11,-83,34.0484276,-117.1449051,481.40,1.75,WIFI
84:70:D7:EB:1E:07,Hogwarts,[WPA2_PSK],2025-12-1 15:51:16,11,-84,34.0484276,-117.1449051,481.40,1.75,WIFI
28:BD:89:C9:E0:23,Cullen Google,[WPA2_PSK],2025-12-1 15:51:16,11,-86,34.0484276,-117.1449051,481.40,1.75,WIFI
8A:71:B1:7B:9F:2F,SBG8300Guest-CD19-2.4GHz,[WPA2_PSK],2025-12-1 15:51:16,11,-88,34.0484276,-117.1449051,481.40,1.75,WIFI
94:A6:7E:16:1F:E7,WOLFDEN02,[WPA2_PSK],2025-12-1 15:51:16,11,-88,34.0484276,-117.1449051,481.40,1.75,WIFI
22:48:6C:4E:8E:C3,,[WPA2_PSK],2025-12-1 15:51:16,11,-91,34.0484276,-117.1449051,481.40,1.75,WIFI
9C:57:BC:B2:84:69,,[OPEN],2025-12-1 15:51:19,1,-74,34.0484238,-117.1450043,481.30,1.75,WIFI
9C:57:BC:B2:84:66,Sys5fpdev,[WPA2_WPA3_PSK],2025-12-1 15:51:19,1,-75,34.0484238,-117.1450043,481.30,1.75,WIFI
9C:57:BC:B2:84:63,,[WPA3_PSK],2025-12-1 15:51:19,1,-75,34.0484238,-117.1450043,481.30,1.75,WIFI
24:94:CB:E9:B5:68,Frontier0912,[WPA2_PSK],2025-12-1 15:51:19,1,-91,34.0484238,-117.1450043,481.30,1.75,WIFI
7C:7E:F9:51:CB:A6,,[OPEN],2025-12-1 15:51:25,6,-67,34.0484238,-117.1451492,481.00,1.75,WIFI
7C:7E:F9:51:CB:A2,,[WPA3_PSK],2025-12-1 15:51:25,6,-68,34.0484238,-117.1451492,481.00,1.75,WIFI
7C:7E:F9:51:CB:A4,Great Scott Productions,[WPA2_PSK],2025-12-1 15:51:25,6,-68,34.0484238,-117.1451492,481.00,1.75,WIFI
84:70:D7:94:C8:8A,,[OPEN],2025-12-1 15:51:25,6,-71,34.0484238,-117.1451492,481.00,1.75,WIFI
84:70:D7:94:C8:87,Great Scott Productions,[WPA2_PSK],2025-12-1 15:51:25,6,-71,34.0484238,-117.1451492,481.00,1.75,WIFI
84:70:D7:94:C8:84,,[WPA3_PSK],2025-12-1 15:51:25,6,-72,34.0484238,-117.1451492,481.00,1.75,WIFI
88:67:46:79:AF:E9,,[OPEN],2025-12-1 15:51:25,6,-80,34.0484238,-117.1451492,481.00,1.75,WIFI
88:67:46:79:AF:E6,JohnPatty7691,[WPA2_PSK],2025-12-1 15:51:25,6,-81,34.0484238,-117.1451492,481.00,1.75,WIFI
78:76:89:C6:48:12,,[WPA3_PSK],2025-12-1 15:51:25,6,-82,34.0484238,-117.1451492,481.00,1.75,WIFI
88:67:46:79:AF:E3,,[WPA3_PSK],2025-12-1 15:51:25,6,-82,34.0484238,-117.1451492,481.00,1.75,WIFI
F4:52:46:AC:B7:7D,SpectrumSetup-4B,[WPA2_PSK],2025-12-1 15:51:25,6,-85,34.0484238,-117.1451492,481.00,1.75,WIFI
10:0C:6B:EA:A3:17,westworld,[WPA2_PSK],2025-12-1 15:51:26,7,-79,34.0484238,-117.1451492,481.00,1.75,WIFI
10:0C:6B:EA:A4:37,westworld,[WPA2_PSK],2025-12-1 15:51:26,7,-89,34.0484238,-117.1451492,481.00,1.75,WIFI
28:80:88:43:BE:41,Chicano Town,[WPA2_PSK],2025-12-1 15:51:29,9,-89,34.0484238,-117.1451874,480.80,1.75,WIFI
1C:BF:CE:D7:11:38,Rohleder-PRO-2.4G,[WPA2_PSK],2025-12-1 15:51:31,11,-84,34.0484276,-117.1452255,480.70,1.75,WIFI
98:E7:F4:98:3B:8D,DIRECT-8C-HP OfficeJet 4650,[WPA2_PSK],2025-12-1 15:51:31,11,-93,34.0484276,-117.1452255,480.70,1.75,WIFI
D4:A9:28:10:EF:56,FiOS-8FQXD,[WPA2_PSK],2025-12-1 15:51:34,1,-79,34.0484276,-117.1453018,480.60,1.75,WIFI
40:47:5E:D9:D9:29,,[OPEN],2025-12-1 15:51:34,1,-84,34.0484276,-117.1453018,480.60,1.75,WIFI
40:47:5E:D9:D9:2F,BIGRED Guest,[WPA2_PSK],2025-12-1 15:51:34,1,-84,34.0484276,-117.1453018,480.60,1.75,WIFI
94:A6:7E:5A:5A:24,SpectrumSetup-58,[WPA2_PSK],2025-12-1 15:51:34,1,-87,34.0484276,-117.1453018,480.60,1.75,WIFI
DC:EF:09:94:51:C9,T3C59_2GEXT,[WPA2_PSK],2025-12-1 15:51:36,2,-90,34.0484276,-117.1453705,480.30,1.75,WIFI
10:0C:6B:4F:01:92,Shuyun Mesh,[WPA2_PSK],2025-12-1 15:51:37,3,-78,34.0484276,-117.1454086,480.30,1.75,WIFI
10:0C:6B:49:BB:A5,Shuyun Mesh,[WPA2_PSK],2025-12-1 15:51:37,3,-83,34.0484276,-117.1454086,480.30,1.75,WIFI
10:0C:6B:4F:01:89,Shuyun Mesh,[WPA2_PSK],2025-12-1 15:51:37,3,-88,34.0484276,-117.1454086,480.30,1.75,WIFI
C0:FF:D4:C0:B6:B5,Shuyun_EXT,[WPA2_PSK],2025-12-1 15:51:37,3,-94,34.0484276,-117.1454086,480.30,1.75,WIFI
E2:62:79:6A:04:59,,[WPA2_PSK],2025-12-1 15:51:39,5,-79,34.0484276,-117.1454773,480.10,1.75,WIFI
FA:8F:CA:81:FF:CD,Mancave.b_,[OPEN],2025-12-1 15:51:40,6,-84,34.0484276,-117.1455231,479.90,1.75,WIFI
DC:69:B5:A0:9C:83,,[WPA3_PSK],2025-12-1 15:51:40,6,-84,34.0484276,-117.1455231,479.90,1.75,WIFI
DC:69:B5:A0:9C:86,JohnPatty7691,[WPA2_PSK],2025-12-1 15:51:40,6,-84,34.0484276,-117.1455231,479.90,1.75,WIFI
DC:69:B5:A0:9C:89,,[OPEN],2025-12-1 15:51:40,6,-85,34.0484276,-117.1455231,479.90,1.75,WIFI
00:31:92:DA:B6:73,O'Home2,[WPA2_PSK],2025-12-1 15:51:44,10,-86,34.0484276,-117.1456909,479.40,1.75,WIFI
54:47:CC:F6:45:46,Frontier0839,[WPA2_PSK],2025-12-1 15:51:45,11,-88,34.0484276,-117.1457291,479.30,1.75,WIFI
90:D3:CF:DD:D3:7D,Pancer Home,[WPA2_PSK],2025-12-1 15:51:48,1,-86,34.0484314,-117.1458282,479.00,1.75,WIFI
A0:89:66:94:7B:80,,[WPA_WPA2_PSK],2025-12-1 15:51:48,1,-88,34.0484314,-117.1458282,479.00,1.75,WIFI
54:21:60:04:F8:2D,Alula04F82C,[WPA_WPA2_PSK],2025-12-1 15:51:48,1,-89,34.0484314,-117.1458282,479.00,1.75,WIFI
F4:B8:5E:FB:54:CD,SMA1990006896 ,[WPA2_PSK],2025-12-1 15:51:48,1,-90,34.0484314,-117.1458282,479.00,1.75,WIFI
FA:8F:CA:81:83:43,Master Bedroom.b_,[OPEN],2025-12-1 15:51:51,3,-89,34.0484314,-117.1459427,478.60,1.75,WIFI
DC:62:79:6A:04:59,Pretty HTML Machine,[WPA2_PSK],2025-12-1 15:51:53,5,-64,34.0484314,-117.1460266,478.40,1.75,WIFI
DC:62:79:6A:0A:03,Pretty HTML Machine,[WPA2_PSK],2025-12-1 15:51:53,5,-75,34.0484314,-117.1460266,478.40,1.75,WIFI
20:BE:CD:B2:FC:C7,Puffin,[WPA2_PSK],2025-12-1 15:51:54,6,-72,34.0484276,-117.1460648,478.30,1.75,WIFI
7A:83:C2:BD:96:6A,,[WPA2_PSK],2025-12-1 15:51:54,6,-75,34.0484276,-117.1460648,478.30,1.75,WIFI
60:F4:19:40:54:C9,,[OPEN],2025-12-1 15:51:54,6,-79,34.0484276,-117.1460648,478.30,1.75,WIFI
E0:63:DA:31:B7:30,Kane-WiFi,[WPA2_PSK],2025-12-1 15:51:56,8,-79,34.0484314,-117.1461487,478.10,1.75,WIFI
56:2A:1B:A3:15:09,,[WPA2_PSK],2025-12-1 15:51:57,9,-90,34.0484314,-117.1462021,478.00,1.75,WIFI
B4:FB:E4:47:2E:A8,Craw395,[WPA2_PSK],2025-12-1 15:51:59,11,-75,34.0484314,-117.1462936,477.70,1.75,WIFI
12:FC:88:27:66:A5,,[WPA2_PSK],2025-12-1 15:51:59,11,-81,34.0484314,-117.1462936,477.70,1.75,WIFI
D6:E2:2F:8B:17:92,,[WPA2_PSK],2025-12-1 15:51:59,11,-82,34.0484314,-117.1462936,477.70,1.75,WIFI
B0:FC:88:27:66:A4,SpectrumSetup-9E,[WPA2_PSK],2025-12-1 15:51:59,11,-83,34.0484314,-117.1462936,477.70,1.75,WIFI
12:FC:88:27:66:A6,,[WPA2_PSK],2025-12-1 15:51:59,11,-83,34.0484314,-117.1462936,477.70,1.75,WIFI
F8:5B:3B:77:AC:28,SpectrumSetup-2A,[WPA2_PSK],2025-12-1 15:51:59,11,-84,34.0484314,-117.1462936,477.70,1.75,WIFI
D8:A7:56:72:A2:3E,MySpectrumWiFi38-2G,[WPA2_PSK],2025-12-1 15:51:59,11,-92,34.0484314,-117.1462936,477.70,1.75,WIFI
00:C8:96:D0:E6:D2,,[WPA_WPA2_PSK],2025-12-1 15:52:2,1,-80,34.0484276,-117.1464310,477.40,1.75,WIFI
FC:EC:DA:BD:8C:DC,Craw395,[WPA2_PSK],2025-12-1 15:52:2,1,-83,34.0484276,-117.1464310,477.40,1.75,WIFI
94:F7:17:83:EB:98,,[WPA_WPA2_PSK],2025-12-1 15:52:2,1,-84,34.0484276,-117.1464310,477.40,1.75,WIFI
02:68:EB:6F:FD:93,DIRECT-93-HP OfficeJet 5200,[WPA2_PSK],2025-12-1 15:52:2,1,-86,34.0484276,-117.1464310,477.40,1.75,WIFI
A0:89:66:90:3A:88,,[WPA_WPA2_PSK],2025-12-1 15:52:2,1,-88,34.0484276,-117.1464310,477.40,1.75,WIFI
F0:7B:65:E5:24:4A,SpectrumSetup-2444,[WPA2_PSK],2025-12-1 15:52:2,1,-90,34.0484276,-117.1464310,477.40,1.75,WIFI
F0:9F:C2:24:1A:0C,Craw395,[WPA2_PSK],2025-12-1 15:52:2,1,-90,34.0484276,-117.1464310,477.40,1.75,WIFI
0A:7B:65:E5:24:4C,,[WPA2_PSK],2025-12-1 15:52:2,1,-91,34.0484276,-117.1464310,477.40,1.75,WIFI
0A:7B:65:E5:24:4B,,[WPA2_PSK],2025-12-1 15:52:2,1,-92,34.0484276,-117.1464310,477.40,1.75,WIFI
0C:82:47:43:F1:30,,[WPA_WPA2_PSK],2025-12-1 15:52:7,5,-82,34.0484276,-117.1466217,476.80,1.75,WIFI
88:DE:7C:DA:18:9B,SpectrumSetup-9D,[WPA2_PSK],2025-12-1 15:52:8,6,-78,34.0484276,-117.1466522,476.60,1.75,WIFI
74:83:C2:BD:96:6A,Kane-WiFi,[WPA2_PSK],2025-12-1 15:52:8,6,-78,34.0484276,-117.1466522,476.60,1.75,WIFI
00:D0:2D:39:F5:9C,NewThermostat_39F59C,[OPEN],2025-12-1 15:52:8,6,-83,34.0484276,-117.1466522,476.60,1.75,WIFI
20:BE:CD:C2:E5:04,,[WPA3_PSK],2025-12-1 15:52:8,6,-83,34.0484276,-117.1466522,476.60,1.75,WIFI
20:BE:CD:C2:E5:0A,,[OPEN],2025-12-1 15:52:8,6,-83,34.0484276,-117.1466522,476.60,1.75,WIFI
20:BE:CD:C2:E5:07,Puffin,[WPA2_PSK],2025-12-1 15:52:8,6,-83,34.0484276,-117.1466522,476.60,1.75,WIFI
24:F3:E3:60:93:C6,FiOS-HXONF,[WPA2_PSK],2025-12-1 15:52:8,6,-86,34.0484276,-117.1466522,476.60,1.75,WIFI
88:DE:7C:6A:EF:D1,SpectrumSetup-D3,[WPA2_PSK],2025-12-1 15:52:8,6,-89,34.0484276,-117.1466522,476.60,1.75,WIFI
D0:68:27:E7:A7:46,mann family,[WPA2_PSK],2025-12-1 15:52:13,11,-71,34.0484314,-117.1467743,476.30,1.75,WIFI
D0:68:27:E9:66:06,mann family,[WPA2_PSK],2025-12-1 15:52:13,11,-77,34.0484314,-117.1467743,476.30,1.75,WIFI
D0:68:27:E9:66:03,,[WPA3_PSK],2025-12-1 15:52:13,11,-77,34.0484314,-117.1467743,476.30,1.75,WIFI
D0:68:27:E9:66:09,,[OPEN],2025-12-1 15:52:13,11,-78,34.0484314,-117.1467743,476.30,1.75,WIFI
24:F3:E3:61:0E:83,,[WPA3_PSK],2025-12-1 15:52:22,6,-75,34.0484276,-117.1469955,475.30,1.75,WIFI
24:F3:E3:61:0E:89,,[OPEN],2025-12-1 15:52:22,6,-76,34.0484276,-117.1469955,475.30,1.75,WIFI
24:F3:E3:61:0E:86,FiOS-HXONF,[WPA2_PSK],2025-12-1 15:52:22,6,-76,34.0484276,-117.1469955,475.30,1.75,WIFI
24:F3:E3:60:93:C9,,[OPEN],2025-12-1 15:52:22,6,-78,34.0484276,-117.1469955,475.30,1.75,WIFI
74:37:5F:8E:BB:93,SpectrumSetup-91,[WPA2_PSK],2025-12-1 15:52:22,6,-83,34.0484276,-117.1469955,475.30,1.75,WIFI
E6:63:DA:31:B7:30,,[WPA2_PSK],2025-12-1 15:52:24,8,-84,34.0484238,-117.1470642,475.10,1.75,WIFI
B4:AC:9D:15:44:88,ENVOY_006739,[OPEN],2025-12-1 15:52:25,9,-90,34.0484238,-117.1471024,475.00,1.75,WIFI
D0:68:27:E7:A7:43,,[WPA3_PSK],2025-12-1 15:52:27,11,-63,34.0484238,-117.1471710,474.70,1.75,WIFI
D0:68:27:E7:A7:49,,[OPEN],2025-12-1 15:52:27,11,-63,34.0484238,-117.1471710,474.70,1.75,WIFI
84:A0:6E:D6:25:5E,MySpectrumWiFi58-2G,[WPA2_PSK],2025-12-1 15:52:27,11,-87,34.0484238,-117.1471710,474.70,1.75,WIFI
D2:CB:BC:8C:4D:FB,SBCSS_Redlands,[WPA2_PSK],2025-12-1 15:52:30,1,-92,34.0484238,-117.1472778,474.30,1.75,WIFI
96:3B:AD:17:76:52,,[WPA2_PSK],2025-12-1 15:52:36,6,-89,34.0484238,-117.1474152,473.80,1.75,WIFI
86:EA:ED:D3:17:22,,[WPA2_PSK],2025-12-1 15:52:36,6,-90,34.0484238,-117.1474152,473.80,1.75,WIFI
D8:B3:70:C1:8F:AF,High Acres,[WPA2_PSK],2025-12-1 15:52:36,6,-91,34.0484238,-117.1474152,473.80,1.75,WIFI
AE:AE:19:55:4C:DC,,[WPA2_PSK],2025-12-1 15:52:41,11,-80,34.0484276,-117.1475372,473.20,1.75,WIFI
02:22:6C:27:91:42,SoundBarSetup_9142,[OPEN],2025-12-1 15:52:44,1,-91,34.0484314,-117.1477661,472.50,1.75,WIFI
30:68:93:2B:2C:1E,Pretty HTML Machine,[WPA2_PSK],2025-12-1 15:52:49,5,-91,34.0484314,-117.1484146,471.00,1.75,WIFI
36:68:93:2B:2C:1E,,[WPA2_PSK],2025-12-1 15:52:49,5,-91,34.0484314,-117.1484146,471.00,1.75,WIFI
92:3B:AD:17:76:52,JamesBond,[WPA2_PSK],2025-12-1 15:52:50,6,-82,34.0484314,-117.1485748,470.80,1.75,WIFI
44:AC:85:CC:B6:A3,,[WPA3_PSK],2025-12-1 15:52:50,6,-86,34.0484314,-117.1485748,470.80,1.75,WIFI
40:B0:34:7B:3F:66,DIRECT-64-HP OfficeJet Pro 8720,[WPA2_PSK],2025-12-1 15:52:50,6,-92,34.0484314,-117.1485748,470.80,1.75,WIFI
60:B7:6E:65:90:AB,wifi is life,[WPA2_PSK],2025-12-1 15:52:55,11,-90,34.0484352,-117.1494141,469.20,1.75,WIFI
94:2A:6F:5A:6F:B9,High Acres,[WPA2_PSK],2025-12-1 15:53:4,6,-87,34.0484314,-117.1511078,463.70,1.75,WIFI
9E:2A:6F:5A:6F:B9,,[WPA2_PSK],2025-12-1 15:53:4,6,-88,34.0484314,-117.1511078,463.70,1.75,WIFI
9A:2A:6F:5A:6F:B9,High Acres-Guest,[WPA2_PSK],2025-12-1 15:53:4,6,-89,34.0484314,-117.1511078,463.70,1.75,WIFI
72:CF:84:1B:EB:21,PRIVATE_HOME,[WPA2_WPA3_PSK],2025-12-1 15:53:7,9,-90,34.0484314,-117.1516800,462.00,1.75,WIFI
60:CF:84:1B:EB:20,,[WPA2_WPA3_PSK],2025-12-1 15:53:7,9,-91,34.0484314,-117.1516800,462.00,1.75,WIFI
84:70:D7:15:B0:44,,[WPA3_PSK],2025-12-1 15:53:9,11,-67,34.0484314,-117.1520615,460.70,1.75,WIFI
84:70:D7:15:B0:4A,,[OPEN],2025-12-1 15:53:9,11,-68,34.0484314,-117.1520615,460.70,1.75,WIFI
88:67:46:C4:15:E3,,[WPA3_PSK],2025-12-1 15:53:9,11,-69,34.0484314,-117.1520615,460.70,1.75,WIFI
88:67:46:C4:15:E9,,[OPEN],2025-12-1 15:53:9,11,-69,34.0484314,-117.1520615,460.70,1.75,WIFI
84:70:D7:15:B0:50,Nacho#1 Guest,[WPA2_PSK],2025-12-1 15:53:9,11,-70,34.0484314,-117.1520615,460.70,1.75,WIFI
84:70:D7:15:B0:47,Nacho#1,[WPA2_PSK],2025-12-1 15:53:9,11,-71,34.0484314,-117.1520615,460.70,1.75,WIFI
A0:55:1F:5B:94:D0,1443_Northview,[WPA2_PSK],2025-12-1 15:53:9,11,-86,34.0484314,-117.1520615,460.70,1.75,WIFI
D8:A7:56:6A:A5:E6,MySpectrumWiFie0-2G,[WPA2_PSK],2025-12-1 15:53:9,11,-90,34.0484314,-117.1520615,460.70,1.75,WIFI
60:B7:6E:AE:BE:5B,GoogleWifi,[WPA2_PSK],2025-12-1 15:53:9,11,-93,34.0484314,-117.1520615,460.70,1.75,WIFI
38:81:D7:2E:63:DC,Bose ST 10 (66A062),[OPEN],2025-12-1 15:53:9,11,-94,34.0484314,-117.1520615,460.70,1.75,WIFI
04:B6:BE:8B:76:E4,,[WPA_WPA2_PSK],2025-12-1 15:53:10,1,-70,34.0484314,-117.1522522,460.00,1.75,WIFI
14:22:3B:15:AD:12,Our Castle,[WPA2_PSK],2025-12-1 15:53:10,1,-75,34.0484314,-117.1522522,460.00,1.75,WIFI
4E:75:25:27:8A:54,LNL0CG805E,[WPA_WPA2_PSK],2025-12-1 15:53:10,1,-77,34.0484314,-117.1522522,460.00,1.75,WIFI
0C:83:CC:BC:ED:1E,tlbced1e,[WPA2_PSK],2025-12-1 15:53:10,1,-79,34.0484314,-117.1522522,460.00,1.75,WIFI
10:DA:43:C4:CB:CC,NETGEAR04,[WPA2_PSK],2025-12-1 15:53:15,3,-85,34.0484390,-117.1532059,457.60,1.75,WIFI
38:8B:59:DE:B9:8B,Wiley,[WPA2_PSK],2025-12-1 15:53:18,6,-72,34.0485191,-117.1537476,456.40,1.75,WIFI
40:49:0F:C7:D2:1E,WIFIC7D21A,[WPA2_PSK],2025-12-1 15:53:18,6,-73,34.0485191,-117.1537476,456.40,1.75,WIFI
24:29:34:C4:81:A9,Our Castle,[WPA2_PSK],2025-12-1 15:53:18,6,-89,34.0485191,-117.1537476,456.40,1.75,WIFI
34:53:D2:D8:6F:09,SpectrumSetup-03,[WPA2_PSK],2025-12-1 15:53:18,6,-89,34.0485191,-117.1537476,456.40,1.75,WIFI
A4:11:62:A3:5D:B0,ARLO_VMB_6248694844,[WPA2_PSK],2025-12-1 15:53:18,6,-92,34.0485191,-117.1537476,456.40,1.75,WIFI
3A:6A:D2:9A:8D:98,SpectrumSetup-d0,[WPA2_PSK],2025-12-1 15:53:22,10,-93,34.0488243,-117.1543274,454.20,1.75,WIFI
3C:6A:D2:9A:8D:9E,,[WPA2_PSK],2025-12-1 15:53:22,10,-93,34.0488243,-117.1543274,454.20,1.75,WIFI
FE:92:BF:70:68:3F,,[WPA2_WPA3_PSK],2025-12-1 15:53:23,11,-74,34.0489159,-117.1544266,453.90,1.75,WIFI
F4:92:BF:70:68:3F,FBI VAN,[WPA2_PSK],2025-12-1 15:53:23,11,-75,34.0489159,-117.1544266,453.90,1.75,WIFI
50:C7:BF:38:A5:9A,49O06,[WPA_WPA2_PSK],2025-12-1 15:53:23,11,-84,34.0489159,-117.1544266,453.90,1.75,WIFI
04:17:B6:03:68:4E,,[WPA_WPA2_PSK],2025-12-1 15:53:23,11,-92,34.0489159,-117.1544266,453.90,1.75,WIFI
C4:8E:8F:E8:E8:5B,RIO PIEDRAS,[WPA2_PSK],2025-12-1 15:53:23,11,-95,34.0489159,-117.1544266,453.90,1.75,WIFI
D4:3F:32:7B:9D:63,,[WPA3_PSK],2025-12-1 15:53:25,1,-78,34.0490837,-117.1545944,453.10,1.75,WIFI
36:AB:95:19:15:FE,MJ-L1B007870,[WPA_WPA2_PSK],2025-12-1 15:53:25,1,-86,34.0490837,-117.1545944,453.10,1.75,WIFI
80:AF:CA:1D:58:F8,Spectrum,[WPA_WPA2_PSK],2025-12-1 15:53:29,3,-85,34.0492706,-117.1548157,451.70,1.75,WIFI
A4:11:62:4D:EB:B6,NTGR_VMB_9329355271,[WPA2_PSK],2025-12-1 15:53:29,3,-89,34.0492706,-117.1548157,451.70,1.75,WIFI
28:EC:22:BD:53:66,WIFIF5CB53,[WPA2_PSK],2025-12-1 15:53:32,6,-77,34.0493050,-117.1548615,451.40,1.75,WIFI
28:EC:22:BD:53:69,,[OPEN],2025-12-1 15:53:32,6,-77,34.0493050,-117.1548615,451.40,1.75,WIFI
BE:42:8C:CC:EF:35,myChevrolet,[WPA2_PSK],2025-12-1 15:53:32,6,-82,34.0493050,-117.1548615,451.40,1.75,WIFI
D2:11:22:22:86:E1,FEHome,[WPA2_PSK],2025-12-1 15:53:34,8,-82,34.0493050,-117.1548615,451.40,1.75,WIFI
58:11:22:22:86:E0,XWXC4,[WPA2_PSK],2025-12-1 15:53:34,8,-84,34.0493050,-117.1548615,451.40,1.75,WIFI
28:94:01:3F:DF:F9,NETGEAR66,[WPA2_PSK],2025-12-1 15:53:34,8,-86,34.0493050,-117.1548615,451.40,1.75,WIFI
58:11:22:22:86:F1,XWXC4,[WPA2_PSK],2025-12-1 15:53:34,8,-91,34.0493050,-117.1548615,451.40,1.75,WIFI
00:54:AF:CD:6D:CC,Telematics Wi-Fi,[WPA2_PSK],2025-12-1 15:53:35,9,-90,34.0493050,-117.1548691,451.40,1.75,WIFI
22:3E:A4:0D:40:CA,,[WPA2_PSK],2025-12-1 15:53:37,11,-81,34.0493126,-117.1548767,451.40,1.75,WIFI
B8:66:85:49:CF:A6,MySpectrumWiFia0-2G,[WPA2_PSK],2025-12-1 15:53:37,11,-81,34.0493126,-117.1548767,451.40,1.75,WIFI
C8:63:FC:65:27:88,Frontier5184,[WPA2_PSK],2025-12-1 15:53:37,11,-87,34.0493126,-117.1548767,451.40,1.75,WIFI
FC:12:63:C5:B9:A0,Verizon_DG,[WPA2_PSK],2025-12-1 15:53:37,11,-87,34.0493126,-117.1548767,451.40,1.75,WIFI
00:21:63:73:DF:73,BE8CG,[WEP],2025-12-1 15:53:37,11,-94,34.0493126,-117.1548767,451.40,1.75,WIFI
D4:3F:32:7B:9D:66,carballo,[WPA2_PSK],2025-12-1 15:53:39,1,-75,34.0493279,-117.1549072,451.20,1.75,WIFI
D4:3F:32:7B:9D:69,,[OPEN],2025-12-1 15:53:39,1,-78,34.0493279,-117.1549072,451.20,1.75,WIFI
64:67:72:46:4C:97,TMOBILE-4C95,[WPA2_WPA3_PSK],2025-12-1 15:53:42,2,-76,34.0493355,-117.1549225,451.10,1.75,WIFI
94:F7:17:CF:C0:FC,,[WPA_WPA2_PSK],2025-12-1 15:53:44,4,-79,34.0493393,-117.1549301,451.10,1.75,WIFI
AC:DF:9F:28:69:BE,TMOBILE-69BC,[WPA2_WPA3_PSK],2025-12-1 15:53:45,5,-93,34.0493469,-117.1549454,451.10,1.75,WIFI
88:6A:E3:AD:90:88,tlad9088,[WPA2_PSK],2025-12-1 15:53:46,6,-81,34.0493546,-117.1549530,451.00,1.75,WIFI
B0:D8:88:C4:76:D7,Car-76d7,[WPA2_PSK],2025-12-1 15:53:46,6,-84,34.0493546,-117.1549530,451.00,1.75,WIFI
74:93:DA:BA:89:E1,SpectrumSetup-E3,[WPA2_PSK],2025-12-1 15:53:46,6,-88,34.0493546,-117.1549530,451.00,1.75,WIFI
24:4B:FE:73:E6:90,Spectrum123,[WPA2_PSK],2025-12-1 15:53:50,10,-84,34.0493851,-117.1550064,450.90,1.75,WIFI
B0:7F:B9:98:25:45,FiOS-0O6M6_2GEXT,[WPA2_PSK],2025-12-1 15:53:53,1,-73,34.0494041,-117.1550446,450.70,1.75,WIFI
C8:C6:FE:79:B2:C6,julianswifi,[WPA2_PSK],2025-12-1 15:53:53,1,-76,34.0494041,-117.1550446,450.70,1.75,WIFI
FC:B2:D6:71:B9:4A,,[WPA_WPA2_PSK],2025-12-1 15:53:53,1,-76,34.0494041,-117.1550446,450.70,1.75,WIFI
F4:69:42:A3:09:31,SpectrumSetup-33,[WPA2_PSK],2025-12-1 15:53:53,1,-90,34.0494041,-117.1550446,450.70,1.75,WIFI
52:03:CF:24:CC:29,DIRECT-Z329-G3070series,[WPA2_PSK],2025-12-1 15:53:57,3,-86,34.0494423,-117.1551437,450.40,1.75,WIFI
9C:57:BC:6F:D2:03,,[WPA3_PSK],2025-12-1 15:54:0,6,-78,34.0494766,-117.1552429,450.00,1.75,WIFI
9C:57:BC:6F:D2:09,,[OPEN],2025-12-1 15:54:0,6,-78,34.0494766,-117.1552429,450.00,1.75,WIFI
9C:57:BC:6F:D2:06,Gonzalez1205,[WPA2_PSK],2025-12-1 15:54:0,6,-79,34.0494766,-117.1552429,450.00,1.75,WIFI
BC:82:5D:3C:48:76,Chiakowsky,[WPA2_PSK],2025-12-1 15:54:0,6,-82,34.0494766,-117.1552429,450.00,1.75,WIFI
F0:B6:61:FC:3A:F0,Kostiuk1 Guest,[WPA2_PSK],2025-12-1 15:54:0,6,-86,34.0494766,-117.1552429,450.00,1.75,WIFI
F0:B6:61:FC:3A:EA,,[OPEN],2025-12-1 15:54:0,6,-88,34.0494766,-117.1552429,450.00,1.75,WIFI
5A:0A:96:2D:93:23,SPACEKAREN,[WPA2_PSK],2025-12-1 15:54:0,6,-92,34.0494766,-117.1552429,450.00,1.75,WIFI
D4:3F:32:7B:9D:6F,carballo guest,[WPA2_PSK],2025-12-1 15:54:7,1,-83,34.0495377,-117.1554871,448.90,1.75,WIFI
D4:A9:28:14:1F:72,FiOS-0O6M6,[WPA2_PSK],2025-12-1 15:54:7,1,-85,34.0495377,-117.1554871,448.90,1.75,WIFI
78:29:ED:BF:BD:8E,MySpectrumWiFi90-2G,[WPA2_PSK],2025-12-1 15:54:7,1,-87,34.0495377,-117.1554871,448.90,1.75,WIFI
58:96:71:41:7F:F6,CDY-RealEstate.com,[WPA2_PSK],2025-12-1 15:54:7,1,-90,34.0495377,-117.1554871,448.90,1.75,WIFI
A0:89:66:94:75:A8,,[WPA_WPA2_PSK],2025-12-1 15:54:7,1,-93,34.0495377,-117.1554871,448.90,1.75,WIFI
F0:B6:61:FC:3A:E7,Kostiuk1,[WPA2_PSK],2025-12-1 15:54:14,6,-67,34.0495529,-117.1555939,448.30,1.75,WIFI
F0:B6:61:FC:3A:E4,,[WPA3_PSK],2025-12-1 15:54:14,6,-67,34.0495529,-117.1555939,448.30,1.75,WIFI
28:EC:22:BD:53:63,,[WPA3_PSK],2025-12-1 15:54:14,6,-74,34.0495529,-117.1555939,448.30,1.75,WIFI
60:B7:6E:D1:A2:71,VampireLove,[WPA2_PSK],2025-12-1 15:54:14,6,-89,34.0495529,-117.1555939,448.30,1.75,WIFI
8E:49:62:C2:11:69,,[WPA2_PSK],2025-12-1 15:54:14,6,-91,34.0495529,-117.1555939,448.30,1.75,WIFI
20:3A:0C:48:D1:83,,[WPA3_PSK],2025-12-1 15:54:19,11,-75,34.0495529,-117.1555939,448.30,1.75,WIFI
20:3A:0C:48:D1:89,,[OPEN],2025-12-1 15:54:19,11,-76,34.0495529,-117.1555939,448.30,1.75,WIFI
20:3A:0C:48:D1:86,Green family,[WPA2_PSK],2025-12-1 15:54:19,11,-76,34.0495529,-117.1555939,448.30,1.75,WIFI
C8:D3:FF:16:48:A2,DIRECT-A1-HP ENVY 5660 series,[WPA2_PSK],2025-12-1 15:54:19,11,-87,34.0495529,-117.1555939,448.30,1.75,WIFI
C0:6F:98:9B:36:E3,,[WPA3_PSK],2025-12-1 15:54:22,1,-81,34.0495529,-117.1556244,448.30,1.75,WIFI
E4:8E:10:DB:FA:B4,,[WPA_WPA2_PSK],2025-12-1 15:54:22,1,-82,34.0495529,-117.1556244,448.30,1.75,WIFI
C0:6F:98:9B:36:E9,,[OPEN],2025-12-1 15:54:22,1,-83,34.0495529,-117.1556244,448.30,1.75,WIFI
C0:6F:98:9B:36:E6,wifi4fun,[WPA2_PSK],2025-12-1 15:54:22,1,-83,34.0495529,-117.1556244,448.30,1.75,WIFI
E4:8E:10:D0:BF:EC,,[WPA_WPA2_PSK],2025-12-1 15:54:22,1,-83,34.0495529,-117.1556244,448.30,1.75,WIFI
C2:C4:F9:8D:35:EB,myChevrolet 34EA,[WPA2_PSK],2025-12-1 15:54:22,1,-84,34.0495529,-117.1556244,448.30,1.75,WIFI
74:37:5F:A7:A4:6B,garshome,[WPA2_PSK],2025-12-1 15:54:22,1,-89,34.0495529,-117.1556244,448.30,1.75,WIFI
1A:48:CA:0C:05:48,JESS VW,[WPA2_PSK],2025-12-1 15:54:28,6,-82,34.0495644,-117.1557312,448.10,1.75,WIFI
E2:62:79:9D:23:0C,MySpectrumWiFi90-2G,[WPA2_PSK],2025-12-1 15:54:33,11,-94,34.0495682,-117.1558075,447.50,1.75,WIFI
D4:3F:32:88:8F:C3,,[WPA3_PSK],2025-12-1 15:54:36,1,-82,34.0495720,-117.1558609,447.30,1.75,WIFI
CC:F4:11:63:8D:70,La Casa De Travesura,[WPA2_PSK],2025-12-1 15:54:42,6,-74,34.0495758,-117.1559372,446.70,1.75,WIFI
52:32:2F:19:9C:E0,CHEVROLET4943,[WPA2_WPA3_PSK],2025-12-1 15:54:42,6,-82,34.0495758,-117.1559372,446.70,1.75,WIFI
FC:DB:21:1C:81:9C,Atlantadchotspot,[WPA2_PSK],2025-12-1 15:54:42,6,-85,34.0495758,-117.1559372,446.70,1.75,WIFI
F8:96:FE:75:B4:C0,myGMC4824,[WPA2_WPA3_PSK],2025-12-1 15:54:42,6,-86,34.0495758,-117.1559372,446.70,1.75,WIFI
D4:3F:32:88:8F:CF,carballo guest,[WPA2_PSK],2025-12-1 15:54:50,1,-75,34.0495758,-117.1559830,446.40,1.75,WIFI
D4:3F:32:88:8F:C6,carballo,[WPA2_PSK],2025-12-1 15:54:50,1,-75,34.0495758,-117.1559830,446.40,1.75,WIFI
D4:3F:32:88:8F:C9,,[OPEN],2025-12-1 15:54:50,1,-76,34.0495758,-117.1559830,446.40,1.75,WIFI
40:4C:77:12:2B:88,Frontier1648,[WPA2_PSK],2025-12-1 15:54:50,1,-92,34.0495758,-117.1559830,446.40,1.75,WIFI
62:E6:F0:5E:0D:E3,mmii,[WPA2_PSK],2025-12-1 15:54:56,6,-80,34.0495758,-117.1560211,446.20,1.75,WIFI
CC:F4:11:08:01:DA,La Casa De Travesura,[WPA2_PSK],2025-12-1 15:54:56,6,-84,34.0495758,-117.1560211,446.20,1.75,WIFI
44:05:3F:54:52:B7,havenbear,[WPA2_WPA3_PSK],2025-12-1 15:55:4,1,-73,34.0495758,-117.1560974,446.20,1.75,WIFI
86:EA:ED:D7:D5:5A,,[WPA2_PSK],2025-12-1 15:55:4,1,-85,34.0495758,-117.1560974,446.20,1.75,WIFI
C0:FF:D4:92:F3:C0,NTGR_VMB_1439613203,[WPA2_PSK],2025-12-1 15:55:10,6,-71,34.0495758,-117.1561813,445.90,1.75,WIFI
3C:37:86:68:0B:D2,NETGEAR73,[WPA2_PSK],2025-12-1 15:55:10,6,-81,34.0495758,-117.1561813,445.90,1.75,WIFI
B6:8F:8C:40:09:E6,,[WPA2_PSK],2025-12-1 15:55:10,6,-88,34.0495758,-117.1561813,445.90,1.75,WIFI
60:B7:6E:27:7D:64,VampireLove,[WPA2_PSK],2025-12-1 15:55:10,6,-89,34.0495758,-117.1561813,445.90,1.75,WIFI
A4:97:33:68:9A:74,SpectrumSetup-76,[WPA2_PSK],2025-12-1 15:55:24,6,-68,34.0495071,-117.1568604,445.70,1.75,WIFI
44:AC:85:B6:16:86,RomoFamily,[WPA2_PSK],2025-12-1 15:55:24,6,-74,34.0495071,-117.1568604,445.70,1.75,WIFI
44:AC:85:B6:16:83,,[WPA3_PSK],2025-12-1 15:55:24,6,-75,34.0495071,-117.1568604,445.70,1.75,WIFI
44:AC:85:B6:16:89,,[OPEN],2025-12-1 15:55:24,6,-75,34.0495071,-117.1568604,445.70,1.75,WIFI
88:6A:E3:E4:88:02,tle48802,[WPA2_PSK],2025-12-1 15:55:24,6,-79,34.0495071,-117.1568604,445.70,1.75,WIFI
F8:96:FE:5D:9A:4D,myChevrolet2374,[WPA2_PSK],2025-12-1 15:55:24,6,-87,34.0495071,-117.1568604,445.70,1.75,WIFI
94:18:65:68:78:F5,NETGEAR30,[WPA2_PSK],2025-12-1 15:55:27,9,-74,34.0493584,-117.1572495,444.70,1.75,WIFI
3C:37:86:C7:75:A7,Buza family,[WPA2_PSK],2025-12-1 15:55:27,9,-91,34.0493584,-117.1572495,444.70,1.75,WIFI
40:CA:63:E9:ED:DC,Samsung Dryer_E50AJTDR189V,[WPA2_PSK],2025-12-1 15:55:34,1,-80,34.0488243,-117.1581726,443.60,1.75,WIFI
40:CA:63:B7:2C:4B,Samsung Washer_E50AJTWF137L,[WPA2_PSK],2025-12-1 15:55:34,1,-88,34.0488243,-117.1581726,443.60,1.75,WIFI
A0:89:66:94:F2:78,,[WPA_WPA2_PSK],2025-12-1 15:55:34,1,-90,34.0488243,-117.1581726,443.60,1.75,WIFI
90:D3:CF:C7:9F:0E,ATT-WIFI-4794,[WPA2_WPA3_PSK],2025-12-1 15:55:36,3,-78,34.0486679,-117.1584625,443.60,1.75,WIFI
92:D3:CF:D7:9F:0E,,[WPA2_WPA3_PSK],2025-12-1 15:55:36,3,-84,34.0486679,-117.1584625,443.60,1.75,WIFI
A4:22:49:BB:78:77,TMOBILE-GOLD,[WPA2_WPA3_PSK],2025-12-1 15:55:36,3,-88,34.0486679,-117.1584625,443.60,1.75,WIFI
AC:B6:87:AD:9E:A3,Verizon_KJ6D9T,[WPA2_PSK],2025-12-1 15:55:38,6,-74,34.0485191,-117.1587753,443.60,1.75,WIFI
FC:DB:21:7C:EA:B5,Unigroup_ELD_Hot_Spot,[WPA2_WPA3_PSK],2025-12-1 15:55:38,6,-90,34.0485191,-117.1587753,443.60,1.75,WIFI
9C:3D:CF:1D:38:7F,Stella 2.4,[WPA2_PSK],2025-12-1 15:55:42,9,-78,34.0481949,-117.1593857,443.30,1.75,WIFI
E2:63:DA:E7:DF:84,cheby1928guest,[WPA2_PSK],2025-12-1 15:55:44,11,-66,34.0480309,-117.1596832,443.70,1.75,WIFI
F2:63:DA:E7:DF:84,,[WPA2_PSK],2025-12-1 15:55:44,11,-67,34.0480309,-117.1596832,443.70,1.75,WIFI
E0:63:DA:E7:DF:84,cheby1928wifi_IoT,[WPA2_PSK],2025-12-1 15:55:44,11,-70,34.0480309,-117.1596832,443.70,1.75,WIFI
54:AF:97:A0:99:6A,Kisinger-2G_EXT,[WPA2_PSK],2025-12-1 15:55:44,11,-76,34.0480309,-117.1596832,443.70,1.75,WIFI
88:EF:16:EA:90:B8,Frontier2496,[WPA2_PSK],2025-12-1 15:55:44,11,-86,34.0480309,-117.1596832,443.70,1.75,WIFI
40:47:5E:19:60:06,Santa Cruz Boardwalk ,[WPA2_PSK],2025-12-1 15:55:48,1,-73,34.0477104,-117.1602783,444.50,1.75,WIFI
40:47:5E:19:60:09,,[OPEN],2025-12-1 15:55:48,1,-73,34.0477104,-117.1602783,444.50,1.75,WIFI
40:47:5E:19:60:03,,[WPA3_PSK],2025-12-1 15:55:48,1,-74,34.0477104,-117.1602783,444.50,1.75,WIFI
D8:0D:17:9A:5C:9A,ValdezHouse,[WPA_WPA2_PSK],2025-12-1 15:55:50,3,-92,34.0475578,-117.1605606,444.30,1.75,WIFI
9A:2A:6F:5C:0D:71,,[WPA2_PSK],2025-12-1 15:55:53,6,-86,34.0473251,-117.1609802,443.30,1.75,WIFI
9E:2A:6F:5C:0D:71,Asselin_Net_IOT,[WPA2_PSK],2025-12-1 15:55:53,6,-87,34.0473251,-117.1609802,443.30,1.75,WIFI
A4:11:62:C8:BE:8A,ARLO_VMB_9791369597,[WPA2_PSK],2025-12-1 15:55:53,6,-89,34.0473251,-117.1609802,443.30,1.75,WIFI
94:2A:6F:5C:0D:71,Asselin_Guest,[WPA2_WPA3_PSK],2025-12-1 15:55:53,6,-90,34.0473251,-117.1609802,443.30,1.75,WIFI
FC:12:63:A1:9C:E1,SpectrumSetup-E3,[WPA2_PSK],2025-12-1 15:55:53,6,-90,34.0473251,-117.1609802,443.30,1.75,WIFI
A4:97:33:5F:9D:49,SpectrumSetup-4B,[WPA2_PSK],2025-12-1 15:55:53,6,-90,34.0473251,-117.1609802,443.30,1.75,WIFI
8E:78:48:F0:A1:C5,Asselin_Net_IOT,[WPA2_PSK],2025-12-1 15:55:53,6,-95,34.0473251,-117.1609802,443.30,1.75,WIFI
38:80:DF:FB:E0:A3,PSH9B,[WPA_WPA2_PSK],2025-12-1 15:55:55,8,-70,34.0471649,-117.1612701,441.60,1.75,WIFI
46:ED:00:AC:C2:78,,[WPA2_PSK],2025-12-1 15:55:56,9,-89,34.0470810,-117.1614151,440.60,1.75,WIFI
B0:7F:B9:9C:C2:50,porque-fi ,[WPA2_PSK],2025-12-1 15:55:56,9,-94,34.0470810,-117.1614151,440.60,1.75,WIFI
2C:67:BE:47:EB:4E,SpectrumSetup-850F,[WPA2_PSK],2025-12-1 15:55:58,11,-75,34.0469055,-117.1617126,439.10,1.75,WIFI
C0:89:AB:4C:BF:B8,Frontier6288,[WPA2_PSK],2025-12-1 15:55:58,11,-83,34.0469055,-117.1617126,439.10,1.75,WIFI
D4:A9:28:0C:93:98,FiOS-4NOCD,[WPA2_PSK],2025-12-1 15:55:58,11,-93,34.0469055,-117.1617126,439.10,1.75,WIFI
D4:A9:28:12:92:A2,FiOS-COMUK,[WPA2_PSK],2025-12-1 15:55:58,11,-93,34.0469055,-117.1617126,439.10,1.75,WIFI
60:D5:61:03:F5:54,,[WPA2_PSK],2025-12-1 15:55:59,13,-95,34.0468178,-117.1618652,438.10,1.75,WIFI
58:9B:4A:AF:3F:B7,Mojo-011625,[WPA2_PSK],2025-12-1 15:56:1,1,-78,34.0466385,-117.1621780,436.20,1.75,WIFI
50:FD:D5:02:A2:7C,[range]_E30AJT7113459D,[WPA2_PSK],2025-12-1 15:56:1,1,-92,34.0466385,-117.1621780,436.20,1.75,WIFI
3C:52:A1:1B:7B:FE,BFSC - Admin,[WPA2_PSK],2025-12-1 15:56:3,2,-95,34.0464630,-117.1624985,434.70,1.75,WIFI
A0:8E:78:27:12:C6,Martinez,[WPA2_PSK],2025-12-1 15:56:5,4,-73,34.0462875,-117.1628113,433.90,1.75,WIFI
80:DA:13:FD:2E:C7,,[OPEN],2025-12-1 15:56:7,6,-68,34.0461121,-117.1631317,433.10,1.75,WIFI
80:DA:13:FD:2E:C3,,[WPA3_PSK],2025-12-1 15:56:7,6,-68,34.0461121,-117.1631317,433.10,1.75,WIFI
80:DA:13:FD:2E:C5,RWN,[WPA2_PSK],2025-12-1 15:56:7,6,-69,34.0461121,-117.1631317,433.10,1.75,WIFI
18:90:88:D0:7D:27,,[OPEN],2025-12-1 15:56:7,6,-69,34.0461121,-117.1631317,433.10,1.75,WIFI
18:90:88:D0:7D:23,,[WPA3_PSK],2025-12-1 15:56:7,6,-69,34.0461121,-117.1631317,433.10,1.75,WIFI
18:90:88:D0:7D:25,RWN,[WPA2_PSK],2025-12-1 15:56:7,6,-69,34.0461121,-117.1631317,433.10,1.75,WIFI
60:F4:19:18:2C:86,RWN,[WPA2_PSK],2025-12-1 15:56:7,6,-72,34.0461121,-117.1631317,433.10,1.75,WIFI
60:F4:19:18:2C:83,,[WPA3_PSK],2025-12-1 15:56:7,6,-73,34.0461121,-117.1631317,433.10,1.75,WIFI
60:F4:19:18:2C:89,,[OPEN],2025-12-1 15:56:7,6,-74,34.0461121,-117.1631317,433.10,1.75,WIFI
2C:67:BE:35:ED:18,TellMyWifiLoveHer,[WPA2_PSK],2025-12-1 15:56:7,6,-79,34.0461121,-117.1631317,433.10,1.75,WIFI
F0:B6:61:7F:61:E7,1075Bermuda,[WPA2_PSK],2025-12-1 15:56:7,6,-82,34.0461121,-117.1631317,433.10,1.75,WIFI
F0:B6:61:7F:61:E4,,[WPA3_PSK],2025-12-1 15:56:7,6,-83,34.0461121,-117.1631317,433.10,1.75,WIFI
F0:B6:61:7F:61:EA,,[OPEN],2025-12-1 15:56:7,6,-83,34.0461121,-117.1631317,433.10,1.75,WIFI
84:1E:A3:30:29:AE,LAN Halen,[WPA2_PSK],2025-12-1 15:56:7,6,-83,34.0461121,-117.1631317,433.10,1.75,WIFI
C6:8B:66:25:70:E8,,[WPA2_PSK],2025-12-1 15:56:7,6,-86,34.0461121,-117.1631317,433.10,1.75,WIFI
F8:E4:FB:D1:29:F7,MD3FP,[WPA2_PSK],2025-12-1 15:56:7,6,-87,34.0461121,-117.1631317,433.10,1.75,WIFI
F0:B6:61:82:92:64,,[WPA3_PSK],2025-12-1 15:56:7,6,-87,34.0461121,-117.1631317,433.10,1.75,WIFI
F0:B6:61:82:92:6A,,[OPEN],2025-12-1 15:56:7,6,-87,34.0461121,-117.1631317,433.10,1.75,WIFI
F0:B6:61:82:92:67,1075Bermuda,[WPA2_PSK],2025-12-1 15:56:7,6,-88,34.0461121,-117.1631317,433.10,1.75,WIFI
FC:3D:73:38:97:49,,[OPEN],2025-12-1 15:56:7,6,-88,34.0461121,-117.1631317,433.10,1.75,WIFI
96:B3:F7:B5:36:87,,[WPA2_PSK],2025-12-1 15:56:7,6,-89,34.0461121,-117.1631317,433.10,1.75,WIFI
FC:3D:73:38:97:43,,[WPA3_PSK],2025-12-1 15:56:7,6,-89,34.0461121,-117.1631317,433.10,1.75,WIFI
2C:67:BE:07:49:54,dontbotherusing,[WPA2_PSK],2025-12-1 15:56:7,6,-90,34.0461121,-117.1631317,433.10,1.75,WIFI
14:7D:05:50:B2:03,SpectrumSetup-01,[WPA2_PSK],2025-12-1 15:56:7,6,-91,34.0461121,-117.1631317,433.10,1.75,WIFI
2C:00:AB:94:98:98,Frontier4464,[WPA2_PSK],2025-12-1 15:56:7,6,-94,34.0461121,-117.1631317,433.10,1.75,WIFI
AC:DF:9F:64:A7:20,TMOBILE-A71E,[WPA2_WPA3_PSK],2025-12-1 15:56:11,9,-80,34.0457649,-117.1637497,432.30,1.75,WIFI
6C:CD:D6:B5:3C:CE,NETGEAR93,[WPA2_PSK],2025-12-1 15:56:12,10,-74,34.0456810,-117.1639023,432.20,1.75,WIFI
2C:67:BE:1E:D8:67,SpectrumSetup-D863,[WPA2_PSK],2025-12-1 15:56:13,11,-70,34.0455971,-117.1640549,432.30,1.75,WIFI
90:D3:CF:BD:D3:96,SpectrumSetup-D399,[WPA2_PSK],2025-12-1 15:56:13,11,-79,34.0455971,-117.1640549,432.30,1.75,WIFI
B0:39:56:D5:B6:5F,NETGEAR48,[WPA2_PSK],2025-12-1 15:56:13,11,-90,34.0455971,-117.1640549,432.30,1.75,WIFI
F0:7B:65:A9:EF:4E,SpectrumSetup-EF48,[WPA2_PSK],2025-12-1 15:56:16,1,-50,34.0453529,-117.1645050,432.90,1.75,WIFI
46:AE:30:21:F7:5D,BFSC Admin_Guest,[WPA2_PSK],2025-12-1 15:56:18,2,-67,34.0451927,-117.1648026,433.60,1.75,WIFI
4A:AE:30:21:F7:5D,,[WPA2_PSK],2025-12-1 15:56:18,2,-69,34.0451927,-117.1648026,433.60,1.75,WIFI
46:52:A1:1B:50:22,,[WPA2_PSK],2025-12-1 15:56:18,2,-70,34.0451927,-117.1648026,433.60,1.75,WIFI
34:98:B5:FF:6B:2C,RDPes,[WPA2_WPA3_PSK],2025-12-1 15:56:20,4,-76,34.0450325,-117.1650772,434.00,1.75,WIFI
3A:98:B5:FF:6B:2C,,[WPA2_PSK],2025-12-1 15:56:20,4,-77,34.0450325,-117.1650772,434.00,1.75,WIFI
34:98:B5:FF:37:94,,[WPA2_PSK],2025-12-1 15:56:20,4,-80,34.0450325,-117.1650772,434.00,1.75,WIFI
3A:98:B5:FF:37:94,RDPes,[WPA2_WPA3_PSK],2025-12-1 15:56:20,4,-80,34.0450325,-117.1650772,434.00,1.75,WIFI
42:98:B5:FF:37:94,RDPes-IoT,[WPA2_PSK],2025-12-1 15:56:20,4,-80,34.0450325,-117.1650772,434.00,1.75,WIFI
B0:19:21:FE:2B:A7,Top Internet,[WPA2_WPA3_PSK],2025-12-1 15:56:20,4,-83,34.0450325,-117.1650772,434.00,1.75,WIFI
9C:3D:CF:44:7B:C2,NETGEAR04,[WPA2_PSK],2025-12-1 15:56:20,4,-90,34.0450325,-117.1650772,434.00,1.75,WIFI
5E:65:7D:F3:69:92,CHEVROLET2876,[WPA2_WPA3_PSK],2025-12-1 15:56:22,6,-74,34.0448914,-117.1653290,434.40,1.75,WIFI
FC:12:63:B8:D8:99,SpectrumSetup-9B,[WPA2_PSK],2025-12-1 15:56:22,6,-74,34.0448914,-117.1653290,434.40,1.75,WIFI
C0:A4:76:B0:08:A2,West Wing,[WPA_WPA2_PSK],2025-12-1 15:56:22,6,-79,34.0448914,-117.1653290,434.40,1.75,WIFI
00:30:44:28:E1:B1,GuardianbyMankinESC_6,[WPA2_PSK],2025-12-1 15:56:22,6,-82,34.0448914,-117.1653290,434.40,1.75,WIFI
C2:A4:76:D0:08:A2,,[WPA_WPA2_PSK],2025-12-1 15:56:22,6,-83,34.0448914,-117.1653290,434.40,1.75,WIFI
F4:69:42:51:B5:9F,SpectrumSetup-A1,[WPA2_PSK],2025-12-1 15:56:22,6,-84,34.0448914,-117.1653290,434.40,1.75,WIFI
42:37:86:24:0E:68,ORBI29,[WPA2_PSK],2025-12-1 15:56:24,8,-75,34.0447922,-117.1655121,434.70,1.75,WIFI
42:37:86:28:26:44,ORBI29,[WPA2_PSK],2025-12-1 15:56:24,8,-95,34.0447922,-117.1655121,434.70,1.75,WIFI
FA:CB:BC:BE:CD:4A,ECCStaff,[WPA2_PSK],2025-12-1 15:56:27,11,-70,34.0447273,-117.1656265,434.80,1.75,WIFI
FE:CB:BC:BE:CD:4A,ECCMedia,[WPA2_PSK],2025-12-1 15:56:27,11,-70,34.0447273,-117.1656265,434.80,1.75,WIFI
F6:CB:BC:BE:CD:4A,,[WPA2],2025-12-1 15:56:27,11,-71,34.0447273,-117.1656265,434.80,1.75,WIFI
DE:CB:BC:BE:CD:4A,,[WPA2_PSK],2025-12-1 15:56:27,11,-71,34.0447273,-117.1656265,434.80,1.75,WIFI
EA:CB:BC:BE:CD:4A,Volunteer,[WPA2_PSK],2025-12-1 15:56:27,11,-72,34.0447273,-117.1656265,434.80,1.75,WIFI
DE:CB:BC:33:4F:D6,,[WPA2_PSK],2025-12-1 15:56:27,11,-73,34.0447273,-117.1656265,434.80,1.75,WIFI
F6:CB:BC:33:4F:D6,,[WPA2],2025-12-1 15:56:27,11,-74,34.0447273,-117.1656265,434.80,1.75,WIFI
FE:CB:BC:33:4F:D6,ECCMedia,[WPA2_PSK],2025-12-1 15:56:27,11,-74,34.0447273,-117.1656265,434.80,1.75,WIFI
EA:CB:BC:33:4F:D6,Volunteer,[WPA2_PSK],2025-12-1 15:56:27,11,-75,34.0447273,-117.1656265,434.80,1.75,WIFI
FA:CB:BC:33:4F:D6,ECCStaff,[WPA2_PSK],2025-12-1 15:56:27,11,-77,34.0447273,-117.1656265,434.80,1.75,WIFI
12:67:BE:1F:29:0E,,[WPA2_PSK],2025-12-1 15:56:27,11,-82,34.0447273,-117.1656265,434.80,1.75,WIFI
2C:67:BE:1F:29:0C,SpectrumSetup-CD6F,[WPA2_PSK],2025-12-1 15:56:27,11,-83,34.0447273,-117.1656265,434.80,1.75,WIFI
12:67:BE:1F:29:0D,,[WPA2_PSK],2025-12-1 15:56:27,11,-84,34.0447273,-117.1656265,434.80,1.75,WIFI
D8:EC:5E:9C:22:F8,anette,[WPA2_PSK],2025-12-1 15:56:27,11,-85,34.0447273,-117.1656265,434.80,1.75,WIFI
DE:EC:5E:9C:22:F8,,[WPA2_PSK],2025-12-1 15:56:27,11,-86,34.0447273,-117.1656265,434.80,1.75,WIFI
42:55:48:4A:30:EA,TeslaPW_ZVZMMK,[WPA2_PSK],2025-12-1 15:56:27,11,-91,34.0447273,-117.1656265,434.80,1.75,WIFI
B0:FC:88:5D:22:28,SpectrumSetup-22,[WPA2_PSK],2025-12-1 15:56:28,1,-74,34.0447235,-117.1656418,434.70,1.75,WIFI
CE:22:26:2D:0F:D4,Sierra,[WPA2_PSK],2025-12-1 15:56:28,1,-89,34.0447235,-117.1656418,434.70,1.75,WIFI
40:AE:30:21:F7:5D,BFSC - Admin,[WPA2_PSK],2025-12-1 15:56:33,2,-77,34.0447197,-117.1656418,434.80,1.75,WIFI
3C:52:A1:1B:46:FA,BFSC - Admin,[WPA2_PSK],2025-12-1 15:56:33,2,-80,34.0447197,-117.1656418,434.80,1.75,WIFI
4A:52:A1:1B:46:FA,,[WPA2_PSK],2025-12-1 15:56:33,2,-80,34.0447197,-117.1656418,434.80,1.75,WIFI
42:98:B5:FF:6B:2C,RDPes-IoT,[WPA2_PSK],2025-12-1 15:56:35,4,-83,34.0447197,-117.1656418,434.70,1.75,WIFI
74:93:DA:44:E4:51,SpectrumSetup-53,[WPA2_PSK],2025-12-1 15:56:37,6,-76,34.0447197,-117.1656418,434.70,1.75,WIFI
EA:CB:BC:BE:C4:61,Volunteer,[WPA2_PSK],2025-12-1 15:56:37,6,-85,34.0447197,-117.1656418,434.70,1.75,WIFI
FA:CB:BC:BE:C4:61,ECCStaff,[WPA2_PSK],2025-12-1 15:56:37,6,-85,34.0447197,-117.1656418,434.70,1.75,WIFI
EA:CB:BC:BE:C2:9E,Volunteer,[WPA2_PSK],2025-12-1 15:56:37,6,-87,34.0447197,-117.1656418,434.70,1.75,WIFI
A2:B8:2B:61:F9:78,SpectrumSetup-CD6F,[WPA2_PSK],2025-12-1 15:56:37,6,-90,34.0447197,-117.1656418,434.70,1.75,WIFI
46:37:86:24:0E:68,,[WPA2_PSK],2025-12-1 15:56:39,8,-83,34.0447197,-117.1656418,434.60,1.75,WIFI
A0:04:60:40:91:EB,NETGEAR15,[WPA2_PSK],2025-12-1 15:56:39,8,-90,34.0447197,-117.1656418,434.60,1.75,WIFI
10:0C:6B:35:37:56,,[WPA2_PSK],2025-12-1 15:56:40,9,-93,34.0447197,-117.1656418,434.60,1.75,WIFI
1A:0C:6B:35:37:56,ORBI74-Guest,[WPA2_PSK],2025-12-1 15:56:40,9,-95,34.0447197,-117.1656418,434.60,1.75,WIFI
74:90:BC:AF:66:63,Verizon_J6BTZ7,[WPA2_PSK],2025-12-1 15:56:42,11,-83,34.0447197,-117.1656418,434.60,1.75,WIFI
D2:21:F9:9C:D5:44,,[WPA2_PSK],2025-12-1 15:56:42,11,-87,34.0447197,-117.1656418,434.60,1.75,WIFI
1C:BF:CE:CA:96:F4,Extender-2.4G-96F4,[OPEN],2025-12-1 15:56:42,11,-90,34.0447197,-117.1656418,434.60,1.75,WIFI
DE:CB:BC:BE:C4:61,,[WPA2_PSK],2025-12-1 15:56:51,6,-83,34.0447197,-117.1656418,434.90,1.50,WIFI
F6:CB:BC:BE:C4:61,,[WPA2],2025-12-1 15:56:51,6,-84,34.0447197,-117.1656418,434.90,1.50,WIFI
FE:CB:BC:BE:C4:61,ECCMedia,[WPA2_PSK],2025-12-1 15:56:51,6,-84,34.0447197,-117.1656418,434.90,1.50,WIFI
FA:CB:BC:BE:C2:9E,ECCStaff,[WPA2_PSK],2025-12-1 15:56:51,6,-88,34.0447197,-117.1656418,434.90,1.50,WIFI
F6:CB:BC:BE:C2:9E,,[WPA2],2025-12-1 15:56:51,6,-89,34.0447197,-117.1656418,434.90,1.50,WIFI
88:DE:7C:6A:E9:3D,SpectrumSetup-3F,[WPA2_PSK],2025-12-1 15:56:56,11,-86,34.0447197,-117.1656418,435.00,1.50,WIFI
D0:21:F9:DC:D5:44,TGPG,[WPA2_PSK],2025-12-1 15:56:56,11,-88,34.0447197,-117.1656418,435.00,1.50,WIFI
84:1E:A3:30:F5:DE,SpectrumSetup-D8,[WPA2_PSK],2025-12-1 15:56:59,1,-90,34.0447197,-117.1656418,435.10,1.50,WIFI
C8:B4:22:C0:C9:75,MySpectrumWiFi77-2G,[WPA2_PSK],2025-12-1 15:56:59,1,-94,34.0447197,-117.1656418,435.10,1.50,WIFI
3C:52:A1:1B:50:22,BFSC - Admin,[WPA2_PSK],2025-12-1 15:57:1,2,-90,34.0447197,-117.1656418,435.20,1.50,WIFI
70:A7:41:61:A2:34,TGPG,[WPA2_PSK],2025-12-1 15:57:5,6,-88,34.0447197,-117.1656418,435.30,1.50,WIFI
00:54:AF:49:B1:6F,HotspotB16F,[WPA_WPA2_PSK],2025-12-1 15:57:8,9,-89,34.0447197,-117.1656418,435.40,1.50,WIFI
D4:05:DE:76:63:44,,[WPA3_PSK],2025-12-1 15:57:10,11,-87,34.0447197,-117.1656418,435.40,1.50,WIFI
FC:3F:A6:25:E5:A6,Moreland WiFi,[WPA2_PSK],2025-12-1 15:57:13,1,-79,34.0446968,-117.1656799,435.40,1.50,WIFI
FC:3F:A6:25:E5:A3,,[WPA3_PSK],2025-12-1 15:57:13,1,-80,34.0446968,-117.1656799,435.40,1.50,WIFI
4C:AB:F8:54:79:0D,SpectrumSetup-6D,[WPA2_PSK],2025-12-1 15:57:13,1,-89,34.0446968,-117.1656799,435.40,1.50,WIFI
38:17:B1:52:37:15,SpectrumSetup-0F,[WPA2_PSK],2025-12-1 15:57:13,1,-90,34.0446968,-117.1656799,435.40,1.50,WIFI
9C:C9:EB:84:0D:D3,NETGEAR08,[WPA2_PSK],2025-12-1 15:57:13,1,-91,34.0446968,-117.1656799,435.40,1.50,WIFI
46:52:A1:1B:46:FA,,[WPA2_PSK],2025-12-1 15:57:15,2,-77,34.0446320,-117.1658096,435.80,1.50,WIFI
42:52:A1:1B:46:FA,BFSC Admin_Guest,[WPA2_PSK],2025-12-1 15:57:15,2,-80,34.0446320,-117.1658096,435.80,1.50,WIFI
9A:18:65:CF:0B:8F,RDPes,[WPA2_WPA3_PSK],2025-12-1 15:57:17,4,-93,34.0445366,-117.1659851,436.70,1.50,WIFI
FC:3D:73:EF:AD:C9,,[OPEN],2025-12-1 15:57:24,11,-63,34.0440254,-117.1669235,437.80,1.50,WIFI
FC:3D:73:EF:AD:C6,Frontier internet wifi,[WPA2_PSK],2025-12-1 15:57:24,11,-64,34.0440254,-117.1669235,437.80,1.50,WIFI
20:3A:0C:D0:F2:83,,[WPA3_PSK],2025-12-1 15:57:24,11,-66,34.0440254,-117.1669235,437.80,1.50,WIFI
20:3A:0C:D0:F2:86,Frontier internet wifi,[WPA2_PSK],2025-12-1 15:57:24,11,-66,34.0440254,-117.1669235,437.80,1.50,WIFI
FC:3D:73:EF:AD:C3,,[WPA3_PSK],2025-12-1 15:57:24,11,-66,34.0440254,-117.1669235,437.80,1.50,WIFI
20:3A:0C:D0:F2:89,,[OPEN],2025-12-1 15:57:24,11,-67,34.0440254,-117.1669235,437.80,1.50,WIFI
20:3A:0C:C6:9B:06,Frontier internet wifi,[WPA2_PSK],2025-12-1 15:57:24,11,-69,34.0440254,-117.1669235,437.80,1.50,WIFI
20:3A:0C:C6:9B:03,,[WPA3_PSK],2025-12-1 15:57:24,11,-70,34.0440254,-117.1669235,437.80,1.50,WIFI
12:D3:CF:DC:5E:10,,[WPA2_PSK],2025-12-1 15:57:24,11,-86,34.0440254,-117.1669235,437.80,1.50,WIFI
22:E8:29:64:BB:F5,,[WPA2_PSK],2025-12-1 15:57:24,11,-87,34.0440254,-117.1669235,437.80,1.50,WIFI
E6:5E:1B:A6:7B:81,Guest,[WPA2_PSK],2025-12-1 15:57:24,11,-88,34.0440254,-117.1669235,437.80,1.50,WIFI
E4:5E:1B:73:D1:7A,Monster,[WPA2_PSK],2025-12-1 15:57:24,11,-89,34.0440254,-117.1669235,437.80,1.50,WIFI
22:D3:CF:DC:5E:10,,[WPA2_PSK],2025-12-1 15:57:24,11,-89,34.0440254,-117.1669235,437.80,1.50,WIFI
26:E8:29:64:BB:F5,,[WPA2_PSK],2025-12-1 15:57:24,11,-90,34.0440254,-117.1669235,437.80,1.50,WIFI
00:26:62:EA:5C:54,DG1670AF2,[WPA_WPA2_PSK],2025-12-1 15:57:24,11,-92,34.0440254,-117.1669235,437.80,1.50,WIFI
6C:99:61:D5:8E:DE,SpectrumSetup-D8,[WPA2_PSK],2025-12-1 15:57:24,11,-93,34.0440254,-117.1669235,437.80,1.50,WIFI
A0:8A:06:3F:15:61,MySpectrumWiFic0-2G,[WPA2_PSK],2025-12-1 15:57:25,1,-60,34.0439377,-117.1670685,438.10,1.50,WIFI
F0:7B:65:CB:30:05,Huff House,[WPA2_PSK],2025-12-1 15:57:25,1,-66,34.0439377,-117.1670685,438.10,1.50,WIFI
30:8D:99:B0:71:47,DIRECT-46-HP ENVY 5640 series,[WPA2_PSK],2025-12-1 15:57:25,1,-76,34.0439377,-117.1670685,438.10,1.50,WIFI
F0:7B:65:0D:2B:BF,SpectrumSetup-2BB9,[WPA2_PSK],2025-12-1 15:57:25,1,-84,34.0439377,-117.1670685,438.10,1.50,WIFI
40:CA:63:49:1E:D9,[range]_E30AJT7113780E,[WPA2_PSK],2025-12-1 15:57:25,1,-84,34.0439377,-117.1670685,438.10,1.50,WIFI
66:67:72:12:92:C8,Mesh,[WPA2_WPA3_PSK],2025-12-1 15:57:25,1,-88,34.0439377,-117.1670685,438.10,1.50,WIFI
44:AD:B1:56:9D:5E,SpectrumSetup-58,[WPA2_PSK],2025-12-1 15:57:25,1,-89,34.0439377,-117.1670685,438.10,1.50,WIFI
84:A0:6E:C7:76:4E,MySpectrumWiFi48-2G,[WPA2_PSK],2025-12-1 15:57:25,1,-92,34.0439377,-117.1670685,438.10,1.50,WIFI
54:21:60:18:EB:41,Alula18EB40,[WPA_WPA2_PSK],2025-12-1 15:57:33,5,-87,34.0431786,-117.1684494,438.60,1.50,WIFI
E6:93:DA:BB:08:39,,[WPA2_PSK],2025-12-1 15:57:34,6,-64,34.0430832,-117.1686172,438.20,1.50,WIFI
F6:93:DA:BB:08:39,,[WPA2_PSK],2025-12-1 15:57:34,6,-64,34.0430832,-117.1686172,438.20,1.50,WIFI
74:93:DA:BB:08:39,SpectrumSetup-3B,[WPA2_PSK],2025-12-1 15:57:34,6,-70,34.0430832,-117.1686172,438.20,1.50,WIFI
F4:05:95:8F:CB:C5,SpectrumSetup-BF,[WPA2_PSK],2025-12-1 15:57:34,6,-82,34.0430832,-117.1686172,438.20,1.50,WIFI
38:8B:59:D7:36:FE,googlehome1,[WPA2_PSK],2025-12-1 15:57:34,6,-83,34.0430832,-117.1686172,438.20,1.50,WIFI
A4:97:33:B5:02:89,Itsgoingon,[WPA2_PSK],2025-12-1 15:57:34,6,-83,34.0430832,-117.1686172,438.20,1.50,WIFI
CC:03:FA:FE:B2:3E,TC8717T38,[WPA2_PSK],2025-12-1 15:57:34,6,-84,34.0430832,-117.1686172,438.20,1.50,WIFI
1E:39:29:3D:90:17,,[WPA2_PSK],2025-12-1 15:57:34,6,-85,34.0430832,-117.1686172,438.20,1.50,WIFI
16:0C:6B:35:37:56,ORBI74,[WPA2_PSK],2025-12-1 15:57:37,9,-76,34.0428085,-117.1691208,437.80,1.50,WIFI
48:D2:4F:FC:B9:16,SpectrumSetup-10,[WPA2_PSK],2025-12-1 15:57:39,11,-61,34.0426292,-117.1694412,438.60,1.50,WIFI
2C:67:BE:4A:8D:0E,SpectrumSetup-8D0A,[WPA2_PSK],2025-12-1 15:57:39,11,-74,34.0426292,-117.1694412,438.60,1.50,WIFI
60:F4:19:6A:16:26,HomeWifi,[WPA2_PSK],2025-12-1 15:57:39,11,-77,34.0426292,-117.1694412,438.60,1.50,WIFI
48:BA:4E:87:66:E8,DIRECT-E4-HP OfficeJet Pro 8710,[WPA2_PSK],2025-12-1 15:57:39,11,-78,34.0426292,-117.1694412,438.60,1.50,WIFI
44:AC:85:FA:33:C3,,[WPA3_PSK],2025-12-1 15:57:39,11,-79,34.0426292,-117.1694412,438.60,1.50,WIFI
44:AC:85:FA:33:C9,,[OPEN],2025-12-1 15:57:39,11,-79,34.0426292,-117.1694412,438.60,1.50,WIFI
44:AC:85:FA:33:C6,fouriscosmic,[WPA2_PSK],2025-12-1 15:57:39,11,-79,34.0426292,-117.1694412,438.60,1.50,WIFI
28:EC:22:28:16:E9,,[OPEN],2025-12-1 15:57:39,11,-82,34.0426292,-117.1694412,438.60,1.50,WIFI
28:EC:22:28:16:E6,Joneshouse ,[WPA2_PSK],2025-12-1 15:57:39,11,-82,34.0426292,-117.1694412,438.60,1.50,WIFI
28:EC:22:28:16:E3,,[WPA3_PSK],2025-12-1 15:57:39,11,-83,34.0426292,-117.1694412,438.60,1.50,WIFI
58:2F:F7:75:33:06,SpectrumSetup-00,[WPA2_PSK],2025-12-1 15:57:39,11,-84,34.0426292,-117.1694412,438.60,1.50,WIFI
84:1E:A3:21:E6:46,SpectrumSetup-40,[WPA2_PSK],2025-12-1 15:57:39,11,-85,34.0426292,-117.1694412,438.60,1.50,WIFI
C8:63:FC:20:98:35,FiOS-HQWIS,[WPA2_PSK],2025-12-1 15:57:39,11,-90,34.0426292,-117.1694412,438.60,1.50,WIFI
1C:F4:3F:09:87:E6,Verizon_6QX4L6,[WPA2_PSK],2025-12-1 15:57:39,11,-91,34.0426292,-117.1694412,438.60,1.50,WIFI
84:A0:6E:D2:70:06,MySpectrumWiFi00-2G,[WPA2_PSK],2025-12-1 15:57:42,1,-61,34.0423775,-117.1699066,440.20,1.50,WIFI
66:67:72:22:92:C8,Cove,[WPA2_WPA3_PSK],2025-12-1 15:57:42,1,-74,34.0423775,-117.1699066,440.20,1.50,WIFI
F8:AA:3F:ED:03:6F,SpectrumSetup-6D,[WPA2_PSK],2025-12-1 15:57:42,1,-78,34.0423775,-117.1699066,440.20,1.50,WIFI
A0:89:66:94:7D:D8,,[WPA_WPA2_PSK],2025-12-1 15:57:42,1,-82,34.0423775,-117.1699066,440.20,1.50,WIFI
B0:FC:88:16:00:6A,SpectrumSetup-64,[WPA2_PSK],2025-12-1 15:57:42,1,-83,34.0423775,-117.1699066,440.20,1.50,WIFI
28:CF:DA:B4:03:C7,Burgess Network,[WPA2_PSK],2025-12-1 15:57:42,1,-84,34.0423775,-117.1699066,440.20,1.50,WIFI
74:37:5F:26:56:DF,SpectrumSetup-DD,[WPA2_PSK],2025-12-1 15:57:42,1,-92,34.0423775,-117.1699066,440.20,1.50,WIFI
0A:B4:B1:B0:8C:3C,RedCrescent-Guests,[WPA2_PSK],2025-12-1 15:57:42,1,-93,34.0423775,-117.1699066,440.20,1.50,WIFI
EE:9F:80:A5:3F:B8,AAA-guest,[OPEN],2025-12-1 15:57:47,5,-89,34.0419579,-117.1706543,443.00,1.50,WIFI
E8:9F:80:A5:3F:B8,AAA,[WPA2_PSK],2025-12-1 15:57:47,5,-93,34.0419579,-117.1706543,443.00,1.50,WIFI
FC:12:63:81:CB:D9,SpectrumSetup-DB,[WPA2_PSK],2025-12-1 15:57:48,6,-71,34.0418816,-117.1707993,443.40,1.50,WIFI
A8:40:0B:2D:5B:DB,HotspotH7bX,[WPA_WPA2_PSK],2025-12-1 15:57:48,6,-77,34.0418816,-117.1707993,443.40,1.50,WIFI
9C:0B:05:5C:74:C7,DBCVCC,[WPA2_PSK],2025-12-1 15:57:48,6,-77,34.0418816,-117.1707993,443.40,1.50,WIFI
9C:0B:05:5C:74:CA,,[OPEN],2025-12-1 15:57:48,6,-78,34.0418816,-117.1707993,443.40,1.50,WIFI
9C:0B:05:5C:74:C4,,[WPA3_PSK],2025-12-1 15:57:48,6,-79,34.0418816,-117.1707993,443.40,1.50,WIFI
2C:30:33:45:0D:AA,NETGEAR83,[WPA2_PSK],2025-12-1 15:57:49,7,-72,34.0418091,-117.1709366,443.70,1.50,WIFI
2C:67:BE:18:37:78,SpectrumSetup-3774,[WPA2_PSK],2025-12-1 15:57:53,11,-74,34.0415688,-117.1713867,443.50,1.50,WIFI
34:53:D2:C1:DF:91,Aardvark,[WPA2_PSK],2025-12-1 15:57:53,11,-80,34.0415688,-117.1713867,443.50,1.50,WIFI
38:17:B1:55:12:3A,SpectrumSetup-34,[WPA2_PSK],2025-12-1 15:57:53,11,-80,34.0415688,-117.1713867,443.50,1.50,WIFI
74:37:5F:F9:BE:B1,SpectrumSetup-AF,[WPA2_PSK],2025-12-1 15:57:56,1,-73,34.0414810,-117.1715622,442.90,1.50,WIFI
30:60:0A:25:39:AC,,[WPA_WPA2_PSK],2025-12-1 15:57:56,1,-78,34.0414810,-117.1715622,442.90,1.50,WIFI
54:21:60:19:8D:7D,Alula198D7C,[WPA_WPA2_PSK],2025-12-1 15:57:58,2,-77,34.0414581,-117.1716080,442.30,1.50,WIFI
5C:A5:BC:08:05:07,,[OPEN],2025-12-1 15:58:2,6,-74,34.0414658,-117.1716080,442.20,1.50,WIFI
5C:A5:BC:08:05:03,,[WPA3_PSK],2025-12-1 15:58:2,6,-74,34.0414658,-117.1716080,442.20,1.50,WIFI
5C:A5:BC:08:05:05,4Corners,[WPA2_PSK],2025-12-1 15:58:2,6,-75,34.0414658,-117.1716080,442.20,1.50,WIFI
10:2C:B1:8C:FA:28,,[WPA_WPA2_PSK],2025-12-1 15:58:2,6,-81,34.0414658,-117.1716080,442.20,1.50,WIFI
5C:A5:BC:02:3F:07,,[OPEN],2025-12-1 15:58:2,6,-82,34.0414658,-117.1716080,442.20,1.50,WIFI
5C:A5:BC:02:3F:03,,[WPA3_PSK],2025-12-1 15:58:2,6,-82,34.0414658,-117.1716080,442.20,1.50,WIFI
5C:A5:BC:02:3F:05,4Corners,[WPA2_PSK],2025-12-1 15:58:2,6,-82,34.0414658,-117.1716080,442.20,1.50,WIFI
34:49:5B:C0:8F:B6,MySpectrumWiFib0-2G,[WPA2_PSK],2025-12-1 15:58:2,6,-86,34.0414658,-117.1716080,442.20,1.50,WIFI
22:48:6C:BD:38:F9,,[WPA2_PSK],2025-12-1 15:58:2,6,-91,34.0414658,-117.1716080,442.20,1.50,WIFI
10:2C:B1:7F:60:AE,,[WPA_WPA2_PSK],2025-12-1 15:58:5,9,-90,34.0414658,-117.1716156,442.20,1.50,WIFI
2A:0F:EB:88:AF:F0,Bailey,[WPA2_PSK],2025-12-1 15:58:7,11,-77,34.0414581,-117.1716614,442.00,1.50,WIFI
CC:F4:11:8C:95:1A,rxman1151,[WPA2_PSK],2025-12-1 15:58:7,11,-86,34.0414581,-117.1716614,442.00,1.50,WIFI
CC:2D:E0:0F:D5:26,STW-1,[WPA2],2025-12-1 15:58:7,11,-87,34.0414581,-117.1716614,442.00,1.50,WIFI
D0:BF:9C:E5:DB:4D,DIRECT-4C-HP ENVY 7640 series,[WPA2_PSK],2025-12-1 15:58:10,1,-79,34.0415611,-117.1718063,441.60,1.50,WIFI
0E:19:5D:30:09:4C,,[WPA2_PSK],2025-12-1 15:58:10,1,-85,34.0415611,-117.1718063,441.60,1.50,WIFI
12:2C:6B:6E:8B:64,SunPower40591,[WPA2_PSK],2025-12-1 15:58:10,1,-86,34.0415611,-117.1718063,441.60,1.50,WIFI
0E:19:5D:30:09:4D,,[WPA2_PSK],2025-12-1 15:58:10,1,-87,34.0415611,-117.1718063,441.60,1.50,WIFI
CE:2D:E0:1D:0F:70,STW-5,[WPA2_PSK],2025-12-1 15:58:10,1,-89,34.0415611,-117.1718063,441.60,1.50,WIFI
6E:3B:6B:7D:6C:2D,STW-2,[WPA2_PSK],2025-12-1 15:58:10,1,-89,34.0415611,-117.1718063,441.60,1.50,WIFI
0C:82:47:43:8B:90,,[WPA_WPA2_PSK],2025-12-1 15:58:10,1,-89,34.0415611,-117.1718063,441.60,1.50,WIFI
CC:2D:E0:1D:0F:6E,STW-1,[WPA2],2025-12-1 15:58:10,1,-91,34.0415611,-117.1718063,441.60,1.50,WIFI
2A:F5:A2:B7:13:05,,[WPA2_PSK],2025-12-1 15:58:13,3,-86,34.0417747,-117.1719971,440.80,1.50,WIFI
24:F5:A2:B7:13:05,fatboy1961,[WPA2_PSK],2025-12-1 15:58:13,3,-91,34.0417747,-117.1719971,440.80,1.50,WIFI
22:48:6C:BE:20:D1,,[WPA2_PSK],2025-12-1 15:58:16,6,-64,34.0420494,-117.1722107,439.50,1.50,WIFI
C4:A8:16:37:1C:05,,[WPA3_PSK],2025-12-1 15:58:16,6,-66,34.0420494,-117.1722107,439.50,1.50,WIFI
C4:A8:16:37:1C:0B,,[OPEN],2025-12-1 15:58:16,6,-67,34.0420494,-117.1722107,439.50,1.50,WIFI
C4:A8:16:1C:8D:88,Eero95,[WPA2_PSK],2025-12-1 15:58:16,6,-75,34.0420494,-117.1722107,439.50,1.50,WIFI
C4:A8:16:37:1C:08,Eero95,[WPA2_PSK],2025-12-1 15:58:16,6,-76,34.0420494,-117.1722107,439.50,1.50,WIFI
C4:A8:16:36:FA:45,,[WPA3_PSK],2025-12-1 15:58:16,6,-76,34.0420494,-117.1722107,439.50,1.50,WIFI
C4:A8:16:1C:8D:85,,[WPA3_PSK],2025-12-1 15:58:16,6,-78,34.0420494,-117.1722107,439.50,1.50,WIFI
C4:A8:16:1C:8D:8B,,[OPEN],2025-12-1 15:58:16,6,-78,34.0420494,-117.1722107,439.50,1.50,WIFI
F4:69:42:81:AE:B2,SpectrumSetup-B4,[WPA2_PSK],2025-12-1 15:58:16,6,-79,34.0420494,-117.1722107,439.50,1.50,WIFI
C4:A8:16:36:FA:4B,,[OPEN],2025-12-1 15:58:16,6,-79,34.0420494,-117.1722107,439.50,1.50,WIFI
C4:A8:16:36:FA:48,Eero95,[WPA2_PSK],2025-12-1 15:58:16,6,-79,34.0420494,-117.1722107,439.50,1.50,WIFI
74:93:DA:04:F2:4E,SpectrumSetup-50,[WPA2_PSK],2025-12-1 15:58:16,6,-82,34.0420494,-117.1722107,439.50,1.50,WIFI
CC:F4:11:78:1F:BB,rxman1151,[WPA2_PSK],2025-12-1 15:58:16,6,-86,34.0420494,-117.1722107,439.50,1.50,WIFI
A4:97:33:B5:14:91,SpectrumSetup-93,[WPA2_PSK],2025-12-1 15:58:16,6,-87,34.0420494,-117.1722107,439.50,1.50,WIFI
FC:12:63:82:89:FD,SpectrumSetup-FF,[WPA2_PSK],2025-12-1 15:58:16,6,-87,34.0420494,-117.1722107,439.50,1.50,WIFI
A4:97:33:12:FB:80,SpectrumSetup-82,[WPA2_PSK],2025-12-1 15:58:16,6,-93,34.0420494,-117.1722107,439.50,1.50,WIFI
D0:68:27:E1:7C:83,,[WPA3_PSK],2025-12-1 15:58:22,11,-63,34.0426483,-117.1726913,435.60,1.50,WIFI
D0:68:27:E1:7C:89,,[OPEN],2025-12-1 15:58:22,11,-63,34.0426483,-117.1726913,435.60,1.50,WIFI
D0:68:27:E1:7C:86,notyourwifi,[WPA2_PSK],2025-12-1 15:58:22,11,-72,34.0426483,-117.1726913,435.60,1.50,WIFI
B0:FC:88:75:1E:0E,GailMcLaughlinWiFi,[WPA2_PSK],2025-12-1 15:58:22,11,-76,34.0426483,-117.1726913,435.60,1.50,WIFI
E4:55:A8:27:54:1C,HumanGood,[WPA2],2025-12-1 15:58:22,11,-80,34.0426483,-117.1726913,435.60,1.50,WIFI
E2:55:A8:27:54:1C,HGguest,[OPEN],2025-12-1 15:58:22,11,-83,34.0426483,-117.1726913,435.60,1.50,WIFI
EA:55:A8:27:54:1C,IDCA,[WPA2_PSK],2025-12-1 15:58:22,11,-83,34.0426483,-117.1726913,435.60,1.50,WIFI
EE:55:A8:27:54:1C,HGmdm,[WPA2_PSK],2025-12-1 15:58:22,11,-85,34.0426483,-117.1726913,435.60,1.50,WIFI
08:02:8E:29:F1:56,TN6JT_2GEXT,[WPA2_PSK],2025-12-1 15:58:24,1,-76,34.0428581,-117.1728592,434.40,1.50,WIFI
18:1B:EB:FD:7D:D5,TN6JT,[WPA2_PSK],2025-12-1 15:58:24,1,-81,34.0428581,-117.1728592,434.40,1.50,WIFI
18:A9:ED:59:57:49,,[OPEN],2025-12-1 15:58:24,1,-83,34.0428581,-117.1728592,434.40,1.50,WIFI
FC:12:63:89:9B:D6,Verizon_4WP9BM,[WPA2_PSK],2025-12-1 15:58:24,1,-86,34.0428581,-117.1728592,434.40,1.50,WIFI
44:A5:6E:4B:DD:A0,NETGEAR4BDDAF-SETUP,[WPA2_PSK],2025-12-1 15:58:24,1,-91,34.0428581,-117.1728592,434.40,1.50,WIFI
F8:5B:3B:D3:44:40,SpectrumSetup-42,[WPA2_PSK],2025-12-1 15:58:30,6,-69,34.0435028,-117.1733627,430.80,1.50,WIFI
00:AB:48:AB:6E:4B,Walker_Guests,[WPA2_PSK],2025-12-1 15:58:30,6,-84,34.0435028,-117.1733627,430.80,1.50,WIFI
80:78:71:29:68:BD,Bradley2G,[WPA2_PSK],2025-12-1 15:58:30,6,-86,34.0435028,-117.1733627,430.80,1.50,WIFI
4C:AB:F8:6B:70:9B,SpectrumSetup-9D,[WPA2_PSK],2025-12-1 15:58:30,6,-88,34.0435028,-117.1733627,430.80,1.50,WIFI
FC:12:63:D8:35:3A,SpectrumSetup-3C,[WPA2_PSK],2025-12-1 15:58:30,6,-90,34.0435028,-117.1733627,430.80,1.50,WIFI
2C:67:BE:47:49:91,SpectrumSetup-498D,[WPA2_PSK],2025-12-1 15:58:30,6,-91,34.0435028,-117.1733627,430.80,1.50,WIFI
E6:9F:C2:03:A4:92,,[WPA2_PSK],2025-12-1 15:58:30,6,-94,34.0435028,-117.1733627,430.80,1.50,WIFI
78:76:89:31:CC:8A,,[OPEN],2025-12-1 15:58:35,11,-75,34.0439758,-117.1737213,427.70,1.50,WIFI
78:76:89:31:CC:84,,[WPA3_PSK],2025-12-1 15:58:35,11,-76,34.0439758,-117.1737213,427.70,1.50,WIFI
78:76:89:31:CC:87,Giselle,[WPA2_PSK],2025-12-1 15:58:35,11,-76,34.0439758,-117.1737213,427.70,1.50,WIFI
A4:99:A8:0F:24:49,,[OPEN],2025-12-1 15:58:35,11,-81,34.0439758,-117.1737213,427.70,1.50,WIFI
2A:0F:EB:E9:41:6E,TEG-00K,[WPA2_PSK],2025-12-1 15:58:35,11,-82,34.0439758,-117.1737213,427.70,1.50,WIFI
00:AB:48:B7:0E:E5,Taxgirls,[WPA2_PSK],2025-12-1 15:58:37,1,-74,34.0441170,-117.1738205,426.90,1.50,WIFI
7C:DB:98:6B:BF:61,Whitlock,[WPA2_PSK],2025-12-1 15:58:37,1,-74,34.0441170,-117.1738205,426.90,1.50,WIFI
A0:89:66:94:7B:F0,,[WPA_WPA2_PSK],2025-12-1 15:58:37,1,-76,34.0441170,-117.1738205,426.90,1.50,WIFI
00:AB:48:B7:0E:E7,,[OPEN],2025-12-1 15:58:37,1,-77,34.0441170,-117.1738205,426.90,1.50,WIFI
00:AB:48:B7:0E:E3,,[WPA3_PSK],2025-12-1 15:58:37,1,-77,34.0441170,-117.1738205,426.90,1.50,WIFI
00:AB:48:86:B5:45,Taxgirls,[WPA2_PSK],2025-12-1 15:58:37,1,-77,34.0441170,-117.1738205,426.90,1.50,WIFI
00:AB:48:86:B5:47,,[OPEN],2025-12-1 15:58:37,1,-78,34.0441170,-117.1738205,426.90,1.50,WIFI
00:AB:48:86:B5:43,,[WPA3_PSK],2025-12-1 15:58:37,1,-78,34.0441170,-117.1738205,426.90,1.50,WIFI
FA:6A:1F:38:3B:DB,SpectrumSetup-DA,[WPA2_PSK],2025-12-1 15:58:37,1,-81,34.0441170,-117.1738205,426.90,1.50,WIFI
4C:19:5D:B2:17:CF,SpectrumSetup-C9,[WPA2_PSK],2025-12-1 15:58:37,1,-81,34.0441170,-117.1738205,426.90,1.50,WIFI
86:EA:ED:83:C4:39,,[WPA2_PSK],2025-12-1 15:58:37,1,-89,34.0441170,-117.1738205,426.90,1.50,WIFI
74:37:5F:27:5B:6B,Maytag Laundry,[WPA2_PSK],2025-12-1 15:58:37,1,-89,34.0441170,-117.1738205,426.90,1.50,WIFI
88:57:1D:CC:D0:7A,[range]_E30AJT7113236V,[WPA2_PSK],2025-12-1 15:58:37,1,-90,34.0441170,-117.1738205,426.90,1.50,WIFI
40:2B:50:7E:B0:E8,Frontier1488,[WPA2_PSK],2025-12-1 15:58:37,1,-91,34.0441170,-117.1738205,426.90,1.50,WIFI
5C:62:8B:AE:D9:7E,,[WPA_WPA2_PSK],2025-12-1 15:58:40,2,-76,34.0442467,-117.1739273,425.60,1.50,WIFI
4C:AB:F8:34:58:B9,SpectrumSetup-E8,[WPA2_PSK],2025-12-1 15:58:45,6,-74,34.0442810,-117.1739578,425.50,1.50,WIFI
C0:6F:98:89:21:83,,[WPA3_PSK],2025-12-1 15:58:45,6,-82,34.0442810,-117.1739578,425.50,1.50,WIFI
C0:6F:98:89:21:89,,[OPEN],2025-12-1 15:58:45,6,-82,34.0442810,-117.1739578,425.50,1.50,WIFI
C0:6F:98:89:21:86,peggy,[WPA2_PSK],2025-12-1 15:58:45,6,-82,34.0442810,-117.1739578,425.50,1.50,WIFI
F4:52:46:AD:01:C9,SpectrumSetup-CB,[WPA2_PSK],2025-12-1 15:58:45,6,-84,34.0442810,-117.1739578,425.50,1.50,WIFI
24:4B:FE:B2:1D:91,MDM_mesh,[WPA2_PSK],2025-12-1 15:58:47,8,-78,34.0442810,-117.1739578,425.50,1.50,WIFI
A4:99:A8:0F:24:43,,[WPA3_PSK],2025-12-1 15:58:50,11,-69,34.0443077,-117.1739807,425.30,1.50,WIFI
A4:99:A8:0F:24:46,skip,[WPA2_PSK],2025-12-1 15:58:50,11,-74,34.0443077,-117.1739807,425.30,1.50,WIFI
88:67:46:79:D6:A6,skip,[WPA2_PSK],2025-12-1 15:58:50,11,-78,34.0443077,-117.1739807,425.30,1.50,WIFI
DC:69:B5:ED:90:46,skip,[WPA2_PSK],2025-12-1 15:58:50,11,-78,34.0443077,-117.1739807,425.30,1.50,WIFI
DC:69:B5:ED:90:43,,[WPA3_PSK],2025-12-1 15:58:50,11,-79,34.0443077,-117.1739807,425.30,1.50,WIFI
DC:69:B5:ED:90:49,,[OPEN],2025-12-1 15:58:50,11,-79,34.0443077,-117.1739807,425.30,1.50,WIFI
74:37:5F:70:0A:AB,SpectrumSetup-A9,[WPA2_PSK],2025-12-1 15:58:53,1,-71,34.0444756,-117.1741104,424.70,1.50,WIFI
94:F7:17:E8:EF:78,,[WPA_WPA2_PSK],2025-12-1 15:58:53,1,-76,34.0444756,-117.1741104,424.70,1.50,WIFI
0C:80:63:65:52:A3,summandrew,[WPA_WPA2_PSK],2025-12-1 15:58:53,1,-79,34.0444756,-117.1741104,424.70,1.50,WIFI
74:37:5F:CD:B4:13,SpectrumSetup-11,[WPA2_PSK],2025-12-1 15:58:53,1,-82,34.0444756,-117.1741104,424.70,1.50,WIFI
5C:62:8B:AE:D9:8E,,[WPA_WPA2_PSK],2025-12-1 15:58:55,2,-81,34.0446358,-117.1742401,423.90,1.50,WIFI
5E:62:8B:2E:D9:8E,DecoTPLink,[WPA2_PSK],2025-12-1 15:58:55,2,-88,34.0446358,-117.1742401,423.90,1.50,WIFI
80:78:71:49:72:31,SpectrumSetup-33,[WPA2_PSK],2025-12-1 15:58:59,6,-73,34.0449905,-117.1745377,422.10,1.50,WIFI
7C:7E:F9:67:0E:44,peggy,[WPA2_PSK],2025-12-1 15:58:59,6,-82,34.0449905,-117.1745377,422.10,1.50,WIFI
7C:7E:F9:67:0E:42,,[WPA3_PSK],2025-12-1 15:58:59,6,-83,34.0449905,-117.1745377,422.10,1.50,WIFI
7C:7E:F9:67:0E:46,,[OPEN],2025-12-1 15:58:59,6,-83,34.0449905,-117.1745377,422.10,1.50,WIFI
C2:FB:E4:11:67:D7,,[WPA2_PSK],2025-12-1 15:58:59,6,-87,34.0449905,-117.1745377,422.10,1.50,WIFI
BA:FB:E4:11:67:D7,Emmaus-Guest,[WPA2_PSK],2025-12-1 15:58:59,6,-87,34.0449905,-117.1745377,422.10,1.50,WIFI
B4:FB:E4:11:67:D7,Emmaus-Private,[WPA2_PSK],2025-12-1 15:58:59,6,-88,34.0449905,-117.1745377,422.10,1.50,WIFI
B4:FB:E4:71:2A:30,Emmaus-Private,[WPA2_PSK],2025-12-1 15:58:59,6,-88,34.0449905,-117.1745377,422.10,1.50,WIFI
64:31:50:FA:E2:51,HPJ610a.FAE251,[OPEN],2025-12-1 15:58:59,6,-88,34.0449905,-117.1745377,422.10,1.50,WIFI
BE:FB:E4:71:2A:2C,Emmaus-TH,[WPA2_PSK],2025-12-1 15:58:59,6,-90,34.0449905,-117.1745377,422.10,1.50,WIFI
BA:FB:E4:71:2A:2C,Emmaus-Guest,[WPA2_PSK],2025-12-1 15:58:59,6,-91,34.0449905,-117.1745377,422.10,1.50,WIFI
C2:FB:E4:71:2A:2C,,[WPA2_PSK],2025-12-1 15:58:59,6,-92,34.0449905,-117.1745377,422.10,1.50,WIFI
4C:19:5D:0C:3D:5C,SpectrumSetup-56,[WPA2_PSK],2025-12-1 15:58:59,6,-92,34.0449905,-117.1745377,422.10,1.50,WIFI
A4:97:33:69:41:DE,SpectrumSetup-E0,[WPA2_PSK],2025-12-1 15:58:59,6,-95,34.0449905,-117.1745377,422.10,1.50,WIFI
24:F5:A2:81:4D:81,5CliftonCt,[WPA2_PSK],2025-12-1 15:59:3,9,-92,34.0453262,-117.1748047,420.30,1.50,WIFI
C4:EB:39:7B:51:81,Frontier0457,[OPEN],2025-12-1 15:59:5,11,-74,34.0454559,-117.1749115,419.80,1.50,WIFI
08:7B:12:3F:04:F6,Frontier1593,[WPA2_PSK],2025-12-1 15:59:5,11,-75,34.0454559,-117.1749115,419.80,1.50,WIFI
D2:CB:BC:8C:4E:F0,SBCSS_Redlands,[WPA2_PSK],2025-12-1 15:59:8,1,-78,34.0456505,-117.1750641,418.80,1.50,WIFI
A0:8E:78:1E:BF:0E,MySpectrumWiFi08-2G,[WPA2_PSK],2025-12-1 15:59:8,1,-90,34.0456505,-117.1750641,418.80,1.50,WIFI
24:F5:A2:81:DF:43,5CliftonCt,[WPA2_PSK],2025-12-1 15:59:10,2,-86,34.0457764,-117.1751633,418.30,1.50,WIFI
90:BF:D9:83:CB:B9,,[WPA_WPA2_PSK],2025-12-1 15:59:11,3,-74,34.0458412,-117.1752090,417.90,1.50,WIFI
2E:F5:A2:7C:60:A3,,[WPA2_PSK],2025-12-1 15:59:11,3,-79,34.0458412,-117.1752090,417.90,1.50,WIFI
2A:F5:A2:7C:60:A3,_VelopSetupD80-guest,[WPA2_PSK],2025-12-1 15:59:11,3,-82,34.0458412,-117.1752090,417.90,1.50,WIFI
22:E8:10:2B:38:FE,GMC4886,[WPA2_WPA3_PSK],2025-12-1 15:59:14,6,-72,34.0460281,-117.1753616,416.90,1.50,WIFI
D0:16:7C:19:CB:B4,Kauai,[WPA2_PSK],2025-12-1 15:59:14,6,-72,34.0460281,-117.1753616,416.90,1.50,WIFI
44:AD:B1:58:04:26,SpectrumSetup-20,[WPA2_PSK],2025-12-1 15:59:14,6,-74,34.0460281,-117.1753616,416.90,1.50,WIFI
A8:B0:88:67:CB:C8,Kauai,[WPA2_PSK],2025-12-1 15:59:14,6,-77,34.0460281,-117.1753616,416.90,1.50,WIFI
A8:B0:88:67:CB:CA,,[OPEN],2025-12-1 15:59:14,6,-80,34.0460281,-117.1753616,416.90,1.50,WIFI
24:41:FE:DE:17:C6,Verizon_7HJ3CW,[WPA2_PSK],2025-12-1 15:59:14,6,-86,34.0460281,-117.1753616,416.90,1.50,WIFI
B4:FB:E4:71:2A:2C,Emmaus-Private,[WPA2_PSK],2025-12-1 15:59:14,6,-88,34.0460281,-117.1753616,416.90,1.50,WIFI
78:8C:B5:A1:36:23,TP-Link_3624,[WPA2_PSK],2025-12-1 15:59:15,7,-91,34.0460930,-117.1754074,416.60,1.50,WIFI
D2:9E:43:D7:48:55,AIPS Guest,[WPA2_PSK],2025-12-1 15:59:16,8,-84,34.0461617,-117.1754532,416.20,1.50,WIFI
C8:9E:43:D7:48:55,,[WPA2_PSK],2025-12-1 15:59:16,8,-87,34.0461617,-117.1754532,416.20,1.50,WIFI
DC:92:72:E3:6F:2F,Frontier0262,[WPA2_PSK],2025-12-1 15:59:19,11,-67,34.0463371,-117.1755981,415.30,1.50,WIFI
24:F5:A2:7C:60:A3,5CliftonCt,[WPA2_PSK],2025-12-1 15:59:25,3,-86,34.0464973,-117.1757355,414.40,1.50,WIFI
98:1E:19:21:FE:CE,MySpectrumWiFic8-2G,[WPA2_PSK],2025-12-1 15:59:26,4,-94,34.0465126,-117.1757507,414.30,1.50,WIFI
A2:B8:2B:00:9D:E8,Error,[WPA2_PSK],2025-12-1 15:59:28,6,-76,34.0465546,-117.1757812,414.20,1.50,WIFI
9E:64:6D:6B:1E:1F,CHEVROLET3364,[WPA2_WPA3_PSK],2025-12-1 15:59:28,6,-78,34.0465546,-117.1757812,414.20,1.50,WIFI
92:B8:2B:00:9D:E8,,[WPA2_PSK],2025-12-1 15:59:28,6,-80,34.0465546,-117.1757812,414.20,1.50,WIFI
C8:B4:22:6D:56:C6,Nothing187,[WPA2_PSK],2025-12-1 15:59:28,6,-89,34.0465546,-117.1757812,414.20,1.50,WIFI
C4:41:1E:D0:A4:4D,Wemo.Plug.061,[OPEN],2025-12-1 15:59:28,6,-90,34.0465546,-117.1757812,414.20,1.50,WIFI
9A:8C:B5:A1:36:23,,[WPA2_PSK],2025-12-1 15:59:29,7,-81,34.0465813,-117.1757965,414.00,1.50,WIFI
CE:9E:43:D7:48:55,AIPS,[WPA2_PSK],2025-12-1 15:59:30,8,-77,34.0466003,-117.1758194,413.90,1.50,WIFI
D4:3F:32:89:66:09,,[OPEN],2025-12-1 15:59:33,11,-66,34.0466232,-117.1758423,413.90,1.50,WIFI
D4:3F:32:89:66:06,Frontier5088,[WPA2_PSK],2025-12-1 15:59:33,11,-66,34.0466232,-117.1758423,413.90,1.50,WIFI
D4:3F:32:89:66:03,,[WPA3_PSK],2025-12-1 15:59:33,11,-67,34.0466232,-117.1758423,413.90,1.50,WIFI
F0:B6:61:FD:BE:A4,,[WPA3_PSK],2025-12-1 15:59:33,11,-70,34.0466232,-117.1758423,413.90,1.50,WIFI
F0:B6:61:FD:BE:A7,Wifi123,[WPA2_PSK],2025-12-1 15:59:33,11,-71,34.0466232,-117.1758423,413.90,1.50,WIFI
F0:B6:61:FD:BE:AA,,[OPEN],2025-12-1 15:59:33,11,-72,34.0466232,-117.1758423,413.90,1.50,WIFI
6C:C2:17:1A:1E:B9,HP-Print-B9-Officejet Pro 8610,[WPA2_PSK],2025-12-1 15:59:33,11,-79,34.0466232,-117.1758423,413.90,1.50,WIFI
F0:B6:61:BA:E3:24,,[WPA3_PSK],2025-12-1 15:59:33,11,-82,34.0466232,-117.1758423,413.90,1.50,WIFI
0E:7E:24:C5:AA:2B,DIRECT-BMW 39874,[WPA2_WPA3_PSK],2025-12-1 15:59:33,11,-84,34.0466232,-117.1758423,413.90,1.50,WIFI
F0:B6:61:BA:E3:2A,,[OPEN],2025-12-1 15:59:33,11,-84,34.0466232,-117.1758423,413.90,1.50,WIFI
AC:EC:85:B8:48:82,,[WPA3_PSK],2025-12-1 15:59:33,11,-85,34.0466232,-117.1758423,413.90,1.50,WIFI
4C:22:F3:BB:C1:D3,ASHFAM1981,[WPA2_PSK],2025-12-1 15:59:42,6,-72,34.0466728,-117.1758804,413.90,1.50,WIFI
B2:B8:2B:00:9D:E8,,[WPA2_PSK],2025-12-1 15:59:42,6,-79,34.0466728,-117.1758804,413.90,1.50,WIFI
FA:B4:6A:CC:C7:E6,DIRECT-E6-HP OfficeJet 5200,[WPA2_PSK],2025-12-1 15:59:42,6,-80,34.0466728,-117.1758804,413.90,1.50,WIFI
4C:AB:F8:AE:5B:55,SpectrumSetup-57,[WPA2_PSK],2025-12-1 15:59:42,6,-83,34.0466728,-117.1758804,413.90,1.50,WIFI
F8:AA:3F:EC:8D:D3,SpectrumSetup-D1,[WPA2_PSK],2025-12-1 15:59:42,6,-84,34.0466728,-117.1758804,413.90,1.50,WIFI
7C:7E:F9:51:FE:B4,Willow,[WPA2_PSK],2025-12-1 15:59:42,6,-86,34.0466728,-117.1758804,413.90,1.50,WIFI
58:CB:52:AA:BE:9C,Slow Wi-Fi,[WPA2_PSK],2025-12-1 15:59:42,6,-90,34.0466728,-117.1758804,413.90,1.50,WIFI
62:7F:54:D4:5E:01,This is the wifi network-2.4,[WPA2_PSK],2025-12-1 15:59:46,10,-88,34.0467377,-117.1759262,413.40,1.50,WIFI
C8:B8:2F:23:DC:E4,,[WPA3_PSK],2025-12-1 15:59:47,11,-71,34.0467453,-117.1759338,413.30,1.50,WIFI
C8:B8:2F:23:DC:E8,,[OPEN],2025-12-1 15:59:47,11,-73,34.0467453,-117.1759338,413.30,1.50,WIFI
24:F3:E3:5E:18:43,,[WPA3_PSK],2025-12-1 15:59:47,11,-84,34.0467453,-117.1759338,413.30,1.50,WIFI
08:7B:12:66:1E:42,SpectrumSetup-3C,[WPA2_PSK],2025-12-1 15:59:50,1,-67,34.0467911,-117.1759644,413.00,1.50,WIFI
2A:03:EB:5F:09:63,myChevrolet6898,[WPA2_PSK],2025-12-1 15:59:50,1,-82,34.0467911,-117.1759644,413.00,1.50,WIFI
48:A2:E6:D1:72:92,NewThermostat_D17292,[OPEN],2025-12-1 15:59:50,1,-88,34.0467911,-117.1759644,413.00,1.50,WIFI
08:33:ED:D4:8E:08,SpectrumSetup-0A,[WPA2_PSK],2025-12-1 15:59:56,6,-82,34.0468178,-117.1759872,412.80,1.50,WIFI
38:94:ED:5C:9F:E3,BodiNalu,[WPA2_PSK],2025-12-1 15:59:59,9,-90,34.0468521,-117.1760178,412.70,1.50,WIFI
4C:19:5D:04:40:F4,SpectrumSetup-EE,[WPA2_PSK],2025-12-1 16:0:1,11,-73,34.0468559,-117.1760178,412.70,1.50,WIFI
F0:B6:61:BA:E3:27,DSM Home,[WPA2_PSK],2025-12-1 16:0:1,11,-77,34.0468559,-117.1760178,412.70,1.50,WIFI
AC:EC:85:B8:48:84,Frontier5088,[WPA2_PSK],2025-12-1 16:0:1,11,-81,34.0468559,-117.1760178,412.70,1.50,WIFI
AC:EC:85:B8:48:86,,[OPEN],2025-12-1 16:0:1,11,-82,34.0468559,-117.1760178,412.70,1.50,WIFI
2C:67:BE:11:FE:80,DC WIFI,[WPA2_PSK],2025-12-1 16:0:1,11,-84,34.0468559,-117.1760178,412.70,1.50,WIFI
F0:B6:61:AD:E4:A7,DSM Home,[WPA2_PSK],2025-12-1 16:0:1,11,-87,34.0468559,-117.1760178,412.70,1.50,WIFI
F8:AA:3F:CF:0A:97,SpectrumSetup-95,[WPA2_PSK],2025-12-1 16:0:4,1,-70,34.0468559,-117.1760178,412.60,1.50,WIFI
86:52:46:D9:3A:20,,[WPA2_PSK],2025-12-1 16:0:4,1,-82,34.0468559,-117.1760178,412.60,1.50,WIFI
58:9B:4A:AB:8A:02,505,[WPA2_PSK],2025-12-1 16:0:4,1,-87,34.0468559,-117.1760178,412.60,1.50,WIFI
5C:FA:25:CE:CD:DB,SpectrumSetup-D5,[WPA2_PSK],2025-12-1 16:0:4,1,-88,34.0468559,-117.1760178,412.60,1.50,WIFI
12:59:32:C5:05:41,,[WPA2_PSK],2025-12-1 16:0:4,1,-88,34.0468559,-117.1760178,412.60,1.50,WIFI
24:F3:E3:99:FD:06,MrZeroHI,[WPA2_PSK],2025-12-1 16:0:10,6,-85,34.0469017,-117.1760559,412.40,1.50,WIFI
24:F3:E3:99:FD:03,,[WPA3_PSK],2025-12-1 16:0:10,6,-86,34.0469017,-117.1760559,412.40,1.50,WIFI
24:F3:E3:99:FD:09,,[OPEN],2025-12-1 16:0:10,6,-86,34.0469017,-117.1760559,412.40,1.50,WIFI
08:36:C9:83:1E:89,NETGEAR71,[WPA2_PSK],2025-12-1 16:0:11,7,-88,34.0469017,-117.1760559,412.40,1.50,WIFI
72:36:C9:83:1E:8A,NETGEAR71-Guest,[WPA2_PSK],2025-12-1 16:0:11,7,-89,34.0469017,-117.1760559,412.40,1.50,WIFI
C8:7F:54:D4:3A:70,This is the wifi network-2.4,[WPA2_PSK],2025-12-1 16:0:14,10,-86,34.0468979,-117.1760635,412.40,1.50,WIFI
C8:B8:2F:23:DC:E6,Frontier5088,[WPA2_PSK],2025-12-1 16:0:15,11,-76,34.0468979,-117.1760635,412.40,1.50,WIFI
24:F3:E3:5E:18:49,,[OPEN],2025-12-1 16:0:15,11,-76,34.0468979,-117.1760635,412.40,1.50,WIFI
24:F3:E3:5E:18:46,Frontier 605,[WPA2_PSK],2025-12-1 16:0:15,11,-77,34.0468979,-117.1760635,412.40,1.50,WIFI
94:91:7F:3A:7E:2D,MySpectrumWiFi2F-2G,[WPA2_PSK],2025-12-1 16:0:15,11,-79,34.0468979,-117.1760635,412.40,1.50,WIFI
84:70:D7:DC:20:07,DSM Home,[WPA2_PSK],2025-12-1 16:0:15,11,-84,34.0468979,-117.1760635,412.40,1.50,WIFI
D2:CB:BC:8C:4F:01,SBCSS_Redlands,[WPA2_PSK],2025-12-1 16:0:15,11,-88,34.0468979,-117.1760635,412.40,1.50,WIFI
76:52:46:D9:3A:20,,[WPA2_PSK],2025-12-1 16:0:17,1,-81,34.0469131,-117.1760712,412.30,1.50,WIFI
F4:52:46:D9:3A:20,Error,[WPA2_PSK],2025-12-1 16:0:17,1,-82,34.0469131,-117.1760712,412.30,1.50,WIFI
EA:38:83:44:FA:3C,,[WPA2_PSK],2025-12-1 16:0:17,1,-89,34.0469131,-117.1760712,412.30,1.50,WIFI
E4:38:83:44:FA:3C,RL-Office,[WPA2_PSK],2025-12-1 16:0:17,1,-91,34.0469131,-117.1760712,412.30,1.50,WIFI
C8:C6:FE:6B:8B:46,Espiwifi,[WPA2_PSK],2025-12-1 16:0:24,6,-83,34.0469589,-117.1761093,412.20,1.50,WIFI
C8:C6:FE:6B:8B:4F,Espiwifi Guest,[WPA2_PSK],2025-12-1 16:0:24,6,-83,34.0469589,-117.1761093,412.20,1.50,WIFI
F0:B6:61:AD:E4:A4,,[WPA3_PSK],2025-12-1 16:0:29,11,-76,34.0470047,-117.1761475,412.10,1.50,WIFI
F0:81:75:D2:23:B6,MojoDojo Casa House,[WPA2_PSK],2025-12-1 16:0:31,1,-78,34.0470276,-117.1761627,412.10,1.50,WIFI
9A:49:14:DE:2D:55,myChevrolet,[WPA2_PSK],2025-12-1 16:0:31,1,-79,34.0470276,-117.1761627,412.10,1.50,WIFI
44:D4:53:7C:8C:66,SpectrumSetup-60,[WPA2_PSK],2025-12-1 16:0:31,1,-82,34.0470276,-117.1761627,412.10,1.50,WIFI
A0:89:66:94:FD:E8,,[WPA_WPA2_PSK],2025-12-1 16:0:31,1,-85,34.0470276,-117.1761627,412.10,1.50,WIFI
C4:41:1E:4B:6D:38,Linksys08428,[WPA2_PSK],2025-12-1 16:0:35,3,-95,34.0470657,-117.1761932,411.90,1.50,WIFI
F8:5B:3B:25:81:4F,SpectrumSetup-51,[WPA2_PSK],2025-12-1 16:0:38,6,-92,34.0470734,-117.1762009,411.90,1.50,WIFI
AE:AE:19:C8:60:90,,[WPA2_PSK],2025-12-1 16:0:43,11,-74,34.0471230,-117.1762314,411.70,1.50,WIFI
02:9B:CD:06:CD:15,tle64a92-EXT,[WPA2_PSK],2025-12-1 16:0:43,11,-83,34.0471230,-117.1762314,411.70,1.50,WIFI
E4:38:83:4D:DE:0A,RL-Office,[WPA2_PSK],2025-12-1 16:0:43,11,-88,34.0471230,-117.1762314,411.70,1.50,WIFI
B0:95:75:81:91:BB,FiOS-UQ92H_EXT,[WPA_WPA2_PSK],2025-12-1 16:0:43,11,-90,34.0471230,-117.1762314,411.70,1.50,WIFI
EA:38:83:4D:DE:0A,,[WPA2_PSK],2025-12-1 16:0:43,11,-91,34.0471230,-117.1762314,411.70,1.50,WIFI
F4:69:42:B2:B5:C1,SpectrumSetup-C3,[WPA2_PSK],2025-12-1 16:0:45,1,-66,34.0471382,-117.1762466,411.60,1.50,WIFI
DC:92:72:E7:A3:BF,Frontier0204,[WPA2_PSK],2025-12-1 16:0:45,1,-71,34.0471382,-117.1762466,411.60,1.50,WIFI
5C:60:BA:6A:D4:95,DIRECT-94-HP DeskJet 4200 series,[WPA2_PSK],2025-12-1 16:0:45,1,-81,34.0471382,-117.1762466,411.60,1.50,WIFI
72:7F:F0:0A:F9:7B,TP-Link_F978,[WPA2_PSK],2025-12-1 16:0:48,2,-86,34.0471764,-117.1762695,411.40,1.50,WIFI
10:2C:B1:65:EA:4E,,[WPA_WPA2_PSK],2025-12-1 16:0:50,4,-90,34.0471802,-117.1762772,411.30,1.50,WIFI
F0:A8:82:44:92:10,8B5069L9,[WPA2_PSK],2025-12-1 16:0:52,6,-75,34.0471802,-117.1762772,411.30,1.50,WIFI
F0:81:75:F7:69:D6,SpectrumSetup-D0,[WPA2_PSK],2025-12-1 16:0:52,6,-79,34.0471802,-117.1762772,411.30,1.50,WIFI
18:A9:ED:35:02:03,,[WPA3_PSK],2025-12-1 16:0:57,11,-81,34.0472221,-117.1763153,411.20,1.50,WIFI
84:70:D7:DC:20:0A,,[OPEN],2025-12-1 16:0:57,11,-82,34.0472221,-117.1763153,411.20,1.50,WIFI
4C:19:5D:14:3D:F3,RedlandsPD,[WPA2_PSK],2025-12-1 16:0:57,11,-83,34.0472221,-117.1763153,411.20,1.50,WIFI
84:70:D7:DC:20:04,,[WPA3_PSK],2025-12-1 16:0:57,11,-83,34.0472221,-117.1763153,411.20,1.50,WIFI
F0:B6:61:AD:E4:AA,,[OPEN],2025-12-1 16:0:57,11,-85,34.0472221,-117.1763153,411.20,1.50,WIFI
A4:97:33:5F:AC:25,SpectrumSetup-27,[WPA2_PSK],2025-12-1 16:0:57,11,-86,34.0472221,-117.1763153,411.20,1.50,WIFI
E4:8E:10:C4:3F:7C,,[WPA_WPA2_PSK],2025-12-1 16:1:5,5,-89,34.0473137,-117.1763763,411.20,1.50,WIFI
FC:12:63:A1:E0:89,The Haunted Mansion,[WPA2_PSK],2025-12-1 16:1:6,6,-64,34.0473137,-117.1763763,411.30,1.50,WIFI
4C:19:5D:12:27:30,SpectrumSetup-2A,[WPA2_PSK],2025-12-1 16:1:6,6,-86,34.0473137,-117.1763763,411.30,1.50,WIFI
16:EA:14:36:33:E2,BSHHC,[WPA2_WPA3_PSK],2025-12-1 16:1:6,6,-90,34.0473137,-117.1763763,411.30,1.50,WIFI
34:5D:9E:C3:3C:B6,RPS Wireless,[WPA2_PSK],2025-12-1 16:1:13,1,-70,34.0476227,-117.1766129,410.20,1.50,WIFI
C0:89:AB:60:84:78,Frontier1840,[WPA2_PSK],2025-12-1 16:1:13,1,-75,34.0476227,-117.1766129,410.20,1.50,WIFI
12:2C:6B:31:24:FA,SunPower36708,[WPA2_PSK],2025-12-1 16:1:13,1,-76,34.0476227,-117.1766129,410.20,1.50,WIFI
04:B6:BE:8C:F2:EC,,[WPA_WPA2_PSK],2025-12-1 16:1:13,1,-76,34.0476227,-117.1766129,410.20,1.50,WIFI
10:2C:B1:AD:44:B7,,[WPA_WPA2_PSK],2025-12-1 16:1:16,2,-82,34.0478706,-117.1768265,409.00,1.50,WIFI
F4:52:46:1D:B7:11,Silence of the LANs,[WPA2_PSK],2025-12-1 16:1:20,6,-77,34.0482292,-117.1771164,407.40,1.50,WIFI
80:69:1A:95:9D:F5,))),[WPA2_WPA3_PSK],2025-12-1 16:1:21,7,-73,34.0483208,-117.1771927,406.90,1.50,WIFI
86:69:1A:95:9D:F5,,[WPA2_WPA3_PSK],2025-12-1 16:1:21,7,-80,34.0483208,-117.1771927,406.90,1.50,WIFI
60:22:32:E5:EC:AE,MathisDDS,[WPA2_PSK],2025-12-1 16:1:22,8,-68,34.0484161,-117.1772690,406.40,1.50,WIFI
D8:8E:D4:99:BC:E4,,[WPA3_PSK],2025-12-1 16:1:25,11,-61,34.0487137,-117.1775055,404.90,1.50,WIFI
D8:8E:D4:99:BC:EA,,[OPEN],2025-12-1 16:1:25,11,-61,34.0487137,-117.1775055,404.90,1.50,WIFI
D8:8E:D4:9A:7F:87,Ritter G,[WPA2_PSK],2025-12-1 16:1:25,11,-64,34.0487137,-117.1775055,404.90,1.50,WIFI
D8:8E:D4:9A:7F:84,,[WPA3_PSK],2025-12-1 16:1:25,11,-65,34.0487137,-117.1775055,404.90,1.50,WIFI
D8:8E:D4:99:CB:2A,,[OPEN],2025-12-1 16:1:25,11,-70,34.0487137,-117.1775055,404.90,1.50,WIFI
D8:8E:D4:99:CB:24,,[WPA3_PSK],2025-12-1 16:1:25,11,-71,34.0487137,-117.1775055,404.90,1.50,WIFI
D8:8E:D4:99:CB:27,Ritter G,[WPA2_PSK],2025-12-1 16:1:25,11,-76,34.0487137,-117.1775055,404.90,1.50,WIFI
F8:DA:0C:33:86:EA,SETUP,[OPEN],2025-12-1 16:1:25,11,-86,34.0487137,-117.1775055,404.90,1.50,WIFI
DE:B3:70:8C:23:E6,Mathis-Guest,[WPA2_PSK],2025-12-1 16:1:25,11,-88,34.0487137,-117.1775055,404.90,1.50,WIFI
F4:52:46:D9:FE:38,NITOSWUEY2024,[WPA2_PSK],2025-12-1 16:1:26,1,-58,34.0488167,-117.1775818,404.40,1.50,WIFI
2C:EA:DC:98:61:D9,Wifi_Plug,[WPA2_PSK],2025-12-1 16:1:26,1,-65,34.0488167,-117.1775818,404.40,1.50,WIFI
8C:88:26:83:32:04,Udgredlands,[WPA2_PSK],2025-12-1 16:1:26,1,-76,34.0488167,-117.1775818,404.40,1.50,WIFI
E8:AD:A6:5A:06:8E,MySpectrumWiFi88-2G,[WPA2_PSK],2025-12-1 16:1:26,1,-80,34.0488167,-117.1775818,404.40,1.50,WIFI
38:17:B1:56:47:D0,SpectrumSetup-CA,[WPA2_PSK],2025-12-1 16:1:26,1,-82,34.0488167,-117.1775818,404.40,1.50,WIFI
C0:89:AB:37:50:00,Udgredlands,[WPA2_PSK],2025-12-1 16:1:26,1,-83,34.0488167,-117.1775818,404.40,1.50,WIFI
50:65:F3:E9:C8:AE,DIRECT-AD-HP ENVY 5660 series,[WPA2_PSK],2025-12-1 16:1:26,1,-84,34.0488167,-117.1775818,404.40,1.50,WIFI
E4:F4:C6:1B:72:B5,NETGEAR81,[WPA2_PSK],2025-12-1 16:1:30,2,-60,34.0492249,-117.1779022,402.30,1.50,WIFI
72:CD:D6:C4:99:1E,Bestill,[WPA2_PSK],2025-12-1 16:1:31,3,-72,34.0493279,-117.1779938,401.80,1.50,WIFI
72:CD:D6:C0:91:A9,Bestill,[WPA2_PSK],2025-12-1 16:1:31,3,-74,34.0493279,-117.1779938,401.80,1.50,WIFI
76:CD:D6:C4:99:1E,,[WPA2_PSK],2025-12-1 16:1:31,3,-76,34.0493279,-117.1779938,401.80,1.50,WIFI
7A:DA:88:E4:5E:D6,GreatHall,[WPA_WPA2_PSK],2025-12-1 16:1:32,4,-82,34.0494308,-117.1780701,401.30,1.50,WIFI
7E:DA:88:E4:5E:D6,,[WPA2_PSK],2025-12-1 16:1:32,4,-84,34.0494308,-117.1780701,401.30,1.50,WIFI
32:68:93:C2:59:1E,Mt San Jacinto_Guest,[WPA2_PSK],2025-12-1 16:1:33,5,-83,34.0495338,-117.1781464,400.80,1.50,WIFI
30:68:93:C2:59:1E,,[WPA_WPA2_PSK],2025-12-1 16:1:33,5,-84,34.0495338,-117.1781464,400.80,1.50,WIFI
32:68:93:A2:59:1E,Mt San Jacinto,[WPA2_PSK],2025-12-1 16:1:33,5,-84,34.0495338,-117.1781464,400.80,1.50,WIFI
74:FE:CE:FC:4C:3A,Mt San Jacinto,[WPA2_PSK],2025-12-1 16:1:33,5,-87,34.0495338,-117.1781464,400.80,1.50,WIFI
64:C2:69:C4:DC:A3,,[WPA3_PSK],2025-12-1 16:1:34,6,-67,34.0496254,-117.1782227,400.40,1.50,WIFI
64:C2:69:C4:DC:A7,,[OPEN],2025-12-1 16:1:34,6,-67,34.0496254,-117.1782227,400.40,1.50,WIFI
74:93:DA:1D:3A:99,SpectrumSetup-9B,[WPA2_PSK],2025-12-1 16:1:34,6,-68,34.0496254,-117.1782227,400.40,1.50,WIFI
30:3A:4A:DB:B0:63,,[WPA3_PSK],2025-12-1 16:1:34,6,-71,34.0496254,-117.1782227,400.40,1.50,WIFI
30:3A:4A:DB:B0:67,,[OPEN],2025-12-1 16:1:34,6,-71,34.0496254,-117.1782227,400.40,1.50,WIFI
30:3A:4A:DB:B0:65,McLinsky,[WPA2_PSK],2025-12-1 16:1:34,6,-71,34.0496254,-117.1782227,400.40,1.50,WIFI
64:C2:69:C4:DC:A5,McLinsky,[WPA2_PSK],2025-12-1 16:1:34,6,-72,34.0496254,-117.1782227,400.40,1.50,WIFI
30:3A:4A:E2:D2:C7,,[OPEN],2025-12-1 16:1:34,6,-81,34.0496254,-117.1782227,400.40,1.50,WIFI
30:3A:4A:E2:D2:C5,McLinsky,[WPA2_PSK],2025-12-1 16:1:34,6,-81,34.0496254,-117.1782227,400.40,1.50,WIFI
20:3A:0C:2D:27:89,,[OPEN],2025-12-1 16:1:34,6,-81,34.0496254,-117.1782227,400.40,1.50,WIFI
30:3A:4A:E2:D2:C3,,[WPA3_PSK],2025-12-1 16:1:34,6,-82,34.0496254,-117.1782227,400.40,1.50,WIFI
1A:EA:14:36:2F:DA,,[WPA2_PSK],2025-12-1 16:1:34,6,-83,34.0496254,-117.1782227,400.40,1.50,WIFI
12:EA:14:36:2F:DA,BrightSkyGuest,[WPA2_WPA3_PSK],2025-12-1 16:1:34,6,-86,34.0496254,-117.1782227,400.40,1.50,WIFI
12:36:C9:85:79:8E,4611810-Guest,[WPA2_PSK],2025-12-1 16:1:37,8,-91,34.0498772,-117.1784210,399.30,1.50,WIFI
34:53:D2:B6:1F:12,Nostromo,[WPA2_PSK],2025-12-1 16:1:40,11,-60,34.0500488,-117.1785583,398.10,1.50,WIFI
CC:40:D0:0F:75:7C,NETGEAR,[OPEN],2025-12-1 16:1:40,11,-64,34.0500488,-117.1785583,398.10,1.50,WIFI
FC:3D:73:B2:1D:CF,HudHome-Guest,[WPA2_PSK],2025-12-1 16:1:40,11,-77,34.0500488,-117.1785583,398.10,1.50,WIFI
FC:3D:73:AF:2F:06,HudHome,[WPA2_PSK],2025-12-1 16:1:40,11,-78,34.0500488,-117.1785583,398.10,1.50,WIFI
FC:3D:73:B2:1D:C6,HudHome,[WPA2_PSK],2025-12-1 16:1:40,11,-78,34.0500488,-117.1785583,398.10,1.50,WIFI
FC:3D:73:AF:2F:0F,HudHome-Guest,[WPA2_PSK],2025-12-1 16:1:40,11,-80,34.0500488,-117.1785583,398.10,1.50,WIFI
FC:3D:73:AF:2F:03,,[WPA3_PSK],2025-12-1 16:1:40,11,-81,34.0500488,-117.1785583,398.10,1.50,WIFI
F0:21:E0:D5:0E:48,,[OPEN],2025-12-1 16:1:40,11,-85,34.0500488,-117.1785583,398.10,1.50,WIFI
FC:3D:73:BD:88:06,HudHome,[WPA2_PSK],2025-12-1 16:1:40,11,-86,34.0500488,-117.1785583,398.10,1.50,WIFI
F0:21:E0:D5:0E:44,,[WPA3_PSK],2025-12-1 16:1:40,11,-86,34.0500488,-117.1785583,398.10,1.50,WIFI
F0:21:E0:D5:0E:46,Otiniano_1,[WPA2_PSK],2025-12-1 16:1:40,11,-88,34.0500488,-117.1785583,398.10,1.50,WIFI
34:53:D2:3E:A4:DE,SpectrumSetup-D8,[WPA2_PSK],2025-12-1 16:1:40,1,-67,34.0500488,-117.1785583,398.10,1.50,WIFI
FC:3D:73:BC:EC:C6,Verizon_L43PC4,[WPA2_PSK],2025-12-1 16:1:40,1,-68,34.0500488,-117.1785583,398.10,1.50,WIFI
FC:3D:73:BC:EC:C3,,[WPA3_PSK],2025-12-1 16:1:40,1,-68,34.0500488,-117.1785583,398.10,1.50,WIFI
FC:3D:73:BC:EC:C9,,[OPEN],2025-12-1 16:1:40,1,-68,34.0500488,-117.1785583,398.10,1.50,WIFI
14:C0:3E:ED:E0:F8,Frontier3360,[WPA2_PSK],2025-12-1 16:1:40,1,-70,34.0500488,-117.1785583,398.10,1.50,WIFI
46:24:CE:03:DE:6C,,[WPA2_PSK],2025-12-1 16:1:40,1,-74,34.0500488,-117.1785583,398.10,1.50,WIFI
88:EF:16:E9:16:08,Mount San Gorgonio,[WPA2_PSK],2025-12-1 16:1:40,1,-84,34.0500488,-117.1785583,398.10,1.50,WIFI
48:5D:36:0E:EC:B6,FiOS-DS5HO,[WPA2_PSK],2025-12-1 16:1:40,1,-85,34.0500488,-117.1785583,398.10,1.50,WIFI
7A:CD:D6:C0:91:A9,Bestill-Guest,[WPA2_PSK],2025-12-1 16:1:46,3,-69,34.0501175,-117.1786118,397.80,1.50,WIFI
76:CD:D6:C0:91:A9,,[WPA2_PSK],2025-12-1 16:1:46,3,-71,34.0501175,-117.1786118,397.80,1.50,WIFI
7A:CD:D6:C4:99:1E,Bestill-Guest,[WPA2_PSK],2025-12-1 16:1:46,3,-73,34.0501175,-117.1786118,397.80,1.50,WIFI
7A:CD:D6:C4:99:48,Bestill-Guest,[WPA2_PSK],2025-12-1 16:1:46,3,-86,34.0501175,-117.1786118,397.80,1.50,WIFI
7E:DA:88:96:D4:82,,[WPA2_PSK],2025-12-1 16:1:47,4,-95,34.0501175,-117.1786118,397.80,1.50,WIFI
7A:FE:CE:FC:4C:3A,Mt San Jacinto_Guest,[WPA2_PSK],2025-12-1 16:1:48,5,-70,34.0501175,-117.1786118,397.70,1.50,WIFI
7E:FE:CE:FC:4C:3A,,[WPA2_PSK],2025-12-1 16:1:48,5,-71,34.0501175,-117.1786118,397.70,1.50,WIFI
74:FE:CE:FC:18:7A,Mt San Jacinto,[WPA2_PSK],2025-12-1 16:1:48,5,-74,34.0501175,-117.1786118,397.70,1.50,WIFI
7A:FE:CE:FC:18:7A,Mt San Jacinto_Guest,[WPA2_PSK],2025-12-1 16:1:48,5,-75,34.0501175,-117.1786118,397.70,1.50,WIFI
7E:57:58:02:47:3C,DIRECT-3C-HP OfficeJet Pro 8020,[WPA2_PSK],2025-12-1 16:1:48,5,-83,34.0501175,-117.1786118,397.70,1.50,WIFI
1A:C0:E2:63:9D:93,SpectrumSetup-90,[WPA2_PSK],2025-12-1 16:1:49,6,-80,34.0501175,-117.1786118,397.70,1.50,WIFI
64:C2:69:87:45:E7,,[OPEN],2025-12-1 16:1:49,6,-81,34.0501175,-117.1786118,397.70,1.50,WIFI
64:C2:69:87:45:E5,Bicentennial94,[WPA2_PSK],2025-12-1 16:1:49,6,-83,34.0501175,-117.1786118,397.70,1.50,WIFI
5A:E4:03:0B:ED:3F,myChevrolet ED3F,[WPA2_PSK],2025-12-1 16:1:50,7,-83,34.0501175,-117.1786118,397.70,1.50,WIFI
F4:05:95:AB:FA:BF,SpectrumSetup-B9,[WPA2_PSK],2025-12-1 16:1:56,1,-61,34.0501175,-117.1786118,397.80,1.50,WIFI
3A:9D:92:A3:CC:7B,DIRECT-92A34C7B,[WPA2_PSK],2025-12-1 16:1:56,1,-89,34.0501175,-117.1786118,397.80,1.50,WIFI
E4:C0:E2:63:33:D6,SpectrumSetup-D0,[WPA2_PSK],2025-12-1 16:1:56,1,-94,34.0501175,-117.1786118,397.80,1.50,WIFI
74:DA:88:96:E4:6E,TrinityChurch,[WPA_WPA2_PSK],2025-12-1 16:2:1,4,-89,34.0501175,-117.1786194,398.00,1.50,WIFI
7E:FE:CE:FC:18:7A,,[WPA2_PSK],2025-12-1 16:2:2,5,-74,34.0501175,-117.1786194,398.10,1.50,WIFI
64:C2:69:87:45:E3,,[WPA3_PSK],2025-12-1 16:2:3,6,-83,34.0501175,-117.1786194,398.10,1.50,WIFI
00:18:BA:89:A0:70,,[WEP],2025-12-1 16:2:6,9,-89,34.0501175,-117.1786194,398.20,1.50,WIFI
30:68:93:A9:6F:92,redpod,[WPA2_WPA3_PSK],2025-12-1 16:2:7,10,-82,34.0501213,-117.1786194,398.20,1.50,WIFI
36:68:93:A9:6F:92,,[WPA2_PSK],2025-12-1 16:2:7,10,-82,34.0501213,-117.1786194,398.20,1.50,WIFI
E0:46:EE:32:F0:80,NakedNeighbors,[WPA2_PSK],2025-12-1 16:2:7,10,-88,34.0501213,-117.1786194,398.20,1.50,WIFI
6C:5A:B0:17:2F:06,The Clap,[WPA2_PSK],2025-12-1 16:2:7,10,-91,34.0501213,-117.1786194,398.20,1.50,WIFI
DE:07:B6:E9:D0:0A,,[WPA2_PSK],2025-12-1 16:2:7,10,-91,34.0501213,-117.1786194,398.20,1.50,WIFI
22:3E:A4:0A:1D:75,,[WPA2_PSK],2025-12-1 16:2:8,11,-78,34.0501289,-117.1786270,398.20,1.50,WIFI
DA:31:34:25:D2:17,,[WPA2_PSK],2025-12-1 16:2:8,11,-82,34.0501289,-117.1786270,398.20,1.50,WIFI
20:3A:0C:C7:2C:83,,[WPA3_PSK],2025-12-1 16:2:8,11,-87,34.0501289,-117.1786270,398.20,1.50,WIFI
22:3E:A4:0A:E7:23,,[WPA2_PSK],2025-12-1 16:2:8,11,-93,34.0501289,-117.1786270,398.20,1.50,WIFI
36:68:93:A9:6A:0A,,[WPA2_PSK],2025-12-1 16:2:14,3,-80,34.0503845,-117.1788177,397.10,1.75,WIFI
74:DA:88:96:E3:AA,TrinityChurch,[WPA_WPA2_PSK],2025-12-1 16:2:15,4,-89,34.0504532,-117.1788712,396.90,1.75,WIFI
36:68:93:A9:6A:22,,[WPA2_PSK],2025-12-1 16:2:17,6,-79,34.0505981,-117.1789932,396.10,1.75,WIFI
FA:8F:CA:3F:4F:3B,Recruiting TV.v_,[OPEN],2025-12-1 16:2:17,6,-83,34.0505981,-117.1789932,396.10,1.75,WIFI
44:D4:53:7C:8D:56,SpectrumSetup-50,[WPA2_PSK],2025-12-1 16:2:17,6,-83,34.0505981,-117.1789932,396.10,1.75,WIFI
30:68:93:A9:6A:22,redpod,[WPA2_WPA3_PSK],2025-12-1 16:2:17,6,-83,34.0505981,-117.1789932,396.10,1.75,WIFI
F4:52:46:C2:4C:CA,Leopop,[WPA2_PSK],2025-12-1 16:2:17,6,-87,34.0505981,-117.1789932,396.10,1.75,WIFI
6C:CD:D6:F1:F7:0C,NETGEAR66,[WPA2_PSK],2025-12-1 16:2:19,8,-80,34.0507584,-117.1791229,395.30,1.75,WIFI
24:2F:D0:27:89:D4,decco5,[WPA2_PSK],2025-12-1 16:2:19,8,-92,34.0507584,-117.1791229,395.30,1.75,WIFI
AA:43:A4:78:C4:A5,ZMD_SAP,[OPEN],2025-12-1 16:2:21,10,-76,34.0509338,-117.1792603,394.50,1.75,WIFI
E2:75:26:5A:8E:B5,ZMD_SAP,[OPEN],2025-12-1 16:2:21,10,-85,34.0509338,-117.1792603,394.50,1.75,WIFI
9C:A5:70:4E:68:E5,Sweetlee,[WPA2_PSK],2025-12-1 16:2:22,11,-70,34.0510216,-117.1793365,394.10,1.75,WIFI
9C:0B:05:9C:65:6A,,[OPEN],2025-12-1 16:2:22,11,-70,34.0510216,-117.1793365,394.10,1.75,WIFI
9C:0B:05:9C:65:64,,[WPA3_PSK],2025-12-1 16:2:22,11,-71,34.0510216,-117.1793365,394.10,1.75,WIFI
9C:0B:05:9C:65:67,Otiniano_1,[WPA2_PSK],2025-12-1 16:2:22,11,-71,34.0510216,-117.1793365,394.10,1.75,WIFI
9A:49:14:DE:1F:A8,bebesota,[WPA2_PSK],2025-12-1 16:2:22,11,-77,34.0510216,-117.1793365,394.10,1.75,WIFI
60:F4:19:76:04:C3,,[WPA3_PSK],2025-12-1 16:2:22,11,-77,34.0510216,-117.1793365,394.10,1.75,WIFI
60:F4:19:76:04:C9,,[OPEN],2025-12-1 16:2:22,11,-78,34.0510216,-117.1793365,394.10,1.75,WIFI
F0:B6:61:AA:DA:AA,,[OPEN],2025-12-1 16:2:22,11,-79,34.0510216,-117.1793365,394.10,1.75,WIFI
34:68:95:FA:74:C1,MONEY,[WPA2_PSK],2025-12-1 16:2:22,11,-79,34.0510216,-117.1793365,394.10,1.75,WIFI
58:CB:52:BB:A4:E0,One router to rule them all,[WPA2_PSK],2025-12-1 16:2:22,11,-79,34.0510216,-117.1793365,394.10,1.75,WIFI
9C:A5:70:4E:68:E3,,[WPA3_PSK],2025-12-1 16:2:22,11,-80,34.0510216,-117.1793365,394.10,1.75,WIFI
9C:A5:70:4E:68:E7,,[OPEN],2025-12-1 16:2:22,11,-80,34.0510216,-117.1793365,394.10,1.75,WIFI
A8:11:FC:B8:B1:58,Frontier2848,[WPA2_PSK],2025-12-1 16:2:22,11,-81,34.0510216,-117.1793365,394.10,1.75,WIFI
A4:9B:CD:ED:6D:26,WLANs01,[WPA2_PSK],2025-12-1 16:2:22,11,-84,34.0510216,-117.1793365,394.10,1.75,WIFI
A4:9B:CD:ED:6D:27,Guest-access,[OPEN],2025-12-1 16:2:22,11,-84,34.0510216,-117.1793365,394.10,1.75,WIFI
A4:9B:CD:ED:6D:25,,[WPA2],2025-12-1 16:2:22,11,-85,34.0510216,-117.1793365,394.10,1.75,WIFI
84:69:93:EE:60:B6,DIRECT-B5-HP OfficeJet Pro 6970,[WPA2_PSK],2025-12-1 16:2:22,11,-88,34.0510216,-117.1793365,394.10,1.75,WIFI
B0:BB:E5:28:C1:6E,GMoney,[WPA2_PSK],2025-12-1 16:2:23,1,-74,34.0511169,-117.1794128,393.70,1.75,WIFI
30:60:0A:25:3B:B4,,[WPA_WPA2_PSK],2025-12-1 16:2:23,1,-84,34.0511169,-117.1794128,393.70,1.75,WIFI
84:70:51:0C:44:5E,CarPlay_445e,[WPA2_PSK],2025-12-1 16:2:23,1,-86,34.0511169,-117.1794128,393.70,1.75,WIFI
34:98:B5:96:3E:7D,ShoOtingStar,[WPA2_PSK],2025-12-1 16:2:29,3,-65,34.0517044,-117.1798706,391.60,1.75,WIFI
C4:04:15:1E:15:0F,TheMissionRedlands,[WPA2_PSK],2025-12-1 16:2:29,3,-68,34.0517044,-117.1798706,391.60,1.75,WIFI
8E:25:4A:65:8A:2F,rockys castle ,[WPA2_PSK],2025-12-1 16:2:29,3,-80,34.0517044,-117.1798706,391.60,1.75,WIFI
8E:25:4A:65:8A:2E,,[WPA2_PSK],2025-12-1 16:2:29,3,-84,34.0517044,-117.1798706,391.60,1.75,WIFI
8E:25:4A:65:8A:28,rockys castle _Guest,[WPA2_PSK],2025-12-1 16:2:29,3,-85,34.0517044,-117.1798706,391.60,1.75,WIFI
AC:DF:9F:5C:1D:16,TheShadowRealm,[WPA2_WPA3_PSK],2025-12-1 16:2:30,4,-66,34.0517998,-117.1799545,391.30,1.75,WIFI
AE:DF:9F:7C:1D:16,,[WPA2_WPA3_PSK],2025-12-1 16:2:30,4,-68,34.0517998,-117.1799545,391.30,1.75,WIFI
10:0C:6B:16:A8:8B,JD22,[WPA2_PSK],2025-12-1 16:2:30,4,-83,34.0517998,-117.1799545,391.30,1.75,WIFI
5E:F3:70:C2:A9:BF,DIRECT-fv-ADS-3300W_BRa9bf,[WPA2_PSK],2025-12-1 16:2:32,6,-68,34.0519829,-117.1800995,390.70,1.75,WIFI
DC:F5:1B:55:C7:C1,Verizon_GQD394,[WPA2_PSK],2025-12-1 16:2:32,6,-69,34.0519829,-117.1800995,390.70,1.75,WIFI
80:B9:7A:F0:7B:15,,[OPEN],2025-12-1 16:2:32,6,-73,34.0519829,-117.1800995,390.70,1.75,WIFI
80:B9:7A:F0:7B:13,scgisintl2g,[WPA2_PSK],2025-12-1 16:2:32,6,-73,34.0519829,-117.1800995,390.70,1.75,WIFI
80:B9:7A:F0:7B:11,,[WPA3_PSK],2025-12-1 16:2:32,6,-74,34.0519829,-117.1800995,390.70,1.75,WIFI
4C:AB:F8:47:7A:0D,SpectrumSetup-0F,[WPA2_PSK],2025-12-1 16:2:32,6,-78,34.0519829,-117.1800995,390.70,1.75,WIFI
80:CC:9C:3E:9B:71,VIGILANS,[WPA2_PSK],2025-12-1 16:2:35,9,-73,34.0522575,-117.1803055,389.70,1.75,WIFI
6C:CD:D6:D4:B3:58,VIGILANS,[WPA2_PSK],2025-12-1 16:2:35,9,-79,34.0522575,-117.1803055,389.70,1.75,WIFI
3E:94:ED:58:1D:17,,[WPA2_PSK],2025-12-1 16:2:36,10,-62,34.0523415,-117.1803665,389.50,1.75,WIFI
3E:94:ED:69:56:D4,Primemill,[WPA2_PSK],2025-12-1 16:2:36,10,-64,34.0523415,-117.1803665,389.50,1.75,WIFI
38:94:ED:69:57:9C,,[WPA2_PSK],2025-12-1 16:2:36,10,-67,34.0523415,-117.1803665,389.50,1.75,WIFI
38:94:ED:69:56:D4,,[WPA2_PSK],2025-12-1 16:2:36,10,-69,34.0523415,-117.1803665,389.50,1.75,WIFI
38:94:ED:58:1D:17,Primemill,[WPA2_PSK],2025-12-1 16:2:36,10,-74,34.0523415,-117.1803665,389.50,1.75,WIFI
3E:94:ED:69:57:9C,Primemill,[WPA2_PSK],2025-12-1 16:2:36,10,-75,34.0523415,-117.1803665,389.50,1.75,WIFI
3C:52:82:1F:FF:B7,DIRECT-B6-HP ENVY 7640 series,[WPA2_PSK],2025-12-1 16:2:37,11,-60,34.0524101,-117.1804352,389.20,1.75,WIFI
C4:A8:16:0E:4D:05,,[WPA3_PSK],2025-12-1 16:2:37,11,-71,34.0524101,-117.1804352,389.20,1.75,WIFI
C4:A8:16:0E:4D:0B,,[OPEN],2025-12-1 16:2:37,11,-71,34.0524101,-117.1804352,389.20,1.75,WIFI
C4:A8:16:0E:4D:08,MySkincareStudio,[WPA2_PSK],2025-12-1 16:2:37,11,-71,34.0524101,-117.1804352,389.20,1.75,WIFI
30:0E:B8:25:39:F8,CAR-4504,[WPA2_PSK],2025-12-1 16:2:37,11,-72,34.0524101,-117.1804352,389.20,1.75,WIFI
4C:19:5D:92:F9:43,SpectrumSetup-3D,[WPA2_PSK],2025-12-1 16:2:37,11,-75,34.0524101,-117.1804352,389.20,1.75,WIFI
A0:64:8F:EA:53:71,MySpectrumWiFi73-2G,[WPA2_PSK],2025-12-1 16:2:37,11,-81,34.0524101,-117.1804352,389.20,1.75,WIFI
F0:9F:C2:A4:48:B1,2peasinapod,[WPA2_PSK],2025-12-1 16:2:37,11,-84,34.0524101,-117.1804352,389.20,1.75,WIFI
30:93:BC:7E:A2:CE,VigilansHH-2G,[WPA2_PSK],2025-12-1 16:2:37,11,-87,34.0524101,-117.1804352,389.20,1.75,WIFI
40:2B:50:89:90:08,Frontier3968,[WPA2_PSK],2025-12-1 16:2:37,11,-91,34.0524101,-117.1804352,389.20,1.75,WIFI
84:78:48:BC:CF:E2,,[WPA2_PSK],2025-12-1 16:2:37,11,-93,34.0524101,-117.1804352,389.20,1.75,WIFI
C8:C6:FE:26:14:06,Lil Wills,[WPA2_PSK],2025-12-1 16:2:40,1,-73,34.0525513,-117.1805115,389.00,1.75,WIFI
62:62:8B:42:B2:68,Paulson Ortho-guest,[WPA2_PSK],2025-12-1 16:2:42,2,-71,34.0525932,-117.1805267,388.50,1.75,WIFI
B2:8B:A9:9D:09:AB,,[WPA2_PSK],2025-12-1 16:2:46,6,-69,34.0526161,-117.1805496,388.20,1.75,WIFI
E0:88:5D:67:55:EB,TC8715DE5,[WPA2_PSK],2025-12-1 16:2:46,6,-70,34.0526161,-117.1805496,388.20,1.75,WIFI
AC:8B:A9:9D:09:AB,Cajon Dental,[WPA2_PSK],2025-12-1 16:2:46,6,-70,34.0526161,-117.1805496,388.20,1.75,WIFI
AC:8B:A9:9D:28:94,Cajon Dental,[WPA2_PSK],2025-12-1 16:2:46,6,-78,34.0526161,-117.1805496,388.20,1.75,WIFI
0E:AB:F8:46:45:29,,[WPA2_PSK],2025-12-1 16:2:46,6,-78,34.0526161,-117.1805496,388.20,1.75,WIFI
FA:8F:CA:3E:46:B3,Chromecast2909,[OPEN],2025-12-1 16:2:46,6,-83,34.0526161,-117.1805496,388.20,1.75,WIFI
18:1B:EB:46:49:49,76WJ8,[WPA2_PSK],2025-12-1 16:2:46,6,-90,34.0526161,-117.1805496,388.20,1.75,WIFI
F4:52:46:A3:DB:5E,SpectrumSetup-DB61,[WPA2_PSK],2025-12-1 16:2:51,11,-74,34.0526199,-117.1805496,388.00,1.75,WIFI
86:78:48:9C:CF:E2,Redlands_Baptist,[WPA2_PSK],2025-12-1 16:2:51,11,-85,34.0526199,-117.1805496,388.00,1.75,WIFI
C8:C6:FE:26:14:09,,[OPEN],2025-12-1 16:2:54,1,-70,34.0526199,-117.1805496,388.00,1.75,WIFI
C8:C6:FE:26:14:03,,[WPA3_PSK],2025-12-1 16:2:54,1,-71,34.0526199,-117.1805496,388.00,1.75,WIFI
6C:AE:F6:3E:DC:E3,,[WPA3_PSK],2025-12-1 16:2:54,1,-78,34.0526199,-117.1805496,388.00,1.75,WIFI
6C:AE:F6:3E:DC:E6,FBCR_Sanctuary,[WPA2_PSK],2025-12-1 16:2:54,1,-78,34.0526199,-117.1805496,388.00,1.75,WIFI
86:25:4A:65:8A:25,rockys castle ,[WPA2_PSK],2025-12-1 16:2:57,3,-86,34.0526199,-117.1805496,388.10,1.75,WIFI
86:25:4A:65:8A:26,rockys castle _Guest,[WPA2_PSK],2025-12-1 16:2:57,3,-88,34.0526199,-117.1805496,388.10,1.75,WIFI
60:F4:19:59:BB:E9,,[OPEN],2025-12-1 16:3:0,6,-75,34.0526199,-117.1805573,388.00,1.75,WIFI
60:F4:19:59:BB:E6,Sabs,[WPA2_PSK],2025-12-1 16:3:0,6,-76,34.0526199,-117.1805573,388.00,1.75,WIFI
4C:AB:F8:46:45:29,Pharmacy,[WPA2_PSK],2025-12-1 16:3:0,6,-79,34.0526199,-117.1805573,388.00,1.75,WIFI
FC:12:63:82:53:1D,SpectrumSetup-1F,[WPA2_PSK],2025-12-1 16:3:0,6,-90,34.0526199,-117.1805573,388.00,1.75,WIFI
C2:4C:77:EE:F8:AA,SpectrumSetup-A9,[WPA2_PSK],2025-12-1 16:3:5,11,-84,34.0526237,-117.1805573,387.90,1.75,WIFI
06:EC:DA:BA:45:FA,,[WPA2_PSK],2025-12-1 16:3:5,11,-90,34.0526237,-117.1805573,387.90,1.75,WIFI
86:78:48:9A:4B:CA,FCC Guest,[WPA2_PSK],2025-12-1 16:3:5,11,-93,34.0526237,-117.1805573,387.90,1.75,WIFI
6C:AE:F6:3E:DC:E9,,[OPEN],2025-12-1 16:3:8,1,-78,34.0526237,-117.1805573,387.80,1.75,WIFI
B8:82:F2:15:FC:5A,Kodak Residence,[WPA2_PSK],2025-12-1 16:3:8,1,-82,34.0526237,-117.1805573,387.80,1.75,WIFI
B2:8B:A9:9D:28:94,,[WPA2_PSK],2025-12-1 16:3:15,6,-77,34.0526199,-117.1805573,387.70,1.75,WIFI
B6:8B:A9:D6:81:D5,WB-IO,[WPA2_PSK],2025-12-1 16:3:15,6,-87,34.0526199,-117.1805573,387.70,1.75,WIFI
3C:52:A1:90:5F:EE,Paulson Ortho,[WPA2_PSK],2025-12-1 16:3:19,10,-84,34.0526199,-117.1805573,387.70,1.75,WIFI
5C:62:8B:42:B2:68,Paulson Ortho,[WPA2_PSK],2025-12-1 16:3:25,2,-76,34.0526199,-117.1805573,387.70,1.75,WIFI
66:62:8B:42:B2:68,,[WPA2_PSK],2025-12-1 16:3:25,2,-76,34.0526199,-117.1805573,387.70,1.75,WIFI
6A:62:8B:42:B2:68,Paulson Ortho_MLO,[WPA3_PSK],2025-12-1 16:3:25,2,-76,34.0526199,-117.1805573,387.70,1.75,WIFI
E8:D2:FF:B2:A7:5E,SpectrumSetup-58,[WPA2_PSK],2025-12-1 16:3:29,6,-92,34.0526199,-117.1805573,387.70,1.75,WIFI
60:F4:19:59:BB:E3,,[WPA3_PSK],2025-12-1 16:3:43,6,-74,34.0526199,-117.1805573,387.50,1.75,WIFI
FA:8F:CA:5A:A5:FF,Master bedroom speaker.l057_,[OPEN],2025-12-1 16:3:43,6,-86,34.0526199,-117.1805573,387.50,1.75,WIFI
42:52:A1:90:5F:EE,Paulson Ortho-guest,[WPA2_PSK],2025-12-1 16:3:47,10,-85,34.0526199,-117.1805573,387.40,1.75,WIFI
4A:52:A1:90:5F:EE,Paulson Ortho_MLO,[WPA3_PSK],2025-12-1 16:3:47,10,-87,34.0526199,-117.1805573,387.40,1.75,WIFI
F8:E4:FB:D0:22:DB,,[OPEN],2025-12-1 16:3:51,1,-92,34.0526199,-117.1805573,387.40,1.75,WIFI
A4:13:4E:6F:1E:71,FBCR_AP,[WPA_PSK],2025-12-1 16:3:57,6,-91,34.0526199,-117.1805573,387.40,1.75,WIFI
02:EC:DA:BA:45:FA,WANG GUEST,[WPA2_PSK],2025-12-1 16:4:2,11,-89,34.0526199,-117.1805573,387.40,1.75,WIFI
FC:EC:DA:BA:45:FA,WANGDDS,[WPA2_PSK],2025-12-1 16:4:2,11,-90,34.0526199,-117.1805573,387.40,1.75,WIFI
4C:19:5D:B4:57:48,SpectrumSetup-42,[WPA2_PSK],2025-12-1 16:4:5,1,-89,34.0526199,-117.1805573,387.40,1.75,WIFI
5C:62:8B:42:B8:C8,Paulson Ortho,[WPA2_PSK],2025-12-1 16:4:7,2,-87,34.0526199,-117.1805573,387.40,1.75,WIFI
62:62:8B:42:B8:C8,Paulson Ortho-guest,[WPA2_PSK],2025-12-1 16:4:7,2,-87,34.0526199,-117.1805573,387.40,1.75,WIFI
6A:62:8B:42:B8:C8,Paulson Ortho_MLO,[WPA3_PSK],2025-12-1 16:4:7,2,-88,34.0526199,-117.1805573,387.40,1.75,WIFI
86:25:4A:65:8A:24,,[WPA2_PSK],2025-12-1 16:4:8,3,-87,34.0526199,-117.1805573,387.40,1.75,WIFI
6C:CD:D6:C7:24:7E,,[WPA2_PSK],2025-12-1 16:4:8,3,-91,34.0526199,-117.1805573,387.40,1.75,WIFI
00:54:AF:3E:4C:DB,Hotspot4CDB,[WPA_WPA2_PSK],2025-12-1 16:4:13,8,-85,34.0526199,-117.1805573,387.30,1.75,WIFI
CE:C0:79:52:E3:93,DIRECT-9I-Car_b304,[WPA2_PSK],2025-12-1 16:4:19,1,-76,34.0526199,-117.1805573,387.30,1.75,WIFI
66:62:8B:42:B8:C8,,[WPA2_PSK],2025-12-1 16:4:21,2,-83,34.0526237,-117.1805573,387.20,1.75,WIFI
B2:8B:A9:D6:81:D5,CajonSt,[WPA2_PSK],2025-12-1 16:4:39,6,-88,34.0526237,-117.1805573,387.10,1.75,WIFI
BE:75:36:2A:29:99,myChevrolet,[WPA2_PSK],2025-12-1 16:4:47,1,-79,34.0526237,-117.1805573,387.10,1.75,WIFI
7A:CD:D6:C7:24:7E,ORBI38-IoT,[WPA2_PSK],2025-12-1 16:4:50,3,-88,34.0526237,-117.1805573,387.10,1.75,WIFI
A0:89:66:E1:BA:3C,,[WPA_WPA2_PSK],2025-12-1 16:5:1,1,-83,34.0526237,-117.1805573,387.10,1.75,WIFI
24:1F:BD:D3:20:C0,VL Wifi,[WPA_WPA2_PSK],2025-12-1 16:5:7,6,-83,34.0526237,-117.1805573,387.10,1.75,WIFI
AC:8B:A9:D6:81:D5,WBnet,[WPA2_PSK],2025-12-1 16:5:7,6,-88,34.0526237,-117.1805573,387.10,1.75,WIFI
76:CD:D6:C7:24:7E,NETGEAR-Guest,[WPA2_PSK],2025-12-1 16:5:18,3,-90,34.0526237,-117.1805573,387.20,1.75,WIFI
A4:13:4E:6F:1E:72,FBCR_Guest Wifi,[WPA_PSK],2025-12-1 16:5:35,6,-91,34.0526237,-117.1805573,387.30,1.75,WIFI
08:33:ED:FA:6B:C9,Greengal,[WPA2_PSK],2025-12-1 16:6:24,1,-89,34.0526237,-117.1805573,387.50,1.75,WIFI
3C:6A:D2:40:00:82,INMED,[WPA2_PSK],2025-12-1 16:6:27,3,-90,34.0526237,-117.1805573,387.50,1.75,WIFI
32:24:A9:56:47:A2,DIRECT-A2-HP OfficeJet Pro 8210,[WPA2_PSK],2025-12-1 16:6:59,6,-91,34.0526237,-117.1805573,387.70,1.75,WIFI
72:CD:D6:C7:24:7E,ORBI38,[WPA2_PSK],2025-12-1 16:7:10,3,-89,34.0526237,-117.1805573,387.80,1.75,WIFI
8E:53:E6:01:2C:FA,myChevrolet 2CFA,[WPA2_PSK],2025-12-1 16:7:14,7,-90,34.0526237,-117.1805573,387.80,1.75,WIFI
5A:E4:03:CB:C3:F5,Taycan_3443,[WPA2_PSK],2025-12-1 16:7:27,6,-79,34.0526237,-117.1805573,387.90,1.75,WIFI
9A:C6:82:8B:03:11,Gabriel’s iPhone Fourteen Pro ,[WPA2_PSK],2025-12-1 16:7:54,6,-89,34.0526237,-117.1805573,388.10,1.75,WIFI
