WigleWifi-1.4,appRelease=v1.2.0,model=ESP32 Marauder,release=v1.2.0,device=ESP32 Marauder,display=SPI TFT,board=ESP32 Marauder,brand=JustCallMeKoko
MAC,SSID,AuthMode,FirstSeen,Channel,RSSI,CurrentLatitude,CurrentLongitude,AltitudeMeters,AccuracyMeters,Type
30:60:0A:25:3B:B4,,[WPA_WPA2_PSK],2025-12-1 17:25:9,1,-76,34.0525932,-117.1805649,387.20,1.75,WIFI
A0:89:66:E1:BA:3C,,[WPA_WPA2_PSK],2025-12-1 17:25:9,1,-83,34.0525932,-117.1805649,387.20,1.75,WIFI
5C:62:8B:42:B2:68,Paulson Ortho,[WPA2_PSK],2025-12-1 17:25:10,2,-63,34.0525932,-117.1805649,387.20,1.75,WIFI
6A:62:8B:42:B2:68,Paulson Ortho_MLO,[WPA3_PSK],2025-12-1 17:25:10,2,-63,34.0525932,-117.1805649,387.20,1.75,WIFI
62:62:8B:42:B2:68,Paulson Ortho-guest,[WPA2_PSK],2025-12-1 17:25:10,2,-64,34.0525932,-117.1805649,387.20,1.75,WIFI
66:62:8B:42:B2:68,,[WPA2_PSK],2025-12-1 17:25:10,2,-64,34.0525932,-117.1805649,387.20,1.75,WIFI
6A:62:8B:42:B8:C8,Paulson Ortho_MLO,[WPA3_PSK],2025-12-1 17:25:10,2,-77,34.0525932,-117.1805649,387.20,1.75,WIFI
AC:DF:9F:5C:1D:16,TheShadowRealm,[WPA2_WPA3_PSK],2025-12-1 17:25:12,4,-75,34.0526009,-117.1805649,387.40,1.75,WIFI
B2:8B:A9:9D:09:AB,,[WPA2_PSK],2025-12-1 17:25:14,6,-68,34.0526009,-117.1805649,387.20,1.75,WIFI
AC:8B:A9:9D:09:AB,Cajon Dental,[WPA2_PSK],2025-12-1 17:25:14,6,-69,34.0526009,-117.1805649,387.20,1.75,WIFI
60:F4:19:59:BB:E9,,[OPEN],2025-12-1 17:25:14,6,-74,34.0526009,-117.1805649,387.20,1.75,WIFI
60:F4:19:59:BB:E6,Sabs,[WPA2_PSK],2025-12-1 17:25:14,6,-75,34.0526009,-117.1805649,387.20,1.75,WIFI
AC:8B:A9:9D:28:94,Cajon Dental,[WPA2_PSK],2025-12-1 17:25:14,6,-76,34.0526009,-117.1805649,387.20,1.75,WIFI
18:1B:EB:46:49:49,76WJ8,[WPA2_PSK],2025-12-1 17:25:14,6,-77,34.0526009,-117.1805649,387.20,1.75,WIFI
B2:8B:A9:9D:28:94,,[WPA2_PSK],2025-12-1 17:25:14,6,-77,34.0526009,-117.1805649,387.20,1.75,WIFI
60:F4:19:59:BB:E3,,[WPA3_PSK],2025-12-1 17:25:14,6,-77,34.0526009,-117.1805649,387.20,1.75,WIFI
0E:AB:F8:46:45:29,,[WPA2_PSK],2025-12-1 17:25:14,6,-79,34.0526009,-117.1805649,387.20,1.75,WIFI
A0:64:8F:EA:53:71,MySpectrumWiFi73-2G,[WPA2_PSK],2025-12-1 17:25:19,11,-71,34.0526009,-117.1805649,387.30,1.75,WIFI
4C:19:5D:92:F9:43,SpectrumSetup-3D,[WPA2_PSK],2025-12-1 17:25:19,11,-76,34.0526009,-117.1805649,387.30,1.75,WIFI
3C:52:82:1F:FF:B7,DIRECT-B6-HP ENVY 7640 series,[WPA2_PSK],2025-12-1 17:25:19,11,-78,34.0526009,-117.1805649,387.30,1.75,WIFI
F4:52:46:A3:DB:5E,SpectrumSetup-DB61,[WPA2_PSK],2025-12-1 17:25:19,11,-84,34.0526009,-117.1805649,387.30,1.75,WIFI
F0:9F:C2:A4:48:B1,2peasinapod,[WPA2_PSK],2025-12-1 17:25:19,11,-88,34.0526009,-117.1805649,387.30,1.75,WIFI
F6:9F:C2:A4:48:B1,,[WPA2_PSK],2025-12-1 17:25:19,11,-89,34.0526009,-117.1805649,387.30,1.75,WIFI
86:78:48:9A:4B:CA,FCC Guest,[WPA2_PSK],2025-12-1 17:25:19,11,-92,34.0526009,-117.1805649,387.30,1.75,WIFI
6C:AE:F6:3E:DC:E6,FBCR_Sanctuary,[WPA2_PSK],2025-12-1 17:25:22,1,-75,34.0526009,-117.1805649,387.30,1.75,WIFI
C8:C6:FE:26:14:06,Lil Wills,[WPA2_PSK],2025-12-1 17:25:22,1,-75,34.0526009,-117.1805649,387.30,1.75,WIFI
62:62:8B:42:B8:C8,Paulson Ortho-guest,[WPA2_PSK],2025-12-1 17:25:24,2,-81,34.0526009,-117.1805649,387.30,1.75,WIFI
34:98:B5:96:3E:7D,ShoOtingStar,[WPA2_PSK],2025-12-1 17:25:25,3,-83,34.0526009,-117.1805649,387.30,1.75,WIFI
38:94:ED:69:57:9C,,[WPA2_PSK],2025-12-1 17:25:32,10,-63,34.0526009,-117.1805573,387.40,1.75,WIFI
86:25:4A:65:8A:24,,[WPA2_PSK],2025-12-1 17:25:38,3,-88,34.0526009,-117.1805573,387.40,1.75,WIFI
86:25:4A:65:8A:25,rockys castle ,[WPA2_PSK],2025-12-1 17:25:38,3,-89,34.0526009,-117.1805573,387.40,1.75,WIFI
AE:DF:9F:7C:1D:16,,[WPA2_WPA3_PSK],2025-12-1 17:25:39,4,-79,34.0526009,-117.1805573,387.40,1.75,WIFI
4C:AB:F8:46:45:29,Pharmacy,[WPA2_PSK],2025-12-1 17:25:41,6,-74,34.0526009,-117.1805573,387.40,1.75,WIFI
24:1F:BD:D3:20:C0,VL Wifi,[WPA_WPA2_PSK],2025-12-1 17:25:41,6,-83,34.0526009,-117.1805573,387.40,1.75,WIFI
AC:8B:A9:D6:81:D5,WBnet,[WPA2_PSK],2025-12-1 17:25:41,6,-90,34.0526009,-117.1805573,387.40,1.75,WIFI
00:54:AF:1F:08:50,Hotspot0850,[WPA_WPA2_PSK],2025-12-1 17:25:44,9,-60,34.0525970,-117.1805573,387.50,1.75,WIFI
6C:AE:F6:3E:DC:E9,,[OPEN],2025-12-1 17:25:51,1,-75,34.0525970,-117.1805573,387.60,1.75,WIFI
E0:88:5D:67:55:EB,TC8715DE5,[WPA2_PSK],2025-12-1 17:25:56,6,-70,34.0525970,-117.1805573,387.70,1.75,WIFI
FA:8F:CA:5A:A5:FF,Master bedroom speaker.l057_,[OPEN],2025-12-1 17:25:56,6,-81,34.0525970,-117.1805573,387.70,1.75,WIFI
B6:8B:A9:D6:81:D5,WB-IO,[WPA2_PSK],2025-12-1 17:25:56,6,-88,34.0525970,-117.1805573,387.70,1.75,WIFI
80:CC:9C:3E:9B:71,VIGILANS,[WPA2_PSK],2025-12-1 17:25:59,9,-74,34.0525970,-117.1805573,387.80,1.75,WIFI
6C:CD:D6:D4:B3:58,VIGILANS,[WPA2_PSK],2025-12-1 17:25:59,9,-92,34.0525970,-117.1805573,387.80,1.75,WIFI
C8:C6:FE:26:14:09,,[OPEN],2025-12-1 17:26:5,1,-73,34.0526009,-117.1805573,387.90,1.75,WIFI
C8:C6:FE:26:14:03,,[WPA3_PSK],2025-12-1 17:26:5,1,-74,34.0526009,-117.1805573,387.90,1.75,WIFI
DC:F5:1B:55:C7:C1,Verizon_GQD394,[WPA2_PSK],2025-12-1 17:26:10,6,-81,34.0526009,-117.1805573,387.90,1.75,WIFI
32:24:A9:56:47:A2,DIRECT-A2-HP OfficeJet Pro 8210,[WPA2_PSK],2025-12-1 17:26:10,6,-91,34.0526009,-117.1805573,387.90,1.75,WIFI
38:94:ED:58:1D:17,Primemill,[WPA2_PSK],2025-12-1 17:26:14,10,-58,34.0525970,-117.1805573,388.00,1.75,WIFI
3E:94:ED:58:1D:17,,[WPA2_PSK],2025-12-1 17:26:14,10,-59,34.0525970,-117.1805573,388.00,1.75,WIFI
3E:94:ED:69:56:D4,Primemill,[WPA2_PSK],2025-12-1 17:26:14,10,-63,34.0525970,-117.1805573,388.00,1.75,WIFI
38:94:ED:69:56:D4,,[WPA2_PSK],2025-12-1 17:26:14,10,-63,34.0525970,-117.1805573,388.00,1.75,WIFI
3E:94:ED:69:57:9C,Primemill,[WPA2_PSK],2025-12-1 17:26:14,10,-64,34.0525970,-117.1805573,388.00,1.75,WIFI
42:52:A1:90:5F:EE,Paulson Ortho-guest,[WPA2_PSK],2025-12-1 17:26:14,10,-84,34.0525970,-117.1805573,388.00,1.75,WIFI
4A:52:A1:90:5F:EE,Paulson Ortho_MLO,[WPA3_PSK],2025-12-1 17:26:14,10,-85,34.0525970,-117.1805573,388.00,1.75,WIFI
3C:52:A1:90:5F:EE,Paulson Ortho,[WPA2_PSK],2025-12-1 17:26:28,10,-87,34.0525970,-117.1805573,388.10,1.75,WIFI
FC:EC:DA:BA:45:FA,WANGDDS,[WPA2_PSK],2025-12-1 17:26:29,11,-82,34.0525970,-117.1805573,388.10,1.75,WIFI
FA:8F:CA:3E:46:B3,Chromecast2909,[OPEN],2025-12-1 17:26:38,6,-80,34.0525970,-117.1805573,388.30,1.75,WIFI
62:E6:F0:2E:33:3E,DIRECT-BMW 55578,[WPA2_PSK],2025-12-1 17:26:43,11,-78,34.0525970,-117.1805573,388.40,1.75,WIFI
06:EC:DA:BA:45:FA,,[WPA2_PSK],2025-12-1 17:26:43,11,-87,34.0525970,-117.1805573,388.40,1.75,WIFI
B2:8B:A9:D6:81:D5,CajonSt,[WPA2_PSK],2025-12-1 17:26:52,6,-75,34.0526772,-117.1806717,387.90,1.75,WIFI
B2:8B:A9:DB:1C:99,CajonSt,[WPA2_PSK],2025-12-1 17:26:52,6,-78,34.0526772,-117.1806717,387.90,1.75,WIFI
B6:8B:A9:DB:1C:99,WB-IO,[WPA2_PSK],2025-12-1 17:26:52,6,-79,34.0526772,-117.1806717,387.90,1.75,WIFI
AC:8B:A9:DB:1C:99,WBnet,[WPA2_PSK],2025-12-1 17:26:52,6,-82,34.0526772,-117.1806717,387.90,1.75,WIFI
46:52:A1:90:5F:EE,,[WPA2_PSK],2025-12-1 17:26:56,10,-71,34.0529213,-117.1808701,387.00,1.75,WIFI
F8:9E:28:DA:FC:5F,cutler,[WPA2_PSK],2025-12-1 17:26:57,11,-80,34.0529785,-117.1809082,386.80,1.75,WIFI
FE:9E:28:DA:FC:5F,Cutler Guest,[WPA2_PSK],2025-12-1 17:26:57,11,-80,34.0529785,-117.1809082,386.80,1.75,WIFI
C6:9E:28:DA:FC:5F,,[WPA2_PSK],2025-12-1 17:26:57,11,-82,34.0529785,-117.1809082,386.80,1.75,WIFI
6C:AE:F6:3E:DC:E3,,[WPA3_PSK],2025-12-1 17:27:0,1,-65,34.0531197,-117.1810226,386.50,1.75,WIFI
86:78:48:9A:5A:AC,FCC Guest,[WPA2_PSK],2025-12-1 17:27:0,1,-74,34.0531197,-117.1810226,386.50,1.75,WIFI
70:F1:96:66:77:41,NSCJC,[WPA_WPA2_PSK],2025-12-1 17:27:0,1,-80,34.0531197,-117.1810226,386.50,1.75,WIFI
F2:9E:28:DA:FC:5F,Guest,[WPA2_PSK],2025-12-1 17:27:11,11,-70,34.0532036,-117.1810837,386.90,1.75,WIFI
F0:AB:54:27:F6:4E,Mike Enclave,[WPA2_PSK],2025-12-1 17:27:14,1,-70,34.0532036,-117.1810913,387.00,1.75,WIFI
90:D3:CF:13:16:C6,TJ319,[WPA2_PSK],2025-12-1 17:27:14,1,-76,34.0532036,-117.1810913,387.00,1.75,WIFI
84:78:48:BA:5A:AC,FCCR,[WPA2_PSK],2025-12-1 17:27:14,1,-77,34.0532036,-117.1810913,387.00,1.75,WIFI
02:22:6C:16:D6:C6,SoundBarSetup_D6C6,[OPEN],2025-12-1 17:27:14,1,-83,34.0532036,-117.1810913,387.00,1.75,WIFI
72:CD:D6:C7:24:7E,ORBI38,[WPA2_PSK],2025-12-1 17:27:17,3,-82,34.0532036,-117.1810913,387.10,1.75,WIFI
7C:DB:98:EB:44:EE,MySpectrumWiFiF0-2G,[WPA2_PSK],2025-12-1 17:27:20,6,-70,34.0532074,-117.1810913,387.20,1.75,WIFI
2A:64:CF:90:EF:04,McConaughey,[WPA2_PSK],2025-12-1 17:27:24,10,-81,34.0532990,-117.1811600,386.80,1.75,WIFI
D8:8E:D4:54:10:66,HH,[WPA2_PSK],2025-12-1 17:27:25,11,-74,34.0533447,-117.1811981,386.70,1.75,WIFI
D8:8E:D4:54:10:69,,[OPEN],2025-12-1 17:27:25,11,-75,34.0533447,-117.1811981,386.70,1.75,WIFI
D8:8E:D4:54:10:63,,[WPA3_PSK],2025-12-1 17:27:25,11,-76,34.0533447,-117.1811981,386.70,1.75,WIFI
74:37:5F:39:9A:A7,SpectrumSetup-A5,[WPA2_PSK],2025-12-1 17:27:25,11,-87,34.0533447,-117.1811981,386.70,1.75,WIFI
9E:A3:A9:8E:39:45,,[WPA2_PSK],2025-12-1 17:27:26,13,-92,34.0533981,-117.1812363,386.60,1.75,WIFI
86:78:48:AA:5A:AC,,[WPA2_PSK],2025-12-1 17:27:28,1,-65,34.0535278,-117.1813431,386.30,1.75,WIFI
D0:57:94:FC:0A:1E,MySpectrumWiFi18-2G,[WPA2_PSK],2025-12-1 17:27:28,1,-79,34.0535278,-117.1813431,386.30,1.75,WIFI
86:78:48:9A:5B:90,FCC Guest,[WPA2_PSK],2025-12-1 17:27:28,1,-79,34.0535278,-117.1813431,386.30,1.75,WIFI
86:78:48:AA:5B:90,,[WPA2_PSK],2025-12-1 17:27:28,1,-79,34.0535278,-117.1813431,386.30,1.75,WIFI
90:D3:CF:ED:2B:EC,SpectrumSetup-2BEF,[WPA2_PSK],2025-12-1 17:27:28,1,-84,34.0535278,-117.1813431,386.30,1.75,WIFI
14:7D:05:4E:53:A7,CLM,[WPA2_PSK],2025-12-1 17:27:34,6,-51,34.0540009,-117.1817398,384.80,1.75,WIFI
F4:69:42:ED:3D:AC,preciouscreature,[WPA2_PSK],2025-12-1 17:27:34,6,-59,34.0540009,-117.1817398,384.80,1.75,WIFI
B6:69:42:ED:3D:AC,preciouscreature_family,[WPA2_PSK],2025-12-1 17:27:34,6,-63,34.0540009,-117.1817398,384.80,1.75,WIFI
74:37:5F:8F:E5:6B,SpectrumSetup-69,[WPA2_PSK],2025-12-1 17:27:34,6,-65,34.0540009,-117.1817398,384.80,1.75,WIFI
E4:19:7F:14:AA:C9,,[OPEN],2025-12-1 17:27:34,6,-74,34.0540009,-117.1817398,384.80,1.75,WIFI
E4:19:7F:14:AA:C3,,[WPA3_PSK],2025-12-1 17:27:34,6,-75,34.0540009,-117.1817398,384.80,1.75,WIFI
90:D3:CF:9A:06:9F,ATT-WIFI-7128,[WPA2_WPA3_PSK],2025-12-1 17:27:38,10,-69,34.0543289,-117.1819992,384.10,1.75,WIFI
6C:AE:F6:BB:37:30,FPC Guest,[WPA2_PSK],2025-12-1 17:27:39,11,-62,34.0544167,-117.1820602,383.90,1.75,WIFI
6C:AE:F6:BB:37:27,FPCR,[WPA2_PSK],2025-12-1 17:27:39,11,-63,34.0544167,-117.1820602,383.90,1.75,WIFI
28:87:BA:76:8D:62,Listen Everywhere,[OPEN],2025-12-1 17:27:39,11,-73,34.0544167,-117.1820602,383.90,1.75,WIFI
EA:55:A8:A2:DA:B1,CONFIRE-Guest,[WPA2_PSK],2025-12-1 17:27:39,11,-75,34.0544167,-117.1820602,383.90,1.75,WIFI
8E:15:44:67:8B:E6,Redlands Corp,[WPA2],2025-12-1 17:27:39,11,-79,34.0544167,-117.1820602,383.90,1.75,WIFI
82:3F:5D:2F:1B:BE,@WAVLINK_Guest,[WPA_WPA2_PSK],2025-12-1 17:27:40,13,-94,34.0545044,-117.1821289,383.70,1.75,WIFI
86:88:81:6C:A0:40,Redlands BYOD,[WPA2],2025-12-1 17:27:42,1,-73,34.0546799,-117.1822662,383.40,1.75,WIFI
8A:88:81:6C:A0:40,Redlands Corp,[WPA2],2025-12-1 17:27:42,1,-74,34.0546799,-117.1822662,383.40,1.75,WIFI
96:88:81:6C:A0:40,RPD BYOD,[WPA2],2025-12-1 17:27:42,1,-74,34.0546799,-117.1822662,383.40,1.75,WIFI
DC:92:72:4C:70:77,Penthouse Network,[WPA2_WPA3_PSK],2025-12-1 17:27:42,1,-74,34.0546799,-117.1822662,383.40,1.75,WIFI
8C:88:81:6C:A0:40,City of Redlands,[OPEN],2025-12-1 17:27:42,1,-75,34.0546799,-117.1822662,383.40,1.75,WIFI
A2:88:81:6C:A0:40,RPD,[WPA2_PSK],2025-12-1 17:27:42,1,-75,34.0546799,-117.1822662,383.40,1.75,WIFI
B6:88:81:6C:A0:40,rpdguest,[WPA2_WPA3_PSK],2025-12-1 17:27:42,1,-75,34.0546799,-117.1822662,383.40,1.75,WIFI
EE:55:A8:A2:DD:B9,CONFIRE,[WPA2_PSK],2025-12-1 17:27:42,1,-78,34.0546799,-117.1822662,383.40,1.75,WIFI
E2:55:7D:48:51:22,Redlands BYOD,[WPA2],2025-12-1 17:27:42,1,-79,34.0546799,-117.1822662,383.40,1.75,WIFI
E2:55:7D:48:51:23,Redlands Private,[WPA2_PSK],2025-12-1 17:27:42,1,-80,34.0546799,-117.1822662,383.40,1.75,WIFI
E2:55:7D:48:51:24,Redlands Internet,[WPA2_PSK],2025-12-1 17:27:42,1,-80,34.0546799,-117.1822662,383.40,1.75,WIFI
E2:55:7D:48:51:20,City of Redlands,[OPEN],2025-12-1 17:27:42,1,-81,34.0546799,-117.1822662,383.40,1.75,WIFI
48:22:54:31:8D:F1,MySpectrumWiFi98-2G_EXT,[WPA2_PSK],2025-12-1 17:27:43,2,-80,34.0547676,-117.1823273,383.40,1.75,WIFI
82:88:81:6C:E1:00,Redlands Private,[WPA2_WPA3_PSK],2025-12-1 17:27:48,6,-58,34.0551987,-117.1825409,382.40,1.75,WIFI
8A:88:81:6C:E1:00,Redlands Corp,[WPA2],2025-12-1 17:27:48,6,-60,34.0551987,-117.1825409,382.40,1.75,WIFI
8C:88:81:6C:E1:00,City of Redlands,[OPEN],2025-12-1 17:27:48,6,-61,34.0551987,-117.1825409,382.40,1.75,WIFI
86:88:81:6C:E1:00,Redlands BYOD,[WPA2],2025-12-1 17:27:48,6,-62,34.0551987,-117.1825409,382.40,1.75,WIFI
9A:88:81:6C:E1:00,RPD Corp,[WPA2],2025-12-1 17:27:48,6,-63,34.0551987,-117.1825409,382.40,1.75,WIFI
96:88:81:6C:E1:00,RPD BYOD,[WPA2],2025-12-1 17:27:48,6,-63,34.0551987,-117.1825409,382.40,1.75,WIFI
A2:88:81:6C:E1:00,RPD,[WPA2_PSK],2025-12-1 17:27:48,6,-63,34.0551987,-117.1825409,382.40,1.75,WIFI
B6:88:81:6C:E1:00,rpdguest,[WPA2_WPA3_PSK],2025-12-1 17:27:48,6,-63,34.0551987,-117.1825409,382.40,1.75,WIFI
9E:88:81:6C:E1:00,Redlands Internet,[WPA2_WPA3_PSK],2025-12-1 17:27:48,6,-64,34.0551987,-117.1825409,382.40,1.75,WIFI
E2:55:7D:47:9A:44,Redlands Internet,[WPA2_PSK],2025-12-1 17:27:48,6,-69,34.0551987,-117.1825409,382.40,1.75,WIFI
E2:55:7D:47:9A:46,RPD BYOD,[WPA2],2025-12-1 17:27:48,6,-69,34.0551987,-117.1825409,382.40,1.75,WIFI
88:DE:7C:B4:47:B4,SpectrumSetup-B6,[WPA2_PSK],2025-12-1 17:27:48,6,-70,34.0551987,-117.1825409,382.40,1.75,WIFI
E2:55:7D:47:9A:40,City of Redlands,[OPEN],2025-12-1 17:27:48,6,-70,34.0551987,-117.1825409,382.40,1.75,WIFI
E2:55:7D:47:9A:42,Redlands BYOD,[WPA2],2025-12-1 17:27:48,6,-70,34.0551987,-117.1825409,382.40,1.75,WIFI
E2:55:7D:47:9A:4B,RPD,[WPA2_PSK],2025-12-1 17:27:48,6,-70,34.0551987,-117.1825409,382.40,1.75,WIFI
E2:55:7D:47:9A:4E,rpdguest,[WPA2_PSK],2025-12-1 17:27:48,6,-70,34.0551987,-117.1825409,382.40,1.75,WIFI
14:7D:05:E7:6F:7F,SpectrumSetup-7D,[WPA2_PSK],2025-12-1 17:27:48,6,-71,34.0551987,-117.1825409,382.40,1.75,WIFI
A4:13:4E:D7:CC:31,BatterRebellion 2.4,[WPA2_PSK],2025-12-1 17:27:48,6,-81,34.0551987,-117.1825409,382.40,1.75,WIFI
4A:5F:99:51:DD:82,DIRECT-82-HP M180 LaserJet,[WPA2_PSK],2025-12-1 17:27:48,6,-86,34.0551987,-117.1825409,382.40,1.75,WIFI
62:E9:31:0B:AD:E6,,[WPA2_PSK],2025-12-1 17:27:53,9,-81,34.0554161,-117.1825790,382.20,1.75,WIFI
10:0C:6B:59:CD:3C,whitefrog,[WPA2_PSK],2025-12-1 17:27:54,10,-83,34.0554276,-117.1825790,382.10,1.75,WIFI
DC:92:72:E4:1A:1F,Frontier0566,[WPA2_PSK],2025-12-1 17:27:55,11,-64,34.0554276,-117.1825790,382.20,1.75,WIFI
A8:13:0B:84:57:08,Forecast/Engineering,[WPA2_PSK],2025-12-1 17:27:55,11,-74,34.0554276,-117.1825790,382.20,1.75,WIFI
A8:13:0B:84:57:05,,[WPA3_PSK],2025-12-1 17:27:55,11,-77,34.0554276,-117.1825790,382.20,1.75,WIFI
A8:13:0B:82:86:48,Forecast/Engineering,[WPA2_PSK],2025-12-1 17:27:55,11,-82,34.0554276,-117.1825790,382.20,1.75,WIFI
60:B7:6E:D7:60:A9,Kissui,[WPA2_PSK],2025-12-1 17:27:55,11,-82,34.0554276,-117.1825790,382.20,1.75,WIFI
94:3C:96:FC:9E:06,Frontier0180,[WPA2_PSK],2025-12-1 17:27:55,11,-83,34.0554276,-117.1825790,382.20,1.75,WIFI
B8:66:85:CA:A5:D6,MySpectrumWiFid0-2G,[WPA2_PSK],2025-12-1 17:27:55,11,-89,34.0554276,-117.1825790,382.20,1.75,WIFI
CA:33:ED:FA:00:B5,TCG Guest,[WPA2_PSK],2025-12-1 17:27:55,11,-92,34.0554276,-117.1825790,382.20,1.75,WIFI
74:37:5F:CA:E0:7B,SpectrumSetup-79,[WPA2_PSK],2025-12-1 17:27:58,1,-53,34.0554276,-117.1825790,382.20,1.75,WIFI
90:D3:CF:18:7A:4F,SpectrumSetup-7A52,[WPA2_PSK],2025-12-1 17:27:58,1,-75,34.0554276,-117.1825790,382.20,1.75,WIFI
A4:6B:1F:8D:77:48,TP-Link_6C6C,[WPA2_PSK],2025-12-1 17:27:58,1,-79,34.0554276,-117.1825790,382.20,1.75,WIFI
A4:6B:1F:8D:77:51,TP-Link_6C6C Guest,[OPEN],2025-12-1 17:27:58,1,-80,34.0554276,-117.1825790,382.20,1.75,WIFI
E2:55:7D:48:51:21,Redlands Corp,[WPA2],2025-12-1 17:27:58,1,-81,34.0554276,-117.1825790,382.20,1.75,WIFI
E2:55:7D:48:51:26,RPD BYOD,[WPA2],2025-12-1 17:27:58,1,-81,34.0554276,-117.1825790,382.20,1.75,WIFI
E2:55:7D:48:51:2B,RPD,[WPA2_PSK],2025-12-1 17:27:58,1,-81,34.0554276,-117.1825790,382.20,1.75,WIFI
28:EC:22:A1:C1:2F,District/Copehouse Guest,[WPA2_PSK],2025-12-1 17:27:58,1,-82,34.0554276,-117.1825790,382.20,1.75,WIFI
E2:55:7D:48:51:2E,rpdguest,[WPA2_PSK],2025-12-1 17:27:58,1,-84,34.0554276,-117.1825790,382.20,1.75,WIFI
5C:18:DD:F0:90:E3,,[WPA_WPA2_PSK],2025-12-1 17:27:58,1,-88,34.0554276,-117.1825790,382.20,1.75,WIFI
00:54:AF:B4:B6:68,HotspotB668,[WPA_WPA2_PSK],2025-12-1 17:27:58,2,-90,34.0554276,-117.1825790,382.20,1.75,WIFI
9A:CD:AC:18:C2:D5,DHub-3e7f,[WPA2_PSK],2025-12-1 17:28:4,6,-72,34.0554237,-117.1825790,382.10,1.75,WIFI
E2:55:7D:47:9A:43,Redlands Private,[WPA2_PSK],2025-12-1 17:28:4,6,-73,34.0554237,-117.1825790,382.10,1.75,WIFI
E2:55:7D:47:9A:45,RPD Corp,[WPA2],2025-12-1 17:28:4,6,-73,34.0554237,-117.1825790,382.10,1.75,WIFI
E2:55:7D:47:9A:41,Redlands Corp,[WPA2],2025-12-1 17:28:4,6,-74,34.0554237,-117.1825790,382.10,1.75,WIFI
12:B6:76:A8:17:F2,DIRECT-F2-HP Color LJ 3301,[WPA2_PSK],2025-12-1 17:28:9,11,-80,34.0554237,-117.1825790,382.00,1.75,WIFI
B2:15:44:67:8B:E6,rpdguest,[WPA2_PSK],2025-12-1 17:28:9,11,-86,34.0554237,-117.1825790,382.00,1.75,WIFI
A4:6B:1F:8D:77:45,,[WPA3_PSK],2025-12-1 17:28:12,1,-70,34.0554237,-117.1825790,381.90,1.75,WIFI
A4:6B:1F:8D:77:4B,,[OPEN],2025-12-1 17:28:12,1,-72,34.0554237,-117.1825790,381.90,1.75,WIFI
54:04:63:FB:00:20,,[WPA_WPA2_PSK],2025-12-1 17:28:12,1,-75,34.0554237,-117.1825790,381.90,1.75,WIFI
28:EC:22:A1:C1:29,,[OPEN],2025-12-1 17:28:12,1,-77,34.0554237,-117.1825790,381.90,1.75,WIFI
28:EC:22:A1:C1:26,District/Copehouse,[WPA2_PSK],2025-12-1 17:28:12,1,-79,34.0554237,-117.1825790,381.90,1.75,WIFI
00:30:44:36:9B:65,FEMS,[WPA2_PSK],2025-12-1 17:28:12,1,-81,34.0554237,-117.1825790,381.90,1.75,WIFI
E2:55:7D:48:51:25,RPD Corp,[WPA2],2025-12-1 17:28:12,1,-81,34.0554237,-117.1825790,381.90,1.75,WIFI
D4:A9:28:0A:79:4A,The Orange Space 2G,[WPA2_PSK],2025-12-1 17:28:18,6,-75,34.0555763,-117.1825867,381.80,1.75,WIFI
C8:E3:06:6A:A5:03,,[WPA3_PSK],2025-12-1 17:28:23,11,-75,34.0559921,-117.1825867,381.10,1.75,WIFI
60:B7:6E:D7:60:9E,Kissui,[WPA2_PSK],2025-12-1 17:28:23,11,-78,34.0559921,-117.1825867,381.10,1.75,WIFI
C8:E3:06:6A:A5:05,RedlandsCO1,[WPA2_PSK],2025-12-1 17:28:23,11,-79,34.0559921,-117.1825867,381.10,1.75,WIFI
22:C9:D0:21:08:40,Emanuel's Guest Network,[WPA2_PSK],2025-12-1 17:28:23,11,-79,34.0559921,-117.1825867,381.10,1.75,WIFI
20:C9:D0:21:08:41,Emanuel's Network,[WPA_WPA2_PSK],2025-12-1 17:28:23,11,-81,34.0559921,-117.1825867,381.10,1.75,WIFI
DC:92:72:E5:10:BF,SOCAL2.4,[WPA2_PSK],2025-12-1 17:28:23,11,-83,34.0559921,-117.1825867,381.10,1.75,WIFI
80:3F:5D:2F:1B:BC,@WAVLINK_BB,[WPA_WPA2_PSK],2025-12-1 17:28:24,13,-84,34.0560837,-117.1825867,381.00,1.75,WIFI
8C:DD:0B:D4:B1:D1,Ozel2025 Guest,[OPEN],2025-12-1 17:28:26,1,-78,34.0562744,-117.1825790,380.80,2.25,WIFI
A0:89:66:EA:79:0C,,[WPA_WPA2_PSK],2025-12-1 17:28:26,1,-82,34.0562744,-117.1825790,380.80,2.25,WIFI
18:1B:EB:08:29:D7,66YR2,[WPA2_PSK],2025-12-1 17:28:26,1,-83,34.0562744,-117.1825790,380.80,2.25,WIFI
B8:69:F4:CC:56:EB,Mikrotik-Wifi 2.4ghz,[WPA2_PSK],2025-12-1 17:28:29,3,-83,34.0565720,-117.1825714,380.30,2.25,WIFI
88:DE:7C:54:55:B5,honeyhabits,[WPA2_PSK],2025-12-1 17:28:32,6,-56,34.0568657,-117.1825714,380.00,2.25,WIFI
78:76:89:FF:F3:A2,,[WPA3_PSK],2025-12-1 17:28:32,6,-63,34.0568657,-117.1825714,380.00,2.25,WIFI
78:76:89:FF:F3:A6,,[OPEN],2025-12-1 17:28:32,6,-64,34.0568657,-117.1825714,380.00,2.25,WIFI
78:76:89:FF:F3:A4,MadeFromSkratch,[WPA2_PSK],2025-12-1 17:28:32,6,-65,34.0568657,-117.1825714,380.00,2.25,WIFI
C4:49:BB:91:50:17,WiFi Hotspot 4425,[WPA2_PSK],2025-12-1 17:28:32,6,-68,34.0568657,-117.1825714,380.00,2.25,WIFI
C8:B4:22:EA:7A:B5,MySpectrumWiFiB7-2G,[WPA2_PSK],2025-12-1 17:28:32,6,-69,34.0568657,-117.1825714,380.00,2.25,WIFI
D4:4D:A4:70:74:1E,Vehicle Hotspot,[WPA2_PSK],2025-12-1 17:28:32,6,-81,34.0568657,-117.1825714,380.00,2.25,WIFI
D0:6D:C9:39:66:D6,HarloandState,[WPA2_PSK],2025-12-1 17:28:32,6,-89,34.0568657,-117.1825714,380.00,2.25,WIFI
EA:9E:B4:23:F6:3D,DIRECT-3d-HP M426 LaserJet,[WPA2_PSK],2025-12-1 17:28:35,9,-63,34.0570793,-117.1825714,379.70,2.25,WIFI
E8:9F:80:73:27:44,J & M Income Tax,[WPA2_PSK],2025-12-1 17:28:35,9,-68,34.0570793,-117.1825714,379.70,2.25,WIFI
3A:1A:52:D3:89:4E,DIRECT-52-EPSON-D3094E,[WPA2_PSK],2025-12-1 17:28:35,9,-79,34.0570793,-117.1825714,379.70,2.25,WIFI
12:3F:0B:58:B6:1F,,[WPA2_PSK],2025-12-1 17:28:37,11,-74,34.0571327,-117.1825638,379.60,2.25,WIFI
D0:21:F9:5C:91:F2,shopsuey,[WPA2_PSK],2025-12-1 17:28:40,1,-50,34.0571365,-117.1825638,379.80,1.75,WIFI
D2:21:F9:1C:91:F2,,[WPA2_PSK],2025-12-1 17:28:40,1,-52,34.0571365,-117.1825638,379.80,1.75,WIFI
98:1E:19:5E:6C:56,MySpectrumWiFi50-2G,[WPA2_PSK],2025-12-1 17:28:40,1,-60,34.0571365,-117.1825638,379.80,1.75,WIFI
9C:C9:EB:E8:72:3E,The best wifi around,[OPEN],2025-12-1 17:28:40,1,-61,34.0571365,-117.1825638,379.80,1.75,WIFI
DC:92:72:E3:47:5F,Frontier0569,[WPA2_PSK],2025-12-1 17:28:40,1,-65,34.0571365,-117.1825638,379.80,1.75,WIFI
78:45:58:D7:01:16,shopsuey,[WPA2_PSK],2025-12-1 17:28:40,1,-70,34.0571365,-117.1825638,379.80,1.75,WIFI
7A:45:58:97:01:16,,[WPA2_PSK],2025-12-1 17:28:40,1,-73,34.0571365,-117.1825638,379.80,1.75,WIFI
64:D9:C2:8A:2A:06,DJ KMP Prod,[WPA2_PSK],2025-12-1 17:28:40,1,-74,34.0571365,-117.1825638,379.80,1.75,WIFI
94:F7:17:7F:28:A8,,[WPA_WPA2_PSK],2025-12-1 17:28:40,1,-77,34.0571365,-117.1825638,379.80,1.75,WIFI
B2:8B:A9:5E:C8:02,FCH-Staff,[WPA2_PSK],2025-12-1 17:28:40,1,-81,34.0571365,-117.1825638,379.80,1.75,WIFI
A8:6E:84:F9:C3:3A,Briggs&Coops,[WPA2_WPA3_PSK],2025-12-1 17:28:43,3,-70,34.0571365,-117.1825638,379.80,1.75,WIFI
A8:6E:84:F9:C2:95,Briggs&Coops,[WPA2_WPA3_PSK],2025-12-1 17:28:43,3,-79,34.0571365,-117.1825638,379.80,1.75,WIFI
A8:6E:84:F9:C2:90,Briggs&Coops,[WPA2_WPA3_PSK],2025-12-1 17:28:43,3,-79,34.0571365,-117.1825638,379.80,1.75,WIFI
2C:3F:0B:58:B5:EB,Lois Lauer - Wireless,[WPA2_PSK],2025-12-1 17:28:46,6,-71,34.0571365,-117.1825638,379.70,1.75,WIFI
12:3F:0B:58:B5:EB,,[WPA2_PSK],2025-12-1 17:28:46,6,-73,34.0571365,-117.1825638,379.70,1.75,WIFI
AC:8B:A9:5F:B4:22,FCH-Admin,[WPA2_PSK],2025-12-1 17:28:46,6,-75,34.0571365,-117.1825638,379.70,1.75,WIFI
B2:8B:A9:5F:B4:22,FCH-Staff,[WPA2_PSK],2025-12-1 17:28:46,6,-75,34.0571365,-117.1825638,379.70,1.75,WIFI
66:97:33:AC:16:1C,MadeFromSkratch_Guest,[WPA2_PSK],2025-12-1 17:28:46,6,-83,34.0571365,-117.1825638,379.70,1.75,WIFI
E8:1D:A8:07:E2:98,REB,[WPA2_PSK],2025-12-1 17:28:48,8,-85,34.0571365,-117.1825638,379.70,1.75,WIFI
2C:3F:0B:58:B6:1F,Lois Lauer - Wireless,[WPA2_PSK],2025-12-1 17:28:51,11,-76,34.0571365,-117.1825638,379.70,1.75,WIFI
7A:45:58:97:00:3E,,[WPA2_PSK],2025-12-1 17:28:53,1,-73,34.0571365,-117.1825638,379.60,1.75,WIFI
AC:8B:A9:5E:C8:02,FCH-Admin,[WPA2_PSK],2025-12-1 17:28:53,1,-78,34.0571365,-117.1825638,379.60,1.75,WIFI
66:52:46:ED:5A:73,,[WPA2_PSK],2025-12-1 17:28:53,1,-85,34.0571365,-117.1825638,379.60,1.75,WIFI
AE:6E:84:F9:C3:3A,,[WPA2_PSK],2025-12-1 17:28:57,3,-69,34.0571365,-117.1825638,379.50,1.75,WIFI
AE:6E:84:F9:C2:90,,[WPA2_PSK],2025-12-1 17:28:57,3,-79,34.0571365,-117.1825638,379.50,1.75,WIFI
64:D9:C2:8A:2A:0F,DJ KMP Prod Guest,[OPEN],2025-12-1 17:29:7,1,-74,34.0571365,-117.1825638,379.30,1.75,WIFI
76:52:46:ED:5A:73,,[WPA2_PSK],2025-12-1 17:29:7,1,-86,34.0571365,-117.1825638,379.30,1.75,WIFI
82:2B:F9:D3:2F:36,DIRECT-W5DCP-L2550DW_BR2f36,[WPA2_PSK],2025-12-1 17:29:17,9,-76,34.0571365,-117.1825638,379.30,1.75,WIFI
F8:F5:32:79:66:B0,Frontier2912,[WPA2_PSK],2025-12-1 17:29:19,11,-79,34.0571404,-117.1825638,379.30,2.25,WIFI
64:D9:C2:8A:2A:09,,[OPEN],2025-12-1 17:29:22,1,-73,34.0571404,-117.1825638,379.30,1.75,WIFI
72:FE:CE:CC:4B:F1,,[WPA2_PSK],2025-12-1 17:29:25,3,-85,34.0571404,-117.1825638,379.40,1.75,WIFI
7C:7E:F9:03:98:84,,[WPA3_PSK],2025-12-1 17:29:28,6,-78,34.0571404,-117.1825638,379.40,1.75,WIFI
7C:7E:F9:03:98:88,,[OPEN],2025-12-1 17:29:28,6,-83,34.0571404,-117.1825638,379.40,1.75,WIFI
A4:97:33:AC:16:1C,MadeFromSkratch,[WPA2_PSK],2025-12-1 17:29:28,6,-83,34.0571404,-117.1825638,379.40,1.75,WIFI
94:91:7F:24:A2:D5,MySpectrumWiFid7-2G,[WPA2_PSK],2025-12-1 17:29:33,11,-76,34.0571404,-117.1825638,379.30,2.25,WIFI
08:7B:12:40:08:A6,Frontier0731,[WPA2_PSK],2025-12-1 17:29:33,11,-77,34.0571404,-117.1825638,379.30,2.25,WIFI
7E:45:58:2A:FC:51,,[WPA2_PSK],2025-12-1 17:29:33,11,-80,34.0571404,-117.1825638,379.30,2.25,WIFI
9C:57:BC:7C:FF:A3,,[WPA3_PSK],2025-12-1 17:29:33,11,-81,34.0571404,-117.1825638,379.30,2.25,WIFI
9C:57:BC:7C:FF:A9,,[OPEN],2025-12-1 17:29:33,11,-81,34.0571404,-117.1825638,379.30,2.25,WIFI
9C:57:BC:7C:FF:A6,TheIndustry,[WPA2_PSK],2025-12-1 17:29:33,11,-81,34.0571404,-117.1825638,379.30,2.25,WIFI
56:47:CC:E5:69:57,Skin Guest,[WPA2_PSK],2025-12-1 17:29:33,11,-81,34.0571404,-117.1825638,379.30,2.25,WIFI
7A:45:58:97:06:FE,,[WPA2_PSK],2025-12-1 17:29:33,11,-83,34.0571404,-117.1825638,379.30,2.25,WIFI
78:45:58:D7:06:FE,shopsuey,[WPA2_PSK],2025-12-1 17:29:33,11,-87,34.0571404,-117.1825638,379.30,2.25,WIFI
C8:9E:43:7F:80:6C,EVC02,[WPA2_PSK],2025-12-1 17:29:45,9,-92,34.0571365,-117.1825714,379.10,1.75,WIFI
0C:73:29:E1:63:44,SpectrumSetup-42,[WPA2_PSK],2025-12-1 17:29:47,11,-80,34.0571365,-117.1825714,379.20,1.75,WIFI
DA:55:A8:09:4C:8F,,[WPA2_PSK],2025-12-1 17:29:47,11,-83,34.0571365,-117.1825714,379.20,1.75,WIFI
1E:9F:CF:A7:0C:86,CHEVROLET3718,[WPA2_WPA3_PSK],2025-12-1 17:29:56,6,-81,34.0571404,-117.1825714,379.20,1.75,WIFI
D8:8E:D4:88:61:10,TheThreeStags_guest,[WPA2_PSK],2025-12-1 17:29:56,6,-85,34.0571404,-117.1825714,379.20,1.75,WIFI
10:2C:B1:7F:0C:FA,,[WPA_WPA2_PSK],2025-12-1 17:29:59,9,-93,34.0571404,-117.1825714,379.10,1.75,WIFI
94:A6:7E:5B:32:AE,MySpectrumWiFi82-2G,[WPA2_PSK],2025-12-1 17:30:1,11,-79,34.0571747,-117.1825714,379.10,1.75,WIFI
A2:A8:E3:1B:46:89,Galaxy A36 5G F208,[WPA2_PSK],2025-12-1 17:30:1,11,-83,34.0571747,-117.1825714,379.10,1.75,WIFI
E2:55:A8:09:4C:8F,Dennys_Employee_WIFI,[WPA2_PSK],2025-12-1 17:30:1,11,-85,34.0571747,-117.1825714,379.10,1.75,WIFI
78:45:58:2A:FC:51,shopsuey,[WPA2_PSK],2025-12-1 17:30:1,11,-86,34.0571747,-117.1825714,379.10,1.75,WIFI
74:9E:75:F6:A4:04,RCH_Staff_WL,[WPA_WPA2_PSK],2025-12-1 17:30:1,11,-90,34.0571747,-117.1825714,379.10,1.75,WIFI
A0:CD:F3:FB:01:6B,TOYOTA Tacoma_016BF3FBA0CD,[WPA2_PSK],2025-12-1 17:30:1,11,-91,34.0571747,-117.1825714,379.10,1.75,WIFI
74:9E:75:F6:A4:03,RCH_MEDCARTS,[WPA2_PSK],2025-12-1 17:30:1,11,-92,34.0571747,-117.1825714,379.10,1.75,WIFI
38:88:71:32:5D:0A,Verizon_TP4K6L,[WPA2_PSK],2025-12-1 17:30:4,1,-59,34.0573730,-117.1825714,379.10,1.75,WIFI
74:FE:CE:CC:4B:F7,GreenSleeves Wifi,[WPA2_PSK],2025-12-1 17:30:7,3,-50,34.0576706,-117.1825714,379.00,1.75,WIFI
B2:5C:DA:BB:E3:C5,DIRECT-C5-HP OfficeJet Pro 7740,[WPA2_PSK],2025-12-1 17:30:7,3,-74,34.0576706,-117.1825714,379.00,1.75,WIFI
D8:8E:D4:88:61:04,,[WPA3_PSK],2025-12-1 17:30:10,6,-66,34.0580177,-117.1825714,379.00,1.75,WIFI
D8:8E:D4:88:61:0A,,[OPEN],2025-12-1 17:30:10,6,-67,34.0580177,-117.1825714,379.00,1.75,WIFI
D8:8E:D4:88:61:07,TheThreeStags_private,[WPA2_PSK],2025-12-1 17:30:10,6,-67,34.0580177,-117.1825714,379.00,1.75,WIFI
44:72:AC:54:E9:FB,CVR_5B154D50,[WPA_WPA2_PSK],2025-12-1 17:30:10,6,-79,34.0580177,-117.1825714,379.00,1.75,WIFI
C8:63:FC:6E:9E:E8,Frontier5568,[WPA2_PSK],2025-12-1 17:30:10,6,-79,34.0580177,-117.1825714,379.00,1.75,WIFI
0C:8D:DB:65:E3:2C,Greensleeves Steakhouse POS,[WPA2_PSK],2025-12-1 17:30:10,6,-79,34.0580177,-117.1825714,379.00,1.75,WIFI
06:8D:DB:65:E3:2C,Greensleeves Steakhouse Guest,[WPA_WPA2_PSK],2025-12-1 17:30:10,6,-79,34.0580177,-117.1825714,379.00,1.75,WIFI
AC:8B:A9:5F:AB:56,FCH-Admin,[WPA2_PSK],2025-12-1 17:30:10,6,-80,34.0580177,-117.1825714,379.00,1.75,WIFI
FC:9C:98:5A:F4:DB,ARLO_VMB_1931752199,[WPA2_PSK],2025-12-1 17:30:10,6,-80,34.0580177,-117.1825714,379.00,1.75,WIFI
B2:8B:A9:5F:AB:56,FCH-Staff,[WPA2_PSK],2025-12-1 17:30:10,6,-81,34.0580177,-117.1825714,379.00,1.75,WIFI
E8:AD:A6:55:F0:06,MySpectrumWiFi00-2G,[WPA2_PSK],2025-12-1 17:30:10,6,-90,34.0580177,-117.1825714,379.00,1.75,WIFI
A8:6E:84:F3:B3:E3,TP-Link_B3E3,[WPA2_PSK],2025-12-1 17:30:11,7,-53,34.0581284,-117.1825714,378.90,1.75,WIFI
AA:6E:84:A3:B3:E3,,[WPA2_PSK],2025-12-1 17:30:11,7,-63,34.0581284,-117.1825714,378.90,1.75,WIFI
08:33:ED:F8:34:70,ATT-WIFI-6072,[WPA2_WPA3_PSK],2025-12-1 17:30:14,9,-67,34.0584717,-117.1825638,378.80,1.75,WIFI
0A:33:ED:D8:34:70,,[WPA2_WPA3_PSK],2025-12-1 17:30:14,9,-69,34.0584717,-117.1825638,378.80,1.75,WIFI
98:03:8A:65:31:AD,SS_NLCS_1542,[WPA2_PSK],2025-12-1 17:30:14,9,-92,34.0584717,-117.1825638,378.80,1.75,WIFI
7C:DB:98:46:B6:4D,MySpectrumWiFi4F-2G,[WPA2_PSK],2025-12-1 17:30:16,11,-72,34.0586891,-117.1825638,378.70,1.75,WIFI
0C:8D:DB:65:9B:8E,Greensleeves Steakhouse POS,[WPA2_PSK],2025-12-1 17:30:16,11,-78,34.0586891,-117.1825638,378.70,1.75,WIFI
0A:8D:DB:65:9B:8E,Greensleeves Steakhouse Office,[WPA_WPA2_PSK],2025-12-1 17:30:16,11,-78,34.0586891,-117.1825638,378.70,1.75,WIFI
06:8D:DB:65:9B:8E,Greensleeves Steakhouse Guest,[WPA_WPA2_PSK],2025-12-1 17:30:16,11,-78,34.0586891,-117.1825638,378.70,1.75,WIFI
DC:92:72:E4:1A:8F,Frontier0573,[WPA2_PSK],2025-12-1 17:30:16,11,-79,34.0586891,-117.1825638,378.70,1.75,WIFI
80:2A:A8:4A:2B:87,ASLC,[WPA2_PSK],2025-12-1 17:30:16,11,-89,34.0586891,-117.1825638,378.70,1.75,WIFI
00:22:6C:2F:5F:62,,[WPA_WPA2_PSK],2025-12-1 17:30:16,11,-91,34.0586891,-117.1825638,378.70,1.75,WIFI
24:94:CB:3E:F6:48,Frontier0864,[WPA2_PSK],2025-12-1 17:30:16,11,-92,34.0586891,-117.1825638,378.70,1.75,WIFI
82:2A:A8:4A:2B:87,Patient Wireless,[WPA2_PSK],2025-12-1 17:30:16,11,-92,34.0586891,-117.1825638,378.70,1.75,WIFI
32:7B:C8:A7:95:96,,[WPA2_PSK],2025-12-1 17:30:19,1,-65,34.0589981,-117.1825638,378.70,1.75,WIFI
00:C8:96:CD:52:B2,,[WPA_WPA2_PSK],2025-12-1 17:30:19,1,-69,34.0589981,-117.1825638,378.70,1.75,WIFI
06:7B:C8:A7:95:96,SSW03,[WPA2_WPA3_PSK],2025-12-1 17:30:19,1,-70,34.0589981,-117.1825638,378.70,1.75,WIFI
0C:7B:C8:A7:95:96,SSW01,[WPA2],2025-12-1 17:30:19,1,-74,34.0589981,-117.1825638,378.70,1.75,WIFI
A6:D7:3C:95:88:64,DIRECT-3C-EPSON-950864,[WPA2_PSK],2025-12-1 17:30:19,1,-76,34.0589981,-117.1825638,378.70,1.75,WIFI
74:37:5F:EF:BD:97,SpectrumSetup-95,[WPA2_PSK],2025-12-1 17:30:19,1,-76,34.0589981,-117.1825638,378.70,1.75,WIFI
E6:63:DA:7D:5D:F7,VLB_Office,[WPA2_PSK],2025-12-1 17:30:19,1,-80,34.0589981,-117.1825638,378.70,1.75,WIFI
00:C8:96:04:0C:D8,,[WPA_WPA2_PSK],2025-12-1 17:30:19,1,-80,34.0589981,-117.1825638,378.70,1.75,WIFI
E0:63:DA:7D:5D:F7,VivaSecure,[WPA2_PSK],2025-12-1 17:30:19,1,-82,34.0589981,-117.1825638,378.70,1.75,WIFI
EA:63:DA:7D:5D:F7,Viva Redlands Guest,[WPA2_PSK],2025-12-1 17:30:19,1,-83,34.0589981,-117.1825638,378.70,1.75,WIFI
C2:C4:F9:C6:4B:DB,myChevrolet 4ADA,[WPA2_PSK],2025-12-1 17:30:19,1,-84,34.0589981,-117.1825638,378.70,1.75,WIFI
EE:63:DA:7D:5D:F7,,[WPA2_PSK],2025-12-1 17:30:19,1,-84,34.0589981,-117.1825638,378.70,1.75,WIFI
14:7D:05:9D:DB:CF,SpectrumSetup-CD,[WPA2_PSK],2025-12-1 17:30:25,6,-72,34.0594902,-117.1825638,378.50,1.75,WIFI
B2:00:73:64:A0:17,myChevrolet a017,[WPA2_PSK],2025-12-1 17:30:25,6,-73,34.0594902,-117.1825638,378.50,1.75,WIFI
6A:22:32:10:2D:EA,Viva Redlands Guest,[WPA2_PSK],2025-12-1 17:30:25,6,-75,34.0594902,-117.1825638,378.50,1.75,WIFI
66:22:32:10:2D:EA,VLB_Office,[WPA2_PSK],2025-12-1 17:30:25,6,-76,34.0594902,-117.1825638,378.50,1.75,WIFI
C8:B4:22:1A:26:24,MySpectrumWiFi26-2G,[WPA2_PSK],2025-12-1 17:30:25,6,-78,34.0594902,-117.1825638,378.50,1.75,WIFI
00:25:CA:B7:C9:27,Motive AABL36SE390907,[WPA2_PSK],2025-12-1 17:30:25,6,-81,34.0594902,-117.1825638,378.50,1.75,WIFI
B2:5C:DA:FC:F0:D1,DIRECT-D1-HP OfficeJet Pro 9020,[WPA2_PSK],2025-12-1 17:30:28,9,-88,34.0595818,-117.1825638,378.40,1.75,WIFI
2A:7E:80:EF:F0:59,DIRECT-roku-EMN-F34A3B,[WPA2_PSK],2025-12-1 17:30:28,9,-88,34.0595818,-117.1825638,378.40,1.75,WIFI
38:88:71:04:1C:30,Verizon_6GKF9K,[WPA2_PSK],2025-12-1 17:30:30,11,-74,34.0596085,-117.1825714,378.50,1.75,WIFI
00:0E:8F:72:F1:A4,iHub_00603503aad5,[WPA2_PSK],2025-12-1 17:30:30,11,-77,34.0596085,-117.1825714,378.50,1.75,WIFI
9A:51:AD:5D:68:DE,CHEVROLET_2761,[WPA2_WPA3_PSK],2025-12-1 17:30:30,11,-85,34.0596085,-117.1825714,378.50,1.75,WIFI
54:47:CC:E5:F2:26,Frontier2620,[WPA2_PSK],2025-12-1 17:30:30,11,-85,34.0596085,-117.1825714,378.50,1.75,WIFI
8E:71:4F:23:6C:62,Samsung Galaxy S7 edge 3890,[WPA2_PSK],2025-12-1 17:30:33,1,-78,34.0596962,-117.1827011,378.70,1.75,WIFI
CC:CF:83:AD:35:D4,,[WPA_WPA2_PSK],2025-12-1 17:30:33,1,-81,34.0596962,-117.1827011,378.70,1.75,WIFI
DA:55:A8:2D:E2:6F,,[WPA2_PSK],2025-12-1 17:30:33,1,-86,34.0596962,-117.1827011,378.70,1.75,WIFI
10:2C:B1:7F:AB:A9,,[WPA_WPA2_PSK],2025-12-1 17:30:37,4,-89,34.0597038,-117.1830902,378.10,1.75,WIFI
FC:DB:21:87:E6:F8,OAP,[WPA2_WPA3_PSK],2025-12-1 17:30:39,6,-75,34.0596962,-117.1833267,377.70,1.75,WIFI
A8:46:9D:29:20:0B,@Septembers Redlands Guest WiFi,[OPEN],2025-12-1 17:30:39,6,-85,34.0596962,-117.1833267,377.70,1.75,WIFI
AE:46:9D:29:20:0B,Septembers Redlands Staff WiFi,[WPA2_PSK],2025-12-1 17:30:39,6,-86,34.0596962,-117.1833267,377.70,1.75,WIFI
90:D3:CF:17:8B:A1,SpectrumSetup-AA,[WPA2_PSK],2025-12-1 17:30:39,6,-88,34.0596962,-117.1833267,377.70,1.75,WIFI
80:CC:9C:9F:46:F7,NETGEAR42,[WPA2_PSK],2025-12-1 17:30:43,10,-70,34.0597038,-117.1837616,377.20,1.75,WIFI
80:CC:9C:F4:06:9C,NETGEAR42,[WPA2_PSK],2025-12-1 17:30:43,10,-89,34.0597038,-117.1837616,377.20,1.75,WIFI
84:69:93:F1:61:C1,DIRECT-C0-HP OfficeJet Pro 6970,[WPA2_PSK],2025-12-1 17:30:44,11,-72,34.0597076,-117.1838837,377.10,1.75,WIFI
88:EF:16:EE:DF:78,Frontier4800,[WPA2_PSK],2025-12-1 17:30:44,11,-77,34.0597076,-117.1838837,377.10,1.75,WIFI
A0:7F:8A:4B:BC:27,SpectrumSetup-BC21,[WPA2_PSK],2025-12-1 17:30:44,11,-85,34.0597076,-117.1838837,377.10,1.75,WIFI
22:9F:C3:5B:B0:8F,,[WPA2_PSK],2025-12-1 17:30:44,11,-85,34.0597076,-117.1838837,377.10,1.75,WIFI
4C:19:5D:B4:1B:18,SpectrumSetup-12,[WPA2_PSK],2025-12-1 17:30:44,11,-92,34.0597076,-117.1838837,377.10,1.75,WIFI
64:67:72:45:78:76,TMOBILE-7874,[WPA2_WPA3_PSK],2025-12-1 17:30:49,2,-52,34.0596695,-117.1845093,376.00,1.75,WIFI
A8:9A:93:B2:0D:7E,MySpectrumWiFi78-2G,[WPA2_PSK],2025-12-1 17:30:53,6,-87,34.0596466,-117.1850357,375.50,2.25,WIFI
FC:98:16:A8:4A:17,TOYOTA RAV4-2.4g_a84a17,[WPA2_PSK],2025-12-1 17:30:55,8,-79,34.0596466,-117.1852646,375.10,2.25,WIFI
84:A0:6E:CA:3C:8E,RedLands Ramen-2G,[WPA2_PSK],2025-12-1 17:30:58,11,-73,34.0596428,-117.1855164,374.70,2.25,WIFI
1A:E8:29:94:A0:13,Hairajuku Guest,[WPA2_PSK],2025-12-1 17:30:58,11,-76,34.0596428,-117.1855164,374.70,2.25,WIFI
BC:A5:11:D9:F6:A7,NETGEAR89,[WPA2_PSK],2025-12-1 17:30:58,11,-79,34.0596428,-117.1855164,374.70,2.25,WIFI
00:30:44:66:64:58,TeslaWiFi_Mercury,[WPA2],2025-12-1 17:30:58,11,-81,34.0596428,-117.1855164,374.70,2.25,WIFI
E0:63:DA:31:BB:BF,REDLANDSRAMENPOS,[WPA2_PSK],2025-12-1 17:30:58,11,-84,34.0596428,-117.1855164,374.70,2.25,WIFI
8A:5A:85:4B:DC:FF,myChevrolet dcff,[WPA2_PSK],2025-12-1 17:30:58,11,-90,34.0596428,-117.1855164,374.70,2.25,WIFI
00:30:44:A1:D4:64,R1900-463,[WPA2_PSK],2025-12-1 17:31:1,1,-70,34.0595856,-117.1856537,374.60,2.25,WIFI
EE:CB:BC:91:61:C9,sip,[WPA2],2025-12-1 17:31:1,1,-77,34.0595856,-117.1856537,374.60,2.25,WIFI
A0:89:66:90:3E:68,,[WPA_WPA2_PSK],2025-12-1 17:31:1,1,-78,34.0595856,-117.1856537,374.60,2.25,WIFI
30:93:BC:7D:69:D6,MySpectrumWiFid0-2G,[WPA2_PSK],2025-12-1 17:31:1,1,-90,34.0595856,-117.1856537,374.60,2.25,WIFI
64:CB:E9:F2:9F:57,RESU_64CBE9F29F56,[WPA_WPA2_PSK],2025-12-1 17:31:4,3,-89,34.0594711,-117.1856766,375.10,2.25,WIFI
C8:B4:22:03:2D:6B,MySpectrumWiFi6D-2G,[WPA2_PSK],2025-12-1 17:31:7,6,-69,34.0593605,-117.1856766,374.90,1.75,WIFI
68:D7:9A:8A:BF:21,JRiley-Corporate,[WPA2_PSK],2025-12-1 17:31:12,11,-83,34.0592690,-117.1857529,373.90,1.75,WIFI
72:D7:9A:8A:BF:21,JRiley-IoT,[WPA2_PSK],2025-12-1 17:31:12,11,-84,34.0592690,-117.1857529,373.90,1.75,WIFI
6E:D7:9A:8A:BF:21,JRiley-POS,[WPA2_PSK],2025-12-1 17:31:12,11,-85,34.0592690,-117.1857529,373.90,1.75,WIFI
76:D7:9A:8A:BF:21,,[WPA2_PSK],2025-12-1 17:31:12,11,-85,34.0592690,-117.1857529,373.90,1.75,WIFI
8C:5A:25:6E:2E:B2,Verizon-2EB6,[WPA2_PSK],2025-12-1 17:31:12,11,-90,34.0592690,-117.1857529,373.90,1.75,WIFI
E0:CB:BC:91:61:C9,Starbucks WiFi,[OPEN],2025-12-1 17:31:15,1,-77,34.0593147,-117.1858063,373.80,1.75,WIFI
E6:CB:BC:91:62:22,smll,[WPA2],2025-12-1 17:31:26,11,-73,34.0593262,-117.1858139,374.20,1.75,WIFI
EA:CB:BC:91:62:22,notes,[WPA2_PSK],2025-12-1 17:31:26,11,-75,34.0593262,-117.1858139,374.20,1.75,WIFI
EE:CB:BC:91:62:22,sip,[WPA2],2025-12-1 17:31:26,11,-75,34.0593262,-117.1858139,374.20,1.75,WIFI
E6:CB:BC:91:61:C9,smll,[WPA2],2025-12-1 17:31:29,1,-75,34.0593262,-117.1858139,374.30,1.75,WIFI
14:42:FC:84:94:57,Vive-017d837a-#5693,[WPA2_PSK],2025-12-1 17:31:36,7,-84,34.0593338,-117.1858139,374.70,1.75,WIFI
EA:CB:BC:91:61:C9,notes,[WPA2_PSK],2025-12-1 17:31:43,1,-77,34.0593376,-117.1858215,375.00,1.75,WIFI
00:14:3E:1F:D2:60,GMREPCR,[WPA2_PSK],2025-12-1 17:31:49,6,-91,34.0593376,-117.1858215,375.10,1.75,WIFI
54:AF:97:06:3D:FB,S3XY NAIL LOUNGE,[WPA2_PSK],2025-12-1 17:31:51,8,-86,34.0593376,-117.1858215,375.10,1.75,WIFI
BA:AF:97:06:3D:FD,,[WPA2_PSK],2025-12-1 17:31:51,8,-87,34.0593376,-117.1858215,375.10,1.75,WIFI
E0:CB:BC:91:62:22,Starbucks WiFi,[OPEN],2025-12-1 17:31:54,11,-75,34.0593376,-117.1858215,375.10,1.75,WIFI
D8:A7:56:70:DF:36,MySpectrumWiFi30-2G,[WPA2_PSK],2025-12-1 17:31:54,11,-87,34.0593376,-117.1858215,375.10,1.75,WIFI
5A:E4:03:00:70:4A,myGMC 704A,[WPA2_PSK],2025-12-1 17:32:19,7,-88,34.0593338,-117.1858139,374.90,1.75,WIFI
24:F3:E3:F2:0D:46,Corados,[WPA2_PSK],2025-12-1 17:32:26,1,-85,34.0593338,-117.1858139,375.00,1.75,WIFI
F0:AB:54:61:92:58,TLR0015b,[WPA2_PSK],2025-12-1 17:32:32,6,-89,34.0593262,-117.1858139,375.10,1.75,WIFI
96:46:9D:1D:EF:4D,,[WPA2_PSK],2025-12-1 17:32:32,6,-91,34.0593262,-117.1858139,375.10,1.75,WIFI
18:E8:29:94:A0:13,Hairajuku,[WPA2_PSK],2025-12-1 17:32:37,11,-90,34.0593262,-117.1858139,375.30,1.75,WIFI
AC:DF:9F:16:BF:02,TMOBILE-BF00,[WPA2_WPA3_PSK],2025-12-1 17:33:8,1,-87,34.0593338,-117.1858139,375.70,2.00,WIFI
F4:52:46:AC:FF:E9,SpectrumSetup-EB,[WPA2_PSK],2025-12-1 17:33:8,1,-92,34.0593338,-117.1858139,375.70,2.00,WIFI
BE:42:8C:CD:B4:55,myChevrolet,[WPA2_PSK],2025-12-1 17:33:22,1,-76,34.0593262,-117.1858139,375.80,2.00,WIFI
24:F3:E3:F2:0D:43,,[WPA3_PSK],2025-12-1 17:33:36,1,-84,34.0593262,-117.1858139,376.00,2.00,WIFI
E8:1D:A8:7E:57:E3,Recover.Me-3E57E0,[WPA2_PSK],2025-12-1 17:33:36,1,-94,34.0593262,-117.1858139,376.00,2.00,WIFI
62:E6:F0:10:30:84,Larchi Jr Truck,[WPA2_PSK],2025-12-1 17:33:47,11,-90,34.0593262,-117.1858139,376.20,2.00,WIFI
24:41:FE:85:76:1A,Verizon_BT3RGJ,[WPA2_PSK],2025-12-1 17:34:3,1,-91,34.0593262,-117.1858139,376.90,2.00,WIFI
24:F3:E3:F2:0D:49,,[OPEN],2025-12-1 17:34:31,1,-84,34.0593262,-117.1858139,377.80,1.75,WIFI
FC:DB:21:87:EB:6D,OAP,[WPA2_WPA3_PSK],2025-12-1 17:35:5,6,-87,34.0593262,-117.1858215,378.30,1.75,WIFI
AC:DF:15:17:BF:02,Strange1on3,[WPA2_WPA3_PSK],2025-12-1 17:35:13,1,-91,34.0593262,-117.1858215,378.50,1.75,WIFI
FC:DB:21:63:E6:F5,Living Water ELD,[WPA2_WPA3_PSK],2025-12-1 17:35:19,6,-89,34.0593262,-117.1858215,378.50,1.75,WIFI
F8:55:CD:DC:3B:15,HotspotpnPW,[WPA_WPA2_PSK],2025-12-1 17:36:44,6,-82,34.0593338,-117.1858215,378.60,1.75,WIFI
7A:01:B1:3B:B3:B1,Dash-6066,[WPA2_PSK],2025-12-1 17:37:20,1,-85,34.0593338,-117.1858215,378.50,1.75,WIFI
28:38:5C:3F:B2:C6,HotspotSrMV,[WPA_WPA2_PSK],2025-12-1 17:37:26,6,-88,34.0593338,-117.1858215,378.50,1.75,WIFI
78:61:7C:68:79:90,philthy1,[WPA2_PSK],2025-12-1 17:38:27,11,-83,34.0593262,-117.1858215,378.10,1.75,WIFI
00:25:CA:43:A5:0D,KeepTruckin Hotspot - 01372628,[WPA2_PSK],2025-12-1 17:38:50,6,-88,34.0593262,-117.1858215,378.10,1.75,WIFI
E6:63:DA:31:BB:BF,,[WPA2_PSK],2025-12-1 17:39:23,11,-94,34.0593262,-117.1858215,378.00,1.75,WIFI
D2:40:EF:75:30:46,My VW 1190,[WPA2_PSK],2025-12-1 17:39:46,6,-83,34.0593338,-117.1858215,377.90,1.75,WIFI
84:70:51:D9:40:9D,TOYOTA Land Cruiser-2.4g_d9409d,[WPA2_PSK],2025-12-1 17:40:21,1,-90,34.0593376,-117.1858292,378.00,1.75,WIFI
CE:9E:43:9B:04:E0,CookieWiFi,[WPA2_PSK],2025-12-1 17:40:39,3,-94,34.0593338,-117.1858215,378.10,1.75,WIFI
9A:49:14:1B:69:A1,barkergmc,[WPA2_PSK],2025-12-1 17:41:15,11,-82,34.0593338,-117.1858215,378.10,1.75,WIFI
D2:9E:43:9B:04:E0,,[WPA2_PSK],2025-12-1 17:41:21,3,-93,34.0593338,-117.1858215,378.10,1.75,WIFI
A8:40:0B:4E:8E:C1,Hotspot5gS4,[WPA_WPA2_PSK],2025-12-1 17:41:24,6,-85,34.0593338,-117.1858215,378.10,1.50,WIFI
26:CD:8D:2E:4F:E6,DIRECT-Lf-Car_47dc,[WPA2_PSK],2025-12-1 17:41:46,1,-86,34.0593338,-117.1858215,378.10,1.50,WIFI
00:25:CA:9C:8B:9F,Motive AABL36MD442716,[WPA2_PSK],2025-12-1 17:42:20,6,-94,34.0593338,-117.1858215,378.10,1.75,WIFI
12:E8:A7:98:92:C4,myChevrolet 92C4,[WPA2_PSK],2025-12-1 17:42:36,7,-90,34.0593338,-117.1858215,378.00,1.75,WIFI
00:30:44:4C:B9:BE,E300-9bc,[WPA2_PSK],2025-12-1 17:42:54,11,-93,34.0593338,-117.1858215,378.00,1.50,WIFI
FC:DB:21:96:CE:52,TapiaWiFi,[WPA2_WPA3_PSK],2025-12-1 17:43:44,6,-83,34.0593338,-117.1858292,378.20,1.75,WIFI
FC:DB:21:87:DA:10,OAP,[WPA2_WPA3_PSK],2025-12-1 17:43:58,6,-93,34.0593338,-117.1858292,378.20,1.75,WIFI
12:E8:A7:B3:F1:1B,2022chevytruck,[WPA2_PSK],2025-12-1 17:44:41,7,-92,34.0593338,-117.1858292,378.10,1.75,WIFI
20:F3:75:3C:1E:02,Verizon-1E06,[WPA2_PSK],2025-12-1 17:45:2,1,-93,34.0593338,-117.1858292,377.90,1.75,WIFI
2E:D1:C6:68:4A:27,DIRECT-kE-Car_b070,[WPA2_PSK],2025-12-1 17:45:8,6,-89,34.0593338,-117.1858292,377.90,1.75,WIFI
00:25:CA:6A:7E:4F,sdp5g,[WPA2_PSK],2025-12-1 17:45:16,1,-90,34.0593338,-117.1858292,377.80,1.75,WIFI
7C:0C:F6:0C:16:6A,Dash-2473,[WPA2_PSK],2025-12-1 17:45:36,6,-89,34.0593338,-117.1858292,377.80,1.50,WIFI
FC:98:16:BF:C3:CD,TOYOTA Corolla-2.4g_bfc3cd,[WPA2_PSK],2025-12-1 17:46:35,8,-94,34.0593338,-117.1858215,377.90,1.50,WIFI
FC:DB:21:19:61:91,NTS-Samsara,[WPA2_PSK],2025-12-1 17:47:1,6,-91,34.0593338,-117.1858292,377.90,1.50,WIFI
10:98:C3:CC:BB:DE,LEXUS ES_BBDEC3CC1098,[WPA2_PSK],2025-12-1 17:47:6,11,-77,34.0593338,-117.1858292,377.90,1.50,WIFI
9E:D4:A7:65:1B:1E,GMC5658,[WPA2_WPA3_PSK],2025-12-1 17:48:39,6,-85,34.0593376,-117.1858292,377.90,1.50,WIFI
FA:38:69:B6:25:E1,My VW 3684,[WPA2_PSK],2025-12-1 17:48:53,6,-90,34.0593376,-117.1858368,377.90,1.50,WIFI
2E:D1:C6:B4:C8:F0,My VW 7346,[WPA2_PSK],2025-12-1 17:50:59,6,-90,34.0593376,-117.1858368,378.10,1.50,WIFI
4C:19:5D:4F:01:6A,SpectrumSetup-64,[WPA2_PSK],2025-12-1 17:51:13,6,-94,34.0593376,-117.1858368,378.10,1.50,WIFI
7C:0C:F6:0B:84:40,Dash-3206,[WPA2_PSK],2025-12-1 17:51:41,6,-94,34.0593338,-117.1858368,378.00,1.50,WIFI
62:E6:F0:19:75:0C,WilsonWiFi,[WPA2_PSK],2025-12-1 17:52:10,7,-92,34.0593338,-117.1858444,378.00,1.50,WIFI
78:61:7C:22:92:A4,RodriguezSilverado,[WPA2_PSK],2025-12-1 17:52:37,6,-68,34.0593262,-117.1858444,378.00,1.50,WIFI
FC:DB:21:23:64:74,S_ELD_HS,[WPA2_PSK],2025-12-1 17:54:2,6,-95,34.0593262,-117.1858444,378.10,1.50,WIFI
02:17:1A:D6:9C:9A,,[WPA2_PSK],2025-12-1 17:54:21,11,-75,34.0593224,-117.1858444,378.10,1.50,WIFI
00:17:1A:D6:9C:9A,Winegard2ghzD69C99,[WPA2_PSK],2025-12-1 17:54:21,11,-76,34.0593224,-117.1858444,378.10,1.50,WIFI
FC:DB:21:55:6F:36,TelematicDevices,[WPA2_PSK],2025-12-1 17:54:44,6,-75,34.0593185,-117.1858368,378.10,1.50,WIFI
CE:00:33:38:E3:BA,PhilipsChevy,[WPA2_WPA3_PSK],2025-12-1 17:54:44,6,-94,34.0593185,-117.1858368,378.10,1.50,WIFI
66:E2:20:4E:7E:69,MBUX 29174,[WPA2_WPA3_PSK],2025-12-1 17:56:7,6,-85,34.0593262,-117.1858368,378.20,1.50,WIFI
5A:E4:03:FD:5E:40,myChevrolet 5E40,[WPA2_PSK],2025-12-1 17:56:37,7,-95,34.0593262,-117.1858368,378.30,1.50,WIFI
BC:FD:0C:AA:A1:17,70mai_M300_a117,[WPA_WPA2_PSK],2025-12-1 17:56:50,6,-88,34.0593262,-117.1858368,378.30,1.50,WIFI
F8:96:FE:3E:86:C8,MBUX 50105,[WPA2_WPA3_PSK],2025-12-1 17:57:51,11,-87,34.0593262,-117.1858368,378.20,1.75,WIFI
94:09:C9:13:E4:74,MY ROGUE7801,[WPA2_WPA3_PSK],2025-12-1 17:58:8,1,-77,34.0593262,-117.1858292,378.20,1.75,WIFI
EC:6E:79:05:A1:72,1768,[WPA2_PSK],2025-12-1 17:58:22,1,-91,34.0593262,-117.1858292,378.20,1.75,WIFI
E0:2D:F0:22:24:19,TOYOTA Corolla-2.4g_222419,[WPA2_PSK],2025-12-1 17:58:22,1,-92,34.0593262,-117.1858292,378.20,1.75,WIFI
F8:55:CD:88:DA:A0,Hotspot3pik,[WPA_WPA2_PSK],2025-12-1 17:59:24,6,-92,34.0593262,-117.1858368,378.20,1.75,WIFI
F0:A8:82:7F:3D:51,8B5031RR,[WPA2_PSK],2025-12-1 18:0:14,1,-86,34.0593338,-117.1858368,378.30,1.75,WIFI
DC:FE:23:9D:6D:E1,MB Hotspot 25837,[WPA2_PSK],2025-12-1 18:1:8,13,-93,34.0593338,-117.1858368,378.30,1.75,WIFI
12:E8:A7:C0:AA:F0,myGMC AAF0,[WPA2_PSK],2025-12-1 18:2:27,7,-91,34.0593338,-117.1858368,378.30,1.75,WIFI
00:54:AF:90:68:35,Hotspot6835,[WPA_WPA2_PSK],2025-12-1 18:2:40,6,-79,34.0593338,-117.1858444,378.30,1.75,WIFI
5A:E4:03:A1:60:BD,myChevrolet 60bd,[WPA2_PSK],2025-12-1 18:2:54,6,-88,34.0593338,-117.1858444,378.30,1.75,WIFI
02:54:AF:F5:D4:1A,HotspotD41A,[WPA_WPA2_PSK],2025-12-1 18:2:59,11,-85,34.0593338,-117.1858444,378.30,1.75,WIFI
60:22:32:23:F5:5A,Magic Tongue,[WPA2_PSK],2025-12-1 18:3:15,1,-94,34.0593338,-117.1858444,378.20,1.75,WIFI
12:E8:A7:2B:D0:D8,myChevrolet d0d8,[WPA2_PSK],2025-12-1 18:4:9,11,-82,34.0593376,-117.1858444,378.00,1.75,WIFI
30:0E:B8:33:24:D7,CAR-2455,[WPA2_PSK],2025-12-1 18:5:22,1,-88,34.0593376,-117.1858368,377.90,1.75,WIFI
00:30:44:75:B1:A5,,[WPA2],2025-12-1 18:5:28,6,-87,34.0593376,-117.1858368,377.90,1.75,WIFI
CE:60:79:62:87:12,Audi_MMI_4660,[WPA2_PSK],2025-12-1 18:5:28,6,-93,34.0593376,-117.1858368,377.90,1.75,WIFI
00:30:44:47:2E:65,,[WPA2],2025-12-1 18:5:33,11,-84,34.0593376,-117.1858368,377.90,1.75,WIFI
66:31:F8:60:36:92,MOMSZ71,[WPA2_WPA3_PSK],2025-12-1 18:6:10,6,-82,34.0593376,-117.1858368,377.90,1.75,WIFI
8A:82:30:04:3F:2C,Bpixel3,[WPA2_PSK],2025-12-1 18:6:17,1,-83,34.0593376,-117.1858368,377.90,1.75,WIFI
94:A6:7E:29:6A:C6,Verizon-1E06_2GEXT,[WPA2_PSK],2025-12-1 18:6:31,1,-93,34.0593185,-117.1858292,378.00,1.75,WIFI
A2:46:9D:1D:EF:4D,,[WPA2_PSK],2025-12-1 18:6:52,6,-81,34.0594368,-117.1857758,376.30,1.75,WIFI
BE:46:9D:1D:EF:4D,,[WPA2_PSK],2025-12-1 18:6:52,6,-81,34.0594368,-117.1857758,376.30,1.75,WIFI
A6:46:9D:1D:EF:4D,Cinema POS,[WPA2_PSK],2025-12-1 18:6:52,6,-82,34.0594368,-117.1857758,376.30,1.75,WIFI
B6:46:9D:1D:EF:4D,,[WPA2_PSK],2025-12-1 18:6:52,6,-82,34.0594368,-117.1857758,376.30,1.75,WIFI
AE:46:9D:1D:EF:4D,Cinema Secure,[WPA2_PSK],2025-12-1 18:6:52,6,-83,34.0594368,-117.1857758,376.30,1.75,WIFI
BA:46:9D:1D:EF:4D,Cinema Staff,[WPA2_PSK],2025-12-1 18:6:52,6,-83,34.0594368,-117.1857758,376.30,1.75,WIFI
B2:46:9D:1D:EF:4D,OneDine - 5ghz,[WPA2_PSK],2025-12-1 18:6:52,6,-83,34.0594368,-117.1857758,376.30,1.75,WIFI
00:54:AF:F2:E4:72,HotspotE472,[WPA_WPA2_PSK],2025-12-1 18:6:52,6,-91,34.0594368,-117.1857758,376.30,1.75,WIFI
BE:6B:5A:FC:97:8B,,[WPA2_PSK],2025-12-1 18:6:52,6,-93,34.0594368,-117.1857758,376.30,1.75,WIFI
24:5A:4C:A8:D5:B0,COOKIEPOS,[WPA2_PSK],2025-12-1 18:7:6,6,-92,34.0596199,-117.1853638,376.50,1.75,WIFI
32:24:A9:F6:CE:BF,DIRECT-bf-HP M29 LaserJet,[WPA2_PSK],2025-12-1 18:7:6,6,-93,34.0596199,-117.1853638,376.50,1.75,WIFI
26:5A:4C:98:D5:B0,,[WPA2_PSK],2025-12-1 18:7:6,6,-93,34.0596199,-117.1853638,376.50,1.75,WIFI
48:A9:8A:CC:5A:9E,UGS WiFi,[WPA2_PSK],2025-12-1 18:7:13,1,-87,34.0596390,-117.1845627,378.70,1.75,WIFI
E8:9C:25:52:92:10,NETGEAR19,[WPA2_PSK],2025-12-1 18:7:16,2,-79,34.0596695,-117.1842270,379.50,1.75,WIFI
D0:6D:C9:39:E9:06,Frontier0518,[WPA2_PSK],2025-12-1 18:7:20,6,-67,34.0596542,-117.1837387,380.50,1.75,WIFI
00:30:44:37:87:2A,,[WPA2_PSK],2025-12-1 18:7:20,6,-76,34.0596542,-117.1837387,380.50,1.75,WIFI
FC:DB:21:87:9E:C1,OAP,[WPA2_WPA3_PSK],2025-12-1 18:7:20,6,-87,34.0596542,-117.1837387,380.50,1.75,WIFI
AA:48:FA:D8:26:2D,ESP_D8262D,[OPEN],2025-12-1 18:7:20,6,-92,34.0596542,-117.1837387,380.50,1.75,WIFI
2C:00:AB:D8:1E:78,ANYTIME FITNESS STAFF,[WPA2_PSK],2025-12-1 18:7:23,9,-94,34.0596504,-117.1833649,381.10,1.75,WIFI
62:00:AB:D8:1E:79,ANYTIME FITNESS GUEST,[WPA2_PSK],2025-12-1 18:7:23,9,-94,34.0596504,-117.1833649,381.10,1.75,WIFI
7C:DB:98:11:C2:B5,MySpectrumWiFib7-2G,[WPA2_PSK],2025-12-1 18:7:25,11,-70,34.0596466,-117.1831284,381.60,1.75,WIFI
BE:FF:4D:CF:0C:80,MYDMX-WIFI,[WPA_WPA2_PSK],2025-12-1 18:7:25,11,-91,34.0596466,-117.1831284,381.60,1.75,WIFI
60:22:32:10:2D:EA,VivaSecure,[WPA2_PSK],2025-12-1 18:7:34,6,-68,34.0596504,-117.1827621,382.30,1.75,WIFI
6E:22:32:10:2D:EA,,[WPA2_PSK],2025-12-1 18:7:34,6,-68,34.0596504,-117.1827621,382.30,1.75,WIFI
1C:3B:F3:15:19:5B,TP-LINK_Smart Plug_195B,[OPEN],2025-12-1 18:7:34,6,-82,34.0596504,-117.1827621,382.30,1.75,WIFI
18:EE:86:21:0B:06,INS-FG2000-0B06,[WPA2_WPA3_PSK],2025-12-1 18:7:39,11,-81,34.0596504,-117.1827621,382.30,1.75,WIFI
1E:EE:86:21:0B:06,INS-FG2000-Guest-0B05,[WPA2_WPA3_PSK],2025-12-1 18:7:39,11,-81,34.0596504,-117.1827621,382.30,1.75,WIFI
9C:05:D6:35:D0:06,KROPS,[WPA2_PSK],2025-12-1 18:8:2,6,-92,34.0596542,-117.1827545,381.80,1.75,WIFI
DA:55:A8:1A:9D:8A,,[WPA2_PSK],2025-12-1 18:8:7,11,-86,34.0596542,-117.1827545,381.80,1.75,WIFI
00:0A:86:B3:68:36,i550_Entrematic,[WPA2_PSK],2025-12-1 18:8:10,1,-84,34.0596504,-117.1827011,381.90,1.75,WIFI
74:93:DA:44:8A:11,SpectrumSetup-13,[WPA2_PSK],2025-12-1 18:8:16,6,-77,34.0596466,-117.1824188,382.10,1.75,WIFI
4E:31:2D:03:1E:EF,DIRECT-roku-UGH-827095,[WPA2_PSK],2025-12-1 18:8:19,9,-90,34.0596466,-117.1823425,382.30,1.75,WIFI
DA:55:A8:1A:A1:33,,[WPA2_PSK],2025-12-1 18:8:21,11,-83,34.0596466,-117.1822891,382.40,1.75,WIFI
60:26:EF:B6:8A:E3,PDS-IOT,[WPA2_PSK],2025-12-1 18:8:24,1,-77,34.0596466,-117.1822128,382.50,1.75,WIFI
60:26:EF:B6:8A:E5,CLINICAL,[WPA2_PSK],2025-12-1 18:8:24,1,-78,34.0596466,-117.1822128,382.50,1.75,WIFI
60:26:EF:B6:8A:E6,PDS-POST,[WPA2_PSK],2025-12-1 18:8:24,1,-78,34.0596466,-117.1822128,382.50,1.75,WIFI
60:26:EF:B6:8A:E0,PDSI,[WPA2_PSK],2025-12-1 18:8:24,1,-79,34.0596466,-117.1822128,382.50,1.75,WIFI
60:26:EF:B6:8A:E4,PDS-TEAM,[WPA2],2025-12-1 18:8:24,1,-80,34.0596466,-117.1822128,382.50,1.75,WIFI
DC:92:72:E5:30:7F,Frontier0414,[WPA2_PSK],2025-12-1 18:8:30,6,-77,34.0596542,-117.1820297,383.20,1.75,WIFI
A4:97:33:B4:59:55,SpectrumSetup-57,[WPA2_PSK],2025-12-1 18:8:30,6,-77,34.0596542,-117.1820297,383.20,1.75,WIFI
04:17:B6:F0:4B:6C,,[WPA_WPA2_PSK],2025-12-1 18:8:34,10,-72,34.0596657,-117.1818237,383.70,1.75,WIFI
06:30:44:B2:45:85,H&R Block Guests,[OPEN],2025-12-1 18:8:35,11,-85,34.0596657,-117.1817703,383.80,1.75,WIFI
F8:AA:3F:EB:DF:97,5 Points Nails and Spa(Office),[WPA2_PSK],2025-12-1 18:8:38,1,-67,34.0596657,-117.1816406,384.00,1.75,WIFI
BA:AA:3F:EB:DF:97,5 Points Nails and Spa(Guest),[WPA2_PSK],2025-12-1 18:8:38,1,-68,34.0596657,-117.1816406,384.00,1.75,WIFI
A4:AE:9A:07:3C:D2,GiFi_9178,[WPA_WPA2_PSK],2025-12-1 18:8:38,1,-74,34.0596657,-117.1816406,384.00,1.75,WIFI
C0:4E:30:19:42:39,WF2_c04e30194238,[WPA_WPA2_PSK],2025-12-1 18:8:38,1,-75,34.0596657,-117.1816406,384.00,1.75,WIFI
DA:55:A8:2D:E2:63,,[WPA2_PSK],2025-12-1 18:8:38,1,-77,34.0596657,-117.1816406,384.00,1.75,WIFI
D0:6D:C9:39:67:A6,Frontier0319,[WPA2_PSK],2025-12-1 18:8:38,1,-80,34.0596657,-117.1816406,384.00,1.75,WIFI
C0:4E:30:19:42:4D,WF2_c04e3019424c,[WPA_WPA2_PSK],2025-12-1 18:8:38,1,-81,34.0596657,-117.1816406,384.00,1.75,WIFI
FC:7F:F1:51:1F:22,OMF-Guest,[WPA2_PSK],2025-12-1 18:8:38,1,-84,34.0596657,-117.1816406,384.00,1.75,WIFI
24:41:FE:E3:85:52,Verizon_PCW4RB,[WPA2_PSK],2025-12-1 18:8:38,1,-85,34.0596657,-117.1816406,384.00,1.75,WIFI
98:1E:19:52:BF:AE,MySpectrumWiFia8-2G,[WPA2_PSK],2025-12-1 18:8:38,1,-86,34.0596657,-117.1816406,384.00,1.75,WIFI
60:26:EF:B6:8A:E2,,[WPA2_PSK],2025-12-1 18:8:38,1,-90,34.0596657,-117.1816406,384.00,1.75,WIFI
3A:1A:52:8C:A5:01,DIRECT-528C2501,[WPA2_PSK],2025-12-1 18:8:38,1,-91,34.0596657,-117.1816406,384.00,1.75,WIFI
94:18:65:D3:01:D7,LegalEase,[WPA2_PSK],2025-12-1 18:8:40,2,-78,34.0596657,-117.1815796,384.00,1.75,WIFI
8A:18:65:D3:01:D8,LegalEase-Guest,[WPA2_PSK],2025-12-1 18:8:40,2,-78,34.0596657,-117.1815796,384.00,1.75,WIFI
2A:56:5A:A6:7A:47,DIRECT-47-HP M426 LaserJet,[WPA2_PSK],2025-12-1 18:8:45,6,-70,34.0596619,-117.1814728,384.20,1.75,WIFI
A6:18:88:72:86:2E,,[WPA2_PSK],2025-12-1 18:8:45,6,-75,34.0596619,-117.1814728,384.20,1.75,WIFI
8E:18:88:72:86:2E,rkiosk,[WPA_WPA2_PSK],2025-12-1 18:8:45,6,-76,34.0596619,-117.1814728,384.20,1.75,WIFI
BE:18:88:72:86:2E,rKiosk,[WPA_WPA2_PSK],2025-12-1 18:8:45,6,-76,34.0596619,-117.1814728,384.20,1.75,WIFI
B2:18:88:72:86:2E,ESL,[WPA_WPA2_PSK],2025-12-1 18:8:45,6,-77,34.0596619,-117.1814728,384.20,1.75,WIFI
BA:18:88:72:86:2E,BRCD25329,[WPA2_PSK],2025-12-1 18:8:45,6,-79,34.0596619,-117.1814728,384.20,1.75,WIFI
7E:E9:36:B5:EC:3D,It’s Me! 🤔😎,[WPA2_PSK],2025-12-1 18:8:45,6,-90,34.0596619,-117.1814728,384.20,1.75,WIFI
F6:52:46:18:F8:5D,,[WPA2_WPA3_PSK],2025-12-1 18:8:47,8,-85,34.0596542,-117.1814346,384.30,1.75,WIFI
F4:52:46:38:F8:5D,ATT-WIFI-8484,[WPA2_WPA3_PSK],2025-12-1 18:8:47,8,-87,34.0596542,-117.1814346,384.30,1.75,WIFI
F8:08:4F:D9:1C:66,MySpectrumWiFi60-2G,[WPA2_PSK],2025-12-1 18:8:50,11,-81,34.0596046,-117.1814117,384.30,1.75,WIFI
94:3C:96:F6:34:66,Frontier0027,[WPA2_PSK],2025-12-1 18:8:50,11,-89,34.0596046,-117.1814117,384.30,1.75,WIFI
4C:12:65:15:F7:98,Frontier0752,[WPA2_PSK],2025-12-1 18:8:50,11,-90,34.0596046,-117.1814117,384.30,1.75,WIFI
DA:55:A8:2D:E2:60,,[WPA2_PSK],2025-12-1 18:8:53,1,-69,34.0595398,-117.1813965,384.00,1.75,WIFI
FC:7F:F1:51:1F:21,,[WPA2_PSK],2025-12-1 18:8:53,1,-72,34.0595398,-117.1813965,384.00,1.75,WIFI
FC:7F:F1:51:1F:20,CorpSecure,[WPA2],2025-12-1 18:8:53,1,-75,34.0595398,-117.1813965,384.00,1.75,WIFI
16:CB:19:34:BF:A9,DIRECT-A9-HP OfficeJet Pro 9020,[WPA2_PSK],2025-12-1 18:8:59,6,-85,34.0595245,-117.1813049,383.00,1.75,WIFI
00:30:44:B2:45:85,,[WPA2_PSK],2025-12-1 18:9:4,11,-71,34.0595245,-117.1813049,383.30,2.25,WIFI
18:A5:FF:19:8E:3C,446orange,[WPA2_WPA3_PSK],2025-12-1 18:9:12,6,-74,34.0595207,-117.1812973,383.40,2.25,WIFI
98:ED:7E:1E:13:4A,,[OPEN],2025-12-1 18:9:12,6,-80,34.0595207,-117.1812973,383.40,2.25,WIFI
98:ED:7E:1E:13:47,Orange Plaza Dentistry,[WPA2_PSK],2025-12-1 18:9:12,6,-80,34.0595207,-117.1812973,383.40,2.25,WIFI
BC:82:5D:5D:CC:B5,Mokey 61,[WPA2_PSK],2025-12-1 18:9:26,6,-69,34.0595207,-117.1812973,383.70,2.25,WIFI
80:E5:40:DC:D3:D8,Frontier0080,[WPA2_PSK],2025-12-1 18:9:26,6,-84,34.0595207,-117.1812973,383.70,2.25,WIFI
60:26:EF:B5:DD:C4,PDS-TEAM,[WPA2],2025-12-1 18:9:26,6,-88,34.0595207,-117.1812973,383.70,2.25,WIFI
60:26:EF:B5:DD:C3,PDS-IOT,[WPA2_PSK],2025-12-1 18:9:26,6,-90,34.0595207,-117.1812973,383.70,2.25,WIFI
98:ED:7E:1E:13:50,Orange Plaza Dentistry Guest,[WPA2_PSK],2025-12-1 18:9:54,6,-76,34.0595245,-117.1812973,384.10,2.25,WIFI
98:ED:7E:1E:13:44,,[WPA3_PSK],2025-12-1 18:9:54,6,-77,34.0595245,-117.1812973,384.10,2.25,WIFI
00:C8:96:2C:34:CC,,[WPA_WPA2_PSK],2025-12-1 18:10:15,1,-84,34.0595245,-117.1812973,384.00,2.25,WIFI
9C:C9:EB:52:02:28,,[WPA2_PSK],2025-12-1 18:10:22,6,-82,34.0595284,-117.1812897,384.00,2.25,WIFI
24:94:CB:1C:4B:98,Frontier8944,[WPA2_PSK],2025-12-1 18:10:27,11,-85,34.0595284,-117.1812897,384.00,2.25,WIFI
56:91:E3:0F:2F:9E,Affinity Guest,[WPA_WPA2_PSK],2025-12-1 18:10:27,11,-87,34.0595284,-117.1812897,384.00,2.25,WIFI
80:E5:40:EB:FD:A8,Frontier3824,[WPA2_PSK],2025-12-1 18:10:27,11,-88,34.0595284,-117.1812897,384.00,2.25,WIFI
08:33:ED:BE:E2:C5,SpectrumSetup-C7,[WPA2_PSK],2025-12-1 18:10:36,6,-76,34.0595284,-117.1812897,383.90,2.25,WIFI
50:91:E3:0F:2F:9E,AFFINITY,[WPA_WPA2_PSK],2025-12-1 18:10:41,11,-86,34.0595284,-117.1812897,384.00,2.25,WIFI
2C:00:AB:94:B0:C8,Frontier0656,[WPA2_PSK],2025-12-1 18:10:41,11,-90,34.0595284,-117.1812897,384.00,2.25,WIFI
56:64:DE:98:3B:B1,Audi_MMI_5344,[WPA2_PSK],2025-12-1 18:11:32,6,-83,34.0595284,-117.1812897,384.00,2.50,WIFI
9A:49:14:7B:46:9C,AllyandRJ,[WPA2_PSK],2025-12-1 18:11:37,11,-78,34.0595284,-117.1812820,384.00,2.50,WIFI
00:30:44:7E:9B:6E,,[WPA_WPA2_PSK],2025-12-1 18:11:37,11,-85,34.0595284,-117.1812820,384.00,2.50,WIFI
DC:92:72:E3:6A:9F,Frontier0183,[WPA2_PSK],2025-12-1 18:11:37,11,-93,34.0595284,-117.1812820,384.00,2.50,WIFI
12:5B:AD:9D:65:D4,DIRECT-d4-HP M281 LaserJet,[WPA2_PSK],2025-12-1 18:11:46,6,-90,34.0595284,-117.1812820,384.00,2.50,WIFI
A0:8A:06:93:2B:53,SpectrumSetup-2B56,[WPA2_PSK],2025-12-1 18:12:5,11,-90,34.0595284,-117.1812820,383.90,2.50,WIFI
FC:DB:21:6F:3B:8A,Bob Strickland,[WPA2_WPA3_PSK],2025-12-1 18:12:14,6,-82,34.0595284,-117.1812820,383.80,2.50,WIFI
C4:49:BB:5F:58:5C,WiFi Hotspot 0950,[WPA2_PSK],2025-12-1 18:12:28,6,-65,34.0595284,-117.1812820,383.70,2.50,WIFI
00:30:44:6B:EA:17,ecoATM,[OPEN],2025-12-1 18:12:50,1,-87,34.0595322,-117.1812820,383.60,2.50,WIFI
2C:00:AB:A8:89:78,Frontier7296,[WPA2_PSK],2025-12-1 18:13:29,11,-94,34.0595322,-117.1812820,383.50,2.00,WIFI
00:11:74:EA:3F:42,CoffeeBeanWifi,[OPEN],2025-12-1 18:14:48,6,-88,34.0595360,-117.1812820,383.60,2.50,WIFI
60:26:EF:B5:DD:C1,SMILEGEN,[OPEN],2025-12-1 18:14:48,6,-90,34.0595360,-117.1812820,383.60,2.50,WIFI
60:26:EF:B5:DD:C6,PDS-POST,[WPA2_PSK],2025-12-1 18:15:16,6,-90,34.0595322,-117.1812820,383.60,2.50,WIFI
60:26:EF:B5:DD:C5,CLINICAL,[WPA2_PSK],2025-12-1 18:15:30,6,-86,34.0595360,-117.1812820,383.70,2.50,WIFI
60:26:EF:B5:DD:C0,PDSI,[WPA2_PSK],2025-12-1 18:15:30,6,-87,34.0595360,-117.1812820,383.70,2.50,WIFI
60:26:EF:B5:DD:C2,,[WPA2_PSK],2025-12-1 18:15:30,6,-87,34.0595360,-117.1812820,383.70,2.50,WIFI
02:92:A5:59:A2:0F,myCadillac,[WPA2_PSK],2025-12-1 18:15:44,6,-66,34.0595360,-117.1812820,383.70,2.00,WIFI
6C:4F:3F:FD:5E:34,CVR_306d1c4e,[WPA_WPA2_PSK],2025-12-1 18:17:23,6,-78,34.0595284,-117.1812820,383.80,2.50,WIFI
3A:CA:84:D0:ED:76,DIRECT-76-HP M110 LaserJet,[WPA2_PSK],2025-12-1 18:17:37,6,-89,34.0595284,-117.1812897,383.80,2.50,WIFI
2A:3A:4D:47:46:5A,DIRECT-5a-HP M426 LaserJet,[WPA2_PSK],2025-12-1 18:17:51,6,-89,34.0595322,-117.1812897,383.90,2.50,WIFI
4E:EF:15:77:16:2E,,[WPA2_PSK],2025-12-1 18:18:3,4,-85,34.0595322,-117.1812897,383.90,2.50,WIFI
9E:93:4E:44:EA:E9,DIRECT-sDWorkCentre 3215,[WPA2_PSK],2025-12-1 18:18:10,11,-92,34.0595322,-117.1812897,383.90,2.50,WIFI
8E:53:E6:07:9A:FC,Audi_mari,[WPA2_PSK],2025-12-1 18:18:19,6,-89,34.0595360,-117.1812897,383.90,2.50,WIFI
4A:9E:BD:AE:3E:DE,DIRECT-DE-HP OfficeJet Pro 8020,[WPA2_PSK],2025-12-1 18:18:33,6,-90,34.0595360,-117.1812897,383.90,2.50,WIFI
18:E8:29:ED:66:82,Sano Attorney Service,[WPA2_PSK],2025-12-1 18:20:11,6,-90,34.0595322,-117.1812897,383.90,2.50,WIFI
00:11:74:EA:3F:40,,[WPA2_PSK],2025-12-1 18:20:39,6,-90,34.0595360,-117.1812897,383.90,2.50,WIFI
12:E8:A7:90:F3:1F,Audi_MMI_3980,[WPA2_PSK],2025-12-1 18:21:35,6,-73,34.0595322,-117.1812897,384.00,2.00,WIFI
60:26:EF:B6:8A:E1,SMILEGEN,[OPEN],2025-12-1 18:21:56,1,-89,34.0595322,-117.1812897,384.00,2.00,WIFI
48:EB:62:17:89:03,TOYOTA Corolla_8903621748EB,[WPA2_PSK],2025-12-1 18:22:8,11,-74,34.0595322,-117.1812897,384.00,2.00,WIFI
BC:82:5D:6B:36:82,Pala brave12,[WPA2_PSK],2025-12-1 18:25:26,1,-85,34.0596657,-117.1813583,384.90,2.00,WIFI
22:AD:56:2C:1E:B3,Hotspot1EB3,[WPA_WPA2_PSK],2025-12-1 18:25:33,6,-83,34.0596962,-117.1816711,384.00,2.00,WIFI
EE:55:A8:1A:9D:8A,SSW03,[WPA2_WPA3_PSK],2025-12-1 18:25:52,11,-80,34.0596886,-117.1822586,383.10,2.00,WIFI
E2:55:A8:1A:9D:8A,SSW02,[WPA2_PSK],2025-12-1 18:26:5,11,-79,34.0596886,-117.1822586,383.10,2.00,WIFI
00:11:74:EA:3F:41,,[WPA2_PSK],2025-12-1 18:26:28,6,-83,34.0598831,-117.1825409,383.10,2.00,WIFI
12:E8:A7:13:9F:AA,myChevrolet 9FAA,[WPA2_PSK],2025-12-1 18:26:29,7,-84,34.0599594,-117.1825409,383.30,2.00,WIFI
FC:3F:A6:FA:E0:66,Botox Dealer,[WPA2_PSK],2025-12-1 18:26:33,11,-67,34.0603714,-117.1825409,383.00,2.00,WIFI
92:32:4B:BA:C2:65,DIRECT-w3MFC-L2710DW_BRc265,[WPA2_PSK],2025-12-1 18:26:33,11,-70,34.0603714,-117.1825409,383.00,2.00,WIFI
F8:F5:32:4C:3C:88,Frontier2992,[WPA2_PSK],2025-12-1 18:26:33,11,-74,34.0603714,-117.1825409,383.00,2.00,WIFI
BA:9F:09:61:79:B1,DIRECT-rQ-AmysGMC,[WPA2_PSK],2025-12-1 18:26:33,11,-74,34.0603714,-117.1825409,383.00,2.00,WIFI
D0:57:94:FD:87:7E,MySpectrumWiFi78-2G,[WPA2_PSK],2025-12-1 18:26:33,11,-77,34.0603714,-117.1825409,383.00,2.00,WIFI
B0:0C:D1:06:63:3D,DIRECT-3C-HP OfficeJet Pro 6970,[WPA2_PSK],2025-12-1 18:26:33,11,-87,34.0603714,-117.1825409,383.00,2.00,WIFI
F8:F5:32:D3:53:E0,Frontier6336,[WPA2_PSK],2025-12-1 18:26:35,1,-82,34.0605812,-117.1825256,382.60,2.00,WIFI
70:70:8B:25:C8:45,,[WPA2_PSK],2025-12-1 18:26:35,1,-90,34.0605812,-117.1825256,382.60,2.00,WIFI
FA:8F:CA:70:E8:0D,,[OPEN],2025-12-1 18:26:42,6,-81,34.0611496,-117.1825027,381.20,2.00,WIFI
7A:45:58:A9:B2:AE,,[WPA2_PSK],2025-12-1 18:26:42,6,-86,34.0611496,-117.1825027,381.20,2.00,WIFI
7A:45:58:99:AE:40,creatif-guest,[WPA2_PSK],2025-12-1 18:26:42,6,-87,34.0611496,-117.1825027,381.20,2.00,WIFI
D0:40:EF:92:74:27,Vehicle Hotspot,[WPA2_PSK],2025-12-1 18:26:42,6,-89,34.0611496,-117.1825027,381.20,2.00,WIFI
7A:45:58:A9:AE:40,,[WPA2_PSK],2025-12-1 18:26:42,6,-89,34.0611496,-117.1825027,381.20,2.00,WIFI
FA:8F:CA:8B:83:DB,,[OPEN],2025-12-1 18:26:42,6,-89,34.0611496,-117.1825027,381.20,2.00,WIFI
78:45:58:B9:B2:AE,creatif-redlands,[WPA2_PSK],2025-12-1 18:26:42,6,-91,34.0611496,-117.1825027,381.20,2.00,WIFI
AC:2A:A1:6E:60:21,ServingU,[OPEN],2025-12-1 18:26:47,11,-77,34.0611877,-117.1824951,381.40,2.00,WIFI
AC:2A:A1:6E:60:22,,[WPA2_PSK],2025-12-1 18:26:47,11,-77,34.0611877,-117.1824951,381.40,2.00,WIFI
00:30:44:62:C4:31,IBR200-431,[WPA2_PSK],2025-12-1 18:26:47,11,-81,34.0611877,-117.1824951,381.40,2.00,WIFI
FC:3F:A6:FA:E0:63,,[WPA3_PSK],2025-12-1 18:26:47,11,-85,34.0611877,-117.1824951,381.40,2.00,WIFI
FC:3F:A6:FA:E0:69,,[OPEN],2025-12-1 18:26:47,11,-87,34.0611877,-117.1824951,381.40,2.00,WIFI
7A:45:58:99:B2:AE,creatif-guest,[WPA2_PSK],2025-12-1 18:26:56,6,-87,34.0612144,-117.1824875,381.10,2.00,WIFI
32:B4:B8:2B:48:C6,My VW 5382,[WPA2_PSK],2025-12-1 18:26:56,6,-87,34.0612144,-117.1824875,381.10,2.00,WIFI
4C:12:65:2D:9B:88,Frontier0048,[WPA2_PSK],2025-12-1 18:26:56,6,-88,34.0612144,-117.1824875,381.10,2.00,WIFI
F8:5B:3B:31:16:2C,SpectrumSetup-2E,[WPA2_PSK],2025-12-1 18:27:1,11,-93,34.0615845,-117.1824646,382.20,2.00,WIFI
F4:52:46:A9:A4:F3,Ajax,[WPA2_PSK],2025-12-1 18:27:4,1,-83,34.0619392,-117.1824493,382.40,2.00,WIFI
02:18:4A:2C:91:D7,,[WPA2_PSK],2025-12-1 18:27:4,1,-90,34.0619392,-117.1824493,382.40,2.00,WIFI
F8:5B:3B:F9:9D:19,SpectrumSetup-1B,[WPA2_PSK],2025-12-1 18:27:4,1,-90,34.0619392,-117.1824493,382.40,2.00,WIFI
FC:12:63:D6:A4:49,SpectrumSetup-4B,[WPA2_PSK],2025-12-1 18:27:4,1,-90,34.0619392,-117.1824493,382.40,2.00,WIFI
02:18:4A:2C:91:D6,,[WPA2_PSK],2025-12-1 18:27:4,1,-91,34.0619392,-117.1824493,382.40,2.00,WIFI
02:18:4A:2C:91:DA,Thermostat,[WPA_WPA2_PSK],2025-12-1 18:27:4,1,-92,34.0619392,-117.1824493,382.40,2.00,WIFI
8E:86:DD:28:5D:C7,,[WPA2_PSK],2025-12-1 18:27:8,4,-88,34.0623970,-117.1823654,383.50,2.00,WIFI
DC:08:DA:0B:5C:F3,EMPIREFTW-5G,[WPA2_PSK],2025-12-1 18:27:10,6,-69,34.0625572,-117.1822968,384.20,2.00,WIFI
CC:B8:5E:12:3E:F6,KAWA_D6_3ef6,[WPA_WPA2_PSK],2025-12-1 18:27:11,7,-87,34.0626183,-117.1822205,384.50,2.00,WIFI
CC:40:D0:73:43:A9,Liberty Tax Orange S,[WPA2_PSK],2025-12-1 18:27:13,9,-78,34.0627022,-117.1820374,385.10,2.00,WIFI
CE:40:D0:73:43:AA,Liberty Tax Orange S-Guest,[WPA2_PSK],2025-12-1 18:27:13,9,-78,34.0627022,-117.1820374,385.10,2.00,WIFI
34:98:B5:69:A9:78,NETGEAR89,[WPA2_PSK],2025-12-1 18:27:14,10,-89,34.0626945,-117.1819229,385.70,2.00,WIFI
40:4C:77:30:48:28,Home,[WPA2_PSK],2025-12-1 18:27:15,11,-88,34.0626602,-117.1818161,386.00,2.00,WIFI
38:1B:D8:C4:A4:57,W62_35dd0dad5a03,[WPA2_PSK],2025-12-1 18:27:15,11,-88,34.0626602,-117.1818161,386.00,2.00,WIFI
6A:4C:77:30:48:29,Budget INN,[WPA2_PSK],2025-12-1 18:27:15,11,-89,34.0626602,-117.1818161,386.00,2.00,WIFI
A0:8A:06:C5:BF:6D,SpectrumSetup-BF70,[WPA2_PSK],2025-12-1 18:27:15,11,-89,34.0626602,-117.1818161,386.00,2.00,WIFI
64:67:72:FC:84:C6,TMOBILE-84C4,[WPA2_WPA3_PSK],2025-12-1 18:27:20,2,-87,34.0622330,-117.1816711,389.50,2.00,WIFI
F0:09:0D:10:BF:F2,Saigon Delights 5G_EXT2,[WPA2_PSK],2025-12-1 18:27:20,2,-89,34.0622330,-117.1816711,389.50,2.00,WIFI
8C:86:DD:08:5D:C7,Y M Massage ,[WPA2_WPA3_PSK],2025-12-1 18:27:22,4,-81,34.0620956,-117.1818542,390.00,2.00,WIFI
F0:A7:31:08:26:B9,Spectra,[WPA2_PSK],2025-12-1 18:27:23,5,-81,34.0620689,-117.1819763,390.10,2.00,WIFI
98:1E:19:2D:AF:56,MySpectrumWiFi50-2G,[WPA2_PSK],2025-12-1 18:27:29,11,-73,34.0620079,-117.1831436,388.90,2.00,WIFI
9C:A5:70:6E:42:C5,Dodgers88,[WPA2_PSK],2025-12-1 18:27:29,11,-78,34.0620079,-117.1831436,388.90,2.00,WIFI
FE:84:A7:90:65:72,DIRECT-4X-Car_4b73,[WPA2_PSK],2025-12-1 18:27:29,11,-80,34.0620079,-117.1831436,388.90,2.00,WIFI
48:5D:36:7D:74:BA,Gryffindor Common Room,[WPA2_PSK],2025-12-1 18:27:29,11,-80,34.0620079,-117.1831436,388.90,2.00,WIFI
9C:A5:70:6E:42:C3,,[WPA3_PSK],2025-12-1 18:27:29,11,-82,34.0620079,-117.1831436,388.90,2.00,WIFI
00:C8:96:04:47:F0,,[WPA_WPA2_PSK],2025-12-1 18:27:32,1,-88,34.0619888,-117.1839294,388.10,2.00,WIFI
D8:A7:56:64:72:D6,MySpectrumWiFid0-2G,[WPA2_PSK],2025-12-1 18:27:32,1,-90,34.0619888,-117.1839294,388.10,2.00,WIFI
DE:CB:BC:B7:3B:F8,,[WPA2_PSK],2025-12-1 18:27:38,6,-77,34.0619431,-117.1856155,385.10,2.00,WIFI
E6:CB:BC:B7:3B:F8,GRS,[WPA2_PSK],2025-12-1 18:27:38,6,-79,34.0619431,-117.1856155,385.10,2.00,WIFI
10:DA:43:BF:B6:DE,NETGEAR60,[WPA2_PSK],2025-12-1 18:27:42,10,-87,34.0619240,-117.1868057,383.80,2.00,WIFI
44:AC:85:78:A6:26,Trump Is Your Daddy,[WPA2_PSK],2025-12-1 18:27:43,11,-73,34.0619202,-117.1871033,383.50,2.00,WIFI
F0:7B:65:69:45:E3,SpectrumSetup-45DD,[WPA2_PSK],2025-12-1 18:27:43,11,-78,34.0619202,-117.1871033,383.50,2.00,WIFI
C4:F1:74:4D:98:24,,[WPA3_PSK],2025-12-1 18:27:43,11,-79,34.0619202,-117.1871033,383.50,2.00,WIFI
C4:F1:74:4D:98:2A,,[OPEN],2025-12-1 18:27:43,11,-80,34.0619202,-117.1871033,383.50,2.00,WIFI
08:3A:2F:09:42:8B,NVR083a2f09428b,[WPA2_PSK],2025-12-1 18:27:45,13,-95,34.0619202,-117.1876984,382.90,2.00,WIFI
94:F7:17:EC:EA:F8,,[WPA_WPA2_PSK],2025-12-1 18:27:46,1,-79,34.0619202,-117.1879883,382.90,2.00,WIFI
00:C8:96:66:85:0E,,[WPA_WPA2_PSK],2025-12-1 18:27:46,1,-81,34.0619202,-117.1879883,382.90,2.00,WIFI
7E:45:58:27:E3:D6,ATD Guest,[WPA2_PSK],2025-12-1 18:27:46,1,-81,34.0619202,-117.1879883,382.90,2.00,WIFI
82:45:58:27:E3:D6,,[WPA2_PSK],2025-12-1 18:27:46,1,-81,34.0619202,-117.1879883,382.90,2.00,WIFI
B0:BB:E5:31:00:6E,SpectrumSetup-68,[WPA2_PSK],2025-12-1 18:27:46,1,-81,34.0619202,-117.1879883,382.90,2.00,WIFI
8C:85:80:F9:89:45,,[WPA_WPA2_PSK],2025-12-1 18:27:46,1,-84,34.0619202,-117.1879883,382.90,2.00,WIFI
E8:51:9E:6B:C8:47,ROVE_R2-4K_6bc847,[WPA_WPA2_PSK],2025-12-1 18:27:46,1,-84,34.0619202,-117.1879883,382.90,2.00,WIFI
4C:22:F3:6F:A2:EE,Verizon_4T4NQK,[WPA2_PSK],2025-12-1 18:27:46,1,-87,34.0619202,-117.1879883,382.90,2.00,WIFI
1A:60:41:7C:22:0D,,[WPA2_WPA3_PSK],2025-12-1 18:27:50,3,-84,34.0619125,-117.1892319,381.60,2.00,WIFI
18:60:41:3C:22:0D,TMOBILE-220B,[WPA2_WPA3_PSK],2025-12-1 18:27:50,3,-85,34.0619125,-117.1892319,381.60,2.00,WIFI
8C:85:80:08:31:35,,[WPA_WPA2_PSK],2025-12-1 18:27:51,4,-91,34.0619125,-117.1895523,381.30,2.00,WIFI
42:98:B5:FF:37:94,RDPes-IoT,[WPA2_PSK],2025-12-1 18:27:51,4,-92,34.0619125,-117.1895523,381.30,2.00,WIFI
A0:8A:06:7F:12:0C,SpectrumSetup-120F,[WPA2_PSK],2025-12-1 18:27:53,6,-83,34.0619125,-117.1902084,380.70,2.00,WIFI
FC:12:63:D7:E6:5E,SpectrumSetup-60,[WPA2_PSK],2025-12-1 18:27:53,6,-90,34.0619125,-117.1902084,380.70,2.00,WIFI
82:8A:20:24:89:6F,,[WPA2_PSK],2025-12-1 18:27:58,11,-73,34.0619583,-117.1918716,378.70,2.00,WIFI
78:8A:20:24:89:6F,ToyotaSecure,[WPA2_PSK],2025-12-1 18:27:58,11,-75,34.0619583,-117.1918716,378.70,2.00,WIFI
7E:8A:20:24:89:6F,TOR,[WPA2_PSK],2025-12-1 18:27:58,11,-75,34.0619583,-117.1918716,378.70,2.00,WIFI
D0:6D:C9:39:5E:C6,Frontier0177,[WPA2_PSK],2025-12-1 18:27:58,11,-81,34.0619583,-117.1918716,378.70,2.00,WIFI
58:9B:4A:93:B2:E4,SpectrumSetup-B2E0,[WPA2_PSK],2025-12-1 18:27:58,11,-82,34.0619583,-117.1918716,378.70,2.00,WIFI
C0:89:AB:22:9D:18,Frontier4912,[WPA2_PSK],2025-12-1 18:27:58,11,-87,34.0619583,-117.1918716,378.70,2.00,WIFI
1C:BF:CE:D1:77:50,Frontier4912-PRO-2.4G,[WPA2_PSK],2025-12-1 18:27:58,11,-91,34.0619583,-117.1918716,378.70,2.00,WIFI
A0:63:91:EF:F5:0D,Legion POS,[WPA2_PSK],2025-12-1 18:27:58,11,-93,34.0619583,-117.1918716,378.70,2.00,WIFI
00:5C:C2:4E:30:07,TF-WIFI-CXGDX196,[WPA_WPA2_PSK],2025-12-1 18:27:58,13,-93,34.0619583,-117.1918716,378.70,2.00,WIFI
5C:FA:25:A8:50:87,TMOBILE-5081,[WPA2_WPA3_PSK],2025-12-1 18:28:1,1,-81,34.0620842,-117.1928635,377.70,2.00,WIFI
08:33:ED:FA:56:21,SpectrumSetup-23,[WPA2_PSK],2025-12-1 18:28:1,1,-82,34.0620842,-117.1928635,377.70,2.00,WIFI
3C:8C:F8:F9:0A:BB,TRENDnet740_RFJA,[WPA2],2025-12-1 18:28:1,1,-86,34.0620842,-117.1928635,377.70,2.00,WIFI
2A:03:EB:67:FF:69,Skip59,[WPA2_PSK],2025-12-1 18:28:1,1,-92,34.0620842,-117.1928635,377.70,2.00,WIFI
FA:F6:AB:D9:6F:3E,Jose’s iPhone,[WPA2_PSK],2025-12-1 18:28:7,6,-78,34.0625954,-117.1948013,375.80,2.00,WIFI
FA:6D:CC:C9:34:DC,myChevrolet 34DC,[WPA2_PSK],2025-12-1 18:28:8,7,-90,34.0627174,-117.1951141,375.50,2.00,WIFI
82:8A:20:24:89:6B,,[WPA2_PSK],2025-12-1 18:28:12,11,-79,34.0632782,-117.1962967,372.30,2.00,WIFI
9C:12:21:42:D7:8B,ST-00D206446A,[OPEN],2025-12-1 18:28:21,6,-81,34.0647583,-117.1988297,363.90,2.00,WIFI
BC:FD:0C:71:D6:CF,S30_KFFDA202,[WPA2_PSK],2025-12-1 18:28:21,6,-83,34.0647583,-117.1988297,363.90,2.00,WIFI
18:A5:FF:A4:36:24,InsanityWolf,[WPA2_WPA3_PSK],2025-12-1 18:28:23,8,-91,34.0650787,-117.1993713,362.50,2.00,WIFI
58:B6:33:0F:CC:48,Citrus Suites,[OPEN],2025-12-1 18:28:24,9,-87,34.0652351,-117.1996460,361.90,2.00,WIFI
A4:97:33:81:F2:1D,SpectrumSetup-1F,[WPA2_PSK],2025-12-1 18:28:35,6,-83,34.0665245,-117.2030106,358.30,2.00,WIFI
F8:55:CD:64:F9:46,HotspotfAum,[WPA_WPA2_PSK],2025-12-1 18:28:35,6,-86,34.0665245,-117.2030106,358.30,2.00,WIFI
BE:0F:F3:EF:72:3F,DIRECT-3F-HP OfficeJet Pro 8020,[WPA2_PSK],2025-12-1 18:28:35,6,-90,34.0665245,-117.2030106,358.30,2.00,WIFI
40:70:09:72:5D:B0,FJS Hearing Profeesional,[WPA2_PSK],2025-12-1 18:28:35,6,-92,34.0665245,-117.2030106,358.30,2.00,WIFI
62:91:BA:44:67:D6,CADILLAC1561,[WPA2_WPA3_PSK],2025-12-1 18:28:35,6,-92,34.0665245,-117.2030106,358.30,2.00,WIFI
9E:25:4A:66:29:92,Super 8,[OPEN],2025-12-1 18:28:43,1,-80,34.0667610,-117.2057419,353.20,2.00,WIFI
9E:25:4A:66:31:E0,Super 8,[OPEN],2025-12-1 18:28:43,1,-87,34.0667610,-117.2057419,353.20,2.00,WIFI
98:25:4A:66:28:F6,Super 8 Office,[WPA2_PSK],2025-12-1 18:28:43,1,-87,34.0667610,-117.2057419,353.20,2.00,WIFI
9E:25:4A:66:2F:78,Super 8,[OPEN],2025-12-1 18:28:43,1,-88,34.0667610,-117.2057419,353.20,2.00,WIFI
98:25:4A:66:31:E0,Super 8 Office,[WPA2_PSK],2025-12-1 18:28:43,1,-89,34.0667610,-117.2057419,353.20,2.00,WIFI
EC:6E:79:05:A1:DF,2326,[WPA2_PSK],2025-12-1 18:28:43,1,-89,34.0667610,-117.2057419,353.20,2.00,WIFI
04:18:D6:22:9F:CA,Sola Guest,[WPA2_PSK],2025-12-1 18:28:43,1,-90,34.0667610,-117.2057419,353.20,2.00,WIFI
00:30:44:6E:E0:CC,IBR600C-0cb,[WPA2_PSK],2025-12-1 18:28:49,6,-89,34.0667534,-117.2078247,349.40,2.00,WIFI
92:DC:97:21:31:84,RM AP3,[WPA2_PSK],2025-12-1 18:28:54,11,-88,34.0667496,-117.2095337,347.20,2.00,WIFI
18:60:41:30:2C:6F,STARFOX,[WPA2_WPA3_PSK],2025-12-1 18:28:57,1,-71,34.0667458,-117.2105484,345.90,2.00,WIFI
1A:60:41:70:2C:6F,,[WPA2_WPA3_PSK],2025-12-1 18:28:57,1,-72,34.0667458,-117.2105484,345.90,2.00,WIFI
04:09:86:47:B0:33,Duran Family,[WPA2_PSK],2025-12-1 18:28:57,1,-88,34.0667458,-117.2105484,345.90,2.00,WIFI
3A:98:B5:54:1C:17,,[WPA2_PSK],2025-12-1 18:29:0,3,-83,34.0667458,-117.2115555,344.70,2.00,WIFI
42:98:B5:54:1C:17,QIDP,[WPA2_PSK],2025-12-1 18:29:0,3,-83,34.0667458,-117.2115555,344.70,2.00,WIFI
3A:98:B5:59:D0:4A,Jonbec Office,[WPA2_WPA3_PSK],2025-12-1 18:29:0,3,-84,34.0667458,-117.2115555,344.70,2.00,WIFI
34:98:B5:54:1C:17,Jonbec Office,[WPA2_WPA3_PSK],2025-12-1 18:29:0,3,-84,34.0667458,-117.2115555,344.70,2.00,WIFI
3E:98:B5:54:1C:17,Education Center,[WPA2_PSK],2025-12-1 18:29:0,3,-85,34.0667458,-117.2115555,344.70,2.00,WIFI
7C:0C:F6:0C:02:D1,Dash-1857,[WPA2_PSK],2025-12-1 18:29:3,6,-78,34.0667267,-117.2125092,343.40,2.00,WIFI
7C:0C:F6:0C:5E:A2,Dash-4266,[WPA2_PSK],2025-12-1 18:29:3,6,-82,34.0667267,-117.2125092,343.40,2.00,WIFI
7C:AC:F6:07:E2:6E,Dash-7640,[WPA2_PSK],2025-12-1 18:29:3,6,-84,34.0667267,-117.2125092,343.40,2.00,WIFI
A4:97:33:FF:6D:92,Bravee,[WPA2_PSK],2025-12-1 18:29:3,6,-94,34.0667267,-117.2125092,343.40,2.00,WIFI
44:1E:98:3D:47:18,,[WPA2_PSK],2025-12-1 18:29:4,7,-67,34.0667267,-117.2128296,343.00,2.00,WIFI
44:1E:98:7D:47:18,,[WPA2],2025-12-1 18:29:4,7,-67,34.0667267,-117.2128296,343.00,2.00,WIFI
44:1E:98:FD:47:18,,[WPA2_PSK],2025-12-1 18:29:4,7,-68,34.0667267,-117.2128296,343.00,2.00,WIFI
8C:FE:74:62:02:19,,[WPA2_PSK],2025-12-1 18:29:4,7,-69,34.0667267,-117.2128296,343.00,2.00,WIFI
44:1E:98:3D:47:19,,[WPA2_PSK],2025-12-1 18:29:4,7,-69,34.0667267,-117.2128296,343.00,2.00,WIFI
44:1E:98:BD:47:18,OL_Guest,[OPEN],2025-12-1 18:29:4,7,-70,34.0667267,-117.2128296,343.00,2.00,WIFI
44:1E:98:BD:47:19, OL-Guest,[WPA2_PSK],2025-12-1 18:29:4,7,-70,34.0667267,-117.2128296,343.00,2.00,WIFI
8C:FE:74:22:02:19,,[WPA2_PSK],2025-12-1 18:29:4,7,-71,34.0667267,-117.2128296,343.00,2.00,WIFI
44:1E:98:7D:47:19,,[WPA2_PSK],2025-12-1 18:29:4,7,-71,34.0667267,-117.2128296,343.00,2.00,WIFI
8C:FE:74:62:02:18,,[WPA2],2025-12-1 18:29:4,7,-72,34.0667267,-117.2128296,343.00,2.00,WIFI
8C:FE:74:A2:02:18,OL_Guest,[OPEN],2025-12-1 18:29:4,7,-72,34.0667267,-117.2128296,343.00,2.00,WIFI
8C:FE:74:E2:02:18,,[WPA2_PSK],2025-12-1 18:29:4,7,-72,34.0667267,-117.2128296,343.00,2.00,WIFI
8C:FE:74:A2:02:19, OL-Guest,[WPA2_PSK],2025-12-1 18:29:4,7,-72,34.0667267,-117.2128296,343.00,2.00,WIFI
8C:FE:74:22:02:18,,[WPA2_PSK],2025-12-1 18:29:4,7,-73,34.0667267,-117.2128296,343.00,2.00,WIFI
8C:FE:74:4F:FD:39,,[WPA2_PSK],2025-12-1 18:29:4,7,-74,34.0667267,-117.2128296,343.00,2.00,WIFI
8C:FE:74:0F:FD:38,,[WPA2_PSK],2025-12-1 18:29:4,7,-75,34.0667267,-117.2128296,343.00,2.00,WIFI
8C:FE:74:4F:FD:38,,[WPA2],2025-12-1 18:29:4,7,-75,34.0667267,-117.2128296,343.00,2.00,WIFI
8C:FE:74:CF:FD:38,,[WPA2_PSK],2025-12-1 18:29:4,7,-75,34.0667267,-117.2128296,343.00,2.00,WIFI
8C:FE:74:0F:FD:39,,[WPA2_PSK],2025-12-1 18:29:4,7,-75,34.0667267,-117.2128296,343.00,2.00,WIFI
8C:FE:74:8F:FD:38,OL_Guest,[OPEN],2025-12-1 18:29:4,7,-82,34.0667267,-117.2128296,343.00,2.00,WIFI
8C:FE:74:8F:FD:39, OL-Guest,[WPA2_PSK],2025-12-1 18:29:4,7,-82,34.0667267,-117.2128296,343.00,2.00,WIFI
7C:0C:F6:3C:84:08,Dash-2773,[WPA2_PSK],2025-12-1 18:29:9,11,-81,34.0667114,-117.2143707,341.60,2.00,WIFI
30:87:D9:41:B7:99,,[WPA2_PSK],2025-12-1 18:29:9,11,-81,34.0667114,-117.2143707,341.60,2.00,WIFI
30:87:D9:81:B7:99, OL-Guest,[WPA2_PSK],2025-12-1 18:29:9,11,-82,34.0667114,-117.2143707,341.60,2.00,WIFI
30:87:D9:81:B4:D9, OL-Guest,[WPA2_PSK],2025-12-1 18:29:9,11,-84,34.0667114,-117.2143707,341.60,2.00,WIFI
30:87:D9:81:B7:98,OL_Guest,[OPEN],2025-12-1 18:29:9,11,-84,34.0667114,-117.2143707,341.60,2.00,WIFI
30:87:D9:81:B4:D8,OL_Guest,[OPEN],2025-12-1 18:29:9,11,-85,34.0667114,-117.2143707,341.60,2.00,WIFI
30:87:D9:41:B7:98,,[WPA2],2025-12-1 18:29:9,11,-87,34.0667114,-117.2143707,341.60,2.00,WIFI
30:87:D9:01:B7:98,,[WPA2_PSK],2025-12-1 18:29:9,11,-88,34.0667114,-117.2143707,341.60,2.00,WIFI
34:98:B5:34:43:70,Frontier9888,[WPA2_WPA3_PSK],2025-12-1 18:29:16,4,-84,34.0667038,-117.2164688,342.30,2.00,WIFI
3A:98:B5:34:43:70,,[WPA2_PSK],2025-12-1 18:29:16,4,-87,34.0667038,-117.2164688,342.30,2.00,WIFI
3E:98:B5:34:43:70,KFAGuest,[WPA2_PSK],2025-12-1 18:29:16,4,-87,34.0667038,-117.2164688,342.30,2.00,WIFI
34:98:B5:35:13:D8,,[WPA2_PSK],2025-12-1 18:29:16,4,-88,34.0667038,-117.2164688,342.30,2.00,WIFI
2A:04:D2:80:79:A9,CHEVROLET3856,[WPA2_WPA3_PSK],2025-12-1 18:29:18,6,-86,34.0667038,-117.2170715,342.00,2.00,WIFI
74:83:C2:03:DD:E5,Symbiosis,[WPA2_PSK],2025-12-1 18:29:18,6,-89,34.0667038,-117.2170715,342.00,2.00,WIFI
38:FF:36:2D:1A:48,RE_SMCO,[WPA2_PSK],2025-12-1 18:29:20,8,-91,34.0667038,-117.2176895,341.40,2.00,WIFI
58:EF:68:7A:9E:7D,MySpectrumWiFia8-2G,[WPA2_PSK],2025-12-1 18:29:22,10,-86,34.0667038,-117.2183075,340.40,2.00,WIFI
62:EF:68:7A:9E:7D,,[WPA2_PSK],2025-12-1 18:29:22,10,-87,34.0667038,-117.2183075,340.40,2.00,WIFI
5E:EF:68:7A:9E:7D,thai house-guest,[WPA2_PSK],2025-12-1 18:29:22,10,-88,34.0667038,-117.2183075,340.40,2.00,WIFI
34:49:5B:D3:A0:AE,MySpectrumWiFia8-2G,[WPA2_PSK],2025-12-1 18:29:23,11,-82,34.0667038,-117.2186127,339.80,2.00,WIFI
54:2B:57:4B:5B:22,,[WPA2_PSK],2025-12-1 18:29:23,11,-83,34.0667038,-117.2186127,339.80,2.00,WIFI
8C:3B:AD:F3:0B:78,ARLO_VMB_1634671795,[WPA2_PSK],2025-12-1 18:29:23,11,-91,34.0667038,-117.2186127,339.80,2.00,WIFI
54:21:60:0F:65:79,Alula0F6578,[WPA_WPA2_PSK],2025-12-1 18:29:25,1,-80,34.0667038,-117.2192307,338.60,2.00,WIFI
8C:3B:AD:C9:6D:74,ICCBBA_2.4,[WPA2_PSK],2025-12-1 18:29:30,4,-91,34.0667038,-117.2208023,335.60,2.00,WIFI
EA:38:83:86:37:12,SEBA Guest,[OPEN],2025-12-1 18:29:32,6,-89,34.0667038,-117.2214203,334.20,2.00,WIFI
EE:38:83:86:45:F6,,[WPA2_PSK],2025-12-1 18:29:32,6,-93,34.0667038,-117.2214203,334.20,2.00,WIFI
F8:E7:1E:4D:19:D8,,[WPA2_PSK],2025-12-1 18:29:37,11,-91,34.0667038,-117.2229843,331.50,2.00,WIFI
F8:E7:1E:0D:19:D8,sitnsleepinc,[WPA2_PSK],2025-12-1 18:29:37,11,-92,34.0667038,-117.2229843,331.50,2.00,WIFI
F8:E7:1E:8D:19:D8,,[WPA2_PSK],2025-12-1 18:29:37,11,-92,34.0667038,-117.2229843,331.50,2.00,WIFI
E0:92:8F:B5:B9:B7,MINI01041 CarPlay,[WPA2_PSK],2025-12-1 18:29:37,11,-94,34.0667038,-117.2229843,331.50,2.00,WIFI
C8:51:FB:BA:99:D8,yrneh09,[WPA2_PSK],2025-12-1 18:29:40,1,-86,34.0667038,-117.2239227,331.20,2.00,WIFI
9C:D3:6D:A0:63:7E,Redlands_EXT,[WPA2_PSK],2025-12-1 18:29:40,1,-87,34.0667038,-117.2239227,331.20,2.00,WIFI
DA:29:4B:EC:59:63,BUICK4119,[WPA2_WPA3_PSK],2025-12-1 18:29:46,6,-82,34.0667038,-117.2257843,331.30,2.00,WIFI
98:26:AD:4D:2D:0E,Pepper Wifi,[WPA2_PSK],2025-12-1 18:29:46,6,-92,34.0667038,-117.2257843,331.30,2.00,WIFI
C8:9E:43:C4:18:55,,[WPA2_PSK],2025-12-1 18:29:49,9,-91,34.0667038,-117.2266846,330.30,2.00,WIFI
CE:9E:43:C4:18:55,Medialink_1E4F00,[WPA2_PSK],2025-12-1 18:29:49,9,-93,34.0667038,-117.2266846,330.30,2.00,WIFI
C8:9E:43:6F:54:0B,NETGEAR49,[WPA2_PSK],2025-12-1 18:29:50,10,-85,34.0667038,-117.2269821,329.70,2.00,WIFI
18:EE:86:2D:7A:A3,Amurru's Truck,[WPA2_WPA3_PSK],2025-12-1 18:29:51,11,-73,34.0667038,-117.2272797,329.20,2.00,WIFI
94:3C:96:FA:92:66,Z SUSHI,[WPA2_PSK],2025-12-1 18:29:51,11,-92,34.0667038,-117.2272797,329.20,2.00,WIFI
74:DA:88:C4:4A:D1,Frontier0284_EXT,[WPA_WPA2_PSK],2025-12-1 18:29:51,11,-94,34.0667038,-117.2272797,329.20,2.00,WIFI
A0:8A:06:C6:0E:B9,nandj97,[WPA2_PSK],2025-12-1 18:29:54,1,-81,34.0667038,-117.2281723,328.10,2.00,WIFI
B0:FC:88:53:0A:98,SpectrumSetup-92,[WPA2_PSK],2025-12-1 18:29:54,1,-82,34.0667038,-117.2281723,328.10,2.00,WIFI
00:30:44:CA:F1:62,,[WPA2_PSK],2025-12-1 18:29:54,1,-86,34.0667038,-117.2281723,328.10,2.00,WIFI
4C:AB:F8:9F:D1:95,SpectrumSetup-97,[WPA2_PSK],2025-12-1 18:29:54,1,-87,34.0667038,-117.2281723,328.10,2.00,WIFI
06:30:44:CA:F1:62,H&R Block Guests,[OPEN],2025-12-1 18:29:54,1,-88,34.0667038,-117.2281723,328.10,2.00,WIFI
30:68:93:C0:4C:FE,The Intersect,[WPA2_PSK],2025-12-1 18:29:58,4,-91,34.0667038,-117.2294006,325.20,2.00,WIFI
44:AD:B1:41:1A:06,WeLoveMrLumpy,[WPA2_PSK],2025-12-1 18:30:0,6,-85,34.0667038,-117.2300034,324.10,2.00,WIFI
20:9A:7D:1A:F5:C6,whatifany,[WPA2_PSK],2025-12-1 18:30:0,6,-89,34.0667038,-117.2300034,324.10,2.00,WIFI
5C:FA:25:E8:C8:8A,Corral Wi-Fi,[WPA2_PSK],2025-12-1 18:30:0,6,-89,34.0667038,-117.2300034,324.10,2.00,WIFI
8C:90:2D:2B:F9:BB,Orlivka,[WPA2_PSK],2025-12-1 18:30:3,9,-88,34.0667038,-117.2308884,322.50,2.00,WIFI
24:41:FE:94:B5:0E,Macksamize,[WPA2_PSK],2025-12-1 18:30:5,11,-85,34.0667038,-117.2314835,321.50,2.00,WIFI
58:9B:4A:88:7D:2A,Trump2024oracheet,[WPA2_PSK],2025-12-1 18:30:5,11,-88,34.0667038,-117.2314835,321.50,2.00,WIFI
4C:19:5D:3B:A0:45,SpectrumSetup-3F,[WPA2_PSK],2025-12-1 18:30:5,11,-90,34.0667038,-117.2314835,321.50,2.00,WIFI
62:5E:41:5F:88:6E,Galaxy A16 5G C012,[WPA2_PSK],2025-12-1 18:30:5,11,-91,34.0667038,-117.2314835,321.50,2.00,WIFI
2C:67:BE:10:AA:3F,SpectrumSetup-AA3B,[WPA2_PSK],2025-12-1 18:30:5,11,-92,34.0667038,-117.2314835,321.50,2.00,WIFI
C8:99:B2:B5:90:EF,Verizon_PF4XZB,[WPA2_PSK],2025-12-1 18:30:8,1,-86,34.0667000,-117.2323685,321.20,2.00,WIFI
B0:FC:88:7E:E0:27,SpectrumSetup-21,[WPA2_PSK],2025-12-1 18:30:8,1,-88,34.0667000,-117.2323685,321.20,2.00,WIFI
10:0C:6B:F5:19:1B,NETGEAR91,[WPA2_PSK],2025-12-1 18:30:8,1,-88,34.0667000,-117.2323685,321.20,2.00,WIFI
44:AD:B1:83:F0:56,SpectrumSetup-50,[WPA2_PSK],2025-12-1 18:30:8,1,-91,34.0667000,-117.2323685,321.20,2.00,WIFI
34:53:D2:41:2B:D6,SpectrumSetup-D0,[WPA2_PSK],2025-12-1 18:30:8,1,-92,34.0667000,-117.2323685,321.20,2.00,WIFI
A8:5E:45:EE:22:E8,Mustafar,[WPA2_PSK],2025-12-1 18:30:11,3,-92,34.0667000,-117.2332687,321.90,2.00,WIFI
16:12:E7:A5:AF:84,CHEVROLET8483,[WPA2_WPA3_PSK],2025-12-1 18:30:14,6,-85,34.0666962,-117.2341766,322.40,2.00,WIFI
F4:52:46:AC:DD:E9,Kittusingh,[WPA2_PSK],2025-12-1 18:30:14,6,-90,34.0666962,-117.2341766,322.40,2.00,WIFI
10:2C:B1:43:EF:60,,[WPA_WPA2_PSK],2025-12-1 18:30:14,6,-90,34.0666962,-117.2341766,322.40,2.00,WIFI
C8:9E:43:4F:6B:03,GastroHealth-Redlands,[WPA2_PSK],2025-12-1 18:30:18,10,-91,34.0667000,-117.2353973,323.10,2.00,WIFI
9A:F4:F6:55:E2:D4,KO Galaxy S22 Ultra,[WPA2_PSK],2025-12-1 18:30:19,11,-87,34.0667000,-117.2357101,323.20,2.00,WIFI
34:53:D2:F0:DE:D8,SpectrumSetup-D2,[WPA2_PSK],2025-12-1 18:30:19,11,-93,34.0667000,-117.2357101,323.20,2.00,WIFI
74:93:DA:8E:23:C5,SpectrumSetup-C7,[WPA2_PSK],2025-12-1 18:30:22,1,-92,34.0667000,-117.2366333,323.20,2.00,WIFI
24:CD:8D:D3:F2:17,OC-T86-side_right-510356,[WPA2_PSK],2025-12-1 18:30:28,6,-83,34.0666962,-117.2384796,320.50,2.00,WIFI
22:AD:56:36:99:3B,Hotspot993B,[WPA_WPA2_PSK],2025-12-1 18:30:33,11,-78,34.0667000,-117.2399521,317.70,2.00,WIFI
94:2A:6F:5C:66:A5,Upalms ,[WPA2_WPA3_PSK],2025-12-1 18:30:33,11,-87,34.0667000,-117.2399521,317.70,2.00,WIFI
9A:2A:6F:5C:66:A5,,[WPA2_PSK],2025-12-1 18:30:33,11,-90,34.0667000,-117.2399521,317.70,2.00,WIFI
AC:8B:A9:D2:0B:EA,Upalms ,[WPA2_WPA3_PSK],2025-12-1 18:30:33,11,-91,34.0667000,-117.2399521,317.70,2.00,WIFI
24:41:FE:D7:54:26,Verizon_R9GVLS,[WPA2_PSK],2025-12-1 18:30:36,1,-88,34.0667000,-117.2408524,317.00,2.00,WIFI
00:30:44:A2:E4:15,E300-6c5,[WPA2_PSK],2025-12-1 18:30:36,1,-89,34.0667000,-117.2408524,317.00,2.00,WIFI
80:69:1A:83:BE:35,,[WPA2_PSK],2025-12-1 18:30:39,3,-86,34.0667000,-117.2417603,316.10,2.00,WIFI
4C:BC:E9:1B:B7:5F,RMD4CBCE91BB75E,[WPA_WPA2_PSK],2025-12-1 18:30:39,3,-91,34.0667000,-117.2417603,316.10,2.00,WIFI
AC:86:74:43:BF:9B,OS4Labor,[WPA2_PSK],2025-12-1 18:30:42,6,-85,34.0667000,-117.2426071,315.70,2.00,WIFI
BE:75:36:C0:3D:F4,myChevrolet,[WPA2_PSK],2025-12-1 18:30:47,11,-69,34.0667000,-117.2439804,314.90,2.00,WIFI
58:9B:4A:93:B2:2E,DANDE,[WPA2_PSK],2025-12-1 18:30:47,11,-79,34.0667000,-117.2439804,314.90,2.00,WIFI
86:79:8F:00:14:27,B1660V_6194,[WPA2_PSK],2025-12-1 18:30:47,11,-81,34.0667000,-117.2439804,314.90,2.00,WIFI
4C:19:5D:30:72:8D,SpectrumSetup-87,[WPA2_PSK],2025-12-1 18:30:47,11,-94,34.0667000,-117.2439804,314.90,2.00,WIFI
84:A0:6E:D2:58:3E,MySpectrumWiFi38-2G,[WPA2_PSK],2025-12-1 18:30:47,11,-96,34.0667000,-117.2439804,314.90,2.00,WIFI
3C:58:5D:5D:5D:D7,TMOBILE-5DD1,[WPA2_WPA3_PSK],2025-12-1 18:30:50,1,-75,34.0667000,-117.2448196,314.30,2.00,WIFI
B0:5B:99:94:C2:47,sekcwifi,[WPA2_WPA3_PSK],2025-12-1 18:30:50,1,-84,34.0667000,-117.2448196,314.30,2.00,WIFI
40:D5:21:D7:49:02,myChevrolet 9370,[WPA2_PSK],2025-12-1 18:30:50,1,-86,34.0667000,-117.2448196,314.30,2.00,WIFI
74:93:DA:13:4D:89,SpectrumSetup-8B,[WPA2_PSK],2025-12-1 18:30:50,1,-86,34.0667000,-117.2448196,314.30,2.00,WIFI
58:9B:4A:8C:12:D9,CasaDeReymirez,[WPA2_PSK],2025-12-1 18:30:50,1,-86,34.0667000,-117.2448196,314.30,2.00,WIFI
E0:46:EE:80:13:F6,NETGEAR81,[WPA2_PSK],2025-12-1 18:30:50,1,-88,34.0667000,-117.2448196,314.30,2.00,WIFI
74:37:5F:57:75:57,SpectrumSetup-55,[WPA2_PSK],2025-12-1 18:30:50,1,-88,34.0667000,-117.2448196,314.30,2.00,WIFI
A0:7F:8A:46:0C:8F,BustosHome,[WPA2_PSK],2025-12-1 18:30:50,1,-89,34.0667000,-117.2448196,314.30,2.00,WIFI
F0:81:75:F7:C8:86,SpectrumSetup-80,[WPA2_PSK],2025-12-1 18:30:50,1,-89,34.0667000,-117.2448196,314.30,2.00,WIFI
A0:8A:06:D7:36:83,SpectrumSetup-3686,[WPA2_PSK],2025-12-1 18:30:57,6,-83,34.0666962,-117.2467957,309.70,2.00,WIFI
74:37:5F:27:57:17,SpectrumSetup-15,[WPA2_PSK],2025-12-1 18:30:57,6,-83,34.0666962,-117.2467957,309.70,2.00,WIFI
D8:A7:56:68:94:F6,MySpectrumWiFif0-2G,[WPA2_PSK],2025-12-1 18:30:57,6,-83,34.0666962,-117.2467957,309.70,2.00,WIFI
AC:B6:87:38:D3:8D,From God V,[WPA2_PSK],2025-12-1 18:30:57,6,-90,34.0666962,-117.2467957,309.70,2.00,WIFI
84:A0:6E:D1:01:2E,MySpectrumWiFi28-2G,[WPA2_PSK],2025-12-1 18:31:2,11,-81,34.0666962,-117.2482605,306.70,2.00,WIFI
94:F7:BE:E1:19:C2,Dexter-Casa,[WPA2_WPA3_PSK],2025-12-1 18:31:5,1,-83,34.0667000,-117.2491760,305.80,2.00,WIFI
E8:D2:FF:B2:D0:3E,SpectrumSetup-38,[WPA2_PSK],2025-12-1 18:31:5,1,-84,34.0667000,-117.2491760,305.80,2.00,WIFI
D8:A7:56:8F:C7:4E,MySpectrumWiFi48-2G,[WPA2_PSK],2025-12-1 18:31:5,1,-89,34.0667000,-117.2491760,305.80,2.00,WIFI
F8:1A:2B:25:BF:A8,Brucifer,[WPA2_PSK],2025-12-1 18:31:5,1,-90,34.0667000,-117.2491760,305.80,2.00,WIFI
3E:94:ED:A5:F6:3E,,[WPA2_PSK],2025-12-1 18:31:8,3,-84,34.0666962,-117.2500916,305.10,2.00,WIFI
38:94:ED:A5:F6:3E,AX12-2.4G,[WPA2_PSK],2025-12-1 18:31:8,3,-86,34.0666962,-117.2500916,305.10,2.00,WIFI
0C:93:A5:ED:98:C5,Eero 6+,[WPA2_PSK],2025-12-1 18:31:11,6,-73,34.0666656,-117.2509842,304.30,2.00,WIFI
90:D3:CF:97:56:32,SpectrumSetup-5635,[WPA2_PSK],2025-12-1 18:31:11,6,-75,34.0666656,-117.2509842,304.30,2.00,WIFI
0C:93:A5:ED:8B:85,Eero 6+,[WPA2_PSK],2025-12-1 18:31:11,6,-77,34.0666656,-117.2509842,304.30,2.00,WIFI
0C:93:A5:ED:8B:87,,[OPEN],2025-12-1 18:31:11,6,-77,34.0666656,-117.2509842,304.30,2.00,WIFI
0C:93:A5:ED:8B:83,,[WPA3_PSK],2025-12-1 18:31:11,6,-78,34.0666656,-117.2509842,304.30,2.00,WIFI
0C:93:A5:ED:98:C3,,[WPA3_PSK],2025-12-1 18:31:11,6,-81,34.0666656,-117.2509842,304.30,2.00,WIFI
0C:93:A5:ED:98:C7,,[OPEN],2025-12-1 18:31:11,6,-81,34.0666656,-117.2509842,304.30,2.00,WIFI
24:CD:8D:D1:42:0C,OC-T86-side_left-510469,[WPA2_PSK],2025-12-1 18:31:11,6,-87,34.0666656,-117.2509842,304.30,2.00,WIFI
20:23:51:93:89:FE,,[WPA2_PSK],2025-12-1 18:31:11,6,-87,34.0666656,-117.2509842,304.30,2.00,WIFI
68:4E:05:C3:23:6B,70mai_d08_236b,[WPA2_PSK],2025-12-1 18:31:11,6,-88,34.0666656,-117.2509842,304.30,2.00,WIFI
BC:FD:0C:99:24:B5,V100_CFF9C102,[WPA2_PSK],2025-12-1 18:31:11,6,-90,34.0666656,-117.2509842,304.30,2.00,WIFI
2C:67:BE:47:E8:A6,SpectrumSetup-D1,[WPA2_PSK],2025-12-1 18:31:16,11,-63,34.0664978,-117.2524796,302.80,2.00,WIFI
FA:8F:CA:61:0A:9C,JBL BAR 500_A662.l086_,[OPEN],2025-12-1 18:31:16,11,-82,34.0664978,-117.2524796,302.80,2.00,WIFI
F8:5B:3B:87:0F:D0,LN93,[WPA2_PSK],2025-12-1 18:31:16,11,-84,34.0664978,-117.2524796,302.80,2.00,WIFI
B0:FC:88:3D:22:15,SpectrumSetup-0F,[WPA2_PSK],2025-12-1 18:31:19,1,-66,34.0663223,-117.2533875,302.10,2.00,WIFI
44:AC:85:C0:6D:E9,,[OPEN],2025-12-1 18:31:19,1,-67,34.0663223,-117.2533875,302.10,2.00,WIFI
44:AC:85:C0:6D:E6,1489house,[WPA2_PSK],2025-12-1 18:31:19,1,-67,34.0663223,-117.2533875,302.10,2.00,WIFI
44:AC:85:C0:6D:E3,,[WPA3_PSK],2025-12-1 18:31:19,1,-68,34.0663223,-117.2533875,302.10,2.00,WIFI
44:AC:85:C1:D7:89,,[OPEN],2025-12-1 18:31:19,1,-69,34.0663223,-117.2533875,302.10,2.00,WIFI
44:AC:85:C1:D7:86,1489house,[WPA2_PSK],2025-12-1 18:31:19,1,-69,34.0663223,-117.2533875,302.10,2.00,WIFI
FC:3D:73:DF:1A:09,,[OPEN],2025-12-1 18:31:19,1,-70,34.0663223,-117.2533875,302.10,2.00,WIFI
FC:3D:73:DF:1A:03,,[WPA3_PSK],2025-12-1 18:31:19,1,-71,34.0663223,-117.2533875,302.10,2.00,WIFI
FC:3D:73:DF:1A:06,9098447195,[WPA2_PSK],2025-12-1 18:31:19,1,-71,34.0663223,-117.2533875,302.10,2.00,WIFI
28:EC:22:2B:46:83,,[WPA3_PSK],2025-12-1 18:31:19,1,-74,34.0663223,-117.2533875,302.10,2.00,WIFI
28:EC:22:2B:46:89,,[OPEN],2025-12-1 18:31:19,1,-76,34.0663223,-117.2533875,302.10,2.00,WIFI
38:88:71:38:CE:D3,Verizon_ZB44WH,[WPA2_PSK],2025-12-1 18:31:19,1,-84,34.0663223,-117.2533875,302.10,2.00,WIFI
68:F0:D0:08:37:51,Skybell_A1BC504446  ,[OPEN],2025-12-1 18:31:19,1,-84,34.0663223,-117.2533875,302.10,2.00,WIFI
58:70:C6:D3:77:58,YICarCam_d37758,[WPA2_PSK],2025-12-1 18:31:24,5,-90,34.0659828,-117.2548676,300.80,2.00,WIFI
00:25:CA:82:2F:57,Motive AABL36KD020628,[WPA2_PSK],2025-12-1 18:31:25,6,-67,34.0659142,-117.2551575,300.60,2.00,WIFI
00:25:CA:9F:7E:93,Motive AABL36MD334856,[WPA2_PSK],2025-12-1 18:31:25,6,-85,34.0659142,-117.2551575,300.60,2.00,WIFI
B6:B5:B6:5F:23:50,DIRECT-50-HP M283 LaserJet,[WPA2_PSK],2025-12-1 18:31:25,6,-86,34.0659142,-117.2551575,300.60,2.00,WIFI
A0:8A:06:FF:4E:F6,BECERRAFAMILY,[WPA2_PSK],2025-12-1 18:31:25,6,-87,34.0659142,-117.2551575,300.60,2.00,WIFI
9E:05:D6:D6:F6:BA,,[WPA2_PSK],2025-12-1 18:31:25,6,-88,34.0659142,-117.2551575,300.60,2.00,WIFI
78:76:89:30:A0:F0,Garcia Network Guest,[WPA2_PSK],2025-12-1 18:31:30,11,-82,34.0655899,-117.2566147,299.60,2.00,WIFI
78:76:89:2E:FC:04,,[WPA3_PSK],2025-12-1 18:31:30,11,-85,34.0655899,-117.2566147,299.60,2.00,WIFI
78:76:89:2E:FC:0A,,[OPEN],2025-12-1 18:31:30,11,-88,34.0655899,-117.2566147,299.60,2.00,WIFI
9C:05:D6:D5:DC:0B,TechNet,[WPA2_PSK],2025-12-1 18:31:33,1,-90,34.0653992,-117.2574844,299.10,2.00,WIFI
9E:05:D6:95:DC:0B,SpreenPublic,[OPEN],2025-12-1 18:31:33,1,-90,34.0653992,-117.2574844,299.10,2.00,WIFI
3C:58:5D:73:AB:87,Moblin,[WPA2_WPA3_PSK],2025-12-1 18:31:36,3,-94,34.0652122,-117.2583923,299.30,2.00,WIFI
A8:4F:A4:86:08:A7,CAR_CAM_CM7053DW08a7,[WPA2_PSK],2025-12-1 18:31:38,5,-89,34.0650826,-117.2590103,300.20,2.00,WIFI
00:30:44:1B:79:83,,[WPA_WPA2_PSK],2025-12-1 18:31:39,6,-84,34.0650177,-117.2593307,300.60,2.00,WIFI
F4:69:42:4E:BC:35,SpectrumSetup-37,[WPA2_PSK],2025-12-1 18:31:39,6,-84,34.0650177,-117.2593307,300.60,2.00,WIFI
9E:05:D6:D5:AD:63,,[WPA2_PSK],2025-12-1 18:31:39,6,-88,34.0650177,-117.2593307,300.60,2.00,WIFI
9E:05:D6:B5:AD:63,,[OPEN],2025-12-1 18:31:39,6,-88,34.0650177,-117.2593307,300.60,2.00,WIFI
9E:05:D6:E5:AD:63,,[WPA2_PSK],2025-12-1 18:31:39,6,-90,34.0650177,-117.2593307,300.60,2.00,WIFI
00:25:CA:C6:86:ED,Motive AABL36NF280511,[WPA2_PSK],2025-12-1 18:31:39,6,-92,34.0650177,-117.2593307,300.60,2.00,WIFI
F0:22:1D:8E:4F:BF,,[WPA2_PSK],2025-12-1 18:31:46,13,-92,34.0645599,-117.2615891,301.10,2.00,WIFI
74:37:5F:D9:2F:9B,SpectrumSetup-99,[WPA2_PSK],2025-12-1 18:31:47,1,-80,34.0645027,-117.2619171,301.10,2.00,WIFI
00:3E:73:9E:B3:E3,,[WPA2_PSK],2025-12-1 18:31:47,1,-88,34.0645027,-117.2619171,301.10,2.00,WIFI
00:3E:73:9E:B3:E4,HEATKTE-NG,[WPA2],2025-12-1 18:31:47,1,-88,34.0645027,-117.2619171,301.10,2.00,WIFI
EC:58:EA:77:70:28,ONTFS_ESP,[WPA2_PSK],2025-12-1 18:31:47,1,-90,34.0645027,-117.2619171,301.10,2.00,WIFI
CC:C2:61:33:D1:B8,Driveri:6603030065,[WPA_WPA2_PSK],2025-12-1 18:31:54,6,-55,34.0641823,-117.2643280,294.90,2.00,WIFI
98:5D:46:D4:5E:16,PNet23017449,[WPA2_PSK],2025-12-1 18:31:54,6,-56,34.0641823,-117.2643280,294.90,2.00,WIFI
A8:9A:93:8E:72:66,MySpectrumWiFi60-2G,[WPA2_PSK],2025-12-1 18:31:54,6,-67,34.0641823,-117.2643280,294.90,2.00,WIFI
00:25:CA:BE:CE:49,Motive AABL36NF080941,[WPA2_PSK],2025-12-1 18:31:54,6,-81,34.0641823,-117.2643280,294.90,2.00,WIFI
86:D2:55:B5:1B:85,JG ,[WPA2_PSK],2025-12-1 18:31:54,6,-84,34.0641823,-117.2643280,294.90,2.00,WIFI
5C:5B:35:67:79:A4,HEATKTE-NG,[WPA2],2025-12-1 18:31:54,6,-88,34.0641823,-117.2643280,294.90,2.00,WIFI
E4:5E:1B:85:2B:BA,GOffice,[WPA2_PSK],2025-12-1 18:31:54,6,-88,34.0641823,-117.2643280,294.90,2.00,WIFI
5C:5B:35:67:79:A3,,[WPA2_PSK],2025-12-1 18:31:54,6,-88,34.0641823,-117.2643280,294.90,2.00,WIFI
88:DC:96:99:20:7B,Iot,[WPA2_PSK],2025-12-1 18:31:54,6,-89,34.0641823,-117.2643280,294.90,2.00,WIFI
74:93:DA:CD:AD:D1,SpectrumSetup-55,[WPA2_PSK],2025-12-1 18:31:54,6,-91,34.0641823,-117.2643280,294.90,2.00,WIFI
EC:58:EA:77:5A:38,ONTFS_ESP,[WPA2_PSK],2025-12-1 18:31:54,6,-91,34.0641823,-117.2643280,294.90,2.00,WIFI
B0:D8:88:BE:8A:6D,TOYOTA Camry_8a6d88beb0d8,[WPA2_PSK],2025-12-1 18:31:57,9,-86,34.0640831,-117.2653885,292.50,2.00,WIFI
A0:04:60:92:36:31,NETGEAR38,[WPA2_PSK],2025-12-1 18:31:58,10,-69,34.0640564,-117.2657547,292.20,2.00,WIFI
1A:8D:DB:68:8D:E3,HPSINTERNAL,[WPA_WPA2_PSK],2025-12-1 18:32:2,1,-76,34.0639839,-117.2671432,291.40,2.00,WIFI
32:8D:DB:68:8D:E3,,[WPA2_PSK],2025-12-1 18:32:2,1,-76,34.0639839,-117.2671432,291.40,2.00,WIFI
00:1C:F0:08:0D:40,EMS,[WEP],2025-12-1 18:32:5,4,-85,34.0639687,-117.2681580,290.80,2.00,WIFI
00:0D:B9:25:19:E0,SBX,[WPA2_PSK],2025-12-1 18:32:6,5,-86,34.0639648,-117.2684937,290.60,2.00,WIFI
1C:F4:3F:09:F4:32,Verizon_PDV7X6,[WPA2_PSK],2025-12-1 18:32:7,6,-92,34.0639648,-117.2688217,290.40,2.00,WIFI
C8:9E:43:84:8D:E9,NETGEAR91,[WPA2_PSK],2025-12-1 18:32:10,9,-82,34.0639648,-117.2697830,289.70,2.00,WIFI
4A:37:86:25:25:78,DEVCO-Guest,[WPA2_PSK],2025-12-1 18:32:10,9,-93,34.0639648,-117.2697830,289.70,2.00,WIFI
48:2F:6B:86:E5:20,demopool2,[WPA2_PSK],2025-12-1 18:32:12,11,-88,34.0639610,-117.2704163,289.30,2.00,WIFI
B8:66:85:63:C0:AE,MySpectrumWiFia8-2G,[WPA2_PSK],2025-12-1 18:32:12,11,-90,34.0639610,-117.2704163,289.30,2.00,WIFI
28:EC:22:D3:79:46,Topline,[WPA2_PSK],2025-12-1 18:32:21,6,-76,34.0639572,-117.2732010,288.00,2.00,WIFI
28:EC:22:D3:79:43,,[WPA3_PSK],2025-12-1 18:32:21,6,-80,34.0639572,-117.2732010,288.00,2.00,WIFI
FA:6D:CC:A9:9D:45,myGMC 9D45,[WPA2_PSK],2025-12-1 18:32:22,7,-85,34.0639648,-117.2735138,288.00,2.00,WIFI
46:37:86:25:25:78,,[WPA2_PSK],2025-12-1 18:32:24,9,-94,34.0639915,-117.2741165,287.80,2.00,WIFI
A0:40:A0:88:A1:56,NETGEAR21,[WPA2_PSK],2025-12-1 18:32:24,9,-94,34.0639915,-117.2741165,287.80,2.00,WIFI
00:30:44:1B:78:EA,,[WPA_WPA2_PSK],2025-12-1 18:32:26,11,-90,34.0640450,-117.2747192,287.50,2.00,WIFI
00:0D:B9:25:2E:E4,SBX,[WPA2_PSK],2025-12-1 18:32:34,5,-79,34.0643425,-117.2770615,288.00,2.00,WIFI
D8:B3:70:BD:D9:BA,QQStaff,[WPA2_PSK],2025-12-1 18:32:36,6,-81,34.0644035,-117.2776489,288.30,2.00,WIFI
5E:FD:83:6F:5D:0A,,[WPA2_PSK],2025-12-1 18:32:36,6,-86,34.0644035,-117.2776489,288.30,2.00,WIFI
5E:FD:83:2F:5D:0A,S000493,[WPA2_PSK],2025-12-1 18:32:36,6,-87,34.0644035,-117.2776489,288.30,2.00,WIFI
5E:FD:83:4F:5D:0A,,[WPA2_PSK],2025-12-1 18:32:36,6,-90,34.0644035,-117.2776489,288.30,2.00,WIFI
C8:9E:43:4C:22:F1,ORBI11,[WPA2_PSK],2025-12-1 18:32:38,9,-87,34.0644302,-117.2782211,288.20,2.00,WIFI
CE:9E:43:4C:22:F1,,[WPA2_PSK],2025-12-1 18:32:38,9,-89,34.0644302,-117.2782211,288.20,2.00,WIFI
54:3D:37:33:FA:78,SureStay Plus Hotel,[OPEN],2025-12-1 18:32:38,9,-92,34.0644302,-117.2782211,288.20,2.00,WIFI
54:3D:37:0E:BA:28,SureStay Plus Hotel,[OPEN],2025-12-1 18:32:40,10,-88,34.0644417,-117.2788010,287.80,2.00,WIFI
04:D9:F5:52:5A:40,Core5g,[WPA2_PSK],2025-12-1 18:32:40,10,-91,34.0644417,-117.2788010,287.80,2.00,WIFI
F6:9E:28:D2:8A:0B,,[WPA2_PSK],2025-12-1 18:32:41,11,-88,34.0644379,-117.2790909,287.60,2.00,WIFI
34:15:93:4B:DD:91,Admin,[WPA2_PSK],2025-12-1 18:32:44,1,-76,34.0643845,-117.2799988,285.60,2.00,WIFI
34:15:93:4B:DD:90,BW San Bernardino,[OPEN],2025-12-1 18:32:44,1,-77,34.0643845,-117.2799988,285.60,2.00,WIFI
34:15:93:5A:29:90,BW San Bernardino,[OPEN],2025-12-1 18:32:44,1,-85,34.0643845,-117.2799988,285.60,2.00,WIFI
34:15:93:5A:29:91,Admin,[WPA2_PSK],2025-12-1 18:32:44,1,-85,34.0643845,-117.2799988,285.60,2.00,WIFI
CC:00:F1:26:E5:A7,TMOBILE-E5A1,[WPA2_WPA3_PSK],2025-12-1 18:32:44,1,-85,34.0643845,-117.2799988,285.60,2.00,WIFI
BE:46:9D:0C:F4:5F,,[WPA2_PSK],2025-12-1 18:32:44,1,-87,34.0643845,-117.2799988,285.60,2.00,WIFI
BA:46:9D:0C:F4:5F,Hilton Honors Meeting,[OPEN],2025-12-1 18:32:44,1,-88,34.0643845,-117.2799988,285.60,2.00,WIFI
92:25:4A:9D:37:FD,,[WPA2_PSK],2025-12-1 18:32:47,3,-87,34.0643044,-117.2809372,283.20,2.00,WIFI
18:A5:FF:EA:2F:12,Jade,[WPA2_WPA3_PSK],2025-12-1 18:32:50,6,-68,34.0642357,-117.2818146,280.90,2.00,WIFI
18:7C:0B:04:68:48,La Quinta Inn,[OPEN],2025-12-1 18:32:50,6,-78,34.0642357,-117.2818146,280.90,2.00,WIFI
18:7C:0B:00:5B:88,La Quinta Inn,[OPEN],2025-12-1 18:32:50,6,-83,34.0642357,-117.2818146,280.90,2.00,WIFI
28:76:10:15:B0:98,Heritage Inn,[OPEN],2025-12-1 18:32:53,9,-89,34.0641632,-117.2826843,278.50,2.00,WIFI
1C:B0:44:CD:94:F4,MySpectrumWiFiF6-2G,[WPA2_PSK],2025-12-1 18:32:55,11,-65,34.0641174,-117.2832947,277.50,2.00,WIFI
44:37:0B:68:A4:CE,ROVE_R2-4K_68a4ce,[WPA_WPA2_PSK],2025-12-1 18:32:58,1,-70,34.0640411,-117.2842407,277.00,2.00,WIFI
3E:56:FE:C8:8B:0A,CW-iPad,[WPA2_PSK],2025-12-1 18:32:58,1,-81,34.0640411,-117.2842407,277.00,2.00,WIFI
26:56:FE:C8:8B:0A,CW-Guest,[OPEN],2025-12-1 18:32:58,1,-82,34.0640411,-117.2842407,277.00,2.00,WIFI
0A:56:FE:C8:8B:0A,,[WPA2_PSK],2025-12-1 18:32:58,1,-82,34.0640411,-117.2842407,277.00,2.00,WIFI
32:56:FE:C8:8B:0A,FREEDOM-CC,[WPA2_PSK],2025-12-1 18:32:58,1,-83,34.0640411,-117.2842407,277.00,2.00,WIFI
22:56:FE:C8:8B:0A,CW-CorpWiFi,[WPA2],2025-12-1 18:32:58,1,-83,34.0640411,-117.2842407,277.00,2.00,WIFI
F0:A8:82:44:8A:54,8B5061VJ,[WPA2_PSK],2025-12-1 18:32:58,1,-84,34.0640411,-117.2842407,277.00,2.00,WIFI
22:AD:56:2F:E1:BC,HotspotE1BC,[WPA_WPA2_PSK],2025-12-1 18:32:58,1,-85,34.0640411,-117.2842407,277.00,2.00,WIFI
D0:FC:D0:0E:C7:C4,ATTsJty7dS,[WPA2_PSK],2025-12-1 18:32:58,1,-87,34.0640411,-117.2842407,277.00,2.00,WIFI
1C:B0:44:0F:9F:99,MySpectrumWiFi9B-2G,[WPA2_PSK],2025-12-1 18:32:58,1,-90,34.0640411,-117.2842407,277.00,2.00,WIFI
60:38:E0:AC:7F:05,Motel6 South,[WPA2_PSK],2025-12-1 18:32:58,2,-84,34.0640411,-117.2842407,277.00,2.00,WIFI
92:25:4A:9D:37:FE,CPC_STUDENTS,[WPA2_WPA3_PSK],2025-12-1 18:33:1,3,-84,34.0639763,-117.2852097,277.90,2.00,WIFI
9E:A3:A9:6A:A9:F1,,[WPA2_PSK],2025-12-1 18:33:2,4,-65,34.0639610,-117.2855301,278.50,2.00,WIFI
08:3A:2F:0B:A1:9C,NVR083a2f0ba19c,[WPA2_PSK],2025-12-1 18:33:2,4,-73,34.0639610,-117.2855301,278.50,2.00,WIFI
94:91:7F:51:C0:40,MySpectrumWiFi42-2G,[WPA2_PSK],2025-12-1 18:33:4,6,-88,34.0639534,-117.2861710,279.10,2.00,WIFI
CE:AB:F8:59:1E:45,,[WPA2_PSK],2025-12-1 18:33:4,6,-88,34.0639534,-117.2861710,279.10,2.00,WIFI
A2:18:65:D3:FD:02,AEG-Guest,[WPA2_WPA3_PSK],2025-12-1 18:33:7,9,-86,34.0639496,-117.2871170,279.40,2.00,WIFI
9A:18:65:D3:FD:02,NTGRBH_941865D3FD03,[WPA2_WPA3_PSK],2025-12-1 18:33:7,9,-87,34.0639496,-117.2871170,279.40,2.00,WIFI
94:18:65:D3:FD:02,aegeglucklawgroup.com,[WPA2_WPA3_PSK],2025-12-1 18:33:7,9,-88,34.0639496,-117.2871170,279.40,2.00,WIFI
00:30:44:1B:79:90,,[WPA_WPA2_PSK],2025-12-1 18:33:8,10,-88,34.0639534,-117.2874451,279.30,2.00,WIFI
88:DE:7C:D3:E3:55,SpectrumSetup-57,[WPA2_PSK],2025-12-1 18:33:9,11,-63,34.0639534,-117.2877655,279.00,2.00,WIFI
C8:B4:22:1F:AA:69,MySpectrumWiFi6B-2G,[WPA2_PSK],2025-12-1 18:33:9,11,-83,34.0639534,-117.2877655,279.00,2.00,WIFI
FA:8F:CA:7A:DD:48,,[OPEN],2025-12-1 18:33:9,11,-88,34.0639534,-117.2877655,279.00,2.00,WIFI
FA:8F:CA:60:3F:2A,,[OPEN],2025-12-1 18:33:9,11,-88,34.0639534,-117.2877655,279.00,2.00,WIFI
4A:D9:E7:BD:5D:3F,SurgicalEdge,[WPA2_PSK],2025-12-1 18:33:9,11,-88,34.0639534,-117.2877655,279.00,2.00,WIFI
1C:61:B4:E6:5E:FE,SUPERIORTANKLINES,[WPA2_PSK],2025-12-1 18:33:9,11,-89,34.0639534,-117.2877655,279.00,2.00,WIFI
F0:A7:31:09:A7:EE,keystoneSB,[WPA2_PSK],2025-12-1 18:33:17,5,-75,34.0639801,-117.2904663,277.70,2.00,WIFI
F6:A7:31:09:A7:F2,,[WPA2_PSK],2025-12-1 18:33:17,5,-81,34.0639801,-117.2904663,277.70,2.00,WIFI
4A:9E:BD:6E:DC:53,DIRECT-53-HP M404dw LJ,[WPA2_PSK],2025-12-1 18:33:18,6,-76,34.0640068,-117.2908020,277.70,2.00,WIFI
7A:45:58:95:16:3E,,[WPA2_PSK],2025-12-1 18:33:18,6,-77,34.0640068,-117.2908020,277.70,2.00,WIFI
D8:B3:70:86:92:AC,Keystone304,[WPA2_PSK],2025-12-1 18:33:18,6,-78,34.0640068,-117.2908020,277.70,2.00,WIFI
66:4E:D7:E8:62:A3,DIRECT-A3-HP OfficeJet Pro 9020,[WPA2_PSK],2025-12-1 18:33:18,6,-79,34.0640068,-117.2908020,277.70,2.00,WIFI
8C:DC:D4:66:E0:E8,HP-Print-E8-Officejet 4630,[WPA2_PSK],2025-12-1 18:33:18,6,-86,34.0640068,-117.2908020,277.70,2.00,WIFI
AA:B1:3B:FE:F2:F9,DIRECT-F9-HP OfficeJet Pro 9020,[WPA2_PSK],2025-12-1 18:33:18,6,-90,34.0640068,-117.2908020,277.70,2.00,WIFI
22:61:B4:E6:5E:FE,STLGUEST,[WPA2_WPA3_PSK],2025-12-1 18:33:23,11,-86,34.0642242,-117.2924347,281.40,2.00,WIFI
38:88:71:0D:F6:50,Verizon_7SBP9H,[WPA2_PSK],2025-12-1 18:33:23,11,-86,34.0642242,-117.2924347,281.40,2.00,WIFI
22:61:B4:E6:59:C6,STLGUEST,[WPA2_WPA3_PSK],2025-12-1 18:33:23,11,-88,34.0642242,-117.2924347,281.40,2.00,WIFI
D8:07:B6:A9:CE:5C,Microdyne,[WPA2_PSK],2025-12-1 18:33:23,11,-89,34.0642242,-117.2924347,281.40,2.00,WIFI
7E:45:58:8B:C1:C2,,[WPA2_PSK],2025-12-1 18:33:23,11,-91,34.0642242,-117.2924347,281.40,2.00,WIFI
86:E4:B2:52:8D:FE,,[WPA2_PSK],2025-12-1 18:33:26,1,-87,34.0643616,-117.2934036,285.30,2.00,WIFI
1C:82:59:B0:2F:BD,OR100bc,[WPA2_PSK],2025-12-1 18:33:26,1,-89,34.0643616,-117.2934036,285.30,2.00,WIFI
86:E4:B2:22:8D:FE,YunakCorp,[WPA2_PSK],2025-12-1 18:33:26,1,-92,34.0643616,-117.2934036,285.30,2.00,WIFI
00:0D:B9:25:19:B8,SBX,[WPA2_PSK],2025-12-1 18:33:31,5,-83,34.0643158,-117.2948837,291.10,2.00,WIFI
00:0D:B9:24:1E:A8,SBX,[WPA2_PSK],2025-12-1 18:33:31,5,-85,34.0643158,-117.2948837,291.10,2.00,WIFI
00:0D:B9:2B:08:7C,SBX,[WPA2_PSK],2025-12-1 18:33:31,5,-86,34.0643158,-117.2948837,291.10,2.00,WIFI
DE:FA:AC:0A:2F:8C,CHEVROLET1564,[WPA2_WPA3_PSK],2025-12-1 18:33:32,6,-86,34.0642471,-117.2951508,292.00,2.00,WIFI
78:9A:18:89:31:A6,WattEV,[WPA2_PSK],2025-12-1 18:33:34,8,-76,34.0640602,-117.2956543,293.20,2.00,WIFI
78:9A:18:89:31:A2,WattEV,[WPA2_PSK],2025-12-1 18:33:34,8,-81,34.0640602,-117.2956543,293.20,2.00,WIFI
78:9A:18:8A:91:A0,WattEV,[WPA2_PSK],2025-12-1 18:33:37,11,-81,34.0636864,-117.2963562,293.90,2.00,WIFI
78:9A:18:89:31:B4,WattEV,[WPA2_PSK],2025-12-1 18:33:37,11,-85,34.0636864,-117.2963562,293.90,2.00,WIFI
F0:22:1D:87:D4:1E,,[WPA2_PSK],2025-12-1 18:33:38,13,-84,34.0635414,-117.2965851,293.80,2.00,WIFI
0A:17:1A:C4:91:35,,[WPA2_PSK],2025-12-1 18:33:40,1,-79,34.0632172,-117.2969894,293.30,2.00,WIFI
02:17:1A:C4:91:35,Winegard2ghzC49133,[WPA2_PSK],2025-12-1 18:33:40,1,-81,34.0632172,-117.2969894,293.30,2.00,WIFI
54:2B:57:56:9B:9C,,[WPA2_PSK],2025-12-1 18:33:51,11,-89,34.0608444,-117.2982025,281.50,2.00,WIFI
98:1E:19:2D:F0:7E,Dason1,[WPA2_PSK],2025-12-1 18:33:54,1,-84,34.0601196,-117.2982178,277.70,2.00,WIFI
AC:91:9B:9C:AA:A2,Verizon_GSSJ3Q,[WPA2_PSK],2025-12-1 18:33:54,1,-84,34.0601196,-117.2982178,277.70,2.00,WIFI
F6:C3:2A:DA:2F:07,,[WPA2_PSK],2025-12-1 18:33:56,2,-83,34.0596275,-117.2982101,275.00,2.00,WIFI
E4:C3:2A:DA:2F:07,Cali,[WPA_WPA2_PSK],2025-12-1 18:33:56,2,-86,34.0596275,-117.2982101,275.00,2.00,WIFI
10:2C:B1:BC:BB:42,,[WPA_WPA2_PSK],2025-12-1 18:33:57,3,-91,34.0593834,-117.2982101,273.80,2.00,WIFI
F0:B2:E5:DC:29:80,vendor,[WPA2_PSK],2025-12-1 18:34:0,6,-86,34.0586395,-117.2982330,270.30,2.00,WIFI
F0:B2:E5:DC:29:89,corporate,[WPA2_PSK],2025-12-1 18:34:0,6,-86,34.0586395,-117.2982330,270.30,2.00,WIFI
98:5D:46:08:4F:D0,PNet23029777,[WPA2_PSK],2025-12-1 18:34:0,6,-87,34.0586395,-117.2982330,270.30,2.00,WIFI
4C:AB:F8:EA:92:23,SpectrumSetup-25,[WPA2_PSK],2025-12-1 18:34:0,6,-89,34.0586395,-117.2982330,270.30,2.00,WIFI
98:5D:46:68:66:13,PNet23014472,[WPA2_PSK],2025-12-1 18:34:0,6,-90,34.0586395,-117.2982330,270.30,2.00,WIFI
88:90:8D:93:D8:D4,,[WPA2_PSK],2025-12-1 18:34:5,11,-79,34.0573616,-117.2984314,267.20,2.00,WIFI
88:90:8D:93:D8:D0,vendor,[WPA2_PSK],2025-12-1 18:34:5,11,-81,34.0573616,-117.2984314,267.20,2.00,WIFI
88:90:8D:93:D8:DA,mobility,[WPA2_PSK],2025-12-1 18:34:5,11,-81,34.0573616,-117.2984314,267.20,2.00,WIFI
88:90:8D:93:D8:DC,distribution,[WPA2_PSK],2025-12-1 18:34:5,11,-83,34.0573616,-117.2984314,267.20,2.00,WIFI
88:90:8D:93:D8:D3,Ashley_Guest,[OPEN],2025-12-1 18:34:5,11,-84,34.0573616,-117.2984314,267.20,2.00,WIFI
88:90:8D:93:D8:D9,corporate,[WPA2_PSK],2025-12-1 18:34:5,11,-86,34.0573616,-117.2984314,267.20,2.00,WIFI
BE:0D:97:84:9F:11,,[WPA2_PSK],2025-12-1 18:34:7,1,-78,34.0568733,-117.2985611,267.00,2.00,WIFI
BE:0D:97:24:9F:11,STL-0683 WiFi,[WPA2_PSK],2025-12-1 18:34:7,1,-79,34.0568733,-117.2985611,267.00,2.00,WIFI
BE:0D:97:54:9F:11,,[WPA2_PSK],2025-12-1 18:34:7,1,-79,34.0568733,-117.2985611,267.00,2.00,WIFI
38:17:B1:55:7F:48,SpectrumSetup-42,[WPA2_PSK],2025-12-1 18:34:7,1,-82,34.0568733,-117.2985611,267.00,2.00,WIFI
90:D0:92:67:39:D4,ATTMHkiPX4,[WPA2_PSK],2025-12-1 18:34:7,1,-82,34.0568733,-117.2985611,267.00,2.00,WIFI
00:25:CA:3B:43:59,sdp5g,[WPA2_PSK],2025-12-1 18:34:7,1,-88,34.0568733,-117.2985611,267.00,2.00,WIFI
2C:00:AB:C9:5C:20,ATTie8H75S,[WPA2_PSK],2025-12-1 18:34:10,2,-84,34.0561790,-117.2987747,267.30,2.00,WIFI
46:37:86:12:6F:B9,,[WPA2_PSK],2025-12-1 18:34:11,3,-92,34.0559616,-117.2988586,267.30,2.00,WIFI
C2:CB:BC:B9:63:F5,,[WPA2],2025-12-1 18:34:14,6,-60,34.0553055,-117.2991180,267.50,2.00,WIFI
C6:CB:BC:B9:63:F5,,[WPA2],2025-12-1 18:34:14,6,-60,34.0553055,-117.2991180,267.50,2.00,WIFI
DE:CB:BC:B9:63:F5,,[WPA2_PSK],2025-12-1 18:34:14,6,-60,34.0553055,-117.2991180,267.50,2.00,WIFI
E0:CB:BC:B9:63:F5,Sunbelt,[WPA2_PSK],2025-12-1 18:34:14,6,-61,34.0553055,-117.2991180,267.50,2.00,WIFI
E6:CB:BC:B9:63:F5,sunvoip,[WPA2_PSK],2025-12-1 18:34:14,6,-61,34.0553055,-117.2991180,267.50,2.00,WIFI
F6:CB:BC:B9:63:F5,SBR_Guest,[WPA2_PSK],2025-12-1 18:34:14,6,-61,34.0553055,-117.2991180,267.50,2.00,WIFI
DE:CB:BC:B9:63:C3,,[WPA2_PSK],2025-12-1 18:34:14,6,-66,34.0553055,-117.2991180,267.50,2.00,WIFI
C2:CB:BC:B9:63:C3,,[WPA2],2025-12-1 18:34:14,6,-67,34.0553055,-117.2991180,267.50,2.00,WIFI
C6:CB:BC:B9:63:C3,,[WPA2],2025-12-1 18:34:14,6,-67,34.0553055,-117.2991180,267.50,2.00,WIFI
F6:CB:BC:B9:63:C3,SBR_Guest,[WPA2_PSK],2025-12-1 18:34:14,6,-68,34.0553055,-117.2991180,267.50,2.00,WIFI
E6:CB:BC:B9:63:C3,sunvoip,[WPA2_PSK],2025-12-1 18:34:14,6,-69,34.0553055,-117.2991180,267.50,2.00,WIFI
E0:CB:BC:B9:63:C3,Sunbelt,[WPA2_PSK],2025-12-1 18:34:14,6,-70,34.0553055,-117.2991180,267.50,2.00,WIFI
C6:CB:BC:B9:63:73,,[WPA2],2025-12-1 18:34:14,6,-75,34.0553055,-117.2991180,267.50,2.00,WIFI
DE:CB:BC:B9:63:73,,[WPA2_PSK],2025-12-1 18:34:14,6,-76,34.0553055,-117.2991180,267.50,2.00,WIFI
E6:CB:BC:B9:63:73,sunvoip,[WPA2_PSK],2025-12-1 18:34:14,6,-77,34.0553055,-117.2991180,267.50,2.00,WIFI
F6:CB:BC:B9:63:73,SBR_Guest,[WPA2_PSK],2025-12-1 18:34:14,6,-77,34.0553055,-117.2991180,267.50,2.00,WIFI
C2:CB:BC:B9:63:73,,[WPA2],2025-12-1 18:34:14,6,-77,34.0553055,-117.2991180,267.50,2.00,WIFI
E0:CB:BC:B9:63:73,Sunbelt,[WPA2_PSK],2025-12-1 18:34:14,6,-78,34.0553055,-117.2991180,267.50,2.00,WIFI
98:5D:46:21:CD:49,PNet6593514,[WPA2_PSK],2025-12-1 18:34:14,6,-86,34.0553055,-117.2991180,267.50,2.00,WIFI
FA:27:5B:58:B0:C6,iPhone,[WPA2_PSK],2025-12-1 18:34:14,6,-88,34.0553055,-117.2991180,267.50,2.00,WIFI
74:37:5F:32:F6:7F,SpectrumSetup-7D,[WPA2_PSK],2025-12-1 18:34:14,6,-88,34.0553055,-117.2991180,267.50,2.00,WIFI
C4:EB:42:81:DD:E7,TMOBILE-M,[WPA2_WPA3_PSK],2025-12-1 18:34:23,1,-79,34.0534439,-117.3002319,267.50,2.00,WIFI
00:25:CA:77:5C:8D,sdp5g,[WPA2_PSK],2025-12-1 18:34:23,1,-80,34.0534439,-117.3002319,267.50,2.00,WIFI
BC:F8:7E:32:1D:9C,ATTrR9F841,[WPA3_PSK],2025-12-1 18:34:23,1,-81,34.0534439,-117.3002319,267.50,2.00,WIFI
0E:5A:25:21:C8:CF,SpectrumSetup-CE,[WPA2_PSK],2025-12-1 18:34:23,1,-85,34.0534439,-117.3002319,267.50,2.00,WIFI
02:17:1A:D4:72:00,,[WPA2_PSK],2025-12-1 18:34:25,2,-83,34.0530624,-117.3005371,267.20,2.00,WIFI
70:68:71:39:7D:38,TYPE_S_DVR27_4K_397D38,[WPA2_PSK],2025-12-1 18:34:25,2,-87,34.0530624,-117.3005371,267.20,2.00,WIFI
00:17:1A:D4:72:00,Winegard2ghzD471FF,[WPA2_PSK],2025-12-1 18:34:25,2,-87,34.0530624,-117.3005371,267.20,2.00,WIFI
9E:DA:C4:F8:5C:04,TFDC-2,[WPA_WPA2_PSK],2025-12-1 18:34:27,4,-71,34.0526886,-117.3008728,266.50,2.00,WIFI
98:DA:C4:F8:5C:03,TP-Link,[WPA2_PSK],2025-12-1 18:34:27,4,-76,34.0526886,-117.3008728,266.50,2.00,WIFI
60:45:CB:CB:5C:78,JY_ASUS,[WPA2_PSK],2025-12-1 18:34:27,4,-88,34.0526886,-117.3008728,266.50,2.00,WIFI
2C:67:BE:4A:D1:B5,SpectrumSetup-D1B1,[WPA2_PSK],2025-12-1 18:34:29,6,-67,34.0523109,-117.3012390,265.60,2.00,WIFI
4C:AB:F8:37:3C:89,Jesar,[WPA2_PSK],2025-12-1 18:34:29,6,-71,34.0523109,-117.3012390,265.60,2.00,WIFI
E0:1F:2B:85:F6:3C,JazzyChris,[WPA_WPA2_PSK],2025-12-1 18:34:29,6,-77,34.0523109,-117.3012390,265.60,2.00,WIFI
58:96:71:15:25:10,ATTjMXtMDD,[WPA2_PSK],2025-12-1 18:34:29,6,-78,34.0523109,-117.3012390,265.60,2.00,WIFI
BC:9A:8E:2D:55:34,ATTQaBa67f,[WPA2_PSK],2025-12-1 18:34:29,6,-84,34.0523109,-117.3012390,265.60,2.00,WIFI
34:53:D2:B7:70:A4,SpectrumSetup-9E,[WPA2_PSK],2025-12-1 18:34:37,1,-77,34.0509529,-117.3029556,262.10,2.00,WIFI
5C:FA:25:CD:CA:3A,PrincessLo,[WPA2_PSK],2025-12-1 18:34:37,1,-78,34.0509529,-117.3029556,262.10,2.00,WIFI
FA:E2:C6:24:91:C6,Sacoa2,[WPA2_PSK],2025-12-1 18:34:37,1,-79,34.0509529,-117.3029556,262.10,2.00,WIFI
74:37:5F:86:0E:CB,SpectrumSetup-C9,[WPA2_PSK],2025-12-1 18:34:37,1,-80,34.0509529,-117.3029556,262.10,2.00,WIFI
02:E2:C6:24:91:C6,,[WPA2_PSK],2025-12-1 18:34:37,1,-80,34.0509529,-117.3029556,262.10,2.00,WIFI
5C:5B:35:DB:44:B7,SwimUpstream,[WPA2_PSK],2025-12-1 18:34:37,1,-83,34.0509529,-117.3029556,262.10,2.00,WIFI
F8:5B:3B:21:12:C3,SpectrumSetup-C5,[WPA2_PSK],2025-12-1 18:34:37,1,-83,34.0509529,-117.3029556,262.10,2.00,WIFI
34:53:D2:ED:81:BA,Bounce.tht.ass.94,[WPA2_PSK],2025-12-1 18:34:37,1,-87,34.0509529,-117.3029556,262.10,2.00,WIFI
5C:5B:35:DA:D8:25,HEATKTE-NG,[WPA2],2025-12-1 18:34:43,6,-71,34.0500069,-117.3042984,257.10,2.00,WIFI
5C:5B:35:DA:D8:24,SwimUpstream,[WPA2_PSK],2025-12-1 18:34:43,6,-73,34.0500069,-117.3042984,257.10,2.00,WIFI
5C:5B:35:DB:A2:13,,[WPA2_PSK],2025-12-1 18:34:43,6,-73,34.0500069,-117.3042984,257.10,2.00,WIFI
5C:5B:35:DB:A2:14,SwimUpstream,[WPA2_PSK],2025-12-1 18:34:43,6,-79,34.0500069,-117.3042984,257.10,2.00,WIFI
5C:5B:35:DB:A2:15,HEATKTE-NG,[WPA2],2025-12-1 18:34:43,6,-79,34.0500069,-117.3042984,257.10,2.00,WIFI
FC:DB:21:23:1C:CB,S_ELD_HS,[WPA2_PSK],2025-12-1 18:34:43,6,-81,34.0500069,-117.3042984,257.10,2.00,WIFI
F4:92:BF:6A:FE:7F,service_1K,[WPA2_PSK],2025-12-1 18:34:43,6,-82,34.0500069,-117.3042984,257.10,2.00,WIFI
FA:92:BF:6A:FE:7F,Sacoa2,[WPA2_PSK],2025-12-1 18:34:43,6,-83,34.0500069,-117.3042984,257.10,2.00,WIFI
FE:92:BF:6A:FE:7F,,[WPA2_PSK],2025-12-1 18:34:43,6,-83,34.0500069,-117.3042984,257.10,2.00,WIFI
38:88:71:19:E5:34,Verizon_CY4H3C,[WPA2_PSK],2025-12-1 18:34:43,6,-87,34.0500069,-117.3042984,257.10,2.00,WIFI
C8:FE:0F:6D:A2:CB,H30D-0F6DA2CB,[WPA2_PSK],2025-12-1 18:34:49,11,-67,34.0491371,-117.3055267,254.10,2.00,WIFI
5C:5B:35:61:11:33,,[WPA2_PSK],2025-12-1 18:34:49,11,-68,34.0491371,-117.3055267,254.10,2.00,WIFI
5C:5B:35:61:11:34,SwimUpstream,[WPA2_PSK],2025-12-1 18:34:49,11,-69,34.0491371,-117.3055267,254.10,2.00,WIFI
E6:CB:BC:91:7F:B3,smll,[WPA2],2025-12-1 18:34:49,11,-81,34.0491371,-117.3055267,254.10,2.00,WIFI
E0:CB:BC:91:7F:B3,Starbucks WiFi,[OPEN],2025-12-1 18:34:49,11,-82,34.0491371,-117.3055267,254.10,2.00,WIFI
16:98:2E:22:10:83,Bertha,[WPA2_PSK],2025-12-1 18:34:52,1,-65,34.0486870,-117.3061447,253.90,2.00,WIFI
16:98:2E:62:10:83,,[WPA2_PSK],2025-12-1 18:34:52,1,-67,34.0486870,-117.3061447,253.90,2.00,WIFI
0C:83:CC:F0:A5:F8,tlf0a5f8,[WPA2_PSK],2025-12-1 18:34:52,1,-88,34.0486870,-117.3061447,253.90,2.00,WIFI
10:2C:B1:B3:E6:24,,[WPA_WPA2_PSK],2025-12-1 18:34:55,3,-84,34.0482635,-117.3067551,253.40,2.00,WIFI
94:2A:6F:5A:24:2D,MTRV GUEST,[WPA2_WPA3_PSK],2025-12-1 18:34:56,4,-89,34.0481262,-117.3069534,253.20,2.00,WIFI
9C:B1:DC:65:5F:9F,REDTIGER_F9_9b29,[WPA_WPA2_PSK],2025-12-1 18:34:57,5,-71,34.0479927,-117.3071442,253.10,2.00,WIFI
92:32:4B:83:E8:8C,DIRECT-8C-HP E67550 LaserJet,[WPA2_PSK],2025-12-1 18:34:57,5,-89,34.0479927,-117.3071442,253.10,2.00,WIFI
B6:52:46:F7:E7:3F,Khtppeople,[WPA2_PSK],2025-12-1 18:34:58,6,-87,34.0478554,-117.3073349,253.00,2.00,WIFI
94:18:65:7C:73:2F,Colton training room,[WPA2_PSK],2025-12-1 18:35:1,9,-81,34.0474586,-117.3078995,253.30,2.00,WIFI
9C:C9:EB:5E:39:CE,SES24,[WPA2_PSK],2025-12-1 18:35:1,9,-84,34.0474586,-117.3078995,253.30,2.00,WIFI
3E:94:ED:24:6A:F2,Dason1-5G,[WPA2_PSK],2025-12-1 18:35:1,9,-85,34.0474586,-117.3078995,253.30,2.00,WIFI
7E:F1:7E:2D:D0:C8,,[WPA2_PSK],2025-12-1 18:35:1,9,-86,34.0474586,-117.3078995,253.30,2.00,WIFI
34:C8:D6:13:29:CC,,[WPA2_PSK],2025-12-1 18:35:2,10,-84,34.0473251,-117.3080978,253.20,2.00,WIFI
DE:A6:33:C1:AE:61,GT Sew & Vac Guest WiFi,[WPA2_PSK],2025-12-1 18:35:2,10,-89,34.0473251,-117.3080978,253.20,2.00,WIFI
9C:57:BC:97:D8:E3,,[WPA3_PSK],2025-12-1 18:35:3,11,-85,34.0471840,-117.3082886,253.10,2.00,WIFI
1C:82:59:B0:05:F0,OR100ef,[WPA2_PSK],2025-12-1 18:35:3,11,-92,34.0471840,-117.3082886,253.10,2.00,WIFI
2E:00:2A:00:0A:50,T-Mobile5GHotspot_7878,[WPA2_PSK],2025-12-1 18:35:6,1,-63,34.0467529,-117.3089142,252.70,2.00,WIFI
90:4C:81:78:72:A1,McDonalds Free WiFi,[OPEN],2025-12-1 18:35:6,1,-69,34.0467529,-117.3089142,252.70,2.00,WIFI
90:4C:81:78:72:A2,eBOS,[OPEN],2025-12-1 18:35:6,1,-69,34.0467529,-117.3089142,252.70,2.00,WIFI
1C:6A:1B:93:9A:E8,MTRV GUEST,[WPA2_WPA3_PSK],2025-12-1 18:35:9,3,-76,34.0463219,-117.3095398,252.80,2.00,WIFI
22:6A:1B:93:9A:E8,MTRV,[WPA2_WPA3_PSK],2025-12-1 18:35:9,3,-76,34.0463219,-117.3095398,252.80,2.00,WIFI
26:6A:1B:93:9A:E8,,[WPA2_PSK],2025-12-1 18:35:9,3,-77,34.0463219,-117.3095398,252.80,2.00,WIFI
00:25:CA:6F:6D:0F,KeepTruckin Hotspot - QC121406,[WPA2_PSK],2025-12-1 18:35:12,6,-75,34.0459023,-117.3101196,253.00,2.00,WIFI
40:47:5E:A2:AA:63,,[WPA3_PSK],2025-12-1 18:35:12,6,-82,34.0459023,-117.3101196,253.00,2.00,WIFI
40:47:5E:A2:AA:69,,[OPEN],2025-12-1 18:35:12,6,-82,34.0459023,-117.3101196,253.00,2.00,WIFI
40:47:5E:A2:AA:66,Arcs Office 1,[WPA2_PSK],2025-12-1 18:35:12,6,-82,34.0459023,-117.3101196,253.00,2.00,WIFI
02:17:1A:C9:A0:F3,Winegard2ghzC9A0F1,[WPA2_PSK],2025-12-1 18:35:12,6,-84,34.0459023,-117.3101196,253.00,2.00,WIFI
28:87:BA:D2:65:DC,,[WPA2_PSK],2025-12-1 18:35:12,6,-85,34.0459023,-117.3101196,253.00,2.00,WIFI
0C:EA:14:7D:55:A6,Ubiquiti Wifi,[WPA2_WPA3_PSK],2025-12-1 18:35:12,6,-88,34.0459023,-117.3101196,253.00,2.00,WIFI
A6:05:D6:F7:EC:D9,,[WPA2_PSK],2025-12-1 18:35:12,6,-90,34.0459023,-117.3101196,253.00,2.00,WIFI
5A:E4:03:F7:B1:7C,VirusNetwork,[WPA2_PSK],2025-12-1 18:35:12,7,-85,34.0459023,-117.3101196,253.00,2.00,WIFI
12:EA:14:B5:87:13,MTRV,[WPA2_WPA3_PSK],2025-12-1 18:35:14,8,-63,34.0456390,-117.3104935,253.20,2.00,WIFI
16:EA:14:B5:87:13,,[WPA2_PSK],2025-12-1 18:35:14,8,-66,34.0456390,-117.3104935,253.20,2.00,WIFI
0C:EA:14:B5:87:13,MTRV GUEST,[WPA2_WPA3_PSK],2025-12-1 18:35:14,8,-74,34.0456390,-117.3104935,253.20,2.00,WIFI
FA:9F:C2:D1:24:1B,,[WPA2_PSK],2025-12-1 18:35:15,9,-73,34.0455132,-117.3106766,253.30,2.00,WIFI
F6:9F:C2:D1:24:1B,MTRV,[WPA2_WPA3_PSK],2025-12-1 18:35:15,9,-76,34.0455132,-117.3106766,253.30,2.00,WIFI
F0:9F:C2:D1:24:1B,MTRV GUEST,[WPA2_WPA3_PSK],2025-12-1 18:35:15,9,-80,34.0455132,-117.3106766,253.30,2.00,WIFI
9A:2A:6F:5A:24:2D,MTRV,[WPA2_WPA3_PSK],2025-12-1 18:35:24,4,-78,34.0444908,-117.3121490,257.00,2.00,WIFI
12:EA:14:B4:E9:04,MTRV,[WPA2_WPA3_PSK],2025-12-1 18:35:25,5,-85,34.0444107,-117.3122711,257.30,2.00,WIFI
9E:78:60:55:9D:70,,[WPA2_PSK],2025-12-1 18:35:26,6,-75,34.0443344,-117.3123856,257.60,2.00,WIFI
A2:05:D6:F7:E9:A0,Nova Pointe Guest,[WPA2_PSK],2025-12-1 18:35:26,6,-84,34.0443344,-117.3123856,257.60,2.00,WIFI
A6:05:D6:F7:E9:A0,,[WPA2_PSK],2025-12-1 18:35:26,6,-85,34.0443344,-117.3123856,257.60,2.00,WIFI
E8:D2:FF:C7:D0:36,SpectrumSetup-30,[WPA2_PSK],2025-12-1 18:35:26,6,-85,34.0443344,-117.3123856,257.60,2.00,WIFI
A2:05:D6:F7:EC:D9,Nova Pointe Guest,[WPA2_PSK],2025-12-1 18:35:26,6,-86,34.0443344,-117.3123856,257.60,2.00,WIFI
00:54:AF:38:C8:7A,HotspotC87A,[WPA_WPA2_PSK],2025-12-1 18:35:31,11,-87,34.0440636,-117.3127823,258.60,2.00,WIFI
1C:82:59:B0:29:A5,OR100a4,[WPA2_PSK],2025-12-1 18:35:34,1,-70,34.0439720,-117.3129196,258.80,2.00,WIFI
00:25:CA:B5:86:75,Motive AABL36SE350584,[WPA2_PSK],2025-12-1 18:35:40,6,-82,34.0437851,-117.3131943,259.30,2.00,WIFI
FC:DB:21:3B:55:FD,RollinRwifi,[WPA2_PSK],2025-12-1 18:35:40,6,-83,34.0437851,-117.3131943,259.30,2.00,WIFI
F8:5B:3B:88:92:95,SpectrumSetup-97,[WPA2_PSK],2025-12-1 18:35:45,11,-92,34.0436554,-117.3133774,259.90,2.00,WIFI
28:70:4E:D2:3A:03,MTRV GUEST,[WPA2_WPA3_PSK],2025-12-1 18:35:48,1,-78,34.0435677,-117.3135071,260.40,2.00,WIFI
2E:70:4E:D2:3A:03,MTRV,[WPA2_WPA3_PSK],2025-12-1 18:35:48,1,-82,34.0435677,-117.3135071,260.40,2.00,WIFI
0C:EA:14:B4:E9:04,MTRV GUEST,[WPA2_WPA3_PSK],2025-12-1 18:35:53,5,-83,34.0433884,-117.3137589,261.30,2.00,WIFI
B2:00:73:21:89:FB,DIRECT-MBUX 88611,[WPA2_PSK],2025-12-1 18:35:54,6,-73,34.0433426,-117.3138275,261.40,2.00,WIFI
8A:01:5A:58:82:C4,,[WPA2_PSK],2025-12-1 18:35:54,6,-83,34.0433426,-117.3138275,261.40,2.00,WIFI
74:D7:CA:F6:83:BD,Car-83bd,[WPA2_PSK],2025-12-1 18:35:54,6,-85,34.0433426,-117.3138275,261.40,2.00,WIFI
0C:EA:14:B5:86:FE,MTRV GUEST,[WPA2_WPA3_PSK],2025-12-1 18:35:55,7,-74,34.0432968,-117.3138962,261.60,2.00,WIFI
12:EA:14:B5:86:FE,MTRV,[WPA2_WPA3_PSK],2025-12-1 18:35:55,7,-77,34.0432968,-117.3138962,261.60,2.00,WIFI
16:EA:14:B5:86:FE,,[WPA2_PSK],2025-12-1 18:35:55,7,-78,34.0432968,-117.3138962,261.60,2.00,WIFI
F8:F5:32:3C:D2:D0,Viveros76,[WPA2_PSK],2025-12-1 18:35:57,9,-85,34.0431824,-117.3140564,262.20,2.00,WIFI
4E:12:65:73:ED:71,ATTiFyBays_Guest,[WPA2_PSK],2025-12-1 18:35:57,9,-91,34.0431824,-117.3140564,262.20,2.00,WIFI
2E:70:4E:D3:E1:D9,MTRV,[WPA2_WPA3_PSK],2025-12-1 18:35:58,10,-81,34.0431213,-117.3141403,262.50,2.00,WIFI
32:70:4E:D3:E1:D9,,[WPA2_PSK],2025-12-1 18:35:58,10,-81,34.0431213,-117.3141403,262.50,2.00,WIFI
28:70:4E:D3:E1:D9,MTRV GUEST,[WPA2_WPA3_PSK],2025-12-1 18:35:58,10,-82,34.0431213,-117.3141403,262.50,2.00,WIFI
BA:16:5F:3F:8E:31,,[WPA2_PSK],2025-12-1 18:35:58,10,-89,34.0431213,-117.3141403,262.50,2.00,WIFI
18:9C:27:2C:A0:A0,Jeff Fan 24,[WPA2_PSK],2025-12-1 18:35:58,10,-91,34.0431213,-117.3141403,262.50,2.00,WIFI
12:EA:14:B5:7E:25,MTRV,[WPA2_WPA3_PSK],2025-12-1 18:35:59,11,-78,34.0430527,-117.3142395,262.90,2.00,WIFI
0C:EA:14:B5:7E:25,MTRV GUEST,[WPA2_WPA3_PSK],2025-12-1 18:35:59,11,-80,34.0430527,-117.3142395,262.90,2.00,WIFI
16:EA:14:B5:7E:25,,[WPA2_PSK],2025-12-1 18:35:59,11,-80,34.0430527,-117.3142395,262.90,2.00,WIFI
74:90:BC:14:6A:67,Verizon_V6G6JV,[WPA2_PSK],2025-12-1 18:35:59,11,-83,34.0430527,-117.3142395,262.90,2.00,WIFI
A6:05:D6:FD:BE:D9,,[WPA2_PSK],2025-12-1 18:35:59,11,-83,34.0430527,-117.3142395,262.90,2.00,WIFI
F0:7B:65:66:DD:19,SpectrumSetup-DD13,[WPA2_PSK],2025-12-1 18:35:59,11,-87,34.0430527,-117.3142395,262.90,2.00,WIFI
A0:63:91:79:EF:A4,Netgear 100-A,[WPA2_PSK],2025-12-1 18:35:59,11,-87,34.0430527,-117.3142395,262.90,2.00,WIFI
00:17:1A:D6:82:60,Winegard2ghzD6825F,[WPA2_PSK],2025-12-1 18:35:59,11,-92,34.0430527,-117.3142395,262.90,2.00,WIFI
E0:E1:A9:06:EF:12,,[WPA2_PSK],2025-12-1 18:35:59,13,-90,34.0430527,-117.3142395,262.90,2.00,WIFI
0C:EA:14:B4:E3:6A,MTRV GUEST,[WPA2_WPA3_PSK],2025-12-1 18:36:2,1,-69,34.0428543,-117.3145218,263.80,2.00,WIFI
12:EA:14:B4:E3:6A,MTRV,[WPA2_WPA3_PSK],2025-12-1 18:36:2,1,-69,34.0428543,-117.3145218,263.80,2.00,WIFI
16:EA:14:B4:E3:6A,,[WPA2_PSK],2025-12-1 18:36:2,1,-69,34.0428543,-117.3145218,263.80,2.00,WIFI
1C:82:59:B0:29:A8,OR100a7,[WPA2_PSK],2025-12-1 18:36:2,1,-79,34.0428543,-117.3145218,263.80,2.00,WIFI
02:9D:6B:06:8D:61,DIRECT-lA-Car_9fb6,[WPA2_PSK],2025-12-1 18:36:2,1,-81,34.0428543,-117.3145218,263.80,2.00,WIFI
F4:69:42:A9:A9:94,SpectrumSetup-96,[WPA2_PSK],2025-12-1 18:36:2,1,-87,34.0428543,-117.3145218,263.80,2.00,WIFI
12:EA:14:B5:82:0C,MTRV,[WPA2_WPA3_PSK],2025-12-1 18:36:4,2,-74,34.0427246,-117.3147125,264.50,2.00,WIFI
16:EA:14:B5:82:0C,,[WPA2_PSK],2025-12-1 18:36:4,2,-75,34.0427246,-117.3147125,264.50,2.00,WIFI
0C:EA:14:B5:82:0C,MTRV GUEST,[WPA2_WPA3_PSK],2025-12-1 18:36:4,2,-76,34.0427246,-117.3147125,264.50,2.00,WIFI
0C:EA:14:B5:82:D5,MTRV GUEST,[WPA2_WPA3_PSK],2025-12-1 18:36:6,4,-73,34.0426102,-117.3148804,265.10,2.00,WIFI
16:EA:14:B5:82:D5,,[WPA2_PSK],2025-12-1 18:36:6,4,-73,34.0426102,-117.3148804,265.10,2.00,WIFI
16:EA:14:B4:E9:04,,[WPA2_PSK],2025-12-1 18:36:7,5,-69,34.0425606,-117.3149490,265.40,2.00,WIFI
90:D3:CF:DC:52:DA,Paws and Tentacles,[WPA2_PSK],2025-12-1 18:36:8,6,-83,34.0425072,-117.3150253,265.70,2.00,WIFI
5C:FA:25:E1:48:3C,SpectrumSetup-36,[WPA2_PSK],2025-12-1 18:36:13,11,-87,34.0422134,-117.3154449,267.40,2.00,WIFI
BC:96:E5:85:9F:1B,SpiderMans Casa,[WPA2_PSK],2025-12-1 18:36:13,11,-89,34.0422134,-117.3154449,267.40,2.00,WIFI
80:78:71:82:D2:9B,SpectrumSetup-9D,[WPA2_PSK],2025-12-1 18:36:13,11,-92,34.0422134,-117.3154449,267.40,2.00,WIFI
4C:A3:8F:07:2D:86,8D3011QH,[WPA2_PSK],2025-12-1 18:36:16,1,-83,34.0420647,-117.3156509,268.20,2.00,WIFI
06:6C:E7:32:0B:FD,joanna's S25 Ultra,[WPA2_PSK],2025-12-1 18:36:27,11,-79,34.0417175,-117.3161392,269.60,2.00,WIFI
00:25:CA:AF:6E:01,Motive AABL36ND490381,[WPA2_PSK],2025-12-1 18:36:36,6,-78,34.0414314,-117.3165054,270.70,2.00,WIFI
1C:6A:1B:93:97:70,1C6A1B93976F,[WPA_WPA2_PSK],2025-12-1 18:36:36,6,-86,34.0414314,-117.3165054,270.70,2.00,WIFI
2C:EA:DC:B1:C5:C1,SpectrumSetup-C3,[WPA2_PSK],2025-12-1 18:36:36,6,-87,34.0414314,-117.3165054,270.70,2.00,WIFI
DA:10:68:C3:E3:89,My VW 1826,[WPA2_PSK],2025-12-1 18:36:36,6,-88,34.0414314,-117.3165054,270.70,2.00,WIFI
F0:7B:65:2C:ED:D3,SpookySeason,[WPA2_PSK],2025-12-1 18:36:41,11,-92,34.0413551,-117.3165970,270.90,2.00,WIFI
94:A4:08:D9:03:83,2B304FLQ,[WPA2_PSK],2025-12-1 18:36:44,1,-67,34.0412598,-117.3167191,271.10,2.00,WIFI
FC:DB:21:59:3A:CE,UDL_ELD,[WPA2_PSK],2025-12-1 18:36:50,6,-76,34.0410118,-117.3170242,271.50,2.00,WIFI
FC:12:63:B7:2E:4B,SpectrumSetup-4D,[WPA2_PSK],2025-12-1 18:36:50,6,-86,34.0410118,-117.3170242,271.50,2.00,WIFI
AC:91:9B:D9:60:16,Verizon_QG3TCV,[WPA2_PSK],2025-12-1 18:36:50,6,-88,34.0410118,-117.3170242,271.50,2.00,WIFI
22:AD:56:32:E3:D8,HotspotE3D8,[WPA_WPA2_PSK],2025-12-1 18:36:57,1,-82,34.0405464,-117.3175659,272.40,2.00,WIFI
F4:52:46:EE:72:DF,Valenzuela Home,[WPA2_PSK],2025-12-1 18:36:57,1,-86,34.0405464,-117.3175659,272.40,2.00,WIFI
64:67:72:12:AF:56,TMOBILE-AF54,[WPA2_WPA3_PSK],2025-12-1 18:37:1,3,-96,34.0402908,-117.3178558,272.70,2.00,WIFI
A8:40:0B:67:CF:38,HotspotSAq3,[WPA_WPA2_PSK],2025-12-1 18:37:4,6,-78,34.0401192,-117.3180542,272.90,2.00,WIFI
FC:DB:21:0D:7A:35,SLC Transportation,[WPA2_PSK],2025-12-1 18:37:4,6,-82,34.0401192,-117.3180542,272.90,2.00,WIFI
98:5D:46:AA:B8:99,PNet23051493,[WPA2_PSK],2025-12-1 18:37:4,6,-90,34.0401192,-117.3180542,272.90,2.00,WIFI
B2:47:4B:FA:51:AE,ChevroletJL,[WPA2_WPA3_PSK],2025-12-1 18:37:4,6,-91,34.0401192,-117.3180542,272.90,2.00,WIFI
48:D2:4F:FA:B4:EE,NewHouseWhoDis,[WPA2_PSK],2025-12-1 18:37:11,1,-83,34.0396805,-117.3185577,273.90,2.00,WIFI
BC:F8:7E:7A:89:13,Verizon_9TC7TJ,[WPA2_PSK],2025-12-1 18:37:11,1,-88,34.0396805,-117.3185577,273.90,2.00,WIFI
94:F7:BE:2D:08:4A,Hi-miss-mamas,[WPA2_WPA3_PSK],2025-12-1 18:37:11,1,-90,34.0396805,-117.3185577,273.90,2.00,WIFI
00:54:AF:D0:B9:9C,HotspotB99C,[WPA_WPA2_PSK],2025-12-1 18:37:16,4,-94,34.0392761,-117.3190155,274.50,2.00,WIFI
4C:AB:F8:4A:DB:39,Caterpillar eyes,[WPA2_PSK],2025-12-1 18:37:18,6,-88,34.0391197,-117.3191910,274.60,2.00,WIFI
94:91:7F:A0:0C:71,Canal House-2G,[WPA2_PSK],2025-12-1 18:37:18,6,-94,34.0391197,-117.3191910,274.60,2.00,WIFI
20:F3:75:20:93:40,ATT6aLK6Cm,[WPA2_PSK],2025-12-1 18:37:20,8,-87,34.0389709,-117.3193588,274.70,2.00,WIFI
02:24:A5:60:D9:4C,myChevrolet4618,[WPA2_PSK],2025-12-1 18:37:25,1,-88,34.0386467,-117.3197250,274.70,2.00,WIFI
C8:52:61:A9:F8:D0,DURRETT,[WPA2_PSK],2025-12-1 18:37:25,1,-88,34.0386467,-117.3197250,274.70,2.00,WIFI
FC:12:63:81:F4:31,G59,[WPA2_PSK],2025-12-1 18:37:25,1,-92,34.0386467,-117.3197250,274.70,2.00,WIFI
4C:19:5D:30:68:64,SpectrumSetup-5E,[WPA2_PSK],2025-12-1 18:37:25,1,-92,34.0386467,-117.3197250,274.70,2.00,WIFI
74:37:5F:9D:10:93,SpectrumSetup-91,[WPA2_PSK],2025-12-1 18:37:32,6,-83,34.0382652,-117.3201523,274.70,2.00,WIFI
C8:B4:22:B7:25:B7,MySpectrumWiFiB9-2G,[WPA2_PSK],2025-12-1 18:37:32,6,-85,34.0382652,-117.3201523,274.70,2.00,WIFI
B0:FC:88:3E:A7:9D,SpectrumSetup-97,[WPA2_PSK],2025-12-1 18:37:32,6,-87,34.0382652,-117.3201523,274.70,2.00,WIFI
00:25:CA:53:C9:EF,PNet6125804,[WPA2_PSK],2025-12-1 18:37:32,6,-89,34.0382652,-117.3201523,274.70,2.00,WIFI
B4:E3:D0:93:55:0B,CAR-3079,[WPA2_PSK],2025-12-1 18:37:35,9,-81,34.0380783,-117.3203659,274.60,2.00,WIFI
E4:F7:5B:8A:CE:C0,ATTzGZheuI,[WPA2_PSK],2025-12-1 18:37:35,9,-86,34.0380783,-117.3203659,274.60,2.00,WIFI
2A:03:EB:27:83:D0,myChevrolet 6170,[WPA2_PSK],2025-12-1 18:37:37,11,-80,34.0379753,-117.3204803,274.60,2.00,WIFI
AA:83:62:8F:72:E2,,[WPA2_PSK],2025-12-1 18:37:46,6,-86,34.0379028,-117.3205490,274.90,2.00,WIFI
AA:83:62:5F:72:E2,,[WPA2_PSK],2025-12-1 18:37:46,6,-87,34.0379028,-117.3205490,274.90,2.00,WIFI
FA:6D:CC:28:C3:4E,claudias wifi,[WPA2_PSK],2025-12-1 18:37:47,7,-92,34.0379028,-117.3205490,274.90,2.00,WIFI
4C:19:5D:04:D7:FC,SpectrumSetup-F6,[WPA2_PSK],2025-12-1 18:37:51,11,-79,34.0379028,-117.3205490,274.90,2.00,WIFI
F0:7B:65:19:94:AC,SpectrumSetup-94A6,[WPA2_PSK],2025-12-1 18:37:51,11,-95,34.0379028,-117.3205490,274.90,2.00,WIFI
