WigleWifi-1.4,appRelease=v1.2.0,model=ESP32 Marauder,release=v1.2.0,device=ESP32 Marauder,display=SPI TFT,board=ESP32 Marauder,brand=JustCallMeKoko
MAC,SSID,AuthMode,FirstSeen,Channel,RSSI,CurrentLatitude,CurrentLongitude,AltitudeMeters,AccuracyMeters,Type
A0:89:66:E1:74:AC,,[WPA_WPA2_PSK],2025-12-3 15:13:54,1,-75,34.0457573,-117.2013168,367.80,1.75,WIFI
D8:A7:56:73:52:96,MySpectrumWiFi90-2G,[WPA2_PSK],2025-12-3 15:13:54,1,-77,34.0457573,-117.2013168,367.80,1.75,WIFI
84:1E:A3:29:7F:16,Marquez,[WPA2_PSK],2025-12-3 15:13:54,1,-77,34.0457573,-117.2013168,367.80,1.75,WIFI
CC:58:30:64:D4:D7,TMOBILE-D4D1,[WPA2_WPA3_PSK],2025-12-3 15:13:54,1,-83,34.0457573,-117.2013168,367.80,1.75,WIFI
BC:E9:2F:7A:D7:EF,DIRECT-EE-HP OfficeJet Pro 6970,[WPA2_PSK],2025-12-3 15:13:54,1,-84,34.0457573,-117.2013168,367.80,1.75,WIFI
50:65:F3:B6:83:6B,DIRECT-6A-HP ENVY 5660 series,[WPA2_PSK],2025-12-3 15:13:54,1,-85,34.0457573,-117.2013168,367.80,1.75,WIFI
4C:22:F3:37:C1:FF,Verizon_S6PV6L,[WPA2_PSK],2025-12-3 15:13:54,1,-88,34.0457573,-117.2013168,367.80,1.75,WIFI
B6:A7:B9:4A:14:FD,Ziprick Guest,[WPA_WPA2_PSK],2025-12-3 15:13:56,3,-87,34.0459366,-117.2014542,366.80,1.75,WIFI
3C:52:82:20:57:50,DIRECT-4F-HP ENVY 7640 series,[WPA2_PSK],2025-12-3 15:13:58,5,-81,34.0461121,-117.2015915,366.00,1.75,WIFI
E4:F4:C6:15:AD:8C,wtwood,[WPA_WPA2_PSK],2025-12-3 15:13:58,5,-87,34.0461121,-117.2015915,366.00,1.75,WIFI
12:E8:A7:AD:BF:A3,myGMC ED,[WPA2_PSK],2025-12-3 15:14:0,7,-80,34.0462723,-117.2017136,365.50,1.75,WIFI
34:68:95:FA:1E:1B,MyWifi,[WPA_WPA2_PSK],2025-12-3 15:14:0,7,-83,34.0462723,-117.2017136,365.50,1.75,WIFI
C0:C9:E3:CB:71:4C,M3_OfficeLink,[WPA2_WPA3_PSK],2025-12-3 15:14:0,7,-85,34.0462723,-117.2017136,365.50,1.75,WIFI
60:F4:19:8B:6B:29,,[OPEN],2025-12-3 15:14:4,11,-70,34.0465202,-117.2018585,364.40,1.75,WIFI
A8:3A:79:F5:89:A5,CK_STORE,[WPA2],2025-12-3 15:14:4,11,-71,34.0465202,-117.2018585,364.40,1.75,WIFI
A8:3A:79:F5:89:A3,CK_STAGE,[WPA2_PSK],2025-12-3 15:14:4,11,-72,34.0465202,-117.2018585,364.40,1.75,WIFI
A8:3A:79:F5:89:A4,CK_MGR,[WPA2_PSK],2025-12-3 15:14:4,11,-72,34.0465202,-117.2018585,364.40,1.75,WIFI
60:F4:19:8B:6B:26,Logan Wifi,[WPA2_PSK],2025-12-3 15:14:4,11,-72,34.0465202,-117.2018585,364.40,1.75,WIFI
FC:3D:73:27:D3:89,,[OPEN],2025-12-3 15:14:4,11,-79,34.0465202,-117.2018585,364.40,1.75,WIFI
FC:3D:73:27:D3:86,Tell Your Wifi My Nuts Miss Her,[WPA2_PSK],2025-12-3 15:14:4,11,-80,34.0465202,-117.2018585,364.40,1.75,WIFI
9C:05:D6:62:FA:5A,ManagementVds,[WPA2_WPA3_PSK],2025-12-3 15:14:7,1,-75,34.0466003,-117.2018738,364.50,1.75,WIFI
74:37:5F:DA:99:47,SpectrumSetup-45,[WPA2_PSK],2025-12-3 15:14:7,1,-81,34.0466003,-117.2018738,364.50,1.75,WIFI
88:67:46:6F:6E:C3,,[WPA3_PSK],2025-12-3 15:14:7,1,-82,34.0466003,-117.2018738,364.50,1.75,WIFI
88:67:46:6F:6E:C9,,[OPEN],2025-12-3 15:14:7,1,-82,34.0466003,-117.2018738,364.50,1.75,WIFI
54:04:63:C8:A4:F9,,[WPA_WPA2_PSK],2025-12-3 15:14:7,1,-83,34.0466003,-117.2018738,364.50,1.75,WIFI
FA:8F:CA:6E:4F:61,Polk MagniFi Max-1769.d,[OPEN],2025-12-3 15:14:7,1,-85,34.0466003,-117.2018738,364.50,1.75,WIFI
F0:81:75:C0:58:AE,SpectrumSetup-A8,[WPA2_PSK],2025-12-3 15:14:7,1,-86,34.0466003,-117.2018738,364.50,1.75,WIFI
54:04:63:16:1D:E0,,[WPA_WPA2_PSK],2025-12-3 15:14:7,1,-87,34.0466003,-117.2018738,364.50,1.75,WIFI
BC:10:2F:63:D4:C9,[fridge]_E30AJT5123251P,[WPA2_PSK],2025-12-3 15:14:7,1,-89,34.0466003,-117.2018738,364.50,1.75,WIFI
44:AC:85:86:4F:E6,Mynewprice,[WPA2_PSK],2025-12-3 15:14:13,6,-74,34.0468254,-117.2014618,364.20,1.75,WIFI
78:76:89:2C:DE:0A,,[OPEN],2025-12-3 15:14:13,6,-79,34.0468254,-117.2014618,364.20,1.75,WIFI
78:76:89:2C:DE:04,,[WPA3_PSK],2025-12-3 15:14:13,6,-80,34.0468254,-117.2014618,364.20,1.75,WIFI
78:76:89:2C:DE:07,cm,[WPA2_PSK],2025-12-3 15:14:13,6,-81,34.0468254,-117.2014618,364.20,1.75,WIFI
34:53:D2:BB:5B:67,DeadMoon,[WPA2_PSK],2025-12-3 15:14:13,6,-84,34.0468254,-117.2014618,364.20,1.75,WIFI
F4:52:46:BD:F3:A5,Hashslingingslasher,[WPA2_PSK],2025-12-3 15:14:13,6,-88,34.0468254,-117.2014618,364.20,1.75,WIFI
56:60:F9:5F:7E:1B,,[WPA2_PSK],2025-12-3 15:14:15,8,-65,34.0469170,-117.2011795,364.10,1.75,WIFI
34:60:F9:5F:7E:1B,HandB,[WPA2_PSK],2025-12-3 15:14:15,8,-69,34.0469170,-117.2011795,364.10,1.75,WIFI
24:F3:E3:80:8F:03,,[WPA3_PSK],2025-12-3 15:14:18,11,-78,34.0470963,-117.2007217,363.60,1.75,WIFI
24:F3:E3:80:8F:09,,[OPEN],2025-12-3 15:14:18,11,-79,34.0470963,-117.2007217,363.60,1.75,WIFI
20:3A:0C:DB:27:03,,[WPA3_PSK],2025-12-3 15:14:18,11,-81,34.0470963,-117.2007217,363.60,1.75,WIFI
C8:E3:06:28:83:87,,[OPEN],2025-12-3 15:14:18,11,-83,34.0470963,-117.2007217,363.60,1.75,WIFI
C8:E3:06:28:83:85,Wild horse,[WPA2_PSK],2025-12-3 15:14:18,11,-84,34.0470963,-117.2007217,363.60,1.75,WIFI
A0:55:1F:19:A6:8C,SpectrumSetup-A686,[WPA2_PSK],2025-12-3 15:14:21,1,-59,34.0473137,-117.2002487,363.00,1.75,WIFI
4C:19:5D:84:25:3B,SpectrumSetup-35,[WPA2_PSK],2025-12-3 15:14:21,1,-73,34.0473137,-117.2002487,363.00,1.75,WIFI
98:1E:19:29:93:7E,MySpectrumWiFi78-2G,[WPA2_PSK],2025-12-3 15:14:21,1,-77,34.0473137,-117.2002487,363.00,1.75,WIFI
84:A0:6E:B7:C7:96,MySpectrumWiFi90-2G,[WPA2_PSK],2025-12-3 15:14:21,1,-79,34.0473137,-117.2002487,363.00,1.75,WIFI
00:CB:51:4F:64:8E,MySpectrumWiFi88-2G,[WPA2_PSK],2025-12-3 15:14:21,1,-80,34.0473137,-117.2002487,363.00,1.75,WIFI
00:C8:96:D1:21:52,,[WPA_WPA2_PSK],2025-12-3 15:14:21,1,-80,34.0473137,-117.2002487,363.00,1.75,WIFI
00:C8:96:CD:64:C2,,[WPA_WPA2_PSK],2025-12-3 15:14:21,1,-84,34.0473137,-117.2002487,363.00,1.75,WIFI
CC:CF:83:0C:6F:E4,,[WPA_WPA2_PSK],2025-12-3 15:14:21,1,-91,34.0473137,-117.2002487,363.00,1.75,WIFI
B0:A7:B9:4A:14:FC,Ziprick,[WPA_WPA2_PSK],2025-12-3 15:14:24,3,-80,34.0475426,-117.1998062,363.20,1.75,WIFI
F8:5B:3B:D7:73:9F,SpectrumSetup-A1,[WPA2_PSK],2025-12-3 15:14:27,6,-70,34.0477791,-117.1993713,363.50,1.75,WIFI
9A:9C:27:E7:3C:C2,SpectrumSetup-C1,[WPA2_PSK],2025-12-3 15:14:27,6,-77,34.0477791,-117.1993713,363.50,1.75,WIFI
D0:68:27:F8:A9:86,Burgers,[WPA2_PSK],2025-12-3 15:14:27,6,-77,34.0477791,-117.1993713,363.50,1.75,WIFI
BC:96:E5:87:49:57,SpectrumSetup-9231,[WPA2_PSK],2025-12-3 15:14:27,6,-77,34.0477791,-117.1993713,363.50,1.75,WIFI
24:F3:E3:31:03:49,,[OPEN],2025-12-3 15:14:27,6,-78,34.0477791,-117.1993713,363.50,1.75,WIFI
2C:EA:DC:95:FD:6B,SpectrumSetup-6D,[WPA2_PSK],2025-12-3 15:14:27,6,-79,34.0477791,-117.1993713,363.50,1.75,WIFI
80:78:71:C8:26:5D,SpectrumSetup-5F,[WPA2_PSK],2025-12-3 15:14:27,6,-84,34.0477791,-117.1993713,363.50,1.75,WIFI
74:37:5F:26:BF:83,SpectrumSetup-81,[WPA2_PSK],2025-12-3 15:14:27,6,-84,34.0477791,-117.1993713,363.50,1.75,WIFI
D8:8E:D4:69:7C:89,,[OPEN],2025-12-3 15:14:27,6,-84,34.0477791,-117.1993713,363.50,1.75,WIFI
92:C9:E3:CB:71:4F,DrMRedlandsBest,[WPA2_WPA3_PSK],2025-12-3 15:14:27,7,-75,34.0477791,-117.1993713,363.50,1.75,WIFI
96:9A:4A:B8:11:66,,[WPA2_PSK],2025-12-3 15:14:27,7,-85,34.0477791,-117.1993713,363.50,1.75,WIFI
90:CD:B6:A1:22:2D,WIFIA12229,[WPA2_PSK],2025-12-3 15:14:32,11,-65,34.0481644,-117.1986618,363.60,1.75,WIFI
34:DB:9C:6C:3F:FE,MySpectrumWiFif8-2G,[WPA2_PSK],2025-12-3 15:14:32,11,-67,34.0481644,-117.1986618,363.60,1.75,WIFI
A0:8E:24:7D:72:A5,Wilson Clinic,[WPA2_PSK],2025-12-3 15:14:32,11,-69,34.0481644,-117.1986618,363.60,1.75,WIFI
64:DA:ED:0C:A5:C7,,[OPEN],2025-12-3 15:14:32,11,-70,34.0481644,-117.1986618,363.60,1.75,WIFI
A0:8E:24:7D:8D:25,Wilson Clinic,[WPA2_PSK],2025-12-3 15:14:32,11,-78,34.0481644,-117.1986618,363.60,1.75,WIFI
A0:8E:24:7D:8D:27,,[OPEN],2025-12-3 15:14:32,11,-79,34.0481644,-117.1986618,363.60,1.75,WIFI
A0:8E:24:7D:8D:23,,[WPA3_PSK],2025-12-3 15:14:32,11,-80,34.0481644,-117.1986618,363.60,1.75,WIFI
F0:7B:65:BC:FB:11,Jacksonfam,[WPA2_PSK],2025-12-3 15:14:35,1,-76,34.0483665,-117.1983032,363.30,1.75,WIFI
5E:96:71:F3:F2:86,Verizon_Rod_guest,[WPA2_WPA3_PSK],2025-12-3 15:14:35,1,-77,34.0483665,-117.1983032,363.30,1.75,WIFI
00:30:44:6E:BF:27,FEMS,[WPA2_PSK],2025-12-3 15:14:35,1,-78,34.0483665,-117.1983032,363.30,1.75,WIFI
58:96:71:F3:F2:86,Virus Download,[WPA2_PSK],2025-12-3 15:14:35,1,-79,34.0483665,-117.1983032,363.30,1.75,WIFI
84:1E:A3:29:25:06,SpectrumSetup-00,[WPA2_PSK],2025-12-3 15:14:35,1,-79,34.0483665,-117.1983032,363.30,1.75,WIFI
8C:85:80:66:4E:68,,[WPA_WPA2_PSK],2025-12-3 15:14:35,1,-87,34.0483665,-117.1983032,363.30,1.75,WIFI
6A:19:21:57:AD:0E,SpectrumSetup-CF_2.4GEXT,[WPA2_PSK],2025-12-3 15:14:37,2,-86,34.0485039,-117.1980667,363.70,1.75,WIFI
CC:40:D0:7D:51:5F,IYBI,[WPA2_PSK],2025-12-3 15:14:40,5,-79,34.0487213,-117.1976624,364.40,1.75,WIFI
CC:40:D0:05:83:4C,NETGEAR86,[WPA2_PSK],2025-12-3 15:14:40,5,-80,34.0487213,-117.1976624,364.40,1.75,WIFI
94:3C:96:FA:A5:F6,Frontier1534 2.4g h z,[WPA2_PSK],2025-12-3 15:14:41,6,-71,34.0487976,-117.1975250,364.70,1.75,WIFI
A0:8A:06:50:AF:76,SpectrumSetup-AF79,[WPA2_PSK],2025-12-3 15:14:41,6,-79,34.0487976,-117.1975250,364.70,1.75,WIFI
2A:0B:8B:46:93:D1,Tuan Pham DDS Guest,[OPEN],2025-12-3 15:14:41,6,-82,34.0487976,-117.1975250,364.70,1.75,WIFI
22:3E:A4:0B:3E:DD,,[WPA2_PSK],2025-12-3 15:14:41,6,-83,34.0487976,-117.1975250,364.70,1.75,WIFI
74:37:5F:DA:46:A3,Kat,[WPA2_PSK],2025-12-3 15:14:46,11,-53,34.0492058,-117.1967926,366.60,1.75,WIFI
90:D3:CF:E3:AF:83,SpectrumSetup-4338,[WPA2_PSK],2025-12-3 15:14:46,11,-65,34.0492058,-117.1967926,366.60,1.75,WIFI
F0:7B:65:95:34:0E,A_J,[WPA2_PSK],2025-12-3 15:14:46,11,-66,34.0492058,-117.1967926,366.60,1.75,WIFI
80:78:71:49:B3:CD,SpectrumSetup-CF,[WPA2_PSK],2025-12-3 15:14:49,1,-53,34.0494690,-117.1963272,367.60,1.75,WIFI
24:F3:E3:C1:0D:43,,[WPA3_PSK],2025-12-3 15:14:49,1,-58,34.0494690,-117.1963272,367.60,1.75,WIFI
18:A9:ED:53:81:C3,,[WPA3_PSK],2025-12-3 15:14:49,1,-59,34.0494690,-117.1963272,367.60,1.75,WIFI
24:F3:E3:C1:0D:46,Live By the Creed,[WPA2_PSK],2025-12-3 15:14:49,1,-60,34.0494690,-117.1963272,367.60,1.75,WIFI
18:A9:ED:53:81:C9,,[OPEN],2025-12-3 15:14:49,1,-60,34.0494690,-117.1963272,367.60,1.75,WIFI
18:A9:ED:53:81:C6,Live By the Creed,[WPA2_PSK],2025-12-3 15:14:49,1,-64,34.0494690,-117.1963272,367.60,1.75,WIFI
18:A9:ED:4B:FC:03,,[WPA3_PSK],2025-12-3 15:14:49,1,-69,34.0494690,-117.1963272,367.60,1.75,WIFI
18:A9:ED:4B:FC:09,,[OPEN],2025-12-3 15:14:49,1,-70,34.0494690,-117.1963272,367.60,1.75,WIFI
18:A9:ED:4B:FC:06,Live By the Creed,[WPA2_PSK],2025-12-3 15:14:49,1,-70,34.0494690,-117.1963272,367.60,1.75,WIFI
E8:AD:A6:3A:B5:FE,MySpectrumWiFif8-2G,[WPA2_PSK],2025-12-3 15:14:49,1,-80,34.0494690,-117.1963272,367.60,1.75,WIFI
D2:9E:43:B6:62:DD,BROOKSIDEMANOR,[WPA2_WPA3_PSK],2025-12-3 15:14:52,3,-79,34.0497360,-117.1958466,368.00,1.75,WIFI
C8:9E:43:B5:E1:3A,ORBI86,[WPA2_PSK],2025-12-3 15:14:52,3,-87,34.0497360,-117.1958466,368.00,1.75,WIFI
94:F7:17:E8:F9:50,,[WPA_WPA2_PSK],2025-12-3 15:14:53,4,-64,34.0498238,-117.1956863,368.10,1.75,WIFI
B0:BB:E5:31:B9:56,SpectrumSetup-50,[WPA2_PSK],2025-12-3 15:14:55,6,-67,34.0500031,-117.1953583,368.20,1.75,WIFI
88:DE:7C:B5:47:2C,Gogorouterrangers,[WPA2_PSK],2025-12-3 15:14:55,6,-70,34.0500031,-117.1953583,368.20,1.75,WIFI
24:41:FE:8D:05:46,GOLDENGIRLS,[WPA2_PSK],2025-12-3 15:14:55,6,-79,34.0500031,-117.1953583,368.20,1.75,WIFI
F0:7B:65:EF:A4:DA,SpectrumSetup-A4D4,[WPA2_PSK],2025-12-3 15:14:55,6,-81,34.0500031,-117.1953583,368.20,1.75,WIFI
72:CC:9C:3E:C9:B7,Oktoberfest-Guest,[WPA2_PSK],2025-12-3 15:14:56,7,-52,34.0500946,-117.1951981,368.10,1.75,WIFI
80:CC:9C:3E:C9:B6,Oktoberfest,[WPA2_PSK],2025-12-3 15:14:56,7,-53,34.0500946,-117.1951981,368.10,1.75,WIFI
42:AE:30:A8:93:04,,[WPA2_PSK],2025-12-3 15:14:58,9,-85,34.0502777,-117.1948624,368.00,1.75,WIFI
34:98:B5:58:6D:2C,NETGEAR50,[WPA2_PSK],2025-12-3 15:14:59,10,-73,34.0503693,-117.1946945,367.90,1.75,WIFI
A0:8A:06:C6:33:49,SpectrumSetup-334C,[WPA2_PSK],2025-12-3 15:15:0,11,-70,34.0504646,-117.1945267,368.10,1.75,WIFI
B0:FC:88:73:C6:CA,SpectrumSetup-C4,[WPA2_PSK],2025-12-3 15:15:0,11,-75,34.0504646,-117.1945267,368.10,1.75,WIFI
F0:7B:65:30:C8:5A,SpectrumSetup-C854,[WPA2_PSK],2025-12-3 15:15:0,11,-77,34.0504646,-117.1945267,368.10,1.75,WIFI
F0:81:75:F6:C1:FE,Nyctereutes,[WPA2_PSK],2025-12-3 15:15:0,11,-84,34.0504646,-117.1945267,368.10,1.75,WIFI
20:3A:0C:3B:51:89,,[OPEN],2025-12-3 15:15:2,1,-81,34.0506401,-117.1941986,368.40,1.75,WIFI
20:3A:0C:3B:51:86,greenlawn,[WPA2_PSK],2025-12-3 15:15:2,1,-81,34.0506401,-117.1941986,368.40,1.75,WIFI
88:67:46:64:03:63,,[WPA3_PSK],2025-12-3 15:15:2,1,-81,34.0506401,-117.1941986,368.40,1.75,WIFI
8C:85:80:1B:66:8A,,[WPA_WPA2_PSK],2025-12-3 15:15:6,3,-79,34.0509872,-117.1935730,368.50,1.75,WIFI
AA:6E:84:22:A8:BB,,[WPA2_PSK],2025-12-3 15:15:6,3,-85,34.0509872,-117.1935730,368.50,1.75,WIFI
98:ED:5C:FF:69:24,TeslaPV_FF6924,[WPA2_PSK],2025-12-3 15:15:8,5,-80,34.0511589,-117.1932602,368.60,1.75,WIFI
C8:B4:22:D0:81:15,SpectrumSetup-17,[WPA2_PSK],2025-12-3 15:15:9,6,-60,34.0512428,-117.1931152,368.90,1.75,WIFI
F4:52:46:F7:EB:3B,The Wi-fi,[WPA2_PSK],2025-12-3 15:15:9,6,-73,34.0512428,-117.1931152,368.90,1.75,WIFI
74:37:5F:CD:E0:F7,SpectrumSetup-F5,[WPA2_PSK],2025-12-3 15:15:9,6,-86,34.0512428,-117.1931152,368.90,1.75,WIFI
CE:9E:43:A2:68:FE,chartique,[WPA2_PSK],2025-12-3 15:15:11,8,-71,34.0514145,-117.1927948,369.40,1.75,WIFI
94:18:65:EC:AF:22,Frontier1637,[WPA2_PSK],2025-12-3 15:15:12,9,-64,34.0515022,-117.1926346,369.80,1.75,WIFI
3C:37:86:4B:1F:7E,NETGEAR62,[WPA2_PSK],2025-12-3 15:15:13,10,-75,34.0515938,-117.1924744,370.30,1.75,WIFI
2C:67:BE:1E:EA:64,Avila’s,[WPA2_PSK],2025-12-3 15:15:14,11,-66,34.0516777,-117.1923218,370.70,1.75,WIFI
88:DE:7C:D3:F7:AD,SpectrumSetup-AF,[WPA2_PSK],2025-12-3 15:15:14,11,-70,34.0516777,-117.1923218,370.70,1.75,WIFI
A0:7F:8A:58:1B:BC,SpectrumSetup-1BB6,[WPA2_PSK],2025-12-3 15:15:14,11,-77,34.0516777,-117.1923218,370.70,1.75,WIFI
26:5A:4C:C5:DC:55,SmilesRedlands-Guest,[WPA2_PSK],2025-12-3 15:15:14,11,-78,34.0516777,-117.1923218,370.70,1.75,WIFI
26:5A:4C:A5:DC:55,SW-IOT,[WPA2_PSK],2025-12-3 15:15:14,11,-80,34.0516777,-117.1923218,370.70,1.75,WIFI
24:5A:4C:85:DC:55,SW,[WPA2_PSK],2025-12-3 15:15:14,11,-80,34.0516777,-117.1923218,370.70,1.75,WIFI
A0:7F:8A:32:B0:5C,Daviddarkhold1,[WPA2_PSK],2025-12-3 15:15:14,11,-82,34.0516777,-117.1923218,370.70,1.75,WIFI
26:5A:4C:95:DC:55,LinkZone,[WPA2_PSK],2025-12-3 15:15:14,11,-83,34.0516777,-117.1923218,370.70,1.75,WIFI
74:37:5F:70:63:2B,SpectrumSetup-29,[WPA2_PSK],2025-12-3 15:15:16,1,-75,34.0518341,-117.1920319,372.00,1.75,WIFI
0C:7B:C8:A8:B6:45,AK Smiley Private,[WPA2_PSK],2025-12-3 15:15:16,1,-80,34.0518341,-117.1920319,372.00,1.75,WIFI
74:93:DA:57:8F:D5,SpectrumSetup-D7,[WPA2_PSK],2025-12-3 15:15:23,6,-70,34.0522041,-117.1913681,374.30,1.75,WIFI
40:47:5E:53:DA:E3,,[WPA3_PSK],2025-12-3 15:15:23,6,-77,34.0522041,-117.1913681,374.30,1.75,WIFI
40:47:5E:53:DA:EF,qhmwifi Guest,[WPA2_PSK],2025-12-3 15:15:23,6,-77,34.0522041,-117.1913681,374.30,1.75,WIFI
40:47:5E:53:DA:E9,,[OPEN],2025-12-3 15:15:23,6,-78,34.0522041,-117.1913681,374.30,1.75,WIFI
62:6D:C7:07:CD:9B,DIRECT-9b-HP M277 LaserJet,[WPA2_PSK],2025-12-3 15:15:23,6,-79,34.0522041,-117.1913681,374.30,1.75,WIFI
40:47:5E:53:DA:E6,qhmwifi,[WPA2_PSK],2025-12-3 15:15:23,6,-79,34.0522041,-117.1913681,374.30,1.75,WIFI
9C:AD:97:C5:D0:EC,HP-Print-ec-LaserJet Pro M201dw,[WPA2_PSK],2025-12-3 15:15:23,6,-82,34.0522041,-117.1913681,374.30,1.75,WIFI
9A:49:14:9B:E1:74,Shelbys Chevy,[WPA2_PSK],2025-12-3 15:15:23,6,-83,34.0522041,-117.1913681,374.30,1.75,WIFI
D4:5D:64:9D:C3:B0,ASUS_B0,[OPEN],2025-12-3 15:15:24,7,-66,34.0522270,-117.1913300,374.30,1.75,WIFI
D2:9E:43:A2:68:FE,,[WPA2_PSK],2025-12-3 15:15:25,8,-89,34.0522423,-117.1912994,374.60,1.75,WIFI
6C:CD:D6:EB:F5:AF,ATS_ORBI,[WPA2_PSK],2025-12-3 15:15:26,9,-83,34.0522537,-117.1912766,374.60,1.75,WIFI
72:CD:D6:EB:F5:AF,,[WPA2_PSK],2025-12-3 15:15:26,9,-85,34.0522537,-117.1912766,374.60,1.75,WIFI
A0:7F:8A:0A:8E:9A,DollyWolly1133,[WPA2_PSK],2025-12-3 15:15:28,11,-64,34.0522614,-117.1912613,374.60,1.75,WIFI
98:1E:19:6C:2B:1E,MySpectrumWiFi18-2G,[WPA2_PSK],2025-12-3 15:15:28,11,-71,34.0522614,-117.1912613,374.60,1.75,WIFI
DE:03:98:08:8F:6A,AT_401_RAC_056905_WW_8f6a,[WPA2_PSK],2025-12-3 15:15:28,11,-80,34.0522614,-117.1912613,374.60,1.75,WIFI
C0:6F:98:7E:8B:C9,,[OPEN],2025-12-3 15:15:28,11,-80,34.0522614,-117.1912613,374.60,1.75,WIFI
C0:6F:98:7E:8B:C6,Get Out Me Swamp,[WPA2_PSK],2025-12-3 15:15:28,11,-80,34.0522614,-117.1912613,374.60,1.75,WIFI
4E:BC:E9:D6:BE:85,AT_401_RAC_056905_WW_be85,[WPA2_PSK],2025-12-3 15:15:28,11,-81,34.0522614,-117.1912613,374.60,1.75,WIFI
C0:6F:98:7E:8B:C3,,[WPA3_PSK],2025-12-3 15:15:28,11,-82,34.0522614,-117.1912613,374.60,1.75,WIFI
54:AF:97:05:DD:22,QHMWIFI-7-Randy's Office 2.4GHz,[WPA2_PSK],2025-12-3 15:15:28,11,-83,34.0522614,-117.1912613,374.60,1.75,WIFI
10:CE:A9:8B:2C:F7,Vive-017d485e,[WPA2_PSK],2025-12-3 15:15:34,3,-89,34.0523453,-117.1911087,375.10,1.75,WIFI
AA:3B:76:03:0B:49,DIRECT-49-HP M283 LaserJet,[WPA2_PSK],2025-12-3 15:15:37,6,-70,34.0524788,-117.1908569,375.70,1.75,WIFI
AA:A7:95:CF:D6:1A,DIRECT-1a-HP M452 LaserJet,[WPA2_PSK],2025-12-3 15:15:37,6,-71,34.0524788,-117.1908569,375.70,1.75,WIFI
28:EC:22:9B:C4:06,qhmwifi,[WPA2_PSK],2025-12-3 15:15:37,6,-74,34.0524788,-117.1908569,375.70,1.75,WIFI
72:D7:9A:3B:93:9B,,[WPA2_WPA3_PSK],2025-12-3 15:15:37,6,-82,34.0524788,-117.1908569,375.70,1.75,WIFI
12:B1:DF:5F:10:C7,DIRECT-c7-HP M283 LaserJet,[WPA2_PSK],2025-12-3 15:15:37,6,-83,34.0524788,-117.1908569,375.70,1.75,WIFI
94:18:65:67:C2:F3,NETGEAR06,[WPA2_PSK],2025-12-3 15:15:41,10,-89,34.0527344,-117.1903915,376.80,1.75,WIFI
74:93:DA:05:87:9A,SpectrumSetup-07,[WPA2_PSK],2025-12-3 15:15:42,11,-68,34.0528030,-117.1902695,377.10,1.75,WIFI
A0:7F:8A:18:03:32,CRISPO12,[WPA2_PSK],2025-12-3 15:15:42,11,-68,34.0528030,-117.1902695,377.10,1.75,WIFI
80:2A:A8:1A:50:F0,The 1st Best,[WPA2_PSK],2025-12-3 15:15:42,11,-70,34.0528030,-117.1902695,377.10,1.75,WIFI
86:2A:A8:1A:50:F0,The 4th best,[WPA2_PSK],2025-12-3 15:15:42,11,-70,34.0528030,-117.1902695,377.10,1.75,WIFI
F0:81:75:F7:3C:86,Beachlover,[WPA2_PSK],2025-12-3 15:15:42,11,-73,34.0528030,-117.1902695,377.10,1.75,WIFI
D8:33:B7:D8:BC:51,Frontier0790,[WPA2_PSK],2025-12-3 15:15:42,11,-75,34.0528030,-117.1902695,377.10,1.75,WIFI
DA:33:B7:D8:BC:52,Guest0790,[WPA2_PSK],2025-12-3 15:15:42,11,-75,34.0528030,-117.1902695,377.10,1.75,WIFI
36:5D:9E:C3:67:17,Guest0790,[WPA2_PSK],2025-12-3 15:15:42,11,-76,34.0528030,-117.1902695,377.10,1.75,WIFI
A0:7F:8A:38:04:58,pmanwifi,[WPA2_PSK],2025-12-3 15:15:42,11,-76,34.0528030,-117.1902695,377.10,1.75,WIFI
74:37:5F:ED:AB:9F,SpectrumSetup-9D,[WPA2_PSK],2025-12-3 15:15:42,11,-77,34.0528030,-117.1902695,377.10,1.75,WIFI
52:57:9C:E3:F1:F2,DIRECT-Dw-EPSON-WF-4830 Series,[WPA2_PSK],2025-12-3 15:15:46,1,-75,34.0530624,-117.1897964,378.20,1.75,WIFI
C4:01:7C:58:C2:B3,island-18C2B0,[WPA2_PSK],2025-12-3 15:15:46,1,-79,34.0530624,-117.1897964,378.20,1.75,WIFI
DC:69:B5:3A:DA:E9,,[OPEN],2025-12-3 15:15:46,1,-85,34.0530624,-117.1897964,378.20,1.75,WIFI
1C:AF:F7:D8:D5:39,john2,[WEP],2025-12-3 15:15:51,5,-77,34.0533752,-117.1892319,381.40,1.75,WIFI
A2:C9:EB:F6:BD:67,RFD-Milling,[WPA2_PSK],2025-12-3 15:15:51,6,-67,34.0533752,-117.1892319,381.40,1.75,WIFI
AC:E2:D3:C6:E4:1D,DIRECT-1A-HP OfficeJet Pro 8720,[WPA2_PSK],2025-12-3 15:15:51,6,-77,34.0533752,-117.1892319,381.40,1.75,WIFI
C8:99:B2:18:5E:53,Verizon_4BFX9N,[WPA2_PSK],2025-12-3 15:15:51,6,-77,34.0533752,-117.1892319,381.40,1.75,WIFI
46:ED:00:12:08:DA,Renaissance MD Guest,[WPA2_WPA3_PSK],2025-12-3 15:15:51,6,-78,34.0533752,-117.1892319,381.40,1.75,WIFI
4C:AB:F8:B7:95:A2,COB WIFI,[WPA2_PSK],2025-12-3 15:15:51,6,-81,34.0533752,-117.1892319,381.40,1.75,WIFI
DA:9C:67:D2:11:6F,DIRECT-6f-HP M148f LaserJet,[WPA2_PSK],2025-12-3 15:15:51,6,-83,34.0533752,-117.1892319,381.40,1.75,WIFI
CA:4E:FC:69:BC:12,Spectrum-11,[WPA2_PSK],2025-12-3 15:15:51,6,-83,34.0533752,-117.1892319,381.40,1.75,WIFI
82:83:C2:8D:91:80,RSDAC_MR,[WPA2_PSK],2025-12-3 15:15:51,6,-87,34.0533752,-117.1892319,381.40,1.75,WIFI
86:83:C2:8D:91:80,,[WPA2_PSK],2025-12-3 15:15:51,6,-87,34.0533752,-117.1892319,381.40,1.75,WIFI
A0:04:60:15:63:EE,NETGEAR62,[WPA2_PSK],2025-12-3 15:15:54,8,-91,34.0535583,-117.1888962,382.20,1.75,WIFI
9E:C9:EB:EF:D7:82,RFD-PRIVATE-5,[WPA2_PSK],2025-12-3 15:15:55,9,-67,34.0536270,-117.1887665,382.30,1.75,WIFI
9C:C9:EB:EF:D7:81,MILLING,[WPA2_PSK],2025-12-3 15:15:55,9,-72,34.0536270,-117.1887665,382.30,1.75,WIFI
66:38:E0:74:11:A0,LPL07303-guest,[OPEN],2025-12-3 15:15:55,9,-90,34.0536270,-117.1887665,382.30,1.75,WIFI
9C:C9:EB:EF:D8:86,MILLING,[WPA2_PSK],2025-12-3 15:15:56,10,-71,34.0536995,-117.1886368,382.50,1.75,WIFI
9E:C9:EB:EF:D8:80,RFD-PRIVATE-5,[WPA2_PSK],2025-12-3 15:15:56,10,-75,34.0536995,-117.1886368,382.50,1.75,WIFI
9E:C9:EB:EF:D8:87,RFD-Guest,[WPA2_PSK],2025-12-3 15:15:56,10,-78,34.0536995,-117.1886368,382.50,1.75,WIFI
C4:A8:16:36:16:85,,[WPA3_PSK],2025-12-3 15:15:57,11,-65,34.0537758,-117.1885071,382.80,1.75,WIFI
40:47:5E:07:90:E3,,[WPA3_PSK],2025-12-3 15:15:57,11,-66,34.0537758,-117.1885071,382.80,1.75,WIFI
C4:A8:16:36:16:8B,,[OPEN],2025-12-3 15:15:57,11,-66,34.0537758,-117.1885071,382.80,1.75,WIFI
40:47:5E:07:90:E6,Frontier8560,[WPA2_PSK],2025-12-3 15:15:57,11,-67,34.0537758,-117.1885071,382.80,1.75,WIFI
40:47:5E:07:90:E9,,[OPEN],2025-12-3 15:15:57,11,-67,34.0537758,-117.1885071,382.80,1.75,WIFI
64:97:14:10:69:C6,Redlands Surgery Center,[WPA2_PSK],2025-12-3 15:15:57,11,-69,34.0537758,-117.1885071,382.80,1.75,WIFI
64:97:14:10:69:CF,Redlands Surgery Center Guest,[WPA2_PSK],2025-12-3 15:15:57,11,-69,34.0537758,-117.1885071,382.80,1.75,WIFI
64:97:14:10:69:C9,,[OPEN],2025-12-3 15:15:57,11,-70,34.0537758,-117.1885071,382.80,1.75,WIFI
64:97:14:10:69:C3,,[WPA3_PSK],2025-12-3 15:15:57,11,-71,34.0537758,-117.1885071,382.80,1.75,WIFI
64:97:14:0C:8E:89,,[OPEN],2025-12-3 15:15:57,11,-73,34.0537758,-117.1885071,382.80,1.75,WIFI
64:97:14:0D:EE:49,,[OPEN],2025-12-3 15:15:57,11,-73,34.0537758,-117.1885071,382.80,1.75,WIFI
64:97:14:0D:EE:43,,[WPA3_PSK],2025-12-3 15:15:57,11,-74,34.0537758,-117.1885071,382.80,1.75,WIFI
8C:DD:0B:CC:AE:88,421Brookside,[WPA2_PSK],2025-12-3 15:15:57,11,-75,34.0537758,-117.1885071,382.80,1.75,WIFI
F0:3E:90:59:B6:93,island-19B690,[WPA2_PSK],2025-12-3 15:15:57,11,-77,34.0537758,-117.1885071,382.80,1.75,WIFI
48:A2:E6:5B:80:E1,HVP_48a2e65b80e0-Pairing,[WPA2_PSK],2025-12-3 15:15:57,11,-81,34.0537758,-117.1885071,382.80,1.75,WIFI
48:F8:B3:03:E4:38,smile,[WEP],2025-12-3 15:15:57,11,-84,34.0537758,-117.1885071,382.80,1.75,WIFI
A0:55:1F:9E:74:CC,Daniels,[WPA2_PSK],2025-12-3 15:16:1,1,-73,34.0541039,-117.1879196,384.20,1.75,WIFI
12:55:1F:9E:74:CE,,[WPA2_PSK],2025-12-3 15:16:1,1,-75,34.0541039,-117.1879196,384.20,1.75,WIFI
DC:69:B5:A2:4E:E9,,[OPEN],2025-12-3 15:16:1,1,-76,34.0541039,-117.1879196,384.20,1.75,WIFI
DC:69:B5:A2:4E:E3,,[WPA3_PSK],2025-12-3 15:16:1,1,-77,34.0541039,-117.1879196,384.20,1.75,WIFI
DC:69:B5:A2:4E:E6,Luna space,[WPA2_PSK],2025-12-3 15:16:1,1,-77,34.0541039,-117.1879196,384.20,1.75,WIFI
16:0C:6B:35:31:E2,Schaepper Psychiatry,[WPA2_PSK],2025-12-3 15:16:3,2,-69,34.0542641,-117.1876144,384.90,1.75,WIFI
AA:42:A1:2F:14:A5,,[WPA2_PSK],2025-12-3 15:16:5,4,-81,34.0544243,-117.1873245,385.40,1.75,WIFI
A8:42:A1:1F:14:A5,Echelon,[WPA2_PSK],2025-12-3 15:16:5,4,-82,34.0544243,-117.1873245,385.40,1.75,WIFI
20:23:51:6E:44:F8,NEB Office,[WPA2_PSK],2025-12-3 15:16:7,6,-67,34.0545807,-117.1870575,385.60,1.75,WIFI
26:23:51:6E:45:25,NEB Office_Guest,[WPA2_PSK],2025-12-3 15:16:7,6,-86,34.0545807,-117.1870575,385.60,1.75,WIFI
B8:69:F4:CC:43:73,NCV Phones,[WPA2_PSK],2025-12-3 15:16:9,8,-85,34.0547333,-117.1867828,385.80,1.75,WIFI
0C:EF:15:F6:5E:9F,Kona301,[WPA2_PSK],2025-12-3 15:16:10,9,-87,34.0548096,-117.1866531,385.70,1.75,WIFI
3E:37:86:79:A1:09,Cortner-Guest,[WPA2_PSK],2025-12-3 15:16:11,10,-72,34.0548782,-117.1865311,385.40,1.75,WIFI
3C:37:86:8C:F9:B8,CortnerNew,[WPA2_PSK],2025-12-3 15:16:11,10,-75,34.0548782,-117.1865311,385.40,1.75,WIFI
04:A1:51:55:D8:95,ngHub_319441NC021FB,[WPA2_PSK],2025-12-3 15:16:12,11,-75,34.0549507,-117.1864014,384.90,1.75,WIFI
E4:19:7F:0C:BA:C9,,[OPEN],2025-12-3 15:16:12,11,-86,34.0549507,-117.1864014,384.90,1.75,WIFI
72:D7:9A:C7:8D:3E,,[WPA2_PSK],2025-12-3 15:16:12,11,-87,34.0549507,-117.1864014,384.90,1.75,WIFI
6E:D7:9A:C7:8D:3E,iedsgguest,[WPA2_PSK],2025-12-3 15:16:12,11,-88,34.0549507,-117.1864014,384.90,1.75,WIFI
FC:3F:DB:EE:CC:20,DIRECT-1F-HP OfficeJet Pro 8720,[WPA2_PSK],2025-12-3 15:16:12,11,-91,34.0549507,-117.1864014,384.90,1.75,WIFI
18:A9:ED:85:AD:89,,[OPEN],2025-12-3 15:16:15,1,-66,34.0551605,-117.1860580,383.30,1.75,WIFI
18:A9:ED:85:AD:86,Frontier2528,[WPA2_PSK],2025-12-3 15:16:15,1,-67,34.0551605,-117.1860580,383.30,1.75,WIFI
18:A9:ED:85:AD:8F,Frontier2528 Guest,[OPEN],2025-12-3 15:16:15,1,-67,34.0551605,-117.1860580,383.30,1.75,WIFI
18:A9:ED:85:AD:83,,[WPA3_PSK],2025-12-3 15:16:15,1,-67,34.0551605,-117.1860580,383.30,1.75,WIFI
18:A9:ED:80:26:83,,[WPA3_PSK],2025-12-3 15:16:15,1,-79,34.0551605,-117.1860580,383.30,1.75,WIFI
18:A9:ED:80:26:89,,[OPEN],2025-12-3 15:16:15,1,-79,34.0551605,-117.1860580,383.30,1.75,WIFI
48:00:33:8A:B1:4D,TC8717T47,[WPA2_PSK],2025-12-3 15:16:15,1,-83,34.0551605,-117.1860580,383.30,1.75,WIFI
90:BF:D9:47:30:78,,[WPA_WPA2_PSK],2025-12-3 15:16:20,5,-76,34.0553932,-117.1856766,382.30,1.75,WIFI
F4:52:46:ED:90:03,SpectrumSetup-05,[WPA2_PSK],2025-12-3 15:16:21,6,-74,34.0554047,-117.1856537,382.20,1.75,WIFI
D4:76:A0:1A:E7:B9,Cortner_TLAN,[WPA2_PSK],2025-12-3 15:16:21,6,-85,34.0554047,-117.1856537,382.20,1.75,WIFI
04:17:B6:3E:36:F8,,[WPA_WPA2_PSK],2025-12-3 15:16:21,6,-85,34.0554047,-117.1856537,382.20,1.75,WIFI
94:CD:FD:C0:1A:89,,[OPEN],2025-12-3 15:16:26,11,-82,34.0554085,-117.1856461,382.10,1.75,WIFI
94:CD:FD:C0:1A:83,,[WPA3_PSK],2025-12-3 15:16:26,11,-83,34.0554085,-117.1856461,382.10,1.75,WIFI
94:3C:96:FA:9B:36,Frontier1358,[WPA2_PSK],2025-12-3 15:16:26,11,-84,34.0554085,-117.1856461,382.10,1.75,WIFI
AC:E2:D3:C1:D9:AA,DIRECT-A5-HP OfficeJet Pro 8710,[WPA2_PSK],2025-12-3 15:16:26,11,-90,34.0554085,-117.1856461,382.10,1.75,WIFI
AC:E2:D3:C1:D9:72,DIRECT-6E-HP OfficeJet Pro 8710,[WPA2_PSK],2025-12-3 15:16:26,11,-90,34.0554085,-117.1856461,382.10,1.75,WIFI
00:01:21:33:57:3D,MissionGuest,[WPA2_PSK],2025-12-3 15:16:26,11,-92,34.0554085,-117.1856461,382.10,1.75,WIFI
94:CD:FD:BF:EE:03,,[WPA3_PSK],2025-12-3 15:16:29,1,-76,34.0554237,-117.1856232,381.90,1.75,WIFI
94:CD:FD:BF:EE:06,Hector Bigfish,[WPA2_PSK],2025-12-3 15:16:29,1,-77,34.0554237,-117.1856232,381.90,1.75,WIFI
12:55:1F:9E:74:CD,,[WPA2_PSK],2025-12-3 15:16:29,1,-86,34.0554237,-117.1856232,381.90,1.75,WIFI
CA:2C:4F:AD:C4:08,HiSmart-01-ca2c4fadc408,[OPEN],2025-12-3 15:16:32,3,-81,34.0554962,-117.1855698,381.80,1.75,WIFI
68:D7:9A:C7:8D:3E,IEDSG-UB,[WPA2_PSK],2025-12-3 15:16:40,11,-81,34.0562897,-117.1857376,380.70,1.75,WIFI
98:F7:81:E8:D5:C8,Frontier4000,[WPA2_PSK],2025-12-3 15:16:40,11,-90,34.0562897,-117.1857376,380.70,1.75,WIFI
B0:6A:41:98:7B:79,setup7B790,[WPA2_PSK],2025-12-3 15:16:43,1,-64,34.0567360,-117.1857376,380.50,1.75,WIFI
94:F7:17:83:E4:38,,[WPA_WPA2_PSK],2025-12-3 15:16:43,1,-83,34.0567360,-117.1857376,380.50,1.75,WIFI
B0:6A:41:98:76:1A,Redlands Urgent Care-Corporate,[WPA2_PSK],2025-12-3 15:16:43,1,-85,34.0567360,-117.1857376,380.50,1.75,WIFI
18:B1:69:5A:69:C5,RedlandsUrgentCareGuest,[WPA_WPA2_PSK],2025-12-3 15:16:48,6,-72,34.0573616,-117.1857300,381.00,1.75,WIFI
94:FF:3C:B4:4C:EB,Firestone Complete Free WiFi,[OPEN],2025-12-3 15:16:48,6,-79,34.0573616,-117.1857300,381.00,1.75,WIFI
A6:46:9D:1D:EF:2A,Cinema POS,[WPA2_PSK],2025-12-3 15:16:48,6,-79,34.0573616,-117.1857300,381.00,1.75,WIFI
BA:46:9D:1D:EF:2A,Cinema Staff,[WPA2_PSK],2025-12-3 15:16:48,6,-79,34.0573616,-117.1857300,381.00,1.75,WIFI
96:46:9D:1D:EF:2A,,[WPA2_PSK],2025-12-3 15:16:48,6,-79,34.0573616,-117.1857300,381.00,1.75,WIFI
A2:46:9D:1D:EF:2A,,[WPA2_PSK],2025-12-3 15:16:48,6,-80,34.0573616,-117.1857300,381.00,1.75,WIFI
B6:46:9D:1D:EF:2A,,[WPA2_PSK],2025-12-3 15:16:48,6,-81,34.0573616,-117.1857300,381.00,1.75,WIFI
94:FF:3C:B4:4C:E8,BSA Network,[WPA2],2025-12-3 15:16:48,6,-83,34.0573616,-117.1857300,381.00,1.75,WIFI
94:FF:3C:B4:4C:E9,BSRO-Autel,[WPA2_PSK],2025-12-3 15:16:48,6,-84,34.0573616,-117.1857300,381.00,1.75,WIFI
94:FF:3C:B4:4C:EA,BSRO-EDU,[WPA2_PSK],2025-12-3 15:16:48,6,-84,34.0573616,-117.1857300,381.00,1.75,WIFI
4C:12:65:15:F5:D8,Foamycarwash,[WPA2_PSK],2025-12-3 15:16:48,6,-85,34.0573616,-117.1857300,381.00,1.75,WIFI
62:E6:F0:7E:24:D2,myChevrolet 24D2,[WPA2_PSK],2025-12-3 15:16:48,7,-76,34.0573616,-117.1857300,381.00,1.75,WIFI
C0:EA:E4:D4:F8:42,RUCcorporateWAP,[WPA_WPA2_PSK],2025-12-3 15:16:52,10,-86,34.0578575,-117.1857681,381.00,1.75,WIFI
C8:99:B2:B5:72:8F,Verizon_9C4ZQ6,[WPA2_PSK],2025-12-3 15:16:53,11,-84,34.0579758,-117.1858063,380.80,1.75,WIFI
20:F3:75:3C:1E:02,Verizon-1E06,[WPA2_PSK],2025-12-3 15:16:56,1,-76,34.0582733,-117.1859665,380.00,1.75,WIFI
94:A6:7E:29:6A:C6,Verizon-1E06_2GEXT,[WPA2_PSK],2025-12-3 15:16:56,1,-79,34.0582733,-117.1859665,380.00,1.75,WIFI
00:30:44:A1:D4:64,R1900-463,[WPA2_PSK],2025-12-3 15:16:56,1,-89,34.0582733,-117.1859665,380.00,1.75,WIFI
9E:05:D6:2C:BE:ED,,[WPA2_PSK],2025-12-3 15:16:56,1,-92,34.0582733,-117.1859665,380.00,1.75,WIFI
C8:B4:22:03:2D:6B,MySpectrumWiFi6D-2G,[WPA2_PSK],2025-12-3 15:17:3,6,-75,34.0584869,-117.1860962,378.40,1.75,WIFI
7A:13:8A:0A:4F:42,CADILLAC6837,[WPA2_WPA3_PSK],2025-12-3 15:17:3,6,-88,34.0584869,-117.1860962,378.40,1.75,WIFI
60:22:32:10:44:2A,Magic Tongue,[WPA2_PSK],2025-12-3 15:17:10,1,-88,34.0587273,-117.1862335,378.20,1.75,WIFI
66:22:32:10:44:2A,Rui's Shanghai Bistro,[WPA2_PSK],2025-12-3 15:17:10,1,-88,34.0587273,-117.1862335,378.20,1.75,WIFI
0A:66:45:61:AE:23,,[WPA2_PSK],2025-12-3 15:17:10,1,-89,34.0587273,-117.1862335,378.20,1.75,WIFI
0A:66:45:41:AE:23,,[WPA2_PSK],2025-12-3 15:17:10,1,-90,34.0587273,-117.1862335,378.20,1.75,WIFI
30:93:BC:7D:69:D6,MySpectrumWiFid0-2G,[WPA2_PSK],2025-12-3 15:17:10,1,-92,34.0587273,-117.1862335,378.20,1.75,WIFI
54:AF:97:06:3D:FB,S3XY NAIL LOUNGE,[WPA2_PSK],2025-12-3 15:17:15,4,-82,34.0592155,-117.1863251,378.70,1.75,WIFI
FC:DB:21:5D:35:8A,mobileservice,[WPA2_PSK],2025-12-3 15:17:17,6,-69,34.0594063,-117.1863327,378.10,1.75,WIFI
BA:6C:FA:7D:5E:CA,Lindsay’s iPhone,[WPA2_PSK],2025-12-3 15:17:17,6,-89,34.0594063,-117.1863327,378.10,1.75,WIFI
C8:08:73:C9:A3:B3,Recover.Me-09A3B0,[WPA2_PSK],2025-12-3 15:17:17,6,-89,34.0594063,-117.1863327,378.10,1.75,WIFI
60:22:32:24:0A:6E,Magic Tongue,[WPA2_PSK],2025-12-3 15:17:17,6,-91,34.0594063,-117.1863327,378.10,1.75,WIFI
16:11:32:D3:86:19,,[WPA2_PSK],2025-12-3 15:17:21,10,-81,34.0595856,-117.1862869,377.60,1.75,WIFI
BC:A5:11:D9:F6:A7,NETGEAR89,[WPA2_PSK],2025-12-3 15:17:22,11,-82,34.0596008,-117.1862411,377.50,1.75,WIFI
A0:89:66:90:3E:68,,[WPA_WPA2_PSK],2025-12-3 15:17:25,1,-70,34.0596123,-117.1860275,377.60,1.75,WIFI
E0:CB:BC:91:61:C9,Starbucks WiFi,[OPEN],2025-12-3 15:17:25,1,-77,34.0596123,-117.1860275,377.60,1.75,WIFI
E6:CB:BC:91:61:C9,smll,[WPA2],2025-12-3 15:17:25,1,-78,34.0596123,-117.1860275,377.60,1.75,WIFI
EA:CB:BC:91:61:C9,notes,[WPA2_PSK],2025-12-3 15:17:25,1,-78,34.0596123,-117.1860275,377.60,1.75,WIFI
64:67:72:45:78:76,TMOBILE-7874,[WPA2_WPA3_PSK],2025-12-3 15:17:27,2,-87,34.0596161,-117.1858444,377.80,1.75,WIFI
64:CB:E9:F2:9F:57,RESU_64CBE9F29F56,[WPA_WPA2_PSK],2025-12-3 15:17:28,3,-87,34.0596161,-117.1857834,377.80,1.75,WIFI
BA:AF:97:06:3D:FD,,[WPA2_PSK],2025-12-3 15:17:29,4,-78,34.0596008,-117.1857300,377.80,1.75,WIFI
14:42:FC:84:94:57,Vive-017d837a-#5693,[WPA2_PSK],2025-12-3 15:17:32,7,-86,34.0595093,-117.1856842,378.00,1.75,WIFI
E0:CB:BC:91:62:22,Starbucks WiFi,[OPEN],2025-12-3 15:17:36,11,-81,34.0593948,-117.1856995,376.80,1.75,WIFI
E6:CB:BC:91:62:22,smll,[WPA2],2025-12-3 15:17:36,11,-81,34.0593948,-117.1856995,376.80,1.75,WIFI
EA:CB:BC:91:62:22,notes,[WPA2_PSK],2025-12-3 15:17:36,11,-81,34.0593948,-117.1856995,376.80,1.75,WIFI
EE:CB:BC:91:62:22,sip,[WPA2],2025-12-3 15:17:36,11,-81,34.0593948,-117.1856995,376.80,1.75,WIFI
EE:CB:BC:91:61:C9,sip,[WPA2],2025-12-3 15:17:39,1,-79,34.0593185,-117.1856995,376.50,1.75,WIFI
0A:66:45:21:AE:23,STARLINK,[OPEN],2025-12-3 15:17:39,1,-83,34.0593185,-117.1856995,376.50,1.75,WIFI
02:9D:6B:06:3D:03,DIRECT-G6-Car_cf24,[WPA2_PSK],2025-12-3 15:17:39,1,-87,34.0593185,-117.1856995,376.50,1.75,WIFI
6E:D7:9A:8A:BF:21,JRiley-POS,[WPA2_PSK],2025-12-3 15:17:45,6,-83,34.0593224,-117.1858215,376.50,1.75,WIFI
72:D7:9A:8A:BF:21,JRiley-IoT,[WPA2_PSK],2025-12-3 15:17:45,6,-84,34.0593224,-117.1858215,376.50,1.75,WIFI
76:D7:9A:8A:BF:21,,[WPA2_PSK],2025-12-3 15:17:45,6,-84,34.0593224,-117.1858215,376.50,1.75,WIFI
90:D3:CF:17:8B:A1,SpectrumSetup-AA,[WPA2_PSK],2025-12-3 15:17:45,6,-89,34.0593224,-117.1858215,376.50,1.75,WIFI
24:F3:E3:F2:0D:43,,[WPA3_PSK],2025-12-3 15:17:53,1,-89,34.0593262,-117.1858292,376.90,1.75,WIFI
E0:63:DA:31:BB:BF,REDLANDSRAMENPOS,[WPA2_PSK],2025-12-3 15:18:4,11,-92,34.0593262,-117.1858292,377.00,1.75,WIFI
18:E8:29:94:A0:13,Hairajuku,[WPA2_PSK],2025-12-3 15:18:4,11,-93,34.0593262,-117.1858292,377.00,1.75,WIFI
1A:E8:29:94:A0:13,Hairajuku Guest,[WPA2_PSK],2025-12-3 15:18:4,11,-93,34.0593262,-117.1858292,377.00,1.75,WIFI
84:A0:6E:CA:3C:8E,RedLands Ramen-2G,[WPA2_PSK],2025-12-3 15:18:18,11,-87,34.0593338,-117.1858368,377.60,1.75,WIFI
00:30:44:66:64:58,TeslaWiFi_Mercury,[WPA2],2025-12-3 15:18:18,11,-88,34.0593338,-117.1858368,377.60,1.75,WIFI
4C:19:5D:B4:1B:18,SpectrumSetup-12,[WPA2_PSK],2025-12-3 15:18:18,11,-90,34.0593338,-117.1858368,377.60,1.75,WIFI
94:A6:7E:47:26:CC,SpectrumSetup-12,[WPA2_PSK],2025-12-3 15:18:18,11,-95,34.0593338,-117.1858368,377.60,1.75,WIFI
E8:1D:A8:7E:57:E3,Recover.Me-3E57E0,[WPA2_PSK],2025-12-3 15:18:21,1,-92,34.0593338,-117.1858368,377.60,1.75,WIFI
68:D7:9A:8A:BF:21,JRiley-Corporate,[WPA2_PSK],2025-12-3 15:18:27,6,-91,34.0593338,-117.1858368,377.50,1.75,WIFI
F4:B8:98:A5:6F:0D,MINI07333 CarPlay,[WPA2_PSK],2025-12-3 15:18:32,11,-77,34.0593338,-117.1858368,377.40,1.75,WIFI
AC:DF:15:17:BF:02,Strange1on3,[WPA2_WPA3_PSK],2025-12-3 15:18:49,1,-90,34.0593338,-117.1858368,377.60,1.75,WIFI
24:41:FE:85:76:1A,Verizon_BT3RGJ,[WPA2_PSK],2025-12-3 15:19:3,1,-88,34.0593376,-117.1858444,378.10,1.75,WIFI
B2:00:73:04:B6:E6,DIRECT-MBUX 69175,[WPA2_PSK],2025-12-3 15:19:3,1,-89,34.0593376,-117.1858444,378.10,1.75,WIFI
94:09:C9:0A:B0:06,MY SENTRA9327,[WPA2_PSK],2025-12-3 15:19:6,3,-72,34.0593376,-117.1858444,378.20,1.75,WIFI
24:F3:E3:F2:0D:46,Corados,[WPA2_PSK],2025-12-3 15:19:17,1,-89,34.0593376,-117.1858444,378.30,1.75,WIFI
BE:42:8C:2F:18:6D,myChevrolet,[WPA2_PSK],2025-12-3 15:19:28,11,-89,34.0593376,-117.1858368,378.40,1.75,WIFI
94:91:7F:E1:91:65,MySpectrumWiFi67-2G,[WPA2_PSK],2025-12-3 15:19:50,6,-90,34.0593376,-117.1858368,378.40,1.75,WIFI
BA:9F:09:AA:1A:98,gomezcrew,[WPA2_PSK],2025-12-3 15:19:50,6,-91,34.0593376,-117.1858368,378.40,1.75,WIFI
AC:DF:9F:16:BF:02,TMOBILE-BF00,[WPA2_WPA3_PSK],2025-12-3 15:20:12,1,-90,34.0593376,-117.1858444,378.20,1.75,WIFI
24:F3:E3:F2:0D:49,,[OPEN],2025-12-3 15:20:28,1,-87,34.0593376,-117.1858444,378.10,1.75,WIFI
B0:D8:88:2F:1D:CB,Car-1dcb,[WPA2_PSK],2025-12-3 15:20:47,6,-80,34.0593376,-117.1858444,378.10,1.50,WIFI
82:E8:2C:09:82:E3,DIRECT-E3-HP ,[WPA2_PSK],2025-12-3 15:21:1,6,-93,34.0593376,-117.1858444,378.10,1.75,WIFI
00:54:AF:BE:A8:D9,HotspotA8D9,[WPA_WPA2_PSK],2025-12-3 15:21:4,9,-86,34.0593376,-117.1858444,378.20,1.75,WIFI
8C:BD:37:54:C4:88,J12-G123M6DL,[WPA2_PSK],2025-12-3 15:21:6,11,-91,34.0593376,-117.1858444,378.20,1.75,WIFI
9E:50:D1:4E:66:79,DIRECT-fB-Car_3d60,[WPA2_PSK],2025-12-3 15:21:15,6,-81,34.0593033,-117.1858063,378.30,1.75,WIFI
A8:9A:93:B2:0D:7E,MySpectrumWiFi78-2G,[WPA2_PSK],2025-12-3 15:21:15,6,-88,34.0593033,-117.1858063,378.30,1.75,WIFI
5A:E4:03:15:57:BA,myChevrolet 57BA,[WPA2_PSK],2025-12-3 15:21:16,7,-93,34.0593033,-117.1858063,378.30,1.75,WIFI
94:09:C9:97:45:3C,CarPlay_453c,[WPA2_PSK],2025-12-3 15:21:23,1,-91,34.0593071,-117.1860123,378.20,1.75,WIFI
F4:F2:6D:34:F6:5C,Tplink_Extender ,[WPA2_PSK],2025-12-3 15:21:47,10,-86,34.0595016,-117.1856461,377.80,1.50,WIFI
94:18:65:5F:DB:31,NETGEAR42,[WPA2_PSK],2025-12-3 15:21:47,10,-87,34.0595016,-117.1856461,377.80,1.50,WIFI
F8:08:4F:D1:76:16,MySpectrumWiFi10-2G,[WPA2_PSK],2025-12-3 15:21:48,11,-89,34.0595245,-117.1856308,377.90,1.50,WIFI
C8:B4:22:A1:87:2D,MySpectrumWiFi2F-2G,[WPA2_PSK],2025-12-3 15:21:48,11,-92,34.0595245,-117.1856308,377.90,1.50,WIFI
C8:B4:22:1A:26:24,MySpectrumWiFi26-2G,[WPA2_PSK],2025-12-3 15:21:57,6,-89,34.0596123,-117.1852188,378.80,1.50,WIFI
80:CC:9C:9F:46:F7,NETGEAR42,[WPA2_PSK],2025-12-3 15:22:1,10,-73,34.0596199,-117.1847229,379.80,1.50,WIFI
80:CC:9C:F4:06:9C,NETGEAR42,[WPA2_PSK],2025-12-3 15:22:1,10,-81,34.0596199,-117.1847229,379.80,1.50,WIFI
D8:A7:56:87:DC:EE,MySpectrumWiFie8-2G,[WPA2_PSK],2025-12-3 15:22:2,11,-82,34.0596275,-117.1845932,380.00,1.50,WIFI
A0:7F:8A:4B:BC:27,SpectrumSetup-BC21,[WPA2_PSK],2025-12-3 15:22:2,11,-83,34.0596275,-117.1845932,380.00,1.50,WIFI
00:54:AF:46:12:32,Hotspot1232,[WPA_WPA2_PSK],2025-12-3 15:22:2,11,-87,34.0596275,-117.1845932,380.00,1.50,WIFI
88:EF:16:EE:DF:78,Frontier4800,[WPA2_PSK],2025-12-3 15:22:2,11,-95,34.0596275,-117.1845932,380.00,1.50,WIFI
D0:6D:C9:39:E9:06,Frontier0518,[WPA2_PSK],2025-12-3 15:22:5,1,-71,34.0596657,-117.1842117,380.30,1.50,WIFI
48:A9:8A:CC:5A:9E,UGS WiFi,[WPA2_PSK],2025-12-3 15:22:5,1,-76,34.0596657,-117.1842117,380.30,1.50,WIFI
E8:9C:25:52:92:10,NETGEAR19,[WPA2_PSK],2025-12-3 15:22:7,2,-89,34.0596695,-117.1839600,380.50,1.50,WIFI
94:F7:17:EC:CC:B0,,[WPA_WPA2_PSK],2025-12-3 15:22:8,3,-80,34.0596657,-117.1838226,380.70,1.50,WIFI
D2:9E:43:9B:04:E0,,[WPA2_PSK],2025-12-3 15:22:8,3,-86,34.0596657,-117.1838226,380.70,1.50,WIFI
14:7D:05:9D:DB:CF,SpectrumSetup-CD,[WPA2_PSK],2025-12-3 15:22:11,6,-67,34.0596542,-117.1834259,381.30,1.50,WIFI
FC:DB:21:87:9E:C1,OAP,[WPA2_WPA3_PSK],2025-12-3 15:22:11,6,-69,34.0596542,-117.1834259,381.30,1.50,WIFI
6A:22:32:10:2D:EA,Viva Redlands Guest,[WPA2_PSK],2025-12-3 15:22:11,6,-81,34.0596542,-117.1834259,381.30,1.50,WIFI
6E:22:32:10:2D:EA,,[WPA2_PSK],2025-12-3 15:22:11,6,-81,34.0596542,-117.1834259,381.30,1.50,WIFI
66:22:32:10:2D:EA,VLB_Office,[WPA2_PSK],2025-12-3 15:22:11,6,-82,34.0596542,-117.1834259,381.30,1.50,WIFI
98:03:8A:65:31:AD,SS_NLCS_1542,[WPA2_PSK],2025-12-3 15:22:14,9,-87,34.0596542,-117.1830597,381.90,1.50,WIFI
2A:7E:80:EF:F0:59,,[WPA2_PSK],2025-12-3 15:22:14,9,-91,34.0596542,-117.1830597,381.90,1.50,WIFI
7C:DB:98:11:C2:B5,MySpectrumWiFib7-2G,[WPA2_PSK],2025-12-3 15:22:16,11,-71,34.0596619,-117.1828690,382.40,1.50,WIFI
80:2A:A8:4A:2B:87,ASLC,[WPA2_PSK],2025-12-3 15:22:16,11,-75,34.0596619,-117.1828690,382.40,1.50,WIFI
38:88:71:04:1C:30,Verizon_6GKF9K,[WPA2_PSK],2025-12-3 15:22:16,11,-81,34.0596619,-117.1828690,382.40,1.50,WIFI
7C:DB:98:46:B6:4D,MySpectrumWiFi4F-2G,[WPA2_PSK],2025-12-3 15:22:16,11,-82,34.0596619,-117.1828690,382.40,1.50,WIFI
0C:73:29:E1:63:44,SpectrumSetup-42,[WPA2_PSK],2025-12-3 15:22:16,11,-88,34.0596619,-117.1828690,382.40,1.50,WIFI
E6:63:DA:7D:5D:F7,VLB_Office,[WPA2_PSK],2025-12-3 15:22:19,1,-66,34.0596619,-117.1827774,382.60,1.50,WIFI
EE:63:DA:7D:5D:F7,,[WPA2_PSK],2025-12-3 15:22:19,1,-67,34.0596619,-117.1827774,382.60,1.50,WIFI
E0:63:DA:7D:5D:F7,VivaSecure,[WPA2_PSK],2025-12-3 15:22:19,1,-68,34.0596619,-117.1827774,382.60,1.50,WIFI
EA:63:DA:7D:5D:F7,Viva Redlands Guest,[WPA2_PSK],2025-12-3 15:22:19,1,-69,34.0596619,-117.1827774,382.60,1.50,WIFI
18:EE:86:21:0B:06,INS-FG2000-0B06,[WPA2_WPA3_PSK],2025-12-3 15:22:19,1,-74,34.0596619,-117.1827774,382.60,1.50,WIFI
1E:EE:86:21:0B:06,INS-FG2000-Guest-0B05,[WPA2_WPA3_PSK],2025-12-3 15:22:19,1,-75,34.0596619,-117.1827774,382.60,1.50,WIFI
CC:CF:83:AD:35:D4,,[WPA_WPA2_PSK],2025-12-3 15:22:19,1,-81,34.0596619,-117.1827774,382.60,1.50,WIFI
00:C8:96:04:0C:D8,,[WPA_WPA2_PSK],2025-12-3 15:22:19,1,-84,34.0596619,-117.1827774,382.60,1.50,WIFI
74:37:5F:EF:BD:97,SpectrumSetup-95,[WPA2_PSK],2025-12-3 15:22:19,1,-84,34.0596619,-117.1827774,382.60,1.50,WIFI
00:C8:96:CD:52:B2,,[WPA_WPA2_PSK],2025-12-3 15:22:19,1,-86,34.0596619,-117.1827774,382.60,1.50,WIFI
00:0A:86:B3:68:36,i550_Entrematic,[WPA2_PSK],2025-12-3 15:22:19,1,-88,34.0596619,-117.1827774,382.60,1.50,WIFI
60:22:32:10:2D:EA,VivaSecure,[WPA2_PSK],2025-12-3 15:22:25,6,-72,34.0596619,-117.1827774,382.90,1.50,WIFI
AA:48:FA:D8:26:2D,ESP_D8262D,[OPEN],2025-12-3 15:22:25,6,-82,34.0596619,-117.1827774,382.90,1.50,WIFI
66:4E:D7:E9:52:D3,DIRECT-D3-HP OfficeJet Pro 9010,[WPA2_PSK],2025-12-3 15:22:25,6,-83,34.0596619,-117.1827774,382.90,1.50,WIFI
2C:00:AB:D8:1E:78,ANYTIME FITNESS STAFF,[WPA2_PSK],2025-12-3 15:22:28,9,-89,34.0596619,-117.1827774,383.00,1.50,WIFI
00:0E:8F:72:F1:A4,iHub_00603503aad5,[WPA2_PSK],2025-12-3 15:22:30,11,-81,34.0596542,-117.1827774,383.00,1.50,WIFI
00:30:44:37:87:2A,,[WPA2_PSK],2025-12-3 15:22:39,6,-65,34.0596542,-117.1827316,383.00,1.50,WIFI
E4:55:A8:1A:99:80,SSW01,[WPA2],2025-12-3 15:22:39,6,-77,34.0596542,-117.1827316,383.00,1.50,WIFI
04:17:B6:F0:4B:6C,,[WPA_WPA2_PSK],2025-12-3 15:22:40,7,-88,34.0596542,-117.1827011,383.00,1.50,WIFI
62:00:AB:D8:1E:79,ANYTIME FITNESS GUEST,[WPA2_PSK],2025-12-3 15:22:42,9,-87,34.0596848,-117.1826172,383.30,1.50,WIFI
24:41:FE:E3:85:52,Verizon_PCW4RB,[WPA2_PSK],2025-12-3 15:22:48,1,-66,34.0601387,-117.1825333,383.60,1.50,WIFI
98:1E:19:52:BF:AE,MySpectrumWiFia8-2G,[WPA2_PSK],2025-12-3 15:22:48,1,-70,34.0601387,-117.1825333,383.60,1.50,WIFI
22:AD:56:A4:ED:AD,HotspotEDAD,[WPA_WPA2_PSK],2025-12-3 15:22:48,1,-70,34.0601387,-117.1825333,383.60,1.50,WIFI
CC:D0:83:00:64:C3,DV-Tester,[WPA2_PSK],2025-12-3 15:22:48,1,-78,34.0601387,-117.1825333,383.60,1.50,WIFI
A2:46:9D:2A:E8:0F,CoffeeBeanWifi,[OPEN],2025-12-3 15:22:48,1,-80,34.0601387,-117.1825333,383.60,1.50,WIFI
EE:55:A8:B3:D4:12,,[WPA2_WPA3_PSK],2025-12-3 15:22:48,1,-80,34.0601387,-117.1825333,383.60,1.50,WIFI
DA:55:A8:B3:D4:12,,[WPA2_PSK],2025-12-3 15:22:48,1,-81,34.0601387,-117.1825333,383.60,1.50,WIFI
CC:D0:83:00:64:C2,,[WPA2_PSK],2025-12-3 15:22:48,1,-82,34.0601387,-117.1825333,383.60,1.50,WIFI
A8:46:9D:2A:E8:0F,,[WPA2_PSK],2025-12-3 15:22:48,1,-82,34.0601387,-117.1825333,383.60,1.50,WIFI
AE:46:9D:2A:E8:0F,,[WPA2_PSK],2025-12-3 15:22:48,1,-82,34.0601387,-117.1825333,383.60,1.50,WIFI
FA:8F:CA:70:E8:0D,,[OPEN],2025-12-3 15:22:53,6,-68,34.0607109,-117.1825256,383.40,1.50,WIFI
78:45:58:B9:B2:AE,creatif-redlands,[WPA2_PSK],2025-12-3 15:22:53,6,-71,34.0607109,-117.1825256,383.40,1.50,WIFI
7A:45:58:99:B2:AE,creatif-guest,[WPA2_PSK],2025-12-3 15:22:53,6,-73,34.0607109,-117.1825256,383.40,1.50,WIFI
7A:45:58:A9:B2:AE,,[WPA2_PSK],2025-12-3 15:22:53,6,-78,34.0607109,-117.1825256,383.40,1.50,WIFI
00:11:74:EA:3F:42,CoffeeBeanWifi,[OPEN],2025-12-3 15:22:53,6,-80,34.0607109,-117.1825256,383.40,1.50,WIFI
7A:45:58:99:B2:7B,creatif-guest,[WPA2_PSK],2025-12-3 15:22:53,6,-81,34.0607109,-117.1825256,383.40,1.50,WIFI
A4:97:33:4C:C6:E5,SpectrumSetup-E7,[WPA2_PSK],2025-12-3 15:22:53,6,-81,34.0607109,-117.1825256,383.40,1.50,WIFI
7A:45:58:A9:AE:40,,[WPA2_PSK],2025-12-3 15:22:53,6,-83,34.0607109,-117.1825256,383.40,1.50,WIFI
78:45:58:B9:B2:7B,creatif-redlands,[WPA2_PSK],2025-12-3 15:22:53,6,-84,34.0607109,-117.1825256,383.40,1.50,WIFI
00:11:74:EA:3F:40,,[WPA2_PSK],2025-12-3 15:22:53,6,-88,34.0607109,-117.1825256,383.40,1.50,WIFI
8E:53:E6:04:B5:77,myChevrolet B577,[WPA2_PSK],2025-12-3 15:22:54,7,-80,34.0608177,-117.1825180,383.20,1.50,WIFI
AC:2A:A1:6E:60:21,ServingU,[OPEN],2025-12-3 15:22:58,11,-71,34.0611343,-117.1825027,382.90,1.50,WIFI
AC:2A:A1:6E:60:22,,[WPA2_PSK],2025-12-3 15:22:58,11,-71,34.0611343,-117.1825027,382.90,1.50,WIFI
F8:F5:32:D3:53:E0,Frontier6336,[WPA2_PSK],2025-12-3 15:23:2,1,-84,34.0612183,-117.1824875,383.20,1.50,WIFI
9A:DC:96:32:36:80,,[WPA2_PSK],2025-12-3 15:23:2,1,-90,34.0612183,-117.1824875,383.20,1.50,WIFI
88:DC:96:32:36:80,,[WPA2_PSK],2025-12-3 15:23:2,1,-90,34.0612183,-117.1824875,383.20,1.50,WIFI
16:CB:19:8F:85:51,DIRECT-51-HP OfficeJet Pro 8020,[WPA2_PSK],2025-12-3 15:23:2,1,-91,34.0612183,-117.1824875,383.20,1.50,WIFI
7A:45:58:A9:B2:7B,,[WPA2_PSK],2025-12-3 15:23:8,6,-93,34.0612259,-117.1824875,383.20,1.50,WIFI
5A:E4:03:8B:FF:5F,myGMC FF5F,[WPA2_PSK],2025-12-3 15:23:9,7,-93,34.0612259,-117.1824875,383.20,1.50,WIFI
FC:3F:A6:FA:E0:66,Botox Dealer,[WPA2_PSK],2025-12-3 15:23:13,11,-84,34.0612297,-117.1824875,383.20,1.50,WIFI
AC:2A:A1:6E:54:E2,,[WPA2_PSK],2025-12-3 15:23:13,11,-85,34.0612297,-117.1824875,383.20,1.50,WIFI
AC:2A:A1:6E:54:E1,ServingU,[OPEN],2025-12-3 15:23:13,11,-86,34.0612297,-117.1824875,383.20,1.50,WIFI
BC:82:5D:D0:7B:76,WiFi Hotspot 2067,[WPA2_PSK],2025-12-3 15:23:22,6,-88,34.0612335,-117.1824875,383.10,1.50,WIFI
FA:8F:CA:8B:83:DB,,[OPEN],2025-12-3 15:23:22,6,-93,34.0612335,-117.1824875,383.10,1.50,WIFI
00:30:44:62:C4:31,IBR200-431,[WPA2_PSK],2025-12-3 15:23:27,11,-85,34.0613136,-117.1823502,383.30,1.50,WIFI
70:70:8B:91:33:41,,[WPA2_PSK],2025-12-3 15:23:27,11,-86,34.0613136,-117.1823502,383.30,1.50,WIFI
70:70:8B:91:33:43,officedepot,[OPEN],2025-12-3 15:23:27,11,-89,34.0613136,-117.1823502,383.30,1.50,WIFI
98:F7:81:E7:C6:38,Frontier4480,[WPA2_PSK],2025-12-3 15:23:27,11,-92,34.0613136,-117.1823502,383.30,1.50,WIFI
70:70:8B:25:C8:46,,[WPA2_PSK],2025-12-3 15:23:27,11,-96,34.0613136,-117.1823502,383.30,1.50,WIFI
DA:80:83:51:6B:04,DIRECT-04-HP M234 LaserJet,[WPA2_PSK],2025-12-3 15:23:36,6,-72,34.0613441,-117.1812286,384.60,1.50,WIFI
E0:70:EA:5B:34:8D,DIRECT-8C-HP OfficeJet 250,[WPA2_PSK],2025-12-3 15:23:36,6,-78,34.0613441,-117.1812286,384.60,1.50,WIFI
66:4E:D7:36:92:12,DIRECT-12-HP OfficeJet Pro 9120e,[WPA2_PSK],2025-12-3 15:23:36,6,-79,34.0613441,-117.1812286,384.60,1.50,WIFI
26:6A:0E:FE:25:56,DIRECT-56-HP Envy Photo 7900,[WPA2_PSK],2025-12-3 15:23:36,6,-79,34.0613441,-117.1812286,384.60,1.50,WIFI
26:6A:0E:85:9B:94,DIRECT-94-HP Smart Tank 6000,[WPA2_PSK],2025-12-3 15:23:36,6,-79,34.0613441,-117.1812286,384.60,1.50,WIFI
BE:0F:F3:4A:95:7F,DIRECT-7F-HP OfficeJet Pro 9730e,[WPA2_PSK],2025-12-3 15:23:36,6,-82,34.0613441,-117.1812286,384.60,1.50,WIFI
70:70:8B:9D:C0:1A,ODSN,[WPA2_PSK],2025-12-3 15:23:36,6,-83,34.0613441,-117.1812286,384.60,1.50,WIFI
70:70:8B:9D:C0:18,DPSWiFi,[WPA2_PSK],2025-12-3 15:23:36,6,-84,34.0613441,-117.1812286,384.60,1.50,WIFI
70:70:8B:9D:C0:14,od_display,[WPA2_PSK],2025-12-3 15:23:36,6,-85,34.0613441,-117.1812286,384.60,1.50,WIFI
70:70:8B:9D:C0:16,,[WPA2_PSK],2025-12-3 15:23:36,6,-86,34.0613441,-117.1812286,384.60,1.50,WIFI
3A:9D:92:C0:1E:D0,DIRECT-Eo-EPSON-XP-6100 Series,[WPA2_PSK],2025-12-3 15:23:36,6,-87,34.0613441,-117.1812286,384.60,1.50,WIFI
70:70:8B:9D:C0:10,ODSecure,[WPA2],2025-12-3 15:23:36,6,-90,34.0613441,-117.1812286,384.60,1.50,WIFI
00:54:AF:59:E3:11,HotspotE311,[WPA_WPA2_PSK],2025-12-3 15:23:39,9,-71,34.0613480,-117.1809998,385.50,1.75,WIFI
42:37:86:0D:82:F1,ORBI57,[WPA2_PSK],2025-12-3 15:23:41,11,-75,34.0613480,-117.1809311,385.80,1.50,WIFI
46:37:86:0D:82:F1,,[WPA2_PSK],2025-12-3 15:23:41,11,-78,34.0613480,-117.1809311,385.80,1.50,WIFI
4A:37:86:0E:43:56,Whatiz-Guest ,[WPA_WPA2_PSK],2025-12-3 15:23:41,11,-80,34.0613480,-117.1809311,385.80,1.50,WIFI
42:37:86:0E:43:56,ORBI57,[WPA2_PSK],2025-12-3 15:23:41,11,-80,34.0613480,-117.1809311,385.80,1.50,WIFI
70:70:8B:25:C8:40,ODSecure,[WPA2],2025-12-3 15:23:41,11,-88,34.0613480,-117.1809311,385.80,1.50,WIFI
70:70:8B:91:33:48,,[WPA2_PSK],2025-12-3 15:23:41,11,-88,34.0613480,-117.1809311,385.80,1.50,WIFI
38:90:A5:FC:4F:70,ODSecure,[WPA2],2025-12-3 15:23:42,1,-91,34.0613480,-117.1809006,385.90,1.50,WIFI
CE:5E:F8:1E:67:70,DIRECT-70-HP M209 LaserJet,[WPA2_PSK],2025-12-3 15:23:50,6,-82,34.0613441,-117.1808548,386.60,1.50,WIFI
08:7B:12:4B:58:E6,SpectrumSetup-E0,[WPA2_PSK],2025-12-3 15:23:50,6,-91,34.0613441,-117.1808548,386.60,1.50,WIFI
4A:37:86:0D:82:F1,Whatiz-Guest ,[WPA_WPA2_PSK],2025-12-3 15:23:55,11,-76,34.0613403,-117.1808395,386.80,1.50,WIFI
EC:6E:79:05:9C:B1,2338,[WPA2_PSK],2025-12-3 15:23:55,11,-78,34.0613403,-117.1808395,386.80,1.50,WIFI
7C:0C:F6:3C:AC:E9,Dash-4508,[WPA2_PSK],2025-12-3 15:23:55,11,-78,34.0613403,-117.1808395,386.80,1.50,WIFI
70:70:8B:91:33:44,od_display,[WPA2_PSK],2025-12-3 15:23:55,11,-79,34.0613403,-117.1808395,386.80,1.50,WIFI
70:70:8B:91:33:40,ODSecure,[WPA2],2025-12-3 15:23:55,11,-80,34.0613403,-117.1808395,386.80,1.50,WIFI
70:70:8B:91:33:4A,ODSN,[WPA2_PSK],2025-12-3 15:23:55,11,-81,34.0613403,-117.1808395,386.80,1.50,WIFI
70:70:8B:25:C8:43,officedepot,[OPEN],2025-12-3 15:23:55,11,-86,34.0613403,-117.1808395,386.80,1.50,WIFI
70:70:8B:25:C8:48,DPSWiFi,[WPA2_PSK],2025-12-3 15:23:55,11,-87,34.0613403,-117.1808395,386.80,1.50,WIFI
70:70:8B:25:C8:44,od_display,[WPA2_PSK],2025-12-3 15:23:55,11,-87,34.0613403,-117.1808395,386.80,1.50,WIFI
70:70:8B:25:C8:4A,ODSN,[WPA2_PSK],2025-12-3 15:23:55,11,-87,34.0613403,-117.1808395,386.80,1.50,WIFI
70:70:8B:25:C8:45,retailops,[WPA2_PSK],2025-12-3 15:23:55,11,-92,34.0613403,-117.1808395,386.80,1.50,WIFI
40:2B:50:80:22:28,LunaFrontier6016,[WPA2_PSK],2025-12-3 15:23:55,11,-94,34.0613403,-117.1808395,386.80,1.50,WIFI
94:3C:96:F6:34:66,Frontier0027,[WPA2_PSK],2025-12-3 15:23:55,11,-94,34.0613403,-117.1808395,386.80,1.50,WIFI
FC:B2:D6:1A:78:CE,,[WPA_WPA2_PSK],2025-12-3 15:23:58,1,-89,34.0613403,-117.1807251,386.90,1.50,WIFI
D0:B2:C4:7F:63:BA,,[WPA2_PSK],2025-12-3 15:24:5,6,-74,34.0613747,-117.1800232,388.50,1.50,WIFI
C8:B8:2F:81:A2:E4,,[WPA3_PSK],2025-12-3 15:24:5,6,-81,34.0613747,-117.1800232,388.50,1.50,WIFI
C8:B8:2F:81:A2:E8,,[OPEN],2025-12-3 15:24:5,6,-82,34.0613747,-117.1800232,388.50,1.50,WIFI
C8:B8:2F:81:A2:E6,Chris WiFi extend,[WPA2_WPA3_PSK],2025-12-3 15:24:5,6,-83,34.0613747,-117.1800232,388.50,1.50,WIFI
D0:6D:C9:2E:3C:76,Frontier0948,[WPA2_PSK],2025-12-3 15:24:5,6,-85,34.0613747,-117.1800232,388.50,1.50,WIFI
84:1E:A3:BD:BF:16,SpectrumSetup-10,[WPA2_PSK],2025-12-3 15:24:5,6,-87,34.0613747,-117.1800232,388.50,1.50,WIFI
BC:E9:2F:78:91:F8,DIRECT-F7-HP OfficeJet Pro 6970,[WPA2_PSK],2025-12-3 15:24:5,6,-89,34.0613747,-117.1800232,388.50,1.50,WIFI
44:EB:2E:AC:45:00,TOYOTA Highlander_45002eac44eb,[WPA2_PSK],2025-12-3 15:24:8,9,-88,34.0613747,-117.1795731,390.90,1.50,WIFI
46:37:86:0E:43:56,,[WPA2_PSK],2025-12-3 15:24:10,11,-79,34.0613708,-117.1792603,392.80,1.50,WIFI
00:01:21:33:59:17,WCDB-WIFi,[WPA2_WPA3_PSK],2025-12-3 15:24:10,11,-87,34.0613708,-117.1792603,392.80,1.50,WIFI
D8:A7:56:70:DF:36,MySpectrumWiFi30-2G,[WPA2_PSK],2025-12-3 15:24:10,11,-90,34.0613708,-117.1792603,392.80,1.50,WIFI
B0:BB:E5:2A:E3:0E,SpectrumSetup-08,[WPA2_PSK],2025-12-3 15:24:13,1,-80,34.0613441,-117.1787567,395.00,1.50,WIFI
68:B5:99:8A:51:85,HP8A5185,[OPEN],2025-12-3 15:24:13,1,-88,34.0613441,-117.1787567,395.00,1.50,WIFI
94:CD:FD:96:3B:CF,NunuPowa Guest,[WPA2_PSK],2025-12-3 15:24:19,6,-65,34.0611534,-117.1774902,397.40,1.50,WIFI
94:CD:FD:96:3B:C6,Frontier5024,[WPA2_PSK],2025-12-3 15:24:19,6,-66,34.0611534,-117.1774902,397.40,1.50,WIFI
94:CD:FD:96:3B:C9,,[OPEN],2025-12-3 15:24:19,6,-69,34.0611534,-117.1774902,397.40,1.50,WIFI
94:CD:FD:96:3B:C3,,[WPA3_PSK],2025-12-3 15:24:19,6,-71,34.0611534,-117.1774902,397.40,1.50,WIFI
1E:5B:E1:85:39:DD,CHEVROLET2772,[WPA2_WPA3_PSK],2025-12-3 15:24:19,6,-75,34.0611534,-117.1774902,397.40,1.50,WIFI
90:D3:CF:91:69:B0,SpectrumSetup-69B3,[WPA2_PSK],2025-12-3 15:24:19,6,-76,34.0611534,-117.1774902,397.40,1.50,WIFI
A8:B0:88:1A:33:08,DodgerZone,[WPA2_PSK],2025-12-3 15:24:19,6,-80,34.0611534,-117.1774902,397.40,1.50,WIFI
A8:B0:88:1A:33:06,,[WPA3_PSK],2025-12-3 15:24:19,6,-81,34.0611534,-117.1774902,397.40,1.50,WIFI
A8:B0:88:1A:33:0A,,[OPEN],2025-12-3 15:24:19,6,-82,34.0611534,-117.1774902,397.40,1.50,WIFI
2C:D1:C6:61:85:0C,TOYOTA Camry_850CC6612CD1,[WPA2_PSK],2025-12-3 15:24:19,7,-79,34.0611534,-117.1774902,397.40,1.50,WIFI
FA:6D:CC:32:D0:AB,myChevrolet D0AB,[WPA2_PSK],2025-12-3 15:24:19,7,-88,34.0611534,-117.1774902,397.40,1.50,WIFI
7C:8B:CA:3E:74:B6,TRMextE2.4,[WPA2_PSK],2025-12-3 15:24:21,8,-77,34.0610504,-117.1770248,398.40,1.50,WIFI
4A:94:ED:29:EF:B2,Media,[WPA2_PSK],2025-12-3 15:24:21,8,-80,34.0610504,-117.1770248,398.40,1.50,WIFI
F8:08:4F:D4:74:56,MySpectrumWiFi50-2G,[WPA2_PSK],2025-12-3 15:24:24,11,-88,34.0608559,-117.1763153,399.90,1.50,WIFI
66:E2:20:C4:5D:A5,MBUX 62513,[WPA2_WPA3_PSK],2025-12-3 15:24:24,11,-91,34.0608559,-117.1763153,399.90,1.50,WIFI
2C:00:AB:DA:A4:78,Frontier5024,[WPA2_PSK],2025-12-3 15:24:24,11,-91,34.0608559,-117.1763153,399.90,1.50,WIFI
32:13:8B:C5:1A:3E,DIRECT-3E-HP OfficeJet 8010,[WPA2_PSK],2025-12-3 15:24:27,1,-79,34.0606041,-117.1755829,401.80,1.50,WIFI
B2:00:73:97:1D:B4,myChevrolet,[WPA2_PSK],2025-12-3 15:24:27,1,-83,34.0606041,-117.1755829,401.80,1.50,WIFI
DC:EF:09:9C:0C:59,NETGEAR03,[WPA2_PSK],2025-12-3 15:24:31,4,-87,34.0601845,-117.1745987,404.70,1.50,WIFI
02:54:AF:F5:A3:34,HotspotA334,[WPA_WPA2_PSK],2025-12-3 15:24:33,6,-77,34.0599480,-117.1741104,406.10,1.50,WIFI
18:A9:ED:7C:65:09,,[OPEN],2025-12-3 15:24:33,6,-79,34.0599480,-117.1741104,406.10,1.50,WIFI
4C:AB:F8:46:C3:D1,SpectrumSetup-D3,[WPA2_PSK],2025-12-3 15:24:33,6,-89,34.0599480,-117.1741104,406.10,1.50,WIFI
AC:86:74:B5:D1:02,PW- Guest,[WPA_WPA2_PSK],2025-12-3 15:24:33,6,-90,34.0599480,-117.1741104,406.10,1.50,WIFI
16:0C:6B:35:37:56,ORBI74,[WPA2_PSK],2025-12-3 15:24:36,9,-82,34.0595741,-117.1733627,407.90,1.50,WIFI
10:0C:6B:35:37:56,,[WPA2_PSK],2025-12-3 15:24:36,9,-85,34.0595741,-117.1733627,407.90,1.50,WIFI
38:08:FD:00:E8:CC,Silca-Futura_e8cc,[WEP],2025-12-3 15:24:36,9,-88,34.0595741,-117.1733627,407.90,1.50,WIFI
74:DA:88:94:EF:7B,TP-Link_EF7B,[WPA_WPA2_PSK],2025-12-3 15:24:37,10,-90,34.0594521,-117.1731186,408.50,1.50,WIFI
FC:3D:73:9C:72:83,,[WPA3_PSK],2025-12-3 15:24:38,11,-77,34.0593338,-117.1728745,409.10,1.50,WIFI
34:DB:9C:80:AD:C6,MySpectrumWiFic0-2G,[WPA2_PSK],2025-12-3 15:24:38,11,-79,34.0593338,-117.1728745,409.10,1.50,WIFI
40:70:09:69:FE:10,macias,[WPA2_PSK],2025-12-3 15:24:38,11,-85,34.0593338,-117.1728745,409.10,1.50,WIFI
C4:EB:39:7B:4E:E1,Frontier0458,[WPA2_PSK],2025-12-3 15:24:38,11,-85,34.0593338,-117.1728745,409.10,1.50,WIFI
BC:96:E5:39:53:44,zuzu,[WPA2_PSK],2025-12-3 15:24:38,11,-89,34.0593338,-117.1728745,409.10,1.50,WIFI
08:33:ED:BF:27:15,SpectrumSetup-17,[WPA2_PSK],2025-12-3 15:24:38,11,-91,34.0593338,-117.1728745,409.10,1.50,WIFI
54:07:7D:8B:35:45,Frontier1440_2GEXT,[WPA2_PSK],2025-12-3 15:24:41,1,-85,34.0589714,-117.1721497,410.90,1.50,WIFI
F0:9F:C2:D1:50:D6,Thrif T Lodge,[WPA2_PSK],2025-12-3 15:24:41,1,-85,34.0589714,-117.1721497,410.90,1.50,WIFI
F6:9F:C2:D1:50:D6,,[WPA2_PSK],2025-12-3 15:24:41,1,-87,34.0589714,-117.1721497,410.90,1.50,WIFI
20:3A:0C:C8:57:86,GonzalezWifi,[WPA2_PSK],2025-12-3 15:24:41,1,-87,34.0589714,-117.1721497,410.90,1.50,WIFI
18:60:41:07:6D:78,Teddyterror,[WPA2_WPA3_PSK],2025-12-3 15:24:41,1,-88,34.0589714,-117.1721497,410.90,1.50,WIFI
20:9A:7D:1F:A3:2E,Hello-Wifi,[WPA2_PSK],2025-12-3 15:24:41,1,-93,34.0589714,-117.1721497,410.90,1.50,WIFI
FC:DB:21:3C:1F:12,jbtrans,[WPA2_PSK],2025-12-3 15:24:47,6,-80,34.0582466,-117.1706772,413.10,1.50,WIFI
F8:55:CD:EB:69:1C,Hotspotk84h,[WPA_WPA2_PSK],2025-12-3 15:24:47,6,-85,34.0582466,-117.1706772,413.10,1.50,WIFI
A0:2D:13:35:A7:34,MejiaFambam,[WPA2_PSK],2025-12-3 15:24:47,6,-86,34.0582466,-117.1706772,413.10,1.50,WIFI
B0:19:21:58:32:D9,Moreno family,[WPA2_PSK],2025-12-3 15:24:50,9,-87,34.0578537,-117.1698914,413.60,1.50,WIFI
44:AD:B1:41:62:B6,SpectrumSetup-B0,[WPA2_PSK],2025-12-3 15:24:52,11,-91,34.0575752,-117.1693268,413.90,1.50,WIFI
A0:89:66:9D:A1:F8,,[WPA_WPA2_PSK],2025-12-3 15:24:55,1,-80,34.0571442,-117.1684647,414.60,1.50,WIFI
34:53:D2:F0:1F:35,SpectrumSetup-2F,[WPA2_PSK],2025-12-3 15:24:55,1,-80,34.0571442,-117.1684647,414.60,1.50,WIFI
D8:CF:61:37:3E:27,SotoInternet,[WPA2_WPA3_PSK],2025-12-3 15:24:55,1,-85,34.0571442,-117.1684647,414.60,1.50,WIFI
94:CD:FD:B6:99:83,,[WPA3_PSK],2025-12-3 15:24:55,1,-85,34.0571442,-117.1684647,414.60,1.50,WIFI
00:C8:96:CD:4B:D2,,[WPA_WPA2_PSK],2025-12-3 15:24:55,1,-86,34.0571442,-117.1684647,414.60,1.50,WIFI
F4:05:95:D6:35:C9,SpectrumSetup-C3,[WPA2_PSK],2025-12-3 15:24:55,1,-87,34.0571442,-117.1684647,414.60,1.50,WIFI
FC:DB:21:71:21:2C,New Legend Inc Hotspot,[WPA2_WPA3_PSK],2025-12-3 15:25:1,6,-79,34.0562897,-117.1667252,416.00,1.50,WIFI
D4:3F:32:8B:9A:A6,Frontier2448_5G,[WPA2_PSK],2025-12-3 15:25:6,11,-82,34.0555458,-117.1652985,418.70,1.50,WIFI
08:7B:12:44:20:F6,Frontier0415,[WPA2_PSK],2025-12-3 15:25:6,11,-85,34.0555458,-117.1652985,418.70,1.50,WIFI
58:2F:F7:F5:94:CE,SpectrumSetup-C8,[WPA2_PSK],2025-12-3 15:25:6,11,-86,34.0555458,-117.1652985,418.70,1.50,WIFI
38:17:B1:6F:DA:66,ATTPJD,[WPA2_PSK],2025-12-3 15:25:6,11,-91,34.0555458,-117.1652985,418.70,1.50,WIFI
02:24:A5:C6:21:06,myChevrolet 6952,[WPA2_PSK],2025-12-3 15:25:9,1,-83,34.0550308,-117.1644897,420.80,1.50,WIFI
4C:22:F3:5F:FC:AB,Verizon_TKJ4R4,[WPA2_PSK],2025-12-3 15:25:9,1,-88,34.0550308,-117.1644897,420.80,1.50,WIFI
A0:89:66:F9:11:F9,,[WPA_WPA2_PSK],2025-12-3 15:25:9,1,-94,34.0550308,-117.1644897,420.80,1.50,WIFI
CC:B8:5E:A1:E0:0A,@OK-0440113,[OPEN],2025-12-3 15:25:11,2,-84,34.0546608,-117.1639786,422.40,1.50,WIFI
D8:44:89:A0:6F:FA,,[WPA2_PSK],2025-12-3 15:25:13,4,-81,34.0542603,-117.1634979,424.20,1.50,WIFI
DA:24:89:A0:6F:FA,HQMesh,[WPA2_PSK],2025-12-3 15:25:13,4,-84,34.0542603,-117.1634979,424.20,1.50,WIFI
D8:44:89:A0:6F:36,,[WPA2_PSK],2025-12-3 15:25:13,4,-92,34.0542603,-117.1634979,424.20,1.50,WIFI
32:B4:B8:E8:16:C8,My VW 4282,[WPA2_PSK],2025-12-3 15:25:15,6,-77,34.0538368,-117.1630402,426.10,1.50,WIFI
28:38:5C:30:E4:45,HotspotnNUE,[WPA_WPA2_PSK],2025-12-3 15:25:15,6,-83,34.0538368,-117.1630402,426.10,1.50,WIFI
F4:05:95:D6:E8:34,SpectrumSetup-2E,[WPA2_PSK],2025-12-3 15:25:15,6,-87,34.0538368,-117.1630402,426.10,1.50,WIFI
12:E8:A7:A7:61:DF,myGMChf,[WPA2_PSK],2025-12-3 15:25:16,7,-90,34.0536194,-117.1628265,427.10,1.50,WIFI
24:41:FE:94:27:92,Chocolate Chip Chillapuccino,[WPA2_PSK],2025-12-3 15:25:23,1,-86,34.0519981,-117.1614914,435.80,1.50,WIFI
CE:22:26:B3:33:C8,myChevrolet3242,[WPA2_PSK],2025-12-3 15:25:23,1,-92,34.0519981,-117.1614914,435.80,1.50,WIFI
7E:B2:75:DC:D1:82,CHEVROLET7088,[WPA2_WPA3_PSK],2025-12-3 15:25:29,6,-71,34.0506096,-117.1603851,443.10,1.50,WIFI
28:38:5C:72:E3:B5,Hotspot82jR,[WPA_WPA2_PSK],2025-12-3 15:25:29,6,-83,34.0506096,-117.1603851,443.10,1.50,WIFI
4C:AB:F8:E3:26:8F,SpectrumSetup-91,[WPA2_PSK],2025-12-3 15:25:29,6,-84,34.0506096,-117.1603851,443.10,1.50,WIFI
84:1E:A3:21:A5:7E,paulichang,[WPA2_PSK],2025-12-3 15:25:29,6,-89,34.0506096,-117.1603851,443.10,1.50,WIFI
34:98:B5:9E:12:0F,PNet88,[WPA2_PSK],2025-12-3 15:25:30,7,-82,34.0503807,-117.1602097,444.30,1.50,WIFI
58:96:71:41:7F:F6,CDY-RealEstate.com,[WPA2_PSK],2025-12-3 15:25:37,1,-88,34.0487785,-117.1589890,452.40,1.50,WIFI
F8:AA:3F:CE:6E:8B,TekinManor,[WPA2_PSK],2025-12-3 15:25:37,1,-90,34.0487785,-117.1589890,452.40,1.50,WIFI
BC:82:5D:CF:94:6E,Eugina,[WPA2_PSK],2025-12-3 15:25:37,1,-92,34.0487785,-117.1589890,452.40,1.50,WIFI
7C:9E:BD:A0:33:E9,IOSiX ELD; 7C9EBDA033EA,[WPA2_PSK],2025-12-3 15:25:43,6,-89,34.0473404,-117.1581955,458.70,1.50,WIFI
12:E8:A7:B6:E0:DF,myCadillac e0df,[WPA2_PSK],2025-12-3 15:25:43,6,-89,34.0473404,-117.1581955,458.70,1.50,WIFI
CE:57:63:6B:84:43,TOYOTA Tundra-2.4g_6b8443,[WPA2_PSK],2025-12-3 15:25:43,6,-90,34.0473404,-117.1581955,458.70,1.50,WIFI
9A:49:14:2C:3D:53,G,[WPA2_PSK],2025-12-3 15:25:48,11,-89,34.0461464,-117.1576767,462.10,1.50,WIFI
2E:52:F1:F1:E4:0A,Galaxy Tab A9+ 5G 6659,[WPA2_PSK],2025-12-3 15:25:51,1,-69,34.0454407,-117.1573792,463.30,1.50,WIFI
18:A5:FF:05:5B:4A,TMOBILE-5B48,[WPA2_WPA3_PSK],2025-12-3 15:25:56,5,-82,34.0443039,-117.1568909,465.20,1.50,WIFI
F0:9F:C2:77:22:C9,CHURCHONTHEHILL,[WPA2_WPA3_PSK],2025-12-3 15:25:57,6,-77,34.0440826,-117.1567993,465.60,1.50,WIFI
28:80:88:43:34:5E,NETGEAR10,[WPA2_PSK],2025-12-3 15:26:0,9,-80,34.0434227,-117.1565018,466.90,1.50,WIFI
00:54:AF:AA:F5:0E,HotspotF50E,[WPA_WPA2_PSK],2025-12-3 15:26:0,9,-89,34.0434227,-117.1565018,466.90,1.50,WIFI
8A:15:04:2D:60:31,PFCG,[WPA2_PSK],2025-12-3 15:26:3,1,-84,34.0427284,-117.1561661,468.10,1.50,WIFI
00:54:AF:D0:D1:C3,HotspotD1C3,[WPA_WPA2_PSK],2025-12-3 15:26:3,1,-88,34.0427284,-117.1561661,468.10,1.50,WIFI
04:17:B6:ED:A6:F2,,[WPA_WPA2_PSK],2025-12-3 15:26:7,2,-90,34.0417252,-117.1556778,469.60,1.50,WIFI
3C:5C:F1:F6:DA:82,,[WPA3_PSK],2025-12-3 15:26:11,6,-74,34.0406799,-117.1550446,470.20,1.50,WIFI
3C:5C:F1:F6:DA:86,,[OPEN],2025-12-3 15:26:11,6,-74,34.0406799,-117.1550446,470.20,1.50,WIFI
3C:5C:F1:F6:DA:84,SalinasCounseling,[WPA2_PSK],2025-12-3 15:26:11,6,-74,34.0406799,-117.1550446,470.20,1.50,WIFI
3C:5C:F1:F6:DA:8A,SalinasCounselingGuest,[WPA2_PSK],2025-12-3 15:26:11,6,-74,34.0406799,-117.1550446,470.20,1.50,WIFI
74:93:DA:A3:9C:65,SpectrumSetup-67,[WPA2_PSK],2025-12-3 15:26:11,6,-79,34.0406799,-117.1550446,470.20,1.50,WIFI
2E:DC:AD:FC:10:48,DIRECT-Kj-myChevrolet,[WPA2_PSK],2025-12-3 15:26:11,6,-85,34.0406799,-117.1550446,470.20,1.50,WIFI
64:C2:69:EC:55:A7,,[OPEN],2025-12-3 15:26:11,6,-88,34.0406799,-117.1550446,470.20,1.50,WIFI
68:14:01:47:34:7A,DIRECT-7A-HP M506 LaserJet,[WPA2_PSK],2025-12-3 15:26:11,6,-89,34.0406799,-117.1550446,470.20,1.50,WIFI
18:A5:A1:FD:D2:92,Jairon2,[WPA_WPA2_PSK],2025-12-3 15:26:11,6,-90,34.0406799,-117.1550446,470.20,1.50,WIFI
90:BF:D9:07:8F:31,,[WPA_WPA2_PSK],2025-12-3 15:26:13,8,-87,34.0401764,-117.1546555,470.60,1.50,WIFI
72:7F:F0:01:E9:6D,,[WPA2_PSK],2025-12-3 15:26:15,10,-92,34.0396881,-117.1542206,471.40,1.50,WIFI
72:7F:F0:01:E9:6E,SmileGuest1,[WPA2_WPA3_PSK],2025-12-3 15:26:15,10,-94,34.0396881,-117.1542206,471.40,1.50,WIFI
B4:B2:E9:6A:A6:48,BP Private WiFi,[WPA2_PSK],2025-12-3 15:26:16,11,-86,34.0394516,-117.1539917,471.70,1.50,WIFI
F8:08:4F:D3:8E:5E,MySpectrumWiFi58-2G,[WPA2_PSK],2025-12-3 15:26:16,11,-86,34.0394516,-117.1539917,471.70,1.50,WIFI
B4:B2:E9:6A:A6:49,BP-Private,[WPA2_PSK],2025-12-3 15:26:16,11,-87,34.0394516,-117.1539917,471.70,1.50,WIFI
B4:B2:E9:6A:A6:4A,BP-Public,[WPA2_PSK],2025-12-3 15:26:16,11,-88,34.0394516,-117.1539917,471.70,1.50,WIFI
54:47:CC:F5:A7:D6,Frontier0594,[WPA2_PSK],2025-12-3 15:26:16,11,-92,34.0394516,-117.1539917,471.70,1.50,WIFI
FC:3D:73:9F:10:49,,[OPEN],2025-12-3 15:26:18,1,-68,34.0390053,-117.1535034,472.30,1.50,WIFI
FC:3D:73:9F:10:46,Frontier1,[WPA2_PSK],2025-12-3 15:26:18,1,-70,34.0390053,-117.1535034,472.30,1.50,WIFI
68:C9:0B:04:41:35,SMA1990086313,[WPA2_PSK],2025-12-3 15:26:22,3,-94,34.0382042,-117.1524277,475.10,1.50,WIFI
8A:D8:1B:C4:22:BA,,[WPA2_PSK],2025-12-3 15:26:23,4,-93,34.0380249,-117.1521301,475.80,1.50,WIFI
F0:7B:65:86:1C:02,SpectrumSetup-1BFC,[WPA2_PSK],2025-12-3 15:26:25,6,-85,34.0376778,-117.1515350,477.60,1.50,WIFI
9C:A5:70:4E:4C:63,,[WPA3_PSK],2025-12-3 15:26:25,6,-85,34.0376778,-117.1515350,477.60,1.50,WIFI
62:64:0B:91:81:E7,GMC9358,[WPA2_WPA3_PSK],2025-12-3 15:26:25,6,-87,34.0376778,-117.1515350,477.60,1.50,WIFI
B4:20:46:E0:21:66,Matter Of Matthews,[WPA2_PSK],2025-12-3 15:26:25,6,-87,34.0376778,-117.1515350,477.60,1.50,WIFI
7C:2E:BD:74:93:92,googlehome,[WPA2_PSK],2025-12-3 15:26:25,6,-92,34.0376778,-117.1515350,477.60,1.50,WIFI
00:54:AF:B7:31:4D,Hotspot314D,[WPA_WPA2_PSK],2025-12-3 15:26:30,11,-81,34.0368576,-117.1500015,482.30,1.50,WIFI
B0:6A:41:FF:54:7D,setup547D0,[WPA2_PSK],2025-12-3 15:26:30,11,-89,34.0368576,-117.1500015,482.30,1.50,WIFI
EE:F5:D2:35:8A:D6,CHEVROLET9433,[WPA2_WPA3_PSK],2025-12-3 15:26:39,6,-78,34.0355492,-117.1469574,493.50,1.50,WIFI
00:54:AF:B2:A6:D9,HotspotA6D9,[WPA_WPA2_PSK],2025-12-3 15:26:39,6,-91,34.0355492,-117.1469574,493.50,1.50,WIFI
74:90:BC:B2:35:57,Verizon_4GF3K6,[WPA2_PSK],2025-12-3 15:26:39,6,-91,34.0355492,-117.1469574,493.50,1.50,WIFI
34:98:B5:DC:CB:1F,,[WPA2_PSK],2025-12-3 15:26:43,10,-94,34.0350647,-117.1455307,497.70,1.50,WIFI
58:96:71:8A:6A:D0,ATTskVHFCH,[WPA2_PSK],2025-12-3 15:26:44,11,-85,34.0349617,-117.1451645,498.90,1.50,WIFI
4C:AB:F8:05:3B:02,SpectrumSetup-04,[WPA2_PSK],2025-12-3 15:26:44,11,-86,34.0349617,-117.1451645,498.90,1.50,WIFI
20:BE:CD:4E:48:A4,,[WPA3_PSK],2025-12-3 15:26:44,11,-86,34.0349617,-117.1451645,498.90,1.50,WIFI
78:76:89:02:55:CA,,[OPEN],2025-12-3 15:26:44,11,-86,34.0349617,-117.1451645,498.90,1.50,WIFI
78:76:89:02:55:C7,The MysteryMachine,[WPA2_PSK],2025-12-3 15:26:44,11,-86,34.0349617,-117.1451645,498.90,1.50,WIFI
78:76:89:02:55:C4,,[WPA3_PSK],2025-12-3 15:26:44,11,-87,34.0349617,-117.1451645,498.90,1.50,WIFI
40:47:5E:20:3D:C3,,[WPA3_PSK],2025-12-3 15:26:44,11,-88,34.0349617,-117.1451645,498.90,1.50,WIFI
5C:18:DD:F9:21:34,,[WPA_WPA2_PSK],2025-12-3 15:26:44,11,-91,34.0349617,-117.1451645,498.90,1.50,WIFI
60:32:B1:FA:AE:DE,FBI Surveillance Van 3,[WPA2_PSK],2025-12-3 15:26:56,9,-91,34.0337753,-117.1408310,515.30,1.50,WIFI
66:32:B1:FA:AE:DE,,[WPA2_PSK],2025-12-3 15:26:56,9,-92,34.0337753,-117.1408310,515.30,1.50,WIFI
46:E4:EE:68:B6:B5,myGMC,[WPA2_PSK],2025-12-3 15:26:58,11,-87,34.0335655,-117.1401367,518.10,1.50,WIFI
22:AD:56:AD:E1:37,HotspotE137,[WPA_WPA2_PSK],2025-12-3 15:26:58,11,-87,34.0335655,-117.1401367,518.10,1.50,WIFI
2A:03:EB:E0:6F:D3,myChevrolet 8454,[WPA2_PSK],2025-12-3 15:26:58,11,-90,34.0335655,-117.1401367,518.10,1.50,WIFI
FC:DB:21:21:B0:5E,S_ELD_HS,[WPA2_PSK],2025-12-3 15:27:7,6,-89,34.0324173,-117.1371613,530.80,1.50,WIFI
7C:0C:F6:0B:BE:B0,Dash-8208,[WPA2_PSK],2025-12-3 15:27:12,11,-89,34.0317421,-117.1356506,537.60,1.50,WIFI
C4:A6:4E:B7:3E:3E,LT01_A_VANTRUE_1514,[WPA2_PSK],2025-12-3 15:27:12,11,-90,34.0317421,-117.1356506,537.60,1.50,WIFI
64:05:E4:22:66:8E,CarPlay_668e,[WPA2_PSK],2025-12-3 15:27:14,1,-93,34.0314751,-117.1350403,540.40,1.50,WIFI
28:38:5C:98:26:5B,HotspotKxci,[WPA_WPA2_PSK],2025-12-3 15:27:21,6,-65,34.0305748,-117.1328964,550.10,1.50,WIFI
FC:DB:21:2F:97:52,SamsaraWifi,[WPA2_PSK],2025-12-3 15:27:21,6,-72,34.0305748,-117.1328964,550.10,1.50,WIFI
00:54:AF:86:1C:EE,Hotspot1CEE,[WPA_WPA2_PSK],2025-12-3 15:27:23,8,-80,34.0303535,-117.1323013,552.80,1.50,WIFI
3A:98:B5:FD:30:2D,BJZSR,[WPA2_WPA3_PSK],2025-12-3 15:27:32,3,-92,34.0293236,-117.1297913,564.60,1.50,WIFI
F6:F7:75:A7:1A:81,GMC5807,[WPA2_WPA3_PSK],2025-12-3 15:27:35,6,-79,34.0288925,-117.1289520,568.90,1.50,WIFI
78:61:7C:31:69:58,WiFi Hotspot 7430,[WPA2_PSK],2025-12-3 15:27:35,6,-84,34.0288925,-117.1289520,568.90,1.50,WIFI
4C:A3:8F:09:0E:DC,8D3012AC,[WPA2_PSK],2025-12-3 15:27:42,1,-78,34.0280495,-117.1268616,579.70,1.50,WIFI
00:26:B4:9F:57:07,SYNC_YU1M023W,[WPA2_PSK],2025-12-3 15:27:42,1,-89,34.0280495,-117.1268616,579.70,1.50,WIFI
8C:3B:AD:97:D1:AD,ngHub_319484NU021E7,[WPA2_PSK],2025-12-3 15:27:42,1,-93,34.0280495,-117.1268616,579.70,1.50,WIFI
42:98:B5:FD:30:2D,ORBI94-IoT,[WPA_WPA2_PSK],2025-12-3 15:27:46,3,-91,34.0278358,-117.1256409,584.50,1.50,WIFI
5C:FA:25:DB:25:AA,SpectrumSetup-A4,[WPA2_PSK],2025-12-3 15:27:49,6,-79,34.0276871,-117.1246948,587.70,1.50,WIFI
FA:6D:CC:C1:8B:40,myGMC 8B40,[WPA2_PSK],2025-12-3 15:27:50,7,-86,34.0276375,-117.1243744,588.40,1.50,WIFI
F0:7B:65:E7:64:F6,SpectrumSetup-64F0,[WPA2_PSK],2025-12-3 15:27:54,11,-83,34.0274277,-117.1231537,589.60,1.50,WIFI
20:3A:0C:7F:74:83,,[WPA3_PSK],2025-12-3 15:27:54,11,-86,34.0274277,-117.1231537,589.60,1.50,WIFI
20:3A:0C:7F:74:86,Mom J,[WPA2_PSK],2025-12-3 15:27:54,11,-86,34.0274277,-117.1231537,589.60,1.50,WIFI
20:3A:0C:7F:74:89,,[OPEN],2025-12-3 15:27:54,11,-89,34.0274277,-117.1231537,589.60,1.50,WIFI
02:54:AF:FF:C8:8E,HotspotC88E,[WPA_WPA2_PSK],2025-12-3 15:27:54,11,-90,34.0274277,-117.1231537,589.60,1.50,WIFI
F8:08:4F:D8:AE:1E,MySpectrumWiFi18-2G,[WPA2_PSK],2025-12-3 15:27:54,11,-92,34.0274277,-117.1231537,589.60,1.50,WIFI
14:7D:05:B8:0F:C9,SpectrumSetup-C7,[WPA2_PSK],2025-12-3 15:27:56,1,-83,34.0273056,-117.1225815,589.60,1.50,WIFI
14:7D:05:B4:9C:49,SpectrumSetup-47,[WPA2_PSK],2025-12-3 15:27:56,1,-86,34.0273056,-117.1225815,589.60,1.50,WIFI
F0:81:75:CD:A8:96,SpectrumSetup-90,[WPA2_PSK],2025-12-3 15:27:56,1,-86,34.0273056,-117.1225815,589.60,1.50,WIFI
F0:AB:54:41:1D:5A,OCRPWiFi,[WPA2_PSK],2025-12-3 15:27:56,1,-91,34.0273056,-117.1225815,589.60,1.50,WIFI
BA:B0:24:9E:54:DE,,[WPA2_PSK],2025-12-3 15:27:59,2,-87,34.0271149,-117.1217728,589.90,1.50,WIFI
C0:C9:E3:C8:7F:22,Blough,[WPA2_PSK],2025-12-3 15:27:59,2,-87,34.0271149,-117.1217728,589.90,1.50,WIFI
50:91:E3:A5:F4:B4,Kaliko,[WPA2_PSK],2025-12-3 15:28:0,3,-83,34.0270462,-117.1215210,590.30,1.50,WIFI
EA:C2:29:08:3B:95,CHEVROLET3506,[WPA2_WPA3_PSK],2025-12-3 15:28:3,6,-83,34.0268250,-117.1208191,593.00,1.50,WIFI
56:D0:00:32:5A:B5,CHEVROLET5845,[WPA2_WPA3_PSK],2025-12-3 15:28:3,6,-85,34.0268250,-117.1208191,593.00,1.50,WIFI
48:DD:0C:A3:4D:07,,[OPEN],2025-12-3 15:28:3,6,-85,34.0268250,-117.1208191,593.00,1.50,WIFI
48:DD:0C:A3:4D:05,Whitty,[WPA2_PSK],2025-12-3 15:28:3,6,-85,34.0268250,-117.1208191,593.00,1.50,WIFI
48:DD:0C:A3:4D:03,,[WPA3_PSK],2025-12-3 15:28:3,6,-86,34.0268250,-117.1208191,593.00,1.50,WIFI
00:30:44:5A:5D:9C,IBR600C-d9b,[WPA2_PSK],2025-12-3 15:28:3,6,-87,34.0268250,-117.1208191,593.00,1.50,WIFI
4A:A2:E6:31:1A:1F,NewThermostat_311A1F,[OPEN],2025-12-3 15:28:3,6,-88,34.0268250,-117.1208191,593.00,1.50,WIFI
9C:DF:03:A9:48:8F,MB WLAN 93623,[WPA_WPA2_PSK],2025-12-3 15:28:3,6,-92,34.0268250,-117.1208191,593.00,1.50,WIFI
30:FD:38:EE:AF:34,burkfam,[WPA2_PSK],2025-12-3 15:28:3,6,-92,34.0268250,-117.1208191,593.00,1.50,WIFI
24:94:CB:F0:73:A0,Frontier2832,[WPA2_PSK],2025-12-3 15:28:8,11,-82,34.0265121,-117.1199265,598.90,1.50,WIFI
CC:58:30:65:80:97,TMOBILE-8091,[WPA2_WPA3_PSK],2025-12-3 15:28:11,1,-78,34.0264359,-117.1196365,599.50,1.50,WIFI
38:35:FB:E3:70:5E,MySpectrumWiFi58-2G,[WPA2_PSK],2025-12-3 15:28:11,1,-87,34.0264359,-117.1196365,599.50,1.50,WIFI
20:23:51:EB:8D:E6,Cueva,[WPA2_WPA3_PSK],2025-12-3 15:28:13,2,-81,34.0264702,-117.1195068,599.60,1.50,WIFI
62:23:51:EB:8D:E6,Cueva_IoT,[WPA2_WPA3_PSK],2025-12-3 15:28:13,2,-81,34.0264702,-117.1195068,599.60,1.50,WIFI
74:FE:CE:A6:F2:F4,Ou812,[WPA2_PSK],2025-12-3 15:28:13,2,-88,34.0264702,-117.1195068,599.60,1.50,WIFI
44:27:F3:15:69:AA,70mai_d02_69aa,[WPA_WPA2_PSK],2025-12-3 15:28:14,3,-90,34.0265160,-117.1194458,599.70,1.50,WIFI
72:CD:D6:1F:8E:24,,[WPA2_PSK],2025-12-3 15:28:14,3,-90,34.0265160,-117.1194458,599.70,1.50,WIFI
AC:DF:9F:73:AE:F4,TMOBILE-AEF2,[WPA2_WPA3_PSK],2025-12-3 15:28:16,5,-78,34.0266495,-117.1193771,599.90,1.50,WIFI
28:EC:22:47:F2:49,,[OPEN],2025-12-3 15:28:17,6,-75,34.0267372,-117.1193314,599.90,1.50,WIFI
00:0A:99:86:37:3C,52421,[WPA_PSK],2025-12-3 15:28:17,6,-80,34.0267372,-117.1193314,599.90,1.50,WIFI
D4:20:B0:A2:2F:DD,,[WPA2_PSK],2025-12-3 15:28:17,6,-82,34.0267372,-117.1193314,599.90,1.50,WIFI
02:54:AF:D2:D3:79,HotspotD379,[WPA_WPA2_PSK],2025-12-3 15:28:17,6,-83,34.0267372,-117.1193314,599.90,1.50,WIFI
E4:19:7F:6A:FB:8F,Pope 2 Guest,[WPA2_PSK],2025-12-3 15:28:17,6,-83,34.0267372,-117.1193314,599.90,1.50,WIFI
E4:19:7F:6A:FB:86,Pope 2,[WPA2_PSK],2025-12-3 15:28:17,6,-83,34.0267372,-117.1193314,599.90,1.50,WIFI
32:E0:96:08:E8:27,,[WPA2_PSK],2025-12-3 15:28:17,6,-85,34.0267372,-117.1193314,599.90,1.50,WIFI
14:7D:05:E6:94:D3,SpectrumSetup-F8,[WPA2_PSK],2025-12-3 15:28:17,6,-88,34.0267372,-117.1193314,599.90,1.50,WIFI
04:F0:21:A0:25:F0,,[WPA2_PSK],2025-12-3 15:28:17,6,-89,34.0267372,-117.1193314,599.90,1.50,WIFI
2C:67:BE:12:DB:11,SpectrumSetup-DB0D,[WPA2_PSK],2025-12-3 15:28:17,6,-92,34.0267372,-117.1193314,599.90,1.50,WIFI
7C:DB:98:2C:9B:4F,MySpectrumWiFi51-2G,[WPA2_PSK],2025-12-3 15:28:23,11,-83,34.0274200,-117.1190109,599.90,1.50,WIFI
EA:38:83:13:1A:5A,,[WPA2_PSK],2025-12-3 15:28:26,1,-76,34.0277596,-117.1187592,599.90,1.50,WIFI
E4:38:83:13:1A:5A,,[WPA2_WPA3_PSK],2025-12-3 15:28:26,1,-79,34.0277596,-117.1187592,599.90,1.50,WIFI
F2:38:83:13:1A:5A,,[WPA2_PSK],2025-12-3 15:28:26,1,-80,34.0277596,-117.1187592,599.90,1.50,WIFI
EE:38:83:13:1A:5A,bkrsiot,[WPA2_PSK],2025-12-3 15:28:26,1,-81,34.0277596,-117.1187592,599.90,1.50,WIFI
A8:3A:79:F5:B3:D4,CK_MGR,[WPA2_PSK],2025-12-3 15:28:26,1,-83,34.0277596,-117.1187592,599.90,1.50,WIFI
CA:09:0D:AB:C2:D0,ValTazca-1967,[WPA2_PSK],2025-12-3 15:28:27,2,-82,34.0278702,-117.1186523,600.20,1.50,WIFI
B4:B0:24:9E:54:DE,Danny Boy,[WPA2_PSK],2025-12-3 15:28:27,2,-83,34.0278702,-117.1186523,600.20,1.50,WIFI
00:54:AF:8D:D7:D7,HotspotD7D7,[WPA_WPA2_PSK],2025-12-3 15:28:28,3,-73,34.0279770,-117.1185379,600.60,1.50,WIFI
F2:A7:31:47:5B:84,Robots,[WPA2_PSK],2025-12-3 15:28:29,4,-82,34.0280800,-117.1184006,601.20,1.50,WIFI
70:F1:96:B5:1A:77,MOBIL,[WPA_WPA2_PSK],2025-12-3 15:28:31,6,-73,34.0282631,-117.1180954,602.60,1.50,WIFI
0C:83:CC:F0:F9:3B,tlf0f93b,[WPA2_PSK],2025-12-3 15:28:31,6,-77,34.0282631,-117.1180954,602.60,1.50,WIFI
9A:30:66:58:C4:CD,VZ-YUC-GST,[WPA2_WPA3_PSK],2025-12-3 15:28:31,6,-77,34.0282631,-117.1180954,602.60,1.50,WIFI
F8:DA:0C:86:31:82,WIFI86317F,[WPA2_PSK],2025-12-3 15:28:31,6,-81,34.0282631,-117.1180954,602.60,1.50,WIFI
92:30:66:58:C4:CD,WPI-Yucaipa-Dev,[WPA2_WPA3_PSK],2025-12-3 15:28:31,6,-82,34.0282631,-117.1180954,602.60,1.50,WIFI
B0:19:21:E4:83:B0,TP-Link_83B0,[WPA2_PSK],2025-12-3 15:28:34,9,-79,34.0284615,-117.1175537,604.60,1.50,WIFI
B2:19:21:A4:83:B0,,[WPA2_PSK],2025-12-3 15:28:34,9,-83,34.0284615,-117.1175537,604.60,1.50,WIFI
84:A0:6E:A0:6F:C6,MySpectrumWiFic0-2G,[WPA2_PSK],2025-12-3 15:28:36,11,-65,34.0285645,-117.1171417,605.90,1.50,WIFI
30:93:BC:7D:19:06,MySpectrumWiFi00-2G,[WPA2_PSK],2025-12-3 15:28:36,11,-69,34.0285645,-117.1171417,605.90,1.50,WIFI
E4:55:A8:2B:E4:26,serviceswifi,[WPA2_PSK],2025-12-3 15:28:36,11,-88,34.0285645,-117.1171417,605.90,1.50,WIFI
84:A0:6E:C8:72:B6,MySpectrumWiFib0-2G,[WPA2_PSK],2025-12-3 15:28:38,1,-67,34.0286674,-117.1167221,607.60,1.50,WIFI
74:37:5F:CE:90:3F,SpectrumSetup-3D,[WPA2_PSK],2025-12-3 15:28:38,1,-67,34.0286674,-117.1167221,607.60,1.50,WIFI
B0:D8:88:96:43:A2,TOYOTA Camry_43a28896b0d8,[WPA2_PSK],2025-12-3 15:28:38,1,-82,34.0286674,-117.1167221,607.60,1.50,WIFI
74:37:5F:39:E0:D3,SpectrumSetup-D1,[WPA2_PSK],2025-12-3 15:28:38,1,-83,34.0286674,-117.1167221,607.60,1.50,WIFI
60:22:32:E6:86:BE,Ono-073AP,[WPA2_PSK],2025-12-3 15:28:38,1,-84,34.0286674,-117.1167221,607.60,1.50,WIFI
C2:55:A8:2B:E4:1F,IRT Wifi,[WPA2_PSK],2025-12-3 15:28:38,1,-87,34.0286674,-117.1167221,607.60,1.50,WIFI
CE:55:A8:2B:E4:1F,WKFMTB WiFi,[WPA2_PSK],2025-12-3 15:28:38,1,-88,34.0286674,-117.1167221,607.60,1.50,WIFI
D4:20:B0:A2:2E:8A,CFA Private Wi-Fi,[WPA2],2025-12-3 15:28:38,1,-88,34.0286674,-117.1167221,607.60,1.50,WIFI
EE:55:A8:2B:E4:1F,Taco Bell WiFi,[OPEN],2025-12-3 15:28:38,1,-89,34.0286674,-117.1167221,607.60,1.50,WIFI
EA:55:A8:2B:E4:1F,vendorwifi,[WPA2_PSK],2025-12-3 15:28:38,1,-89,34.0286674,-117.1167221,607.60,1.50,WIFI
D4:20:B0:A2:2E:8B,,[WPA2_PSK],2025-12-3 15:28:38,1,-92,34.0286674,-117.1167221,607.60,1.50,WIFI
10:56:CA:E3:97:64,GoEnergy-60C0,[WPA2_PSK],2025-12-3 15:28:42,3,-80,34.0288658,-117.1158905,610.20,1.50,WIFI
0A:33:ED:9C:ED:2E,,[WPA2_WPA3_PSK],2025-12-3 15:28:44,4,-70,34.0289688,-117.1154785,612.70,1.50,WIFI
08:33:ED:8C:ED:2E,ATT-WIFI-6371,[WPA2_WPA3_PSK],2025-12-3 15:28:44,4,-71,34.0289688,-117.1154785,612.70,1.50,WIFI
AC:15:A2:74:D5:84,Yucaipa Dental,[WPA_WPA2_PSK],2025-12-3 15:28:46,6,-60,34.0290680,-117.1150894,614.30,1.50,WIFI
B2:15:A2:74:D5:84,Yucaipa Dental Guest WiFi,[WPA2_PSK],2025-12-3 15:28:46,6,-60,34.0290680,-117.1150894,614.30,1.50,WIFI
B2:15:A2:74:D5:90,Yucaipa Dental Guest WiFi,[WPA2_PSK],2025-12-3 15:28:46,6,-63,34.0290680,-117.1150894,614.30,1.50,WIFI
AC:15:A2:74:D5:90,Yucaipa Dental,[WPA_WPA2_PSK],2025-12-3 15:28:46,6,-64,34.0290680,-117.1150894,614.30,1.50,WIFI
B2:15:A2:74:D5:7A,Yucaipa Dental Guest WiFi,[WPA2_PSK],2025-12-3 15:28:46,6,-71,34.0290680,-117.1150894,614.30,1.50,WIFI
AC:15:A2:74:D5:7A,Yucaipa Dental,[WPA_WPA2_PSK],2025-12-3 15:28:46,6,-73,34.0290680,-117.1150894,614.30,1.50,WIFI
74:93:DA:92:6C:49,La Mexicana,[WPA2_PSK],2025-12-3 15:28:46,6,-81,34.0290680,-117.1150894,614.30,1.50,WIFI
24:F3:E3:37:4E:43,,[WPA3_PSK],2025-12-3 15:28:46,6,-81,34.0290680,-117.1150894,614.30,1.50,WIFI
24:F3:E3:37:4E:49,,[OPEN],2025-12-3 15:28:46,6,-82,34.0290680,-117.1150894,614.30,1.50,WIFI
24:F3:E3:37:4E:46,aktires,[WPA2_PSK],2025-12-3 15:28:46,6,-83,34.0290680,-117.1150894,614.30,1.50,WIFI
3C:04:61:8F:7B:A8,Frontier8992,[WPA2_PSK],2025-12-3 15:28:46,6,-85,34.0290680,-117.1150894,614.30,1.50,WIFI
DA:55:A8:93:68:F7,,[WPA2_PSK],2025-12-3 15:28:46,6,-86,34.0290680,-117.1150894,614.30,1.50,WIFI
12:E8:A7:6D:A2:F4,JonsTruck,[WPA2_PSK],2025-12-3 15:28:46,7,-73,34.0290680,-117.1150894,614.30,1.50,WIFI
9A:A6:7E:51:45:57,Kore Rehab,[WPA2_PSK],2025-12-3 15:28:49,9,-87,34.0292282,-117.1144714,615.70,1.50,WIFI
10:DA:43:A9:3D:7C,Sanctuary1,[WPA2_PSK],2025-12-3 15:28:50,10,-89,34.0292816,-117.1142578,616.00,1.50,WIFI
82:3F:5D:30:51:B4,,[WPA2_PSK],2025-12-3 15:28:50,10,-90,34.0292816,-117.1142578,616.00,1.50,WIFI
A0:89:66:94:78:B8,,[WPA_WPA2_PSK],2025-12-3 15:28:54,1,-80,34.0295105,-117.1133728,616.70,1.50,WIFI
32:13:8B:39:AB:37,DIRECT-37-HP M140 LaserJet,[WPA2_PSK],2025-12-3 15:28:56,2,-77,34.0296249,-117.1129456,617.00,1.50,WIFI
9E:03:8E:35:E9:F6,Haven_Guest,[WPA2_PSK],2025-12-3 15:28:56,2,-77,34.0296249,-117.1129456,617.00,1.50,WIFI
C8:D3:FF:84:76:CD,DIRECT-CC-HP OfficeJet Pro 8710,[WPA2_PSK],2025-12-3 15:28:56,2,-81,34.0296249,-117.1129456,617.00,1.50,WIFI
98:03:8E:35:E9:F6,Haven,[WPA2_PSK],2025-12-3 15:28:56,2,-81,34.0296249,-117.1129456,617.00,1.50,WIFI
A2:03:8E:35:E9:F6,,[WPA2_PSK],2025-12-3 15:28:56,2,-82,34.0296249,-117.1129456,617.00,1.50,WIFI
A6:03:8E:35:E9:6E,Haven,[WPA2_PSK],2025-12-3 15:28:56,2,-89,34.0296249,-117.1129456,617.00,1.50,WIFI
04:42:1A:5E:78:08,YFP2023,[WPA2_PSK],2025-12-3 15:28:58,4,-80,34.0297356,-117.1125107,617.20,1.50,WIFI
74:DA:88:3D:19:7D,MySpectrumWiFi88-2G_EXT,[WPA_WPA2_PSK],2025-12-3 15:29:0,6,-90,34.0298462,-117.1120834,617.20,1.50,WIFI
18:A5:FF:41:BC:4C,Lupita Camarena,[WPA2_WPA3_PSK],2025-12-3 15:29:2,8,-92,34.0299606,-117.1116409,617.20,1.50,WIFI
A6:C9:EB:E6:05:FC,,[WPA2_PSK],2025-12-3 15:29:3,9,-55,34.0300179,-117.1114273,617.40,1.50,WIFI
A2:C9:EB:E6:05:FC,Kore Rehab,[WPA2_PSK],2025-12-3 15:29:3,9,-56,34.0300179,-117.1114273,617.40,1.50,WIFI
9E:A6:7E:51:45:57,,[WPA2_PSK],2025-12-3 15:29:3,9,-80,34.0300179,-117.1114273,617.40,1.50,WIFI
14:EB:B6:74:D2:F7,Jones1 2.4,[WPA_WPA2_PSK],2025-12-3 15:29:4,10,-68,34.0300713,-117.1112137,617.50,1.50,WIFI
8C:90:2D:81:19:62,Jones1 2.4_EXT,[WPA2_PSK],2025-12-3 15:29:4,10,-79,34.0300713,-117.1112137,617.50,1.50,WIFI
80:3F:5D:70:51:B4,Ccables_LR,[WPA2_PSK],2025-12-3 15:29:4,10,-90,34.0300713,-117.1112137,617.50,1.50,WIFI
82:3F:5D:10:51:B4,,[OPEN],2025-12-3 15:29:4,10,-91,34.0300713,-117.1112137,617.50,1.50,WIFI
C8:B4:22:3B:57:7A,MySpectrumWiFi7C-2G,[WPA2_PSK],2025-12-3 15:29:5,11,-67,34.0301285,-117.1110001,617.60,1.50,WIFI
44:AC:85:60:7A:A9,,[OPEN],2025-12-3 15:29:5,11,-80,34.0301285,-117.1110001,617.60,1.50,WIFI
44:AC:85:60:7A:A6,sackos,[WPA2_PSK],2025-12-3 15:29:5,11,-80,34.0301285,-117.1110001,617.60,1.50,WIFI
44:AC:85:60:7A:A3,,[WPA3_PSK],2025-12-3 15:29:5,11,-81,34.0301285,-117.1110001,617.60,1.50,WIFI
40:32:9D:04:99:04,,[WPA2_PSK],2025-12-3 15:29:6,13,-93,34.0301857,-117.1107864,617.90,1.50,WIFI
B0:BB:E5:3C:6D:5E,SpectrumSetup-58,[WPA2_PSK],2025-12-3 15:29:6,1,-69,34.0301857,-117.1107864,617.90,1.50,WIFI
FC:12:63:A8:BE:C1,SpectrumRGJS,[WPA2_PSK],2025-12-3 15:29:14,6,-70,34.0306625,-117.1089935,617.80,1.50,WIFI
24:F3:E3:E7:2F:C6,Rose,[WPA2_PSK],2025-12-3 15:29:14,6,-76,34.0306625,-117.1089935,617.80,1.50,WIFI
24:F3:E3:E7:2F:C3,,[WPA3_PSK],2025-12-3 15:29:14,6,-76,34.0306625,-117.1089935,617.80,1.50,WIFI
24:F3:E3:E7:2F:C9,,[OPEN],2025-12-3 15:29:14,6,-76,34.0306625,-117.1089935,617.80,1.50,WIFI
CC:40:D0:62:D0:30,NETGEAR24,[WPA2_PSK],2025-12-3 15:29:14,6,-80,34.0306625,-117.1089935,617.80,1.50,WIFI
2C:EA:DC:FD:62:6D,SpectrumSetup-6F,[WPA2_PSK],2025-12-3 15:29:14,6,-82,34.0306625,-117.1089935,617.80,1.50,WIFI
54:B7:BD:DF:9C:0B,Verizon_B49KH3,[WPA2_PSK],2025-12-3 15:29:14,6,-83,34.0306625,-117.1089935,617.80,1.50,WIFI
D8:EC:5E:EE:F4:72,MJS Wifi,[WPA2_PSK],2025-12-3 15:29:15,7,-86,34.0307236,-117.1087570,617.20,1.50,WIFI
9C:3D:CF:F4:8A:6A,DillonHome,[WPA2_PSK],2025-12-3 15:29:17,9,-84,34.0308418,-117.1083069,616.10,1.50,WIFI
F0:B6:61:15:A8:AA,,[OPEN],2025-12-3 15:29:19,11,-74,34.0309525,-117.1078491,615.30,1.50,WIFI
F0:B6:61:15:A8:A7,Ashe,[WPA2_PSK],2025-12-3 15:29:19,11,-74,34.0309525,-117.1078491,615.30,1.50,WIFI
90:D3:CF:91:51:28,SpectrumSetup-512B,[WPA2_PSK],2025-12-3 15:29:19,11,-77,34.0309525,-117.1078491,615.30,1.50,WIFI
F0:7B:65:BF:3D:6A,SpectrumSetup-3D64,[WPA2_PSK],2025-12-3 15:29:19,11,-84,34.0309525,-117.1078491,615.30,1.50,WIFI
C8:B4:22:3B:7E:3A,MySpectrumWiFi3C-2G,[WPA2_PSK],2025-12-3 15:29:19,11,-84,34.0309525,-117.1078491,615.30,1.50,WIFI
0A:7B:65:BF:3D:6B,,[WPA2_PSK],2025-12-3 15:29:19,11,-85,34.0309525,-117.1078491,615.30,1.50,WIFI
BC:96:E5:58:73:2C,WirelessGSpot,[WPA2_PSK],2025-12-3 15:29:21,1,-67,34.0310707,-117.1074066,615.20,1.50,WIFI
8C:DD:0B:D2:4C:8B,,[OPEN],2025-12-3 15:29:21,1,-69,34.0310707,-117.1074066,615.20,1.50,WIFI
8C:DD:0B:D2:4C:88,IPNDESYNC ,[WPA2_PSK],2025-12-3 15:29:21,1,-71,34.0310707,-117.1074066,615.20,1.50,WIFI
68:72:51:30:58:3E,,[WPA2_PSK],2025-12-3 15:29:21,1,-75,34.0310707,-117.1074066,615.20,1.50,WIFI
D0:CB:DD:9D:C5:0B,,[OPEN],2025-12-3 15:29:21,1,-78,34.0310707,-117.1074066,615.20,1.50,WIFI
A0:04:60:8F:53:EC,ARLO_VMB_1592452193,[WPA2_PSK],2025-12-3 15:29:21,1,-79,34.0310707,-117.1074066,615.20,1.50,WIFI
D0:CB:DD:9D:C5:05,,[WPA3_PSK],2025-12-3 15:29:21,1,-82,34.0310707,-117.1074066,615.20,1.50,WIFI
00:54:AF:24:33:99,Hotspot3399,[WPA_WPA2_PSK],2025-12-3 15:29:25,3,-81,34.0313530,-117.1065140,614.90,1.50,WIFI
38:94:ED:62:57:83,PEACEMAKER,[WPA2_PSK],2025-12-3 15:29:26,4,-75,34.0314331,-117.1062927,614.80,1.50,WIFI
10:2C:B1:96:95:7F,,[WPA_WPA2_PSK],2025-12-3 15:29:26,4,-90,34.0314331,-117.1062927,614.80,1.50,WIFI
CA:4E:FC:67:4B:E4,SpectrumSetup-E3,[WPA2_PSK],2025-12-3 15:29:28,6,-64,34.0316124,-117.1058502,614.30,1.50,WIFI
A2:2A:6F:2A:79:2E,,[WPA2_PSK],2025-12-3 15:29:28,6,-76,34.0316124,-117.1058502,614.30,1.50,WIFI
F8:55:CD:F1:67:CF,HotspotifCe,[WPA_WPA2_PSK],2025-12-3 15:29:28,6,-77,34.0316124,-117.1058502,614.30,1.50,WIFI
9E:EA:DC:00:21:D8,,[WPA2_PSK],2025-12-3 15:29:28,6,-78,34.0316124,-117.1058502,614.30,1.50,WIFI
9E:2A:6F:2A:79:2E,Attack on WiFi,[WPA2_PSK],2025-12-3 15:29:28,6,-79,34.0316124,-117.1058502,614.30,1.50,WIFI
94:2A:6F:2A:79:2E,The Flash,[WPA2_WPA3_PSK],2025-12-3 15:29:28,6,-81,34.0316124,-117.1058502,614.30,1.50,WIFI
9A:2A:6F:2A:79:2E,WiFi Breathing: Latency Slash,[WPA2_WPA3_PSK],2025-12-3 15:29:28,6,-81,34.0316124,-117.1058502,614.30,1.50,WIFI
F0:B6:61:10:C1:44,,[WPA3_PSK],2025-12-3 15:29:28,6,-84,34.0316124,-117.1058502,614.30,1.50,WIFI
F0:B6:61:10:C1:47,Berryfarm,[WPA2_PSK],2025-12-3 15:29:28,6,-84,34.0316124,-117.1058502,614.30,1.50,WIFI
F0:B6:61:10:C1:4A,,[OPEN],2025-12-3 15:29:28,6,-85,34.0316124,-117.1058502,614.30,1.50,WIFI
A0:8A:06:FF:55:77,SpectrumSetup-557A,[WPA2_PSK],2025-12-3 15:29:28,6,-88,34.0316124,-117.1058502,614.30,1.50,WIFI
FA:6D:CC:8D:1B:65,chata99,[WPA2_PSK],2025-12-3 15:29:28,7,-76,34.0316124,-117.1058502,614.30,1.50,WIFI
F0:7B:65:EB:F5:FF,SpectrumSetup-F5F9,[WPA2_PSK],2025-12-3 15:29:33,11,-76,34.0321045,-117.1048050,612.20,1.50,WIFI
90:D3:CF:E2:CC:AD,SpectrumSetup-CCB0,[WPA2_PSK],2025-12-3 15:29:33,11,-76,34.0321045,-117.1048050,612.20,1.50,WIFI
F4:05:95:E5:4F:2E,SpectrumSetup-28,[WPA2_PSK],2025-12-3 15:29:33,11,-82,34.0321045,-117.1048050,612.20,1.50,WIFI
F4:52:46:80:4E:D2,Vasquez family 888,[WPA2_PSK],2025-12-3 15:29:33,11,-84,34.0321045,-117.1048050,612.20,1.50,WIFI
94:18:65:31:D8:C6,I Believe Wi can Fi,[WPA2_PSK],2025-12-3 15:29:33,11,-94,34.0321045,-117.1048050,612.20,1.50,WIFI
A0:EE:EE:08:96:A0,,[WPA_WPA2_PSK],2025-12-3 15:29:36,1,-70,34.0323868,-117.1042023,612.00,1.50,WIFI
3C:62:F0:DC:32:57,TMOBILE-3255,[WPA2_WPA3_PSK],2025-12-3 15:29:39,2,-89,34.0326691,-117.1035919,612.30,1.50,WIFI
CC:40:D0:93:33:2D,NIGHTHAWK,[WPA2_PSK],2025-12-3 15:29:41,4,-77,34.0328560,-117.1031723,612.60,1.50,WIFI
10:0C:6B:D8:67:C3,Zoetis-100c6bd867c1,[WPA2_PSK],2025-12-3 15:29:43,6,-68,34.0330544,-117.1027603,612.90,1.50,WIFI
7C:DB:98:E7:DC:15,MySpectrumWiFi17-2G,[WPA2_PSK],2025-12-3 15:29:43,6,-79,34.0330544,-117.1027603,612.90,1.50,WIFI
9E:EA:DC:3A:92:11,,[WPA2_PSK],2025-12-3 15:29:43,6,-87,34.0330544,-117.1027603,612.90,1.50,WIFI
AE:EA:DC:3A:92:11,,[WPA2_PSK],2025-12-3 15:29:43,6,-87,34.0330544,-117.1027603,612.90,1.50,WIFI
80:CC:9C:3D:0A:97,IDEXXw1,[WPA2_PSK],2025-12-3 15:29:45,8,-77,34.0332642,-117.1023407,612.70,1.50,WIFI
A0:04:60:CF:A5:5F,NETGEAR90,[WPA2_PSK],2025-12-3 15:29:45,8,-91,34.0332642,-117.1023407,612.70,1.50,WIFI
18:A5:3C:63:77:22,TV,[WPA2_WPA3_PSK],2025-12-3 15:29:47,10,-86,34.0334587,-117.1019211,611.70,1.50,WIFI
18:A5:FF:62:77:22,TMOBILE-7720,[WPA2_WPA3_PSK],2025-12-3 15:29:47,10,-87,34.0334587,-117.1019211,611.70,1.50,WIFI
C0:06:C3:C8:40:33,Let's Go Brandon,[WPA2_PSK],2025-12-3 15:29:47,10,-91,34.0334587,-117.1019211,611.70,1.50,WIFI
7A:45:58:98:D6:98,YAHD,[WPA2_PSK],2025-12-3 15:29:48,11,-85,34.0335464,-117.1017075,611.30,1.50,WIFI
78:45:58:F8:D6:98,YAH,[WPA2_PSK],2025-12-3 15:29:48,11,-86,34.0335464,-117.1017075,611.30,1.50,WIFI
2C:EA:DC:95:25:47,SpectrumSetup-49,[WPA2_PSK],2025-12-3 15:29:48,11,-92,34.0335464,-117.1017075,611.30,1.50,WIFI
7A:45:58:A6:3E:9E,,[WPA2_PSK],2025-12-3 15:29:50,1,-74,34.0336876,-117.1012573,611.40,1.50,WIFI
78:45:58:F6:3E:9E,YAH,[WPA2_PSK],2025-12-3 15:29:50,1,-75,34.0336876,-117.1012573,611.40,1.50,WIFI
7A:45:58:96:3E:9E,YAHD,[WPA2_PSK],2025-12-3 15:29:50,1,-83,34.0336876,-117.1012573,611.40,1.50,WIFI
74:37:5F:9F:CE:27,SpectrumSetup-25,[WPA2_PSK],2025-12-3 15:29:50,1,-84,34.0336876,-117.1012573,611.40,1.50,WIFI
4C:AB:F8:35:86:AD,StylesPg,[WPA2_PSK],2025-12-3 15:29:57,6,-78,34.0338402,-117.0996094,611.90,1.50,WIFI
88:DE:7C:D9:07:77,EliteHair,[WPA2_PSK],2025-12-3 15:29:57,6,-80,34.0338402,-117.0996094,611.90,1.50,WIFI
A4:11:62:4D:2E:64,NTGR_VMB_9771899095,[WPA2_PSK],2025-12-3 15:29:57,6,-85,34.0338402,-117.0996094,611.90,1.50,WIFI
32:5B:99:AC:A1:AA,SpectrumSetup-13,[WPA2_PSK],2025-12-3 15:29:57,6,-86,34.0338402,-117.0996094,611.90,1.50,WIFI
2C:EA:DC:97:CB:6D,SpectrumSetup-6F,[WPA2_PSK],2025-12-3 15:29:57,6,-87,34.0338402,-117.0996094,611.90,1.50,WIFI
8C:85:80:7E:B5:49,,[WPA_WPA2_PSK],2025-12-3 15:30:1,10,-76,34.0338440,-117.0986481,610.50,1.50,WIFI
A4:11:62:A7:01:D8,ARLO_VMB_1331349137,[WPA2_PSK],2025-12-3 15:30:2,11,-82,34.0338440,-117.0984116,610.40,1.50,WIFI
12:B1:DF:C7:F5:8E,DIRECT-8e-HP M283 LaserJet,[WPA2_PSK],2025-12-3 15:30:2,11,-84,34.0338440,-117.0984116,610.40,1.50,WIFI
F8:F5:32:72:D6:B8,Frontier2832,[WPA2_PSK],2025-12-3 15:30:2,11,-86,34.0338440,-117.0984116,610.40,1.50,WIFI
C6:98:5C:40:6F:45,,[WPA2_PSK],2025-12-3 15:30:2,11,-86,34.0338440,-117.0984116,610.40,1.50,WIFI
00:30:44:B7:7E:E4,R980-ee3,[WPA2_PSK],2025-12-3 15:30:2,11,-88,34.0338440,-117.0984116,610.40,1.50,WIFI
B6:8B:A9:17:10:D3,,[WPA2_PSK],2025-12-3 15:30:5,1,-75,34.0338440,-117.0977097,610.60,1.50,WIFI
B6:8B:A9:17:0A:ED,,[WPA2_PSK],2025-12-3 15:30:5,1,-75,34.0338440,-117.0977097,610.60,1.50,WIFI
B2:8B:A9:17:0A:ED,Sunrise Dental Lab,[WPA2_PSK],2025-12-3 15:30:5,1,-77,34.0338440,-117.0977097,610.60,1.50,WIFI
AC:8B:A9:17:10:D3,Sunrise Staff,[WPA2_PSK],2025-12-3 15:30:5,1,-78,34.0338440,-117.0977097,610.60,1.50,WIFI
B2:8B:A9:17:10:D3,Sunrise Dental Lab,[WPA2_PSK],2025-12-3 15:30:5,1,-80,34.0338440,-117.0977097,610.60,1.50,WIFI
54:21:60:01:EE:09,Alula01EE08,[WPA_WPA2_PSK],2025-12-3 15:30:5,1,-86,34.0338440,-117.0977097,610.60,1.50,WIFI
5E:E9:31:2A:D1:D4,,[WPA_WPA2_PSK],2025-12-3 15:30:8,3,-83,34.0338478,-117.0970612,611.30,1.50,WIFI
86:7A:B6:1D:09:43,WIFIBRG001242062f37IPC70,[WPA2_PSK],2025-12-3 15:30:8,3,-90,34.0338478,-117.0970612,611.30,1.50,WIFI
C4:A8:16:C9:4C:83,,[WPA3_PSK],2025-12-3 15:30:11,6,-63,34.0338478,-117.0965347,612.20,1.50,WIFI
C4:A8:16:C9:4C:89,,[OPEN],2025-12-3 15:30:11,6,-64,34.0338478,-117.0965347,612.20,1.50,WIFI
C4:A8:16:C9:4C:86,nursey,[WPA2_PSK],2025-12-3 15:30:11,6,-66,34.0338478,-117.0965347,612.20,1.50,WIFI
E8:AD:A6:64:42:D6,MySpectrumWiFid0-2G,[WPA2_PSK],2025-12-3 15:30:11,6,-74,34.0338478,-117.0965347,612.20,1.50,WIFI
A0:89:66:9C:C8:E0,,[WPA_WPA2_PSK],2025-12-3 15:30:11,6,-79,34.0338478,-117.0965347,612.20,1.50,WIFI
C4:A8:16:B3:53:46,nursey,[WPA2_PSK],2025-12-3 15:30:11,6,-83,34.0338478,-117.0965347,612.20,1.50,WIFI
C4:A8:16:8D:89:86,nursey,[WPA2_PSK],2025-12-3 15:30:11,6,-84,34.0338478,-117.0965347,612.20,1.50,WIFI
C4:A8:16:8D:89:89,,[OPEN],2025-12-3 15:30:11,6,-84,34.0338478,-117.0965347,612.20,1.50,WIFI
FC:12:63:F3:A3:79,SpectrumSetup-7B,[WPA2_PSK],2025-12-3 15:30:16,11,-63,34.0338478,-117.0960312,613.40,1.50,WIFI
F8:08:4F:D0:D1:66,MySpectrumWiFi60-2G,[WPA2_PSK],2025-12-3 15:30:16,11,-75,34.0338478,-117.0960312,613.40,1.50,WIFI
24:94:CB:1C:A2:08,Frontier1072,[WPA2_PSK],2025-12-3 15:30:16,11,-75,34.0338478,-117.0960312,613.40,1.50,WIFI
F2:92:BF:6D:87:5C,,[WPA2_PSK],2025-12-3 15:30:16,11,-81,34.0338478,-117.0960312,613.40,1.50,WIFI
AC:E2:D3:27:77:73,DIRECT-72-HP OfficeJet 4650,[WPA2_PSK],2025-12-3 15:30:16,11,-84,34.0338478,-117.0960312,613.40,1.50,WIFI
9A:49:14:F4:99:FE,Trump2024,[WPA2_PSK],2025-12-3 15:30:16,11,-85,34.0338478,-117.0960312,613.40,1.50,WIFI
54:F0:B1:1C:A4:01,NON-RIS-PWL,[WPA_WPA2_PSK],2025-12-3 15:30:19,1,-83,34.0338440,-117.0959473,613.60,1.50,WIFI
F8:AA:3F:D3:6E:9B,SpectrumSetup-99,[WPA2_PSK],2025-12-3 15:30:19,1,-83,34.0338440,-117.0959473,613.60,1.50,WIFI
54:F0:B1:1C:A5:A1,NON-RIS-PWL,[WPA_WPA2_PSK],2025-12-3 15:30:25,6,-73,34.0338478,-117.0959396,613.60,1.50,WIFI
F4:92:BF:6D:87:5C,TopDogPOS,[WPA2_PSK],2025-12-3 15:30:30,11,-71,34.0338478,-117.0959396,613.60,1.50,WIFI
54:F0:B1:1C:A4:02,Install-Profile,[WPA_WPA2_PSK],2025-12-3 15:30:33,1,-78,34.0338478,-117.0959396,613.60,1.50,WIFI
86:7A:B6:4B:D7:F4,WIFIBRG001242062f37IPC247,[WPA2_PSK],2025-12-3 15:30:36,3,-91,34.0338478,-117.0959396,613.60,1.50,WIFI
5C:E9:31:7A:D1:D4,This Bro tho,[WPA2_PSK],2025-12-3 15:30:36,3,-94,34.0338478,-117.0959396,613.60,1.50,WIFI
66:E2:20:D9:BE:5F,myChevrolet BD5E,[WPA2_PSK],2025-12-3 15:30:38,5,-92,34.0338478,-117.0959244,613.60,1.50,WIFI
54:F0:B1:1C:A5:A4,Install-Profile,[WPA_WPA2_PSK],2025-12-3 15:30:39,6,-80,34.0338478,-117.0959167,613.60,1.50,WIFI
C4:A8:16:B3:53:43,,[WPA3_PSK],2025-12-3 15:30:39,6,-87,34.0338478,-117.0959167,613.60,1.50,WIFI
C4:A8:16:B3:53:49,,[OPEN],2025-12-3 15:30:39,6,-87,34.0338478,-117.0959167,613.60,1.50,WIFI
C4:A8:16:8D:89:83,,[WPA3_PSK],2025-12-3 15:30:39,6,-89,34.0338478,-117.0959167,613.60,1.50,WIFI
F4:69:42:16:AB:DD,SpectrumSetup-DF,[WPA2_PSK],2025-12-3 15:30:44,11,-82,34.0338478,-117.0955811,614.10,1.50,WIFI
04:17:B6:E9:9A:21,,[WPA_WPA2_PSK],2025-12-3 15:30:44,11,-92,34.0338478,-117.0955811,614.10,1.50,WIFI
3E:E9:0E:E5:08:AB,PCL9D7J018,[WPA_WPA2_PSK],2025-12-3 15:30:47,1,-76,34.0338478,-117.0952072,614.80,1.50,WIFI
36:94:54:93:C4:86,PCL9D7J01F,[WPA_WPA2_PSK],2025-12-3 15:30:47,1,-83,34.0338478,-117.0952072,614.80,1.50,WIFI
36:94:54:93:4D:D8,PCL9D7J008,[WPA_WPA2_PSK],2025-12-3 15:30:47,1,-84,34.0338478,-117.0952072,614.80,1.50,WIFI
F0:81:75:F7:AA:CE,Diaz,[WPA2_PSK],2025-12-3 15:30:47,1,-85,34.0338478,-117.0952072,614.80,1.50,WIFI
CE:22:26:BE:6D:18,bleu12,[WPA2_PSK],2025-12-3 15:30:47,1,-88,34.0338478,-117.0952072,614.80,1.50,WIFI
36:94:54:93:C5:9C,PCL9D7J04F,[WPA_WPA2_PSK],2025-12-3 15:30:47,1,-90,34.0338478,-117.0952072,614.80,1.50,WIFI
B4:FB:E3:BF:90:9A,WIFINVR001242062f37,[WPA_WPA2_PSK],2025-12-3 15:30:50,3,-82,34.0338478,-117.0947342,615.30,1.50,WIFI
9C:2A:70:22:0B:FB,HP-Print-fb-LaserJet 200,[OPEN],2025-12-3 15:30:53,6,-83,34.0338516,-117.0941772,615.80,1.50,WIFI
98:18:88:C7:39:EA,DB Internal,[WPA2_PSK],2025-12-3 15:31:1,1,-69,34.0338516,-117.0925980,617.50,1.50,WIFI
9E:18:88:C7:39:EA,Dutch Vibes,[WPA2_PSK],2025-12-3 15:31:1,1,-69,34.0338516,-117.0925980,617.50,1.50,WIFI
A6:18:88:C7:39:EA,,[WPA2_PSK],2025-12-3 15:31:1,1,-69,34.0338516,-117.0925980,617.50,1.50,WIFI
64:67:72:6F:EC:CF,SpectrumSetup-CD,[WPA2_PSK],2025-12-3 15:31:1,1,-75,34.0338516,-117.0925980,617.50,1.50,WIFI
54:21:60:01:7E:65,Alula017E64,[WPA_WPA2_PSK],2025-12-3 15:31:1,1,-79,34.0338516,-117.0925980,617.50,1.50,WIFI
BC:10:2F:93:70:DC,[range]_E30AJT7113524B,[WPA2_PSK],2025-12-3 15:31:1,1,-83,34.0338516,-117.0925980,617.50,1.50,WIFI
8C:86:DD:AB:62:8A,house,[WPA2_PSK],2025-12-3 15:31:2,2,-60,34.0338516,-117.0924149,617.50,1.50,WIFI
92:86:DD:AB:62:8A,,[WPA2_PSK],2025-12-3 15:31:2,2,-61,34.0338516,-117.0924149,617.50,1.50,WIFI
92:86:DD:AB:7B:6E,,[WPA2_PSK],2025-12-3 15:31:2,2,-66,34.0338516,-117.0924149,617.50,1.50,WIFI
8C:86:DD:AB:62:8E,house,[WPA2_PSK],2025-12-3 15:31:2,2,-67,34.0338516,-117.0924149,617.50,1.50,WIFI
92:86:DD:AB:62:8E,,[WPA2_PSK],2025-12-3 15:31:2,2,-67,34.0338516,-117.0924149,617.50,1.50,WIFI
8C:86:DD:AB:7B:6E,house,[WPA2_PSK],2025-12-3 15:31:2,2,-68,34.0338516,-117.0924149,617.50,1.50,WIFI
00:31:92:42:6C:FA,MammaTs House,[WPA2_PSK],2025-12-3 15:31:5,4,-79,34.0338669,-117.0919266,618.50,1.50,WIFI
00:31:92:42:60:BE,MammaTs House,[WPA2_PSK],2025-12-3 15:31:5,4,-82,34.0338669,-117.0919266,618.50,1.50,WIFI
34:14:B5:F8:CB:1C,DB Yucaipa,[WPA2_PSK],2025-12-3 15:31:6,5,-86,34.0338745,-117.0917816,618.80,1.50,WIFI
00:30:44:68:97:DE,R1900-7dd,[WPA2_PSK],2025-12-3 15:31:7,6,-71,34.0338783,-117.0916595,619.00,1.50,WIFI
9C:3D:CF:8E:7F:0A,PolarBearExpress,[WPA2_PSK],2025-12-3 15:31:7,6,-78,34.0338783,-117.0916595,619.00,1.50,WIFI
F4:52:46:AD:43:79,SpectrumSetup-7B,[WPA2_PSK],2025-12-3 15:31:7,6,-82,34.0338783,-117.0916595,619.00,1.50,WIFI
5A:E4:03:CD:93:04,myGMC 9304,[WPA2_PSK],2025-12-3 15:31:8,7,-78,34.0338783,-117.0915375,619.20,1.50,WIFI
12:E8:A7:27:D5:E1,123ChevyEV,[WPA2_PSK],2025-12-3 15:31:8,7,-88,34.0338783,-117.0915375,619.20,1.50,WIFI
46:E4:EE:DD:11:C2,myChevrolet,[WPA2_PSK],2025-12-3 15:31:12,11,-71,34.0338821,-117.0912628,619.90,1.50,WIFI
66:E2:20:0E:E9:C8,MBUX 99795,[WPA2_WPA3_PSK],2025-12-3 15:31:12,11,-81,34.0338821,-117.0912628,619.90,1.50,WIFI
4C:19:5D:0C:E7:72,SpectrumSetup-6C,[WPA2_PSK],2025-12-3 15:31:20,6,-82,34.0338898,-117.0912476,619.80,1.50,WIFI
AC:91:9B:7E:23:3E,Verizon_JPT77D,[WPA2_PSK],2025-12-3 15:31:20,6,-83,34.0338898,-117.0912476,619.80,1.50,WIFI
18:A5:FF:37:29:38,Tinternet,[WPA2_WPA3_PSK],2025-12-3 15:31:22,8,-88,34.0338898,-117.0912476,619.90,1.50,WIFI
F4:92:BF:5A:AB:E2,FBORDERING_IoT,[WPA2_PSK],2025-12-3 15:31:25,11,-67,34.0338821,-117.0912476,620.00,1.50,WIFI
FA:92:BF:5A:AB:E2,,[WPA2_PSK],2025-12-3 15:31:25,11,-69,34.0338821,-117.0912476,620.00,1.50,WIFI
DE:B3:70:BD:FD:AA,,[WPA2_PSK],2025-12-3 15:31:25,11,-76,34.0338821,-117.0912476,620.00,1.50,WIFI
64:09:AC:2B:53:EA,HH41NH_53EA,[WPA_WPA2_PSK],2025-12-3 15:31:31,3,-72,34.0338821,-117.0912323,620.20,1.50,WIFI
AA:17:C8:03:82:84,Dutch Vibes,[WPA2_PSK],2025-12-3 15:31:39,11,-65,34.0342102,-117.0910721,621.50,1.50,WIFI
92:17:C8:03:82:84,,[WPA2_PSK],2025-12-3 15:31:39,11,-66,34.0342102,-117.0910721,621.50,1.50,WIFI
AC:17:C8:03:82:84,DB Internal,[WPA2_PSK],2025-12-3 15:31:39,11,-67,34.0342102,-117.0910721,621.50,1.50,WIFI
C8:28:E5:3D:D6:25,SATOctober,[WPA2_PSK],2025-12-3 15:31:39,11,-77,34.0342102,-117.0910721,621.50,1.50,WIFI
C8:28:E5:3D:D6:24,YHS-2.4GHz,[WPA2_PSK],2025-12-3 15:31:39,11,-78,34.0342102,-117.0910721,621.50,1.50,WIFI
C8:28:E5:3D:D6:22,YHSStore,[WPA2_PSK],2025-12-3 15:31:39,11,-83,34.0342102,-117.0910721,621.50,1.50,WIFI
C8:28:E5:3D:D6:21,Vendor,[WPA2_PSK],2025-12-3 15:31:39,11,-85,34.0342102,-117.0910721,621.50,1.50,WIFI
34:98:B5:5C:6D:C0,YAPS WIFI,[WPA2_PSK],2025-12-3 15:31:45,3,-76,34.0348511,-117.0913467,626.20,1.50,WIFI
9C:3D:CF:7B:EA:28,NETGEAR93,[WPA2_PSK],2025-12-3 15:31:45,3,-87,34.0348511,-117.0913467,626.20,1.50,WIFI
04:F0:21:66:0B:46,,[WPA2_PSK],2025-12-3 15:31:48,6,-75,34.0351982,-117.0914688,628.90,1.50,WIFI
0E:36:C9:91:69:BD,ORBI66,[WPA2_PSK],2025-12-3 15:31:48,6,-87,34.0351982,-117.0914688,628.90,1.50,WIFI
F4:52:46:09:14:70,ATT-WIFI-8037,[WPA2_WPA3_PSK],2025-12-3 15:31:50,8,-74,34.0353699,-117.0915451,630.10,1.50,WIFI
F6:52:46:19:14:70,,[WPA2_WPA3_PSK],2025-12-3 15:31:50,8,-74,34.0353699,-117.0915451,630.10,1.50,WIFI
72:C9:E3:C6:0B:A9,,[WPA2_PSK],2025-12-3 15:31:52,10,-85,34.0354576,-117.0915680,630.60,1.50,WIFI
C8:28:E5:3D:D6:27,YCJUSD-Open2.4GHz,[OPEN],2025-12-3 15:31:53,11,-80,34.0354729,-117.0915680,630.70,1.50,WIFI
24:16:1B:5A:19:E3,,[WPA2_PSK],2025-12-3 15:31:53,11,-84,34.0354729,-117.0915680,630.70,1.50,WIFI
24:16:1B:5A:19:E2,YHSStore,[WPA2_PSK],2025-12-3 15:31:53,11,-85,34.0354729,-117.0915680,630.70,1.50,WIFI
24:16:1B:5A:19:E4,SATOctober,[WPA2_PSK],2025-12-3 15:31:53,11,-87,34.0354729,-117.0915680,630.70,1.50,WIFI
24:16:1B:5A:19:E5,YHS-2.4GHz,[WPA2_PSK],2025-12-3 15:31:53,11,-87,34.0354729,-117.0915680,630.70,1.50,WIFI
80:3F:5D:44:17:61,WAVELINK HOUSE,[WPA2_PSK],2025-12-3 15:32:0,4,-93,34.0356331,-117.0912018,631.50,1.50,WIFI
18:A5:FF:41:CE:E2,TMOBILE-CEE0,[WPA2_WPA3_PSK],2025-12-3 15:32:2,6,-85,34.0356331,-117.0909424,630.30,1.50,WIFI
18:A5:FF:F2:58:B0,ROMMELZ,[WPA2_WPA3_PSK],2025-12-3 15:32:4,8,-85,34.0356293,-117.0906372,628.60,1.50,WIFI
C8:28:E5:3D:D6:23,,[WPA2_PSK],2025-12-3 15:32:7,11,-77,34.0356255,-117.0902252,626.50,1.50,WIFI
24:16:1B:A9:8C:41,Vendor,[WPA2_PSK],2025-12-3 15:32:7,11,-81,34.0356255,-117.0902252,626.50,1.50,WIFI
24:16:1B:A9:8C:42,YHSStore,[WPA2_PSK],2025-12-3 15:32:7,11,-81,34.0356255,-117.0902252,626.50,1.50,WIFI
24:16:1B:A9:8C:43,,[WPA2_PSK],2025-12-3 15:32:7,11,-81,34.0356255,-117.0902252,626.50,1.50,WIFI
24:16:1B:A9:5E:E1,Vendor,[WPA2_PSK],2025-12-3 15:32:7,11,-83,34.0356255,-117.0902252,626.50,1.50,WIFI
24:16:1B:A9:5E:E2,YHSStore,[WPA2_PSK],2025-12-3 15:32:7,11,-83,34.0356255,-117.0902252,626.50,1.50,WIFI
24:16:1B:A9:8C:44,SATOctober,[WPA2_PSK],2025-12-3 15:32:7,11,-83,34.0356255,-117.0902252,626.50,1.50,WIFI
24:16:1B:A9:8C:45,YHS-2.4GHz,[WPA2_PSK],2025-12-3 15:32:7,11,-84,34.0356255,-117.0902252,626.50,1.50,WIFI
90:E9:5E:DD:8C:E5,SATOctober,[WPA2_PSK],2025-12-3 15:32:10,1,-76,34.0356712,-117.0899124,625.10,1.50,WIFI
9C:C9:EB:E1:83:0B,,[WPA2_PSK],2025-12-3 15:32:12,2,-48,34.0356903,-117.0897675,624.00,1.50,WIFI
68:4A:76:76:FF:83,,[WPA3_PSK],2025-12-3 15:32:16,6,-79,34.0357742,-117.0896301,623.40,1.50,WIFI
82:2B:F9:15:14:E2,DIRECT-e2-HP M426 LaserJet,[WPA2_PSK],2025-12-3 15:32:16,6,-80,34.0357742,-117.0896301,623.40,1.50,WIFI
68:4A:76:76:FF:87,,[OPEN],2025-12-3 15:32:16,6,-80,34.0357742,-117.0896301,623.40,1.50,WIFI
68:4A:76:76:FF:85,eero Bmx,[WPA2_PSK],2025-12-3 15:32:16,6,-82,34.0357742,-117.0896301,623.40,1.50,WIFI
FA:0D:AC:78:26:46,DIRECT-46-HP ,[WPA2_PSK],2025-12-3 15:32:16,6,-88,34.0357742,-117.0896301,623.40,1.50,WIFI
24:16:1B:5A:19:E8,YCJUSD-Open2.4GHz,[OPEN],2025-12-3 15:32:21,11,-73,34.0358505,-117.0897446,623.60,1.50,WIFI
24:16:1B:5A:19:E1,Vendor,[WPA2_PSK],2025-12-3 15:32:21,11,-75,34.0358505,-117.0897446,623.60,1.50,WIFI
90:E9:5E:DD:8C:E1,Vendor,[WPA2_PSK],2025-12-3 15:32:25,1,-84,34.0358162,-117.0898056,623.90,1.50,WIFI
90:E9:5E:DD:8C:E4,YHS-2.4GHz,[WPA2_PSK],2025-12-3 15:32:25,1,-84,34.0358162,-117.0898056,623.90,1.50,WIFI
90:E9:5E:DD:8C:E7,YCJUSD-Open2.4GHz,[OPEN],2025-12-3 15:32:25,1,-84,34.0358162,-117.0898056,623.90,1.50,WIFI
22:AD:56:22:E7:35,HotspotE735,[WPA_WPA2_PSK],2025-12-3 15:32:25,1,-87,34.0358162,-117.0898056,623.90,1.50,WIFI
24:16:1B:A9:8C:48,YCJUSD-Open2.4GHz,[OPEN],2025-12-3 15:32:35,11,-79,34.0358124,-117.0898132,623.80,1.50,WIFI
84:A0:6E:D3:94:56,MySpectrumWiFi50-2G,[WPA2_PSK],2025-12-3 15:32:35,11,-93,34.0358124,-117.0898132,623.80,1.50,WIFI
00:25:CA:BF:26:B3,,[WPA_PSK],2025-12-3 15:32:38,1,-83,34.0358124,-117.0898056,623.80,1.50,WIFI
64:67:72:EB:80:6B,TheSotos,[WPA2_PSK],2025-12-3 15:32:38,1,-88,34.0358124,-117.0898056,623.80,1.50,WIFI
34:DB:9C:7F:1A:76,SandovalWiFi,[WPA2_PSK],2025-12-3 15:32:58,6,-85,34.0358124,-117.0898056,623.60,1.50,WIFI
F0:7B:65:3C:CD:4A,SpectrumSetup-CD44,[WPA2_PSK],2025-12-3 15:32:58,6,-92,34.0358124,-117.0898056,623.60,1.50,WIFI
A4:97:33:52:07:E5,Shodhan Spectrum,[WPA2_PSK],2025-12-3 15:33:6,1,-88,34.0356789,-117.0900497,624.80,1.50,WIFI
24:16:1B:A9:8E:81,Vendor,[WPA2_PSK],2025-12-3 15:33:6,1,-89,34.0356789,-117.0900497,624.80,1.50,WIFI
24:16:1B:A9:8E:83,,[WPA2_PSK],2025-12-3 15:33:6,1,-89,34.0356789,-117.0900497,624.80,1.50,WIFI
66:97:33:52:07:E5,Shodhan Guest,[WPA2_PSK],2025-12-3 15:33:6,1,-89,34.0356789,-117.0900497,624.80,1.50,WIFI
24:16:1B:A9:8E:84,SATOctober,[WPA2_PSK],2025-12-3 15:33:6,1,-90,34.0356789,-117.0900497,624.80,1.50,WIFI
24:16:1B:A9:A0:A2,YHSStore,[WPA2_PSK],2025-12-3 15:33:6,1,-92,34.0356789,-117.0900497,624.80,1.50,WIFI
24:16:1B:A9:8E:85,YHS-2.4GHz,[WPA2_PSK],2025-12-3 15:33:6,1,-92,34.0356789,-117.0900497,624.80,1.50,WIFI
90:D3:CF:18:2D:5B,Wifi-Network,[WPA2_PSK],2025-12-3 15:33:6,1,-93,34.0356789,-117.0900497,624.80,1.50,WIFI
88:DE:7C:C7:0B:AD,SpectrumSetup-AF,[WPA2_PSK],2025-12-3 15:33:18,1,-84,34.0356102,-117.0915146,630.50,1.50,WIFI
90:E9:5E:DD:8C:E2,YHSStore,[WPA2_PSK],2025-12-3 15:33:18,1,-85,34.0356102,-117.0915146,630.50,1.50,WIFI
90:E9:5E:DD:8C:E3,,[WPA2_PSK],2025-12-3 15:33:18,1,-85,34.0356102,-117.0915146,630.50,1.50,WIFI
36:94:54:93:C8:FD,PCL9D7J02Y,[WPA_WPA2_PSK],2025-12-3 15:33:18,1,-90,34.0356102,-117.0915146,630.50,1.50,WIFI
DC:A0:D0:1B:17:1C,BLINK-1KTJ,[OPEN],2025-12-3 15:33:26,6,-86,34.0358543,-117.0917664,632.70,1.50,WIFI
00:54:AF:2C:BB:04,HotspotBB04,[WPA_WPA2_PSK],2025-12-3 15:33:32,1,-92,34.0364799,-117.0919342,638.90,1.50,WIFI
B0:95:75:72:39:AA,H0m3Wir3less,[WPA2_PSK],2025-12-3 15:33:36,2,-89,34.0367203,-117.0919418,640.70,1.50,WIFI
38:94:ED:68:42:85,PMY6P,[WPA2_PSK],2025-12-3 15:33:37,3,-86,34.0367203,-117.0919418,640.60,1.50,WIFI
3E:94:ED:68:42:85,,[WPA2_PSK],2025-12-3 15:33:37,3,-86,34.0367203,-117.0919418,640.60,1.50,WIFI
7A:7D:A1:6C:06:F6,,[WPA2_PSK],2025-12-3 15:33:39,5,-89,34.0367241,-117.0919418,640.40,1.50,WIFI
F2:74:E4:A3:14:AD,Rivian Camp Speaker,[OPEN],2025-12-3 15:33:40,6,-78,34.0367470,-117.0919418,640.40,1.50,WIFI
AE:EA:DC:00:21:D8,,[WPA2_PSK],2025-12-3 15:33:40,6,-87,34.0367470,-117.0919418,640.40,1.50,WIFI
62:96:71:5F:61:96,LOCKDOWN_5,[WPA2_PSK],2025-12-3 15:33:40,6,-89,34.0367470,-117.0919418,640.40,1.50,WIFI
2C:EA:DC:00:21:D8,SpectrumSetup-DA,[WPA2_PSK],2025-12-3 15:33:40,6,-90,34.0367470,-117.0919418,640.40,1.50,WIFI
58:9B:4A:93:97:E0,SpectrumSetup-97DC,[WPA2_PSK],2025-12-3 15:33:40,6,-92,34.0367470,-117.0919418,640.40,1.50,WIFI
88:DE:7C:8C:DA:9D,JS1010,[WPA2_PSK],2025-12-3 15:33:40,6,-92,34.0367470,-117.0919418,640.40,1.50,WIFI
F8:3E:B0:09:2E:28,thestarnes,[WPA2_WPA3_PSK],2025-12-3 15:33:42,8,-92,34.0368309,-117.0919952,640.00,1.50,WIFI
44:05:3F:41:43:87,TMOBILE-4381,[WPA2_WPA3_PSK],2025-12-3 15:33:49,1,-90,34.0369377,-117.0929718,638.40,1.50,WIFI
5C:E2:8C:9D:14:70,,[WPA2_PSK],2025-12-3 15:34:8,6,-87,34.0361557,-117.0960693,628.90,1.50,WIFI
74:37:5F:A7:2B:8F,Pdawg,[WPA2_PSK],2025-12-3 15:34:8,6,-88,34.0361557,-117.0960693,628.90,1.50,WIFI
04:09:86:47:A6:1B,Evelyns WiFi,[WPA2_PSK],2025-12-3 15:34:8,6,-90,34.0361557,-117.0960693,628.90,1.50,WIFI
FC:AE:34:C9:20:65,Frontier3712,[WPA2_PSK],2025-12-3 15:34:8,6,-91,34.0361557,-117.0960693,628.90,1.50,WIFI
00:54:AF:D1:FE:53,HotspotFE53,[WPA_WPA2_PSK],2025-12-3 15:34:8,6,-93,34.0361557,-117.0960693,628.90,1.50,WIFI
C8:9E:43:BB:8E:E5,,[WPA2_PSK],2025-12-3 15:34:11,9,-92,34.0361137,-117.0961380,629.20,1.50,WIFI
1C:BF:CE:7F:CC:D8,RoseHouse-PRO-2.4G,[WPA2_PSK],2025-12-3 15:34:12,10,-93,34.0361137,-117.0961380,629.20,1.50,WIFI
34:DB:9C:77:44:06,MySpectrumWiFi00-2G,[WPA2_PSK],2025-12-3 15:34:13,11,-89,34.0361137,-117.0961380,629.30,1.50,WIFI
F0:B6:61:8E:16:44,,[WPA3_PSK],2025-12-3 15:34:13,11,-90,34.0361137,-117.0961380,629.30,1.50,WIFI
F0:B6:61:8E:16:47,Valle,[WPA2_PSK],2025-12-3 15:34:13,11,-90,34.0361137,-117.0961380,629.30,1.50,WIFI
00:C8:96:D1:23:7A,,[WPA_WPA2_PSK],2025-12-3 15:34:13,11,-91,34.0361137,-117.0961380,629.30,1.50,WIFI
64:D9:C2:24:27:C3,,[WPA3_PSK],2025-12-3 15:34:16,1,-82,34.0361137,-117.0961456,629.40,1.50,WIFI
64:D9:C2:24:27:C9,,[OPEN],2025-12-3 15:34:16,1,-83,34.0361137,-117.0961456,629.40,1.50,WIFI
64:D9:C2:24:27:C6,bmp88,[WPA2_PSK],2025-12-3 15:34:16,1,-83,34.0361137,-117.0961456,629.40,1.50,WIFI
9A:49:14:E3:A9:E3,Red,[WPA2_PSK],2025-12-3 15:34:16,1,-87,34.0361137,-117.0961456,629.40,1.50,WIFI
00:54:AF:70:71:D2,Hotspot71D2,[WPA_WPA2_PSK],2025-12-3 15:34:19,4,-86,34.0361061,-117.0961456,629.70,1.50,WIFI
E8:9C:25:5D:19:28,JCEHome,[WPA2_PSK],2025-12-3 15:34:19,4,-92,34.0361061,-117.0961456,629.70,1.50,WIFI
80:3F:5D:FF:7E:0E,WAVLINK-N,[WPA_WPA2_PSK],2025-12-3 15:34:23,8,-88,34.0360718,-117.0962296,630.00,1.50,WIFI
F0:B6:61:8E:16:4A,,[OPEN],2025-12-3 15:34:26,11,-79,34.0361137,-117.0963821,631.20,1.50,WIFI
2C:FD:A1:02:F8:A0,Internetchi G,[WPA2_PSK],2025-12-3 15:34:32,3,-92,34.0364494,-117.0969925,635.50,1.50,WIFI
74:97:8E:01:A7:6A,Helium,[WPA2],2025-12-3 15:34:35,6,-82,34.0366058,-117.0974808,638.60,1.50,WIFI
94:98:8F:53:15:67,Christopherwifi,[WPA2_WPA3_PSK],2025-12-3 15:34:35,6,-89,34.0366058,-117.0974808,638.60,1.50,WIFI
F4:52:46:FB:B0:28,SpectrumSetup-A9,[WPA2_PSK],2025-12-3 15:34:35,6,-90,34.0366058,-117.0974808,638.60,1.50,WIFI
92:06:C3:C8:40:35,,[WPA2_PSK],2025-12-3 15:34:39,10,-86,34.0366898,-117.0982285,643.10,1.50,WIFI
54:07:7D:1F:5D:8D,NETGEAR88,[WPA2_PSK],2025-12-3 15:34:39,10,-89,34.0366898,-117.0982285,643.10,1.50,WIFI
90:9A:4A:CC:91:D7,Lanes_2G,[WPA2_PSK],2025-12-3 15:34:48,5,-87,34.0366821,-117.1002426,648.70,1.50,WIFI
CE:57:63:5D:CC:61,TOYOTA Sequoia-2.4g_5dcc61,[WPA2_PSK],2025-12-3 15:34:49,6,-90,34.0366783,-117.1004944,648.40,1.50,WIFI
92:06:C3:C8:40:36,Gilmore,[WPA2_PSK],2025-12-3 15:34:53,10,-89,34.0366745,-117.1015244,646.80,1.50,WIFI
78:29:ED:FE:6D:95,MySpectrumWiFi97-2G,[WPA2_PSK],2025-12-3 15:34:54,11,-83,34.0366745,-117.1017914,646.40,1.50,WIFI
80:CC:9C:60:38:01,Rusty Compass Ranch,[WPA2_WPA3_PSK],2025-12-3 15:34:54,11,-86,34.0366745,-117.1017914,646.40,1.50,WIFI
CE:9E:43:C0:E2:10,,[WPA2_PSK],2025-12-3 15:35:0,3,-89,34.0367203,-117.1033630,643.60,1.50,WIFI
F0:B6:61:8F:AF:8A,,[OPEN],2025-12-3 15:35:8,11,-83,34.0375328,-117.1051712,643.20,1.50,WIFI
F0:B6:61:8F:AF:87,peachlembu,[WPA2_WPA3_PSK],2025-12-3 15:35:8,11,-83,34.0375328,-117.1051712,643.20,1.50,WIFI
F0:B6:61:8F:AF:90,PL guest,[WPA2_WPA3_PSK],2025-12-3 15:35:8,11,-84,34.0375328,-117.1051712,643.20,1.50,WIFI
44:AD:B1:83:62:FE,Ferndog13,[WPA2_PSK],2025-12-3 15:35:8,11,-94,34.0375328,-117.1051712,643.20,1.50,WIFI
C8:9E:43:C0:E2:10,bella,[WPA2_PSK],2025-12-3 15:35:14,3,-89,34.0386467,-117.1059265,645.60,1.50,WIFI
40:D5:21:F7:D4:4A,MBUX 98052,[WPA2_WPA3_PSK],2025-12-3 15:35:22,11,-91,34.0397186,-117.1062851,644.50,1.50,WIFI
64:05:E4:2A:B1:CE,FUCK5-0,[WPA2_PSK],2025-12-3 15:35:29,4,-90,34.0401039,-117.1064453,643.30,1.50,WIFI
28:38:5C:75:8F:A3,Hotspot3SQx,[WPA_WPA2_PSK],2025-12-3 15:36:13,6,-90,34.0439987,-117.1138077,596.40,1.50,WIFI
80:3F:5D:76:99:7A,JCW Co,[WPA2_PSK],2025-12-3 15:36:56,7,-87,34.0483246,-117.1203995,548.50,1.50,WIFI
2C:EA:DC:21:B2:CD,Max,[WPA2_PSK],2025-12-3 15:37:14,11,-94,34.0482864,-117.1209106,545.00,1.50,WIFI
E8:AD:A6:3F:D9:6E,SAEBS-2G,[WPA2_PSK],2025-12-3 15:37:14,11,-95,34.0482864,-117.1209106,545.00,1.50,WIFI
D8:B3:70:A1:F0:1C,KING,[WPA2_PSK],2025-12-3 15:37:23,6,-85,34.0482826,-117.1223984,537.30,1.50,WIFI
26:CD:8D:12:3F:B2,My VW 7315,[WPA2_PSK],2025-12-3 15:37:23,6,-86,34.0482826,-117.1223984,537.30,1.50,WIFI
70:A7:41:72:A5:3E,UniFi Dream Machine,[WPA2_PSK],2025-12-3 15:37:23,6,-92,34.0482826,-117.1223984,537.30,1.50,WIFI
00:54:AF:B6:FB:1B,HotspotFB1B,[WPA_WPA2_PSK],2025-12-3 15:37:24,7,-89,34.0482864,-117.1225967,536.60,1.50,WIFI
24:F3:E3:74:AE:86,31144,[WPA2_PSK],2025-12-3 15:37:28,11,-84,34.0482979,-117.1234207,534.30,1.50,WIFI
E4:38:83:8B:23:56,Moore Manor,[WPA2_PSK],2025-12-3 15:37:28,11,-91,34.0482979,-117.1234207,534.30,1.50,WIFI
94:F7:17:B8:A0:90,,[WPA_WPA2_PSK],2025-12-3 15:37:29,1,-72,34.0482979,-117.1236343,533.70,1.50,WIFI
38:88:71:45:9F:29,Verizon_9PQLD4,[WPA2_PSK],2025-12-3 15:37:37,6,-79,34.0483131,-117.1253281,526.40,1.50,WIFI
44:AC:85:B6:95:E6,Frontier8656,[WPA2_PSK],2025-12-3 15:37:51,6,-86,34.0483322,-117.1282959,518.80,1.50,WIFI
C8:C6:FE:03:AD:43,,[WPA3_PSK],2025-12-3 15:37:51,6,-91,34.0483322,-117.1282959,518.80,1.50,WIFI
2A:81:DA:29:5C:5B,Star Power,[WPA2_PSK],2025-12-3 15:37:51,6,-93,34.0483322,-117.1282959,518.80,1.50,WIFI
F4:92:BF:67:39:6F,Driessnack-WiFi,[WPA2_PSK],2025-12-3 15:37:56,11,-76,34.0483437,-117.1294250,518.70,1.50,WIFI
FA:92:BF:67:39:6F,,[WPA2_PSK],2025-12-3 15:37:56,11,-77,34.0483437,-117.1294250,518.70,1.50,WIFI
72:D7:9A:7A:1A:2F,,[WPA2_PSK],2025-12-3 15:37:56,11,-91,34.0483437,-117.1294250,518.70,1.50,WIFI
54:B7:BD:DF:99:DF,Verizon_N3DCV6,[WPA2_PSK],2025-12-3 15:37:57,1,-67,34.0483437,-117.1296616,518.90,1.50,WIFI
5C:01:3B:F1:64:A1,PNR08IF3106C0DE0AD,[OPEN],2025-12-3 15:37:57,1,-80,34.0483437,-117.1296616,518.90,1.50,WIFI
FC:E8:C0:83:4A:BD,PNR08IF3105DBA90B0,[OPEN],2025-12-3 15:37:57,1,-82,34.0483437,-117.1296616,518.90,1.50,WIFI
AA:6E:84:8A:DC:75,,[WPA2_PSK],2025-12-3 15:37:57,1,-84,34.0483437,-117.1296616,518.90,1.50,WIFI
FC:E8:C0:83:4B:21,PNR08IF3105DBA40AB,[OPEN],2025-12-3 15:37:57,1,-87,34.0483437,-117.1296616,518.90,1.50,WIFI
5C:01:3B:F1:64:49,PNR08IF3106C0DB0AA,[OPEN],2025-12-3 15:37:57,1,-89,34.0483437,-117.1296616,518.90,1.50,WIFI
88:DE:7C:BE:8B:96,Verizon_CSW3M3,[WPA2_PSK],2025-12-3 15:38:12,1,-89,34.0483627,-117.1327362,513.50,1.50,WIFI
90:9A:4A:CF:EA:26,Scott,[WPA2_PSK],2025-12-3 15:38:16,3,-76,34.0483704,-117.1335907,511.50,1.50,WIFI
AA:A7:B9:A5:BB:B8,Scott,[WPA2_PSK],2025-12-3 15:38:16,3,-79,34.0483704,-117.1335907,511.50,1.50,WIFI
AA:A7:B9:A5:BB:BF,,[WPA2_PSK],2025-12-3 15:38:16,3,-81,34.0483704,-117.1335907,511.50,1.50,WIFI
96:9A:4A:CF:EA:26,,[WPA2_PSK],2025-12-3 15:38:16,3,-81,34.0483704,-117.1335907,511.50,1.50,WIFI
42:84:6A:F1:12:BA,,[WPA2_PSK],2025-12-3 15:38:16,3,-81,34.0483704,-117.1335907,511.50,1.50,WIFI
42:84:6A:F1:12:B2,,[WPA2_PSK],2025-12-3 15:38:16,3,-86,34.0483704,-117.1335907,511.50,1.50,WIFI
3C:84:6A:F1:12:B2,Scott,[WPA2_PSK],2025-12-3 15:38:16,3,-87,34.0483704,-117.1335907,511.50,1.50,WIFI
3C:84:6A:F1:12:BA,Scott,[WPA2_PSK],2025-12-3 15:38:16,3,-87,34.0483704,-117.1335907,511.50,1.50,WIFI
3C:84:6A:F1:12:B6,Scott,[WPA2_PSK],2025-12-3 15:38:16,3,-90,34.0483704,-117.1335907,511.50,1.50,WIFI
24:2D:6C:12:4E:88,abc123,[WPA2_PSK],2025-12-3 15:38:19,6,-78,34.0483742,-117.1342392,510.30,1.50,WIFI
24:2D:6C:12:4E:8B,,[OPEN],2025-12-3 15:38:19,6,-78,34.0483742,-117.1342392,510.30,1.50,WIFI
24:2D:6C:12:4E:85,,[WPA3_PSK],2025-12-3 15:38:19,6,-79,34.0483742,-117.1342392,510.30,1.50,WIFI
24:2D:6C:12:4E:91,abc123 traeger,[WPA2_PSK],2025-12-3 15:38:19,6,-80,34.0483742,-117.1342392,510.30,1.50,WIFI
24:2D:6C:6B:2D:05,,[WPA3_PSK],2025-12-3 15:38:19,6,-90,34.0483742,-117.1342392,510.30,1.50,WIFI
78:D2:94:73:4F:40,NETGEAR04,[WPA2_PSK],2025-12-3 15:38:26,1,-90,34.0483932,-117.1357651,505.60,1.50,WIFI
58:96:71:08:4A:A2,Verizon_RWFDR3,[WPA2_PSK],2025-12-3 15:38:26,1,-91,34.0483932,-117.1357651,505.60,1.50,WIFI
AC:91:9B:C0:97:0A,Verizon_6TPYV7,[WPA2_PSK],2025-12-3 15:38:26,1,-95,34.0483932,-117.1357651,505.60,1.50,WIFI
A8:A2:37:86:F8:8C,Verizon_3XNBVH,[WPA2_PSK],2025-12-3 15:38:26,1,-98,34.0483932,-117.1357651,505.60,1.50,WIFI
04:17:B6:37:9C:3E,,[WPA_WPA2_PSK],2025-12-3 15:38:30,3,-92,34.0484047,-117.1366501,502.10,1.50,WIFI
24:41:FE:52:E8:72,Verizon_7LBVW6,[WPA2_PSK],2025-12-3 15:38:33,6,-84,34.0484161,-117.1372223,500.40,1.50,WIFI
58:96:71:57:E6:B2,Verizon_GRBG37,[WPA2_PSK],2025-12-3 15:38:33,6,-85,34.0484161,-117.1372223,500.40,1.50,WIFI
00:80:AE:E5:92:4F,hugh438563,[WPA2_PSK],2025-12-3 15:38:33,6,-86,34.0484161,-117.1372223,500.40,1.50,WIFI
06:80:AE:74:20:96,,[WPA2_PSK],2025-12-3 15:38:33,6,-87,34.0484161,-117.1372223,500.40,1.50,WIFI
06:80:AE:E5:92:4F,,[WPA2_PSK],2025-12-3 15:38:33,6,-89,34.0484161,-117.1372223,500.40,1.50,WIFI
74:90:BC:AD:F7:1B,Verizon_VH4D49,[WPA2_PSK],2025-12-3 15:38:33,6,-90,34.0484161,-117.1372223,500.40,1.50,WIFI
00:80:AE:74:20:96,hugh438563,[WPA2_PSK],2025-12-3 15:38:33,6,-91,34.0484161,-117.1372223,500.40,1.50,WIFI
24:41:FE:95:2E:4A,Verizon_VQQR4Y,[WPA2_PSK],2025-12-3 15:38:38,11,-86,34.0484314,-117.1379166,498.90,1.50,WIFI
5E:96:71:07:FB:EE,Verizon_9KM3LL-Guest,[WPA2_PSK],2025-12-3 15:38:38,11,-91,34.0484314,-117.1379166,498.90,1.50,WIFI
64:05:E4:64:20:FE,CarPlay_20fe,[WPA2_PSK],2025-12-3 15:38:40,1,-83,34.0484390,-117.1380844,498.50,1.50,WIFI
B8:82:F2:16:85:7A,Verizon_JY9HJV,[WPA2_PSK],2025-12-3 15:38:40,1,-92,34.0484390,-117.1380844,498.50,1.50,WIFI
4C:01:43:71:C1:59,,[OPEN],2025-12-3 15:38:47,6,-84,34.0484657,-117.1383820,497.80,1.50,WIFI
4C:01:43:71:C1:53,,[WPA3_PSK],2025-12-3 15:38:47,6,-84,34.0484657,-117.1383820,497.80,1.50,WIFI
54:B7:BD:1F:91:34,Verizon_VQX6S3,[WPA2_PSK],2025-12-3 15:38:47,6,-87,34.0484657,-117.1383820,497.80,1.50,WIFI
AC:91:9B:D3:0F:72,Verizon_W7W7JL,[WPA2_PSK],2025-12-3 15:38:47,6,-92,34.0484657,-117.1383820,497.80,1.50,WIFI
94:18:65:CE:D8:0B,ORBI99,[WPA2_WPA3_PSK],2025-12-3 15:38:49,8,-90,34.0484734,-117.1385498,497.40,1.50,WIFI
F0:72:EA:1D:1E:3A,BrittanyL,[WPA2_PSK],2025-12-3 15:38:54,1,-87,34.0484734,-117.1388016,497.20,1.50,WIFI
A8:A2:37:CA:B1:23,Verizon_9Q4HGD,[WPA2_PSK],2025-12-3 15:38:54,1,-92,34.0484734,-117.1388016,497.20,1.50,WIFI
B6:B6:86:14:26:B4,DIRECT-B4-HP ENVY Photo 6200,[WPA2_PSK],2025-12-3 15:38:54,1,-92,34.0484734,-117.1388016,497.20,1.50,WIFI
AC:DF:9F:88:A7:E6,TMOBILE-A7E4,[WPA2_WPA3_PSK],2025-12-3 15:39:0,5,-86,34.0486565,-117.1389618,496.10,1.50,WIFI
9C:C8:FC:0E:0A:D8,Frontier0960,[WPA2_PSK],2025-12-3 15:39:1,6,-88,34.0487442,-117.1389694,495.50,1.50,WIFI
74:90:BC:AD:C0:2F,Verizon_6KR9NV,[WPA2_PSK],2025-12-3 15:39:1,6,-90,34.0487442,-117.1389694,495.50,1.50,WIFI
1E:BF:CE:EA:7D:53,csc-hub-0111,[WPA2_PSK],2025-12-3 15:39:5,10,-84,34.0492401,-117.1389771,492.60,1.50,WIFI
2C:00:AB:9F:96:50,Frontier4784,[WPA2_PSK],2025-12-3 15:39:6,11,-77,34.0493851,-117.1389771,491.90,1.50,WIFI
0A:80:AE:A4:38:88,,[WPA2_PSK],2025-12-3 15:39:6,11,-84,34.0493851,-117.1389771,491.90,1.50,WIFI
58:96:71:07:FB:EE,Verizon_9KM3LL,[WPA2_PSK],2025-12-3 15:39:6,11,-86,34.0493851,-117.1389771,491.90,1.50,WIFI
B2:AB:57:20:8A:FC,EP Castle,[WPA2_PSK],2025-12-3 15:39:15,6,-68,34.0508156,-117.1389847,485.00,1.50,WIFI
B2:AB:57:50:8A:FC,,[WPA2_PSK],2025-12-3 15:39:15,6,-69,34.0508156,-117.1389847,485.00,1.50,WIFI
B2:AB:57:80:8A:FC,,[WPA2_PSK],2025-12-3 15:39:15,6,-74,34.0508156,-117.1389847,485.00,1.50,WIFI
60:B7:6E:B6:E6:FB,DG1670,[WPA2_PSK],2025-12-3 15:39:15,6,-84,34.0508156,-117.1389847,485.00,1.50,WIFI
74:B6:B6:88:AE:03,,[WPA3_PSK],2025-12-3 15:39:15,6,-87,34.0508156,-117.1389847,485.00,1.50,WIFI
44:AD:B1:7E:E6:26,SpectrumSetup-20,[WPA2_PSK],2025-12-3 15:39:15,6,-88,34.0508156,-117.1389847,485.00,1.50,WIFI
18:58:80:B4:A1:B3,TMOBILE-A1B1,[WPA2_WPA3_PSK],2025-12-3 15:39:15,6,-88,34.0508156,-117.1389847,485.00,1.50,WIFI
30:57:8E:15:3E:06,spectrumsetup-08,[WPA2_PSK],2025-12-3 15:39:20,11,-64,34.0516396,-117.1389923,481.40,1.50,WIFI
30:57:8E:15:3E:09,,[OPEN],2025-12-3 15:39:20,11,-69,34.0516396,-117.1389923,481.40,1.50,WIFI
30:57:8E:15:3E:03,,[WPA3_PSK],2025-12-3 15:39:20,11,-69,34.0516396,-117.1389923,481.40,1.50,WIFI
84:70:D7:21:D6:04,,[WPA3_PSK],2025-12-3 15:39:20,11,-71,34.0516396,-117.1389923,481.40,1.50,WIFI
84:70:D7:21:D6:0A,,[OPEN],2025-12-3 15:39:20,11,-71,34.0516396,-117.1389923,481.40,1.50,WIFI
84:70:D7:21:D6:07,spectrumsetup-08,[WPA2_PSK],2025-12-3 15:39:20,11,-71,34.0516396,-117.1389923,481.40,1.50,WIFI
58:96:71:08:13:1E,Verizon_7SNQTG,[WPA2_PSK],2025-12-3 15:39:20,11,-74,34.0516396,-117.1389923,481.40,1.50,WIFI
E4:19:7F:05:73:86,Chiliwili,[WPA2_PSK],2025-12-3 15:39:20,11,-86,34.0516396,-117.1389923,481.40,1.50,WIFI
E4:19:7F:05:73:89,,[OPEN],2025-12-3 15:39:20,11,-87,34.0516396,-117.1389923,481.40,1.50,WIFI
58:96:71:53:B4:BA,Verizon_96KKHN,[WPA2_PSK],2025-12-3 15:39:24,1,-75,34.0523109,-117.1389923,478.50,1.50,WIFI
F8:BC:0E:18:40:A6,Carias72,[WPA2_PSK],2025-12-3 15:39:24,1,-86,34.0523109,-117.1389923,478.50,1.50,WIFI
DE:07:B6:92:9A:7A,,[WPA2_PSK],2025-12-3 15:39:27,4,-86,34.0528221,-117.1389923,476.50,1.50,WIFI
B0:95:75:C0:E2:7A,Sihotang Wifi,[WPA2_PSK],2025-12-3 15:39:27,4,-90,34.0528221,-117.1389923,476.50,1.50,WIFI
DE:07:B6:92:A6:C2,,[WPA2_PSK],2025-12-3 15:39:27,4,-90,34.0528221,-117.1389923,476.50,1.50,WIFI
B0:95:75:C0:D1:16,Sihotang Wifi,[WPA2_PSK],2025-12-3 15:39:27,4,-92,34.0528221,-117.1389923,476.50,1.50,WIFI
F8:E4:FB:67:DE:F9,2B5NC,[WPA_WPA2_PSK],2025-12-3 15:39:29,6,-67,34.0531616,-117.1389923,475.10,1.50,WIFI
C4:A8:16:75:AC:45,,[WPA3_PSK],2025-12-3 15:39:29,6,-75,34.0531616,-117.1389923,475.10,1.50,WIFI
C4:A8:16:75:AC:4B,,[OPEN],2025-12-3 15:39:29,6,-76,34.0531616,-117.1389923,475.10,1.50,WIFI
24:41:FE:D7:87:AA,Verizon_79PHDM,[WPA2_PSK],2025-12-3 15:39:29,6,-80,34.0531616,-117.1389923,475.10,1.50,WIFI
30:57:8E:B7:7B:89,,[OPEN],2025-12-3 15:39:29,6,-86,34.0531616,-117.1389923,475.10,1.50,WIFI
52:14:79:BA:E0:A8,iRobot-CC6D,[OPEN],2025-12-3 15:39:29,6,-88,34.0531616,-117.1389923,475.10,1.50,WIFI
B8:66:85:CD:FA:06,MySpectrumWiFi00-2G,[WPA2_PSK],2025-12-3 15:39:29,6,-91,34.0531616,-117.1389923,475.10,1.50,WIFI
A4:11:62:61:43:06,ARLO_VMB_6422557474,[WPA2_PSK],2025-12-3 15:39:29,6,-92,34.0531616,-117.1389923,475.10,1.50,WIFI
D8:EC:5E:81:74:D2,H4F Home,[WPA2_WPA3_PSK],2025-12-3 15:39:31,8,-62,34.0534973,-117.1389999,473.90,1.50,WIFI
DE:EC:5E:81:74:D2,,[WPA2_PSK],2025-12-3 15:39:31,8,-62,34.0534973,-117.1389999,473.90,1.50,WIFI
50:33:8B:E8:B1:08,,[WPA2_PSK],2025-12-3 15:39:31,8,-75,34.0534973,-117.1389999,473.90,1.50,WIFI
DE:EC:5E:81:74:96,,[WPA2_PSK],2025-12-3 15:39:31,8,-90,34.0534973,-117.1389999,473.90,1.50,WIFI
8C:90:2D:E7:DE:9D,Niles Home,[WPA2_PSK],2025-12-3 15:39:32,9,-69,34.0536652,-117.1389999,473.30,1.50,WIFI
82:90:2D:E7:DE:9F,,[WPA2_PSK],2025-12-3 15:39:32,9,-72,34.0536652,-117.1389999,473.30,1.50,WIFI
34:98:B5:F7:41:E7,,[WPA2_PSK],2025-12-3 15:39:32,9,-84,34.0536652,-117.1389999,473.30,1.50,WIFI
3A:98:B5:F7:41:E7,ORBIORBI,[WPA2_PSK],2025-12-3 15:39:32,9,-84,34.0536652,-117.1389999,473.30,1.50,WIFI
34:98:B5:F6:44:CD,ORBIORBI,[WPA2_PSK],2025-12-3 15:39:32,9,-84,34.0536652,-117.1389999,473.30,1.50,WIFI
3A:98:B5:F6:44:CD,,[WPA2_PSK],2025-12-3 15:39:32,9,-87,34.0536652,-117.1389999,473.30,1.50,WIFI
DC:4A:3E:35:7A:1A,DIRECT-18-HP ENVY 4520 series,[WPA2_PSK],2025-12-3 15:39:34,11,-65,34.0539856,-117.1389999,472.20,1.50,WIFI
88:67:46:93:3C:C9,,[OPEN],2025-12-3 15:39:34,11,-66,34.0539856,-117.1389999,472.20,1.50,WIFI
88:67:46:93:3C:C6,Neil’s Wifi,[WPA2_PSK],2025-12-3 15:39:34,11,-72,34.0539856,-117.1389999,472.20,1.50,WIFI
88:67:46:95:29:43,,[WPA3_PSK],2025-12-3 15:39:34,11,-74,34.0539856,-117.1389999,472.20,1.50,WIFI
88:67:46:95:29:49,,[OPEN],2025-12-3 15:39:34,11,-75,34.0539856,-117.1389999,472.20,1.50,WIFI
88:67:46:95:29:46,Neil’s Wifi,[WPA2_PSK],2025-12-3 15:39:34,11,-75,34.0539856,-117.1389999,472.20,1.50,WIFI
B8:66:85:D2:9B:DE,MySpectrumWiFid8-2G,[WPA2_PSK],2025-12-3 15:39:34,11,-79,34.0539856,-117.1389999,472.20,1.50,WIFI
A0:89:66:9E:B4:D8,,[WPA_WPA2_PSK],2025-12-3 15:39:34,11,-79,34.0539856,-117.1389999,472.20,1.50,WIFI
F8:2D:C0:66:32:88,Frontier9840,[WPA2_PSK],2025-12-3 15:39:34,11,-88,34.0539856,-117.1389999,472.20,1.50,WIFI
4E:EB:BD:0D:43:6E,DIRECT-6e-HP M118 LaserJet,[WPA2_PSK],2025-12-3 15:39:34,11,-91,34.0539856,-117.1389999,472.20,1.50,WIFI
CA:41:1E:F4:CF:02,,[WPA2_PSK],2025-12-3 15:39:34,11,-91,34.0539856,-117.1389999,472.20,1.50,WIFI
B8:66:85:C8:CC:16,MySpectrumWiFi10-2G,[WPA2_PSK],2025-12-3 15:39:34,11,-93,34.0539856,-117.1389999,472.20,1.50,WIFI
CA:41:1E:F4:DC:45,,[WPA2_PSK],2025-12-3 15:39:34,11,-94,34.0539856,-117.1389999,472.20,1.50,WIFI
12:7B:65:63:44:E6,,[WPA2_PSK],2025-12-3 15:39:37,1,-77,34.0544243,-117.1390076,471.60,1.50,WIFI
6E:21:A2:A4:E0:1C,SunPower27014,[WPA2_PSK],2025-12-3 15:39:37,1,-85,34.0544243,-117.1390076,471.60,1.50,WIFI
BA:2D:28:3D:8E:1A,SunPower36847,[WPA2_PSK],2025-12-3 15:39:37,1,-90,34.0544243,-117.1390076,471.60,1.50,WIFI
FC:34:97:D7:D9:78,Spectrum Internet ,[WPA2_PSK],2025-12-3 15:39:41,3,-88,34.0548973,-117.1390152,468.90,1.50,WIFI
D4:05:DE:20:74:E4,,[WPA3_PSK],2025-12-3 15:39:44,6,-67,34.0551529,-117.1390152,467.90,1.50,WIFI
D4:05:DE:20:74:EA,,[OPEN],2025-12-3 15:39:44,6,-67,34.0551529,-117.1390152,467.90,1.50,WIFI
D4:05:DE:20:74:E7,ChamHome,[WPA2_WPA3_PSK],2025-12-3 15:39:44,6,-68,34.0551529,-117.1390152,467.90,1.50,WIFI
D4:05:DE:20:74:F0,ChamHome Guest,[WPA2_WPA3_PSK],2025-12-3 15:39:44,6,-68,34.0551529,-117.1390152,467.90,1.50,WIFI
FC:12:63:A1:1C:A9,SpectrumSetup-AB,[WPA2_PSK],2025-12-3 15:39:44,6,-70,34.0551529,-117.1390152,467.90,1.50,WIFI
6E:02:E0:35:94:F6,DIRECT-F6-HP ENVY Photo 7100,[WPA2_PSK],2025-12-3 15:39:44,6,-73,34.0551529,-117.1390152,467.90,1.50,WIFI
D4:05:DE:18:78:EA,,[OPEN],2025-12-3 15:39:44,6,-76,34.0551529,-117.1390152,467.90,1.50,WIFI
D4:05:DE:18:78:E4,,[WPA3_PSK],2025-12-3 15:39:44,6,-78,34.0551529,-117.1390152,467.90,1.50,WIFI
D4:05:DE:18:78:E7,ChamHome,[WPA2_WPA3_PSK],2025-12-3 15:39:44,6,-83,34.0551529,-117.1390152,467.90,1.50,WIFI
D4:05:DE:2A:EC:C7,ChamHome,[WPA2_WPA3_PSK],2025-12-3 15:39:44,6,-83,34.0551529,-117.1390152,467.90,1.50,WIFI
D4:05:DE:18:78:F0,ChamHome Guest,[WPA2_WPA3_PSK],2025-12-3 15:39:44,6,-84,34.0551529,-117.1390152,467.90,1.50,WIFI
A0:8A:06:7E:D1:6B,SpectrumSetup-D16E,[WPA2_PSK],2025-12-3 15:39:44,6,-84,34.0551529,-117.1390152,467.90,1.50,WIFI
D4:05:DE:2A:EC:C4,,[WPA3_PSK],2025-12-3 15:39:44,6,-84,34.0551529,-117.1390152,467.90,1.50,WIFI
D4:05:DE:2A:EC:CA,,[OPEN],2025-12-3 15:39:44,6,-85,34.0551529,-117.1390152,467.90,1.50,WIFI
D4:05:DE:2A:EC:D0,ChamHome Guest,[WPA2_WPA3_PSK],2025-12-3 15:39:44,6,-85,34.0551529,-117.1390152,467.90,1.50,WIFI
AC:91:9B:D3:9E:02,Ortiz1,[WPA2_PSK],2025-12-3 15:39:44,6,-86,34.0551529,-117.1390152,467.90,1.50,WIFI
26:22:49:D4:15:D6,IssaHenken,[WPA2_PSK],2025-12-3 15:39:44,6,-87,34.0551529,-117.1390152,467.90,1.50,WIFI
74:93:DA:A4:C4:B9,FiOS-IHI3G,[WPA2_PSK],2025-12-3 15:39:44,6,-88,34.0551529,-117.1390152,467.90,1.50,WIFI
B2:91:9B:D3:9E:02,Ortiz-Guest,[WPA2_PSK],2025-12-3 15:39:44,6,-89,34.0551529,-117.1390152,467.90,1.50,WIFI
A4:53:EE:B7:FC:9D,SIMPLEconnect Fan-b7fc9d,[OPEN],2025-12-3 15:39:44,6,-90,34.0551529,-117.1390152,467.90,1.50,WIFI
FC:B2:D6:C9:06:6C,,[WPA_WPA2_PSK],2025-12-3 15:39:44,7,-68,34.0551529,-117.1390152,467.90,1.50,WIFI
20:9A:7D:1B:12:CE,SpectrumSetup-C8,[WPA2_PSK],2025-12-3 15:39:50,11,-72,34.0553322,-117.1390228,467.20,1.50,WIFI
E4:5E:1B:B3:FC:9A,Citrus2,[WPA2_PSK],2025-12-3 15:39:50,11,-78,34.0553322,-117.1390228,467.20,1.50,WIFI
38:94:ED:97:81:C7,FiOS-E5GCG_2GEXT,[WPA2_PSK],2025-12-3 15:39:50,11,-82,34.0553322,-117.1390228,467.20,1.50,WIFI
28:EC:22:31:6D:89,,[OPEN],2025-12-3 15:39:50,11,-83,34.0553322,-117.1390228,467.20,1.50,WIFI
28:EC:22:31:6D:86,Frontier9808,[WPA2_PSK],2025-12-3 15:39:50,11,-85,34.0553322,-117.1390228,467.20,1.50,WIFI
C8:99:B2:B8:7E:EF,Verizon_V79DZ4,[WPA2_PSK],2025-12-3 15:39:50,11,-86,34.0553322,-117.1390228,467.20,1.50,WIFI
A0:8A:06:48:F0:77,SpectrumF07A,[WPA2_PSK],2025-12-3 15:39:50,11,-88,34.0553322,-117.1390228,467.20,1.50,WIFI
34:DB:9C:68:81:7E,MySpectrumWiFi78-2G,[WPA2_PSK],2025-12-3 15:39:50,11,-90,34.0553322,-117.1390228,467.20,1.50,WIFI
84:EB:3E:FF:68:4F,tlff684e,[WPA2_PSK],2025-12-3 15:39:53,1,-75,34.0554123,-117.1390228,467.00,1.50,WIFI
F8:5B:3B:53:B6:E1,SpectrumSetup-E3,[WPA2_PSK],2025-12-3 15:39:53,1,-77,34.0554123,-117.1390228,467.00,1.50,WIFI
44:AD:B1:82:FC:7E,SpectrumSetup-78,[WPA2_PSK],2025-12-3 15:39:53,1,-87,34.0554123,-117.1390228,467.00,1.50,WIFI
34:DB:9C:6C:46:2E,MySpectrumWiFi28-2G,[WPA2_PSK],2025-12-3 15:39:53,1,-87,34.0554123,-117.1390228,467.00,1.50,WIFI
B2:00:73:D0:B5:49,myChevrolet,[WPA2_PSK],2025-12-3 15:39:59,6,-79,34.0559311,-117.1390152,464.80,1.50,WIFI
64:DA:ED:3F:91:63,,[WPA3_PSK],2025-12-3 15:39:59,6,-79,34.0559311,-117.1390152,464.80,1.50,WIFI
80:EA:96:F2:9B:9C,Airport WIFI,[WPA_WPA2_PSK],2025-12-3 15:39:59,6,-88,34.0559311,-117.1390152,464.80,1.50,WIFI
98:C8:54:AA:33:33,Verizon_MN3SM6,[WPA2_PSK],2025-12-3 15:39:59,6,-90,34.0559311,-117.1390152,464.80,1.50,WIFI
28:80:88:42:F3:54,Snickers LLC,[WPA2_PSK],2025-12-3 15:40:1,8,-82,34.0561638,-117.1390152,464.00,1.50,WIFI
28:80:88:36:F9:0D,Snickers LLC,[WPA2_PSK],2025-12-3 15:40:1,8,-93,34.0561638,-117.1390152,464.00,1.50,WIFI
FC:3F:A6:EB:45:C3,,[WPA3_PSK],2025-12-3 15:40:4,11,-69,34.0565186,-117.1390152,462.80,1.50,WIFI
FC:3F:A6:EB:45:C9,,[OPEN],2025-12-3 15:40:4,11,-70,34.0565186,-117.1390152,462.80,1.50,WIFI
FC:3F:A6:EB:45:C6,SpaghettiHouse,[WPA2_PSK],2025-12-3 15:40:4,11,-70,34.0565186,-117.1390152,462.80,1.50,WIFI
FC:3F:A6:EB:45:CF,TheHashSlingingSlasher,[WPA2_PSK],2025-12-3 15:40:4,11,-70,34.0565186,-117.1390152,462.80,1.50,WIFI
FC:3F:A6:FB:E9:C6,SpaghettiHouse,[WPA2_PSK],2025-12-3 15:40:4,11,-74,34.0565186,-117.1390152,462.80,1.50,WIFI
FC:3F:A6:FB:E9:CF,TheHashSlingingSlasher,[WPA2_PSK],2025-12-3 15:40:4,11,-74,34.0565186,-117.1390152,462.80,1.50,WIFI
60:F4:19:07:87:4F,Frontier8256_5G Guest,[WPA2_PSK],2025-12-3 15:40:4,11,-75,34.0565186,-117.1390152,462.80,1.50,WIFI
FC:3F:A6:FB:E9:C3,,[WPA3_PSK],2025-12-3 15:40:4,11,-76,34.0565186,-117.1390152,462.80,1.50,WIFI
FC:3F:A6:FB:E9:C9,,[OPEN],2025-12-3 15:40:4,11,-76,34.0565186,-117.1390152,462.80,1.50,WIFI
FC:3F:A6:E9:A2:CF,TheHashSlingingSlasher,[WPA2_PSK],2025-12-3 15:40:4,11,-79,34.0565186,-117.1390152,462.80,1.50,WIFI
24:F3:E3:1E:79:CF,Frontier8256_5G Guest,[WPA2_PSK],2025-12-3 15:40:4,11,-79,34.0565186,-117.1390152,462.80,1.50,WIFI
24:F3:E3:1E:79:C6,Frontier8256_5G,[WPA2_PSK],2025-12-3 15:40:4,11,-80,34.0565186,-117.1390152,462.80,1.50,WIFI
60:F4:19:07:87:46,Frontier8256_5G,[WPA2_PSK],2025-12-3 15:40:4,11,-81,34.0565186,-117.1390152,462.80,1.50,WIFI
94:A6:7E:3C:73:52,Frontier8256_2GEXT,[WPA2_PSK],2025-12-3 15:40:4,11,-84,34.0565186,-117.1390152,462.80,1.50,WIFI
62:E6:F0:4C:63:A7,myGMC Shoff family,[WPA2_PSK],2025-12-3 15:40:7,1,-72,34.0568771,-117.1390076,462.80,1.50,WIFI
A8:E2:C1:67:84:4D,SMA3013679576,[WPA2_PSK],2025-12-3 15:40:7,1,-80,34.0568771,-117.1390076,462.80,1.50,WIFI
A0:89:66:8E:02:C8,,[WPA_WPA2_PSK],2025-12-3 15:40:7,1,-82,34.0568771,-117.1390076,462.80,1.50,WIFI
88:57:1D:7A:8C:0C,[range]_E30AJT7113035H,[WPA2_PSK],2025-12-3 15:40:11,4,-80,34.0573273,-117.1390076,460.60,1.50,WIFI
FC:22:1C:53:AE:BF,PARHAM-EXT,[WPA2_PSK],2025-12-3 15:40:12,5,-76,34.0574303,-117.1390076,460.30,1.50,WIFI
30:23:03:72:E5:23,Dibrom.1,[WPA2_PSK],2025-12-3 15:40:12,5,-90,34.0574303,-117.1390076,460.30,1.50,WIFI
22:AD:56:3D:56:19,expedition,[WPA_WPA2_PSK],2025-12-3 15:40:13,6,-63,34.0575333,-117.1390076,460.20,1.50,WIFI
F0:AB:54:04:ED:2C,Gonzalez Acadia,[WPA2_PSK],2025-12-3 15:40:13,6,-71,34.0575333,-117.1390076,460.20,1.50,WIFI
BC:82:5D:3E:9F:96,WiFi Hotspot 5237,[WPA2_PSK],2025-12-3 15:40:13,6,-82,34.0575333,-117.1390076,460.20,1.50,WIFI
AE:F4:2C:B5:CC:11,Crafton Elementary,[WPA2_PSK],2025-12-3 15:40:13,6,-85,34.0575333,-117.1390076,460.20,1.50,WIFI
C8:D3:FF:03:6B:4F,DIRECT-4E-HP ENVY 4510 series,[WPA2_PSK],2025-12-3 15:40:13,6,-85,34.0575333,-117.1390076,460.20,1.50,WIFI
B0:FC:88:17:F3:2D,SpectrumSetup-27isp,[WPA2_PSK],2025-12-3 15:40:13,6,-89,34.0575333,-117.1390076,460.20,1.50,WIFI
08:36:C9:83:11:87,Yacht Rockin,[WPA2_PSK],2025-12-3 15:40:16,9,-81,34.0578308,-117.1390076,460.30,1.50,WIFI
30:DF:17:CD:CA:15,TOYOTA Grand Highlander-2.4g_cdc,[WPA2_PSK],2025-12-3 15:40:16,9,-86,34.0578308,-117.1390076,460.30,1.50,WIFI
CE:9E:43:CE:DB:0B,,[WPA2_PSK],2025-12-3 15:40:16,9,-92,34.0578308,-117.1390076,460.30,1.50,WIFI
C8:9E:43:CE:DB:0B,Sakiri House 123,[WPA2_PSK],2025-12-3 15:40:16,9,-93,34.0578308,-117.1390076,460.30,1.50,WIFI
88:6A:E3:6E:15:E8,tl6e15e8,[WPA2_PSK],2025-12-3 15:40:18,11,-81,34.0580254,-117.1390076,460.40,1.50,WIFI
5A:E4:03:0B:59:B1,myChevrolet 59b1,[WPA2_PSK],2025-12-3 15:40:18,11,-84,34.0580254,-117.1390076,460.40,1.50,WIFI
FA:8F:CA:6C:15:75,JBL Bar 5.1_6379.l025,[OPEN],2025-12-3 15:40:18,11,-89,34.0580254,-117.1390076,460.40,1.50,WIFI
80:E5:40:D7:8D:B8,Frontier4448,[WPA2_PSK],2025-12-3 15:40:18,11,-89,34.0580254,-117.1390076,460.40,1.50,WIFI
9C:C8:FC:01:AF:58,Frontier1104,[WPA2_PSK],2025-12-3 15:40:18,11,-96,34.0580254,-117.1390076,460.40,1.50,WIFI
28:94:01:5A:0A:47,SpectrumSetup-27,[WPA2_PSK],2025-12-3 15:40:24,3,-72,34.0585823,-117.1390076,460.80,1.50,WIFI
B2:22:7A:8E:9A:63,DIRECT-63-HP OfficeJet Pro 8020,[WPA2_PSK],2025-12-3 15:40:24,3,-81,34.0585823,-117.1390076,460.80,1.50,WIFI
00:54:AF:C2:25:B1,Hotspot25B1,[WPA_WPA2_PSK],2025-12-3 15:40:25,4,-78,34.0586815,-117.1390076,460.80,1.50,WIFI
C2:C4:F9:94:3F:E0,myChevrolet 3EDF,[WPA2_PSK],2025-12-3 15:40:26,5,-74,34.0587730,-117.1390076,460.90,1.50,WIFI
4A:9E:BD:AF:51:41,DIRECT-41-HP OfficeJet Pro 8020,[WPA2_PSK],2025-12-3 15:40:27,6,-78,34.0588684,-117.1390076,460.90,1.50,WIFI
66:E2:20:49:39:8B,myCadillac b90a,[WPA2_PSK],2025-12-3 15:40:27,6,-85,34.0588684,-117.1390076,460.90,1.50,WIFI
1A:BB:E5:2B:BD:F9,SpectrumSetup-F8,[WPA2_PSK],2025-12-3 15:40:27,6,-86,34.0588684,-117.1390076,460.90,1.50,WIFI
5A:E4:03:03:91:E9,myGMC 91E9,[WPA2_PSK],2025-12-3 15:40:28,7,-90,34.0589676,-117.1390076,460.90,1.50,WIFI
9A:98:B5:4A:D1:17,jclan213-Guest,[WPA2_PSK],2025-12-3 15:40:29,8,-81,34.0590668,-117.1390076,461.00,1.50,WIFI
34:98:B5:4A:D1:16,jclan213,[WPA2_PSK],2025-12-3 15:40:29,8,-84,34.0590668,-117.1390076,461.00,1.50,WIFI
34:98:B5:4B:A1:DE,jclan213,[WPA2_PSK],2025-12-3 15:40:29,8,-84,34.0590668,-117.1390076,461.00,1.50,WIFI
C2:98:B5:4B:A1:DF,jclan213-Guest,[WPA2_PSK],2025-12-3 15:40:29,8,-86,34.0590668,-117.1390076,461.00,1.50,WIFI
84:D8:1B:59:60:9A,toms mesh,[WPA2_PSK],2025-12-3 15:40:30,9,-81,34.0591736,-117.1390076,461.00,1.50,WIFI
8A:D8:1B:59:60:9A,,[WPA2_PSK],2025-12-3 15:40:30,9,-86,34.0591736,-117.1390076,461.00,1.50,WIFI
6C:5A:B0:26:D2:A0,TP-Link_D2A0,[WPA_WPA2_PSK],2025-12-3 15:40:30,9,-89,34.0591736,-117.1390076,461.00,1.50,WIFI
00:54:AF:5F:13:9B,Hotspot139B,[WPA_WPA2_PSK],2025-12-3 15:40:30,9,-95,34.0591736,-117.1390076,461.00,1.50,WIFI
6C:5A:B0:27:BC:7C,Pinot Grigio,[WPA2_PSK],2025-12-3 15:40:30,9,-97,34.0591736,-117.1390076,461.00,1.50,WIFI
78:29:ED:C0:06:1E,hello 2.4,[WPA2_PSK],2025-12-3 15:40:32,11,-79,34.0593834,-117.1390076,461.20,1.50,WIFI
34:53:D2:E9:D0:9F,SpectrumRO77,[WPA2_PSK],2025-12-3 15:40:32,11,-82,34.0593834,-117.1390076,461.20,1.50,WIFI
F8:5B:3B:77:9B:48,SpectrumSetup-4A,[WPA2_PSK],2025-12-3 15:40:32,11,-88,34.0593834,-117.1390076,461.20,1.50,WIFI
84:1E:A3:21:D0:06,SpectrumSetup-00,[WPA2_PSK],2025-12-3 15:40:32,11,-96,34.0593834,-117.1390076,461.20,1.50,WIFI
BC:96:E5:C2:11:93,The Squire Network,[WPA2_PSK],2025-12-3 15:40:35,1,-67,34.0597038,-117.1390076,461.20,1.50,WIFI
20:9A:7D:E5:BF:8E,SpectrumSetup-88,[WPA2_PSK],2025-12-3 15:40:35,1,-70,34.0597038,-117.1390076,461.20,1.50,WIFI
A4:11:62:77:E5:FC,ARLO_VMB_5137291997,[WPA2_PSK],2025-12-3 15:40:35,1,-73,34.0597038,-117.1390076,461.20,1.50,WIFI
2A:CF:DA:B2:8C:5A,BL Guest Network,[WPA2_PSK],2025-12-3 15:40:35,1,-76,34.0597038,-117.1390076,461.20,1.50,WIFI
28:CF:DA:B2:8C:59,BL Network,[WPA2_PSK],2025-12-3 15:40:35,1,-77,34.0597038,-117.1390076,461.20,1.50,WIFI
34:53:D2:B2:4E:89,SpectrumSetup-83,[WPA2_PSK],2025-12-3 15:40:35,1,-79,34.0597038,-117.1390076,461.20,1.50,WIFI
C8:D3:FF:FC:AA:B3,DIRECT-B2-HP ENVY 4520 series,[WPA2_PSK],2025-12-3 15:40:35,1,-82,34.0597038,-117.1390076,461.20,1.50,WIFI
24:41:FE:71:55:61,Verizon_44KFNR,[WPA2_PSK],2025-12-3 15:40:35,1,-83,34.0597038,-117.1390076,461.20,1.50,WIFI
22:68:7D:8B:BB:C1,HONDA5276,[WPA2_WPA3_PSK],2025-12-3 15:40:41,6,-71,34.0601425,-117.1390076,461.40,1.50,WIFI
00:30:44:58:80:D1,Kajeet SmartBus,[WPA2_PSK],2025-12-3 15:40:41,6,-72,34.0601425,-117.1390076,461.40,1.50,WIFI
14:DD:A9:86:C0:98,CellSpot_2.4GHz_C098,[WPA2_PSK],2025-12-3 15:40:46,10,-72,34.0601654,-117.1390076,461.30,1.50,WIFI
2C:67:BE:17:5E:E3,SpectrumSetup-5EDF,[WPA2_PSK],2025-12-3 15:40:46,11,-74,34.0601654,-117.1390076,461.30,1.50,WIFI
4C:AB:F8:54:67:ED,SpectrumSetup-EF,[WPA2_PSK],2025-12-3 15:40:46,11,-78,34.0601654,-117.1390076,461.30,1.50,WIFI
C0:3C:04:AE:19:63,SpectrumSetup-5D,[WPA2_PSK],2025-12-3 15:40:46,11,-83,34.0601654,-117.1390076,461.30,1.50,WIFI
A6:97:5C:71:89:55,VTECH_5764_8955,[WPA2_PSK],2025-12-3 15:40:51,1,-73,34.0602455,-117.1389999,461.20,1.50,WIFI
60:45:CB:5D:7E:80,HORNHOUSE,[WPA2_PSK],2025-12-3 15:40:51,1,-78,34.0602455,-117.1389999,461.20,1.50,WIFI
A6:97:5C:71:89:53,VTECH_5764_8953,[WPA2_PSK],2025-12-3 15:40:51,1,-86,34.0602455,-117.1389999,461.20,1.50,WIFI
3C:37:86:85:DE:46,ORBI56,[WPA2_PSK],2025-12-3 15:40:53,3,-90,34.0602455,-117.1389999,461.20,1.50,WIFI
88:DE:7C:B1:32:59,SpectrumSetup-20,[WPA2_PSK],2025-12-3 15:40:56,6,-74,34.0602493,-117.1389999,461.10,1.50,WIFI
FC:12:63:F3:C7:25,SpectrumSetup-27,[WPA2_PSK],2025-12-3 15:40:56,6,-74,34.0602493,-117.1389999,461.10,1.50,WIFI
F4:52:46:94:92:21,SpectrumSetup-9224,[WPA2_PSK],2025-12-3 15:40:56,6,-77,34.0602493,-117.1389999,461.10,1.50,WIFI
86:EA:ED:4A:93:AB,,[WPA2_PSK],2025-12-3 15:41:1,11,-78,34.0604324,-117.1389999,461.00,1.50,WIFI
2C:67:BE:59:17:CA,Richardandstephanie,[WPA2_PSK],2025-12-3 15:41:1,11,-81,34.0604324,-117.1389999,461.00,1.50,WIFI
74:90:BC:AE:93:13,The-Chateau,[WPA2_PSK],2025-12-3 15:41:1,11,-81,34.0604324,-117.1389999,461.00,1.50,WIFI
A4:97:33:A5:F0:A3,SpectrumSetup-A5,[WPA2_PSK],2025-12-3 15:41:1,11,-85,34.0604324,-117.1389999,461.00,1.50,WIFI
94:91:7F:E4:11:8B,Bantu,[WPA2_PSK],2025-12-3 15:41:1,11,-86,34.0604324,-117.1389999,461.00,1.50,WIFI
90:D3:CF:F2:1A:84,SpectrumSetup-1A87,[WPA2_PSK],2025-12-3 15:41:1,11,-88,34.0604324,-117.1389999,461.00,1.50,WIFI
84:A3:29:45:B3:7D,Verizon_7F9ZNR,[WPA2_PSK],2025-12-3 15:41:3,1,-71,34.0605812,-117.1389999,461.00,1.50,WIFI
60:45:CB:5D:7E:81,Hornhouse_2.4,[WPA2_PSK],2025-12-3 15:41:3,1,-74,34.0605812,-117.1389999,461.00,1.50,WIFI
34:53:D2:B6:44:9E,SpectrumSetup-98,[WPA2_PSK],2025-12-3 15:41:3,1,-77,34.0605812,-117.1389999,461.00,1.50,WIFI
48:5D:36:18:96:86,FiOS-4OF82,[WPA2_PSK],2025-12-3 15:41:3,1,-82,34.0605812,-117.1389999,461.00,1.50,WIFI
4C:19:5D:97:D9:34,RoyalCatHiccup,[WPA2_PSK],2025-12-3 15:41:3,1,-83,34.0605812,-117.1389999,461.00,1.50,WIFI
1C:F4:3F:09:43:36,Verizon_J9D94Z,[WPA2_PSK],2025-12-3 15:41:3,1,-87,34.0605812,-117.1389999,461.00,1.50,WIFI
F4:52:46:D0:49:89,DwayneandMegan,[WPA2_PSK],2025-12-3 15:41:3,1,-88,34.0605812,-117.1389999,461.00,1.50,WIFI
D6:E2:2F:50:2A:BB,,[WPA2_PSK],2025-12-3 15:41:3,1,-88,34.0605812,-117.1389999,461.00,1.50,WIFI
12:7B:65:63:44:E5,,[WPA2_PSK],2025-12-3 15:41:3,1,-89,34.0605812,-117.1389999,461.00,1.50,WIFI
10:2C:B1:1C:1E:2A,,[WPA_WPA2_PSK],2025-12-3 15:41:3,2,-81,34.0605812,-117.1389999,461.00,1.50,WIFI
6C:CD:D6:1A:17:E9,Luna 2.4G,[WPA2_PSK],2025-12-3 15:41:9,5,-76,34.0612144,-117.1390076,460.50,1.50,WIFI
00:7F:28:68:A2:02,QN6QC,[WPA2_PSK],2025-12-3 15:41:10,6,-77,34.0613480,-117.1390076,460.60,1.50,WIFI
70:A7:41:7B:F2:1A,Buntu,[WPA2_PSK],2025-12-3 15:41:10,6,-84,34.0613480,-117.1390076,460.60,1.50,WIFI
C4:A8:16:9B:EC:C6,Michael Wifi ,[WPA2_PSK],2025-12-3 15:41:15,11,-83,34.0620155,-117.1390076,460.70,1.50,WIFI
90:D3:CF:25:BE:51,PaigeyTheTimeLord,[WPA2_PSK],2025-12-3 15:41:15,11,-89,34.0620155,-117.1390076,460.70,1.50,WIFI
12:D3:CF:25:BE:51,,[WPA2_PSK],2025-12-3 15:41:15,11,-90,34.0620155,-117.1390076,460.70,1.50,WIFI
84:A0:6E:B7:95:EE,MySpectrumWiFie8-2G,[WPA2_PSK],2025-12-3 15:41:15,11,-91,34.0620155,-117.1390076,460.70,1.50,WIFI
02:D3:CF:25:BE:51,,[WPA2_PSK],2025-12-3 15:41:15,11,-92,34.0620155,-117.1390076,460.70,1.50,WIFI
18:D6:C7:F7:3B:57,JRW,[WPA2_PSK],2025-12-3 15:41:18,1,-77,34.0623665,-117.1390152,460.80,1.50,WIFI
74:37:5F:F8:DF:F1,SpectrumSetup-69,[WPA2_PSK],2025-12-3 15:41:18,1,-78,34.0623665,-117.1390152,460.80,1.50,WIFI
F4:52:46:C0:30:39,SpectrumSetup-AA,[WPA2_PSK],2025-12-3 15:41:18,1,-82,34.0623665,-117.1390152,460.80,1.50,WIFI
74:37:5F:56:1F:CB,SpectrumSetup-C9,[WPA2_PSK],2025-12-3 15:41:18,1,-85,34.0623665,-117.1390152,460.80,1.50,WIFI
D8:13:2A:7A:4B:D1,Windmill AC-EEC64,[OPEN],2025-12-3 15:41:18,1,-85,34.0623665,-117.1390152,460.80,1.50,WIFI
A4:97:33:4C:ED:6D,SpectrumSetup-6F,[WPA2_PSK],2025-12-3 15:41:18,1,-86,34.0623665,-117.1390152,460.80,1.50,WIFI
F8:5B:3B:B3:56:91,SpectrumSetup-93,[WPA2_PSK],2025-12-3 15:41:18,1,-87,34.0623665,-117.1390152,460.80,1.50,WIFI
08:36:C9:F8:D4:E3,ORBI12,[WPA2_PSK],2025-12-3 15:41:22,4,-88,34.0626640,-117.1390152,460.20,1.50,WIFI
6A:7B:1E:E0:0A:B6,,[WPA2_PSK],2025-12-3 15:41:23,5,-81,34.0626945,-117.1390152,460.10,1.50,WIFI
6E:7B:1E:E0:0A:B6,ATTiF257bz,[WPA2_PSK],2025-12-3 15:41:23,5,-82,34.0626945,-117.1390152,460.10,1.50,WIFI
4C:AB:F8:B7:D3:1E,SpectrumSetup-20,[WPA2_PSK],2025-12-3 15:41:24,6,-68,34.0627098,-117.1390152,460.10,1.50,WIFI
24:41:FE:D6:D3:4E,Verizon_MNGR6V,[WPA2_PSK],2025-12-3 15:41:24,6,-83,34.0627098,-117.1390152,460.10,1.50,WIFI
44:AD:B1:7D:EE:96,SpectrumSetup-90,[WPA2_PSK],2025-12-3 15:41:29,11,-78,34.0627098,-117.1390228,460.10,1.50,WIFI
C4:49:BB:2B:AF:D2,Sujay Pippara,[WPA2_PSK],2025-12-3 15:41:29,11,-79,34.0627098,-117.1390228,460.10,1.50,WIFI
0E:36:C9:FB:FC:38,ORBI12,[WPA2_PSK],2025-12-3 15:41:36,4,-82,34.0627403,-117.1390228,460.00,1.50,WIFI
08:36:C9:FB:FC:38,,[WPA2_PSK],2025-12-3 15:41:36,4,-83,34.0627403,-117.1390228,460.00,1.50,WIFI
12:5F:02:1D:07:D7,,[WPA_WPA2_PSK],2025-12-3 15:41:36,4,-88,34.0627403,-117.1390228,460.00,1.50,WIFI
44:1C:A8:DD:22:3C,HUGHES,[WPA2_PSK],2025-12-3 15:41:38,6,-82,34.0628281,-117.1390533,459.70,1.50,WIFI
28:F5:D1:97:0A:01,G34-3401,[WPA2_WPA3_PSK],2025-12-3 15:41:38,6,-84,34.0628281,-117.1390533,459.70,1.50,WIFI
22:E0:19:55:2F:F5,,[WPA2_PSK],2025-12-3 15:41:38,6,-85,34.0628281,-117.1390533,459.70,1.50,WIFI
F0:7B:65:48:A2:D9,SpectrumSetup-D7,[WPA2_PSK],2025-12-3 15:41:38,6,-85,34.0628281,-117.1390533,459.70,1.50,WIFI
D4:3F:32:8B:D6:29,,[OPEN],2025-12-3 15:41:43,11,-83,34.0628662,-117.1395340,458.60,1.50,WIFI
D4:3F:32:8B:D6:26,Frontier,[WPA2_PSK],2025-12-3 15:41:43,11,-83,34.0628662,-117.1395340,458.60,1.50,WIFI
F8:5B:3B:5D:E2:BE,SpectrumSetup-C0,[WPA2_PSK],2025-12-3 15:41:46,1,-72,34.0628281,-117.1399994,457.80,1.50,WIFI
58:9B:4A:AC:78:A9,SpectrumSetup-78A5,[WPA2_PSK],2025-12-3 15:41:46,1,-83,34.0628281,-117.1399994,457.80,1.50,WIFI
4C:AB:F8:EA:B4:D3,SpectrumSetup-D5,[WPA2_PSK],2025-12-3 15:41:46,1,-87,34.0628281,-117.1399994,457.80,1.50,WIFI
9A:2A:6F:1A:04:B2,Depas@24IoT,[WPA2_PSK],2025-12-3 15:41:46,1,-88,34.0628281,-117.1399994,457.80,1.50,WIFI
94:2A:6F:1A:04:B2,Depas@24P,[WPA2_PSK],2025-12-3 15:41:46,1,-89,34.0628281,-117.1399994,457.80,1.50,WIFI
58:9B:4A:9E:A0:B4,SpectrumSetup-8527,[WPA2_PSK],2025-12-3 15:41:46,1,-89,34.0628281,-117.1399994,457.80,1.50,WIFI
A8:6B:AD:EB:5D:BC,WIFIEB5DB9,[WPA2_PSK],2025-12-3 15:41:46,1,-91,34.0628281,-117.1399994,457.80,1.50,WIFI
0E:36:C9:F8:D4:E3,,[WPA2_PSK],2025-12-3 15:41:50,4,-85,34.0628242,-117.1407013,456.20,1.50,WIFI
C4:E5:32:DF:9E:8E,Tommytruants Stuff,[WPA2_WPA3_PSK],2025-12-3 15:41:50,4,-88,34.0628242,-117.1407013,456.20,1.50,WIFI
38:88:71:1F:71:0B,Grace_2u,[WPA2_PSK],2025-12-3 15:41:52,6,-68,34.0628242,-117.1410675,455.30,1.50,WIFI
F8:5B:3B:87:23:90,Widget,[WPA2_PSK],2025-12-3 15:41:52,6,-70,34.0628242,-117.1410675,455.30,1.50,WIFI
F4:69:42:1D:F1:69,SpectrumSetup-6B,[WPA2_PSK],2025-12-3 15:41:52,6,-72,34.0628242,-117.1410675,455.30,1.50,WIFI
4C:AB:F8:6D:AD:04,SpectrumSetup-06,[WPA2_PSK],2025-12-3 15:41:52,6,-79,34.0628242,-117.1410675,455.30,1.50,WIFI
24:41:FE:C0:65:6E,Happy2,[WPA2_PSK],2025-12-3 15:41:52,6,-81,34.0628242,-117.1410675,455.30,1.50,WIFI
88:DE:7C:D8:FC:CF,Ursa Minor,[WPA2_PSK],2025-12-3 15:41:52,6,-82,34.0628242,-117.1410675,455.30,1.50,WIFI
24:41:FE:94:45:FE,ramirez family,[WPA2_PSK],2025-12-3 15:41:52,6,-85,34.0628242,-117.1410675,455.30,1.50,WIFI
A6:05:D6:EE:30:79,,[WPA2_PSK],2025-12-3 15:41:52,6,-88,34.0628242,-117.1410675,455.30,1.50,WIFI
54:65:DE:F7:1D:60,Redlands_Ranch,[WPA2_PSK],2025-12-3 15:41:52,6,-88,34.0628242,-117.1410675,455.30,1.50,WIFI
A2:05:D6:EE:30:79,Redlands Ranch Guest ,[WPA2_PSK],2025-12-3 15:41:52,6,-91,34.0628242,-117.1410675,455.30,1.50,WIFI
AC:91:9B:1E:83:60,ATT458W3XT,[WPA2_PSK],2025-12-3 15:41:56,10,-66,34.0628242,-117.1418152,453.60,1.50,WIFI
48:BA:4E:7A:8C:DE,DIRECT-DD-HP OfficeJet 3830,[WPA2_PSK],2025-12-3 15:41:56,10,-88,34.0628242,-117.1418152,453.60,1.50,WIFI
74:37:5F:CE:92:07,SpectrumSetup-05,[WPA2_PSK],2025-12-3 15:41:57,11,-60,34.0628242,-117.1420059,453.20,1.50,WIFI
90:D3:CF:C0:66:20,scramX-2G,[WPA2_PSK],2025-12-3 15:41:57,11,-65,34.0628242,-117.1420059,453.20,1.50,WIFI
AE:AE:19:C3:CA:03,,[WPA2_PSK],2025-12-3 15:41:57,11,-77,34.0628242,-117.1420059,453.20,1.50,WIFI
BC:96:E5:52:67:8B,Fambam,[WPA2_PSK],2025-12-3 15:41:57,11,-78,34.0628242,-117.1420059,453.20,1.50,WIFI
2C:67:BE:4F:30:61,SpectrumSetup-305D,[WPA2_PSK],2025-12-3 15:42:0,1,-69,34.0628242,-117.1425934,452.10,1.50,WIFI
F4:05:95:A8:1E:27,SpectrumSetup-21,[WPA2_PSK],2025-12-3 15:42:0,1,-82,34.0628242,-117.1425934,452.10,1.50,WIFI
2C:67:BE:46:32:2C,Friendly Neighborhood Spider-lan,[WPA2_PSK],2025-12-3 15:42:0,1,-87,34.0628242,-117.1425934,452.10,1.50,WIFI
7A:33:ED:FC:DA:E3,,[WPA2_PSK],2025-12-3 15:42:0,1,-88,34.0628242,-117.1425934,452.10,1.50,WIFI
F4:05:95:9F:DA:A0,SpectrumSetup-9A,[WPA2_PSK],2025-12-3 15:42:0,1,-88,34.0628242,-117.1425934,452.10,1.50,WIFI
3A:42:0B:4D:43:E2,SONOS-AxsBDAACHzhCC01D4gM=,[OPEN],2025-12-3 15:42:0,1,-89,34.0628242,-117.1425934,452.10,1.50,WIFI
04:17:B6:3E:F3:D2,,[WPA_WPA2_PSK],2025-12-3 15:42:2,2,-91,34.0628242,-117.1429749,451.40,1.50,WIFI
74:B6:B6:59:67:A7,,[OPEN],2025-12-3 15:42:6,6,-63,34.0628242,-117.1437531,449.90,1.50,WIFI
74:B6:B6:59:67:A3,,[WPA3_PSK],2025-12-3 15:42:6,6,-63,34.0628242,-117.1437531,449.90,1.50,WIFI
74:B6:B6:59:67:A5,Superstar,[WPA2_PSK],2025-12-3 15:42:6,6,-64,34.0628242,-117.1437531,449.90,1.50,WIFI
74:93:DA:8E:19:01,SpectrumSetup-27,[WPA2_PSK],2025-12-3 15:42:6,6,-67,34.0628242,-117.1437531,449.90,1.50,WIFI
74:B6:B6:57:CF:83,,[WPA3_PSK],2025-12-3 15:42:6,6,-67,34.0628242,-117.1437531,449.90,1.50,WIFI
74:B6:B6:57:CF:87,,[OPEN],2025-12-3 15:42:6,6,-68,34.0628242,-117.1437531,449.90,1.50,WIFI
74:B6:B6:57:CF:85,Superstar,[WPA2_PSK],2025-12-3 15:42:6,6,-69,34.0628242,-117.1437531,449.90,1.50,WIFI
A4:97:33:76:95:41,SpectrumSetup-43,[WPA2_PSK],2025-12-3 15:42:6,6,-73,34.0628242,-117.1437531,449.90,1.50,WIFI
1A:48:CA:93:6C:59,My VW 2449,[WPA2_PSK],2025-12-3 15:42:6,6,-76,34.0628242,-117.1437531,449.90,1.50,WIFI
F0:B6:61:50:C8:87,Mecham,[WPA2_PSK],2025-12-3 15:42:6,6,-79,34.0628242,-117.1437531,449.90,1.50,WIFI
F0:B6:61:50:C8:8A,,[OPEN],2025-12-3 15:42:6,6,-82,34.0628242,-117.1437531,449.90,1.50,WIFI
74:93:DA:13:C2:C1,SpectrumSetup-C3,[WPA2_PSK],2025-12-3 15:42:6,6,-86,34.0628242,-117.1437531,449.90,1.50,WIFI
3C:28:6D:9C:CE:AE,HoopstersParadise,[WPA2_PSK],2025-12-3 15:42:6,6,-90,34.0628242,-117.1437531,449.90,1.50,WIFI
B2:68:E6:7A:1C:51,DIRECT-51-HP M203 LaserJet,[WPA2_PSK],2025-12-3 15:42:6,6,-91,34.0628242,-117.1437531,449.90,1.50,WIFI
9E:05:D6:90:05:AA,Casa Legno Media,[WPA2_WPA3_PSK],2025-12-3 15:42:10,9,-85,34.0628281,-117.1445007,448.30,1.50,WIFI
BC:96:E5:86:9B:A7,forelight24,[WPA2_PSK],2025-12-3 15:42:12,11,-65,34.0628281,-117.1448822,447.50,1.50,WIFI
2A:97:CD:71:8A:C3,SpectrumSetup-C2,[WPA2_PSK],2025-12-3 15:42:12,11,-78,34.0628281,-117.1448822,447.50,1.50,WIFI
50:27:A9:F6:A1:E5,nini,[WPA2_PSK],2025-12-3 15:42:12,11,-79,34.0628281,-117.1448822,447.50,1.50,WIFI
50:27:A9:F6:A1:E3,,[WPA3_PSK],2025-12-3 15:42:12,11,-80,34.0628281,-117.1448822,447.50,1.50,WIFI
50:27:A9:F6:A1:E7,,[OPEN],2025-12-3 15:42:12,11,-80,34.0628281,-117.1448822,447.50,1.50,WIFI
F0:81:75:D6:E6:5E,SpectrumSetup-58,[WPA2_PSK],2025-12-3 15:42:12,11,-84,34.0628281,-117.1448822,447.50,1.50,WIFI
04:A3:16:47:D1:BE,,[WPA2_PSK],2025-12-3 15:42:15,1,-69,34.0628281,-117.1454391,446.40,1.50,WIFI
3C:58:5D:60:63:C7,TMOBILE-63C1,[WPA2_WPA3_PSK],2025-12-3 15:42:15,1,-73,34.0628281,-117.1454391,446.40,1.50,WIFI
A2:05:D6:BD:89:8E,Casa Legno IOT,[WPA2_PSK],2025-12-3 15:42:15,1,-78,34.0628281,-117.1454391,446.40,1.50,WIFI
A6:05:D6:BD:89:8E,,[WPA2_PSK],2025-12-3 15:42:15,1,-78,34.0628281,-117.1454391,446.40,1.50,WIFI
9C:05:D6:BD:89:8E,Casa Legno Media,[WPA2_WPA3_PSK],2025-12-3 15:42:15,1,-80,34.0628281,-117.1454391,446.40,1.50,WIFI
F0:81:75:F8:CF:AE,SpectrumSetup-A8,[WPA2_PSK],2025-12-3 15:42:15,1,-85,34.0628281,-117.1454391,446.40,1.50,WIFI
4C:19:5D:97:22:13,SpectrumSetup-0D,[WPA2_PSK],2025-12-3 15:42:15,1,-87,34.0628281,-117.1454391,446.40,1.50,WIFI
FC:12:63:35:B6:C0,notouchy,[WPA2_PSK],2025-12-3 15:42:15,1,-90,34.0628281,-117.1454391,446.40,1.50,WIFI
B8:82:F2:1D:CC:C2,Fortress of Solitude,[WPA2_PSK],2025-12-3 15:42:15,1,-90,34.0628281,-117.1454391,446.40,1.50,WIFI
1C:E8:9E:A5:35:CE,[oven] Samsung,[WPA2_PSK],2025-12-3 15:42:15,1,-91,34.0628281,-117.1454391,446.40,1.50,WIFI
C8:9E:43:D9:AA:A1,NETGEAR43,[WPA2_PSK],2025-12-3 15:42:15,2,-81,34.0628281,-117.1454391,446.40,1.50,WIFI
74:DA:88:0E:4C:29,MySpectrumWiFif8-2G_EXT,[WPA_WPA2_PSK],2025-12-3 15:42:15,2,-87,34.0628281,-117.1454391,446.40,1.50,WIFI
1A:91:82:8A:2D:D9,linksysguest,[WPA2_PSK],2025-12-3 15:42:20,5,-86,34.0628281,-117.1463623,444.50,1.50,WIFI
1E:91:82:8A:2D:D9,,[WPA2_PSK],2025-12-3 15:42:20,5,-88,34.0628281,-117.1463623,444.50,1.50,WIFI
4C:53:FD:F6:49:C1,BLINK-0GGV,[OPEN],2025-12-3 15:42:21,6,-63,34.0628281,-117.1465302,444.20,1.50,WIFI
34:53:D2:1C:DA:96,SpectrumSetup-90,[WPA2_PSK],2025-12-3 15:42:21,6,-74,34.0628281,-117.1465302,444.20,1.50,WIFI
44:AD:B1:81:AA:CE,SpectrumSetup-C8,[WPA2_PSK],2025-12-3 15:42:21,6,-75,34.0628281,-117.1465302,444.20,1.50,WIFI
E6:5E:1B:F7:F2:34,Guest WiFi,[WPA2_PSK],2025-12-3 15:42:21,6,-88,34.0628281,-117.1465302,444.20,1.50,WIFI
FC:12:63:A8:91:A9,SpectrumSetup-AB,[WPA2_PSK],2025-12-3 15:42:21,6,-89,34.0628281,-117.1465302,444.20,1.50,WIFI
86:D6:C5:2E:40:A2,SEDG-67236A7E-72,[WPA_WPA2_PSK],2025-12-3 15:42:21,6,-90,34.0628281,-117.1465302,444.20,1.50,WIFI
94:F7:17:D0:AE:64,,[WPA_WPA2_PSK],2025-12-3 15:42:23,8,-74,34.0628242,-117.1468353,443.70,1.50,WIFI
B0:7F:B9:93:9D:98,RAIDERNATION,[WPA2_PSK],2025-12-3 15:42:23,8,-84,34.0628242,-117.1468353,443.70,1.50,WIFI
3C:52:A1:FF:15:72,,[WPA_WPA2_PSK],2025-12-3 15:42:23,8,-93,34.0628242,-117.1468353,443.70,1.50,WIFI
A0:04:60:25:56:DF,netgear96,[WPA2_PSK],2025-12-3 15:42:24,9,-68,34.0628242,-117.1469574,443.40,1.50,WIFI
9C:05:D6:C0:05:AA,Casa Legno IOT,[WPA2_PSK],2025-12-3 15:42:24,9,-85,34.0628242,-117.1469574,443.40,1.50,WIFI
B8:66:85:D1:85:D6,MySpectrumWiFid0-2G,[WPA2_PSK],2025-12-3 15:42:26,11,-74,34.0628242,-117.1471710,443.10,1.50,WIFI
9E:A2:F4:28:D9:16,DodgerChamps2024,[WPA2_PSK],2025-12-3 15:42:33,4,-68,34.0628281,-117.1474457,442.40,1.50,WIFI
9C:A2:F4:78:D9:16,,[WPA2_PSK],2025-12-3 15:42:33,4,-68,34.0628281,-117.1474457,442.40,1.50,WIFI
9C:A2:F4:B8:05:32,,[WPA2_PSK],2025-12-3 15:42:33,4,-89,34.0628281,-117.1474457,442.40,1.50,WIFI
9C:A2:F4:78:FC:AA,,[WPA2_PSK],2025-12-3 15:42:33,4,-89,34.0628281,-117.1474457,442.40,1.50,WIFI
40:ED:00:47:35:4C,TP-Link_354C,[WPA2_PSK],2025-12-3 15:42:34,5,-86,34.0628281,-117.1474609,442.30,1.50,WIFI
2C:EA:DC:00:D2:0C,SpectrumSetup-0E,[WPA2_PSK],2025-12-3 15:42:35,6,-64,34.0628281,-117.1474991,442.30,1.50,WIFI
34:64:A9:87:08:FF,HP-Print-FF-ENVY 4500 series,[WPA2_PSK],2025-12-3 15:42:35,6,-70,34.0628281,-117.1474991,442.30,1.50,WIFI
24:2D:6C:3C:1B:05,,[WPA3_PSK],2025-12-3 15:42:35,6,-70,34.0628281,-117.1474991,442.30,1.50,WIFI
E4:5E:1B:F7:F2:37,VADERNETWORK,[WPA2_PSK],2025-12-3 15:42:35,6,-74,34.0628281,-117.1474991,442.30,1.50,WIFI
24:2D:6C:31:DB:85,,[WPA3_PSK],2025-12-3 15:42:35,6,-77,34.0628281,-117.1474991,442.30,1.50,WIFI
24:2D:6C:31:DB:8B,,[OPEN],2025-12-3 15:42:35,6,-77,34.0628281,-117.1474991,442.30,1.50,WIFI
24:2D:6C:31:DB:88,Living Room Wifi,[WPA2_PSK],2025-12-3 15:42:35,6,-78,34.0628281,-117.1474991,442.30,1.50,WIFI
02:12:63:36:9D:2C,Verizon_F97CXZ_Guest,[WPA2_PSK],2025-12-3 15:42:35,6,-80,34.0628281,-117.1474991,442.30,1.50,WIFI
FC:12:63:36:9D:2C,Verizon_F97CXZ,[WPA2_PSK],2025-12-3 15:42:35,6,-81,34.0628281,-117.1474991,442.30,1.50,WIFI
94:18:65:19:CF:D4,elpadrewoodworks,[WPA2_PSK],2025-12-3 15:42:35,7,-84,34.0628281,-117.1474991,442.30,1.50,WIFI
6C:CD:D6:D5:C1:0F,NETGEAR42,[WPA2_PSK],2025-12-3 15:42:38,9,-74,34.0628281,-117.1477203,441.90,1.50,WIFI
DC:69:B5:36:ED:83,,[WPA3_PSK],2025-12-3 15:42:40,11,-62,34.0628281,-117.1479416,441.50,1.50,WIFI
DC:69:B5:36:ED:89,,[OPEN],2025-12-3 15:42:40,11,-63,34.0628281,-117.1479416,441.50,1.50,WIFI
DC:69:B5:38:EF:43,,[WPA3_PSK],2025-12-3 15:42:40,11,-68,34.0628281,-117.1479416,441.50,1.50,WIFI
DC:69:B5:36:ED:86,Disneyland25,[WPA2_PSK],2025-12-3 15:42:40,11,-69,34.0628281,-117.1479416,441.50,1.50,WIFI
DC:69:B5:38:EF:46,Disneyland25,[WPA2_PSK],2025-12-3 15:42:40,11,-69,34.0628281,-117.1479416,441.50,1.50,WIFI
DC:69:B5:4A:1F:A6,Disneyland25,[WPA2_PSK],2025-12-3 15:42:40,11,-69,34.0628281,-117.1479416,441.50,1.50,WIFI
DC:69:B5:38:EF:49,,[OPEN],2025-12-3 15:42:40,11,-70,34.0628281,-117.1479416,441.50,1.50,WIFI
BC:96:E5:86:51:A9,Macias,[WPA2_PSK],2025-12-3 15:42:40,11,-71,34.0628281,-117.1479416,441.50,1.50,WIFI
DC:69:B5:4A:1F:A3,,[WPA3_PSK],2025-12-3 15:42:40,11,-71,34.0628281,-117.1479416,441.50,1.50,WIFI
DC:69:B5:4A:1F:A9,,[OPEN],2025-12-3 15:42:40,11,-71,34.0628281,-117.1479416,441.50,1.50,WIFI
FC:3D:73:A3:68:86,Sandy Ct,[WPA2_PSK],2025-12-3 15:42:40,11,-75,34.0628281,-117.1479416,441.50,1.50,WIFI
FC:3D:73:A3:68:83,,[WPA3_PSK],2025-12-3 15:42:40,11,-76,34.0628281,-117.1479416,441.50,1.50,WIFI
FC:3D:73:A3:B4:09,,[OPEN],2025-12-3 15:42:40,11,-78,34.0628281,-117.1479416,441.50,1.50,WIFI
A4:11:62:49:08:C4,NTGR_VMB_8572451332,[WPA2_PSK],2025-12-3 15:42:40,11,-83,34.0628281,-117.1479416,441.50,1.50,WIFI
AE:AE:19:B9:53:03,,[WPA2_PSK],2025-12-3 15:42:44,1,-82,34.0628281,-117.1485367,440.20,1.50,WIFI
AE:AE:19:08:50:82,,[WPA2_PSK],2025-12-3 15:42:44,1,-83,34.0628281,-117.1485367,440.20,1.50,WIFI
C8:E3:06:02:71:47,,[OPEN],2025-12-3 15:42:44,1,-85,34.0628281,-117.1485367,440.20,1.50,WIFI
C8:E3:06:02:71:43,,[WPA3_PSK],2025-12-3 15:42:44,1,-86,34.0628281,-117.1485367,440.20,1.50,WIFI
72:7F:F0:1C:71:4C,,[WPA2_PSK],2025-12-3 15:42:47,3,-83,34.0628281,-117.1490707,439.00,1.50,WIFI
72:7F:F0:1C:71:4B,NETGEAR75,[WPA2_WPA3_PSK],2025-12-3 15:42:47,3,-84,34.0628281,-117.1490707,439.00,1.50,WIFI
9C:3D:CF:87:28:EE,ARLO_VMB_1630641230,[WPA2_PSK],2025-12-3 15:42:47,3,-84,34.0628281,-117.1490707,439.00,1.50,WIFI
E0:D3:62:20:EA:08,NETGEAR75_EXT,[WPA2_PSK],2025-12-3 15:42:47,3,-93,34.0628281,-117.1490707,439.00,1.50,WIFI
80:CC:9C:E9:66:EB,VoughtInternational2.4_2GEXT,[WPA2_PSK],2025-12-3 15:42:48,4,-86,34.0628281,-117.1492538,438.50,1.50,WIFI
60:E3:27:ED:69:AA,CRISPHOUSE,[WPA_WPA2_PSK],2025-12-3 15:42:49,5,-76,34.0628281,-117.1494522,438.10,1.50,WIFI
84:D8:1B:7B:49:AB,Dexter,[WPA_WPA2_PSK],2025-12-3 15:42:49,5,-86,34.0628281,-117.1494522,438.10,1.50,WIFI
0C:82:47:4D:73:A8,,[WPA_WPA2_PSK],2025-12-3 15:42:49,5,-88,34.0628281,-117.1494522,438.10,1.50,WIFI
A4:11:62:6F:FE:58,ARLO_VMB_9999482718,[WPA2_PSK],2025-12-3 15:42:49,5,-89,34.0628281,-117.1494522,438.10,1.50,WIFI
2C:67:BE:47:EA:B3,SpectrumSetup-EAAF,[WPA2_PSK],2025-12-3 15:42:50,6,-63,34.0628319,-117.1496506,437.60,1.50,WIFI
0E:67:BE:47:EA:B5,,[WPA2_PSK],2025-12-3 15:42:50,6,-67,34.0628319,-117.1496506,437.60,1.50,WIFI
0E:67:BE:47:EA:B4,,[WPA2_PSK],2025-12-3 15:42:50,6,-68,34.0628319,-117.1496506,437.60,1.50,WIFI
F2:7D:A1:97:7E:AE,SpectrumSetup-EAAF,[WPA2_PSK],2025-12-3 15:42:50,6,-72,34.0628319,-117.1496506,437.60,1.50,WIFI
84:70:D7:9D:EE:84,,[WPA3_PSK],2025-12-3 15:42:50,6,-72,34.0628319,-117.1496506,437.60,1.50,WIFI
84:70:D7:9D:EE:8A,,[OPEN],2025-12-3 15:42:50,6,-72,34.0628319,-117.1496506,437.60,1.50,WIFI
84:70:D7:9D:EE:87,ColtonG,[WPA2_WPA3_PSK],2025-12-3 15:42:50,6,-72,34.0628319,-117.1496506,437.60,1.50,WIFI
F0:7B:65:EF:C2:5B,The Knightens,[WPA2_PSK],2025-12-3 15:42:50,6,-77,34.0628319,-117.1496506,437.60,1.50,WIFI
58:20:B1:D4:3B:8F,HP-Print-8F-ENVY 4500 series,[OPEN],2025-12-3 15:42:50,6,-79,34.0628319,-117.1496506,437.60,1.50,WIFI
74:37:5F:C9:87:93,Alpha7,[WPA2_PSK],2025-12-3 15:42:50,6,-81,34.0628319,-117.1496506,437.60,1.50,WIFI
84:70:D7:85:0B:04,,[WPA3_PSK],2025-12-3 15:42:50,6,-82,34.0628319,-117.1496506,437.60,1.50,WIFI
74:93:DA:0F:75:AD,SpectrumSetup-AF,[WPA2_PSK],2025-12-3 15:42:50,6,-83,34.0628319,-117.1496506,437.60,1.50,WIFI
84:70:D7:85:0B:0A,,[OPEN],2025-12-3 15:42:50,6,-83,34.0628319,-117.1496506,437.60,1.50,WIFI
84:70:D7:85:0B:07,ColtonG,[WPA2_WPA3_PSK],2025-12-3 15:42:50,6,-83,34.0628319,-117.1496506,437.60,1.50,WIFI
A6:6A:44:D6:C7:D8,Master TV,[OPEN],2025-12-3 15:42:50,6,-86,34.0628319,-117.1496506,437.60,1.50,WIFI
C6:A5:11:2B:D2:88,,[WPA2_PSK],2025-12-3 15:42:52,8,-82,34.0628319,-117.1500473,436.80,1.50,WIFI
CA:A5:11:2B:D2:88,ptctaster2511-Guest,[WPA2_PSK],2025-12-3 15:42:52,8,-83,34.0628319,-117.1500473,436.80,1.50,WIFI
6A:EB:B6:28:A3:2C,Asmara,[WPA2_PSK],2025-12-3 15:42:52,8,-84,34.0628319,-117.1500473,436.80,1.50,WIFI
18:B8:1F:52:77:28,Frontier7232,[WPA2_PSK],2025-12-3 15:42:55,11,-71,34.0628319,-117.1506500,435.90,1.50,WIFI
98:1E:19:2D:63:16,MySpectrumWiFi10-2G,[WPA2_PSK],2025-12-3 15:42:55,11,-75,34.0628319,-117.1506500,435.90,1.50,WIFI
F8:2D:C0:DE:0A:68,Frontier3888,[WPA2_PSK],2025-12-3 15:42:55,11,-76,34.0628319,-117.1506500,435.90,1.50,WIFI
B2:6A:41:CD:E9:F8,GuestSalgado,[WPA2_PSK],2025-12-3 15:42:55,11,-77,34.0628319,-117.1506500,435.90,1.50,WIFI
34:53:D2:27:99:C6,SpectrumSetup-C0,[WPA2_PSK],2025-12-3 15:42:55,11,-81,34.0628319,-117.1506500,435.90,1.50,WIFI
22:48:6C:5F:3A:A3,,[WPA2_PSK],2025-12-3 15:42:55,11,-84,34.0628319,-117.1506500,435.90,1.50,WIFI
AC:F1:08:75:2D:54,AT_301_WLRGL5825F_2d54,[WPA2_PSK],2025-12-3 15:42:55,11,-87,34.0628319,-117.1506500,435.90,1.50,WIFI
9C:A3:A9:6D:5F:79,IPCZ68A1994183242,[OPEN],2025-12-3 15:42:57,1,-82,34.0628319,-117.1510391,435.20,1.50,WIFI
A4:57:A0:1A:23:24,Samsung Fridge_E50AJTRA012A,[WPA2_PSK],2025-12-3 15:42:57,1,-84,34.0628319,-117.1510391,435.20,1.50,WIFI
9C:C8:FC:01:F3:08,Frontier8432,[WPA2_PSK],2025-12-3 15:42:57,1,-85,34.0628319,-117.1510391,435.20,1.50,WIFI
38:42:0B:F5:CC:CF,,[WPA2_PSK],2025-12-3 15:43:3,5,-82,34.0628319,-117.1521912,433.00,1.50,WIFI
F0:7B:65:31:C0:2A,SpectrumSetup-C024,[WPA2_PSK],2025-12-3 15:43:4,6,-72,34.0628319,-117.1523743,432.70,1.50,WIFI
50:27:A9:2A:00:A3,,[WPA3_PSK],2025-12-3 15:43:4,6,-72,34.0628319,-117.1523743,432.70,1.50,WIFI
50:27:A9:2A:00:A7,,[OPEN],2025-12-3 15:43:4,6,-72,34.0628319,-117.1523743,432.70,1.50,WIFI
50:27:A9:2A:00:A5,dans_house,[WPA2_PSK],2025-12-3 15:43:4,6,-72,34.0628319,-117.1523743,432.70,1.50,WIFI
88:67:46:64:B9:C6,Your Moms House ,[WPA2_PSK],2025-12-3 15:43:4,6,-78,34.0628319,-117.1523743,432.70,1.50,WIFI
88:67:46:64:B9:C3,,[WPA3_PSK],2025-12-3 15:43:4,6,-79,34.0628319,-117.1523743,432.70,1.50,WIFI
88:67:46:64:B9:C9,,[OPEN],2025-12-3 15:43:4,6,-80,34.0628319,-117.1523743,432.70,1.50,WIFI
50:27:A9:25:4E:43,,[WPA3_PSK],2025-12-3 15:43:4,6,-81,34.0628319,-117.1523743,432.70,1.50,WIFI
50:27:A9:25:4E:47,,[OPEN],2025-12-3 15:43:4,6,-81,34.0628319,-117.1523743,432.70,1.50,WIFI
50:27:A9:25:4E:45,dans_house,[WPA2_PSK],2025-12-3 15:43:4,6,-81,34.0628319,-117.1523743,432.70,1.50,WIFI
84:A0:6E:B4:82:6E,MySpectrumWiFi68-2G,[WPA2_PSK],2025-12-3 15:43:4,6,-81,34.0628319,-117.1523743,432.70,1.50,WIFI
4C:AB:F8:34:EA:19,SpectrumSetup-1B,[WPA2_PSK],2025-12-3 15:43:4,6,-81,34.0628319,-117.1523743,432.70,1.50,WIFI
BE:AB:F8:34:EA:19,,[WPA2_PSK],2025-12-3 15:43:4,6,-82,34.0628319,-117.1523743,432.70,1.50,WIFI
2C:EA:DC:04:B9:F9,Rubydaddywifi,[WPA2_PSK],2025-12-3 15:43:4,6,-88,34.0628319,-117.1523743,432.70,1.50,WIFI
FA:8F:CA:39:4C:94,Bedroom speaker.o,[OPEN],2025-12-3 15:43:4,6,-94,34.0628319,-117.1523743,432.70,1.50,WIFI
78:8C:B5:9D:45:C2,HAL3000,[WPA2_PSK],2025-12-3 15:43:5,7,-91,34.0628319,-117.1525650,432.30,1.50,WIFI
7E:8C:B5:9D:45:C2,,[WPA2_PSK],2025-12-3 15:43:5,7,-91,34.0628319,-117.1525650,432.30,1.50,WIFI
A0:89:66:9E:B0:30,,[WPA_WPA2_PSK],2025-12-3 15:43:5,7,-93,34.0628319,-117.1525650,432.30,1.50,WIFI
2A:64:CF:BE:06:CC,Moms Home ,[WPA2_PSK],2025-12-3 15:43:7,8,-66,34.0628319,-117.1529465,431.50,1.50,WIFI
3C:64:CF:BE:06:CA,,[WPA2_PSK],2025-12-3 15:43:7,8,-72,34.0628319,-117.1529465,431.50,1.50,WIFI
3A:64:CF:BE:07:38,Moms Home ,[WPA2_PSK],2025-12-3 15:43:7,8,-73,34.0628319,-117.1529465,431.50,1.50,WIFI
3C:64:CF:BE:07:46,,[WPA2_PSK],2025-12-3 15:43:7,8,-84,34.0628319,-117.1529465,431.50,1.50,WIFI
3A:64:CF:BE:07:40,Moms Home ,[WPA2_PSK],2025-12-3 15:43:7,8,-86,34.0628319,-117.1529465,431.50,1.50,WIFI
90:09:D0:64:7D:2F,Searching…,[WPA2_WPA3_PSK],2025-12-3 15:43:8,9,-74,34.0628319,-117.1531372,431.10,1.50,WIFI
B2:09:D0:64:7D:2F,Colton,[WPA2_WPA3_PSK],2025-12-3 15:43:8,9,-77,34.0628319,-117.1531372,431.10,1.50,WIFI
90:09:D0:4D:43:C8,Searching…,[WPA2_WPA3_PSK],2025-12-3 15:43:8,9,-88,34.0628319,-117.1531372,431.10,1.50,WIFI
A6:09:D0:4D:43:C8,,[WPA2_PSK],2025-12-3 15:43:8,9,-91,34.0628319,-117.1531372,431.10,1.50,WIFI
B2:09:D0:4D:43:C8,Colton,[WPA2_WPA3_PSK],2025-12-3 15:43:8,9,-92,34.0628319,-117.1531372,431.10,1.50,WIFI
80:78:71:3B:F1:6D,SpectrumSetup-6F,[WPA2_PSK],2025-12-3 15:43:10,11,-56,34.0628319,-117.1535110,430.40,1.50,WIFI
44:AC:85:5D:D9:E6,Beomsu,[WPA2_PSK],2025-12-3 15:43:10,11,-71,34.0628319,-117.1535110,430.40,1.50,WIFI
44:AC:85:5D:D9:E3,,[WPA3_PSK],2025-12-3 15:43:10,11,-73,34.0628319,-117.1535110,430.40,1.50,WIFI
44:AC:85:5D:D9:E9,,[OPEN],2025-12-3 15:43:10,11,-74,34.0628319,-117.1535110,430.40,1.50,WIFI
C8:C6:FE:22:BE:66,Rjem4life,[WPA2_PSK],2025-12-3 15:43:10,11,-75,34.0628319,-117.1535110,430.40,1.50,WIFI
78:29:ED:4C:A7:BD,MySpectrumWiFiBF-2G,[WPA2_PSK],2025-12-3 15:43:10,11,-77,34.0628319,-117.1535110,430.40,1.50,WIFI
F0:81:75:F9:9D:FE,SpectrumSetup-F8,[WPA2_PSK],2025-12-3 15:43:10,11,-80,34.0628319,-117.1535110,430.40,1.50,WIFI
C0:6F:98:92:9A:A6,Rjem4life,[WPA2_PSK],2025-12-3 15:43:10,11,-81,34.0628319,-117.1535110,430.40,1.50,WIFI
C0:6F:98:92:9A:A3,,[WPA3_PSK],2025-12-3 15:43:10,11,-81,34.0628319,-117.1535110,430.40,1.50,WIFI
C0:6F:98:92:9A:A9,,[OPEN],2025-12-3 15:43:10,11,-82,34.0628319,-117.1535110,430.40,1.50,WIFI
82:5B:65:45:6B:38,[LG_Oven]6b38,[WPA2_PSK],2025-12-3 15:43:10,11,-89,34.0628319,-117.1535110,430.40,1.50,WIFI
B4:B9:E6:11:7E:EC,isosceles∆ Guest,[WPA2_PSK],2025-12-3 15:43:10,11,-89,34.0628319,-117.1535110,430.40,1.50,WIFI
F8:5B:3B:20:46:57,SpectrumSetup-59,[WPA2_PSK],2025-12-3 15:43:10,11,-92,34.0628319,-117.1535110,430.40,1.50,WIFI
8E:49:62:D9:FF:F7,,[WPA2_PSK],2025-12-3 15:43:13,1,-81,34.0628319,-117.1540833,430.00,1.50,WIFI
8E:49:62:37:FC:F5,,[WPA2_PSK],2025-12-3 15:43:13,1,-92,34.0628319,-117.1540833,430.00,1.50,WIFI
08:BF:B8:20:BE:98,tubieswifi,[WPA2_PSK],2025-12-3 15:43:17,3,-88,34.0628319,-117.1548157,427.90,1.50,WIFI
AA:A7:B9:A5:56:E7,,[WPA2_PSK],2025-12-3 15:43:18,4,-92,34.0628319,-117.1549988,427.50,1.50,WIFI
F4:69:42:76:39:20,SpectrumSetup-22,[WPA2_PSK],2025-12-3 15:43:20,6,-64,34.0628319,-117.1553497,426.90,1.50,WIFI
8C:DD:0B:A8:5A:47,,[OPEN],2025-12-3 15:43:20,6,-70,34.0628319,-117.1553497,426.90,1.50,WIFI
8C:DD:0B:A8:5A:45,Jalapinoy,[WPA2_PSK],2025-12-3 15:43:20,6,-72,34.0628319,-117.1553497,426.90,1.50,WIFI
08:33:ED:BF:05:5D,SpectrumSetup-79,[WPA2_PSK],2025-12-3 15:43:20,6,-79,34.0628319,-117.1553497,426.90,1.50,WIFI
8C:DD:0B:A6:18:67,,[OPEN],2025-12-3 15:43:20,6,-80,34.0628319,-117.1553497,426.90,1.50,WIFI
8C:DD:0B:A6:18:65,Jalapinoy,[WPA2_PSK],2025-12-3 15:43:20,6,-84,34.0628319,-117.1553497,426.90,1.50,WIFI
4C:19:5D:4C:44:E4,BIGGGGHOUSE,[WPA2_PSK],2025-12-3 15:43:20,6,-88,34.0628319,-117.1553497,426.90,1.50,WIFI
6C:CD:D6:DF:02:AC,get off my lawn,[WPA2_PSK],2025-12-3 15:43:21,7,-82,34.0628319,-117.1555099,426.60,1.50,WIFI
94:F7:17:E8:F0:D0,,[WPA_WPA2_PSK],2025-12-3 15:43:22,8,-61,34.0628319,-117.1556625,426.30,1.50,WIFI
D4:05:DE:97:D1:C7,House 4,[WPA2_PSK],2025-12-3 15:43:25,11,-71,34.0628319,-117.1560364,425.60,1.50,WIFI
D4:05:DE:97:D1:C4,,[WPA3_PSK],2025-12-3 15:43:25,11,-72,34.0628319,-117.1560364,425.60,1.50,WIFI
D4:05:DE:97:D1:CA,,[OPEN],2025-12-3 15:43:25,11,-72,34.0628319,-117.1560364,425.60,1.50,WIFI
A0:8A:06:93:4D:F9,SpectrumSetup-4DFC,[WPA2_PSK],2025-12-3 15:43:25,11,-73,34.0628319,-117.1560364,425.60,1.50,WIFI
2C:67:BE:33:A8:E1,SpectrumSetup-A8DD,[WPA2_PSK],2025-12-3 15:43:25,11,-74,34.0628319,-117.1560364,425.60,1.50,WIFI
9C:0B:05:EF:22:44,,[WPA3_PSK],2025-12-3 15:43:25,11,-77,34.0628319,-117.1560364,425.60,1.50,WIFI
9C:0B:05:EF:22:4A,,[OPEN],2025-12-3 15:43:25,11,-77,34.0628319,-117.1560364,425.60,1.50,WIFI
9C:0B:05:EF:22:47,Gillam House,[WPA2_PSK],2025-12-3 15:43:25,11,-77,34.0628319,-117.1560364,425.60,1.50,WIFI
1C:B0:44:BD:23:FA,SpectrumSetup-FC,[WPA2_PSK],2025-12-3 15:43:25,11,-80,34.0628319,-117.1560364,425.60,1.50,WIFI
76:90:BC:AC:26:36,WilliamsWifi-IoT,[WPA2_PSK],2025-12-3 15:43:25,11,-82,34.0628319,-117.1560364,425.60,1.50,WIFI
58:9B:4A:97:F8:96,Masterchewy,[WPA2_PSK],2025-12-3 15:43:25,11,-83,34.0628319,-117.1560364,425.60,1.50,WIFI
D4:05:DE:75:2B:64,,[WPA3_PSK],2025-12-3 15:43:25,11,-85,34.0628319,-117.1560364,425.60,1.50,WIFI
74:90:BC:AC:26:36,WilliamsWifi,[WPA2_PSK],2025-12-3 15:43:25,11,-85,34.0628319,-117.1560364,425.60,1.50,WIFI
76:90:BC:9C:26:36,Willz4Realz_G,[WPA2_PSK],2025-12-3 15:43:25,11,-87,34.0628319,-117.1560364,425.60,1.50,WIFI
A0:04:60:6C:CC:FA,NETGEAR76,[WPA2_PSK],2025-12-3 15:43:25,11,-88,34.0628319,-117.1560364,425.60,1.50,WIFI
B4:B6:86:69:DD:AE,DIRECT-AD-HP DeskJet 3700 series,[WPA2_PSK],2025-12-3 15:43:25,11,-90,34.0628319,-117.1560364,425.60,1.50,WIFI
C8:63:FC:85:F4:58,Frontier4768_2.4G,[WPA2_PSK],2025-12-3 15:43:28,1,-74,34.0628319,-117.1562500,425.60,1.50,WIFI
74:37:5F:D8:3A:47,SpectrumSetup-45,[WPA2_PSK],2025-12-3 15:43:28,1,-77,34.0628319,-117.1562500,425.60,1.50,WIFI
A8:11:FC:B4:93:28,Angellight,[WPA2_PSK],2025-12-3 15:43:28,1,-77,34.0628319,-117.1562500,425.60,1.50,WIFI
CC:CF:83:CF:F2:53,,[WPA_WPA2_PSK],2025-12-3 15:43:28,1,-89,34.0628319,-117.1562500,425.60,1.50,WIFI
06:05:95:DB:94:43,,[WPA2_PSK],2025-12-3 15:43:28,1,-93,34.0628319,-117.1562500,425.60,1.50,WIFI
2C:B8:ED:A5:74:1A,Judson Terrace - Guest,[WPA2_PSK],2025-12-3 15:43:31,3,-71,34.0628319,-117.1562729,425.20,1.50,WIFI
9E:A2:F4:2B:23:DE,PumpkinWifi,[WPA2_PSK],2025-12-3 15:43:32,4,-81,34.0628319,-117.1562958,425.10,1.50,WIFI
4C:19:5D:3E:08:11,SpectrumSetup-0B,[WPA2_PSK],2025-12-3 15:43:34,6,-68,34.0628357,-117.1564102,424.80,1.50,WIFI
76:52:46:99:DA:A9,,[WPA2_PSK],2025-12-3 15:43:34,6,-79,34.0628357,-117.1564102,424.80,1.50,WIFI
F4:52:46:99:DA:A9,TanishaWifi,[WPA2_PSK],2025-12-3 15:43:34,6,-81,34.0628357,-117.1564102,424.80,1.50,WIFI
8C:3B:AD:C0:A4:1A,DR4Money_EXT,[WPA2_PSK],2025-12-3 15:43:36,8,-82,34.0628357,-117.1565933,424.40,1.50,WIFI
B2:15:A2:B2:45:25,,[WPA2_PSK],2025-12-3 15:43:37,9,-79,34.0628357,-117.1567078,424.30,1.50,WIFI
AC:15:A2:B2:45:B1,BnL,[WPA2_PSK],2025-12-3 15:43:37,9,-80,34.0628357,-117.1567078,424.30,1.50,WIFI
B2:15:A2:B2:45:B1,,[WPA2_PSK],2025-12-3 15:43:37,9,-84,34.0628357,-117.1567078,424.30,1.50,WIFI
AC:15:A2:B2:45:25,BnL,[WPA2_PSK],2025-12-3 15:43:37,9,-86,34.0628357,-117.1567078,424.30,1.50,WIFI
00:13:EF:A0:79:E4,SpectrumSetup-EB-EXT,[WPA2_PSK],2025-12-3 15:43:39,11,-74,34.0628319,-117.1569672,423.90,1.50,WIFI
12:62:E5:CB:CD:52,DIRECT-52-HP ENVY 5000 series,[WPA2_PSK],2025-12-3 15:43:39,11,-76,34.0628319,-117.1569672,423.90,1.50,WIFI
40:47:5E:A1:7F:03,,[WPA3_PSK],2025-12-3 15:43:42,1,-75,34.0628319,-117.1574249,423.50,1.50,WIFI
40:47:5E:A1:7F:09,,[OPEN],2025-12-3 15:43:42,1,-76,34.0628319,-117.1574249,423.50,1.50,WIFI
40:47:5E:A1:7F:06,EColtonHouse,[WPA2_PSK],2025-12-3 15:43:42,1,-77,34.0628319,-117.1574249,423.50,1.50,WIFI
74:90:BC:AF:D6:13,WilliamsWifi,[WPA2_PSK],2025-12-3 15:43:42,1,-88,34.0628319,-117.1574249,423.50,1.50,WIFI
D8:07:B6:93:FD:12,TP-Link_Extender,[OPEN],2025-12-3 15:43:44,2,-81,34.0628319,-117.1577606,423.00,1.50,WIFI
7C:7E:F9:4A:25:36,,[OPEN],2025-12-3 15:43:48,6,-64,34.0628319,-117.1584320,422.20,1.50,WIFI
7C:7E:F9:4A:25:34,CIA surveillance van,[WPA2_PSK],2025-12-3 15:43:48,6,-65,34.0628319,-117.1584320,422.20,1.50,WIFI
00:AB:48:4E:93:C3,,[WPA3_PSK],2025-12-3 15:43:48,6,-71,34.0628319,-117.1584320,422.20,1.50,WIFI
9C:0B:05:90:7A:47,Bruce Wi-Fi,[WPA2_PSK],2025-12-3 15:43:48,6,-72,34.0628319,-117.1584320,422.20,1.50,WIFI
D4:3F:32:9F:F7:23,,[WPA3_PSK],2025-12-3 15:43:48,6,-73,34.0628319,-117.1584320,422.20,1.50,WIFI
D4:3F:32:9F:F7:29,,[OPEN],2025-12-3 15:43:48,6,-74,34.0628319,-117.1584320,422.20,1.50,WIFI
D4:3F:32:9F:F7:26,Heigl1G,[WPA2_PSK],2025-12-3 15:43:48,6,-74,34.0628319,-117.1584320,422.20,1.50,WIFI
0C:EA:C9:CA:BE:E8,NachoWifi_2.4G,[WPA2_PSK],2025-12-3 15:43:48,6,-78,34.0628319,-117.1584320,422.20,1.50,WIFI
22:76:13:4F:60:90,,[WPA2_PSK],2025-12-3 15:43:48,6,-78,34.0628319,-117.1584320,422.20,1.50,WIFI
AC:EC:85:8D:0C:06,,[OPEN],2025-12-3 15:43:48,6,-81,34.0628319,-117.1584320,422.20,1.50,WIFI
AC:EC:85:8D:0C:04,Bruce Wi-Fi,[WPA2_PSK],2025-12-3 15:43:48,6,-81,34.0628319,-117.1584320,422.20,1.50,WIFI
C8:E3:06:22:FC:E7,,[OPEN],2025-12-3 15:43:48,6,-81,34.0628319,-117.1584320,422.20,1.50,WIFI
C8:E3:06:22:FC:E5,FiOS-MRQGG,[WPA2_PSK],2025-12-3 15:43:48,6,-81,34.0628319,-117.1584320,422.20,1.50,WIFI
C8:E3:06:22:FC:E3,,[WPA3_PSK],2025-12-3 15:43:48,6,-82,34.0628319,-117.1584320,422.20,1.50,WIFI
F0:21:E0:F7:4C:32,,[WPA3_PSK],2025-12-3 15:43:48,6,-83,34.0628319,-117.1584320,422.20,1.50,WIFI
2C:EA:DC:98:70:69,CanaanT,[WPA2_PSK],2025-12-3 15:43:48,6,-84,34.0628319,-117.1584320,422.20,1.50,WIFI
78:76:89:36:A1:C4,,[WPA3_PSK],2025-12-3 15:43:48,6,-86,34.0628319,-117.1584320,422.20,1.50,WIFI
9E:EA:DC:98:70:69,,[WPA2_PSK],2025-12-3 15:43:48,6,-86,34.0628319,-117.1584320,422.20,1.50,WIFI
3E:94:ED:0A:6C:44,,[WPA2_PSK],2025-12-3 15:43:52,9,-85,34.0628357,-117.1591034,421.40,1.50,WIFI
F0:09:0D:C9:FA:35,TP-Link_FA35,[WPA2_PSK],2025-12-3 15:43:52,9,-86,34.0628357,-117.1591034,421.40,1.50,WIFI
0E:36:C9:F7:C6:4D,ORBI99,[WPA2_PSK],2025-12-3 15:43:52,9,-89,34.0628357,-117.1591034,421.40,1.50,WIFI
38:94:ED:0A:6C:44,ORBI99,[WPA2_PSK],2025-12-3 15:43:52,9,-89,34.0628357,-117.1591034,421.40,1.50,WIFI
92:2B:AA:13:3D:BE,CanaanT,[WPA2_PSK],2025-12-3 15:43:54,11,-65,34.0628319,-117.1594315,421.20,1.50,WIFI
82:2B:AA:13:3D:BE,,[WPA2_PSK],2025-12-3 15:43:54,11,-67,34.0628319,-117.1594315,421.20,1.50,WIFI
D0:40:EF:B2:30:7B,WCSDcamry,[WPA2_PSK],2025-12-3 15:43:54,11,-71,34.0628319,-117.1594315,421.20,1.50,WIFI
F0:B6:61:66:19:0A,,[OPEN],2025-12-3 15:43:54,11,-77,34.0628319,-117.1594315,421.20,1.50,WIFI
F0:B6:61:66:19:04,,[WPA3_PSK],2025-12-3 15:43:54,11,-79,34.0628319,-117.1594315,421.20,1.50,WIFI
34:53:D2:C5:27:61,SpectrumSetup-86,[WPA2_PSK],2025-12-3 15:43:54,11,-86,34.0628319,-117.1594315,421.20,1.50,WIFI
98:F7:81:DD:9E:58,Frontier8912,[WPA2_PSK],2025-12-3 15:43:54,11,-86,34.0628319,-117.1594315,421.20,1.50,WIFI
AE:EA:DC:98:70:69,,[WPA2_PSK],2025-12-3 15:44:3,6,-73,34.0628433,-117.1603317,419.40,1.50,WIFI
56:C4:D8:C1:94:74,CHEVROLET2398,[WPA2_WPA3_PSK],2025-12-3 15:44:3,6,-79,34.0628433,-117.1603317,419.40,1.50,WIFI
48:DD:0C:1A:9B:87,,[OPEN],2025-12-3 15:44:3,6,-81,34.0628433,-117.1603317,419.40,1.50,WIFI
48:DD:0C:1A:9B:85,MACHOUSE,[WPA2_PSK],2025-12-3 15:44:3,6,-81,34.0628433,-117.1603317,419.40,1.50,WIFI
48:DD:0C:1A:9B:83,,[WPA3_PSK],2025-12-3 15:44:3,6,-82,34.0628433,-117.1603317,419.40,1.50,WIFI
FC:34:97:D8:59:B0,LomaLindaBottomFeeders_2G,[WPA2_PSK],2025-12-3 15:44:4,7,-74,34.0628433,-117.1603546,419.30,1.50,WIFI
AC:91:9B:DA:11:6E,Verizon_Rincon,[WPA2_PSK],2025-12-3 15:44:8,11,-83,34.0628471,-117.1606750,418.20,1.50,WIFI
AC:71:2E:F0:B4:62,enable,[WPA2_PSK],2025-12-3 15:44:18,6,-92,34.0628548,-117.1621780,414.60,1.50,WIFI
F0:61:C0:E0:87:00,UoR,[WPA2],2025-12-3 15:44:23,11,-84,34.0628510,-117.1628036,413.70,1.50,WIFI
54:D7:E3:C9:E7:00,UoR,[WPA2],2025-12-3 15:44:23,11,-86,34.0628510,-117.1628036,413.70,1.50,WIFI
AC:71:2E:F0:96:F0,peanuts35,[WPA2],2025-12-3 15:44:23,11,-90,34.0628510,-117.1628036,413.70,1.50,WIFI
70:4C:A5:E9:43:05,peanuts35,[WPA2],2025-12-3 15:44:27,1,-82,34.0628510,-117.1630707,413.40,1.50,WIFI
92:4C:A5:E9:43:05,enable,[WPA2_PSK],2025-12-3 15:44:27,1,-83,34.0628510,-117.1630707,413.40,1.50,WIFI
54:D7:E3:C9:79:21,UoR,[WPA2],2025-12-3 15:44:27,1,-87,34.0628510,-117.1630707,413.40,1.50,WIFI
54:D7:E3:C9:79:20,UoR-Env,[WPA2_PSK],2025-12-3 15:44:27,1,-87,34.0628510,-117.1630707,413.40,1.50,WIFI
54:D7:E3:C8:D1:B3,eduroam,[WPA2],2025-12-3 15:44:27,1,-89,34.0628510,-117.1630707,413.40,1.50,WIFI
54:D7:E3:C8:D1:B2,therm,[WPA2_PSK],2025-12-3 15:44:27,1,-90,34.0628510,-117.1630707,413.40,1.50,WIFI
9C:C9:EB:28:4D:38,NETGEAR_EXT,[OPEN],2025-12-3 15:44:27,1,-93,34.0628510,-117.1630707,413.40,1.50,WIFI
F0:61:C0:E0:60:00,UoR,[WPA2],2025-12-3 15:44:32,6,-76,34.0628471,-117.1631165,413.10,1.50,WIFI
5E:EA:1D:BF:DD:97,DIRECT-97-HP M477 LaserJet,[WPA2_PSK],2025-12-3 15:44:32,6,-86,34.0628471,-117.1631165,413.10,1.50,WIFI
54:D7:E3:BE:0F:83,eduroam,[WPA2],2025-12-3 15:44:32,6,-86,34.0628471,-117.1631165,413.10,1.50,WIFI
54:D7:E3:BE:0F:82,therm,[WPA2_PSK],2025-12-3 15:44:32,6,-87,34.0628471,-117.1631165,413.10,1.50,WIFI
54:D7:E3:BE:0F:81,UoR,[WPA2],2025-12-3 15:44:32,6,-89,34.0628471,-117.1631165,413.10,1.50,WIFI
00:30:44:10:02:03,MBR1200-691,[WPA_WPA2_PSK],2025-12-3 15:44:34,8,-86,34.0628471,-117.1631165,413.10,1.50,WIFI
06:50:C2:81:DB:A6,techtrex,[WPA2_PSK],2025-12-3 15:44:36,10,-85,34.0628471,-117.1631165,413.10,1.50,WIFI
54:D7:E3:BF:B9:E1,eduroam,[WPA2],2025-12-3 15:44:37,11,-79,34.0628471,-117.1631165,413.10,1.50,WIFI
54:D7:E3:BF:B9:E3,therm,[WPA2_PSK],2025-12-3 15:44:37,11,-80,34.0628471,-117.1631165,413.10,1.50,WIFI
54:D7:E3:BF:B9:E0,UoR,[WPA2],2025-12-3 15:44:37,11,-81,34.0628471,-117.1631165,413.10,1.50,WIFI
54:D7:E3:BF:B9:E2,UoR-Guest,[OPEN],2025-12-3 15:44:37,11,-81,34.0628471,-117.1631165,413.10,1.50,WIFI
54:D7:E3:C9:E7:01,UoR-Env,[WPA2_PSK],2025-12-3 15:44:37,11,-89,34.0628471,-117.1631165,413.10,1.50,WIFI
54:D7:E3:BE:A5:20,UoR,[WPA2],2025-12-3 15:44:37,11,-90,34.0628471,-117.1631165,413.10,1.50,WIFI
54:D7:E3:C8:D1:B1,UoR-Guest,[OPEN],2025-12-3 15:44:40,1,-91,34.0628471,-117.1631165,413.10,1.50,WIFI
54:D7:E3:C9:4E:C3,eduroam,[WPA2],2025-12-3 15:44:46,6,-85,34.0628471,-117.1631165,413.10,1.50,WIFI
54:D7:E3:C9:4E:C2,therm,[WPA2_PSK],2025-12-3 15:44:46,6,-86,34.0628471,-117.1631165,413.10,1.50,WIFI
48:2F:6B:8A:06:E0,UoR,[WPA2],2025-12-3 15:44:46,6,-88,34.0628471,-117.1631165,413.10,1.50,WIFI
C8:B3:73:2A:B5:4D,TW,[WPA2_PSK],2025-12-3 15:44:54,1,-84,34.0628471,-117.1637344,411.70,1.50,WIFI
F4:52:46:ED:AF:7F,730NGR,[WPA2_PSK],2025-12-3 15:44:54,1,-87,34.0628471,-117.1637344,411.70,1.50,WIFI
D0:D3:E0:55:0A:00,UoR,[WPA2],2025-12-3 15:45:0,6,-77,34.0628510,-117.1644516,410.20,1.50,WIFI
D0:D3:E0:57:6B:C0,UoR,[WPA2],2025-12-3 15:45:0,6,-78,34.0628510,-117.1644516,410.20,1.50,WIFI
BE:D7:D4:D6:92:7F,,[WPA2_PSK],2025-12-3 15:45:0,6,-89,34.0628510,-117.1644516,410.20,1.50,WIFI
9C:8E:99:06:2B:E5,HP062BE5,[OPEN],2025-12-3 15:45:4,10,-91,34.0628510,-117.1649551,409.30,1.50,WIFI
9C:8E:99:06:2B:E0,HP062BE0,[OPEN],2025-12-3 15:45:4,10,-91,34.0628510,-117.1649551,409.30,1.50,WIFI
D0:D3:E0:54:93:40,UoR,[WPA2],2025-12-3 15:45:5,11,-75,34.0628548,-117.1650772,409.10,1.50,WIFI
7C:0C:F6:0B:C7:CC,Dash-6208,[WPA2_PSK],2025-12-3 15:45:5,11,-76,34.0628548,-117.1650772,409.10,1.50,WIFI
54:D7:E3:CA:2B:72,therm,[WPA2_PSK],2025-12-3 15:45:5,11,-85,34.0628548,-117.1650772,409.10,1.50,WIFI
98:ED:7E:0A:67:AA,,[OPEN],2025-12-3 15:45:5,11,-86,34.0628548,-117.1650772,409.10,1.50,WIFI
54:D7:E3:CA:2B:73,eduroam,[WPA2],2025-12-3 15:45:5,11,-87,34.0628548,-117.1650772,409.10,1.50,WIFI
98:ED:7E:0A:67:A7,PSAFE_Surveillance_Unit_4B,[WPA2_PSK],2025-12-3 15:45:5,11,-87,34.0628548,-117.1650772,409.10,1.50,WIFI
54:D7:E3:CA:2B:70,UoR-Guest,[OPEN],2025-12-3 15:45:5,11,-88,34.0628548,-117.1650772,409.10,1.50,WIFI
D0:D3:E0:53:75:80,UoR,[WPA2],2025-12-3 15:45:5,11,-90,34.0628548,-117.1650772,409.10,1.50,WIFI
D0:D3:E0:53:94:00,UoR,[WPA2],2025-12-3 15:45:8,1,-75,34.0628548,-117.1654739,408.70,1.50,WIFI
78:8C:B5:A1:46:F0,ETC Lighting,[WPA2_PSK],2025-12-3 15:45:11,3,-92,34.0628586,-117.1658630,408.10,1.50,WIFI
22:9F:C3:59:E7:24,,[WPA2_PSK],2025-12-3 15:45:14,6,-78,34.0628586,-117.1662598,407.60,1.50,WIFI
F2:A6:54:E5:B5:32,DIRECT-32-HP M255 LaserJet,[WPA2_PSK],2025-12-3 15:45:14,6,-82,34.0628586,-117.1662598,407.60,1.50,WIFI
54:D7:E3:BD:BD:92,therm,[WPA2_PSK],2025-12-3 15:45:14,6,-83,34.0628586,-117.1662598,407.60,1.50,WIFI
54:D7:E3:BD:BD:91,UoR,[WPA2],2025-12-3 15:45:14,6,-84,34.0628586,-117.1662598,407.60,1.50,WIFI
44:12:44:2F:23:81,UoR-Game,[OPEN],2025-12-3 15:45:14,6,-85,34.0628586,-117.1662598,407.60,1.50,WIFI
DA:42:F8:5E:B3:84,Franklin,[WPA2_WPA3_PSK],2025-12-3 15:45:14,6,-86,34.0628586,-117.1662598,407.60,1.50,WIFI
06:50:C2:90:9A:AD,techtrex,[WPA2_PSK],2025-12-3 15:45:14,6,-91,34.0628586,-117.1662598,407.60,1.50,WIFI
1C:28:AF:71:C0:20,UoR-Game,[OPEN],2025-12-3 15:45:19,11,-77,34.0628586,-117.1668625,406.60,1.50,WIFI
22:9F:C3:59:E7:75,,[WPA2_PSK],2025-12-3 15:45:19,11,-77,34.0628586,-117.1668625,406.60,1.50,WIFI
54:D7:E3:BD:ED:30,Chi-Rho-Psi,[WPA2_PSK],2025-12-3 15:45:19,11,-87,34.0628586,-117.1668625,406.60,1.50,WIFI
20:3A:0C:2C:C0:03,,[WPA3_PSK],2025-12-3 15:45:19,11,-88,34.0628586,-117.1668625,406.60,1.50,WIFI
54:D7:E3:BE:D5:51,UoR-Guest,[OPEN],2025-12-3 15:45:19,11,-89,34.0628586,-117.1668625,406.60,1.50,WIFI
1C:28:AF:71:D4:40,UoR,[WPA2],2025-12-3 15:45:19,11,-90,34.0628586,-117.1668625,406.60,1.50,WIFI
1C:28:AF:71:D4:41,UoR-Game,[OPEN],2025-12-3 15:45:19,11,-90,34.0628586,-117.1668625,406.60,1.50,WIFI
60:D5:61:1B:84:CC,,[WPA2_PSK],2025-12-3 15:45:22,13,-94,34.0628548,-117.1670609,406.30,1.50,WIFI
7C:0C:F6:3C:82:F7,Dash-0396,[WPA2_PSK],2025-12-3 15:45:22,1,-54,34.0628548,-117.1670609,406.30,1.50,WIFI
24:F3:E3:61:8D:C6,FBI Surveillance,[WPA2_PSK],2025-12-3 15:45:22,1,-75,34.0628548,-117.1670609,406.30,1.50,WIFI
24:F3:E3:61:8D:C3,,[WPA3_PSK],2025-12-3 15:45:22,1,-75,34.0628548,-117.1670609,406.30,1.50,WIFI
24:F3:E3:61:8D:C9,,[OPEN],2025-12-3 15:45:22,1,-76,34.0628548,-117.1670609,406.30,1.50,WIFI
2C:67:BE:47:E7:A7,Getoffmyshit,[WPA2_PSK],2025-12-3 15:45:22,1,-79,34.0628548,-117.1670609,406.30,1.50,WIFI
2C:67:BE:29:FF:30,SpectrumSetup-FF2C,[WPA2_PSK],2025-12-3 15:45:22,1,-79,34.0628548,-117.1670609,406.30,1.50,WIFI
84:A0:6E:D4:55:B6,MySpectrumWiFib0-2G,[WPA2_PSK],2025-12-3 15:45:22,1,-85,34.0628548,-117.1670609,406.30,1.50,WIFI
50:FD:D5:86:CB:7B,[range]_E30AJT7113132W,[WPA2_PSK],2025-12-3 15:45:22,1,-88,34.0628548,-117.1670609,406.30,1.50,WIFI
00:E0:23:01:9E:00,Frontier4096-ext,[WPA2_PSK],2025-12-3 15:45:22,1,-88,34.0628548,-117.1670609,406.30,1.50,WIFI
26:5A:4C:A9:45:82,,[WPA2_PSK],2025-12-3 15:45:22,1,-90,34.0628548,-117.1670609,406.30,1.50,WIFI
FC:DB:21:1A:FC:E6,centuri_hotspot,[WPA2_PSK],2025-12-3 15:45:28,6,-79,34.0628548,-117.1672516,406.10,1.50,WIFI
44:AC:85:2E:03:26,Cheesehead Drive 1025,[WPA2_PSK],2025-12-3 15:45:28,6,-81,34.0628548,-117.1672516,406.10,1.50,WIFI
44:AC:85:2E:03:29,,[OPEN],2025-12-3 15:45:28,6,-83,34.0628548,-117.1672516,406.10,1.50,WIFI
50:0F:F5:E5:B5:41,GoPackGo1919,[WPA2_PSK],2025-12-3 15:45:28,6,-83,34.0628548,-117.1672516,406.10,1.50,WIFI
74:93:DA:92:3D:E9,SpectrumSetup-EB,[WPA2_PSK],2025-12-3 15:45:28,6,-89,34.0628548,-117.1672516,406.10,1.50,WIFI
F8:5B:3B:7D:A2:3D,BLM,[WPA2_PSK],2025-12-3 15:45:33,11,-51,34.0628510,-117.1678848,404.80,1.50,WIFI
20:3A:0C:2C:C0:09,,[OPEN],2025-12-3 15:45:33,11,-77,34.0628510,-117.1678848,404.80,1.50,WIFI
20:3A:0C:2C:C0:06,frankie wifi,[WPA2_PSK],2025-12-3 15:45:33,11,-82,34.0628510,-117.1678848,404.80,1.50,WIFI
64:D9:C2:7A:80:09,,[OPEN],2025-12-3 15:45:36,1,-70,34.0628510,-117.1683426,404.20,1.50,WIFI
64:D9:C2:7A:80:03,,[WPA3_PSK],2025-12-3 15:45:36,1,-72,34.0628510,-117.1683426,404.20,1.50,WIFI
7C:7E:F9:87:C6:66,dodgers1981,[WPA2_PSK],2025-12-3 15:45:36,1,-73,34.0628510,-117.1683426,404.20,1.50,WIFI
F0:7B:65:41:AC:46,SpectrumSetup-AC40,[WPA2_PSK],2025-12-3 15:45:36,1,-77,34.0628510,-117.1683426,404.20,1.50,WIFI
8C:90:2D:B1:15:60,no name,[WPA2_PSK],2025-12-3 15:45:36,1,-77,34.0628510,-117.1683426,404.20,1.50,WIFI
64:D9:C2:7A:80:06,Frontier0096,[WPA2_PSK],2025-12-3 15:45:36,1,-78,34.0628510,-117.1683426,404.20,1.50,WIFI
60:F4:19:7A:D5:06,dodgers1981,[WPA2_PSK],2025-12-3 15:45:36,1,-79,34.0628510,-117.1683426,404.20,1.50,WIFI
54:D7:E3:BE:47:90,Alpha-Xi-Omicron,[WPA2_PSK],2025-12-3 15:45:36,1,-79,34.0628510,-117.1683426,404.20,1.50,WIFI
94:F7:17:B8:78:C8,,[WPA_WPA2_PSK],2025-12-3 15:45:36,1,-81,34.0628510,-117.1683426,404.20,1.50,WIFI
48:EA:62:15:1D:AF,DIRECT-AE-HP DeskJet 2800 series,[WPA2_PSK],2025-12-3 15:45:36,1,-82,34.0628510,-117.1683426,404.20,1.50,WIFI
BC:10:2F:5B:AD:CC,[fridge]_E30AJT5133549K,[WPA2_PSK],2025-12-3 15:45:36,1,-96,34.0628510,-117.1683426,404.20,1.50,WIFI
3C:64:CF:E8:2F:4B,TP-Link_2F4C,[WPA2_PSK],2025-12-3 15:45:40,3,-91,34.0628471,-117.1689529,403.50,1.50,WIFI
18:A5:FF:48:68:AE,Cuba1980,[WPA2_WPA3_PSK],2025-12-3 15:45:42,5,-88,34.0628471,-117.1692505,403.10,1.50,WIFI
EC:75:0C:2C:C2:24,SpectrumSetup-88F6_EXT,[WPA2_PSK],2025-12-3 15:45:43,6,-78,34.0628471,-117.1694031,402.90,1.50,WIFI
2C:EA:DC:98:87:1D,SpectrumSetup-1F,[WPA2_PSK],2025-12-3 15:45:43,6,-78,34.0628471,-117.1694031,402.90,1.50,WIFI
A0:55:1F:1A:D1:0A,SpectrumSetup-D104,[WPA2_PSK],2025-12-3 15:45:43,6,-81,34.0628471,-117.1694031,402.90,1.50,WIFI
50:91:E3:66:18:5F,SpectrumSetup-1F_EXT,[WPA2_PSK],2025-12-3 15:45:43,6,-86,34.0628471,-117.1694031,402.90,1.50,WIFI
7C:10:C9:A4:3E:40,Sanctuary,[WPA2_PSK],2025-12-3 15:45:44,7,-84,34.0628471,-117.1695557,402.70,1.50,WIFI
C6:C9:E3:8D:A7:16,,[WPA2_PSK],2025-12-3 15:45:45,8,-94,34.0628471,-117.1697006,402.30,1.50,WIFI
F0:7B:65:F0:ED:4E,SpectrumSetup-E3,[WPA2_PSK],2025-12-3 15:45:48,11,-72,34.0628471,-117.1701660,401.40,1.50,WIFI
28:EC:22:F1:26:C3,,[WPA3_PSK],2025-12-3 15:45:51,1,-77,34.0628471,-117.1706238,400.30,1.50,WIFI
28:EC:22:F1:26:C9,,[OPEN],2025-12-3 15:45:51,1,-77,34.0628471,-117.1706238,400.30,1.50,WIFI
28:EC:22:F1:26:C6,DaddyTrump,[WPA2_PSK],2025-12-3 15:45:51,1,-78,34.0628471,-117.1706238,400.30,1.50,WIFI
34:53:D2:DF:59:AE,SpectrumSetup-A8,[WPA2_PSK],2025-12-3 15:45:51,1,-80,34.0628471,-117.1706238,400.30,1.50,WIFI
4C:19:5D:56:27:D3,SpectrumBomb,[WPA2_PSK],2025-12-3 15:45:51,1,-83,34.0628471,-117.1706238,400.30,1.50,WIFI
28:EC:22:FA:07:E3,,[WPA3_PSK],2025-12-3 15:45:51,1,-83,34.0628471,-117.1706238,400.30,1.50,WIFI
00:C8:96:04:97:F8,,[WPA_WPA2_PSK],2025-12-3 15:45:51,1,-84,34.0628471,-117.1706238,400.30,1.50,WIFI
28:EC:22:FA:07:E6,DaddyTrump,[WPA2_PSK],2025-12-3 15:45:51,1,-84,34.0628471,-117.1706238,400.30,1.50,WIFI
A6:97:5C:09:BC:56,VTECH_5854_bc56,[WPA2_PSK],2025-12-3 15:45:51,1,-91,34.0628471,-117.1706238,400.30,1.50,WIFI
34:19:4D:AB:30:78,TMOBILE-2158,[WPA2_WPA3_PSK],2025-12-3 15:45:51,2,-85,34.0628471,-117.1706238,400.30,1.50,WIFI
7C:10:C9:DD:F2:50,Office,[WPA2_PSK],2025-12-3 15:45:51,2,-87,34.0628471,-117.1706238,400.30,1.50,WIFI
7C:10:C9:05:DC:71,The Smudge Pot Ext,[WPA2_PSK],2025-12-3 15:45:56,5,-66,34.0628510,-117.1713943,398.80,1.75,WIFI
32:B4:B8:E4:6A:12,My VW 9140,[WPA2_PSK],2025-12-3 15:45:57,6,-75,34.0628548,-117.1715393,398.50,1.50,WIFI
3E:55:76:79:71:01,DIRECT-01-HP M203 LaserJet,[WPA2_PSK],2025-12-3 15:45:57,6,-81,34.0628548,-117.1715393,398.50,1.50,WIFI
96:86:83:86:64:AE,iPhone,[WPA2_PSK],2025-12-3 15:45:57,6,-83,34.0628548,-117.1715393,398.50,1.50,WIFI
84:70:D7:F0:28:0A,,[OPEN],2025-12-3 15:45:57,6,-84,34.0628548,-117.1715393,398.50,1.50,WIFI
2C:67:BE:6B:9E:FE,SpectrumSetup-9EFA,[WPA2_PSK],2025-12-3 15:45:57,6,-84,34.0628548,-117.1715393,398.50,1.50,WIFI
3E:55:76:79:68:A3,DIRECT-a3-HP M203 LaserJet,[WPA2_PSK],2025-12-3 15:45:57,6,-88,34.0628548,-117.1715393,398.50,1.50,WIFI
4E:22:54:9F:92:EC,,[WPA2_PSK],2025-12-3 15:45:59,8,-86,34.0628548,-117.1718369,398.10,1.50,WIFI
3E:98:B5:EE:58:CA,Get off my wifey orbi-Guest,[WPA2_PSK],2025-12-3 15:46:0,9,-68,34.0628586,-117.1719894,397.80,1.50,WIFI
42:98:B5:EE:58:CA,Get off my wifey orbi-IoT,[WPA2_PSK],2025-12-3 15:46:0,9,-68,34.0628586,-117.1719894,397.80,1.50,WIFI
3E:98:B5:EE:AF:35,Get off my wifey orbi-Guest,[WPA2_PSK],2025-12-3 15:46:0,9,-69,34.0628586,-117.1719894,397.80,1.50,WIFI
34:98:B5:EE:58:CA,Get off my wifey orbi,[WPA2_PSK],2025-12-3 15:46:0,9,-69,34.0628586,-117.1719894,397.80,1.50,WIFI
3A:98:B5:EE:AF:35,Get off my wifey orbi,[WPA2_PSK],2025-12-3 15:46:0,9,-72,34.0628586,-117.1719894,397.80,1.50,WIFI
42:98:B5:EE:AF:35,Get off my wifey orbi-IoT,[WPA2_PSK],2025-12-3 15:46:0,9,-75,34.0628586,-117.1719894,397.80,1.50,WIFI
CC:40:D0:EE:C2:48,NETGEAR76,[WPA2_PSK],2025-12-3 15:46:0,10,-74,34.0628586,-117.1719894,397.80,1.50,WIFI
4C:19:5D:B3:CA:CC,SpectrumSetup-C6,[WPA2_PSK],2025-12-3 15:46:2,11,-71,34.0628548,-117.1723175,397.40,1.50,WIFI
40:32:9D:0E:64:D5,,[WPA2_PSK],2025-12-3 15:46:3,13,-92,34.0628510,-117.1724930,397.30,1.50,WIFI
34:53:D2:B2:0E:06,SpectrumSetup-00,[WPA2_PSK],2025-12-3 15:46:5,1,-62,34.0628471,-117.1728363,396.90,1.50,WIFI
C8:C7:50:FD:BE:FE,MOTO077C,[WPA2_PSK],2025-12-3 15:46:5,1,-72,34.0628471,-117.1728363,396.90,1.50,WIFI
AC:EC:80:15:1A:80,TG1672G82,[WPA2_PSK],2025-12-3 15:46:5,1,-75,34.0628471,-117.1728363,396.90,1.50,WIFI
C0:89:AB:7E:A2:F8,Frontier5728,[WPA2_PSK],2025-12-3 15:46:5,1,-81,34.0628471,-117.1728363,396.90,1.50,WIFI
F4:69:42:BB:A8:8D,SpectrumSetup-15,[WPA2_PSK],2025-12-3 15:46:5,1,-81,34.0628471,-117.1728363,396.90,1.50,WIFI
E4:19:7F:A0:B2:06,Raiders34,[WPA2_PSK],2025-12-3 15:46:5,1,-82,34.0628471,-117.1728363,396.90,1.50,WIFI
94:F7:17:7D:28:E8,,[WPA_WPA2_PSK],2025-12-3 15:46:5,1,-84,34.0628471,-117.1728363,396.90,1.50,WIFI
F0:22:1D:87:56:13,,[WPA2_PSK],2025-12-3 15:46:5,1,-85,34.0628471,-117.1728363,396.90,1.50,WIFI
C0:89:AB:69:26:48,Frontier7552,[WPA2_PSK],2025-12-3 15:46:5,1,-85,34.0628471,-117.1728363,396.90,1.50,WIFI
E4:19:7F:A0:B2:03,,[WPA3_PSK],2025-12-3 15:46:5,1,-86,34.0628471,-117.1728363,396.90,1.50,WIFI
D8:07:B6:42:6A:19,0S762_EXT,[WEP],2025-12-3 15:46:6,2,-83,34.0628471,-117.1730118,396.90,1.50,WIFI
92:A7:B9:B6:39:FD,,[WPA2_PSK],2025-12-3 15:46:8,3,-65,34.0628471,-117.1733475,396.20,1.50,WIFI
92:A7:B9:B6:39:FC,raidres34,[WPA2_PSK],2025-12-3 15:46:8,3,-67,34.0628471,-117.1733475,396.20,1.50,WIFI
94:18:65:EC:A7:DE,Watermelon-2.4,[WPA_WPA2_PSK],2025-12-3 15:46:10,5,-78,34.0628433,-117.1736450,395.90,1.50,WIFI
9C:0B:05:9A:8D:C4,,[WPA3_PSK],2025-12-3 15:46:11,6,-62,34.0628395,-117.1737976,395.90,1.50,WIFI
9C:0B:05:9A:8D:CA,,[OPEN],2025-12-3 15:46:11,6,-63,34.0628395,-117.1737976,395.90,1.50,WIFI
9C:0B:05:9A:8D:C7,The Electric Church,[WPA2_PSK],2025-12-3 15:46:11,6,-68,34.0628395,-117.1737976,395.90,1.50,WIFI
B0:FC:88:5B:FA:90,SpectrumSetup-8A,[WPA2_PSK],2025-12-3 15:46:11,6,-74,34.0628395,-117.1737976,395.90,1.50,WIFI
AA:B1:3B:28:0C:89,DIRECT-89-HP OfficeJet Pro 8210,[WPA2_PSK],2025-12-3 15:46:11,6,-80,34.0628395,-117.1737976,395.90,1.50,WIFI
94:91:7F:8A:24:2A,Mendoza,[WPA2_PSK],2025-12-3 15:46:11,6,-81,34.0628395,-117.1737976,395.90,1.50,WIFI
F0:7B:65:0F:F0:A7,Marshalls,[WPA2_PSK],2025-12-3 15:46:11,6,-85,34.0628395,-117.1737976,395.90,1.50,WIFI
08:36:C9:18:A7:4C,NETGEAR33_EXT,[WPA2_PSK],2025-12-3 15:46:12,7,-72,34.0628395,-117.1739502,395.80,1.50,WIFI
66:AF:97:FF:A1:BB,,[WPA2_PSK],2025-12-3 15:46:15,10,-87,34.0628357,-117.1744385,395.40,1.50,WIFI
C4:A8:16:BE:EA:86,rmadrid,[WPA2_PSK],2025-12-3 15:46:16,11,-74,34.0628319,-117.1746063,395.40,1.50,WIFI
C4:A8:16:BE:EA:83,,[WPA3_PSK],2025-12-3 15:46:16,11,-75,34.0628319,-117.1746063,395.40,1.50,WIFI
20:3A:0C:47:34:C9,,[OPEN],2025-12-3 15:46:16,11,-78,34.0628319,-117.1746063,395.40,1.50,WIFI
20:3A:0C:47:34:C6,1776,[WPA2_PSK],2025-12-3 15:46:16,11,-79,34.0628319,-117.1746063,395.40,1.50,WIFI
30:23:03:66:AA:6A,Frontier5248_Ext,[WPA2_PSK],2025-12-3 15:46:16,11,-88,34.0628319,-117.1746063,395.40,1.50,WIFI
2C:67:BE:01:F7:38,alienindisguise,[WPA2_PSK],2025-12-3 15:46:18,1,-78,34.0628319,-117.1749649,394.90,1.50,WIFI
C4:41:1E:C9:04:DF,Nelson,[WPA2_PSK],2025-12-3 15:46:22,3,-65,34.0628357,-117.1756897,394.00,1.50,WIFI
CA:41:1E:C9:04:DF,,[WPA2_PSK],2025-12-3 15:46:22,3,-65,34.0628357,-117.1756897,394.00,1.50,WIFI
94:18:65:E1:C1:C7,AnthonySonia7,[WPA2_PSK],2025-12-3 15:46:22,3,-90,34.0628357,-117.1756897,394.00,1.50,WIFI
18:A5:FF:C3:E4:B6,OxfordCottage,[WPA2_WPA3_PSK],2025-12-3 15:46:24,5,-87,34.0628357,-117.1760406,393.60,1.50,WIFI
F8:5B:3B:FB:A0:25,SpectrumSetup-27,[WPA2_PSK],2025-12-3 15:46:25,6,-64,34.0628395,-117.1762161,393.30,1.50,WIFI
74:93:DA:56:D2:4D,SpectrumSetup-4F,[WPA2_PSK],2025-12-3 15:46:25,6,-67,34.0628395,-117.1762161,393.30,1.50,WIFI
64:67:72:70:07:97,SpectrumSetup-95,[WPA2_PSK],2025-12-3 15:46:25,6,-74,34.0628395,-117.1762161,393.30,1.50,WIFI
F0:7B:65:D7:DD:66,Spectrum-DD60,[WPA2_PSK],2025-12-3 15:46:25,6,-78,34.0628395,-117.1762161,393.30,1.50,WIFI
A0:55:1F:11:0E:3F,SpectrumSetup-0E39,[WPA2_PSK],2025-12-3 15:46:25,6,-79,34.0628395,-117.1762161,393.30,1.50,WIFI
40:C7:29:4C:AE:6A,MySpectrumWiFi64-2G,[WPA2_PSK],2025-12-3 15:46:25,6,-80,34.0628395,-117.1762161,393.30,1.50,WIFI
00:7F:28:BD:CD:E4,DR2MM,[WPA2_PSK],2025-12-3 15:46:25,6,-81,34.0628395,-117.1762161,393.30,1.50,WIFI
BE:61:E9:8D:28:40,DIRECT-roku-Y42-330C0C,[WPA2_PSK],2025-12-3 15:46:25,6,-83,34.0628395,-117.1762161,393.30,1.50,WIFI
32:03:C8:20:F8:E7,DIRECT-e7-HP M227f LaserJet,[WPA2_PSK],2025-12-3 15:46:25,6,-84,34.0628395,-117.1762161,393.30,1.50,WIFI
90:D3:CF:58:B8:B7,CasaGarza,[WPA2_PSK],2025-12-3 15:46:25,6,-87,34.0628395,-117.1762161,393.30,1.50,WIFI
DA:31:34:CB:85:AA,,[WPA2_PSK],2025-12-3 15:46:25,6,-89,34.0628395,-117.1762161,393.30,1.50,WIFI
64:67:72:56:A5:21,MySpectrumWiFi9E-2G,[WPA2_PSK],2025-12-3 15:46:25,6,-91,34.0628395,-117.1762161,393.30,1.50,WIFI
FC:3F:DB:27:AC:E6,HP-Print-E6-Officejet Pro 8610,[WPA2_PSK],2025-12-3 15:46:30,10,-68,34.0628395,-117.1771469,391.90,1.50,WIFI
18:A5:FF:7E:A4:18,Sanctuary,[WPA2_WPA3_PSK],2025-12-3 15:46:30,10,-75,34.0628395,-117.1771469,391.90,1.50,WIFI
2E:3B:F3:D2:67:44,,[WPA2_PSK],2025-12-3 15:46:30,10,-78,34.0628395,-117.1771469,391.90,1.50,WIFI
1C:3B:F3:D2:67:44,8NP2J,[WPA_WPA2_PSK],2025-12-3 15:46:30,10,-80,34.0628395,-117.1771469,391.90,1.50,WIFI
54:B7:BD:DF:70:7F,Verizon_LP49LV,[WPA2_PSK],2025-12-3 15:46:31,11,-69,34.0628395,-117.1773300,391.60,1.50,WIFI
38:06:E6:68:CF:B5,Verizon_HG6VF6,[WPA2_PSK],2025-12-3 15:46:31,11,-76,34.0628395,-117.1773300,391.60,1.50,WIFI
18:A9:ED:FA:6A:03,,[WPA3_PSK],2025-12-3 15:46:31,11,-80,34.0628395,-117.1773300,391.60,1.50,WIFI
18:A9:ED:FA:6A:06,Frontier05,[WPA2_PSK],2025-12-3 15:46:31,11,-80,34.0628395,-117.1773300,391.60,1.50,WIFI
18:A9:ED:FA:6A:09,,[OPEN],2025-12-3 15:46:31,11,-81,34.0628395,-117.1773300,391.60,1.50,WIFI
44:AC:85:8B:16:63,,[WPA3_PSK],2025-12-3 15:46:31,11,-82,34.0628395,-117.1773300,391.60,1.50,WIFI
44:AC:85:8B:16:66,harryfam,[WPA2_PSK],2025-12-3 15:46:31,11,-83,34.0628395,-117.1773300,391.60,1.50,WIFI
A0:8A:06:CF:B9:86,NotThisOneAgain,[WPA2_PSK],2025-12-3 15:46:31,11,-86,34.0628395,-117.1773300,391.60,1.50,WIFI
D4:3F:32:79:73:C3,,[WPA3_PSK],2025-12-3 15:46:31,11,-86,34.0628395,-117.1773300,391.60,1.50,WIFI
32:8A:06:CF:B9:86,,[WPA2_PSK],2025-12-3 15:46:31,11,-87,34.0628395,-117.1773300,391.60,1.50,WIFI
FC:3D:73:CC:26:43,,[WPA3_PSK],2025-12-3 15:46:31,11,-87,34.0628395,-117.1773300,391.60,1.50,WIFI
F0:22:1D:8A:AC:9D,,[WPA2_PSK],2025-12-3 15:46:31,13,-91,34.0628395,-117.1773300,391.60,1.50,WIFI
5C:FA:25:CE:C9:7F,SpectrumSetup-79,[WPA2_PSK],2025-12-3 15:46:34,1,-66,34.0628395,-117.1778793,390.70,1.50,WIFI
80:78:71:C8:F5:71,SpectrumSetup-73,[WPA2_PSK],2025-12-3 15:46:34,1,-72,34.0628395,-117.1778793,390.70,1.50,WIFI
20:A7:87:03:09:39,NENT2013,[WEP],2025-12-3 15:46:34,1,-83,34.0628395,-117.1778793,390.70,1.50,WIFI
54:04:63:16:7F:38,,[WPA_WPA2_PSK],2025-12-3 15:46:34,1,-86,34.0628395,-117.1778793,390.70,1.50,WIFI
A4:11:62:54:E9:E0,NTGR_VMB_2728556698,[WPA2_PSK],2025-12-3 15:46:34,1,-88,34.0628395,-117.1778793,390.70,1.50,WIFI
00:02:6F:C4:B4:45,STARDUST MOTEL 3,[OPEN],2025-12-3 15:46:34,1,-90,34.0628395,-117.1778793,390.70,1.50,WIFI
94:F7:BE:2D:F8:82,TMOBILE-F880,[WPA2_WPA3_PSK],2025-12-3 15:46:36,2,-62,34.0628433,-117.1782532,390.30,1.50,WIFI
64:67:72:8F:15:D2,TMOBILE-BESTBNB,[WPA2_WPA3_PSK],2025-12-3 15:46:36,2,-76,34.0628433,-117.1782532,390.30,1.50,WIFI
3C:F0:83:CE:25:D0,TMOBILE-BESTBNB,[WPA2_WPA3_PSK],2025-12-3 15:46:36,2,-77,34.0628433,-117.1782532,390.30,1.50,WIFI
A8:6B:AD:EF:C7:42,Rams,[WPA2_PSK],2025-12-3 15:46:38,4,-61,34.0628471,-117.1786423,389.90,1.50,WIFI
DC:EF:09:9C:0C:59,NETGEAR03,[WPA2_PSK],2025-12-3 15:46:38,4,-88,34.0628471,-117.1786423,389.90,1.50,WIFI
00:02:6F:C4:B4:43,STARDUST MOTEL 5,[OPEN],2025-12-3 15:46:40,6,-75,34.0628471,-117.1790237,389.30,1.50,WIFI
A4:97:33:B6:2C:DC,SpectrumSetup-DE,[WPA2_PSK],2025-12-3 15:46:40,6,-75,34.0628471,-117.1790237,389.30,1.50,WIFI
AC:EC:85:CD:2A:06,,[OPEN],2025-12-3 15:46:40,6,-77,34.0628471,-117.1790237,389.30,1.50,WIFI
AC:EC:85:CD:2A:0A,EERO Guest,[WPA2_PSK],2025-12-3 15:46:40,6,-77,34.0628471,-117.1790237,389.30,1.50,WIFI
AC:EC:85:CC:EF:94,EERO,[WPA2_PSK],2025-12-3 15:46:40,6,-78,34.0628471,-117.1790237,389.30,1.50,WIFI
AC:EC:85:CD:2A:02,,[WPA3_PSK],2025-12-3 15:46:40,6,-78,34.0628471,-117.1790237,389.30,1.50,WIFI
AC:EC:85:CD:2A:04,EERO,[WPA2_PSK],2025-12-3 15:46:40,6,-78,34.0628471,-117.1790237,389.30,1.50,WIFI
AC:EC:85:CC:EF:96,,[OPEN],2025-12-3 15:46:40,6,-79,34.0628471,-117.1790237,389.30,1.50,WIFI
08:7B:12:4B:58:E6,SpectrumSetup-E0,[WPA2_PSK],2025-12-3 15:46:40,6,-79,34.0628471,-117.1790237,389.30,1.50,WIFI
80:78:71:B9:ED:97,SEARCHING....,[WPA2_PSK],2025-12-3 15:46:40,6,-80,34.0628471,-117.1790237,389.30,1.50,WIFI
AC:EC:85:CC:EF:92,,[WPA3_PSK],2025-12-3 15:46:40,6,-80,34.0628471,-117.1790237,389.30,1.50,WIFI
AC:91:9B:9D:57:7A,Verizon_C6DW3K,[WPA2_PSK],2025-12-3 15:46:40,6,-81,34.0628471,-117.1790237,389.30,1.50,WIFI
AC:EC:85:CC:EF:9A,EERO Guest,[WPA2_PSK],2025-12-3 15:46:40,6,-81,34.0628471,-117.1790237,389.30,1.50,WIFI
A0:8A:06:9C:FA:46,SpectrumSetup-FA49,[WPA2_PSK],2025-12-3 15:46:40,6,-81,34.0628471,-117.1790237,389.30,1.50,WIFI
4C:22:F3:BD:BF:A7,Verizon_HG6VF6,[WPA2_PSK],2025-12-3 15:46:40,6,-89,34.0628471,-117.1790237,389.30,1.50,WIFI
A0:8A:06:C5:BF:6D,SpectrumSetup-BF70,[WPA2_PSK],2025-12-3 15:46:46,11,-67,34.0628548,-117.1798782,388.60,1.50,WIFI
D4:A9:28:14:6F:96,FiOS-UCNE0,[WPA2_PSK],2025-12-3 15:46:46,11,-72,34.0628548,-117.1798782,388.60,1.50,WIFI
E8:AD:A6:69:6E:3E,MySpectrumWiFi38-2G,[WPA2_PSK],2025-12-3 15:46:46,11,-73,34.0628548,-117.1798782,388.60,1.50,WIFI
44:AC:85:95:9C:43,,[WPA3_PSK],2025-12-3 15:46:46,11,-77,34.0628548,-117.1798782,388.60,1.50,WIFI
44:AC:85:95:9C:46,Frontier0899,[WPA2_PSK],2025-12-3 15:46:46,11,-78,34.0628548,-117.1798782,388.60,1.50,WIFI
44:AC:85:95:9C:49,,[OPEN],2025-12-3 15:46:46,11,-78,34.0628548,-117.1798782,388.60,1.50,WIFI
A8:11:FC:BB:52:58,Frontier5136,[WPA2_PSK],2025-12-3 15:46:46,11,-87,34.0628548,-117.1798782,388.60,1.50,WIFI
54:65:DE:74:48:40,N & H LIQUOR,[WPA2_PSK],2025-12-3 15:46:46,11,-88,34.0628548,-117.1798782,388.60,1.50,WIFI
98:25:4A:06:01:CE,Budget Inn 2,[WPA2_PSK],2025-12-3 15:46:46,11,-89,34.0628548,-117.1798782,388.60,1.50,WIFI
08:7B:12:44:2F:B6,Frontier0651,[WPA2_PSK],2025-12-3 15:46:46,1,-64,34.0628548,-117.1798782,388.60,1.50,WIFI
00:02:6F:C4:B4:47,STARDUST MOTEL 1,[OPEN],2025-12-3 15:46:46,1,-78,34.0628548,-117.1798782,388.60,1.50,WIFI
20:9A:7D:E6:C1:7E,SpectrumSetup-78,[WPA2_PSK],2025-12-3 15:46:46,1,-83,34.0628548,-117.1798782,388.60,1.50,WIFI
88:57:1D:52:2C:32,[range]_E30AJT7113981N,[WPA2_PSK],2025-12-3 15:46:53,4,-91,34.0628586,-117.1802368,388.00,1.50,WIFI
88:DC:96:72:6A:7D,STARDUST MOTEL 2,[OPEN],2025-12-3 15:46:54,5,-72,34.0628586,-117.1802368,388.00,1.50,WIFI
38:88:71:41:4A:74,Verizon_JV9WF6,[WPA2_PSK],2025-12-3 15:46:55,6,-79,34.0628586,-117.1802368,387.90,1.50,WIFI
C8:B8:2F:7F:2D:C4,,[WPA3_PSK],2025-12-3 15:46:55,6,-84,34.0628586,-117.1802368,387.90,1.50,WIFI
00:54:AF:B7:0F:66,Hotspot0F66,[WPA_WPA2_PSK],2025-12-3 15:46:57,8,-89,34.0628586,-117.1802368,387.80,1.50,WIFI
10:D7:B0:EF:F3:F6,SpectrumSetup-F0,[WPA2_PSK],2025-12-3 15:47:0,11,-74,34.0628586,-117.1802673,387.70,1.50,WIFI
E8:AD:A6:50:29:5E,MySpectrumWiFi58-2G,[WPA2_PSK],2025-12-3 15:47:0,11,-77,34.0628586,-117.1802673,387.70,1.50,WIFI
E4:C0:E2:71:34:A6,Moreno,[WPA2_PSK],2025-12-3 15:47:0,11,-81,34.0628586,-117.1802673,387.70,1.50,WIFI
24:F3:E3:1C:E3:83,,[WPA3_PSK],2025-12-3 15:47:0,11,-81,34.0628586,-117.1802673,387.70,1.50,WIFI
24:F3:E3:1C:E3:89,,[OPEN],2025-12-3 15:47:0,11,-81,34.0628586,-117.1802673,387.70,1.50,WIFI
24:F3:E3:1C:E3:86,Don&Iris,[WPA2_PSK],2025-12-3 15:47:0,11,-81,34.0628586,-117.1802673,387.70,1.50,WIFI
2C:EA:DC:B1:58:F9,SpectrumSetup-FB,[WPA2_PSK],2025-12-3 15:47:0,11,-82,34.0628586,-117.1802673,387.70,1.50,WIFI
7C:78:B2:AB:AA:A7,wzap97913354,[WPA2_PSK],2025-12-3 15:47:0,11,-88,34.0628586,-117.1802673,387.70,1.50,WIFI
5A:E4:03:1E:79:01,myChevrolet 7901,[WPA2_PSK],2025-12-3 15:47:3,1,-77,34.0628586,-117.1802597,387.60,1.50,WIFI
4A:D6:D5:C6:F3:8C,not your wifi,[WPA2_PSK],2025-12-3 15:47:3,1,-78,34.0628586,-117.1802597,387.60,1.50,WIFI
8E:86:DD:28:5D:C7,,[WPA2_PSK],2025-12-3 15:47:7,4,-87,34.0628624,-117.1803741,387.40,1.50,WIFI
8C:86:DD:08:5D:C7,Y M Massage ,[WPA2_WPA3_PSK],2025-12-3 15:47:7,4,-90,34.0628624,-117.1803741,387.40,1.50,WIFI
60:F4:19:14:90:E6,test123 ,[WPA2_PSK],2025-12-3 15:47:9,6,-64,34.0628738,-117.1805420,387.20,1.50,WIFI
60:F4:19:14:90:E9,,[OPEN],2025-12-3 15:47:9,6,-65,34.0628738,-117.1805420,387.20,1.50,WIFI
60:F4:19:14:90:E3,,[WPA3_PSK],2025-12-3 15:47:9,6,-66,34.0628738,-117.1805420,387.20,1.50,WIFI
DC:08:DA:0B:5C:F3,EMPIREFTW-5G,[WPA2_PSK],2025-12-3 15:47:9,6,-80,34.0628738,-117.1805420,387.20,1.50,WIFI
00:54:AF:F2:4B:40,Hotspot4B40,[WPA_WPA2_PSK],2025-12-3 15:47:12,9,-83,34.0628815,-117.1809311,386.60,1.50,WIFI
34:98:B5:69:A9:78,NETGEAR89,[WPA2_PSK],2025-12-3 15:47:13,10,-89,34.0628815,-117.1810837,386.20,1.50,WIFI
30:68:93:C6:7C:38,Budget Inn 2_EXT,[WPA2_PSK],2025-12-3 15:47:14,11,-79,34.0628815,-117.1812363,385.90,1.50,WIFI
40:4C:77:30:48:28,Home,[WPA2_PSK],2025-12-3 15:47:14,11,-81,34.0628815,-117.1812363,385.90,1.50,WIFI
B8:66:85:61:9A:06,MySpectrumWiFi00-2G,[WPA2_PSK],2025-12-3 15:47:14,11,-83,34.0628815,-117.1812363,385.90,1.50,WIFI
6A:4C:77:30:48:29,Budget INN,[WPA2_PSK],2025-12-3 15:47:14,11,-84,34.0628815,-117.1812363,385.90,1.50,WIFI
DA:55:A8:08:37:49,,[WPA2_PSK],2025-12-3 15:47:14,11,-84,34.0628815,-117.1812363,385.90,1.50,WIFI
E4:55:A8:08:37:49,,[WPA2_PSK],2025-12-3 15:47:14,11,-85,34.0628815,-117.1812363,385.90,1.50,WIFI
18:EE:86:AA:9F:41,Verizon-MiFi8800L-9F40,[WPA2_PSK],2025-12-3 15:47:14,11,-85,34.0628815,-117.1812363,385.90,1.50,WIFI
34:53:D2:B7:AA:67,SpectrumSetup-61,[WPA2_PSK],2025-12-3 15:47:14,11,-86,34.0628815,-117.1812363,385.90,1.50,WIFI
DE:CD:2F:93:22:FD,DIRECT-gl-EPSON-WF-4830 Series,[WPA2_PSK],2025-12-3 15:47:17,1,-84,34.0628853,-117.1817245,385.20,1.50,WIFI
64:67:72:FC:84:C6,TMOBILE-84C4,[WPA2_WPA3_PSK],2025-12-3 15:47:19,2,-80,34.0628853,-117.1819916,384.40,1.50,WIFI
F0:A7:31:08:26:B9,Spectra,[WPA2_PSK],2025-12-3 15:47:20,3,-86,34.0628815,-117.1820908,384.10,1.50,WIFI
58:EF:68:AD:E4:CF,Linksys09340,[WPA2_PSK],2025-12-3 15:47:21,4,-81,34.0628815,-117.1821594,383.90,1.50,WIFI
6E:E7:ED:4A:8C:2A,CHEVROLET6699,[WPA2_WPA3_PSK],2025-12-3 15:47:23,6,-64,34.0628777,-117.1822205,383.80,1.50,WIFI
7C:7E:F9:B2:31:84,,[WPA3_PSK],2025-12-3 15:47:23,6,-74,34.0628777,-117.1822205,383.80,1.50,WIFI
7C:7E:F9:B2:31:88,,[OPEN],2025-12-3 15:47:23,6,-74,34.0628777,-117.1822205,383.80,1.50,WIFI
7C:7E:F9:B2:31:86,Valenzuela ,[WPA2_PSK],2025-12-3 15:47:23,6,-74,34.0628777,-117.1822205,383.80,1.50,WIFI
88:DE:7C:C7:92:CD,SpectrumSetup-CF,[WPA2_PSK],2025-12-3 15:47:23,6,-78,34.0628777,-117.1822205,383.80,1.50,WIFI
C8:C6:FE:67:2B:06,SANCHEZ,[WPA2_PSK],2025-12-3 15:47:23,6,-83,34.0628777,-117.1822205,383.80,1.50,WIFI
C8:C6:FE:67:2B:03,,[WPA3_PSK],2025-12-3 15:47:23,6,-84,34.0628777,-117.1822205,383.80,1.50,WIFI
C8:C6:FE:67:2B:09,,[OPEN],2025-12-3 15:47:23,6,-84,34.0628777,-117.1822205,383.80,1.50,WIFI
4C:AB:F8:4A:D6:5D,SpectrumSetup-5F,[WPA2_PSK],2025-12-3 15:47:23,6,-84,34.0628777,-117.1822205,383.80,1.50,WIFI
B2:68:E6:3C:62:7C,DIRECT-KfMFC-L2710DW_BR627c,[WPA2_PSK],2025-12-3 15:47:23,6,-86,34.0628777,-117.1822205,383.80,1.50,WIFI
C0:D7:AA:EA:52:8F,TMOBILE-528D,[WPA2_PSK],2025-12-3 15:47:23,6,-89,34.0628777,-117.1822205,383.80,1.50,WIFI
90:D3:CF:31:B2:2E,SpectrumSetup-B231,[WPA2_PSK],2025-12-3 15:47:28,11,-78,34.0628777,-117.1822433,383.80,1.50,WIFI
54:2B:57:45:73:95,,[WPA2_PSK],2025-12-3 15:47:28,11,-81,34.0628777,-117.1822433,383.80,1.50,WIFI
CE:22:26:D8:A0:BC,jesstrav2,[WPA2_PSK],2025-12-3 15:47:30,1,-63,34.0628777,-117.1822433,383.80,1.50,WIFI
14:7D:05:50:B2:B3,SpectrumSetup-B1,[WPA2_PSK],2025-12-3 15:47:30,1,-79,34.0628777,-117.1822433,383.80,1.50,WIFI
A0:89:66:94:74:E8,,[WPA_WPA2_PSK],2025-12-3 15:47:30,1,-85,34.0628777,-117.1822433,383.80,1.50,WIFI
F4:69:42:82:01:36,SpectrumSetup-38,[WPA2_PSK],2025-12-3 15:47:30,1,-87,34.0628777,-117.1822433,383.80,1.50,WIFI
02:18:4A:2C:91:DA,Thermostat,[WPA_WPA2_PSK],2025-12-3 15:47:30,1,-88,34.0628777,-117.1822433,383.80,1.50,WIFI
00:54:AF:BB:B1:A9,HotspotB1A9,[WPA_WPA2_PSK],2025-12-3 15:47:38,7,-84,34.0628738,-117.1822433,383.70,1.50,WIFI
32:CD:A7:B1:17:01,DIRECT-vsM288x Series,[WPA2_PSK],2025-12-3 15:47:42,11,-86,34.0628738,-117.1822433,383.70,1.50,WIFI
CE:22:26:7C:5A:B2,myChevrolet,[WPA2_PSK],2025-12-3 15:47:45,1,-70,34.0628738,-117.1822433,383.70,1.50,WIFI
90:9D:7D:2A:5F:50,Frontier4128,[WPA2_PSK],2025-12-3 15:47:45,1,-78,34.0628738,-117.1822433,383.70,1.50,WIFI
02:18:4A:2C:91:D6,,[WPA2_PSK],2025-12-3 15:47:45,1,-89,34.0628738,-117.1822433,383.70,1.50,WIFI
30:C3:D9:29:33:E7,MB Hotspot 54786 2.4 GHz,[WPA2_PSK],2025-12-3 15:47:55,10,-67,34.0628738,-117.1822433,383.80,1.50,WIFI
AC:DF:9F:00:2D:A4,TMOBILE-2DA2,[WPA2_WPA3_PSK],2025-12-3 15:47:55,10,-80,34.0628738,-117.1822433,383.80,1.50,WIFI
9C:4F:5F:A2:77:96,setup77960,[WPA2_PSK],2025-12-3 15:47:56,11,-81,34.0628738,-117.1822433,383.80,1.50,WIFI
F0:81:75:F9:6E:5E,SpectrumSetup-58,[WPA2_PSK],2025-12-3 15:47:56,11,-81,34.0628738,-117.1822433,383.80,1.50,WIFI
00:0D:6F:EF:19:93,Infusion5625,[WPA2_PSK],2025-12-3 15:47:59,1,-89,34.0628738,-117.1822433,383.90,1.50,WIFI
08:7B:12:3F:BA:66,Frontier1877,[WPA2_PSK],2025-12-3 15:47:59,1,-89,34.0628738,-117.1822433,383.90,1.50,WIFI
10:2C:B1:9F:DA:DD,,[WPA_WPA2_PSK],2025-12-3 15:48:2,3,-86,34.0628738,-117.1822433,384.00,1.50,WIFI
C4:41:1E:1B:49:60,Linksys928,[WPA2_PSK],2025-12-3 15:48:2,3,-92,34.0628738,-117.1822433,384.00,1.50,WIFI
7A:0D:2D:A2:11:8C,HONDA5460ll,[WPA2_WPA3_PSK],2025-12-3 15:48:5,6,-80,34.0628738,-117.1822433,384.00,1.50,WIFI
28:38:5C:35:83:12,Hotspot9WQk,[WPA_WPA2_PSK],2025-12-3 15:48:5,6,-86,34.0628738,-117.1822433,384.00,1.50,WIFI
CE:40:D0:73:43:AA,Liberty Tax Orange S-Guest,[WPA2_PSK],2025-12-3 15:48:8,9,-80,34.0628738,-117.1822433,384.00,1.50,WIFI
48:5D:36:7D:74:BA,Gryffindor Common Room,[WPA2_PSK],2025-12-3 15:48:10,11,-72,34.0628738,-117.1822586,383.90,1.50,WIFI
20:3A:0C:B8:F5:86,artistrynails,[WPA2_PSK],2025-12-3 15:48:13,1,-70,34.0628738,-117.1824646,383.80,1.50,WIFI
20:3A:0C:B8:F5:89,,[OPEN],2025-12-3 15:48:13,1,-71,34.0628738,-117.1824646,383.80,1.50,WIFI
20:3A:0C:B8:F5:83,,[WPA3_PSK],2025-12-3 15:48:13,1,-72,34.0628738,-117.1824646,383.80,1.50,WIFI
2A:03:EB:E0:E8:F1,Gonzalez,[WPA2_PSK],2025-12-3 15:48:13,1,-74,34.0628738,-117.1824646,383.80,1.50,WIFI
20:3A:0C:B8:F5:8F,artistrynails Guest,[OPEN],2025-12-3 15:48:13,1,-76,34.0628738,-117.1824646,383.80,1.50,WIFI
20:9A:7D:11:33:8E,SpectrumSetup-88,[WPA2_PSK],2025-12-3 15:48:13,1,-79,34.0628738,-117.1824646,383.80,1.50,WIFI
64:D9:C2:7C:11:06,GOOD GLAZE DONUTS,[WPA2_PSK],2025-12-3 15:48:13,1,-82,34.0628738,-117.1824646,383.80,1.50,WIFI
64:D9:C2:7C:11:0F,GOOD GLAZE DONUTS Guest,[OPEN],2025-12-3 15:48:13,1,-84,34.0628738,-117.1824646,383.80,1.50,WIFI
94:F7:17:7E:F0:30,,[WPA_WPA2_PSK],2025-12-3 15:48:13,1,-84,34.0628738,-117.1824646,383.80,1.50,WIFI
A0:EE:EE:08:90:28,,[WPA_WPA2_PSK],2025-12-3 15:48:13,1,-84,34.0628738,-117.1824646,383.80,1.50,WIFI
02:18:4A:2C:91:D1,,[WPA2_PSK],2025-12-3 15:48:13,1,-84,34.0628738,-117.1824646,383.80,1.50,WIFI
00:C8:96:04:47:F0,,[WPA_WPA2_PSK],2025-12-3 15:48:13,1,-89,34.0628738,-117.1824646,383.80,1.50,WIFI
98:1E:19:52:BF:AE,MySpectrumWiFia8-2G,[WPA2_PSK],2025-12-3 15:48:13,1,-91,34.0628738,-117.1824646,383.80,1.50,WIFI
F0:09:0D:FE:22:AE,Saigon Delights 5G,[WPA2_PSK],2025-12-3 15:48:15,2,-77,34.0628738,-117.1826935,383.40,1.50,WIFI
F0:09:0D:10:BF:F2,Saigon Delights 5G_EXT2,[WPA2_PSK],2025-12-3 15:48:15,2,-78,34.0628738,-117.1826935,383.40,1.50,WIFI
C8:C6:FE:76:12:A6,SANCHEZ,[WPA2_PSK],2025-12-3 15:48:20,6,-72,34.0628548,-117.1835175,382.60,1.50,WIFI
90:D3:CF:17:61:99,SpectrumSetup-9B,[WPA2_PSK],2025-12-3 15:48:20,6,-73,34.0628548,-117.1835175,382.60,1.50,WIFI
90:CA:FA:92:34:97,kourtney,[WPA2_PSK],2025-12-3 15:48:20,6,-81,34.0628548,-117.1835175,382.60,1.50,WIFI
20:3A:0C:90:06:C9,,[OPEN],2025-12-3 15:48:20,6,-83,34.0628548,-117.1835175,382.60,1.50,WIFI
4A:EA:62:81:03:69,DIRECT-69-HP Color LJ 3301,[WPA2_PSK],2025-12-3 15:48:20,6,-91,34.0628548,-117.1835175,382.60,1.50,WIFI
A0:7F:8A:39:A8:8F,SpectrumSetup-A889,[WPA2_PSK],2025-12-3 15:48:25,11,-64,34.0628548,-117.1844635,381.20,1.50,WIFI
8C:85:80:83:50:F7,,[WPA_WPA2_PSK],2025-12-3 15:48:25,11,-76,34.0628548,-117.1844635,381.20,1.50,WIFI
78:76:89:37:6E:44,,[WPA3_PSK],2025-12-3 15:48:25,11,-77,34.0628548,-117.1844635,381.20,1.50,WIFI
78:76:89:37:6E:4A,,[OPEN],2025-12-3 15:48:25,11,-77,34.0628548,-117.1844635,381.20,1.50,WIFI
78:76:89:37:6E:47,Frontier5488,[WPA2_PSK],2025-12-3 15:48:25,11,-77,34.0628548,-117.1844635,381.20,1.50,WIFI
F8:2D:C0:E2:E9:68,Frontier3120,[WPA2_PSK],2025-12-3 15:48:25,11,-80,34.0628548,-117.1844635,381.20,1.50,WIFI
B0:D8:88:E2:3A:0B,Mazda_3a0b88e2b0d8_SPL,[WPA2_PSK],2025-12-3 15:48:25,11,-84,34.0628548,-117.1844635,381.20,1.50,WIFI
08:F0:1E:D5:E9:06,Delgado Family,[WPA2_PSK],2025-12-3 15:48:25,11,-85,34.0628548,-117.1844635,381.20,1.50,WIFI
36:5E:08:7C:AF:9F,,[WPA2_PSK],2025-12-3 15:48:25,11,-87,34.0628548,-117.1844635,381.20,1.50,WIFI
08:F0:1E:D5:E9:03,,[WPA3_PSK],2025-12-3 15:48:25,11,-87,34.0628548,-117.1844635,381.20,1.50,WIFI
A4:97:33:4D:35:05,SpectrumSetup-07,[WPA2_PSK],2025-12-3 15:48:25,11,-89,34.0628548,-117.1844635,381.20,1.50,WIFI
F4:52:46:A9:A4:F3,Ajax,[WPA2_PSK],2025-12-3 15:48:26,1,-76,34.0628548,-117.1846542,381.00,1.50,WIFI
F8:5B:3B:54:2D:CD,SpectrumSetup-CF,[WPA2_PSK],2025-12-3 15:48:26,1,-82,34.0628548,-117.1846542,381.00,1.50,WIFI
74:90:BC:53:37:2B,Verizon_Q9NX6C,[WPA2_PSK],2025-12-3 15:48:26,1,-84,34.0628548,-117.1846542,381.00,1.50,WIFI
1A:AD:B1:5E:47:00,,[WPA2_PSK],2025-12-3 15:48:26,1,-88,34.0628548,-117.1846542,381.00,1.50,WIFI
94:F7:17:CF:A3:FC,,[WPA_WPA2_PSK],2025-12-3 15:48:26,1,-88,34.0628548,-117.1846542,381.00,1.50,WIFI
22:7F:88:16:D3:8F,,[WPA2_PSK],2025-12-3 15:48:26,1,-90,34.0628548,-117.1846542,381.00,1.50,WIFI
3C:84:6A:F1:C3:07,Robert's room,[WPA_WPA2_PSK],2025-12-3 15:48:31,3,-80,34.0628548,-117.1855850,379.40,1.50,WIFI
9A:84:6A:F1:C3:09,,[WPA2_PSK],2025-12-3 15:48:31,3,-83,34.0628548,-117.1855850,379.40,1.50,WIFI
8A:98:B5:4C:9C:9C,sunset cottage-Guest,[WPA2_PSK],2025-12-3 15:48:31,3,-88,34.0628548,-117.1855850,379.40,1.50,WIFI
34:98:B5:4C:F3:59,greystonehut,[WPA2_PSK],2025-12-3 15:48:31,3,-90,34.0628548,-117.1855850,379.40,1.50,WIFI
AE:AE:19:07:D6:F8,,[WPA2_PSK],2025-12-3 15:48:34,6,-68,34.0628586,-117.1859970,378.50,1.50,WIFI
A0:8A:06:51:AD:68,Mariana,[WPA2_PSK],2025-12-3 15:48:34,6,-71,34.0628586,-117.1859970,378.50,1.50,WIFI
18:A5:FF:BC:90:6C,TMOBILE-906A,[WPA2_WPA3_PSK],2025-12-3 15:48:37,9,-61,34.0628624,-117.1862259,378.00,1.50,WIFI
A0:8A:06:93:1D:43,MrwaterTruck,[WPA2_PSK],2025-12-3 15:48:39,11,-64,34.0628624,-117.1862793,377.90,1.50,WIFI
84:70:D7:AC:56:A4,,[WPA3_PSK],2025-12-3 15:48:39,11,-72,34.0628624,-117.1862793,377.90,1.50,WIFI
84:70:D7:AC:56:AA,,[OPEN],2025-12-3 15:48:39,11,-73,34.0628624,-117.1862793,377.90,1.50,WIFI
84:70:D7:AC:56:A7,Trump Is Your Daddy,[WPA2_PSK],2025-12-3 15:48:39,11,-73,34.0628624,-117.1862793,377.90,1.50,WIFI
74:93:DA:AD:E0:F4,IKL2112,[WPA2_PSK],2025-12-3 15:48:39,11,-76,34.0628624,-117.1862793,377.90,1.50,WIFI
24:41:FE:85:76:1A,Verizon_BT3RGJ,[WPA2_PSK],2025-12-3 15:48:41,1,-64,34.0628624,-117.1863861,377.80,1.50,WIFI
54:B8:74:4D:20:46,midea_fa_0330,[OPEN],2025-12-3 15:48:41,1,-72,34.0628624,-117.1863861,377.80,1.50,WIFI
D6:6A:6A:9D:DF:2F,DIRECT-2f-HP M477 LaserJet,[WPA2_PSK],2025-12-3 15:48:41,1,-82,34.0628624,-117.1863861,377.80,1.50,WIFI
34:98:B5:4C:9C:9B,greystonehut,[WPA2_PSK],2025-12-3 15:48:45,3,-86,34.0628586,-117.1868820,377.10,1.50,WIFI
1A:60:41:7C:22:0D,,[WPA2_WPA3_PSK],2025-12-3 15:48:45,3,-88,34.0628586,-117.1868820,377.10,1.50,WIFI
C8:9E:43:D2:A9:F6,Stuart Family,[WPA2_PSK],2025-12-3 15:48:46,4,-72,34.0628548,-117.1870422,376.90,1.50,WIFI
C8:9E:43:C8:00:0F,Stuart Family,[WPA2_PSK],2025-12-3 15:48:46,4,-72,34.0628548,-117.1870422,376.90,1.50,WIFI
78:45:58:27:E3:D2,EDGE Wi-Fi A,[WPA2_PSK],2025-12-3 15:48:48,6,-62,34.0628510,-117.1873856,376.40,1.50,WIFI
82:45:58:27:E3:D2,,[WPA2_PSK],2025-12-3 15:48:48,6,-62,34.0628510,-117.1873856,376.40,1.50,WIFI
7E:45:58:27:E3:D2,ATD Guest,[WPA2_PSK],2025-12-3 15:48:48,6,-63,34.0628510,-117.1873856,376.40,1.50,WIFI
3A:42:0B:D4:F6:2F,SONOS-AxsBDAABIjhCC9T2LwM=,[OPEN],2025-12-3 15:48:48,6,-64,34.0628510,-117.1873856,376.40,1.50,WIFI
74:37:5F:A5:07:A3,SpectrumSetup-A1,[WPA2_PSK],2025-12-3 15:48:48,6,-65,34.0628510,-117.1873856,376.40,1.50,WIFI
B2:22:7A:95:0B:9F,DIRECT-9F-HP OfficeJet Pro 8020,[WPA2_PSK],2025-12-3 15:48:48,6,-76,34.0628510,-117.1873856,376.40,1.50,WIFI
AA:B1:3B:27:01:57,DIRECT-57-HP OfficeJet Pro 8210,[WPA2_PSK],2025-12-3 15:48:48,6,-84,34.0628510,-117.1873856,376.40,1.50,WIFI
94:3C:96:F8:24:26,Frontier0629,[WPA2_PSK],2025-12-3 15:48:48,6,-86,34.0628510,-117.1873856,376.40,1.50,WIFI
CA:9E:43:85:17:A9,Slow Bloom -Guest,[WPA2_PSK],2025-12-3 15:48:49,7,-58,34.0628510,-117.1875687,376.20,1.50,WIFI
C8:9E:43:85:17:A8,Slow Bloom Admin,[WPA2_PSK],2025-12-3 15:48:49,7,-61,34.0628510,-117.1875687,376.20,1.50,WIFI
D4:3F:32:79:39:0F,!Sprinter Guest,[WPA2_PSK],2025-12-3 15:48:53,11,-52,34.0628586,-117.1883469,375.00,1.50,WIFI
D4:3F:32:78:82:E3,,[WPA3_PSK],2025-12-3 15:48:53,11,-52,34.0628586,-117.1883469,375.00,1.50,WIFI
D4:3F:32:78:82:E9,,[OPEN],2025-12-3 15:48:53,11,-52,34.0628586,-117.1883469,375.00,1.50,WIFI
D4:3F:32:79:39:06,Sprinter Shop,[WPA2_PSK],2025-12-3 15:48:53,11,-53,34.0628586,-117.1883469,375.00,1.50,WIFI
D4:3F:32:78:82:EF,!Sprinter Guest,[WPA2_PSK],2025-12-3 15:48:53,11,-53,34.0628586,-117.1883469,375.00,1.50,WIFI
D4:3F:32:79:39:03,,[WPA3_PSK],2025-12-3 15:48:53,11,-53,34.0628586,-117.1883469,375.00,1.50,WIFI
D4:3F:32:78:82:E6,Sprinter Shop,[WPA2_PSK],2025-12-3 15:48:53,11,-54,34.0628586,-117.1883469,375.00,1.50,WIFI
D4:3F:32:79:39:09,,[OPEN],2025-12-3 15:48:53,11,-54,34.0628586,-117.1883469,375.00,1.50,WIFI
D4:3F:32:67:58:A3,,[WPA3_PSK],2025-12-3 15:48:53,11,-69,34.0628586,-117.1883469,375.00,1.50,WIFI
D4:3F:32:67:58:A6,Sprinter Shop,[WPA2_PSK],2025-12-3 15:48:53,11,-71,34.0628586,-117.1883469,375.00,1.50,WIFI
D4:3F:32:67:58:AF,!Sprinter Guest,[WPA2_PSK],2025-12-3 15:48:53,11,-71,34.0628586,-117.1883469,375.00,1.50,WIFI
60:38:E0:FA:D0:02,Frontier0137_Ext,[WPA2_PSK],2025-12-3 15:48:53,11,-74,34.0628586,-117.1883469,375.00,1.50,WIFI
00:5C:C2:4E:30:07,TF-WIFI-CXGDX196,[WPA_WPA2_PSK],2025-12-3 15:48:54,13,-86,34.0628586,-117.1885452,374.70,1.50,WIFI
94:F7:17:EC:EA:F8,,[WPA_WPA2_PSK],2025-12-3 15:48:57,1,-68,34.0628586,-117.1891174,374.00,1.50,WIFI
D0:6D:C9:2F:1E:C6,Frontier1250,[WPA2_PSK],2025-12-3 15:48:57,1,-76,34.0628586,-117.1891174,374.00,1.50,WIFI
C4:EB:39:FE:33:D1,Frontier2166,[WPA2_PSK],2025-12-3 15:48:57,1,-81,34.0628586,-117.1891174,374.00,1.50,WIFI
8C:85:80:F9:89:45,,[WPA_WPA2_PSK],2025-12-3 15:48:57,1,-84,34.0628586,-117.1891174,374.00,1.50,WIFI
F8:08:4F:D8:B7:4E,MySpectrumWiFi48-2G,[WPA2_PSK],2025-12-3 15:48:57,1,-84,34.0628586,-117.1891174,374.00,1.50,WIFI
D0:6D:C9:39:5E:C6,Frontier0177,[WPA2_PSK],2025-12-3 15:48:57,1,-86,34.0628586,-117.1891174,374.00,1.50,WIFI
00:54:AF:17:A1:91,HotspotA191,[WPA_WPA2_PSK],2025-12-3 15:49:0,3,-80,34.0628548,-117.1896896,373.20,1.50,WIFI
E2:BB:9E:D3:B8:CE,DIRECT-yi-EPSON-XP-6100 Series,[WPA2_PSK],2025-12-3 15:49:0,3,-89,34.0628548,-117.1896896,373.20,1.50,WIFI
3E:F0:83:1C:3C:0C,,[WPA2_WPA3_PSK],2025-12-3 15:49:2,5,-76,34.0628586,-117.1900482,372.70,1.50,WIFI
18:A9:ED:F2:C3:89,,[OPEN],2025-12-3 15:49:3,6,-59,34.0628586,-117.1902161,372.50,1.50,WIFI
A0:8A:06:7F:12:0C,SpectrumSetup-120F,[WPA2_PSK],2025-12-3 15:49:3,6,-65,34.0628586,-117.1902161,372.50,1.50,WIFI
18:A9:ED:F2:C3:86,Buckwheat,[WPA2_PSK],2025-12-3 15:49:3,6,-65,34.0628586,-117.1902161,372.50,1.50,WIFI
1A:60:24:0D:0D:74,DIRECT-74-HP OfficeJet Pro 8740,[WPA2_PSK],2025-12-3 15:49:3,6,-74,34.0628586,-117.1902161,372.50,1.50,WIFI
DC:92:72:E3:6E:1F,Frontier0245,[WPA2_PSK],2025-12-3 15:49:3,6,-78,34.0628586,-117.1902161,372.50,1.50,WIFI
7A:49:92:0A:4B:F0,TBG_Guest,[OPEN],2025-12-3 15:49:3,6,-80,34.0628586,-117.1902161,372.50,1.50,WIFI
56:49:92:0A:4B:F0,,[WPA2_PSK],2025-12-3 15:49:3,6,-80,34.0628586,-117.1902161,372.50,1.50,WIFI
74:93:DA:1D:4C:E5,SpectrumSetup-E7,[WPA2_PSK],2025-12-3 15:49:3,6,-80,34.0628586,-117.1902161,372.50,1.50,WIFI
6E:49:92:0A:4B:F0,TBG_Shop,[WPA2_PSK],2025-12-3 15:49:3,6,-81,34.0628586,-117.1902161,372.50,1.50,WIFI
68:49:92:0A:4B:F0,TBG,[WPA2_PSK],2025-12-3 15:49:3,6,-82,34.0628586,-117.1902161,372.50,1.50,WIFI
E6:CB:BC:49:82:F1,USWInternalFast,[WPA2],2025-12-3 15:49:8,11,-74,34.0628777,-117.1910248,371.20,1.50,WIFI
DE:CB:BC:49:82:F1,,[WPA2_PSK],2025-12-3 15:49:8,11,-75,34.0628777,-117.1910248,371.20,1.50,WIFI
E0:CB:BC:49:82:F1,USWExternal,[WPA2_PSK],2025-12-3 15:49:8,11,-79,34.0628777,-117.1910248,371.20,1.50,WIFI
64:67:72:EB:C2:A7,SpectrumSetup-A5,[WPA2_PSK],2025-12-3 15:49:10,1,-68,34.0628777,-117.1913986,370.80,1.50,WIFI
94:CD:FD:BA:23:03,,[WPA3_PSK],2025-12-3 15:49:10,1,-69,34.0628777,-117.1913986,370.80,1.50,WIFI
94:CD:FD:BA:23:09,,[OPEN],2025-12-3 15:49:10,1,-69,34.0628777,-117.1913986,370.80,1.50,WIFI
94:CD:FD:BA:23:06,KO's Fades,[WPA2_PSK],2025-12-3 15:49:10,1,-69,34.0628777,-117.1913986,370.80,1.50,WIFI
94:CD:FD:BA:23:0F,KO's Guest,[WPA2_PSK],2025-12-3 15:49:10,1,-70,34.0628777,-117.1913986,370.80,1.50,WIFI
6E:3A:1E:84:52:40,RFC,[WPA2_PSK],2025-12-3 15:49:10,1,-73,34.0628777,-117.1913986,370.80,1.50,WIFI
56:3A:1E:84:52:40,,[WPA2_PSK],2025-12-3 15:49:10,1,-73,34.0628777,-117.1913986,370.80,1.50,WIFI
A0:89:66:8D:E8:E8,,[WPA_WPA2_PSK],2025-12-3 15:49:10,1,-75,34.0628777,-117.1913986,370.80,1.50,WIFI
5C:FA:25:A8:50:87,TMOBILE-5081,[WPA2_WPA3_PSK],2025-12-3 15:49:10,1,-79,34.0628777,-117.1913986,370.80,1.50,WIFI
3C:F0:83:CC:3C:0C,TMOBILE-CF16,[WPA2_WPA3_PSK],2025-12-3 15:49:16,5,-96,34.0628777,-117.1926651,368.50,1.50,WIFI
84:70:D7:30:62:64,,[WPA3_PSK],2025-12-3 15:49:17,6,-72,34.0628777,-117.1928940,368.20,1.50,WIFI
84:70:D7:30:62:6A,,[OPEN],2025-12-3 15:49:17,6,-72,34.0628777,-117.1928940,368.20,1.50,WIFI
84:70:D7:30:62:67,American Legion,[WPA2_PSK],2025-12-3 15:49:17,6,-73,34.0628777,-117.1928940,368.20,1.50,WIFI
4C:AB:F8:03:C7:1E,Pink Hammer Construction,[WPA2_PSK],2025-12-3 15:49:17,6,-73,34.0628777,-117.1928940,368.20,1.50,WIFI
C6:AD:B1:20:D5:80,Set Free 1,[WPA2_PSK],2025-12-3 15:49:17,6,-74,34.0628777,-117.1928940,368.20,1.50,WIFI
9C:0B:05:FF:7D:87,American Legion,[WPA2_PSK],2025-12-3 15:49:17,6,-78,34.0628777,-117.1928940,368.20,1.50,WIFI
9C:0B:05:FF:7D:8A,,[OPEN],2025-12-3 15:49:17,6,-79,34.0628777,-117.1928940,368.20,1.50,WIFI
86:2A:FD:7A:30:9E,DIRECT-9E-HP M454dw Color LJ,[WPA2_PSK],2025-12-3 15:49:17,6,-80,34.0628777,-117.1928940,368.20,1.50,WIFI
9C:0B:05:FF:7D:84,,[WPA3_PSK],2025-12-3 15:49:17,6,-80,34.0628777,-117.1928940,368.20,1.50,WIFI
1E:EE:86:82:25:C4,DO_NOT_CONNECT_MESH-FX4100-25C4,[WPA2_PSK],2025-12-3 15:49:17,6,-82,34.0628777,-117.1928940,368.20,1.50,WIFI
FA:8F:CA:91:94:58,JBL Bar 5.1_3529.l025_,[OPEN],2025-12-3 15:49:17,6,-87,34.0628777,-117.1928940,368.20,1.50,WIFI
E0:46:EE:10:9F:FA,FDW2,[WPA2_PSK],2025-12-3 15:49:20,9,-67,34.0628738,-117.1935730,367.00,1.50,WIFI
7E:8A:20:24:89:6B,TOR,[WPA2_PSK],2025-12-3 15:49:22,11,-82,34.0628777,-117.1939850,366.30,1.50,WIFI
82:8A:20:24:89:6B,,[WPA2_PSK],2025-12-3 15:49:22,11,-84,34.0628777,-117.1939850,366.30,1.50,WIFI
28:EC:22:1D:1A:C6,Splitz EB,[WPA2_PSK],2025-12-3 15:49:24,1,-67,34.0628891,-117.1943512,365.80,1.50,WIFI
28:EC:22:1D:1A:CF,Let’s Go Brandon,[WPA2_PSK],2025-12-3 15:49:24,1,-67,34.0628891,-117.1943512,365.80,1.50,WIFI
28:EC:22:1D:1A:C3,,[WPA3_PSK],2025-12-3 15:49:24,1,-68,34.0628891,-117.1943512,365.80,1.50,WIFI
28:EC:22:1D:1A:C9,,[OPEN],2025-12-3 15:49:24,1,-68,34.0628891,-117.1943512,365.80,1.50,WIFI
40:47:5E:E0:6A:A9,,[OPEN],2025-12-3 15:49:24,1,-74,34.0628891,-117.1943512,365.80,1.50,WIFI
30:34:22:45:20:23,,[WPA3_PSK],2025-12-3 15:49:24,1,-77,34.0628891,-117.1943512,365.80,1.50,WIFI
30:34:22:5C:F0:66,Splitz EB,[WPA2_PSK],2025-12-3 15:49:24,1,-81,34.0628891,-117.1943512,365.80,1.50,WIFI
30:34:22:5C:F0:6F,Let’s Go Brandon,[WPA2_PSK],2025-12-3 15:49:24,1,-81,34.0628891,-117.1943512,365.80,1.50,WIFI
30:34:22:67:0E:E3,,[WPA3_PSK],2025-12-3 15:49:24,1,-86,34.0628891,-117.1943512,365.80,1.50,WIFI
30:34:22:67:0E:E9,,[OPEN],2025-12-3 15:49:24,1,-87,34.0628891,-117.1943512,365.80,1.50,WIFI
30:34:22:67:0E:E6,Splitz EB,[WPA2_PSK],2025-12-3 15:49:24,1,-87,34.0628891,-117.1943512,365.80,1.50,WIFI
30:34:22:67:0E:EF,Let’s Go Brandon,[WPA2_PSK],2025-12-3 15:49:24,1,-87,34.0628891,-117.1943512,365.80,1.50,WIFI
22:9A:63:7D:4B:F5,,[WPA2_PSK],2025-12-3 15:49:24,1,-89,34.0628891,-117.1943512,365.80,1.50,WIFI
24:C9:A1:2A:AA:68,Ayres Hotels,[OPEN],2025-12-3 15:49:29,3,-84,34.0629196,-117.1951447,364.40,1.50,WIFI
3C:37:86:F2:D6:F5,CWOFFICE,[WPA2_PSK],2025-12-3 15:49:30,4,-87,34.0629272,-117.1952972,363.90,1.50,WIFI
24:C9:A1:31:5B:C8,Ayres Hotels,[OPEN],2025-12-3 15:49:30,4,-88,34.0629272,-117.1952972,363.90,1.50,WIFI
AC:15:A2:CF:D1:94,RCC-NET,[WPA2_PSK],2025-12-3 15:49:32,6,-80,34.0629349,-117.1956329,363.10,1.50,WIFI
00:21:7E:E7:46:96,WL-MET,[WPA_WPA2_PSK],2025-12-3 15:49:32,6,-81,34.0629349,-117.1956329,363.10,1.50,WIFI
B2:15:A2:CF:D1:94,,[WPA2_PSK],2025-12-3 15:49:32,6,-82,34.0629349,-117.1956329,363.10,1.50,WIFI
66:6C:80:61:28:01,DIRECT-01-HP M283 LaserJet,[WPA2_PSK],2025-12-3 15:49:32,6,-86,34.0629349,-117.1956329,363.10,1.50,WIFI
AC:15:A2:C0:5C:FD,RCC-NET,[WPA2_PSK],2025-12-3 15:49:32,6,-89,34.0629349,-117.1956329,363.10,1.50,WIFI
B2:15:A2:CF:D1:8A,,[WPA2_PSK],2025-12-3 15:49:32,6,-90,34.0629349,-117.1956329,363.10,1.50,WIFI
24:C9:A1:31:41:B8,Ayres Hotels,[OPEN],2025-12-3 15:49:34,8,-84,34.0629387,-117.1959839,363.70,1.50,WIFI
82:15:44:2D:38:BC,Redlands Ford,[WPA_WPA2_PSK],2025-12-3 15:49:37,11,-84,34.0629272,-117.1965256,365.60,1.50,WIFI
2C:E6:CC:12:29:58,Ayres Hotels,[OPEN],2025-12-3 15:49:37,11,-85,34.0629272,-117.1965256,365.60,1.50,WIFI
88:15:44:2D:38:BC,Redlands Ford- Guest,[OPEN],2025-12-3 15:49:37,11,-87,34.0629272,-117.1965256,365.60,1.50,WIFI
3C:8C:F8:F9:0A:BB,TRENDnet740_RFJA,[WPA2],2025-12-3 15:49:40,1,-74,34.0629120,-117.1969223,366.60,1.50,WIFI
88:DC:96:4E:0C:64,Motel 6 Redlands,[OPEN],2025-12-3 15:49:40,1,-85,34.0629120,-117.1969223,366.60,1.50,WIFI
1C:BF:CE:03:9D:20,wifi-9D20,[OPEN],2025-12-3 15:49:45,5,-80,34.0628662,-117.1973419,364.80,1.50,WIFI
08:33:ED:BF:2D:2D,SpectrumSetup-2F,[WPA2_PSK],2025-12-3 15:49:46,6,-82,34.0628319,-117.1973724,364.50,1.50,WIFI
F8:55:CD:ED:E0:5B,HotspotXBVA,[WPA_WPA2_PSK],2025-12-3 15:49:46,6,-85,34.0628319,-117.1973724,364.50,1.50,WIFI
F8:96:FE:8D:B1:EA,myGMC8106,[WPA2_WPA3_PSK],2025-12-3 15:49:46,6,-87,34.0628319,-117.1973724,364.50,1.50,WIFI
24:C9:A1:2F:25:B8,Ayres Hotels,[OPEN],2025-12-3 15:49:48,8,-82,34.0627670,-117.1974030,364.40,1.50,WIFI
C8:99:B2:CB:C0:25,RodriguezFam,[WPA2_WPA3_PSK],2025-12-3 15:49:50,10,-91,34.0627174,-117.1973877,364.60,1.50,WIFI
90:BF:D9:1C:7B:29,,[WPA_WPA2_PSK],2025-12-3 15:49:51,11,-85,34.0626945,-117.1973419,364.60,1.50,WIFI
76:83:C2:8D:1E:03,fleet,[OPEN],2025-12-3 15:49:51,11,-88,34.0626945,-117.1973419,364.60,1.50,WIFI
88:DC:96:4E:0C:61,Motel 6 Redlands,[OPEN],2025-12-3 15:49:51,11,-88,34.0626945,-117.1973419,364.60,1.50,WIFI
74:83:C2:8D:1E:03,1NECG,[WPA2_PSK],2025-12-3 15:49:51,11,-90,34.0626945,-117.1973419,364.60,1.50,WIFI
40:47:5E:E0:6A:AF,Let’s Go Brandon,[WPA2_PSK],2025-12-3 15:49:54,1,-82,34.0626755,-117.1971817,364.70,1.50,WIFI
40:47:5E:E0:6A:A3,,[WPA3_PSK],2025-12-3 15:49:54,1,-84,34.0626755,-117.1971817,364.70,1.50,WIFI
2C:E6:CC:12:48:88,Ayres Hotels,[OPEN],2025-12-3 15:50:5,11,-77,34.0626678,-117.1966171,365.00,1.50,WIFI
CC:32:E5:6F:46:77,Verizon_PQ9TNZ_EXT,[WPA_WPA2_PSK],2025-12-3 15:50:5,11,-90,34.0626678,-117.1966171,365.00,1.50,WIFI
E0:E1:A9:0B:BC:AB,,[WPA2_PSK],2025-12-3 15:50:7,13,-91,34.0626488,-117.1965637,364.90,1.50,WIFI
3C:8C:F8:F9:0A:B8,TRENDnet740_RFJA,[WPA2],2025-12-3 15:50:8,1,-88,34.0626297,-117.1965408,364.80,1.50,WIFI
2C:E6:CC:12:53:78,Ayres Hotels,[OPEN],2025-12-3 15:50:8,1,-89,34.0626297,-117.1965408,364.80,1.50,WIFI
2C:E6:CC:3F:01:B8,Ayres Hotels,[OPEN],2025-12-3 15:50:12,4,-80,34.0625610,-117.1964951,364.30,1.50,WIFI
00:C0:02:3F:5B:23,Motel6(Macrotech),[OPEN],2025-12-3 15:50:14,6,-90,34.0625648,-117.1964417,364.10,1.50,WIFI
