WigleWifi-1.4,appRelease=v1.2.0,model=ESP32 Marauder,release=v1.2.0,device=ESP32 Marauder,display=SPI TFT,board=ESP32 Marauder,brand=JustCallMeKoko
MAC,SSID,AuthMode,FirstSeen,Channel,RSSI,CurrentLatitude,CurrentLongitude,AltitudeMeters,AccuracyMeters,Type
E4:FA:C4:75:15:0C,Hubbards,[WPA_WPA2_PSK],2025-3-26 21:36:31,1,-83,33.9373131,-117.1573410,514.70,3.25,WIFI
EA:FA:C4:75:15:0C,Network1,[WPA_PSK],2025-3-26 21:36:31,1,-83,33.9373131,-117.1573410,514.70,3.25,WIFI
B0:6A:41:A1:5A:96,Hubbards,[WPA2_PSK],2025-3-26 21:36:31,1,-88,33.9373131,-117.1573410,514.70,3.25,WIFI
02:92:A5:27:AE:0B,myChevrolet8149,[WPA2_WPA3_PSK],2025-3-26 21:36:31,1,-92,33.9373131,-117.1573410,514.70,3.25,WIFI
BC:96:E5:07:E5:24,Mobilereconstation,[WPA2_WPA3_PSK],2025-3-26 21:36:32,2,-85,33.9373131,-117.1573410,514.80,3.25,WIFI
78:21:84:63:E8:CD,EVC-ESP-AA-130,[OPEN],2025-3-26 21:36:35,5,-88,33.9373131,-117.1573410,515.20,3.25,WIFI
34:94:54:DD:25:09,EVC-ESP-AA-019,[OPEN],2025-3-26 21:36:35,5,-91,33.9373131,-117.1573410,515.20,3.25,WIFI
E8:31:CD:87:04:A5,EVC-ESP-AA-048,[OPEN],2025-3-26 21:36:35,5,-94,33.9373131,-117.1573410,515.20,3.25,WIFI
00:10:02:4F:F7:AC,MyVolvo6lbPGC,[WPA2_PSK],2025-3-26 21:36:36,6,-79,33.9373131,-117.1573410,515.30,3.25,WIFI
B0:6A:41:A1:5B:88,Hubbards,[WPA2_PSK],2025-3-26 21:36:36,6,-94,33.9373131,-117.1573410,515.30,3.25,WIFI
EC:5C:84:33:46:BF,TOYOTA Camry_46BF8433EC5C,[WPA2_PSK],2025-3-26 21:36:41,11,-90,33.9373093,-117.1573410,515.40,3.25,WIFI
BC:82:5D:86:43:4B,savagewarrior,[WPA2_PSK],2025-3-26 21:36:41,11,-92,33.9373093,-117.1573410,515.40,3.25,WIFI
D4:8A:3B:75:54:DB,DDPAI_Mini3_54DB,[WPA_WPA2_PSK],2025-3-26 21:36:50,6,-92,33.9372978,-117.1573257,514.90,2.75,WIFI
54:47:CC:F5:57:26,Frontier0762 2.4g,[WPA2_PSK],2025-3-26 21:36:55,11,-93,33.9372978,-117.1573257,514.60,2.75,WIFI
00:08:22:52:6A:15,AndroidAP_9382,[WPA2_PSK],2025-3-26 21:36:57,13,-95,33.9372902,-117.1573181,514.60,2.75,WIFI
F8:96:FE:7F:09:AB,myChevrolet2559,[WPA2_PSK],2025-3-26 21:36:58,1,-81,33.9372787,-117.1573105,514.60,2.75,WIFI
FC:9C:98:18:31:F4,ARLO_VMB_2981514944,[WPA2_PSK],2025-3-26 21:36:58,1,-89,33.9372787,-117.1573105,514.60,2.75,WIFI
F4:52:46:DE:5E:4D,THAT’S WHAT SHE SSID,[WPA2_PSK],2025-3-26 21:37:3,6,-92,33.9371223,-117.1570663,513.50,2.25,WIFI
B0:6A:41:A1:5B:25,Hubbards,[WPA2_PSK],2025-3-26 21:37:3,6,-95,33.9371223,-117.1570663,513.50,2.25,WIFI
F0:AB:54:64:FA:FE,MariCruze,[WPA2_PSK],2025-3-26 21:37:17,6,-91,33.9371834,-117.1566772,507.70,2.25,WIFI
BC:82:5D:9E:83:21,WiFi Hotspot 5603,[WPA2_PSK],2025-3-26 21:37:31,6,-91,33.9374886,-117.1566772,505.80,2.25,WIFI
00:54:AF:89:41:03,Hotspot4103,[WPA_WPA2_PSK],2025-3-26 21:37:48,9,-89,33.9387932,-117.1567154,510.50,2.00,WIFI
BE:32:46:26:2B:25,*link,[WPA2_PSK],2025-3-26 21:37:50,11,-85,33.9389687,-117.1567230,510.50,2.00,WIFI
5C:E9:31:61:4C:4A,Network1,[WPA_WPA2_PSK],2025-3-26 21:37:50,11,-86,33.9389687,-117.1567230,510.50,2.00,WIFI
E8:4F:25:7F:60:3D,TOYOTA Prius_603D257FE84F,[WPA2_PSK],2025-3-26 21:37:50,11,-90,33.9389687,-117.1567230,510.50,2.00,WIFI
00:0A:F5:71:27:60,DIRECT-ZZ-Raven-986,[WPA2_PSK],2025-3-26 21:37:53,1,-87,33.9391747,-117.1567230,510.60,2.00,WIFI
00:30:44:34:F7:5C,,[WPA2_PSK],2025-3-26 21:37:53,1,-87,33.9391747,-117.1567230,510.60,2.00,WIFI
5E:EF:68:67:9C:89,,[WPA2_PSK],2025-3-26 21:37:58,5,-92,33.9395943,-117.1567230,510.80,2.00,WIFI
FC:DB:21:54:B4:65,New Legend Inc,[WPA2_PSK],2025-3-26 21:37:59,6,-82,33.9396973,-117.1567230,510.80,2.00,WIFI
5A:E4:03:CB:22:1C,myChevrolet 221C,[WPA2_PSK],2025-3-26 21:38:0,7,-93,33.9398003,-117.1567230,510.70,2.00,WIFI
FA:6D:CC:F7:31:A3,myGMC 31A3,[WPA2_PSK],2025-3-26 21:38:0,7,-95,33.9398003,-117.1567230,510.70,2.00,WIFI
BE:32:46:86:2B:25,,[WPA2_PSK],2025-3-26 21:38:4,11,-84,33.9402542,-117.1567154,509.70,1.75,WIFI
BE:32:46:56:2B:25,,[WPA2_PSK],2025-3-26 21:38:4,11,-85,33.9402542,-117.1567154,509.70,1.75,WIFI
7C:D9:5C:9C:A5:AB,Hubbards,[WPA2_PSK],2025-3-26 21:38:7,1,-72,33.9406090,-117.1567078,508.30,1.75,WIFI
BC:96:E5:59:B8:39,ruchis,[WPA2_WPA3_PSK],2025-3-26 21:38:7,1,-81,33.9406090,-117.1567078,508.30,1.75,WIFI
FC:DB:21:0A:3E:DE,mobileservice,[WPA2_PSK],2025-3-26 21:38:13,6,-80,33.9414482,-117.1567078,507.70,1.75,WIFI
AC:91:9B:BB:E6:08,Verizon_W3W7KV,[WPA2_PSK],2025-3-26 21:38:13,6,-86,33.9414482,-117.1567078,507.70,1.75,WIFI
AC:DF:9F:9D:EF:2C,DuckettWifi,[WPA2_WPA3_PSK],2025-3-26 21:38:15,8,-76,33.9417267,-117.1567078,508.10,1.75,WIFI
AC:B6:87:31:41:EB,Verizon_N97HQL,[WPA2_PSK],2025-3-26 21:38:18,11,-83,33.9421654,-117.1567154,508.90,1.75,WIFI
A0:68:7E:19:3E:C2,Frontier6624,[WPA2_PSK],2025-3-26 21:38:18,11,-89,33.9421654,-117.1567154,508.90,1.75,WIFI
0C:84:DC:08:E7:43,HP-Print-43-LaserJet 300,[OPEN],2025-3-26 21:38:18,11,-91,33.9421654,-117.1567154,508.90,1.75,WIFI
C8:3D:D4:DB:3C:A7,exede-6277,[WPA2_PSK],2025-3-26 21:38:21,1,-80,33.9426079,-117.1567154,509.80,1.75,WIFI
6C:CD:D6:18:67:0E,AV INTERNET 2.4Ghz,[WPA2_PSK],2025-3-26 21:38:28,7,-88,33.9436226,-117.1567230,512.70,1.75,WIFI
E0:46:EE:21:F5:DA,NETGEAR35,[WPA2_PSK],2025-3-26 21:38:28,7,-93,33.9436226,-117.1567230,512.70,1.75,WIFI
3E:AA:8E:A8:37:06,,[WPA_WPA2_PSK],2025-3-26 21:38:33,1,-91,33.9443207,-117.1567230,514.60,1.75,WIFI
48:8F:5A:1A:95:11,NextDVP-U000202380550,[WPA_WPA2_PSK],2025-3-26 21:38:38,3,-78,33.9448280,-117.1567230,516.10,1.75,WIFI
56:89:D0:58:D9:B0,,[WPA2_PSK],2025-3-26 21:38:46,11,-93,33.9451256,-117.1567230,516.70,1.75,WIFI
56:89:D0:28:D9:B0,Pretty fly for a Wifi,[WPA2_PSK],2025-3-26 21:38:46,11,-95,33.9451256,-117.1567230,516.70,1.75,WIFI
00:80:AE:0E:F5:F9,hug2g549845,[WPA2_PSK],2025-3-26 21:38:55,6,-92,33.9452705,-117.1567230,516.90,1.75,WIFI
48:A4:72:E3:C0:60,JAGF66315,[WPA2_PSK],2025-3-26 21:39:2,1,-74,33.9457817,-117.1567230,518.40,1.75,WIFI
B0:FC:88:DD:94:46,TMOBILE-9441,[WPA2_WPA3_PSK],2025-3-26 21:39:2,1,-96,33.9457817,-117.1567230,518.40,1.75,WIFI
9C:C9:EB:EA:26:95,TBC ADMIN,[WPA2_PSK],2025-3-26 21:39:5,2,-91,33.9460640,-117.1567230,519.30,1.75,WIFI
0A:80:AE:0E:F5:F9,,[WPA2_PSK],2025-3-26 21:39:9,6,-86,33.9464989,-117.1567230,520.60,1.75,WIFI
30:23:03:A2:55:60,tumbleweed,[WPA2_PSK],2025-3-26 21:39:11,8,-93,33.9467430,-117.1567230,521.30,1.75,WIFI
80:3F:5D:6A:09:9D,WAVLINK-Mesh_099B,[OPEN],2025-3-26 21:39:14,11,-92,33.9471397,-117.1567230,522.40,1.75,WIFI
AC:91:9B:F0:93:3E,Verizon_6BWH63,[WPA2_PSK],2025-3-26 21:39:16,1,-87,33.9474144,-117.1567230,523.30,1.75,WIFI
A6:08:01:5A:93:2D,,[WPA2_PSK],2025-3-26 21:39:21,4,-87,33.9481125,-117.1567383,525.60,1.75,WIFI
68:7F:74:33:41:A2,center,[WPA2_PSK],2025-3-26 21:39:21,4,-90,33.9481125,-117.1567383,525.60,1.75,WIFI
58:EF:68:67:9C:89,tumbleweed,[WPA2_PSK],2025-3-26 21:39:22,5,-94,33.9482422,-117.1567383,526.00,1.75,WIFI
F0:21:E0:C3:C2:26,eero,[WPA2_PSK],2025-3-26 21:39:23,6,-86,33.9483757,-117.1567383,526.40,1.75,WIFI
74:93:DA:4A:6B:C2,Verizon_6RQ9H4,[WPA2_PSK],2025-3-26 21:39:23,6,-90,33.9483757,-117.1567383,526.40,1.75,WIFI
F0:21:E0:F5:11:56,,[OPEN],2025-3-26 21:39:23,6,-91,33.9483757,-117.1567383,526.40,1.75,WIFI
12:62:E5:FD:DF:E1,DIRECT-E1-HP ENVY Photo 7100,[WPA2_PSK],2025-3-26 21:39:23,6,-91,33.9483757,-117.1567383,526.40,1.75,WIFI
B0:6A:41:B7:89:56,Google WIFI,[WPA2_PSK],2025-3-26 21:39:32,1,-76,33.9496422,-117.1567383,529.70,1.75,WIFI
B0:6A:41:B7:6E:91,Google WIFI,[WPA2_PSK],2025-3-26 21:39:32,1,-81,33.9496422,-117.1567383,529.70,1.75,WIFI
FC:DF:00:6A:25:5B,midea_33_2242,[OPEN],2025-3-26 21:39:32,1,-91,33.9496422,-117.1567383,529.70,1.75,WIFI
88:DE:7C:CB:8C:DD,SpectrumSetup-DF,[WPA2_PSK],2025-3-26 21:39:37,6,-88,33.9504280,-117.1567383,533.40,1.75,WIFI
00:21:CC:32:70:4F,rinnai-0021CC32704F,[OPEN],2025-3-26 21:39:37,6,-93,33.9504280,-117.1567383,533.40,1.75,WIFI
AC:DF:9F:2A:D7:F0,TmobileWifi,[WPA2_WPA3_PSK],2025-3-26 21:39:39,8,-82,33.9507599,-117.1567383,534.70,1.75,WIFI
C8:99:B2:D2:5C:F7,MVPD2,[WPA2_WPA3_PSK],2025-3-26 21:39:39,8,-94,33.9507599,-117.1567383,534.70,1.75,WIFI
7E:E7:12:BC:AC:91,TeslaPW_JKGGMV,[WPA2_PSK],2025-3-26 21:39:42,11,-70,33.9512672,-117.1567383,536.80,1.75,WIFI
E8:65:D4:15:D9:29,Wita House_EXT,[WPA_WPA2_PSK],2025-3-26 21:39:42,11,-77,33.9512672,-117.1567383,536.80,1.75,WIFI
4C:19:5D:72:AA:82,Wita House,[WPA2_PSK],2025-3-26 21:39:42,11,-77,33.9512672,-117.1567383,536.80,1.75,WIFI
54:47:CC:29:E8:C7,TMOBILE-E8C1,[WPA2_WPA3_PSK],2025-3-26 21:39:42,11,-87,33.9512672,-117.1567383,536.80,1.75,WIFI
74:90:BC:E2:44:21,TMOBILE-16F8,[WPA2_WPA3_PSK],2025-3-26 21:39:44,1,-75,33.9516068,-117.1567383,538.40,1.75,WIFI
74:37:5F:56:71:73,getYOURownWIFI,[WPA2_PSK],2025-3-26 21:39:44,1,-90,33.9516068,-117.1567383,538.40,1.75,WIFI
C4:49:BB:63:79:04,Javarey51,[WPA2_PSK],2025-3-26 21:39:51,6,-86,33.9528008,-117.1567230,543.90,1.75,WIFI
58:96:71:F3:C7:0A,Verizon_KNS4H9,[WPA2_PSK],2025-3-26 21:39:51,6,-87,33.9528008,-117.1567230,543.90,1.75,WIFI
1E:4C:8B:2E:AC:F7,Starlink 2,[WPA2_PSK],2025-3-26 21:39:51,6,-92,33.9528008,-117.1567230,543.90,1.75,WIFI
4C:AB:F8:9F:C0:55,SpectrumSetup-57,[WPA2_PSK],2025-3-26 21:39:51,6,-92,33.9528008,-117.1567230,543.90,1.75,WIFI
18:A5:FF:57:16:FA,TMOBILE-16F8,[WPA2_WPA3_PSK],2025-3-26 21:39:53,8,-81,33.9531631,-117.1567230,545.20,1.75,WIFI
4C:19:5D:0F:A7:22,SpectrumSetup-1C,[WPA2_PSK],2025-3-26 21:39:58,1,-85,33.9540710,-117.1567230,549.10,1.75,WIFI
5E:C5:63:0A:B7:4C,venus-HQ2220JVU2M-629,[WPA2_PSK],2025-3-26 21:39:58,1,-95,33.9540710,-117.1567230,549.10,1.75,WIFI
D6:40:D0:56:EE:40,,[WPA2_PSK],2025-3-26 21:40:2,3,-92,33.9548149,-117.1567307,552.40,1.75,WIFI
A0:63:91:A9:D5:BA,NETGEARvirus,[WPA2_PSK],2025-3-26 21:40:3,4,-90,33.9550018,-117.1567307,553.30,1.75,WIFI
E6:CB:BC:30:30:B5,Liahona,[WPA2_PSK],2025-3-26 21:40:5,6,-90,33.9553719,-117.1567307,555.10,1.75,WIFI
A4:11:62:48:67:18,ARLO_VMB_8086998796,[WPA2_PSK],2025-3-26 21:40:5,6,-91,33.9553719,-117.1567307,555.10,1.75,WIFI
3A:98:B5:AF:E4:76,ORBI59,[WPA2_PSK],2025-3-26 21:40:7,8,-67,33.9557495,-117.1567307,557.10,1.75,WIFI
34:98:B5:AF:E4:76,,[WPA2_PSK],2025-3-26 21:40:7,8,-67,33.9557495,-117.1567307,557.10,1.75,WIFI
3E:98:B5:AF:E4:76,ORBI59-Guest,[OPEN],2025-3-26 21:40:7,8,-68,33.9557495,-117.1567307,557.10,1.75,WIFI
A4:11:62:DD:F5:4E,ARLO_VMB_7651499598,[WPA2_PSK],2025-3-26 21:40:7,8,-92,33.9557495,-117.1567307,557.10,1.75,WIFI
08:36:C9:74:2C:3C,,[WPA2_PSK],2025-3-26 21:40:9,10,-80,33.9561195,-117.1567307,559.00,1.75,WIFI
0E:36:C9:74:2C:3C,Hockeyhouse,[WPA2_PSK],2025-3-26 21:40:9,10,-90,33.9561195,-117.1567307,559.00,1.75,WIFI
14:59:C0:58:67:AA,URENA _EXT,[WPA2_PSK],2025-3-26 21:40:10,11,-89,33.9563026,-117.1567307,559.80,1.75,WIFI
E2:BB:9E:5E:83:4D,DIRECT-9E5E034D,[WPA2_PSK],2025-3-26 21:40:12,1,-93,33.9566765,-117.1567307,561.30,1.75,WIFI
88:DE:7C:32:86:49,SpectrumSetup-4B,[WPA2_PSK],2025-3-26 21:40:19,6,-71,33.9580269,-117.1567383,567.50,1.75,WIFI
F4:52:46:9F:15:0A,Mckissick4,[WPA2_PSK],2025-3-26 21:40:19,6,-89,33.9580269,-117.1567383,567.50,1.75,WIFI
A4:97:33:D0:FC:6D,SpectrumSetup-6F,[WPA2_PSK],2025-3-26 21:40:19,6,-91,33.9580269,-117.1567383,567.50,1.75,WIFI
8E:CC:9C:94:A1:80,caolam@yahoo.com,[WPA2_PSK],2025-3-26 21:40:30,3,-89,33.9598236,-117.1575165,579.70,1.75,WIFI
86:CC:9C:94:A1:80,Larry's wifi,[OPEN],2025-3-26 21:40:30,3,-91,33.9598236,-117.1575165,579.70,1.75,WIFI
8A:CC:9C:93:D9:E2,,[WPA2_PSK],2025-3-26 21:40:30,3,-92,33.9598236,-117.1575165,579.70,1.75,WIFI
02:FE:5D:B4:7A:4C,Pvt.WFR_Denali.4805,[WPA2_PSK],2025-3-26 21:40:38,11,-82,33.9610634,-117.1583176,584.60,1.75,WIFI
00:17:1A:D3:AC:F0,Winegard2ghzD3ACEF,[WPA2_PSK],2025-3-26 21:40:40,1,-86,33.9613876,-117.1585083,586.40,1.75,WIFI
B8:8D:12:62:EB:65,GMCJ,[WPA2_PSK],2025-3-26 21:40:40,1,-88,33.9613876,-117.1585083,586.40,1.75,WIFI
94:53:30:FA:ED:A5,WIFIFAEDA1,[WPA2_PSK],2025-3-26 21:40:40,1,-91,33.9613876,-117.1585083,586.40,1.75,WIFI
A4:11:62:E8:32:1C,ARLO_VMB_8995971951,[WPA2_PSK],2025-3-26 21:40:45,4,-84,33.9622307,-117.1588745,592.00,1.75,WIFI
F0:AB:54:02:47:76,Taino64,[WPA2_PSK],2025-3-26 21:40:47,6,-84,33.9626007,-117.1589737,594.40,1.75,WIFI
70:3A:CB:09:DE:E4,ARhod10,[WPA2_PSK],2025-3-26 21:40:47,6,-91,33.9626007,-117.1589737,594.40,1.75,WIFI
58:EF:68:73:C5:3F,jer1me,[WPA2_PSK],2025-3-26 21:40:49,8,-84,33.9629593,-117.1590500,596.60,1.75,WIFI
5E:EF:68:73:C5:3F,Jerry-guest,[WPA2_PSK],2025-3-26 21:40:49,8,-92,33.9629593,-117.1590500,596.60,1.75,WIFI
62:EF:68:73:C5:3F,,[WPA2_PSK],2025-3-26 21:40:49,8,-93,33.9629593,-117.1590500,596.60,1.75,WIFI
5E:AF:97:F8:BA:52,,[WPA2_PSK],2025-3-26 21:40:50,9,-90,33.9631424,-117.1590729,597.90,1.75,WIFI
5A:AF:97:F8:BA:42,Daniels Estates _2.4,[WPA2_PSK],2025-3-26 21:40:50,9,-90,33.9631424,-117.1590729,597.90,1.75,WIFI
54:AF:97:F8:BA:52,Daniels Estates ,[WPA2_PSK],2025-3-26 21:40:50,9,-92,33.9631424,-117.1590729,597.90,1.75,WIFI
5E:AF:97:F8:BA:42,,[WPA2_PSK],2025-3-26 21:40:50,9,-94,33.9631424,-117.1590729,597.90,1.75,WIFI
5A:AF:97:F8:BA:52,Daniels Estates _2.4,[WPA2_PSK],2025-3-26 21:40:50,9,-95,33.9631424,-117.1590729,597.90,1.75,WIFI
5E:EF:68:73:CF:B9,Jerry-guest,[WPA2_PSK],2025-3-26 21:40:51,10,-89,33.9633255,-117.1590958,599.20,1.75,WIFI
E8:AD:A6:43:9F:16,DG1670A52,[WPA2_PSK],2025-3-26 21:40:52,11,-88,33.9635086,-117.1591187,600.60,1.75,WIFI
4C:19:5D:05:D6:06,GoodAsGould49ers,[WPA2_PSK],2025-3-26 21:40:52,11,-89,33.9635086,-117.1591187,600.60,1.75,WIFI
DC:EF:09:CB:69:B8,GoodAsGould49ers_EXT,[WPA2_PSK],2025-3-26 21:40:52,11,-90,33.9635086,-117.1591187,600.60,1.75,WIFI
6C:99:61:D7:06:FE,SpectrumSetup-F8,[WPA2_PSK],2025-3-26 21:40:52,11,-94,33.9635086,-117.1591187,600.60,1.75,WIFI
FC:12:63:D8:3A:3A,SpectrumSetup-3C,[WPA2_PSK],2025-3-26 21:40:54,1,-96,33.9638710,-117.1591644,603.40,1.75,WIFI
62:EF:68:73:CF:77,,[WPA2_PSK],2025-3-26 21:41:0,5,-91,33.9648476,-117.1593094,610.90,1.75,WIFI
5E:EF:68:73:CF:77,Jerry-guest,[WPA2_PSK],2025-3-26 21:41:0,5,-92,33.9648476,-117.1593094,610.90,1.75,WIFI
D4:5D:64:EA:50:B0,Truly Gaming 2.4,[WPA2_PSK],2025-3-26 21:41:2,7,-94,33.9651680,-117.1593628,613.50,1.75,WIFI
A2:18:65:DA:34:83,CalvaryLions-IoT,[WPA2_PSK],2025-3-26 21:41:4,9,-90,33.9654884,-117.1594086,615.90,1.75,WIFI
9A:18:65:DA:34:83,CalvaryLions,[WPA2_WPA3_PSK],2025-3-26 21:41:4,9,-91,33.9654884,-117.1594086,615.90,1.75,WIFI
94:18:65:DA:34:83,,[WPA2_PSK],2025-3-26 21:41:4,9,-92,33.9654884,-117.1594086,615.90,1.75,WIFI
9E:18:65:DA:34:83,Calvary Ed Building,[WPA2_PSK],2025-3-26 21:41:4,9,-92,33.9654884,-117.1594086,615.90,1.75,WIFI
22:AD:56:28:D9:09,JESSEL8750,[WPA_WPA2_PSK],2025-3-26 21:42:5,1,-79,33.9765434,-117.1551285,547.10,2.00,WIFI
AA:AB:48:2F:DD:04,STARLINK,[OPEN],2025-3-26 21:42:48,1,-92,33.9852142,-117.1555176,497.50,1.75,WIFI
AA:AB:48:5F:DD:04,,[WPA2_PSK],2025-3-26 21:42:48,1,-94,33.9852142,-117.1555176,497.50,1.75,WIFI
9A:D2:AF:49:0E:3C,,[WPA2_PSK],2025-3-26 21:42:54,6,-96,33.9864197,-117.1554871,492.90,1.75,WIFI
62:6E:E0:87:C7:B7,,[WPA2_PSK],2025-3-26 21:42:59,11,-71,33.9874229,-117.1554565,488.20,1.75,WIFI
62:6E:E0:57:C7:B7,,[WPA2_PSK],2025-3-26 21:42:59,11,-72,33.9874229,-117.1554565,488.20,1.75,WIFI
62:6E:E0:27:C7:B7,ORTEGA,[WPA2_PSK],2025-3-26 21:42:59,11,-76,33.9874229,-117.1554565,488.20,1.75,WIFI
AA:AB:48:8F:DD:04,,[WPA2_PSK],2025-3-26 21:43:2,1,-88,33.9880333,-117.1554108,485.00,1.75,WIFI
2C:EA:DC:32:94:9E,Verizon-MiFi8800L-93D0,[WPA2_PSK],2025-3-26 21:43:16,1,-95,33.9904404,-117.1545258,474.90,1.75,WIFI
FA:2C:07:25:E2:69,Torres,[WPA2_PSK],2025-3-26 21:43:27,11,-84,33.9916191,-117.1540604,469.40,1.75,WIFI
38:E1:F4:92:61:C6,KC,[WPA2_WPA3_PSK],2025-3-26 21:43:27,11,-87,33.9916191,-117.1540604,469.40,1.75,WIFI
FA:2C:07:45:E2:69,,[WPA2_PSK],2025-3-26 21:43:27,11,-91,33.9916191,-117.1540604,469.40,1.75,WIFI
FA:2C:07:65:E2:69,,[WPA2_PSK],2025-3-26 21:43:27,11,-92,33.9916191,-117.1540604,469.40,1.75,WIFI
F4:91:1E:75:AE:12,1e75ae12,[WPA2_PSK],2025-3-26 21:43:30,1,-89,33.9917793,-117.1540070,468.10,1.50,WIFI
68:D7:9A:D7:70:B0,UFrontier2080,[WPA2_PSK],2025-3-26 21:43:30,1,-95,33.9917793,-117.1540070,468.10,1.50,WIFI
D2:09:8B:22:97:8E,Impact Marketing,[WPA2_PSK],2025-3-26 21:43:36,6,-88,33.9919891,-117.1539536,466.60,1.50,WIFI
D2:09:8B:62:97:8E,,[WPA2_PSK],2025-3-26 21:43:36,6,-90,33.9919891,-117.1539536,466.60,1.50,WIFI
D2:09:8B:42:97:8E,,[WPA2_PSK],2025-3-26 21:43:36,6,-90,33.9919891,-117.1539536,466.60,1.50,WIFI
2C:58:4F:E3:04:80,Frontier2080,[WPA2_PSK],2025-3-26 21:44:9,11,-97,33.9928436,-117.1541290,461.20,1.50,WIFI
42:17:5C:27:FE:A5,Storman,[WPA2_PSK],2025-3-26 21:44:12,1,-86,33.9930496,-117.1546021,459.00,1.75,WIFI
42:17:5C:67:FE:A5,,[WPA2_PSK],2025-3-26 21:44:12,1,-88,33.9930496,-117.1546021,459.00,1.75,WIFI
42:17:5C:47:FE:A5,,[WPA2_PSK],2025-3-26 21:44:12,1,-88,33.9930496,-117.1546021,459.00,1.75,WIFI
00:80:AE:09:C0:3B,hug2g428748,[WPA2_PSK],2025-3-26 21:44:12,1,-90,33.9930496,-117.1546021,459.00,1.75,WIFI
C0:FF:D4:D5:80:06,HughesNet-George_EXT,[WPA2_PSK],2025-3-26 21:44:26,1,-76,33.9937210,-117.1575317,453.80,1.75,WIFI
74:90:BC:12:FF:0F,Verizon_NX7B64,[WPA2_PSK],2025-3-26 21:44:26,1,-82,33.9937210,-117.1575317,453.80,1.75,WIFI
A0:21:B7:AF:05:94,HughesNet-George,[WPA2_PSK],2025-3-26 21:44:26,1,-86,33.9937210,-117.1575317,453.80,1.75,WIFI
76:90:BC:22:FF:0F,hug2g526442,[WPA2_PSK],2025-3-26 21:44:26,1,-87,33.9937210,-117.1575317,453.80,1.75,WIFI
24:2F:D0:AA:AD:F0,Storman_EXT,[WPA2_PSK],2025-3-26 21:44:26,1,-91,33.9937210,-117.1575317,453.80,1.75,WIFI
08:B4:B1:54:00:62,El Ranchito,[WPA2_PSK],2025-3-26 21:44:32,6,-79,33.9939232,-117.1588211,456.30,1.75,WIFI
06:AB:8E:48:33:E8,,[WPA2_PSK],2025-3-26 21:44:32,6,-84,33.9939232,-117.1588211,456.30,1.75,WIFI
06:AB:8E:28:33:E8,Offgride ,[WPA2_PSK],2025-3-26 21:44:32,6,-85,33.9939232,-117.1588211,456.30,1.75,WIFI
06:AB:8E:68:33:E8,,[WPA2_PSK],2025-3-26 21:44:32,6,-85,33.9939232,-117.1588211,456.30,1.75,WIFI
C8:E3:06:12:74:A5,VGranch,[WPA2_PSK],2025-3-26 21:44:46,6,-81,33.9954987,-117.1611557,447.50,1.75,WIFI
EC:74:27:F5:57:C5,VGranch,[WPA2_PSK],2025-3-26 21:44:46,6,-86,33.9954987,-117.1611557,447.50,1.75,WIFI
C8:E3:06:12:74:A3,,[WPA3_PSK],2025-3-26 21:44:46,6,-87,33.9954987,-117.1611557,447.50,1.75,WIFI
EC:74:27:F5:57:C7,,[OPEN],2025-3-26 21:44:46,6,-87,33.9954987,-117.1611557,447.50,1.75,WIFI
EC:74:27:F5:57:C3,,[WPA3_PSK],2025-3-26 21:44:46,6,-88,33.9954987,-117.1611557,447.50,1.75,WIFI
C8:E3:06:12:74:A7,,[OPEN],2025-3-26 21:44:46,6,-89,33.9954987,-117.1611557,447.50,1.75,WIFI
C8:E3:06:10:7F:C5,VGranch,[WPA2_PSK],2025-3-26 21:44:46,6,-92,33.9954987,-117.1611557,447.50,1.75,WIFI
C8:99:B2:D8:DF:C5,TMOBILE-DFC3,[WPA2_WPA3_PSK],2025-3-26 21:44:50,10,-91,33.9962730,-117.1616287,444.20,1.75,WIFI
A6:40:A0:54:44:25,L5RANCH,[WPA2_PSK],2025-3-26 21:45:3,9,-86,33.9985886,-117.1630478,439.90,1.75,WIFI
A6:40:A0:53:B1:04,L5RANCH,[WPA2_PSK],2025-3-26 21:45:3,9,-87,33.9985886,-117.1630478,439.90,1.75,WIFI
F0:09:0D:A9:F2:07,TP-Link_F208,[WPA2_PSK],2025-3-26 21:45:3,9,-93,33.9985886,-117.1630478,439.90,1.75,WIFI
9A:09:0D:A9:F2:0A,TP-Link_Guest_F208,[WPA2_PSK],2025-3-26 21:45:3,9,-94,33.9985886,-117.1630478,439.90,1.75,WIFI
24:41:FE:71:40:01,MainHouseWR,[WPA2_PSK],2025-3-26 21:45:14,6,-89,33.9998512,-117.1644974,438.40,1.75,WIFI
62:38:E0:32:3A:49,4liveoak-guest,[OPEN],2025-3-26 21:45:16,8,-93,34.0000496,-117.1646805,438.40,1.75,WIFI
60:38:E0:32:3A:49,4liveoak,[WPA_WPA2_PSK],2025-3-26 21:45:16,8,-94,34.0000496,-117.1646805,438.40,1.75,WIFI
1A:B2:BE:2C:D5:F7,Star,[WPA2_PSK],2025-3-26 21:45:19,11,-82,34.0002975,-117.1649017,438.20,1.75,WIFI
1A:B2:BE:4C:D5:F7,,[WPA2_PSK],2025-3-26 21:45:19,11,-86,34.0002975,-117.1649017,438.20,1.75,WIFI
1A:B2:BE:6C:D5:F7,,[WPA2_PSK],2025-3-26 21:45:19,11,-87,34.0002975,-117.1649017,438.20,1.75,WIFI
A8:97:CD:CA:E1:20,Frontier3248,[WPA2_PSK],2025-3-26 21:45:19,11,-95,34.0002975,-117.1649017,438.20,1.75,WIFI
74:90:BC:AE:41:2F,Verizon_V47RTJ,[WPA2_PSK],2025-3-26 21:45:20,1,-91,34.0003777,-117.1649704,438.00,1.75,WIFI
44:A5:6E:0D:B5:40,BOARDROOM,[WPA2_PSK],2025-3-26 21:45:24,2,-90,34.0006027,-117.1651382,437.90,1.75,WIFI
08:36:C9:74:1D:2C,,[WPA2_PSK],2025-3-26 21:45:26,4,-85,34.0007057,-117.1652069,438.00,1.75,WIFI
0E:36:C9:74:1D:2C,SCHWARTZ,[WPA2_PSK],2025-3-26 21:45:26,4,-85,34.0007057,-117.1652069,438.00,1.75,WIFI
08:36:C9:71:68:14,SCHWARTZ,[WPA2_PSK],2025-3-26 21:45:26,4,-88,34.0007057,-117.1652069,438.00,1.75,WIFI
0E:36:C9:71:68:14,,[WPA2_PSK],2025-3-26 21:45:26,4,-88,34.0007057,-117.1652069,438.00,1.75,WIFI
08:36:C9:74:1C:B8,,[WPA2_PSK],2025-3-26 21:45:26,4,-91,34.0007057,-117.1652069,438.00,1.75,WIFI
0E:36:C9:74:1C:B8,SCHWARTZ,[WPA2_PSK],2025-3-26 21:45:26,4,-93,34.0007057,-117.1652069,438.00,1.75,WIFI
F4:CA:E7:5B:00:E6,Movie room ,[WPA2_PSK],2025-3-26 21:45:28,6,-81,34.0008087,-117.1652832,438.00,1.75,WIFI
1C:BF:CE:9A:0B:80,Frontier2464-PRO-2.4G,[WPA2_PSK],2025-3-26 21:45:28,6,-94,34.0008087,-117.1652832,438.00,1.75,WIFI
16:0C:6B:FA:C7:E3,PurpleMist!O,[WPA2_PSK],2025-3-26 21:45:28,6,-94,34.0008087,-117.1652832,438.00,1.75,WIFI
10:0C:6B:FA:C7:E3,,[WPA2_PSK],2025-3-26 21:45:28,6,-94,34.0008087,-117.1652832,438.00,1.75,WIFI
AC:DF:9F:8B:7F:BA,TMOBILE-7FB8,[WPA2_WPA3_PSK],2025-3-26 21:45:30,8,-89,34.0008774,-117.1653290,438.10,1.75,WIFI
1A:0C:6B:FA:C7:E3,PurpleMist!-Guest,[WPA2_PSK],2025-3-26 21:45:42,6,-93,34.0012817,-117.1655884,438.00,1.50,WIFI
9A:09:0D:A9:F2:09,,[WPA2_PSK],2025-3-26 21:45:45,9,-92,34.0013504,-117.1656494,437.80,1.50,WIFI
1A:EB:B6:65:1C:02,RMH School,[WPA2_PSK],2025-3-26 21:45:48,1,-96,34.0014267,-117.1656952,437.60,1.50,WIFI
94:A3:CA:09:38:2F,T-Mobile Broadband94,[WPA2_PSK],2025-3-26 21:45:58,8,-79,34.0016212,-117.1658249,437.10,1.50,WIFI
00:54:AF:97:81:4E,Hotspot814E,[WPA_WPA2_PSK],2025-3-26 21:46:3,1,-93,34.0018120,-117.1659546,436.50,1.50,WIFI
42:37:86:12:97:32,ORBI36,[WPA2_PSK],2025-3-26 21:46:23,5,-91,34.0042801,-117.1682816,432.20,1.50,WIFI
3C:52:A1:38:7B:0E,Beach Club,[WPA_WPA2_PSK],2025-3-26 21:46:24,6,-94,34.0043831,-117.1684570,431.80,1.50,WIFI
80:3F:5D:71:D4:92,worknet,[WPA2_PSK],2025-3-26 21:46:26,8,-91,34.0045891,-117.1688309,431.30,1.50,WIFI
08:36:C9:91:97:61,,[WPA2_PSK],2025-3-26 21:46:27,9,-96,34.0046883,-117.1690216,431.00,1.50,WIFI
66:05:E4:57:CF:DA,Dolphin,[WPA2_PSK],2025-3-26 21:46:31,1,-94,34.0051384,-117.1697540,429.60,1.50,WIFI
00:54:AF:5E:32:A4,Hotspot32A4,[WPA_WPA2_PSK],2025-3-26 21:46:31,1,-95,34.0051384,-117.1697540,429.60,1.50,WIFI
46:37:86:12:97:32,,[WPA2_PSK],2025-3-26 21:46:37,5,-92,34.0060349,-117.1706772,427.60,1.50,WIFI
B6:27:7E:A1:55:93,Coffy,[WPA2_WPA3_PSK],2025-3-26 21:46:38,6,-96,34.0061989,-117.1707916,427.50,1.50,WIFI
BC:82:5D:60:D8:8E,Supa Chevy,[WPA2_PSK],2025-3-26 21:46:43,11,-74,34.0069618,-117.1712418,426.90,1.50,WIFI
CA:41:1E:E2:DA:D5,,[WPA2_PSK],2025-3-26 21:46:43,11,-91,34.0069618,-117.1712418,426.90,1.50,WIFI
B2:00:73:8A:0B:CB,DIRECT-MBUX 95962,[WPA2_PSK],2025-3-26 21:46:45,1,-91,34.0072136,-117.1714859,426.70,1.50,WIFI
E8:9F:80:D4:58:CF,SPfox862136,[WPA2_PSK],2025-3-26 21:46:45,1,-94,34.0072136,-117.1714859,426.70,1.50,WIFI
EE:9F:80:D4:58:CF,,[WPA2_PSK],2025-3-26 21:46:45,1,-94,34.0072136,-117.1714859,426.70,1.50,WIFI
AE:1A:EA:20:26:16,GIL-STARLINK,[WPA2_PSK],2025-3-26 21:46:52,6,-88,34.0079689,-117.1725845,427.50,1.75,WIFI
AE:1A:EA:50:26:16,,[WPA2_PSK],2025-3-26 21:46:52,6,-94,34.0079689,-117.1725845,427.50,1.75,WIFI
AC:DF:9F:9D:D5:2E,TMOBILE-D52C,[WPA2_WPA3_PSK],2025-3-26 21:46:56,10,-87,34.0083008,-117.1732483,427.10,1.50,WIFI
44:A5:6E:47:76:59,NETGEAR20,[WPA2_PSK],2025-3-26 21:47:22,8,-92,34.0092010,-117.1788330,421.60,1.50,WIFI
20:23:51:29:DC:B0,LosGiles,[WPA2_PSK],2025-3-26 21:47:23,9,-93,34.0092735,-117.1790161,421.80,1.50,WIFI
AC:15:A2:6D:87:78,Frontier0256_EXT,[WPA2_PSK],2025-3-26 21:47:25,11,-90,34.0094070,-117.1793747,421.30,1.50,WIFI
86:D2:94:B2:AB:CB,OCNetwork-Guest,[WPA2_PSK],2025-3-26 21:47:27,1,-91,34.0095482,-117.1797180,420.60,1.75,WIFI
CA:A5:11:2E:7C:11,OCNetwork-Guest,[WPA2_PSK],2025-3-26 21:47:27,1,-96,34.0095482,-117.1797180,420.60,1.75,WIFI
C2:A5:11:2E:7C:11,OCNetwork,[WPA2_PSK],2025-3-26 21:47:27,1,-96,34.0095482,-117.1797180,420.60,1.75,WIFI
46:ED:00:D8:85:B8,,[WPA2_PSK],2025-3-26 21:47:30,2,-93,34.0098000,-117.1802063,419.00,1.75,WIFI
08:36:C9:F3:C1:B2,CASA TORCAT,[WPA2_PSK],2025-3-26 21:47:31,3,-88,34.0098953,-117.1803436,418.50,1.75,WIFI
0E:36:C9:F3:C1:B2,,[WPA2_PSK],2025-3-26 21:47:31,3,-90,34.0098953,-117.1803436,418.50,1.75,WIFI
38:94:ED:44:8B:3C,Patel Home,[WPA2_PSK],2025-3-26 21:47:32,4,-90,34.0099945,-117.1804657,418.00,1.75,WIFI
3E:94:ED:44:8B:3C,,[WPA2_PSK],2025-3-26 21:47:32,4,-94,34.0099945,-117.1804657,418.00,1.75,WIFI
C8:9E:43:66:FD:F4,,[WPA2_PSK],2025-3-26 21:47:36,8,-94,34.0104485,-117.1808777,416.20,1.75,WIFI
22:AD:56:48:17:30,Hotspot1730,[WPA_WPA2_PSK],2025-3-26 21:47:39,11,-76,34.0107765,-117.1811218,415.30,1.75,WIFI
94:B5:55:5C:BF:D1,MLG20898,[OPEN],2025-3-26 21:47:41,1,-87,34.0109901,-117.1812820,414.60,1.75,WIFI
FA:8F:CA:55:CE:7B,LG-SN8YG_0104.n097,[OPEN],2025-3-26 21:47:48,6,-93,34.0115128,-117.1816711,412.80,1.50,WIFI
C6:38:75:BC:F6:7E,SONOS-AxsBDQACIsQ4dbz2fgM=,[OPEN],2025-3-26 21:47:48,6,-93,34.0115128,-117.1816711,412.80,1.50,WIFI
D2:CF:84:00:E0:E3,ASUS_MD,[WPA2_WPA3_PSK],2025-3-26 21:47:52,10,-89,34.0116234,-117.1817551,412.30,1.50,WIFI
D2:CF:84:00:E0:E4,ASUS_MD_IoT,[WPA2_PSK],2025-3-26 21:47:52,10,-92,34.0116234,-117.1817551,412.30,1.50,WIFI
48:22:54:7B:8B:9E,RT&C,[WPA2_PSK],2025-3-26 21:47:59,3,-89,34.0117683,-117.1818542,411.60,1.50,WIFI
4E:22:54:7B:8B:A2,,[WPA2_PSK],2025-3-26 21:47:59,3,-89,34.0117683,-117.1818542,411.60,1.50,WIFI
48:22:54:7B:8B:A2,RT&C,[WPA2_PSK],2025-3-26 21:48:13,3,-94,34.0129318,-117.1807327,406.90,1.50,WIFI
24:2D:6C:99:DA:05,,[WPA3_PSK],2025-3-26 21:48:21,11,-89,34.0135574,-117.1800690,405.70,1.50,WIFI
24:2D:6C:A2:1F:85,,[WPA3_PSK],2025-3-26 21:48:21,11,-91,34.0135574,-117.1800690,405.70,1.50,WIFI
24:2D:6C:91:78:05,,[WPA3_PSK],2025-3-26 21:48:21,11,-95,34.0135574,-117.1800690,405.70,1.50,WIFI
04:92:26:82:3A:38,cjep,[WPA2_PSK],2025-3-26 21:48:49,11,-93,34.0153923,-117.1790314,406.80,1.50,WIFI
00:6F:F2:50:4E:85,WiFi Hotspot 6796,[WPA2_PSK],2025-3-26 21:48:49,11,-94,34.0153923,-117.1790314,406.80,1.50,WIFI
4E:22:54:7B:8B:9E,,[WPA2_PSK],2025-3-26 21:48:55,3,-82,34.0160789,-117.1789093,408.90,1.50,WIFI
4E:22:54:7B:8B:9A,,[WPA2_PSK],2025-3-26 21:48:55,3,-90,34.0160789,-117.1789093,408.90,1.50,WIFI
AC:8B:A9:32:F7:66,Rezek Ranch,[WPA2_PSK],2025-3-26 21:48:58,6,-94,34.0164566,-117.1787796,410.10,1.50,WIFI
54:07:7D:10:E2:30,NETGEAR87,[WPA2_PSK],2025-3-26 21:49:10,3,-94,34.0179634,-117.1780777,417.70,1.50,WIFI
10:0C:6B:28:A5:15,Makowski,[WPA2_PSK],2025-3-26 21:49:11,4,-90,34.0181007,-117.1780548,418.30,1.50,WIFI
C8:9E:43:42:57:03,Makowski,[WPA2_PSK],2025-3-26 21:49:11,4,-96,34.0181007,-117.1780548,418.30,1.50,WIFI
AC:EC:85:CE:31:12,,[WPA3_PSK],2025-3-26 21:49:13,6,-72,34.0183678,-117.1780472,419.70,1.50,WIFI
AC:EC:85:CE:31:16,,[OPEN],2025-3-26 21:49:13,6,-72,34.0183678,-117.1780472,419.70,1.50,WIFI
AC:EC:85:CE:31:14,Moo Clan Eero,[WPA2_PSK],2025-3-26 21:49:13,6,-74,34.0183678,-117.1780472,419.70,1.50,WIFI
AC:EC:85:CD:74:12,,[WPA3_PSK],2025-3-26 21:49:13,6,-85,34.0183678,-117.1780472,419.70,1.50,WIFI
AC:EC:85:CD:74:16,,[OPEN],2025-3-26 21:49:13,6,-85,34.0183678,-117.1780472,419.70,1.50,WIFI
AC:EC:85:CD:74:14,Moo Clan Eero,[WPA2_PSK],2025-3-26 21:49:13,6,-87,34.0183678,-117.1780472,419.70,1.50,WIFI
CC:40:D0:06:FA:C8,NETGEAR11,[WPA2_PSK],2025-3-26 21:49:13,6,-94,34.0183678,-117.1780472,419.70,1.50,WIFI
1A:59:C0:38:6F:3C,ORBI48,[WPA2_PSK],2025-3-26 21:49:16,9,-81,34.0187683,-117.1781082,421.60,1.75,WIFI
1A:59:C0:38:68:CF,ORBI48,[WPA2_PSK],2025-3-26 21:49:16,9,-93,34.0187683,-117.1781082,421.60,1.75,WIFI
AA:04:60:2C:F2:6C,,[WPA2_PSK],2025-3-26 21:49:16,9,-94,34.0187683,-117.1781082,421.60,1.75,WIFI
8A:9C:25:02:C5:51,Guardian,[WPA2_PSK],2025-3-26 21:49:17,10,-95,34.0189056,-117.1781616,422.40,1.75,WIFI
16:0C:6B:20:BF:DE,Moores,[WPA2_PSK],2025-3-26 21:49:24,3,-82,34.0198898,-117.1785889,428.10,1.75,WIFI
72:CD:D6:E7:0A:8B,Moores,[WPA2_PSK],2025-3-26 21:49:24,3,-85,34.0198898,-117.1785889,428.10,1.75,WIFI
6C:CD:D6:E7:0A:8B,,[WPA2_PSK],2025-3-26 21:49:24,3,-87,34.0198898,-117.1785889,428.10,1.75,WIFI
7E:D2:94:3F:EB:3C,virusinfection,[WPA2_PSK],2025-3-26 21:49:26,5,-88,34.0201721,-117.1787186,429.70,1.75,WIFI
30:23:03:84:59:38,2cproperty,[WPA2_PSK],2025-3-26 21:49:27,6,-95,34.0203094,-117.1787796,430.40,1.75,WIFI
1E:59:C0:38:6F:3C,,[WPA2_PSK],2025-3-26 21:49:30,9,-70,34.0207176,-117.1789322,432.30,1.75,WIFI
1E:59:C0:38:68:CF,,[WPA2_PSK],2025-3-26 21:49:30,9,-77,34.0207176,-117.1789322,432.30,1.75,WIFI
1E:59:C0:38:6E:AB,,[WPA2_PSK],2025-3-26 21:49:30,9,-90,34.0207176,-117.1789322,432.30,1.75,WIFI
8A:BF:B8:5F:D4:53,Guardian-Guest,[WPA_WPA2_PSK],2025-3-26 21:49:31,10,-93,34.0208511,-117.1789780,432.90,1.75,WIFI
D2:40:D0:FD:72:4E,,[WPA2_PSK],2025-3-26 21:49:32,11,-74,34.0209846,-117.1790085,433.60,1.75,WIFI
1E:59:C0:43:E8:8C,,[WPA2_PSK],2025-3-26 21:49:32,11,-79,34.0209846,-117.1790085,433.60,1.75,WIFI
1A:59:C0:43:E8:8C,ORBI04,[WPA2_PSK],2025-3-26 21:49:32,11,-84,34.0209846,-117.1790085,433.60,1.75,WIFI
58:CB:52:BB:BB:17,KawaiandKaia,[WPA2_PSK],2025-3-26 21:49:32,11,-85,34.0209846,-117.1790085,433.60,1.75,WIFI
88:DC:97:0A:80:79,DolceVillaEstate,[WPA2_WPA3_PSK],2025-3-26 21:49:35,1,-94,34.0214005,-117.1790237,435.90,1.75,WIFI
7E:45:58:3D:07:B6,,[WPA2_PSK],2025-3-26 21:49:35,1,-94,34.0214005,-117.1790237,435.90,1.75,WIFI
F0:AF:85:E1:8E:96,Frontier3920,[WPA2_PSK],2025-3-26 21:49:35,1,-94,34.0214005,-117.1790237,435.90,1.75,WIFI
78:45:58:3D:07:B6,RRR_Mainhouse,[WPA2_PSK],2025-3-26 21:49:35,1,-95,34.0214005,-117.1790237,435.90,1.75,WIFI
10:0C:6B:20:BF:DE,,[WPA2_PSK],2025-3-26 21:49:38,3,-89,34.0218239,-117.1788788,438.10,1.75,WIFI
60:45:CB:CF:7C:D0,Kitchen,[WPA2_PSK],2025-3-26 21:49:41,6,-93,34.0222435,-117.1786804,440.20,1.75,WIFI
C8:7F:54:62:D0:A0,Office,[WPA2_PSK],2025-3-26 21:49:45,10,-92,34.0227585,-117.1783981,443.90,1.75,WIFI
D4:05:DE:86:7F:E7,cactus,[WPA2_PSK],2025-3-26 21:49:46,11,-90,34.0228729,-117.1783447,444.90,1.75,WIFI
40:E1:E4:F4:92:E6,TMOBILE-92DD,[WPA_WPA2_PSK],2025-3-26 21:49:46,11,-92,34.0228729,-117.1783447,444.90,1.75,WIFI
18:31:BF:A9:BF:30,Nannis,[WPA2_PSK],2025-3-26 21:49:49,1,-96,34.0232124,-117.1781998,447.90,1.75,WIFI
D4:05:DE:B0:2B:67,cactus,[WPA2_PSK],2025-3-26 21:50:0,11,-84,34.0245667,-117.1781845,460.30,1.75,WIFI
D4:05:DE:B0:2B:6A,,[OPEN],2025-3-26 21:50:0,11,-88,34.0245667,-117.1781845,460.30,1.75,WIFI
D4:05:DE:B0:2B:64,,[WPA3_PSK],2025-3-26 21:50:0,11,-89,34.0245667,-117.1781845,460.30,1.75,WIFI
42:94:ED:5D:72:F7,Sunset Guest,[WPA2_PSK],2025-3-26 21:50:7,4,-84,34.0252419,-117.1779785,466.80,2.00,WIFI
3E:98:B5:50:B9:64,Sunset Guest,[WPA2_PSK],2025-3-26 21:50:7,4,-85,34.0252419,-117.1779785,466.80,2.00,WIFI
34:98:B5:50:B9:64,,[WPA2_PSK],2025-3-26 21:50:7,4,-86,34.0252419,-117.1779785,466.80,2.00,WIFI
38:94:ED:5D:72:F7,,[WPA2_PSK],2025-3-26 21:50:7,4,-86,34.0252419,-117.1779785,466.80,2.00,WIFI
C8:9E:43:D5:86:95,Sunset Cottage,[WPA2_PSK],2025-3-26 21:50:7,4,-88,34.0252419,-117.1779785,466.80,2.00,WIFI
3E:94:ED:5D:60:87,Sunset Cottage,[WPA2_PSK],2025-3-26 21:50:7,4,-89,34.0252419,-117.1779785,466.80,2.00,WIFI
CE:9E:43:D5:86:95,,[WPA2_PSK],2025-3-26 21:50:7,4,-90,34.0252419,-117.1779785,466.80,2.00,WIFI
38:94:ED:5D:60:87,,[WPA2_PSK],2025-3-26 21:50:7,4,-92,34.0252419,-117.1779785,466.80,2.00,WIFI
6C:CD:D6:15:6D:7A,,[WPA2_PSK],2025-3-26 21:50:11,8,-92,34.0255470,-117.1778564,470.00,2.00,WIFI
D4:05:DE:86:7F:E4,,[WPA3_PSK],2025-3-26 21:50:14,11,-85,34.0256844,-117.1777878,471.30,1.75,WIFI
D4:05:DE:86:7F:EA,,[OPEN],2025-3-26 21:50:14,11,-87,34.0256844,-117.1777878,471.30,1.75,WIFI
38:CA:84:02:27:4F,DIRECT-4E-HP DeskJet 2700 series,[WPA2_PSK],2025-3-26 21:50:17,1,-91,34.0257530,-117.1777420,471.90,1.75,WIFI
80:E5:40:E9:05:F8,Frontier9344,[WPA2_PSK],2025-3-26 21:50:17,1,-95,34.0257530,-117.1777420,471.90,1.75,WIFI
3E:94:ED:5D:72:F7,Sunset Cottage,[WPA2_PSK],2025-3-26 21:50:21,4,-66,34.0258675,-117.1776810,472.00,1.75,WIFI
3A:98:B5:50:B9:64,Sunset Cottage,[WPA2_PSK],2025-3-26 21:50:21,4,-81,34.0258675,-117.1776810,472.00,1.75,WIFI
42:94:ED:5D:60:87,Sunset Guest,[WPA2_PSK],2025-3-26 21:50:21,4,-81,34.0258675,-117.1776810,472.00,1.75,WIFI
80:CC:9C:3D:63:96,,[WPA2_PSK],2025-3-26 21:50:23,6,-83,34.0259132,-117.1776810,472.00,1.75,WIFI
86:CC:9C:3D:63:96,MORALES-1,[WPA2_PSK],2025-3-26 21:50:23,6,-84,34.0259132,-117.1776810,472.00,1.75,WIFI
C8:9E:43:D1:0D:2E,MORALES-1,[WPA2_PSK],2025-3-26 21:50:23,6,-95,34.0259132,-117.1776810,472.00,1.75,WIFI
C0:56:27:6E:0D:34,Linksys05859,[WPA2_PSK],2025-3-26 21:50:24,7,-93,34.0259590,-117.1776886,472.10,1.75,WIFI
72:CD:D6:15:6D:7A,Office/Backyard,[WPA2_PSK],2025-3-26 21:50:25,8,-87,34.0260201,-117.1777267,472.00,1.75,WIFI
42:98:B5:FF:3B:81,FBI SURVEILLANCE-IoT,[WPA2_PSK],2025-3-26 21:50:27,10,-92,34.0261688,-117.1778717,472.30,1.75,WIFI
3A:98:B5:FF:66:C4,,[WPA2_PSK],2025-3-26 21:50:27,10,-93,34.0261688,-117.1778717,472.30,1.75,WIFI
98:ED:7E:8C:62:04,,[WPA3_PSK],2025-3-26 21:50:28,11,-80,34.0262642,-117.1779709,471.80,1.75,WIFI
98:ED:7E:8C:62:0A,,[OPEN],2025-3-26 21:50:28,11,-82,34.0262642,-117.1779709,471.80,1.75,WIFI
98:ED:7E:8C:62:07,RedlandsHouse,[WPA2_PSK],2025-3-26 21:50:28,11,-82,34.0262642,-117.1779709,471.80,1.75,WIFI
6C:AE:F6:9D:6D:F3,Force1,[WPA2_PSK],2025-3-26 21:50:31,1,-83,34.0265770,-117.1782684,469.10,1.75,WIFI
6C:AE:F6:9D:6D:F5,,[OPEN],2025-3-26 21:50:31,1,-83,34.0265770,-117.1782684,469.10,1.75,WIFI
6C:AE:F6:9D:6D:F1,,[WPA3_PSK],2025-3-26 21:50:31,1,-83,34.0265770,-117.1782684,469.10,1.75,WIFI
08:9B:F1:87:61:66,Force1,[WPA2_PSK],2025-3-26 21:50:31,1,-85,34.0265770,-117.1782684,469.10,1.75,WIFI
F8:BB:BF:71:42:26,Force1,[WPA2_PSK],2025-3-26 21:50:31,1,-86,34.0265770,-117.1782684,469.10,1.75,WIFI
F8:BB:BF:71:42:29,,[OPEN],2025-3-26 21:50:31,1,-86,34.0265770,-117.1782684,469.10,1.75,WIFI
F8:BB:BF:71:42:23,,[WPA3_PSK],2025-3-26 21:50:31,1,-87,34.0265770,-117.1782684,469.10,1.75,WIFI
22:48:6C:4D:34:70,,[WPA2_PSK],2025-3-26 21:50:31,1,-91,34.0265770,-117.1782684,469.10,1.75,WIFI
F0:AF:85:E5:2C:7B,Frontier4080,[WPA2_PSK],2025-3-26 21:50:37,6,-85,34.0272446,-117.1789017,463.80,1.75,WIFI
22:64:1F:4A:F2:AB,Bedroom TV,[OPEN],2025-3-26 21:50:37,6,-87,34.0272446,-117.1789017,463.80,1.75,WIFI
8C:3B:AD:9E:F4:64,ngHub_31948CN702284,[WPA2_PSK],2025-3-26 21:50:42,11,-94,34.0278931,-117.1791840,459.40,1.75,WIFI
4E:22:54:55:81:76,,[WPA2_PSK],2025-3-26 21:50:50,5,-88,34.0290146,-117.1796799,454.40,1.75,WIFI
48:22:54:55:81:76,rtbock,[WPA2_PSK],2025-3-26 21:50:50,5,-89,34.0290146,-117.1796799,454.40,1.75,WIFI
30:DE:4B:9D:62:9A,,[WPA2_PSK],2025-3-26 21:50:50,5,-90,34.0290146,-117.1796799,454.40,1.75,WIFI
32:AE:4B:9D:62:9A,rtbock,[WPA2_PSK],2025-3-26 21:50:50,5,-92,34.0290146,-117.1796799,454.40,1.75,WIFI
D0:16:7C:15:42:04,Fishmotel,[WPA2_PSK],2025-3-26 21:50:51,6,-76,34.0291443,-117.1797714,453.70,1.75,WIFI
D0:16:7C:15:42:02,,[WPA3_PSK],2025-3-26 21:50:51,6,-78,34.0291443,-117.1797714,453.70,1.75,WIFI
D0:16:7C:15:42:06,,[OPEN],2025-3-26 21:50:51,6,-78,34.0291443,-117.1797714,453.70,1.75,WIFI
60:F4:19:29:E5:26,Fishmotel,[WPA2_PSK],2025-3-26 21:50:51,6,-85,34.0291443,-117.1797714,453.70,1.75,WIFI
7C:D9:5C:9F:A6:C4,Hadley Kinkaid,[WPA2_PSK],2025-3-26 21:50:51,6,-92,34.0291443,-117.1797714,453.70,1.75,WIFI
3C:37:86:7E:91:60,Frontier0176,[WPA2_PSK],2025-3-26 21:50:54,9,-83,34.0294800,-117.1801300,451.90,1.75,WIFI
C8:9E:43:DC:EC:C1,NETGEAR31,[WPA2_PSK],2025-3-26 21:50:54,9,-96,34.0294800,-117.1801300,451.90,1.75,WIFI
14:C0:3E:FB:8F:18,Frontier9904,[WPA2_PSK],2025-3-26 21:50:56,11,-86,34.0296707,-117.1803894,450.50,1.75,WIFI
BC:96:E5:45:1E:B8,SpectrumSetup-1EB4,[WPA2_PSK],2025-3-26 21:50:59,1,-72,34.0300331,-117.1806946,447.50,1.75,WIFI
0E:36:C9:FD:A1:D0,ORBI43,[WPA2_PSK],2025-3-26 21:51:2,3,-90,34.0304680,-117.1808624,444.30,1.75,WIFI
08:36:C9:FD:A1:D0,,[WPA2_PSK],2025-3-26 21:51:2,3,-92,34.0304680,-117.1808624,444.30,1.75,WIFI
0E:36:C9:FD:A6:D8,ORBI43,[WPA2_PSK],2025-3-26 21:51:2,3,-94,34.0304680,-117.1808624,444.30,1.75,WIFI
08:36:C9:FD:A6:D8,,[WPA2_PSK],2025-3-26 21:51:2,3,-95,34.0304680,-117.1808624,444.30,1.75,WIFI
FC:3F:A6:85:81:E9,,[OPEN],2025-3-26 21:51:5,6,-64,34.0308800,-117.1809540,441.50,1.75,WIFI
FC:3F:A6:85:81:E6,Korhely,[WPA2_PSK],2025-3-26 21:51:5,6,-66,34.0308800,-117.1809540,441.50,1.75,WIFI
FC:3F:A6:85:34:46,Korhely,[WPA2_PSK],2025-3-26 21:51:5,6,-74,34.0308800,-117.1809540,441.50,1.75,WIFI
FC:3F:A6:85:34:43,,[WPA3_PSK],2025-3-26 21:51:5,6,-75,34.0308800,-117.1809540,441.50,1.75,WIFI
FC:3F:A6:85:34:49,,[OPEN],2025-3-26 21:51:5,6,-75,34.0308800,-117.1809540,441.50,1.75,WIFI
2A:0F:EB:B0:83:01,TEG-D48,[WPA2_PSK],2025-3-26 21:51:5,6,-78,34.0308800,-117.1809540,441.50,1.75,WIFI
FC:3F:A6:83:DC:E9,,[OPEN],2025-3-26 21:51:5,6,-79,34.0308800,-117.1809540,441.50,1.75,WIFI
FC:3F:A6:83:DC:E6,Korhely,[WPA2_PSK],2025-3-26 21:51:5,6,-80,34.0308800,-117.1809540,441.50,1.75,WIFI
FC:3F:A6:83:DC:E3,,[WPA3_PSK],2025-3-26 21:51:5,6,-80,34.0308800,-117.1809540,441.50,1.75,WIFI
28:EC:22:4C:F0:49,,[OPEN],2025-3-26 21:51:5,6,-87,34.0308800,-117.1809540,441.50,1.75,WIFI
28:EC:22:4C:F0:43,,[WPA3_PSK],2025-3-26 21:51:5,6,-88,34.0308800,-117.1809540,441.50,1.75,WIFI
28:EC:22:4C:F0:46,Vanvleet,[WPA2_PSK],2025-3-26 21:51:5,6,-90,34.0308800,-117.1809540,441.50,1.75,WIFI
10:0C:6B:DB:0F:7E,ORBI76,[WPA2_PSK],2025-3-26 21:51:7,8,-92,34.0311241,-117.1810532,440.10,1.75,WIFI
96:3B:AD:1C:EA:F7,,[WPA2_PSK],2025-3-26 21:51:7,8,-92,34.0311241,-117.1810532,440.10,1.75,WIFI
5C:62:8B:42:B2:E0,Suh,[WPA2_PSK],2025-3-26 21:51:9,10,-66,34.0313683,-117.1812134,439.20,1.75,WIFI
62:62:8B:42:B2:E0,,[WPA2_PSK],2025-3-26 21:51:9,10,-70,34.0313683,-117.1812134,439.20,1.75,WIFI
4C:12:65:16:DB:48,Frontier9040,[WPA2_PSK],2025-3-26 21:51:10,11,-77,34.0314903,-117.1813049,438.70,1.75,WIFI
84:70:D7:F0:5E:67,la loma lodge,[WPA2_PSK],2025-3-26 21:51:10,11,-80,34.0314903,-117.1813049,438.70,1.75,WIFI
84:70:D7:F0:5E:64,,[WPA3_PSK],2025-3-26 21:51:10,11,-80,34.0314903,-117.1813049,438.70,1.75,WIFI
84:70:D7:F0:5E:6A,,[OPEN],2025-3-26 21:51:10,11,-81,34.0314903,-117.1813049,438.70,1.75,WIFI
22:48:6C:58:9F:84,,[WPA2_PSK],2025-3-26 21:51:10,11,-87,34.0314903,-117.1813049,438.70,1.75,WIFI
70:3A:CB:EA:46:17,mesh,[WPA2_PSK],2025-3-26 21:51:10,11,-92,34.0314903,-117.1813049,438.70,1.75,WIFI
9A:9C:27:E3:0C:24,SpectrumSetup-23,[WPA2_PSK],2025-3-26 21:51:12,1,-87,34.0317345,-117.1814880,438.00,1.75,WIFI
F4:05:95:D6:C0:DD,SpectrumSetup-D7,[WPA2_PSK],2025-3-26 21:51:12,1,-88,34.0317345,-117.1814880,438.00,1.75,WIFI
B0:FC:88:7E:9A:1F,SpectrumSetup-19,[WPA2_PSK],2025-3-26 21:51:12,1,-89,34.0317345,-117.1814880,438.00,1.75,WIFI
70:3A:CB:EA:41:EC,mesh,[WPA2_PSK],2025-3-26 21:51:12,1,-95,34.0317345,-117.1814880,438.00,1.75,WIFI
84:D8:1B:7F:E6:79,GiraffeHiFi,[WPA2_PSK],2025-3-26 21:51:15,2,-93,34.0320549,-117.1817169,437.00,1.75,WIFI
62:62:8B:42:AC:9E,,[WPA2_PSK],2025-3-26 21:51:16,3,-83,34.0321426,-117.1817932,436.50,1.75,WIFI
AC:F1:08:B9:7A:5D,RMDACF108B97A5C,[WPA_WPA2_PSK],2025-3-26 21:51:16,3,-84,34.0321426,-117.1817932,436.50,1.75,WIFI
5C:62:8B:42:AC:9E,Suh,[WPA2_PSK],2025-3-26 21:51:16,3,-84,34.0321426,-117.1817932,436.50,1.75,WIFI
C0:FF:D4:91:B1:CF,FORZANET,[WPA2_PSK],2025-3-26 21:51:17,4,-84,34.0322266,-117.1818542,436.10,1.75,WIFI
C2:FF:D4:91:B1:C0,FORZANET-Guest,[WPA2_PSK],2025-3-26 21:51:17,4,-85,34.0322266,-117.1818542,436.10,1.75,WIFI
9C:57:BC:85:EE:26,TMNT,[WPA2_PSK],2025-3-26 21:51:19,6,-64,34.0323601,-117.1819611,435.40,1.75,WIFI
9C:57:BC:85:EE:23,,[WPA3_PSK],2025-3-26 21:51:19,6,-71,34.0323601,-117.1819611,435.40,1.75,WIFI
9C:57:BC:85:EE:29,,[OPEN],2025-3-26 21:51:19,6,-71,34.0323601,-117.1819611,435.40,1.75,WIFI
9C:57:BC:85:EE:2F,TMNT Guest,[WPA2_PSK],2025-3-26 21:51:19,6,-72,34.0323601,-117.1819611,435.40,1.75,WIFI
FC:B2:D6:BC:2D:A0,,[WPA_WPA2_PSK],2025-3-26 21:51:19,6,-74,34.0323601,-117.1819611,435.40,1.75,WIFI
80:DA:13:E9:CF:87,,[OPEN],2025-3-26 21:51:19,6,-85,34.0323601,-117.1819611,435.40,1.75,WIFI
80:DA:13:E9:CF:83,,[WPA3_PSK],2025-3-26 21:51:19,6,-87,34.0323601,-117.1819611,435.40,1.75,WIFI
80:DA:13:E9:CF:85,Vanvleet,[WPA2_PSK],2025-3-26 21:51:19,6,-87,34.0323601,-117.1819611,435.40,1.75,WIFI
62:62:8B:42:AB:96,,[WPA2_PSK],2025-3-26 21:51:19,6,-90,34.0323601,-117.1819611,435.40,1.75,WIFI
70:3A:CB:EA:46:E8,mesh,[WPA2_PSK],2025-3-26 21:51:19,6,-90,34.0323601,-117.1819611,435.40,1.75,WIFI
FC:12:63:D7:92:26,it burns when IP,[WPA2_PSK],2025-3-26 21:51:19,6,-91,34.0323601,-117.1819611,435.40,1.75,WIFI
72:3A:CB:EA:46:E8,mesh-guest,[WPA2_PSK],2025-3-26 21:51:19,6,-94,34.0323601,-117.1819611,435.40,1.75,WIFI
B2:2A:43:F3:AD:A0,Nelson House-guest,[WPA2_PSK],2025-3-26 21:51:19,6,-96,34.0323601,-117.1819611,435.40,1.75,WIFI
42:84:6A:A4:98:66,,[WPA2_PSK],2025-3-26 21:51:22,8,-88,34.0324707,-117.1820450,434.70,1.75,WIFI
3C:84:6A:A4:98:66,Deco-Mesh,[WPA2_PSK],2025-3-26 21:51:22,8,-91,34.0324707,-117.1820450,434.70,1.75,WIFI
42:84:6A:A4:1F:E6,,[WPA2_PSK],2025-3-26 21:51:22,8,-92,34.0324707,-117.1820450,434.70,1.75,WIFI
C8:C6:FE:07:B2:66,Frontier1113,[WPA2_PSK],2025-3-26 21:51:25,11,-82,34.0325699,-117.1821289,434.20,1.75,WIFI
C8:C6:FE:07:FA:C6,Frontier1113,[WPA2_PSK],2025-3-26 21:51:25,11,-86,34.0325699,-117.1821289,434.20,1.75,WIFI
74:37:5F:CA:CF:3F,SpectrumSetup-3D,[WPA2_PSK],2025-3-26 21:51:25,11,-88,34.0325699,-117.1821289,434.20,1.75,WIFI
94:53:30:DB:5C:D5,BAGLIEN,[WPA2_PSK],2025-3-26 21:51:25,11,-90,34.0325699,-117.1821289,434.20,1.75,WIFI
B0:E4:D5:56:1F:C6,PD Network,[WPA2_PSK],2025-3-26 21:51:25,11,-90,34.0325699,-117.1821289,434.20,1.75,WIFI
CC:F4:11:01:BB:1F,BRM-103,[WPA2_PSK],2025-3-26 21:51:25,11,-91,34.0325699,-117.1821289,434.20,1.75,WIFI
F8:F5:32:3D:69:B8,Frontier1520,[WPA2_PSK],2025-3-26 21:51:25,11,-92,34.0325699,-117.1821289,434.20,1.75,WIFI
00:C8:96:66:0E:96,,[WPA_WPA2_PSK],2025-3-26 21:51:28,1,-84,34.0326157,-117.1821747,434.00,1.75,WIFI
34:64:A9:43:9A:B1,DIRECT-B0-HP Officejet 5740,[WPA2_PSK],2025-3-26 21:51:28,1,-91,34.0326157,-117.1821747,434.00,1.75,WIFI
CC:CF:83:0D:CC:14,,[WPA_WPA2_PSK],2025-3-26 21:51:28,1,-92,34.0326157,-117.1821747,434.00,1.75,WIFI
00:26:62:F4:BE:E4,IG062,[WPA_WPA2_PSK],2025-3-26 21:51:28,1,-93,34.0326157,-117.1821747,434.00,1.75,WIFI
72:3A:CB:EA:41:EC,mesh-guest,[WPA2_PSK],2025-3-26 21:51:28,1,-93,34.0326157,-117.1821747,434.00,1.75,WIFI
6C:CD:D6:F8:69:C2,ZOLTAN!,[WPA2_PSK],2025-3-26 21:51:30,2,-88,34.0326309,-117.1822891,433.70,1.75,WIFI
96:D8:1B:7F:E6:79,,[WPA2_PSK],2025-3-26 21:51:30,2,-89,34.0326309,-117.1822891,433.70,1.75,WIFI
94:A6:7E:3C:5F:70,SpectrumSetup-67_2GEXT,[WPA2_PSK],2025-3-26 21:51:34,6,-80,34.0324440,-117.1826859,432.70,1.75,WIFI
04:71:4B:04:BA:98,PWRview-51254,[OPEN],2025-3-26 21:51:34,6,-86,34.0324440,-117.1826859,432.70,1.75,WIFI
18:9C:27:EC:92:F8,MySpectrumWiFiF7-2G,[WPA2_PSK],2025-3-26 21:51:34,6,-87,34.0324440,-117.1826859,432.70,1.75,WIFI
10:5A:17:08:F4:C1,eufy RoboVac G30-F4C0,[OPEN],2025-3-26 21:51:34,6,-88,34.0324440,-117.1826859,432.70,1.75,WIFI
F0:7B:65:7A:E6:D1,SpectrumSetup-E6CB,[WPA2_PSK],2025-3-26 21:51:34,6,-93,34.0324440,-117.1826859,432.70,1.75,WIFI
34:60:F9:C1:15:DA,aprilW,[WPA2_PSK],2025-3-26 21:51:35,7,-89,34.0323715,-117.1828232,432.60,1.75,WIFI
3C:84:6A:A4:1F:E6,Deco-Mesh,[WPA2_PSK],2025-3-26 21:51:36,8,-63,34.0322990,-117.1829605,432.70,1.75,WIFI
3C:84:6A:A4:1F:DE,Deco-Mesh,[WPA2_PSK],2025-3-26 21:51:36,8,-69,34.0322990,-117.1829605,432.70,1.75,WIFI
42:84:6A:A4:1F:DE,,[WPA2_PSK],2025-3-26 21:51:36,8,-76,34.0322990,-117.1829605,432.70,1.75,WIFI
BE:E9:2F:33:9F:65,DIRECT-65-HP ENVY Photo 7100,[WPA2_PSK],2025-3-26 21:51:36,8,-81,34.0322990,-117.1829605,432.70,1.75,WIFI
C8:9E:43:AA:DC:CB,,[WPA2_PSK],2025-3-26 21:51:36,8,-85,34.0322990,-117.1829605,432.70,1.75,WIFI
CE:9E:43:AA:DC:CB,ORBI30,[WPA2_PSK],2025-3-26 21:51:36,8,-85,34.0322990,-117.1829605,432.70,1.75,WIFI
CE:9E:43:A9:EE:4C,ORBI30,[WPA2_PSK],2025-3-26 21:51:36,8,-89,34.0322990,-117.1829605,432.70,1.75,WIFI
96:3B:AD:1C:D6:34,,[WPA2_PSK],2025-3-26 21:51:36,8,-93,34.0322990,-117.1829605,432.70,1.75,WIFI
AC:EC:85:C8:5A:44,ruhl,[WPA2_PSK],2025-3-26 21:51:39,11,-85,34.0320778,-117.1834183,434.20,1.75,WIFI
C0:89:AB:3A:D5:28,Frontier2128,[WPA2_PSK],2025-3-26 21:51:39,11,-89,34.0320778,-117.1834183,434.20,1.75,WIFI
C8:E3:06:6D:14:03,,[WPA3_PSK],2025-3-26 21:51:42,1,-77,34.0318565,-117.1838837,435.40,1.75,WIFI
C8:E3:06:6D:14:07,,[OPEN],2025-3-26 21:51:42,1,-77,34.0318565,-117.1838837,435.40,1.75,WIFI
C8:E3:06:6D:14:05,H767L,[WPA2_PSK],2025-3-26 21:51:42,1,-80,34.0318565,-117.1838837,435.40,1.75,WIFI
C8:C6:FE:6A:95:C3,,[WPA3_PSK],2025-3-26 21:51:42,1,-86,34.0318565,-117.1838837,435.40,1.75,WIFI
C8:C6:FE:6A:95:C9,,[OPEN],2025-3-26 21:51:42,1,-86,34.0318565,-117.1838837,435.40,1.75,WIFI
74:93:DA:BA:E2:91,Rodgers House,[WPA2_PSK],2025-3-26 21:51:42,1,-87,34.0318565,-117.1838837,435.40,1.75,WIFI
D6:E2:2F:11:4C:F0,,[WPA2_PSK],2025-3-26 21:51:42,1,-88,34.0318565,-117.1838837,435.40,1.75,WIFI
F8:08:4F:D4:E6:46,MySpectrumWiFi40-2G,[WPA2_PSK],2025-3-26 21:51:42,1,-89,34.0318565,-117.1838837,435.40,1.75,WIFI
F6:93:DA:BA:E2:91,,[WPA2_PSK],2025-3-26 21:51:42,1,-89,34.0318565,-117.1838837,435.40,1.75,WIFI
C8:B4:22:2D:8E:E3,MJCHALET-2G,[WPA2_PSK],2025-3-26 21:51:42,1,-89,34.0318565,-117.1838837,435.40,1.75,WIFI
E6:93:DA:BA:E2:91,,[WPA2_PSK],2025-3-26 21:51:42,1,-90,34.0318565,-117.1838837,435.40,1.75,WIFI
A0:40:A0:A7:37:C6,NETGEAR93,[WPA2_PSK],2025-3-26 21:51:42,1,-93,34.0318565,-117.1838837,435.40,1.75,WIFI
C8:9E:43:4C:62:21,,[WPA2_PSK],2025-3-26 21:51:45,3,-91,34.0316391,-117.1843262,437.10,1.75,WIFI
CE:9E:43:4C:62:21,ORBI22,[WPA2_PSK],2025-3-26 21:51:45,3,-94,34.0316391,-117.1843262,437.10,1.75,WIFI
10:7C:61:51:63:E0,Abramovitch,[WPA2_PSK],2025-3-26 21:51:48,6,-72,34.0314331,-117.1847305,437.40,1.75,WIFI
08:9B:F1:42:84:67,,[OPEN],2025-3-26 21:51:48,6,-82,34.0314331,-117.1847305,437.40,1.75,WIFI
08:9B:F1:42:84:63,,[WPA3_PSK],2025-3-26 21:51:48,6,-82,34.0314331,-117.1847305,437.40,1.75,WIFI
08:9B:F1:42:84:65,CB Wifi,[WPA2_PSK],2025-3-26 21:51:48,6,-82,34.0314331,-117.1847305,437.40,1.75,WIFI
22:E0:19:5F:58:92,,[WPA2_PSK],2025-3-26 21:51:48,6,-91,34.0314331,-117.1847305,437.40,1.75,WIFI
66:A4:B7:92:50:62,,[WPA2_PSK],2025-3-26 21:51:51,9,-90,34.0312614,-117.1851425,436.40,1.75,WIFI
F0:7B:65:F3:8A:66,SpectrumSetup-8A60,[WPA2_PSK],2025-3-26 21:51:53,11,-80,34.0311699,-117.1854553,436.90,1.75,WIFI
74:83:C2:94:97:B9,B-SPRINKLER,[WPA2_PSK],2025-3-26 21:51:53,11,-84,34.0311699,-117.1854553,436.90,1.75,WIFI
F8:F5:32:AB:58:58,Frontier6032,[WPA2_PSK],2025-3-26 21:51:53,11,-90,34.0311699,-117.1854553,436.90,1.75,WIFI
14:7D:05:95:C6:87,Reindeer-Run,[WPA2_PSK],2025-3-26 21:51:53,11,-92,34.0311699,-117.1854553,436.90,1.75,WIFI
3C:37:86:D0:B2:5B,Frontier6032_2GEXT,[WPA2_PSK],2025-3-26 21:51:53,11,-92,34.0311699,-117.1854553,436.90,1.75,WIFI
58:EF:68:29:3B:54,Linksys08680,[WPA2_PSK],2025-3-26 21:51:53,11,-92,34.0311699,-117.1854553,436.90,1.75,WIFI
F0:81:75:CF:B5:86,SpectrumSetup-80,[WPA2_PSK],2025-3-26 21:51:55,1,-81,34.0310974,-117.1857834,438.60,1.75,WIFI
CC:F4:11:96:EF:7A,Denali2020,[WPA2_PSK],2025-3-26 21:51:55,1,-84,34.0310974,-117.1857834,438.60,1.75,WIFI
F4:69:42:B5:90:95,BatCaveWifiSystems,[WPA2_PSK],2025-3-26 21:51:55,1,-86,34.0310974,-117.1857834,438.60,1.75,WIFI
D4:6A:91:70:7E:7A,TNS,[WPA2_PSK],2025-3-26 21:51:55,1,-87,34.0310974,-117.1857834,438.60,1.75,WIFI
A2:76:4E:A3:80:D4,BW-HydroPro-80d4,[WPA_WPA2_PSK],2025-3-26 21:51:55,1,-88,34.0310974,-117.1857834,438.60,1.75,WIFI
DA:6A:91:70:7E:7A,,[WPA2_PSK],2025-3-26 21:51:55,1,-90,34.0310974,-117.1857834,438.60,1.75,WIFI
70:2C:1F:6A:1B:0F,[range] Samsung,[WPA2_PSK],2025-3-26 21:51:55,1,-93,34.0310974,-117.1857834,438.60,1.75,WIFI
28:80:23:F2:71:71,HP-Print-71-ENVY 4500 series,[OPEN],2025-3-26 21:51:55,1,-94,34.0310974,-117.1857834,438.60,1.75,WIFI
B0:95:75:33:C1:9C,Rocinante_2.4GHz,[WPA2_PSK],2025-3-26 21:51:59,3,-81,34.0309525,-117.1864166,441.50,1.75,WIFI
C8:9E:43:61:BA:CF,NETGEAR92,[WPA2_PSK],2025-3-26 21:51:59,3,-89,34.0309525,-117.1864166,441.50,1.75,WIFI
20:9A:7D:12:81:06,SpectrumSetup-00,[WPA2_PSK],2025-3-26 21:52:2,6,-79,34.0308647,-117.1868744,442.20,1.75,WIFI
8E:49:62:C5:D0:1B,,[WPA2_PSK],2025-3-26 21:52:2,6,-81,34.0308647,-117.1868744,442.20,1.75,WIFI
00:31:92:8A:77:66,TP-Link_2.4GHz_Keith_Outdoor_24G,[WPA2_PSK],2025-3-26 21:52:2,6,-86,34.0308647,-117.1868744,442.20,1.75,WIFI
9C:57:BC:A8:9E:49,,[OPEN],2025-3-26 21:52:2,6,-86,34.0308647,-117.1868744,442.20,1.75,WIFI
9C:57:BC:A8:9E:46,Ya Bois Network,[WPA2_PSK],2025-3-26 21:52:2,6,-87,34.0308647,-117.1868744,442.20,1.75,WIFI
56:2A:1B:A1:61:8B,SONOS-AxsCAgAJFFQqG6FhiwM=,[OPEN],2025-3-26 21:52:2,6,-91,34.0308647,-117.1868744,442.20,1.75,WIFI
AA:5F:67:5A:2C:65,,[WPA2_PSK],2025-3-26 21:52:3,7,-57,34.0308418,-117.1870270,442.20,1.75,WIFI
00:5F:67:5A:2C:63,TP-Link_2C64,[WPA2_PSK],2025-3-26 21:52:3,7,-67,34.0308418,-117.1870270,442.20,1.75,WIFI
8A:06:C3:2F:DC:15,,[WPA2_PSK],2025-3-26 21:52:5,9,-87,34.0308075,-117.1873398,442.10,1.75,WIFI
8A:06:C3:2F:DC:14,d'srealm,[WPA_WPA2_PSK],2025-3-26 21:52:5,9,-90,34.0308075,-117.1873398,442.10,1.75,WIFI
D8:07:B6:FB:B2:7F,Fords,[WPA2_WPA3_PSK],2025-3-26 21:52:6,10,-78,34.0307999,-117.1875076,442.10,1.75,WIFI
16:91:82:B4:2C:CD,Linksys07264-guest,[OPEN],2025-3-26 21:52:6,10,-78,34.0307999,-117.1875076,442.10,1.75,WIFI
14:91:82:B6:2C:CD,Linksys07264,[WPA2_PSK],2025-3-26 21:52:6,10,-82,34.0307999,-117.1875076,442.10,1.75,WIFI
18:9C:27:D3:EF:22,MySpectrumWiFi21-2G,[WPA2_PSK],2025-3-26 21:52:7,11,-74,34.0307884,-117.1876526,442.10,1.75,WIFI
2C:58:4F:04:70:58,Frontier5152,[WPA2_PSK],2025-3-26 21:52:7,11,-78,34.0307884,-117.1876526,442.10,1.75,WIFI
82:CE:62:71:75:6E,DIRECT-6E-HP ENVY Photo 7800,[WPA2_PSK],2025-3-26 21:52:7,11,-83,34.0307884,-117.1876526,442.10,1.75,WIFI
68:FF:7B:36:F1:59,Frontier8288,[WPA_WPA2_PSK],2025-3-26 21:52:7,11,-90,34.0307884,-117.1876526,442.10,1.75,WIFI
E4:5E:1B:86:70:92,BurkeHale2,[WPA2_PSK],2025-3-26 21:52:9,1,-83,34.0307693,-117.1879654,441.80,1.75,WIFI
E4:5E:1B:75:14:32,BurkeHale2,[WPA2_PSK],2025-3-26 21:52:9,1,-86,34.0307693,-117.1879654,441.80,1.75,WIFI
B2:8B:A9:DE:66:29,GAASTRA_NET,[WPA2_WPA3_PSK],2025-3-26 21:52:9,1,-90,34.0307693,-117.1879654,441.80,1.75,WIFI
B6:8B:A9:DE:66:29,GAASTRA.NET Guest,[WPA2_PSK],2025-3-26 21:52:9,1,-94,34.0307693,-117.1879654,441.80,1.75,WIFI
08:02:8E:FF:F3:5A,NETGEAR51,[WPA2_PSK],2025-3-26 21:52:13,3,-94,34.0307388,-117.1885529,441.30,1.75,WIFI
A0:40:A0:84:FD:20,ARLO_VMB_1588720637,[WPA2_PSK],2025-3-26 21:52:14,4,-73,34.0307388,-117.1887054,441.10,1.75,WIFI
D8:8E:D4:94:77:24,,[WPA3_PSK],2025-3-26 21:52:16,6,-79,34.0307426,-117.1890182,441.30,1.75,WIFI
D8:8E:D4:94:77:2A,,[OPEN],2025-3-26 21:52:16,6,-79,34.0307426,-117.1890182,441.30,1.75,WIFI
D8:8E:D4:94:77:30,Winternet Guest,[WPA2_PSK],2025-3-26 21:52:16,6,-79,34.0307426,-117.1890182,441.30,1.75,WIFI
D8:8E:D4:94:77:27,Winternet is coming ,[WPA2_PSK],2025-3-26 21:52:16,6,-80,34.0307426,-117.1890182,441.30,1.75,WIFI
DA:31:34:62:BC:D8,,[WPA2_PSK],2025-3-26 21:52:16,6,-81,34.0307426,-117.1890182,441.30,1.75,WIFI
C8:C6:FE:07:B4:46,dcjdbr,[WPA2_PSK],2025-3-26 21:52:16,6,-82,34.0307426,-117.1890182,441.30,1.75,WIFI
40:47:5E:4C:BD:86,Winternet is coming ,[WPA2_PSK],2025-3-26 21:52:16,6,-84,34.0307426,-117.1890182,441.30,1.75,WIFI
40:47:5E:4C:BD:8F,Winternet Guest,[WPA2_PSK],2025-3-26 21:52:16,6,-85,34.0307426,-117.1890182,441.30,1.75,WIFI
4C:AB:F8:C6:48:51,SpectrumSetup-53,[WPA2_PSK],2025-3-26 21:52:16,6,-90,34.0307426,-117.1890182,441.30,1.75,WIFI
00:11:32:E7:5C:16,Andromeda,[WPA2_PSK],2025-3-26 21:52:19,9,-80,34.0307503,-117.1894684,441.10,1.75,WIFI
16:11:32:E7:5C:16,,[WPA2_PSK],2025-3-26 21:52:19,9,-80,34.0307503,-117.1894684,441.10,1.75,WIFI
C8:A7:0A:A4:9C:D0,FiOS-6EH4P,[WPA2_PSK],2025-3-26 21:52:21,11,-80,34.0307503,-117.1897888,441.20,1.75,WIFI
D2:3F:27:54:5C:16,,[WPA_WPA2_PSK],2025-3-26 21:52:21,11,-82,34.0307503,-117.1897888,441.20,1.75,WIFI
DC:69:B5:43:15:E3,,[WPA3_PSK],2025-3-26 21:52:23,1,-70,34.0307579,-117.1901093,440.50,1.75,WIFI
DC:69:B5:43:15:E9,,[OPEN],2025-3-26 21:52:23,1,-70,34.0307579,-117.1901093,440.50,1.75,WIFI
DC:69:B5:43:15:E6,Frontier9680,[WPA2_PSK],2025-3-26 21:52:23,1,-71,34.0307579,-117.1901093,440.50,1.75,WIFI
30:60:0A:24:A2:54,,[WPA_WPA2_PSK],2025-3-26 21:52:23,1,-88,34.0307579,-117.1901093,440.50,1.75,WIFI
9A:CD:AC:22:20:A8,AMBWeather-WIFI20A8,[OPEN],2025-3-26 21:52:23,1,-91,34.0307579,-117.1901093,440.50,1.75,WIFI
9C:C9:EB:CF:6E:2C,linksys,[WPA2_PSK],2025-3-26 21:52:23,1,-92,34.0307579,-117.1901093,440.50,1.75,WIFI
28:80:88:1C:F6:DC,NETGEAR01,[WPA2_PSK],2025-3-26 21:52:27,3,-87,34.0307693,-117.1907501,440.90,1.75,WIFI
E0:46:EE:FE:C8:7C,NETGEAR46,[WPA2_PSK],2025-3-26 21:52:29,5,-82,34.0307732,-117.1909943,440.70,1.75,WIFI
E8:D3:EB:05:8B:63,,[WPA3_PSK],2025-3-26 21:52:30,6,-75,34.0307693,-117.1910858,440.70,1.75,WIFI
E8:D3:EB:05:8B:69,,[OPEN],2025-3-26 21:52:30,6,-76,34.0307693,-117.1910858,440.70,1.75,WIFI
E8:D3:EB:05:8B:66,Frontier5968,[WPA2_PSK],2025-3-26 21:52:30,6,-78,34.0307693,-117.1910858,440.70,1.75,WIFI
E8:D3:EB:05:87:A6,Frontier5968,[WPA2_PSK],2025-3-26 21:52:30,6,-81,34.0307693,-117.1910858,440.70,1.75,WIFI
64:DA:ED:21:03:C7,,[OPEN],2025-3-26 21:52:30,6,-83,34.0307693,-117.1910858,440.70,1.75,WIFI
64:DA:ED:21:03:C5,SpectrumSetup-4A,[WPA2_PSK],2025-3-26 21:52:30,6,-83,34.0307693,-117.1910858,440.70,1.75,WIFI
D8:33:B7:D6:72:D1,Frontier0928,[WPA2_PSK],2025-3-26 21:52:30,6,-92,34.0307693,-117.1910858,440.70,1.75,WIFI
38:94:ED:57:F3:78,MagicalOcean69,[WPA2_PSK],2025-3-26 21:52:31,7,-82,34.0307693,-117.1911545,440.70,1.75,WIFI
0E:36:C9:E6:EF:99,,[WPA2_PSK],2025-3-26 21:52:33,9,-88,34.0307655,-117.1912155,440.70,1.75,WIFI
08:36:C9:E6:EF:99,ASUS,[WPA2_PSK],2025-3-26 21:52:33,9,-90,34.0307655,-117.1912155,440.70,1.75,WIFI
A0:68:7E:0C:CA:68,Frontier0400,[WPA2_PSK],2025-3-26 21:52:35,11,-85,34.0307770,-117.1912918,440.40,1.75,WIFI
A0:55:1F:54:04:45,SpectrumSetup-043F,[WPA2_PSK],2025-3-26 21:52:35,11,-87,34.0307770,-117.1912918,440.40,1.75,WIFI
D4:A9:28:12:9E:AE,FiOS-NVFPO,[WPA2_PSK],2025-3-26 21:52:35,11,-93,34.0307770,-117.1912918,440.40,1.75,WIFI
D4:6A:91:D2:90:AF,Hyman Home,[WPA2_PSK],2025-3-26 21:52:35,11,-94,34.0307770,-117.1912918,440.40,1.75,WIFI
34:98:B5:51:E3:D4,,[WPA2_PSK],2025-3-26 21:52:41,3,-93,34.0312233,-117.1915207,437.20,1.75,WIFI
04:42:1A:9F:0A:10,courageous cat,[WPA2_PSK],2025-3-26 21:52:43,5,-90,34.0314217,-117.1914444,435.70,1.75,WIFI
A8:B0:88:33:92:66,,[WPA3_PSK],2025-3-26 21:52:44,6,-69,34.0315170,-117.1913910,434.90,1.75,WIFI
A8:B0:88:33:92:68,Frontier3616,[WPA2_PSK],2025-3-26 21:52:44,6,-70,34.0315170,-117.1913910,434.90,1.75,WIFI
A8:B0:88:33:92:6A,,[OPEN],2025-3-26 21:52:44,6,-70,34.0315170,-117.1913910,434.90,1.75,WIFI
9C:A5:70:99:A0:E5,Frontier3616,[WPA2_PSK],2025-3-26 21:52:44,6,-83,34.0315170,-117.1913910,434.90,1.75,WIFI
3C:5C:F1:E1:78:24,Frontier3616,[WPA2_PSK],2025-3-26 21:52:44,6,-84,34.0315170,-117.1913910,434.90,1.75,WIFI
C0:A0:0D:F4:6A:5A,Frontier3616,[WPA2_PSK],2025-3-26 21:52:49,11,-75,34.0318375,-117.1912003,432.30,1.75,WIFI
1C:3B:F3:84:7E:69,Frontier5680,[WPA_WPA2_PSK],2025-3-26 21:52:49,11,-79,34.0318375,-117.1912003,432.30,1.75,WIFI
A4:11:62:32:27:90,NTGR_VMB_0747304383,[WPA2_PSK],2025-3-26 21:52:49,11,-80,34.0318375,-117.1912003,432.30,1.75,WIFI
4C:12:65:23:97:58,Frontier3616,[WPA2_PSK],2025-3-26 21:52:49,11,-81,34.0318375,-117.1912003,432.30,1.75,WIFI
C8:63:FC:78:15:38,Frontier5680,[WPA2_PSK],2025-3-26 21:52:49,11,-85,34.0318375,-117.1912003,432.30,1.75,WIFI
94:3C:96:F8:3B:36,Frontier1000,[WPA2_PSK],2025-3-26 21:52:49,11,-94,34.0318375,-117.1912003,432.30,1.75,WIFI
60:D5:61:00:13:E4,,[WPA2_PSK],2025-3-26 21:52:51,13,-94,34.0319939,-117.1912079,430.60,1.75,WIFI
F4:52:46:89:68:6B,SpectrumSetup-686E,[WPA2_PSK],2025-3-26 21:52:52,1,-56,34.0320816,-117.1912155,430.60,1.75,WIFI
22:48:6C:5D:21:D6,,[WPA2_PSK],2025-3-26 21:52:52,1,-65,34.0320816,-117.1912155,430.60,1.75,WIFI
76:AC:B9:27:04:36,,[WPA2_PSK],2025-3-26 21:52:52,1,-87,34.0320816,-117.1912155,430.60,1.75,WIFI
74:AC:B9:27:04:36,Adalee,[WPA2_PSK],2025-3-26 21:52:52,1,-90,34.0320816,-117.1912155,430.60,1.75,WIFI
8A:37:86:D8:5C:D8,Wi(ld) Fi(re)-Guest,[WPA2_PSK],2025-3-26 21:52:57,4,-87,34.0326309,-117.1912537,424.20,1.75,WIFI
3C:37:86:D8:5C:D7,Wi(ld) Fi(re),[WPA2_PSK],2025-3-26 21:52:57,4,-90,34.0326309,-117.1912537,424.20,1.75,WIFI
30:3A:4A:89:65:85,eero6,[WPA2_PSK],2025-3-26 21:52:58,6,-68,34.0327530,-117.1912537,423.30,1.75,WIFI
EC:74:27:F5:D5:65,eero6,[WPA2_PSK],2025-3-26 21:52:58,6,-69,34.0327530,-117.1912537,423.30,1.75,WIFI
30:3A:4A:89:65:83,,[WPA3_PSK],2025-3-26 21:52:58,6,-69,34.0327530,-117.1912537,423.30,1.75,WIFI
30:3A:4A:89:65:87,,[OPEN],2025-3-26 21:52:58,6,-71,34.0327530,-117.1912537,423.30,1.75,WIFI
30:3A:4A:88:87:43,,[WPA3_PSK],2025-3-26 21:52:58,6,-71,34.0327530,-117.1912537,423.30,1.75,WIFI
30:3A:4A:88:87:47,,[OPEN],2025-3-26 21:52:58,6,-71,34.0327530,-117.1912537,423.30,1.75,WIFI
30:3A:4A:88:87:45,eero6,[WPA2_PSK],2025-3-26 21:52:58,6,-71,34.0327530,-117.1912537,423.30,1.75,WIFI
EC:74:27:F5:D5:67,,[OPEN],2025-3-26 21:52:58,6,-72,34.0327530,-117.1912537,423.30,1.75,WIFI
EC:74:27:F5:D5:63,,[WPA3_PSK],2025-3-26 21:52:58,6,-73,34.0327530,-117.1912537,423.30,1.75,WIFI
C8:E3:06:54:95:05,eero6,[WPA2_PSK],2025-3-26 21:52:58,6,-74,34.0327530,-117.1912537,423.30,1.75,WIFI
B0:E4:D5:39:9A:DE,TheShire,[WPA2_PSK],2025-3-26 21:52:58,6,-78,34.0327530,-117.1912537,423.30,1.75,WIFI
10:60:4B:1E:A9:59,HP-Print-59-Officejet 7610,[OPEN],2025-3-26 21:52:58,6,-78,34.0327530,-117.1912537,423.30,1.75,WIFI
EC:74:27:F7:3B:47,,[OPEN],2025-3-26 21:52:58,6,-82,34.0327530,-117.1912537,423.30,1.75,WIFI
EC:74:27:F7:3B:45,eero6,[WPA2_PSK],2025-3-26 21:52:58,6,-82,34.0327530,-117.1912537,423.30,1.75,WIFI
E2:63:DA:17:8B:C4,,[WPA2_PSK],2025-3-26 21:52:58,6,-84,34.0327530,-117.1912537,423.30,1.75,WIFI
EC:74:27:F4:6E:45,eero6,[WPA2_PSK],2025-3-26 21:52:58,6,-84,34.0327530,-117.1912537,423.30,1.75,WIFI
C8:E3:06:54:95:03,,[WPA3_PSK],2025-3-26 21:52:58,6,-84,34.0327530,-117.1912537,423.30,1.75,WIFI
C8:E3:06:54:95:07,,[OPEN],2025-3-26 21:52:58,6,-84,34.0327530,-117.1912537,423.30,1.75,WIFI
30:3A:4A:86:2A:65,eero6,[WPA2_PSK],2025-3-26 21:52:58,6,-85,34.0327530,-117.1912537,423.30,1.75,WIFI
9C:A5:70:4D:90:A3,,[WPA3_PSK],2025-3-26 21:52:58,6,-85,34.0327530,-117.1912537,423.30,1.75,WIFI
9C:A5:70:4D:90:A7,,[OPEN],2025-3-26 21:52:58,6,-85,34.0327530,-117.1912537,423.30,1.75,WIFI
EC:74:27:F7:3B:43,,[WPA3_PSK],2025-3-26 21:52:58,6,-85,34.0327530,-117.1912537,423.30,1.75,WIFI
9C:A5:70:4D:90:A5,frs823,[WPA2_PSK],2025-3-26 21:52:58,6,-86,34.0327530,-117.1912537,423.30,1.75,WIFI
EC:74:27:F4:6E:43,,[WPA3_PSK],2025-3-26 21:52:58,6,-86,34.0327530,-117.1912537,423.30,1.75,WIFI
F8:08:4F:D7:69:F6,TheGoldenGirls-2G,[WPA2_PSK],2025-3-26 21:52:58,6,-88,34.0327530,-117.1912537,423.30,1.75,WIFI
EC:74:27:F4:6E:47,,[OPEN],2025-3-26 21:52:58,6,-88,34.0327530,-117.1912537,423.30,1.75,WIFI
30:3A:4A:86:2A:67,,[OPEN],2025-3-26 21:52:58,6,-90,34.0327530,-117.1912537,423.30,1.75,WIFI
18:1B:EB:56:D8:E8,TPD3B,[WPA2_PSK],2025-3-26 21:53:5,11,-67,34.0334702,-117.1913986,418.80,1.75,WIFI
9E:7B:EF:8B:23:59,DIRECT-59-HP ENVY Photo 7800,[WPA2_PSK],2025-3-26 21:53:5,11,-70,34.0334702,-117.1913986,418.80,1.75,WIFI
D4:AB:82:D0:9E:3C,MySpectrumWiFi3B-2G,[WPA2_PSK],2025-3-26 21:53:5,11,-78,34.0334702,-117.1913986,418.80,1.75,WIFI
48:5D:36:64:5F:9E,FiOS-GWHPB,[WPA2_PSK],2025-3-26 21:53:5,11,-82,34.0334702,-117.1913986,418.80,1.75,WIFI
A8:97:CD:BB:23:08,Home,[WPA2_PSK],2025-3-26 21:53:5,11,-83,34.0334702,-117.1913986,418.80,1.75,WIFI
E0:E1:A9:CC:FB:2E,Frontier7184-plus,[WPA2_PSK],2025-3-26 21:53:5,11,-89,34.0334702,-117.1913986,418.80,1.75,WIFI
6A:9C:25:70:54:11,Kakapo Alternate,[WPA2_PSK],2025-3-26 21:53:8,1,-74,34.0337715,-117.1916275,417.90,1.75,WIFI
34:53:D2:E2:81:1D,PKJ,[WPA2_PSK],2025-3-26 21:53:8,1,-75,34.0337715,-117.1916275,417.90,1.75,WIFI
C2:9C:25:70:52:C1,Kakapo Alternate,[WPA2_PSK],2025-3-26 21:53:8,1,-83,34.0337715,-117.1916275,417.90,1.75,WIFI
B0:FC:88:03:C9:F6,Frontier0855,[WPA2_PSK],2025-3-26 21:53:8,1,-90,34.0337715,-117.1916275,417.90,1.75,WIFI
D8:47:32:C1:A0:8D,Home_2.4,[WPA2_PSK],2025-3-26 21:53:10,2,-94,34.0339851,-117.1917953,416.60,1.75,WIFI
78:D2:94:16:00:D8,Ceci-Net,[WPA2_PSK],2025-3-26 21:53:11,3,-93,34.0340843,-117.1918640,416.30,1.75,WIFI
A6:3D:CF:E5:6C:EF,,[WPA2_PSK],2025-3-26 21:53:11,3,-94,34.0340843,-117.1918640,416.30,1.75,WIFI
B0:95:75:B7:5D:12,,[WPA2_PSK],2025-3-26 21:53:11,3,-96,34.0340843,-117.1918640,416.30,1.75,WIFI
D4:3F:32:8B:E9:C3,,[WPA3_PSK],2025-3-26 21:53:14,6,-73,34.0342941,-117.1920319,415.40,1.75,WIFI
D4:3F:32:8B:E9:C9,,[OPEN],2025-3-26 21:53:14,6,-73,34.0342941,-117.1920319,415.40,1.75,WIFI
D4:3F:32:8B:E9:C6,FiOS-ITT8Z,[WPA2_PSK],2025-3-26 21:53:14,6,-74,34.0342941,-117.1920319,415.40,1.75,WIFI
08:B4:B1:89:D9:88,Casa de Bell,[WPA2_PSK],2025-3-26 21:53:14,6,-83,34.0342941,-117.1920319,415.40,1.75,WIFI
C8:E3:06:6D:F5:87,,[OPEN],2025-3-26 21:53:14,6,-84,34.0342941,-117.1920319,415.40,1.75,WIFI
C8:E3:06:6D:F5:83,,[WPA3_PSK],2025-3-26 21:53:14,6,-85,34.0342941,-117.1920319,415.40,1.75,WIFI
C8:E3:06:6D:F5:85,ackc,[WPA2_PSK],2025-3-26 21:53:14,6,-86,34.0342941,-117.1920319,415.40,1.75,WIFI
DC:92:72:E5:AC:4F,Frontier0577,[WPA2_PSK],2025-3-26 21:53:14,6,-88,34.0342941,-117.1920319,415.40,1.75,WIFI
08:B4:B1:32:9D:2B,Casa de Bell,[WPA2_PSK],2025-3-26 21:53:14,6,-88,34.0342941,-117.1920319,415.40,1.75,WIFI
86:69:93:35:71:AD,DIRECT-ad-HP M140 LaserJet,[WPA2_PSK],2025-3-26 21:53:14,6,-88,34.0342941,-117.1920319,415.40,1.75,WIFI
F4:52:46:AC:73:B1,SpectrumSetup-B3,[WPA2_PSK],2025-3-26 21:53:14,6,-88,34.0342941,-117.1920319,415.40,1.75,WIFI
52:6A:03:AB:B3:E5,Darkside,[WPA2_PSK],2025-3-26 21:53:15,7,-92,34.0343323,-117.1920624,415.10,1.75,WIFI
50:6A:03:AB:B3:E4,MySpectrumWIFI00-2G,[WPA2_PSK],2025-3-26 21:53:15,7,-95,34.0343323,-117.1920624,415.10,1.75,WIFI
78:76:89:39:1B:64,,[WPA3_PSK],2025-3-26 21:53:20,11,-83,34.0344467,-117.1921616,414.90,1.75,WIFI
78:76:89:39:1B:6A,,[OPEN],2025-3-26 21:53:20,11,-84,34.0344467,-117.1921616,414.90,1.75,WIFI
78:76:89:39:1B:67,Frontier1152,[WPA2_PSK],2025-3-26 21:53:20,11,-84,34.0344467,-117.1921616,414.90,1.75,WIFI
7A:F5:32:89:01:FE,SpectrumSetup-FD,[WPA2_PSK],2025-3-26 21:53:20,11,-85,34.0344467,-117.1921616,414.90,1.75,WIFI
F8:2D:C0:6B:4B:28,Chieeeeefssss#1,[WPA2_PSK],2025-3-26 21:53:20,11,-86,34.0344467,-117.1921616,414.90,1.75,WIFI
80:E5:40:E6:19:38,Frontier7664,[WPA2_PSK],2025-3-26 21:53:20,11,-90,34.0344467,-117.1921616,414.90,1.75,WIFI
50:FD:D5:D4:FE:64,[range]_E30AJT7113562H,[WPA2_PSK],2025-3-26 21:53:23,1,-90,34.0346451,-117.1923676,414.10,1.75,WIFI
B0:95:75:B7:5F:24,,[WPA2_PSK],2025-3-26 21:53:26,3,-69,34.0348854,-117.1926804,411.80,1.75,WIFI
B6:95:75:B7:5F:24,Donuts,[WPA_WPA2_PSK],2025-3-26 21:53:26,3,-70,34.0348854,-117.1926804,411.80,1.75,WIFI
B6:95:75:B7:5D:12,Donuts,[WPA_WPA2_PSK],2025-3-26 21:53:26,3,-74,34.0348854,-117.1926804,411.80,1.75,WIFI
B6:95:75:B6:D6:E4,Donuts,[WPA_WPA2_PSK],2025-3-26 21:53:26,3,-79,34.0348854,-117.1926804,411.80,1.75,WIFI
C6:C9:E3:0A:C1:2E,,[WPA2_PSK],2025-3-26 21:53:26,3,-88,34.0348854,-117.1926804,411.80,1.75,WIFI
E4:8E:10:DB:AC:34,,[WPA_WPA2_PSK],2025-3-26 21:53:27,4,-92,34.0349731,-117.1927948,411.00,1.75,WIFI
74:93:DA:44:EF:11,SpectrumSetup-13,[WPA2_PSK],2025-3-26 21:53:29,6,-65,34.0351715,-117.1929855,409.70,1.75,WIFI
D4:3F:32:A1:D7:26,Frontier3488,[WPA2_PSK],2025-3-26 21:53:29,6,-84,34.0351715,-117.1929855,409.70,1.75,WIFI
FC:12:63:C4:E8:07,OceanView,[WPA2_PSK],2025-3-26 21:53:29,6,-84,34.0351715,-117.1929855,409.70,1.75,WIFI
4C:AB:F8:D9:89:FE,SpectrumSetup-00,[WPA2_PSK],2025-3-26 21:53:29,6,-89,34.0351715,-117.1929855,409.70,1.75,WIFI
C0:C9:E3:C6:34:27,TP-Link_3428,[WPA2_PSK],2025-3-26 21:53:33,10,-84,34.0355797,-117.1933136,407.70,1.75,WIFI
E4:FA:C4:8A:95:2F,SQQF6,[WPA2_PSK],2025-3-26 21:53:33,10,-89,34.0355797,-117.1933136,407.70,1.75,WIFI
08:36:C9:F4:73:4F,OurHouseInTheMiddleOfOurStreet,[WPA2_PSK],2025-3-26 21:53:33,10,-89,34.0355797,-117.1933136,407.70,1.75,WIFI
F0:B6:61:21:C6:47,Casa_Madrigal,[WPA2_PSK],2025-3-26 21:53:34,11,-61,34.0356560,-117.1933594,407.10,1.75,WIFI
F0:B6:61:21:C6:4A,,[OPEN],2025-3-26 21:53:34,11,-62,34.0356560,-117.1933594,407.10,1.75,WIFI
F0:B6:61:21:C6:44,,[WPA3_PSK],2025-3-26 21:53:34,11,-63,34.0356560,-117.1933594,407.10,1.75,WIFI
F0:B6:61:AF:19:E4,,[WPA3_PSK],2025-3-26 21:53:34,11,-66,34.0356560,-117.1933594,407.10,1.75,WIFI
F0:B6:61:AF:19:EA,,[OPEN],2025-3-26 21:53:34,11,-67,34.0356560,-117.1933594,407.10,1.75,WIFI
F0:B6:61:AF:19:E7,Casa_Madrigal,[WPA2_PSK],2025-3-26 21:53:34,11,-69,34.0356560,-117.1933594,407.10,1.75,WIFI
F0:B6:61:71:32:A7,Casa_Madrigal,[WPA2_PSK],2025-3-26 21:53:34,11,-77,34.0356560,-117.1933594,407.10,1.75,WIFI
F0:B6:61:71:32:A4,,[WPA3_PSK],2025-3-26 21:53:34,11,-80,34.0356560,-117.1933594,407.10,1.75,WIFI
F0:B6:61:71:32:AA,,[OPEN],2025-3-26 21:53:34,11,-81,34.0356560,-117.1933594,407.10,1.75,WIFI
C8:B4:22:38:A1:DB,MySpectrumWiFiDD-2G,[WPA2_PSK],2025-3-26 21:53:34,11,-87,34.0356560,-117.1933594,407.10,1.75,WIFI
4C:AB:F8:38:49:AF,SpectrumSetup-B1,[WPA2_PSK],2025-3-26 21:53:34,11,-91,34.0356560,-117.1933594,407.10,1.75,WIFI
B8:66:85:D4:BF:4E,MySpectrumWiFi48-2G,[WPA2_PSK],2025-3-26 21:53:34,1,-70,34.0356560,-117.1933594,407.10,1.75,WIFI
0A:7C:39:08:34:AF,,[WPA2_PSK],2025-3-26 21:53:34,1,-87,34.0356560,-117.1933594,407.10,1.75,WIFI
C8:99:B2:1A:1B:83,Verizon_PD7RZG,[WPA2_PSK],2025-3-26 21:53:34,1,-91,34.0356560,-117.1933594,407.10,1.75,WIFI
E0:5D:54:A0:32:01,Chaud,[WPA_WPA2_PSK],2025-3-26 21:53:34,1,-95,34.0356560,-117.1933594,407.10,1.75,WIFI
E2:5D:54:20:32:01,Chaud_iot,[WPA_WPA2_PSK],2025-3-26 21:53:34,1,-96,34.0356560,-117.1933594,407.10,1.75,WIFI
1A:59:C0:03:5A:0A,,[WPA2_PSK],2025-3-26 21:53:40,3,-91,34.0359993,-117.1936493,406.30,1.75,WIFI
FC:B2:D6:C7:81:1C,,[WPA_WPA2_PSK],2025-3-26 21:53:42,5,-81,34.0362015,-117.1938095,405.20,1.75,WIFI
E8:D3:EB:84:EA:E6,Nana Julie,[WPA2_PSK],2025-3-26 21:53:43,6,-65,34.0363083,-117.1938934,404.60,1.75,WIFI
E8:D3:EB:7D:E8:23,,[WPA3_PSK],2025-3-26 21:53:43,6,-66,34.0363083,-117.1938934,404.60,1.75,WIFI
E8:D3:EB:7D:E8:29,,[OPEN],2025-3-26 21:53:43,6,-66,34.0363083,-117.1938934,404.60,1.75,WIFI
E8:D3:EB:84:EA:E3,,[WPA3_PSK],2025-3-26 21:53:43,6,-69,34.0363083,-117.1938934,404.60,1.75,WIFI
E8:D3:EB:84:EA:E9,,[OPEN],2025-3-26 21:53:43,6,-69,34.0363083,-117.1938934,404.60,1.75,WIFI
E8:D3:EB:7D:E8:26,Nana Julie,[WPA2_PSK],2025-3-26 21:53:43,6,-70,34.0363083,-117.1938934,404.60,1.75,WIFI
60:F4:19:7B:13:46,My Glorified Dial-Up,[WPA2_PSK],2025-3-26 21:53:43,6,-73,34.0363083,-117.1938934,404.60,1.75,WIFI
AC:EC:85:D1:7D:54,My Glorified Dial-Up,[WPA2_PSK],2025-3-26 21:53:43,6,-77,34.0363083,-117.1938934,404.60,1.75,WIFI
E8:D3:EB:83:B5:63,,[WPA3_PSK],2025-3-26 21:53:43,6,-77,34.0363083,-117.1938934,404.60,1.75,WIFI
E8:D3:EB:83:B5:69,,[OPEN],2025-3-26 21:53:43,6,-77,34.0363083,-117.1938934,404.60,1.75,WIFI
E8:D3:EB:83:B5:66,Nana Julie,[WPA2_PSK],2025-3-26 21:53:43,6,-77,34.0363083,-117.1938934,404.60,1.75,WIFI
DC:69:B5:EB:B8:26,Pooleportal,[WPA2_PSK],2025-3-26 21:53:43,6,-78,34.0363083,-117.1938934,404.60,1.75,WIFI
60:F4:19:7B:13:43,,[WPA3_PSK],2025-3-26 21:53:43,6,-80,34.0363083,-117.1938934,404.60,1.75,WIFI
DC:69:B5:EB:B8:29,,[OPEN],2025-3-26 21:53:43,6,-81,34.0363083,-117.1938934,404.60,1.75,WIFI
C8:B8:2F:BA:7B:88,,[OPEN],2025-3-26 21:53:43,6,-81,34.0363083,-117.1938934,404.60,1.75,WIFI
60:F4:19:7B:13:49,,[OPEN],2025-3-26 21:53:43,6,-81,34.0363083,-117.1938934,404.60,1.75,WIFI
C8:B8:2F:BA:7B:86,My Glorified Dial-Up,[WPA2_PSK],2025-3-26 21:53:43,6,-83,34.0363083,-117.1938934,404.60,1.75,WIFI
C8:B8:2F:BA:7B:84,,[WPA3_PSK],2025-3-26 21:53:43,6,-83,34.0363083,-117.1938934,404.60,1.75,WIFI
7C:7E:F9:54:DA:14,Pooleportal,[WPA2_PSK],2025-3-26 21:53:43,6,-84,34.0363083,-117.1938934,404.60,1.75,WIFI
7C:7E:F9:54:02:74,Pooleportal,[WPA2_PSK],2025-3-26 21:53:43,6,-87,34.0363083,-117.1938934,404.60,1.75,WIFI
74:93:DA:92:5B:01,SpectrumSetup-03,[WPA2_PSK],2025-3-26 21:53:43,6,-87,34.0363083,-117.1938934,404.60,1.75,WIFI
A8:6E:84:F3:9A:B7,Meowmere,[WPA2_PSK],2025-3-26 21:53:47,9,-89,34.0367279,-117.1942368,402.40,1.75,WIFI
D8:A7:56:67:DE:56,MySpectrumWiFi50-2G,[WPA2_PSK],2025-3-26 21:53:49,11,-71,34.0369377,-117.1943970,401.20,1.75,WIFI
00:26:B0:FE:9D:E7,Elizabeth Tyler's Network,[WPA_WPA2_PSK],2025-3-26 21:53:49,11,-83,34.0369377,-117.1943970,401.20,1.75,WIFI
DC:62:79:26:57:A3,67thstep2025_EXT,[WPA2_PSK],2025-3-26 21:53:49,11,-84,34.0369377,-117.1943970,401.20,1.75,WIFI
06:26:B0:FE:9D:E7,Elizabeth Tyler's Guest Network,[WPA_WPA2_PSK],2025-3-26 21:53:49,11,-86,34.0369377,-117.1943970,401.20,1.75,WIFI
C8:63:FC:7C:4F:28,Frontier2656,[WPA2_PSK],2025-3-26 21:53:49,11,-88,34.0369377,-117.1943970,401.20,1.75,WIFI
88:6A:E3:9B:A3:DE,tl9ba3de,[WPA2_PSK],2025-3-26 21:53:49,11,-90,34.0369377,-117.1943970,401.20,1.75,WIFI
0C:B2:B7:01:F2:94,,[WPA2_PSK],2025-3-26 21:53:49,11,-92,34.0369377,-117.1943970,401.20,1.75,WIFI
24:41:FE:57:AD:86,Paddy's Pub,[WPA2_PSK],2025-3-26 21:53:52,1,-81,34.0371666,-117.1945877,400.10,1.75,WIFI
5C:18:DD:F0:4A:73,,[WPA_WPA2_PSK],2025-3-26 21:53:52,1,-82,34.0371666,-117.1945877,400.10,1.75,WIFI
9C:3D:CF:59:4B:72,ARLO_VMB_1562492262,[WPA2_PSK],2025-3-26 21:53:52,1,-83,34.0371666,-117.1945877,400.10,1.75,WIFI
A0:55:1F:A8:22:9E,SpectrumSetup-9C,[WPA2_PSK],2025-3-26 21:53:52,1,-88,34.0371666,-117.1945877,400.10,1.75,WIFI
40:4C:77:1D:2D:98,Frontier3072_2.4G,[WPA2_PSK],2025-3-26 21:53:52,1,-95,34.0371666,-117.1945877,400.10,1.75,WIFI
82:D2:94:31:84:3B,,[WPA2_PSK],2025-3-26 21:53:55,3,-90,34.0372200,-117.1946259,399.40,1.75,WIFI
F0:B6:61:1D:B3:E4,,[WPA3_PSK],2025-3-26 21:53:58,6,-76,34.0373154,-117.1946945,399.40,1.75,WIFI
F0:B6:61:1D:B3:EA,,[OPEN],2025-3-26 21:53:58,6,-77,34.0373154,-117.1946945,399.40,1.75,WIFI
F0:B6:61:1D:B3:E7,eero,[WPA2_PSK],2025-3-26 21:53:58,6,-78,34.0373154,-117.1946945,399.40,1.75,WIFI
C8:C6:FE:6F:33:03,,[WPA3_PSK],2025-3-26 21:53:58,6,-82,34.0373154,-117.1946945,399.40,1.75,WIFI
C8:C6:FE:6F:33:09,,[OPEN],2025-3-26 21:53:58,6,-82,34.0373154,-117.1946945,399.40,1.75,WIFI
C8:C6:FE:6F:33:06,Turu Wifi,[WPA2_PSK],2025-3-26 21:53:58,6,-82,34.0373154,-117.1946945,399.40,1.75,WIFI
AC:EC:85:D1:7D:52,,[WPA3_PSK],2025-3-26 21:53:58,6,-85,34.0373154,-117.1946945,399.40,1.75,WIFI
AC:EC:85:D1:7D:56,,[OPEN],2025-3-26 21:53:58,6,-86,34.0373154,-117.1946945,399.40,1.75,WIFI
00:CB:51:41:54:CE,HomeRouter-2G,[WPA2_PSK],2025-3-26 21:54:0,8,-82,34.0374222,-117.1947861,398.70,1.75,WIFI
9C:0B:05:BA:15:8A,,[OPEN],2025-3-26 21:54:3,11,-83,34.0376320,-117.1949539,398.00,1.75,WIFI
B2:4A:39:C2:82:B5,,[OPEN],2025-3-26 21:54:3,11,-83,34.0376320,-117.1949539,398.00,1.75,WIFI
18:1B:EB:F2:5B:7E,729HS,[WPA_WPA2_PSK],2025-3-26 21:54:3,11,-87,34.0376320,-117.1949539,398.00,1.75,WIFI
E0:E1:A9:A9:99:F9,Frontier6960-plus,[WPA_WPA2_PSK],2025-3-26 21:54:3,11,-90,34.0376320,-117.1949539,398.00,1.75,WIFI
A0:55:1F:26:E8:D1,apcpmp,[WPA2_PSK],2025-3-26 21:54:6,1,-71,34.0379486,-117.1951981,396.70,1.75,WIFI
F8:5B:3B:58:3F:15,SpectrumSetup-17,[WPA2_PSK],2025-3-26 21:54:6,1,-80,34.0379486,-117.1951981,396.70,1.75,WIFI
2C:EA:DC:BB:C9:14,Verizon_CM3G4F,[WPA2_PSK],2025-3-26 21:54:6,1,-87,34.0379486,-117.1951981,396.70,1.75,WIFI
2A:0F:EB:5A:FF:1E,TEG-1P7,[WPA2_PSK],2025-3-26 21:54:6,1,-92,34.0379486,-117.1951981,396.70,1.75,WIFI
0A:55:1F:37:AB:13,,[WPA2_PSK],2025-3-26 21:54:6,1,-93,34.0379486,-117.1951981,396.70,1.75,WIFI
60:57:47:59:0D:83,,[WPA_WPA2_PSK],2025-3-26 21:54:8,2,-89,34.0381851,-117.1953888,394.80,1.75,WIFI
30:60:0A:3C:6E:28,,[WPA_WPA2_PSK],2025-3-26 21:54:9,3,-93,34.0383034,-117.1954880,394.00,1.75,WIFI
16:0C:6B:FA:29:68,,[WPA2_PSK],2025-3-26 21:54:10,4,-71,34.0384254,-117.1955872,393.30,1.75,WIFI
1A:0C:6B:FA:29:68,SpectrumSetup-07-Guest,[WPA2_PSK],2025-3-26 21:54:10,4,-73,34.0384254,-117.1955872,393.30,1.75,WIFI
10:0C:6B:FA:29:68,SpectrumSetup-07,[WPA2_PSK],2025-3-26 21:54:10,4,-75,34.0384254,-117.1955872,393.30,1.75,WIFI
10:0C:6B:FF:99:71,,[WPA2_PSK],2025-3-26 21:54:10,4,-77,34.0384254,-117.1955872,393.30,1.75,WIFI
1A:0C:6B:FF:99:59,SpectrumSetup-07-Guest,[WPA2_PSK],2025-3-26 21:54:10,4,-82,34.0384254,-117.1955872,393.30,1.75,WIFI
1A:0C:6B:FF:99:71,SpectrumSetup-07-Guest,[WPA2_PSK],2025-3-26 21:54:10,4,-82,34.0384254,-117.1955872,393.30,1.75,WIFI
10:0C:6B:FF:99:59,,[WPA2_PSK],2025-3-26 21:54:10,4,-84,34.0384254,-117.1955872,393.30,1.75,WIFI
16:0C:6B:FF:99:59,SpectrumSetup-07,[WPA2_PSK],2025-3-26 21:54:10,4,-85,34.0384254,-117.1955872,393.30,1.75,WIFI
16:0C:6B:FF:99:71,SpectrumSetup-07,[WPA2_PSK],2025-3-26 21:54:10,4,-87,34.0384254,-117.1955872,393.30,1.75,WIFI
72:91:E3:0C:D9:D8,,[WPA2_PSK],2025-3-26 21:54:10,4,-89,34.0384254,-117.1955872,393.30,1.75,WIFI
1E:59:C0:53:E1:65,,[WPA2_PSK],2025-3-26 21:54:10,4,-93,34.0384254,-117.1955872,393.30,1.75,WIFI
A0:89:66:94:7D:C0,,[WPA_WPA2_PSK],2025-3-26 21:54:11,5,-85,34.0385437,-117.1956787,392.70,1.75,WIFI
F0:7B:65:25:25:E1,SpectrumSetup-25DB,[WPA2_PSK],2025-3-26 21:54:13,6,-75,34.0387840,-117.1958618,391.80,1.75,WIFI
A4:97:33:69:42:96,SpectrumSetup-98,[WPA2_PSK],2025-3-26 21:54:13,6,-75,34.0387840,-117.1958618,391.80,1.75,WIFI
1E:D7:5B:AE:17:A4,,[WPA2_PSK],2025-3-26 21:54:13,6,-78,34.0387840,-117.1958618,391.80,1.75,WIFI
3E:D7:5B:AE:17:A4,,[WPA2_PSK],2025-3-26 21:54:13,6,-78,34.0387840,-117.1958618,391.80,1.75,WIFI
2E:D7:5B:AE:17:A4,SpectrumSetup-AB0C,[WPA2_PSK],2025-3-26 21:54:13,6,-78,34.0387840,-117.1958618,391.80,1.75,WIFI
B0:FC:88:E5:2C:96,Regueiro,[WPA2_WPA3_PSK],2025-3-26 21:54:13,6,-91,34.0387840,-117.1958618,391.80,1.75,WIFI
82:48:B8:F3:22:45,,[WPA2_PSK],2025-3-26 21:54:16,9,-73,34.0391273,-117.1961441,389.40,1.75,WIFI
82:48:B8:F3:22:44,Proxima,[WPA2_PSK],2025-3-26 21:54:16,9,-81,34.0391273,-117.1961441,389.40,1.75,WIFI
82:48:B8:F3:22:46,CLM1,[WPA2_PSK],2025-3-26 21:54:16,9,-82,34.0391273,-117.1961441,389.40,1.75,WIFI
7A:F1:7E:CB:77:B9,,[WPA2_PSK],2025-3-26 21:54:17,10,-81,34.0392418,-117.1962433,388.40,1.75,WIFI
7A:F1:7E:CB:77:B8,TP-Link2024,[WPA2_PSK],2025-3-26 21:54:17,10,-82,34.0392418,-117.1962433,388.40,1.75,WIFI
A8:97:CD:D7:12:48,Frontier2256,[WPA2_PSK],2025-3-26 21:54:18,11,-72,34.0393524,-117.1963272,387.60,1.75,WIFI
90:8D:78:E4:86:7C,SIVASIVAYA-EXT,[WPA_WPA2_PSK],2025-3-26 21:54:18,11,-84,34.0393524,-117.1963272,387.60,1.75,WIFI
C8:A7:0A:99:04:C4,FiOS-NMYWL,[WPA2_PSK],2025-3-26 21:54:21,1,-83,34.0396729,-117.1965866,385.10,1.75,WIFI
CA:3A:6B:24:AB:7C,,[WPA2_PSK],2025-3-26 21:54:21,1,-85,34.0396729,-117.1965866,385.10,1.75,WIFI
40:A5:EF:E0:F4:97,SIVASIVAYA-2G,[WPA2_PSK],2025-3-26 21:54:21,1,-86,34.0396729,-117.1965866,385.10,1.75,WIFI
B2:6A:41:C9:7F:D8,C.R.E.A.M._Guest,[WPA2_PSK],2025-3-26 21:54:21,1,-87,34.0396729,-117.1965866,385.10,1.75,WIFI
90:9D:7D:29:27:08,Frontier4176,[WPA2_PSK],2025-3-26 21:54:21,1,-89,34.0396729,-117.1965866,385.10,1.75,WIFI
B0:6A:41:C9:7F:DA,C.R.E.A.M.,[WPA2_PSK],2025-3-26 21:54:21,1,-91,34.0396729,-117.1965866,385.10,1.75,WIFI
E8:DA:00:02:80:DF,Vilo_07d9,[WPA2_PSK],2025-3-26 21:54:21,1,-95,34.0396729,-117.1965866,385.10,1.75,WIFI
EA:C3:2A:14:B2:8E,,[WPA2_PSK],2025-3-26 21:54:22,2,-95,34.0397682,-117.1966629,385.10,1.75,WIFI
B0:39:56:4F:60:89,NETGEAR43,[WPA2_PSK],2025-3-26 21:54:24,3,-74,34.0399666,-117.1967850,383.30,1.75,WIFI
F8:BC:0E:2E:49:09,,[OPEN],2025-3-26 21:54:27,6,-73,34.0402412,-117.1969070,381.90,1.75,WIFI
F8:BC:0E:2E:49:03,,[WPA3_PSK],2025-3-26 21:54:27,6,-73,34.0402412,-117.1969070,381.90,1.75,WIFI
F8:BC:0E:2E:49:06,Loki,[WPA2_PSK],2025-3-26 21:54:27,6,-73,34.0402412,-117.1969070,381.90,1.75,WIFI
18:90:88:2F:9D:53,Loki,[WPA2_PSK],2025-3-26 21:54:27,6,-79,34.0402412,-117.1969070,381.90,1.75,WIFI
18:90:88:2F:9D:55,,[OPEN],2025-3-26 21:54:27,6,-80,34.0402412,-117.1969070,381.90,1.75,WIFI
18:90:88:2F:9D:51,,[WPA3_PSK],2025-3-26 21:54:27,6,-81,34.0402412,-117.1969070,381.90,1.75,WIFI
A0:55:1F:15:A5:39,SpectrumSetup-A533,[WPA2_PSK],2025-3-26 21:54:27,6,-88,34.0402412,-117.1969070,381.90,1.75,WIFI
48:DD:0C:80:F6:67,,[OPEN],2025-3-26 21:54:27,6,-88,34.0402412,-117.1969070,381.90,1.75,WIFI
48:DD:0C:80:F6:63,,[WPA3_PSK],2025-3-26 21:54:27,6,-88,34.0402412,-117.1969070,381.90,1.75,WIFI
48:DD:0C:80:F6:65,Loki,[WPA2_PSK],2025-3-26 21:54:27,6,-88,34.0402412,-117.1969070,381.90,1.75,WIFI
F0:B6:61:B4:94:44,,[WPA3_PSK],2025-3-26 21:54:32,11,-67,34.0403671,-117.1969986,381.60,1.75,WIFI
F0:B6:61:B4:94:4A,,[OPEN],2025-3-26 21:54:32,11,-67,34.0403671,-117.1969986,381.60,1.75,WIFI
F0:B6:61:B4:94:47,111-EE50,[WPA2_PSK],2025-3-26 21:54:32,11,-68,34.0403671,-117.1969986,381.60,1.75,WIFI
F0:B6:61:07:1B:24,,[WPA3_PSK],2025-3-26 21:54:32,11,-71,34.0403671,-117.1969986,381.60,1.75,WIFI
F0:B6:61:07:1B:2A,,[OPEN],2025-3-26 21:54:32,11,-71,34.0403671,-117.1969986,381.60,1.75,WIFI
F0:B6:61:07:1B:27,111-EE50,[WPA2_PSK],2025-3-26 21:54:32,11,-71,34.0403671,-117.1969986,381.60,1.75,WIFI
4C:19:5D:3D:1C:4F,SpectrumSetup-49,[WPA2_PSK],2025-3-26 21:54:32,11,-86,34.0403671,-117.1969986,381.60,1.75,WIFI
B0:6A:41:B5:D5:E4,Netgear,[WPA2_PSK],2025-3-26 21:54:32,11,-88,34.0403671,-117.1969986,381.60,1.75,WIFI
34:53:D2:C3:7C:5F,SpectrumSetup-59,[WPA2_PSK],2025-3-26 21:54:32,11,-89,34.0403671,-117.1969986,381.60,1.75,WIFI
D8:A7:56:67:A9:86,MySpectrumWiFi80-2G,[WPA2_PSK],2025-3-26 21:54:33,1,-76,34.0404167,-117.1970367,381.90,1.75,WIFI
80:3F:5D:79:CE:BC,WAVLINK-N_CEBA,[WPA2_PSK],2025-3-26 21:54:33,1,-78,34.0404167,-117.1970367,381.90,1.75,WIFI
4A:55:19:05:96:C2,Tineco_0351,[OPEN],2025-3-26 21:54:33,1,-82,34.0404167,-117.1970367,381.90,1.75,WIFI
A0:89:66:94:35:C0,,[WPA_WPA2_PSK],2025-3-26 21:54:33,1,-85,34.0404167,-117.1970367,381.90,1.75,WIFI
24:2D:6C:23:71:08,Frontier0536,[WPA2_PSK],2025-3-26 21:54:33,1,-88,34.0404167,-117.1970367,381.90,1.75,WIFI
0C:EA:C9:E0:CB:F0,Frontier9840,[WPA2_PSK],2025-3-26 21:54:33,1,-91,34.0404167,-117.1970367,381.90,1.75,WIFI
6C:CD:D6:E2:F6:5A,,[WPA2_PSK],2025-3-26 21:54:38,3,-74,34.0408516,-117.1973953,379.60,1.75,WIFI
72:CD:D6:E2:F6:5A,SLAWSOMENESS,[WPA2_PSK],2025-3-26 21:54:38,3,-75,34.0408516,-117.1973953,379.60,1.75,WIFI
72:CD:D6:E2:9D:01,,[WPA2_PSK],2025-3-26 21:54:38,3,-78,34.0408516,-117.1973953,379.60,1.75,WIFI
6C:CD:D6:E2:9D:01,SLAWSOMENESS,[WPA2_PSK],2025-3-26 21:54:38,3,-81,34.0408516,-117.1973953,379.60,1.75,WIFI
C8:C6:FE:77:BA:C3,,[WPA3_PSK],2025-3-26 21:54:41,6,-60,34.0411835,-117.1976547,376.10,1.75,WIFI
C8:C6:FE:77:BA:C9,,[OPEN],2025-3-26 21:54:41,6,-60,34.0411835,-117.1976547,376.10,1.75,WIFI
34:53:D2:C5:F2:71,LakesideChillin,[WPA2_PSK],2025-3-26 21:54:41,6,-61,34.0411835,-117.1976547,376.10,1.75,WIFI
C8:C6:FE:77:BA:C6,frontier,[WPA2_PSK],2025-3-26 21:54:41,6,-67,34.0411835,-117.1976547,376.10,1.75,WIFI
D4:3F:32:84:DA:86,frontier,[WPA2_PSK],2025-3-26 21:54:41,6,-76,34.0411835,-117.1976547,376.10,1.75,WIFI
D4:3F:32:84:DA:83,,[WPA3_PSK],2025-3-26 21:54:41,6,-80,34.0411835,-117.1976547,376.10,1.75,WIFI
D4:3F:32:84:DA:89,,[OPEN],2025-3-26 21:54:41,6,-81,34.0411835,-117.1976547,376.10,1.75,WIFI
3C:28:6D:9C:21:63,Crazy House ,[WPA2_PSK],2025-3-26 21:54:41,6,-83,34.0411835,-117.1976547,376.10,1.75,WIFI
FA:8F:CA:75:74:99,LG_Speaker_SP8YA_9525.l057,[OPEN],2025-3-26 21:54:41,6,-87,34.0411835,-117.1976547,376.10,1.75,WIFI
08:9B:F1:18:40:E7,,[OPEN],2025-3-26 21:54:41,6,-88,34.0411835,-117.1976547,376.10,1.75,WIFI
08:9B:F1:18:40:E3,,[WPA3_PSK],2025-3-26 21:54:41,6,-89,34.0411835,-117.1976547,376.10,1.75,WIFI
22:3E:A4:90:93:F2,,[WPA2_PSK],2025-3-26 21:54:41,6,-92,34.0411835,-117.1976547,376.10,1.75,WIFI
8C:85:80:EF:D6:79,,[WPA_WPA2_PSK],2025-3-26 21:54:44,9,-58,34.0415459,-117.1979446,372.50,1.75,WIFI
9C:A2:F4:4E:E8:52,kal-mesh,[WPA2_PSK],2025-3-26 21:54:44,9,-71,34.0415459,-117.1979446,372.50,1.75,WIFI
A2:A2:F4:4E:E8:56,,[WPA2_PSK],2025-3-26 21:54:44,9,-79,34.0415459,-117.1979446,372.50,1.75,WIFI
9C:A2:F4:4E:E8:56,kal-mesh,[WPA2_PSK],2025-3-26 21:54:44,9,-82,34.0415459,-117.1979446,372.50,1.75,WIFI
12:62:E5:CC:4F:D9,DIRECT-D9-HP ENVY 5000 series,[WPA2_PSK],2025-3-26 21:54:44,9,-87,34.0415459,-117.1979446,372.50,1.75,WIFI
9C:A2:F4:4E:E9:CA,kal-mesh,[WPA2_PSK],2025-3-26 21:54:44,9,-88,34.0415459,-117.1979446,372.50,1.75,WIFI
D0:6D:C9:31:5A:96,Frontier0018,[WPA2_PSK],2025-3-26 21:54:46,11,-71,34.0417938,-117.1981354,370.40,1.75,WIFI
00:C8:96:66:67:4E,,[WPA_WPA2_PSK],2025-3-26 21:54:46,11,-89,34.0417938,-117.1981354,370.40,1.75,WIFI
A0:89:66:EA:78:8C,,[WPA_WPA2_PSK],2025-3-26 21:54:49,1,-83,34.0421715,-117.1984406,369.10,1.75,WIFI
4C:19:5D:03:2F:70,SpectrumSetup-6A,[WPA2_PSK],2025-3-26 21:54:49,1,-85,34.0421715,-117.1984406,369.10,1.75,WIFI
E8:D2:FF:B3:C5:E6,SpectrumSetup-48,[WPA2_PSK],2025-3-26 21:54:49,1,-95,34.0421715,-117.1984406,369.10,1.75,WIFI
96:3B:AD:21:A4:90,,[WPA2_PSK],2025-3-26 21:54:52,3,-65,34.0425491,-117.1987457,367.40,1.75,WIFI
92:3B:AD:21:A2:B5,ORBI13,[WPA2_PSK],2025-3-26 21:54:52,3,-70,34.0425491,-117.1987457,367.40,1.75,WIFI
E4:FA:C4:8F:20:F3,ThisOldHouse,[WPA2_PSK],2025-3-26 21:54:52,3,-88,34.0425491,-117.1987457,367.40,1.75,WIFI
E6:FA:C4:1F:20:F3,TP-Link_Guest_20F3,[WPA2_PSK],2025-3-26 21:54:52,3,-88,34.0425491,-117.1987457,367.40,1.75,WIFI
A0:04:60:16:F4:A8,ORBI37,[WPA2_PSK],2025-3-26 21:54:52,3,-88,34.0425491,-117.1987457,367.40,1.75,WIFI
28:56:5A:CD:A1:66,Sonnen,[WPA_WPA2_PSK],2025-3-26 21:54:53,4,-86,34.0426712,-117.1988449,367.00,1.75,WIFI
92:EB:B6:74:01:C5,,[WPA2_PSK],2025-3-26 21:54:54,5,-72,34.0427971,-117.1989441,366.60,1.75,WIFI
14:EB:B6:74:01:C3,Husbander-tron,[WPA2_PSK],2025-3-26 21:54:54,5,-80,34.0427971,-117.1989441,366.60,1.75,WIFI
18:90:88:FF:5D:A5,Eero Wifi,[WPA2_PSK],2025-3-26 21:54:55,6,-72,34.0429115,-117.1990433,366.20,1.75,WIFI
18:90:88:FF:5D:AB,Eero Wifi Guest,[WPA2_PSK],2025-3-26 21:54:55,6,-72,34.0429115,-117.1990433,366.20,1.75,WIFI
18:90:88:FF:5D:A7,,[OPEN],2025-3-26 21:54:55,6,-80,34.0429115,-117.1990433,366.20,1.75,WIFI
18:90:88:DF:AA:23,,[WPA3_PSK],2025-3-26 21:54:55,6,-81,34.0429115,-117.1990433,366.20,1.75,WIFI
18:90:88:DF:AA:2B,Eero Wifi Guest,[WPA2_PSK],2025-3-26 21:54:55,6,-81,34.0429115,-117.1990433,366.20,1.75,WIFI
18:90:88:FF:5D:A3,,[WPA3_PSK],2025-3-26 21:54:55,6,-81,34.0429115,-117.1990433,366.20,1.75,WIFI
18:90:88:DF:AA:27,,[OPEN],2025-3-26 21:54:55,6,-82,34.0429115,-117.1990433,366.20,1.75,WIFI
18:90:88:DF:AA:25,Eero Wifi,[WPA2_PSK],2025-3-26 21:54:55,6,-82,34.0429115,-117.1990433,366.20,1.75,WIFI
AC:91:9B:C1:1A:BA,Verizon_Z4TGCG,[WPA2_PSK],2025-3-26 21:54:55,6,-83,34.0429115,-117.1990433,366.20,1.75,WIFI
00:AB:48:15:77:A7,,[OPEN],2025-3-26 21:54:55,6,-85,34.0429115,-117.1990433,366.20,1.75,WIFI
00:AB:48:15:77:A3,,[WPA3_PSK],2025-3-26 21:54:55,6,-86,34.0429115,-117.1990433,366.20,1.75,WIFI
00:AB:48:E1:84:EB,Eero Wifi Guest,[WPA2_PSK],2025-3-26 21:54:55,6,-86,34.0429115,-117.1990433,366.20,1.75,WIFI
4C:AB:F8:47:BC:D9,SpectrumSetup-DB,[WPA2_PSK],2025-3-26 21:54:55,6,-87,34.0429115,-117.1990433,366.20,1.75,WIFI
58:2F:F7:75:40:C6,SpectrumSetup-C0,[WPA2_PSK],2025-3-26 21:54:55,6,-96,34.0429115,-117.1990433,366.20,1.75,WIFI
E4:FA:C4:2C:FE:C3,Silverstreet,[WPA2_PSK],2025-3-26 21:54:58,8,-79,34.0431862,-117.1992569,365.10,1.75,WIFI
E6:FA:C4:2C:FE:C3,,[WPA2_PSK],2025-3-26 21:54:58,8,-80,34.0431862,-117.1992569,365.10,1.75,WIFI
CA:41:1E:2B:F5:96,,[WPA2_PSK],2025-3-26 21:54:58,8,-85,34.0431862,-117.1992569,365.10,1.75,WIFI
C4:41:1E:2B:F5:96,Tell-My-WiFi-Luv-Her,[WPA2_PSK],2025-3-26 21:54:58,8,-91,34.0431862,-117.1992569,365.10,1.75,WIFI
5C:62:8B:EE:D2:82,,[WPA_WPA2_PSK],2025-3-26 21:54:59,9,-75,34.0432472,-117.1993027,364.90,1.75,WIFI
9C:A2:F4:2B:4C:42,,[WPA2_PSK],2025-3-26 21:54:59,9,-81,34.0432472,-117.1993027,364.90,1.75,WIFI
5E:62:8B:2E:D2:82,TheKrellMainframe,[WPA2_PSK],2025-3-26 21:54:59,9,-82,34.0432472,-117.1993027,364.90,1.75,WIFI
9E:A2:F4:2B:4C:42,TheKrellMainframe,[WPA2_PSK],2025-3-26 21:54:59,9,-82,34.0432472,-117.1993027,364.90,1.75,WIFI
9C:A2:F4:2B:47:5E,,[WPA2_PSK],2025-3-26 21:54:59,9,-85,34.0432472,-117.1993027,364.90,1.75,WIFI
9E:A2:F4:2B:47:5E,TheKrellMainframe,[WPA2_PSK],2025-3-26 21:54:59,9,-86,34.0432472,-117.1993027,364.90,1.75,WIFI
24:41:FE:77:E1:02,Endres Linksys,[WPA2_PSK],2025-3-26 21:55:1,11,-75,34.0433121,-117.1993637,364.60,1.75,WIFI
F8:1A:2B:02:61:ED,Casa google,[WPA2_PSK],2025-3-26 21:55:1,11,-83,34.0433121,-117.1993637,364.60,1.75,WIFI
98:F7:81:E8:DA:18,Frontier5104,[WPA2_PSK],2025-3-26 21:55:1,11,-85,34.0433121,-117.1993637,364.60,1.75,WIFI
20:37:F0:6D:86:22,Endres Linksys,[WPA2_PSK],2025-3-26 21:55:3,1,-68,34.0433235,-117.1993713,364.30,1.75,WIFI
DE:91:BF:F5:33:CB,,[WPA2_PSK],2025-3-26 21:55:3,1,-79,34.0433235,-117.1993713,364.30,1.75,WIFI
72:F7:54:94:64:68,SunPower34840,[WPA2_PSK],2025-3-26 21:55:3,1,-85,34.0433235,-117.1993713,364.30,1.75,WIFI
4C:19:5D:59:CE:CE,SpectrumSetup-C8,[WPA2_PSK],2025-3-26 21:55:3,1,-87,34.0433235,-117.1993713,364.30,1.75,WIFI
F8:1A:2B:24:43:A4,Casa google,[WPA2_PSK],2025-3-26 21:55:3,1,-91,34.0433235,-117.1993713,364.30,1.75,WIFI
92:3B:AD:21:A4:90,ORBI13,[WPA2_PSK],2025-3-26 21:55:7,3,-86,34.0434952,-117.1995010,364.90,1.75,WIFI
94:18:65:D8:74:B8,Ginadrtorres,[WPA2_PSK],2025-3-26 21:55:7,3,-92,34.0434952,-117.1995010,364.90,1.75,WIFI
86:69:1A:94:41:18,,[WPA2_WPA3_PSK],2025-3-26 21:55:8,4,-88,34.0435753,-117.1995697,364.40,1.75,WIFI
86:69:1A:95:12:0F,,[WPA2_WPA3_PSK],2025-3-26 21:55:9,5,-88,34.0436668,-117.1996384,363.90,1.75,WIFI
F4:52:46:8C:52:F5,SpectrumSetup-52F8,[WPA2_PSK],2025-3-26 21:55:10,6,-74,34.0437813,-117.1997299,363.70,1.75,WIFI
F8:B4:6A:5E:AA:87,DIRECT-86-HP DeskJet 2600 series,[WPA2_PSK],2025-3-26 21:55:10,6,-78,34.0437813,-117.1997299,363.70,1.75,WIFI
F8:AA:3F:D3:6F:03,SpectrumSetup-79,[WPA2_PSK],2025-3-26 21:55:10,6,-84,34.0437813,-117.1997299,363.70,1.75,WIFI
78:76:89:36:98:E4,,[WPA3_PSK],2025-3-26 21:55:10,6,-86,34.0437813,-117.1997299,363.70,1.75,WIFI
78:76:89:36:98:E7,CoolCasa,[WPA2_PSK],2025-3-26 21:55:10,6,-87,34.0437813,-117.1997299,363.70,1.75,WIFI
80:69:1A:94:41:B4,Leason2.0,[WPA2_WPA3_PSK],2025-3-26 21:55:13,9,-84,34.0441322,-117.2000046,362.10,1.75,WIFI
86:69:1A:94:41:B4,,[WPA2_WPA3_PSK],2025-3-26 21:55:13,9,-84,34.0441322,-117.2000046,362.10,1.75,WIFI
1C:63:49:3D:58:FD,ENVOY_000889,[OPEN],2025-3-26 21:55:14,10,-80,34.0442467,-117.2000961,361.80,1.75,WIFI
D8:EB:97:EE:2E:32,Keidel2.4-private,[WPA2_PSK],2025-3-26 21:55:14,10,-83,34.0442467,-117.2000961,361.80,1.75,WIFI
22:3E:A4:9A:0C:40,,[WPA2_PSK],2025-3-26 21:55:14,10,-86,34.0442467,-117.2000961,361.80,1.75,WIFI
DA:EB:97:EE:2E:35,Keidel-guest2.4,[WPA2_PSK],2025-3-26 21:55:14,10,-86,34.0442467,-117.2000961,361.80,1.75,WIFI
48:5D:36:48:3D:46,Klausz_WiFi,[WPA2_PSK],2025-3-26 21:55:15,11,-73,34.0443687,-117.2001953,361.40,1.75,WIFI
F0:B6:61:0F:F0:CA,,[OPEN],2025-3-26 21:55:15,11,-77,34.0443687,-117.2001953,361.40,1.75,WIFI
F0:B6:61:0F:F0:C7,Pointer Wifi,[WPA2_PSK],2025-3-26 21:55:15,11,-77,34.0443687,-117.2001953,361.40,1.75,WIFI
C4:8E:8F:E4:98:76,WIFIE49872,[WPA2_PSK],2025-3-26 21:55:15,11,-85,34.0443687,-117.2001953,361.40,1.75,WIFI
84:A0:6E:C9:E2:16,joola-2G,[WPA2_PSK],2025-3-26 21:55:15,11,-89,34.0443687,-117.2001953,361.40,1.75,WIFI
A0:04:60:CE:27:A6,NETGEAR76,[WPA2_PSK],2025-3-26 21:55:15,11,-92,34.0443687,-117.2001953,361.40,1.75,WIFI
C8:B4:22:05:E5:E7,Cooks Retreat,[WPA2_PSK],2025-3-26 21:55:19,1,-78,34.0448418,-117.2005768,360.70,1.75,WIFI
86:69:1A:94:49:40,,[WPA2_WPA3_PSK],2025-3-26 21:55:19,1,-81,34.0448418,-117.2005768,360.70,1.75,WIFI
80:69:1A:94:49:40,Leason2.0,[WPA2_WPA3_PSK],2025-3-26 21:55:19,1,-83,34.0448418,-117.2005768,360.70,1.75,WIFI
B8:66:85:D4:1A:F6,Emily1952 (2.4),[WPA2_PSK],2025-3-26 21:55:19,1,-88,34.0448418,-117.2005768,360.70,1.75,WIFI
10:DA:43:99:AA:F6,NETGEAR29,[WPA2_PSK],2025-3-26 21:55:21,3,-72,34.0450630,-117.2007523,359.70,1.75,WIFI
80:69:1A:94:41:18,Leason2.0,[WPA2_WPA3_PSK],2025-3-26 21:55:22,4,-85,34.0451546,-117.2008133,359.40,1.75,WIFI
86:69:1A:94:49:9A,,[WPA2_WPA3_PSK],2025-3-26 21:55:22,4,-91,34.0451546,-117.2008133,359.40,1.75,WIFI
9C:A5:70:9B:A0:05,Normanrose,[WPA2_PSK],2025-3-26 21:55:24,6,-67,34.0452843,-117.2009201,359.00,1.75,WIFI
9C:A5:70:9B:A0:07,,[OPEN],2025-3-26 21:55:24,6,-70,34.0452843,-117.2009201,359.00,1.75,WIFI
9C:A5:70:9B:A0:03,,[WPA3_PSK],2025-3-26 21:55:24,6,-71,34.0452843,-117.2009201,359.00,1.75,WIFI
D0:16:7C:8D:8B:E3,,[WPA3_PSK],2025-3-26 21:55:24,6,-85,34.0452843,-117.2009201,359.00,1.75,WIFI
D0:16:7C:8D:8B:E7,,[OPEN],2025-3-26 21:55:24,6,-86,34.0452843,-117.2009201,359.00,1.75,WIFI
44:EA:D8:1E:24:B8,ChimePro-1E24B7,[OPEN],2025-3-26 21:55:24,6,-90,34.0452843,-117.2009201,359.00,1.75,WIFI
74:37:5F:55:FA:13,ierr2006,[WPA2_PSK],2025-3-26 21:55:24,6,-90,34.0452843,-117.2009201,359.00,1.75,WIFI
22:48:6C:B1:A8:3B,,[WPA2_PSK],2025-3-26 21:55:24,6,-92,34.0452843,-117.2009201,359.00,1.75,WIFI
16:0C:6B:32:3D:8C,RPNet,[WPA2_PSK],2025-3-26 21:55:26,8,-96,34.0453491,-117.2009659,359.00,1.75,WIFI
34:60:F9:5F:7E:1B,HandB,[WPA2_PSK],2025-3-26 21:55:27,9,-82,34.0453606,-117.2009735,359.00,1.75,WIFI
56:60:F9:5F:7E:1B,,[WPA2_PSK],2025-3-26 21:55:27,9,-82,34.0453606,-117.2009735,359.00,1.75,WIFI
90:9A:4A:47:AA:E6,joola-5G_2.4GEXT,[WPA2_PSK],2025-3-26 21:55:29,11,-74,34.0453606,-117.2009735,359.00,1.75,WIFI
9C:C8:FC:01:AE:48,Roberts,[WPA2_PSK],2025-3-26 21:55:29,11,-81,34.0453606,-117.2009735,359.00,1.75,WIFI
A8:3A:79:F5:89:A1,CK_IOT,[WPA2_PSK],2025-3-26 21:55:29,11,-82,34.0453606,-117.2009735,359.00,1.75,WIFI
A8:3A:79:F5:89:A2,CK_BYOD,[WPA2_PSK],2025-3-26 21:55:29,11,-83,34.0453606,-117.2009735,359.00,1.75,WIFI
A8:3A:79:F5:89:A4,CK_MGR,[WPA2_PSK],2025-3-26 21:55:29,11,-86,34.0453606,-117.2009735,359.00,1.75,WIFI
66:CB:E9:7C:99:EC,[LG_Oven]99ec,[WPA2_PSK],2025-3-26 21:55:29,11,-89,34.0453606,-117.2009735,359.00,1.75,WIFI
30:8D:99:FB:51:2F,HP-Print-2F-ENVY 4500 series,[OPEN],2025-3-26 21:55:29,11,-89,34.0453606,-117.2009735,359.00,1.75,WIFI
F4:52:46:BD:F3:A5,Hashslingingslasher,[WPA2_PSK],2025-3-26 21:55:31,1,-81,34.0453606,-117.2009811,359.00,1.75,WIFI
A0:89:66:8D:EC:20,,[WPA_WPA2_PSK],2025-3-26 21:55:34,2,-87,34.0453682,-117.2009888,359.00,1.75,WIFI
C0:C9:E3:8D:C5:86,Hanfamily 2.0,[WPA2_PSK],2025-3-26 21:55:35,3,-92,34.0453835,-117.2010117,359.00,1.75,WIFI
80:69:1A:94:49:9A,Leason2.0,[WPA2_WPA3_PSK],2025-3-26 21:55:36,4,-86,34.0453949,-117.2010498,359.00,1.75,WIFI
E4:F4:C6:15:AD:8C,wtwood,[WPA_WPA2_PSK],2025-3-26 21:55:36,4,-92,34.0453949,-117.2010498,359.00,1.75,WIFI
F8:E4:FB:03:39:7E,2BPB2,[WPA2_PSK],2025-3-26 21:55:38,6,-79,34.0453758,-117.2011642,358.90,1.75,WIFI
F0:9F:C2:CC:90:F6,ManagementVds,[WPA2_WPA3_PSK],2025-3-26 21:55:38,6,-82,34.0453758,-117.2011642,358.90,1.75,WIFI
D0:16:7C:8D:8B:E5,curtanddi,[WPA2_PSK],2025-3-26 21:55:38,6,-85,34.0453758,-117.2011642,358.90,1.75,WIFI
A4:11:62:72:9A:12,ARLO_VMB_4422026869,[WPA2_PSK],2025-3-26 21:55:38,6,-89,34.0453758,-117.2011642,358.90,1.75,WIFI
22:76:13:0A:9E:B2,,[WPA2_PSK],2025-3-26 21:55:38,6,-91,34.0453758,-117.2011642,358.90,1.75,WIFI
98:1E:19:29:93:7E,MySpectrumWiFi78-2G,[WPA2_PSK],2025-3-26 21:55:38,6,-92,34.0453758,-117.2011642,358.90,1.75,WIFI
06:5F:67:8D:A1:3E,,[WPA2_PSK],2025-3-26 21:55:42,10,-93,34.0452003,-117.2015076,359.30,1.75,WIFI
9C:0B:05:C3:67:C4,,[WPA3_PSK],2025-3-26 21:55:43,11,-72,34.0451431,-117.2015991,359.50,1.75,WIFI
9C:0B:05:C3:67:CA,,[OPEN],2025-3-26 21:55:43,11,-73,34.0451431,-117.2015991,359.50,1.75,WIFI
9C:0B:05:C3:67:C7,GeorgeYaz,[WPA2_PSK],2025-3-26 21:55:43,11,-73,34.0451431,-117.2015991,359.50,1.75,WIFI
58:2F:F7:68:A1:56,SpectrumSetup-50,[WPA2_PSK],2025-3-26 21:55:43,11,-86,34.0451431,-117.2015991,359.50,1.75,WIFI
F8:F5:32:4C:34:08,Frontier0816,[WPA2_PSK],2025-3-26 21:55:43,11,-89,34.0451431,-117.2015991,359.50,1.75,WIFI
CC:40:D0:A2:8E:62,NETGEAR91,[WPA2_PSK],2025-3-26 21:55:45,1,-75,34.0450516,-117.2017517,359.90,1.75,WIFI
7A:AC:B9:BD:D4:B8,BT_Magnolia_guest,[WPA2_PSK],2025-3-26 21:55:45,1,-81,34.0450516,-117.2017517,359.90,1.75,WIFI
A0:04:60:CE:27:AC,NETGEAR49,[WPA2_PSK],2025-3-26 21:55:45,1,-83,34.0450516,-117.2017517,359.90,1.75,WIFI
7E:AC:B9:BD:D4:B8,iPhoneSetup,[WPA2_PSK],2025-3-26 21:55:45,1,-84,34.0450516,-117.2017517,359.90,1.75,WIFI
74:AC:B9:BD:D4:B8,BT_Magnolia,[WPA2_PSK],2025-3-26 21:55:45,1,-85,34.0450516,-117.2017517,359.90,1.75,WIFI
1E:67:BE:09:97:E8,,[WPA2_PSK],2025-3-26 21:55:45,1,-87,34.0450516,-117.2017517,359.90,1.75,WIFI
F8:CA:59:94:B5:2B,AWI-736893,[WPA2_PSK],2025-3-26 21:55:45,1,-98,34.0450516,-117.2017517,359.90,1.75,WIFI
FC:34:97:05:D4:D0,Belle-2G,[WPA2_PSK],2025-3-26 21:55:48,2,-69,34.0448723,-117.2017670,359.90,1.75,WIFI
FC:34:97:05:D4:D1,BeOurGuest,[WPA2_WPA3_PSK],2025-3-26 21:55:48,2,-69,34.0448723,-117.2017670,359.90,1.75,WIFI
D8:C8:E9:79:87:E2,Lumiere,[WPA2_PSK],2025-3-26 21:55:48,2,-89,34.0448723,-117.2017670,359.90,1.75,WIFI
00:22:6C:A7:D7:04,,[OPEN],2025-3-26 21:55:48,2,-89,34.0448723,-117.2017670,359.90,1.75,WIFI
04:B6:BE:46:60:CE,,[WPA_WPA2_PSK],2025-3-26 21:55:48,2,-91,34.0448723,-117.2017670,359.90,1.75,WIFI
00:22:6C:A7:D1:04,,[OPEN],2025-3-26 21:55:48,2,-92,34.0448723,-117.2017670,359.90,1.75,WIFI
54:04:63:FB:12:D8,,[WPA_WPA2_PSK],2025-3-26 21:55:49,3,-68,34.0448036,-117.2017288,360.20,1.75,WIFI
66:32:B1:31:E3:3E,,[WPA2_PSK],2025-3-26 21:55:49,3,-93,34.0448036,-117.2017288,360.20,1.75,WIFI
66:32:B1:31:F2:2A,,[WPA2_PSK],2025-3-26 21:55:49,3,-93,34.0448036,-117.2017288,360.20,1.75,WIFI
D4:3F:32:6C:47:C6,durian,[WPA2_PSK],2025-3-26 21:55:52,6,-75,34.0445824,-117.2015686,360.50,1.75,WIFI
56:13:79:C7:1D:8E,DIRECT-8e-HP M281 LaserJet,[WPA2_PSK],2025-3-26 21:55:52,6,-78,34.0445824,-117.2015686,360.50,1.75,WIFI
90:CA:FA:9B:5D:1A,The Force,[WPA2_PSK],2025-3-26 21:55:52,6,-88,34.0445824,-117.2015686,360.50,1.75,WIFI
7A:AC:B9:BD:CB:D1,BT_Magnolia_guest,[WPA2_PSK],2025-3-26 21:55:52,6,-92,34.0445824,-117.2015686,360.50,1.75,WIFI
7E:AC:B9:BD:CB:D1,iPhoneSetup,[WPA2_PSK],2025-3-26 21:55:52,6,-92,34.0445824,-117.2015686,360.50,1.75,WIFI
98:ED:5C:83:A7:13,TeslaPV_83A713,[WPA2_PSK],2025-3-26 21:55:54,8,-82,34.0444603,-117.2014694,361.00,1.75,WIFI
02:13:37:AA:3A:34,manage,[WPA2_PSK],2025-3-26 21:55:57,11,-70,34.0443497,-117.2013702,361.00,1.75,WIFI
00:13:37:AA:3A:34,Redlands Free WiFi,[OPEN],2025-3-26 21:55:57,11,-72,34.0443497,-117.2013702,361.00,1.75,WIFI
D4:05:DE:89:EE:64,,[WPA3_PSK],2025-3-26 21:55:57,11,-74,34.0443497,-117.2013702,361.00,1.75,WIFI
D4:05:DE:89:EE:6A,,[OPEN],2025-3-26 21:55:57,11,-74,34.0443497,-117.2013702,361.00,1.75,WIFI
D4:05:DE:89:EE:67,Honn,[WPA2_PSK],2025-3-26 21:55:57,11,-75,34.0443497,-117.2013702,361.00,1.75,WIFI
00:17:1A:D5:37:06,Winegard2ghzD53705,[WPA2_PSK],2025-3-26 21:55:57,11,-89,34.0443497,-117.2013702,361.00,1.75,WIFI
1E:67:BE:09:97:E9,,[WPA2_PSK],2025-3-26 21:55:59,1,-78,34.0443344,-117.2012939,360.80,1.75,WIFI
2C:67:BE:09:97:EF,SpectrumSetup-97EB,[WPA2_PSK],2025-3-26 21:55:59,1,-78,34.0443344,-117.2012939,360.80,1.75,WIFI
90:CA:FA:9B:5C:CF,The Force,[WPA2_PSK],2025-3-26 21:55:59,1,-79,34.0443344,-117.2012939,360.80,1.75,WIFI
34:53:D2:52:09:CE,SpectrumSetup-C8,[WPA2_PSK],2025-3-26 21:55:59,1,-84,34.0443344,-117.2012939,360.80,1.75,WIFI
F4:52:46:1D:8C:B9,SpectrumSetup-BB,[WPA2_PSK],2025-3-26 21:55:59,1,-85,34.0443344,-117.2012939,360.80,1.75,WIFI
9A:0C:7A:D4:2C:F8,SpectrumSetup-97EB,[WPA2_PSK],2025-3-26 21:55:59,1,-86,34.0443344,-117.2012939,360.80,1.75,WIFI
66:32:B1:31:E8:12,,[WPA2_PSK],2025-3-26 21:56:3,3,-92,34.0443459,-117.2012177,361.10,1.75,WIFI
C6:A5:11:13:3E:5C,,[WPA2_PSK],2025-3-26 21:56:4,4,-90,34.0443459,-117.2012177,361.10,1.75,WIFI
D4:3F:32:6C:47:C9,,[OPEN],2025-3-26 21:56:6,6,-68,34.0443459,-117.2012177,361.10,1.75,WIFI
D4:3F:32:6C:47:C3,,[WPA3_PSK],2025-3-26 21:56:6,6,-70,34.0443459,-117.2012177,361.10,1.75,WIFI
90:CA:FA:9B:59:3C,The Force,[WPA2_PSK],2025-3-26 21:56:6,6,-71,34.0443459,-117.2012177,361.10,1.75,WIFI
80:78:71:80:F3:1F,SpectrumSetup-21,[WPA2_PSK],2025-3-26 21:56:6,6,-83,34.0443459,-117.2012177,361.10,1.75,WIFI
2E:80:88:D7:76:8B,Cohen,[WPA2_PSK],2025-3-26 21:56:9,9,-90,34.0443459,-117.2012177,361.10,1.75,WIFI
F8:5B:3B:CE:64:39,MandC,[WPA2_PSK],2025-3-26 21:56:11,11,-75,34.0443459,-117.2012177,361.20,1.75,WIFI
02:17:1A:D5:37:06,,[WPA2_PSK],2025-3-26 21:56:11,11,-81,34.0443459,-117.2012177,361.20,1.75,WIFI
22:3E:A4:04:CF:C2,,[WPA2_PSK],2025-3-26 21:56:11,11,-84,34.0443459,-117.2012177,361.20,1.75,WIFI
40:2B:50:7E:B7:48,Golfdude,[WPA2_PSK],2025-3-26 21:56:11,11,-89,34.0443459,-117.2012177,361.20,1.75,WIFI
60:45:CB:5C:8F:30,Mills Home_2.4,[WPA2_PSK],2025-3-26 21:56:11,11,-94,34.0443459,-117.2012177,361.20,1.75,WIFI
AA:0C:7A:D4:3E:98,,[WPA2_PSK],2025-3-26 21:56:13,1,-83,34.0443459,-117.2012177,361.40,1.75,WIFI
DA:31:34:C3:F9:83,,[WPA2_PSK],2025-3-26 21:56:13,1,-83,34.0443459,-117.2012177,361.40,1.75,WIFI
9A:0C:7A:D4:3E:98,SpectrumSetup-97EB,[WPA2_PSK],2025-3-26 21:56:13,1,-84,34.0443459,-117.2012177,361.40,1.75,WIFI
58:68:7A:10:AF:16,Cookie,[WPA2_WPA3_PSK],2025-3-26 21:56:13,1,-86,34.0443459,-117.2012177,361.40,1.75,WIFI
60:32:B1:31:E3:3E,DECO,[WPA2_PSK],2025-3-26 21:56:17,3,-86,34.0443382,-117.2012177,361.60,1.75,WIFI
60:32:B1:31:E8:12,DECO,[WPA2_PSK],2025-3-26 21:56:17,3,-87,34.0443382,-117.2012177,361.60,1.75,WIFI
C2:A5:11:13:4D:0C,ORBI42,[WPA2_PSK],2025-3-26 21:56:18,4,-81,34.0443382,-117.2012100,361.70,1.75,WIFI
C2:A5:11:13:55:77,ORBI42,[WPA2_PSK],2025-3-26 21:56:18,4,-87,34.0443382,-117.2012100,361.70,1.75,WIFI
C2:A5:11:13:3E:5C,ORBI42,[WPA2_PSK],2025-3-26 21:56:18,4,-88,34.0443382,-117.2012100,361.70,1.75,WIFI
BE:D7:D4:EA:AC:28,,[WPA2_PSK],2025-3-26 21:56:20,6,-88,34.0443344,-117.2012100,361.80,1.75,WIFI
8A:0C:7A:D4:3E:98,,[WPA2_PSK],2025-3-26 21:56:27,1,-85,34.0443344,-117.2012100,362.20,1.75,WIFI
60:F4:19:01:28:A6,WZWMK,[WPA2_PSK],2025-3-26 21:56:34,6,-86,34.0443153,-117.2012939,362.00,1.75,WIFI
88:57:1D:51:C7:14,[range]_E30AJT7113083P,[WPA2_PSK],2025-3-26 21:56:46,4,-93,34.0446510,-117.2015533,360.80,1.75,WIFI
74:AC:B9:BD:CB:D1,BT_Magnolia,[WPA2_PSK],2025-3-26 21:56:48,6,-80,34.0447960,-117.2016678,360.20,1.75,WIFI
82:AC:B9:BD:CB:D1,,[WPA2_PSK],2025-3-26 21:56:48,6,-80,34.0447960,-117.2016678,360.20,1.75,WIFI
88:6A:E3:DD:3D:D2,tldd3dd2,[WPA2_PSK],2025-3-26 21:56:48,6,-95,34.0447960,-117.2016678,360.20,1.75,WIFI
10:0C:6B:32:3D:8C,,[WPA2_PSK],2025-3-26 21:56:50,8,-96,34.0448914,-117.2017365,359.80,1.75,WIFI
2E:80:88:D9:17:30,Cohen,[WPA2_PSK],2025-3-26 21:56:51,9,-95,34.0449219,-117.2017517,359.70,1.75,WIFI
82:AC:B9:BD:D4:B8,,[WPA2_PSK],2025-3-26 21:56:56,1,-84,34.0450859,-117.2016220,358.60,1.75,WIFI
00:CB:51:4F:64:8E,MySpectrumWiFi88-2G,[WPA2_PSK],2025-3-26 21:56:56,1,-86,34.0450859,-117.2016220,358.60,1.75,WIFI
D0:6D:C9:39:94:06,Frontier1031,[WPA2_PSK],2025-3-26 21:56:56,1,-93,34.0450859,-117.2016220,358.60,1.75,WIFI
C6:C9:E3:8D:C5:86,,[WPA2_PSK],2025-3-26 21:56:59,3,-87,34.0452347,-117.2013474,357.90,1.75,WIFI
94:18:65:D2:FC:4F,Adulting101,[WPA2_PSK],2025-3-26 21:56:59,3,-94,34.0452347,-117.2013474,357.90,1.75,WIFI
30:23:03:24:E9:BE,Cruzing,[WPA_WPA2_PSK],2025-3-26 21:57:0,4,-88,34.0452805,-117.2012634,358.00,1.75,WIFI
8E:49:62:11:69:68,,[WPA2_PSK],2025-3-26 21:57:7,11,-88,34.0452614,-117.2009735,357.40,1.75,WIFI
E8:DA:00:08:6D:53,low wifi_EXT,[WPA2_PSK],2025-3-26 21:57:10,1,-84,34.0450401,-117.2007904,358.00,1.75,WIFI
4C:AB:F8:46:5B:FD,SpectrumSetup-FF,[WPA2_PSK],2025-3-26 21:57:10,1,-91,34.0450401,-117.2007904,358.00,1.75,WIFI
E8:DA:00:0A:68:05,low wifi_EXT,[WPA2_PSK],2025-3-26 21:57:10,1,-92,34.0450401,-117.2007904,358.00,1.75,WIFI
82:CC:9C:DE:18:71,Keidel5-private,[WPA2_PSK],2025-3-26 21:57:13,3,-82,34.0447197,-117.2005386,359.30,1.75,WIFI
82:CC:9C:EE:18:71,Keidel2.4-private,[WPA2_PSK],2025-3-26 21:57:13,3,-87,34.0447197,-117.2005386,359.30,1.75,WIFI
A0:64:8F:EA:3E:51,MySpectrumWiFi53-2G,[WPA2_PSK],2025-3-26 21:57:16,6,-83,34.0443687,-117.2002563,360.30,1.75,WIFI
C6:8E:8F:5C:3E:15,DIRECT-15-HP M277 LaserJet,[WPA2_PSK],2025-3-26 21:57:16,6,-88,34.0443687,-117.2002563,360.30,1.75,WIFI
FC:12:63:F3:A8:25,SpectrumSetup-27,[WPA2_PSK],2025-3-26 21:57:16,6,-89,34.0443687,-117.2002563,360.30,1.75,WIFI
98:6B:3D:D8:7E:B0,Dolly4595,[WPA_WPA2_PSK],2025-3-26 21:57:18,8,-85,34.0441284,-117.2000656,361.10,1.75,WIFI
00:54:AF:AE:74:32,Hotspot7432,[WPA_WPA2_PSK],2025-3-26 21:57:24,1,-78,34.0435791,-117.1996307,363.90,1.75,WIFI
C0:A0:0D:F4:B6:F8,Frontier5104,[WPA2_PSK],2025-3-26 21:57:24,1,-88,34.0435791,-117.1996307,363.90,1.75,WIFI
AA:48:FA:E2:DE:7F,CXL0CE400M,[WPA_WPA2_PSK],2025-3-26 21:57:24,1,-93,34.0435791,-117.1996307,363.90,1.75,WIFI
00:AB:48:15:77:A5,I believe Wi can Fi,[WPA2_PSK],2025-3-26 21:57:30,6,-82,34.0434418,-117.1995392,365.40,1.75,WIFI
00:AB:48:18:C5:C3,,[WPA3_PSK],2025-3-26 21:57:30,6,-86,34.0434418,-117.1995392,365.40,1.75,WIFI
48:BA:4E:18:FE:75,DIRECT-74-HP ENVY 4520 series,[WPA2_PSK],2025-3-26 21:57:35,11,-94,34.0431442,-117.1992950,365.30,1.75,WIFI
12:2C:6B:32:FE:C0,SunPower30025,[WPA2_PSK],2025-3-26 21:57:38,1,-90,34.0428505,-117.1990738,365.80,1.75,WIFI
9C:57:BC:9D:DA:A9,,[OPEN],2025-3-26 21:57:44,6,-75,34.0421295,-117.1984863,368.70,1.75,WIFI
9C:57:BC:9D:DA:A6,KAL,[WPA2_PSK],2025-3-26 21:57:44,6,-76,34.0421295,-117.1984863,368.70,1.75,WIFI
9C:57:BC:9D:DA:A3,,[WPA3_PSK],2025-3-26 21:57:44,6,-76,34.0421295,-117.1984863,368.70,1.75,WIFI
9C:57:BC:98:E0:C6,KAL,[WPA2_PSK],2025-3-26 21:57:44,6,-79,34.0421295,-117.1984863,368.70,1.75,WIFI
2C:58:B9:09:D9:EB,DIRECT-EA-HP DeskJet 4100 series,[WPA2_PSK],2025-3-26 21:57:44,6,-79,34.0421295,-117.1984863,368.70,1.75,WIFI
08:9B:F1:18:85:E3,,[WPA3_PSK],2025-3-26 21:57:44,6,-86,34.0421295,-117.1984863,368.70,1.75,WIFI
08:9B:F1:18:85:E5,Hardins,[WPA2_PSK],2025-3-26 21:57:44,6,-87,34.0421295,-117.1984863,368.70,1.75,WIFI
C8:C6:FE:60:58:C9,,[OPEN],2025-3-26 21:57:44,6,-87,34.0421295,-117.1984863,368.70,1.75,WIFI
74:93:DA:3F:70:05,SpectrumSetup-07,[WPA2_PSK],2025-3-26 21:57:44,6,-91,34.0421295,-117.1984863,368.70,1.75,WIFI
88:D7:F6:A7:6B:A8,ASUS_A8_2G,[WPA2_PSK],2025-3-26 21:57:44,6,-93,34.0421295,-117.1984863,368.70,1.75,WIFI
CC:28:AA:57:4C:30,Finn's World,[WPA2_PSK],2025-3-26 21:57:45,7,-86,34.0419998,-117.1983871,369.20,1.75,WIFI
A2:A2:F4:4E:E8:52,,[WPA2_PSK],2025-3-26 21:57:48,9,-81,34.0415993,-117.1980743,371.30,1.75,WIFI
6C:C2:17:57:D8:21,HP-Print-21-Officejet Pro 8620,[WPA2_PSK],2025-3-26 21:57:50,11,-84,34.0413399,-117.1978607,373.50,1.75,WIFI
B0:4E:26:80:DA:63,TP-Link_DA63,[WPA_WPA2_PSK],2025-3-26 21:57:50,11,-85,34.0413399,-117.1978607,373.50,1.75,WIFI
C8:A7:0A:8D:30:A4,FiOS-73VMO,[WPA2_PSK],2025-3-26 21:57:50,11,-89,34.0413399,-117.1978607,373.50,1.75,WIFI
30:57:8E:F3:B9:63,Rockhound1948,[WPA2_PSK],2025-3-26 21:57:53,1,-82,34.0409813,-117.1975784,376.80,1.75,WIFI
30:57:8E:F3:B9:61,,[WPA3_PSK],2025-3-26 21:57:53,1,-83,34.0409813,-117.1975784,376.80,1.75,WIFI
30:57:8E:F3:B9:65,,[OPEN],2025-3-26 21:57:53,1,-84,34.0409813,-117.1975784,376.80,1.75,WIFI
F0:7B:65:41:45:71,SpectrumSetup-456B,[WPA2_PSK],2025-3-26 21:57:53,1,-85,34.0409813,-117.1975784,376.80,1.75,WIFI
48:DD:0C:39:DA:45,Loki,[WPA2_PSK],2025-3-26 21:57:59,6,-78,34.0404892,-117.1971741,379.90,1.75,WIFI
64:DA:ED:50:5E:27,,[OPEN],2025-3-26 21:57:59,6,-80,34.0404892,-117.1971741,379.90,1.75,WIFI
64:DA:ED:50:5E:23,,[WPA3_PSK],2025-3-26 21:57:59,6,-81,34.0404892,-117.1971741,379.90,1.75,WIFI
64:DA:ED:50:5E:25,FiOS-HL8M8,[WPA2_PSK],2025-3-26 21:57:59,6,-82,34.0404892,-117.1971741,379.90,1.75,WIFI
48:DD:0C:39:DA:43,,[WPA3_PSK],2025-3-26 21:57:59,6,-84,34.0404892,-117.1971741,379.90,1.75,WIFI
48:DD:0C:39:DA:47,,[OPEN],2025-3-26 21:57:59,6,-85,34.0404892,-117.1971741,379.90,1.75,WIFI
9C:0B:05:65:70:44,,[WPA3_PSK],2025-3-26 21:57:59,6,-86,34.0404892,-117.1971741,379.90,1.75,WIFI
28:BD:89:F2:63:00,DUW3RK,[WPA2_PSK],2025-3-26 21:57:59,6,-92,34.0404892,-117.1971741,379.90,1.75,WIFI
FA:6D:CC:B8:17:BE,myGMC 17BE,[WPA2_PSK],2025-3-26 21:57:59,7,-78,34.0404892,-117.1971741,379.90,1.75,WIFI
40:2B:50:7E:DE:28,Frontier3072,[WPA2_PSK],2025-3-26 21:58:4,11,-87,34.0404243,-117.1971283,380.60,1.75,WIFI
A8:11:FC:A4:15:98,Frontier2256,[WPA2_PSK],2025-3-26 21:58:4,11,-89,34.0404243,-117.1971283,380.60,1.75,WIFI
94:91:7F:2F:77:AD,SpectrumSetup-AF,[WPA2_PSK],2025-3-26 21:58:7,1,-72,34.0404320,-117.1969299,380.80,1.75,WIFI
4C:22:F3:BF:71:CF,Verizon_CH46KV,[WPA2_PSK],2025-3-26 21:58:7,1,-79,34.0404320,-117.1969299,380.80,1.75,WIFI
F0:7B:65:23:6D:CF,SpectrumSetup-6DC9,[WPA2_PSK],2025-3-26 21:58:7,1,-87,34.0404320,-117.1969299,380.80,1.75,WIFI
1A:59:C0:36:BF:B2,CruzClan,[WPA2_PSK],2025-3-26 21:58:11,4,-85,34.0406761,-117.1965027,381.50,1.75,WIFI
9C:0B:05:65:70:47,Frontier0144,[WPA2_PSK],2025-3-26 21:58:13,6,-59,34.0408249,-117.1962357,381.60,1.75,WIFI
2C:30:33:46:2B:79,Network_ASH,[WPA2_PSK],2025-3-26 21:58:13,6,-61,34.0408249,-117.1962357,381.60,1.75,WIFI
80:B9:7A:48:BD:C6,Frontier0144,[WPA2_PSK],2025-3-26 21:58:13,6,-78,34.0408249,-117.1962357,381.60,1.75,WIFI
9C:0B:05:75:E2:84,,[WPA3_PSK],2025-3-26 21:58:13,6,-79,34.0408249,-117.1962357,381.60,1.75,WIFI
9C:0B:05:75:E2:8A,,[OPEN],2025-3-26 21:58:13,6,-79,34.0408249,-117.1962357,381.60,1.75,WIFI
9C:0B:05:75:E2:87,Frontier0144,[WPA2_PSK],2025-3-26 21:58:13,6,-82,34.0408249,-117.1962357,381.60,1.75,WIFI
80:B9:7A:48:BD:C9,,[OPEN],2025-3-26 21:58:13,6,-83,34.0408249,-117.1962357,381.60,1.75,WIFI
80:B9:7A:4C:69:E6,Frontier0144,[WPA2_PSK],2025-3-26 21:58:13,6,-86,34.0408249,-117.1962357,381.60,1.75,WIFI
84:70:D7:B0:1B:84,,[WPA3_PSK],2025-3-26 21:58:13,6,-87,34.0408249,-117.1962357,381.60,1.75,WIFI
84:70:D7:B0:1B:87,BalerionTheDread,[WPA2_PSK],2025-3-26 21:58:13,6,-89,34.0408249,-117.1962357,381.60,1.75,WIFI
84:70:D7:B0:1B:8A,,[OPEN],2025-3-26 21:58:13,6,-90,34.0408249,-117.1962357,381.60,1.75,WIFI
7E:78:B2:25:B7:0E,,[WPA_WPA2_PSK],2025-3-26 21:58:18,11,-65,34.0412483,-117.1954651,382.20,1.75,WIFI
B8:66:85:5B:D3:CE,MySpectrumWiFic8-2G,[WPA2_PSK],2025-3-26 21:58:18,11,-77,34.0412483,-117.1954651,382.20,1.75,WIFI
D4:A9:28:12:CC:58,FiOS-5CQBN,[WPA2_PSK],2025-3-26 21:58:18,11,-81,34.0412483,-117.1954651,382.20,1.75,WIFI
20:E5:2A:7A:A1:A7,890f88794e1b1ab7e2c0836a5d4e0133,[WPA2_PSK],2025-3-26 21:58:18,11,-82,34.0412483,-117.1954651,382.20,1.75,WIFI
7E:78:B2:1E:C1:15,,[WPA_WPA2_PSK],2025-3-26 21:58:18,11,-90,34.0412483,-117.1954651,382.20,1.75,WIFI
64:51:06:6C:CE:8A,HP-Print-8A-ENVY 5530 series,[WPA2_PSK],2025-3-26 21:58:19,1,-73,34.0413322,-117.1953125,382.20,1.75,WIFI
24:94:CB:42:25:48,Frontier9504,[WPA2_PSK],2025-3-26 21:58:19,1,-77,34.0413322,-117.1953125,382.20,1.75,WIFI
D8:5D:E2:7B:87:45,WIFI7B8741,[WPA2_PSK],2025-3-26 21:58:19,1,-81,34.0413322,-117.1953125,382.20,1.75,WIFI
D8:44:89:A1:59:46,Frontier9472_EXT,[WPA2_PSK],2025-3-26 21:58:19,1,-83,34.0413322,-117.1953125,382.20,1.75,WIFI
2C:00:AB:D8:E3:48,Frontier0032,[WPA2_PSK],2025-3-26 21:58:19,1,-84,34.0413322,-117.1953125,382.20,1.75,WIFI
D6:31:27:59:6B:AF,,[WPA_WPA2_PSK],2025-3-26 21:58:19,1,-93,34.0413322,-117.1953125,382.20,1.75,WIFI
50:EB:F6:11:20:48,Please wait…,[WPA2_PSK],2025-3-26 21:58:23,2,-81,34.0416527,-117.1947327,382.30,1.75,WIFI
CE:9E:43:52:CF:75,You Hit Me In The Cup,[WPA2_PSK],2025-3-26 21:58:24,3,-78,34.0417213,-117.1946106,382.40,1.75,WIFI
C8:9E:43:52:CF:75,,[WPA2_PSK],2025-3-26 21:58:24,3,-80,34.0417213,-117.1946106,382.40,1.75,WIFI
C8:9E:43:58:87:F4,You Hit Me In The Cup,[WPA2_PSK],2025-3-26 21:58:24,3,-81,34.0417213,-117.1946106,382.40,1.75,WIFI
CE:9E:43:58:87:F4,,[WPA2_PSK],2025-3-26 21:58:24,3,-87,34.0417213,-117.1946106,382.40,1.75,WIFI
C6:38:75:B7:87:F5,,[WPA2_PSK],2025-3-26 21:58:24,3,-87,34.0417213,-117.1946106,382.40,1.75,WIFI
06:5F:67:F0:17:EE,WatftGL7750_Guest,[WPA2_PSK],2025-3-26 21:58:25,4,-87,34.0417938,-117.1944809,382.40,1.75,WIFI
0A:5F:67:F0:1C:B6,,[WPA2_PSK],2025-3-26 21:58:25,4,-92,34.0417938,-117.1944809,382.40,1.75,WIFI
CC:CF:83:15:DA:80,,[WPA_WPA2_PSK],2025-3-26 21:58:26,5,-91,34.0418587,-117.1943512,382.40,1.75,WIFI
60:F4:19:39:AE:63,,[WPA3_PSK],2025-3-26 21:58:27,6,-72,34.0419273,-117.1942291,382.40,1.75,WIFI
60:F4:19:39:AE:66,ROBINHOOD,[WPA2_PSK],2025-3-26 21:58:27,6,-79,34.0419273,-117.1942291,382.40,1.75,WIFI
C0:6F:98:DA:52:83,,[WPA3_PSK],2025-3-26 21:58:27,6,-87,34.0419273,-117.1942291,382.40,1.75,WIFI
C0:6F:98:DA:52:89,,[OPEN],2025-3-26 21:58:27,6,-87,34.0419273,-117.1942291,382.40,1.75,WIFI
74:37:5F:49:3D:F7,SammySD,[WPA2_PSK],2025-3-26 21:58:27,6,-89,34.0419273,-117.1942291,382.40,1.75,WIFI
B0:FC:88:5C:4F:A4,SpectrumSetup-9E,[WPA2_PSK],2025-3-26 21:58:27,6,-90,34.0419273,-117.1942291,382.40,1.75,WIFI
08:7B:12:3F:18:06,Frontier1954,[WPA2_PSK],2025-3-26 21:58:27,6,-91,34.0419273,-117.1942291,382.40,1.75,WIFI
A4:97:33:4D:11:C1,Cooper,[WPA2_PSK],2025-3-26 21:58:27,6,-92,34.0419273,-117.1942291,382.40,1.75,WIFI
F4:69:42:F8:9A:C4,SpectrumSetup-C6,[WPA2_PSK],2025-3-26 21:58:27,6,-97,34.0419273,-117.1942291,382.40,1.75,WIFI
B4:B0:24:9E:A7:D1,MomAltland,[WPA2_PSK],2025-3-26 21:58:30,9,-93,34.0421028,-117.1938858,382.70,1.75,WIFI
18:A5:FF:15:81:02,TMOBILE-8100,[WPA2_WPA3_PSK],2025-3-26 21:58:31,10,-86,34.0421486,-117.1938019,382.80,1.75,WIFI
CC:40:D0:C5:D8:20,Frontier7488_2GEXT,[WPA2_PSK],2025-3-26 21:58:32,11,-77,34.0421867,-117.1937256,382.80,1.75,WIFI
DC:69:B5:43:E4:63,,[WPA3_PSK],2025-3-26 21:58:32,11,-83,34.0421867,-117.1937256,382.80,1.75,WIFI
18:9C:27:72:EB:58,Frontier7568,[WPA2_PSK],2025-3-26 21:58:32,11,-84,34.0421867,-117.1937256,382.80,1.75,WIFI
C4:49:BB:F9:34:47,Buick WiFi,[WPA2_PSK],2025-3-26 21:58:32,11,-86,34.0421867,-117.1937256,382.80,1.75,WIFI
DC:69:B5:43:E4:6F,Franklin WiFi Guest,[WPA2_PSK],2025-3-26 21:58:32,11,-87,34.0421867,-117.1937256,382.80,1.75,WIFI
80:78:71:78:95:E5,SpectrumSetup-E7,[WPA2_PSK],2025-3-26 21:58:32,11,-87,34.0421867,-117.1937256,382.80,1.75,WIFI
DC:69:B5:43:E4:66,Franklin WiFi,[WPA2_PSK],2025-3-26 21:58:32,11,-88,34.0421867,-117.1937256,382.80,1.75,WIFI
88:EF:16:F2:06:78,Frontier1392,[WPA2_PSK],2025-3-26 21:58:32,11,-89,34.0421867,-117.1937256,382.80,1.75,WIFI
8C:85:80:06:22:6C,,[WPA_WPA2_PSK],2025-3-26 21:58:32,11,-96,34.0421867,-117.1937256,382.80,1.75,WIFI
2C:67:BE:19:93:70,MySpectrumWiFi02-2G,[WPA2_PSK],2025-3-26 21:58:33,1,-82,34.0422173,-117.1936722,382.90,1.75,WIFI
50:C7:BF:1C:0B:1D,TP-LINK_Smart Plug_0B1D,[OPEN],2025-3-26 21:58:33,1,-82,34.0422173,-117.1936722,382.90,1.75,WIFI
60:F4:19:3A:57:46,Lucia,[WPA2_PSK],2025-3-26 21:58:33,1,-87,34.0422173,-117.1936722,382.90,1.75,WIFI
B0:FC:88:6F:4D:42,SpectrumSetup-3C,[WPA2_PSK],2025-3-26 21:58:33,1,-87,34.0422173,-117.1936722,382.90,1.75,WIFI
C8:C6:FE:6F:6D:66,hilde,[WPA2_PSK],2025-3-26 21:58:33,1,-88,34.0422173,-117.1936722,382.90,1.75,WIFI
FC:12:63:7C:F1:86,Verizon_F9ZWR7,[WPA2_PSK],2025-3-26 21:58:33,1,-92,34.0422173,-117.1936722,382.90,1.75,WIFI
04:17:B6:CF:D5:9E,,[WPA_WPA2_PSK],2025-3-26 21:58:33,1,-92,34.0422173,-117.1936722,382.90,1.75,WIFI
02:22:6C:36:BA:19,SoundBarSetup_BA19,[OPEN],2025-3-26 21:58:33,1,-93,34.0422173,-117.1936722,382.90,1.75,WIFI
B6:2B:B0:2B:E4:F3,,[WPA2_PSK],2025-3-26 21:58:37,2,-94,34.0422478,-117.1936111,383.00,1.75,WIFI
4C:AB:F8:47:35:41,SpectrumSetup-43,[WPA2_PSK],2025-3-26 21:58:41,6,-74,34.0422707,-117.1935654,382.90,1.75,WIFI
9C:0B:05:20:1C:A4,,[WPA3_PSK],2025-3-26 21:58:41,6,-82,34.0422707,-117.1935654,382.90,1.75,WIFI
9C:0B:05:20:1C:A7,living room,[WPA2_WPA3_PSK],2025-3-26 21:58:41,6,-82,34.0422707,-117.1935654,382.90,1.75,WIFI
9C:0B:05:20:1C:AA,,[OPEN],2025-3-26 21:58:41,6,-83,34.0422707,-117.1935654,382.90,1.75,WIFI
FA:8F:CA:93:33:DF,Family Room TV.b,[OPEN],2025-3-26 21:58:41,6,-84,34.0422707,-117.1935654,382.90,1.75,WIFI
52:57:9C:80:37:B7,DIRECT-5G-EPSON-ET-2720 Series,[WPA2_PSK],2025-3-26 21:58:41,6,-91,34.0422707,-117.1935654,382.90,1.75,WIFI
DC:69:B5:39:81:6F,Franklin WiFi Guest,[WPA2_PSK],2025-3-26 21:58:46,11,-75,34.0423393,-117.1934433,382.80,1.75,WIFI
DC:69:B5:39:81:66,Franklin WiFi,[WPA2_PSK],2025-3-26 21:58:46,11,-76,34.0423393,-117.1934433,382.80,1.75,WIFI
DC:69:B5:39:81:69,,[OPEN],2025-3-26 21:58:46,11,-76,34.0423393,-117.1934433,382.80,1.75,WIFI
84:EB:3E:D9:88:F9,tld988f8,[WPA2_PSK],2025-3-26 21:58:46,11,-82,34.0423393,-117.1934433,382.80,1.75,WIFI
C8:B4:22:BB:BA:B1,MySpectrumWiFiB3-2G,[WPA2_PSK],2025-3-26 21:58:46,11,-91,34.0423393,-117.1934433,382.80,1.75,WIFI
24:2D:6C:3A:A8:45,,[WPA3_PSK],2025-3-26 21:58:48,1,-84,34.0424080,-117.1933212,382.50,1.75,WIFI
5C:18:DD:F0:8D:63,,[WPA_WPA2_PSK],2025-3-26 21:58:48,1,-84,34.0424080,-117.1933212,382.50,1.75,WIFI
22:3E:A4:9B:9F:FF,,[WPA2_PSK],2025-3-26 21:58:48,1,-90,34.0424080,-117.1933212,382.50,1.75,WIFI
44:D4:53:88:69:86,SpectrumSetup-80,[WPA2_PSK],2025-3-26 21:58:48,1,-92,34.0424080,-117.1933212,382.50,1.75,WIFI
A4:2B:B0:2B:E4:F3,YanksterGangster,[WPA2_PSK],2025-3-26 21:58:51,2,-87,34.0425339,-117.1930923,382.60,1.75,WIFI
50:D4:F7:A8:0C:31,ramirez_EXT,[WEP],2025-3-26 21:58:51,2,-95,34.0425339,-117.1930923,382.60,1.75,WIFI
18:60:24:D7:A8:57,DIRECT-56-HP ENVY 4520 series,[WPA2_PSK],2025-3-26 21:58:55,6,-81,34.0427856,-117.1926346,382.80,1.75,WIFI
C8:B8:2F:AE:4F:46,SpectrumSetup-58,[WPA2_PSK],2025-3-26 21:58:55,6,-86,34.0427856,-117.1926346,382.80,1.75,WIFI
74:37:5F:DB:56:73,Fletch,[WPA2_PSK],2025-3-26 21:58:55,6,-89,34.0427856,-117.1926346,382.80,1.75,WIFI
A4:97:33:90:CC:0D,SpectrumSetup-0F,[WPA2_PSK],2025-3-26 21:58:55,6,-94,34.0427856,-117.1926346,382.80,1.75,WIFI
DE:C2:C9:49:FE:FE,DIRECT-rgFE-G600series,[WPA2_PSK],2025-3-26 21:58:55,6,-94,34.0427856,-117.1926346,382.80,1.75,WIFI
FC:12:63:7A:E3:D6,Verizon_L66ZGD,[WPA2_PSK],2025-3-26 21:59:0,11,-77,34.0431671,-117.1919327,383.20,1.75,WIFI
48:5D:36:48:24:0E,FiOS-84KGK,[WPA2_PSK],2025-3-26 21:59:0,11,-78,34.0431671,-117.1919327,383.20,1.75,WIFI
C8:63:FC:7D:4A:78,Frontier6992,[WPA2_PSK],2025-3-26 21:59:0,11,-83,34.0431671,-117.1919327,383.20,1.75,WIFI
AE:E2:D3:88:4D:48,DIRECT-48-HP ENVY Photo 7100,[WPA2_PSK],2025-3-26 21:59:0,11,-85,34.0431671,-117.1919327,383.20,1.75,WIFI
8C:61:A3:01:B9:5D,ThanosWasFramed,[WPA2_PSK],2025-3-26 21:59:2,1,-84,34.0433197,-117.1916580,382.90,1.75,WIFI
2A:F5:A2:29:F6:69,,[WPA2_PSK],2025-3-26 21:59:6,3,-72,34.0436325,-117.1910934,382.60,1.75,WIFI
24:F5:A2:29:F6:69,Kendall1,[WPA2_PSK],2025-3-26 21:59:6,3,-73,34.0436325,-117.1910934,382.60,1.75,WIFI
D6:E2:2F:14:E6:77,,[WPA2_PSK],2025-3-26 21:59:6,3,-82,34.0436325,-117.1910934,382.60,1.75,WIFI
4C:AB:F8:9F:1F:AD,SpectRed23,[WPA2_PSK],2025-3-26 21:59:9,6,-70,34.0438690,-117.1906738,382.40,1.75,WIFI
58:D9:D5:AE:D8:51,GoodStewards4,[WPA_WPA2_PSK],2025-3-26 21:59:9,6,-76,34.0438690,-117.1906738,382.40,1.75,WIFI
C0:36:53:2D:CE:84,,[WPA3_PSK],2025-3-26 21:59:9,6,-81,34.0438690,-117.1906738,382.40,1.75,WIFI
C0:36:53:2D:CE:88,,[OPEN],2025-3-26 21:59:9,6,-81,34.0438690,-117.1906738,382.40,1.75,WIFI
C0:36:53:2D:CE:86,NETGEAR128,[WPA2_PSK],2025-3-26 21:59:9,6,-81,34.0438690,-117.1906738,382.40,1.75,WIFI
C0:36:53:2D:CE:8C,NETGEAR128 Guest,[WPA2_PSK],2025-3-26 21:59:9,6,-81,34.0438690,-117.1906738,382.40,1.75,WIFI
00:26:B8:2F:26:3B,M88U1,[WPA_WPA2_PSK],2025-3-26 21:59:9,6,-81,34.0438690,-117.1906738,382.40,1.75,WIFI
08:33:ED:BF:1E:45,SpectrumSetup-47,[WPA2_PSK],2025-3-26 21:59:9,6,-93,34.0438690,-117.1906738,382.40,1.75,WIFI
4C:AB:F8:B7:95:AA,maks03,[WPA2_PSK],2025-3-26 21:59:9,6,-95,34.0438690,-117.1906738,382.40,1.75,WIFI
9C:0B:05:F7:4B:64,,[WPA3_PSK],2025-3-26 21:59:14,11,-72,34.0442429,-117.1899948,382.20,1.75,WIFI
9C:0B:05:F7:4B:6A,,[OPEN],2025-3-26 21:59:14,11,-72,34.0442429,-117.1899948,382.20,1.75,WIFI
9C:0B:05:F7:4B:67,blondie,[WPA2_PSK],2025-3-26 21:59:14,11,-76,34.0442429,-117.1899948,382.20,1.75,WIFI
A8:6E:84:8B:CB:4E,not_a_mimic,[WPA2_PSK],2025-3-26 21:59:14,11,-76,34.0442429,-117.1899948,382.20,1.75,WIFI
66:52:46:9C:94:97,,[WPA2_PSK],2025-3-26 21:59:14,11,-80,34.0442429,-117.1899948,382.20,1.75,WIFI
F4:52:46:9C:94:97,SpectrumSetup-949A,[WPA2_PSK],2025-3-26 21:59:14,11,-84,34.0442429,-117.1899948,382.20,1.75,WIFI
84:1E:A3:32:29:6E,SpectrumSetup-68,[WPA2_PSK],2025-3-26 21:59:17,1,-77,34.0444489,-117.1896133,382.30,1.75,WIFI
88:6A:E3:DE:7A:3A,tlde7a3a,[WPA2_PSK],2025-3-26 21:59:17,1,-89,34.0444489,-117.1896133,382.30,1.75,WIFI
88:DE:7C:C8:22:3D,SpectrumSetup-3F,[WPA2_PSK],2025-3-26 21:59:17,1,-90,34.0444489,-117.1896133,382.30,1.75,WIFI
E8:9F:80:12:23:A1,FiOS-IAM2O_Ext,[WPA2_PSK],2025-3-26 21:59:17,1,-96,34.0444489,-117.1896133,382.30,1.75,WIFI
14:59:C0:2E:FE:97,Jesus is Lord_EXT,[WPA2_PSK],2025-3-26 21:59:20,3,-79,34.0446472,-117.1892548,382.70,1.75,WIFI
54:07:7D:42:F9:DE,NETGEAR52,[WPA2_PSK],2025-3-26 21:59:22,5,-72,34.0447922,-117.1890030,382.90,1.75,WIFI
60:F4:19:3A:4A:A3,,[WPA3_PSK],2025-3-26 21:59:23,6,-73,34.0448723,-117.1888657,383.10,1.75,WIFI
60:F4:19:3A:4A:A6,Frontier2080,[WPA2_PSK],2025-3-26 21:59:23,6,-78,34.0448723,-117.1888657,383.10,1.75,WIFI
08:F0:1E:E7:11:06,abrahamfamily,[WPA2_PSK],2025-3-26 21:59:23,6,-85,34.0448723,-117.1888657,383.10,1.75,WIFI
08:F0:1E:E7:11:09,,[OPEN],2025-3-26 21:59:23,6,-86,34.0448723,-117.1888657,383.10,1.75,WIFI
A0:89:66:94:F8:E0,,[WPA_WPA2_PSK],2025-3-26 21:59:23,6,-86,34.0448723,-117.1888657,383.10,1.75,WIFI
08:F0:1E:E7:11:03,,[WPA3_PSK],2025-3-26 21:59:23,6,-87,34.0448723,-117.1888657,383.10,1.75,WIFI
A0:40:A0:99:55:BC,ARLO_VMB_1599435735,[WPA2_PSK],2025-3-26 21:59:23,6,-88,34.0448723,-117.1888657,383.10,1.75,WIFI
90:9D:7D:46:80:10,Mi Wi-Fi 2.4,[WPA2_PSK],2025-3-26 21:59:23,6,-88,34.0448723,-117.1888657,383.10,1.75,WIFI
76:AC:B9:20:94:1E,,[WPA2_PSK],2025-3-26 21:59:23,6,-89,34.0448723,-117.1888657,383.10,1.75,WIFI
34:08:E1:21:93:94,ENVOY_029417,[OPEN],2025-3-26 21:59:24,7,-87,34.0449486,-117.1887207,383.30,1.75,WIFI
62:06:C3:C7:51:E0,Zurch,[WPA2_PSK],2025-3-26 21:59:27,10,-85,34.0451775,-117.1883011,384.40,1.75,WIFI
DC:69:B5:58:FB:4F,NachoWifi Guest,[WPA2_PSK],2025-3-26 21:59:28,11,-71,34.0452538,-117.1881714,384.80,1.75,WIFI
DC:69:B5:58:FB:46,NachoWifi,[WPA2_PSK],2025-3-26 21:59:28,11,-72,34.0452538,-117.1881714,384.80,1.75,WIFI
DC:69:B5:58:FB:43,,[WPA3_PSK],2025-3-26 21:59:28,11,-72,34.0452538,-117.1881714,384.80,1.75,WIFI
DC:69:B5:58:FB:49,,[OPEN],2025-3-26 21:59:28,11,-72,34.0452538,-117.1881714,384.80,1.75,WIFI
60:F4:19:17:2A:43,,[WPA3_PSK],2025-3-26 21:59:28,11,-77,34.0452538,-117.1881714,384.80,1.75,WIFI
60:F4:19:17:2A:49,,[OPEN],2025-3-26 21:59:28,11,-78,34.0452538,-117.1881714,384.80,1.75,WIFI
60:F4:19:17:2A:46,NachoWifi,[WPA2_PSK],2025-3-26 21:59:28,11,-78,34.0452538,-117.1881714,384.80,1.75,WIFI
60:F4:19:17:2A:4F,NachoWifi Guest,[WPA2_PSK],2025-3-26 21:59:28,11,-79,34.0452538,-117.1881714,384.80,1.75,WIFI
DC:69:B5:79:A5:06,NachoWifi,[WPA2_PSK],2025-3-26 21:59:28,11,-80,34.0452538,-117.1881714,384.80,1.75,WIFI
DC:69:B5:79:A5:0F,NachoWifi Guest,[WPA2_PSK],2025-3-26 21:59:28,11,-81,34.0452538,-117.1881714,384.80,1.75,WIFI
50:27:A9:FB:71:25,Maxine ,[WPA2_PSK],2025-3-26 21:59:28,11,-86,34.0452538,-117.1881714,384.80,1.75,WIFI
34:53:D2:F1:41:90,WolfPack,[WPA2_PSK],2025-3-26 21:59:28,11,-89,34.0452538,-117.1881714,384.80,1.75,WIFI
F0:7B:65:C4:7C:87,SpectrumSetup-7C81,[WPA2_PSK],2025-3-26 21:59:32,1,-82,34.0455627,-117.1875992,385.10,1.75,WIFI
F4:05:95:AD:D7:41,Spec-3B,[WPA2_PSK],2025-3-26 21:59:32,1,-84,34.0455627,-117.1875992,385.10,1.75,WIFI
A4:11:62:A7:3B:FA,ARLO_VMB_7465348842,[WPA2_PSK],2025-3-26 21:59:32,1,-89,34.0455627,-117.1875992,385.10,1.75,WIFI
72:F7:54:E8:C1:01,SunPower08927,[WPA2_PSK],2025-3-26 21:59:32,1,-92,34.0455627,-117.1875992,385.10,1.75,WIFI
40:3F:8C:E6:FF:0E,Fern,[WPA2_PSK],2025-3-26 21:59:35,3,-76,34.0457916,-117.1871872,385.70,1.75,WIFI
40:3F:8C:E6:BD:22,Fern,[WPA2_PSK],2025-3-26 21:59:35,3,-82,34.0457916,-117.1871872,385.70,1.75,WIFI
46:3F:8C:E6:BD:22,,[WPA2_PSK],2025-3-26 21:59:35,3,-83,34.0457916,-117.1871872,385.70,1.75,WIFI
46:3F:8C:E6:FF:0E,,[WPA2_PSK],2025-3-26 21:59:35,3,-84,34.0457916,-117.1871872,385.70,1.75,WIFI
46:3F:8C:E7:29:AE,,[WPA2_PSK],2025-3-26 21:59:35,3,-89,34.0457916,-117.1871872,385.70,1.75,WIFI
40:3F:8C:E7:29:AE,Fern,[WPA2_PSK],2025-3-26 21:59:35,3,-92,34.0457916,-117.1871872,385.70,1.75,WIFI
28:EC:22:8F:6A:66,Frontier3088,[WPA2_PSK],2025-3-26 21:59:38,6,-84,34.0459976,-117.1868134,386.00,1.75,WIFI
28:EC:22:8F:6A:69,,[OPEN],2025-3-26 21:59:38,6,-85,34.0459976,-117.1868134,386.00,1.75,WIFI
84:70:D7:DB:A6:87,mommachina,[WPA2_PSK],2025-3-26 21:59:38,6,-86,34.0459976,-117.1868134,386.00,1.75,WIFI
28:EC:22:8E:17:A3,,[WPA3_PSK],2025-3-26 21:59:38,6,-87,34.0459976,-117.1868134,386.00,1.75,WIFI
28:EC:22:8E:17:A9,,[OPEN],2025-3-26 21:59:38,6,-87,34.0459976,-117.1868134,386.00,1.75,WIFI
28:EC:22:8E:17:A6,Frontier3088,[WPA2_PSK],2025-3-26 21:59:38,6,-87,34.0459976,-117.1868134,386.00,1.75,WIFI
1A:48:CA:94:E2:8C,My VW 9858,[WPA2_PSK],2025-3-26 21:59:38,6,-88,34.0459976,-117.1868134,386.00,1.75,WIFI
98:1E:19:61:F1:AE,Goe - 2.4 GHz,[WPA2_PSK],2025-3-26 21:59:38,6,-88,34.0459976,-117.1868134,386.00,1.75,WIFI
44:1C:A8:DE:E6:CA,AMBRIZ,[WPA2_PSK],2025-3-26 21:59:38,6,-92,34.0459976,-117.1868134,386.00,1.75,WIFI
60:83:E7:B0:F0:66,,[WPA_WPA2_PSK],2025-3-26 21:59:40,8,-90,34.0461006,-117.1866226,386.20,1.75,WIFI
62:83:E7:20:F0:66,martymcfly,[WPA2_PSK],2025-3-26 21:59:40,8,-94,34.0461006,-117.1866226,386.20,1.75,WIFI
A6:97:5C:B2:A5:D6,VTECH_5766_a5d6,[WPA2_PSK],2025-3-26 21:59:42,10,-77,34.0461731,-117.1864853,386.50,1.75,WIFI
D6:E2:2F:D6:A0:60,,[WPA2_PSK],2025-3-26 21:59:43,11,-73,34.0461922,-117.1864471,386.90,1.75,WIFI
74:37:5F:56:59:AF,SpectrumSetup-AD,[WPA2_PSK],2025-3-26 21:59:43,11,-75,34.0461922,-117.1864471,386.90,1.75,WIFI
14:C0:3E:EB:F5:98,Frontier7568,[WPA2_PSK],2025-3-26 21:59:43,11,-80,34.0461922,-117.1864471,386.90,1.75,WIFI
78:76:89:10:DE:24,,[WPA3_PSK],2025-3-26 21:59:43,11,-80,34.0461922,-117.1864471,386.90,1.75,WIFI
78:76:89:10:DE:2A,,[OPEN],2025-3-26 21:59:43,11,-81,34.0461922,-117.1864471,386.90,1.75,WIFI
20:23:51:91:D2:D1,TheTurtleWiFi_EXT,[WPA2_PSK],2025-3-26 21:59:43,11,-87,34.0461922,-117.1864471,386.90,1.75,WIFI
FA:1A:2B:1F:14:AC,LoriO337,[WPA2_PSK],2025-3-26 21:59:43,11,-89,34.0461922,-117.1864471,386.90,1.75,WIFI
28:EC:22:83:93:89,,[OPEN],2025-3-26 21:59:52,6,-76,34.0462341,-117.1863708,386.20,1.75,WIFI
28:EC:22:83:93:83,,[WPA3_PSK],2025-3-26 21:59:52,6,-77,34.0462341,-117.1863708,386.20,1.75,WIFI
28:EC:22:83:93:86,Frontier3088,[WPA2_PSK],2025-3-26 21:59:52,6,-78,34.0462341,-117.1863708,386.20,1.75,WIFI
88:67:46:92:B5:29,,[OPEN],2025-3-26 21:59:52,6,-81,34.0462341,-117.1863708,386.20,1.75,WIFI
88:67:46:92:B5:23,,[WPA3_PSK],2025-3-26 21:59:52,6,-82,34.0462341,-117.1863708,386.20,1.75,WIFI
88:67:46:92:B5:26,Vedder,[WPA2_PSK],2025-3-26 21:59:52,6,-83,34.0462341,-117.1863708,386.20,1.75,WIFI
E4:5E:1B:E9:AB:98,Ariashome,[WPA2_PSK],2025-3-26 21:59:52,6,-90,34.0462341,-117.1863708,386.20,1.75,WIFI
E6:5E:1B:E9:AB:98,LoriO337,[WPA2_PSK],2025-3-26 21:59:52,6,-93,34.0462341,-117.1863708,386.20,1.75,WIFI
48:5D:36:19:D3:38,FiOS-J6YWI,[WPA2_PSK],2025-3-26 21:59:57,11,-84,34.0462723,-117.1863022,386.20,1.75,WIFI
F0:7B:65:EB:E6:82,SpectrumSetup-E67C,[WPA2_PSK],2025-3-26 21:59:59,1,-79,34.0462761,-117.1863022,386.30,1.75,WIFI
A0:7F:8A:25:88:8C,SpectrumSetup-8886,[WPA2_PSK],2025-3-26 21:59:59,1,-87,34.0462761,-117.1863022,386.30,1.75,WIFI
22:48:6C:4F:C4:E3,,[WPA2_PSK],2025-3-26 21:59:59,1,-93,34.0462761,-117.1863022,386.30,1.75,WIFI
9C:A5:70:9B:83:E7,,[OPEN],2025-3-26 22:0:6,6,-73,34.0466232,-117.1856842,385.40,1.75,WIFI
9C:A5:70:9B:83:E3,,[WPA3_PSK],2025-3-26 22:0:6,6,-74,34.0466232,-117.1856842,385.40,1.75,WIFI
9C:A5:70:9B:83:E5,eero,[WPA2_PSK],2025-3-26 22:0:6,6,-75,34.0466232,-117.1856842,385.40,1.75,WIFI
88:67:46:93:8E:86,Vedder,[WPA2_PSK],2025-3-26 22:0:6,6,-78,34.0466232,-117.1856842,385.40,1.75,WIFI
88:67:46:93:8E:83,,[WPA3_PSK],2025-3-26 22:0:6,6,-79,34.0466232,-117.1856842,385.40,1.75,WIFI
88:67:46:93:8E:89,,[OPEN],2025-3-26 22:0:6,6,-79,34.0466232,-117.1856842,385.40,1.75,WIFI
AC:EC:85:81:74:64,Vedder,[WPA2_PSK],2025-3-26 22:0:6,6,-84,34.0466232,-117.1856842,385.40,1.75,WIFI
F0:B6:61:10:E6:04,,[WPA3_PSK],2025-3-26 22:0:6,6,-84,34.0466232,-117.1856842,385.40,1.75,WIFI
FC:DB:21:29:AA:49,Lifetime Solutions Hotspot,[WPA2_PSK],2025-3-26 22:0:6,6,-86,34.0466232,-117.1856842,385.40,1.75,WIFI
3C:28:6D:C3:33:A7,Ariashome,[WPA2_PSK],2025-3-26 22:0:6,6,-87,34.0466232,-117.1856842,385.40,1.75,WIFI
AC:EC:85:81:19:E2,,[WPA3_PSK],2025-3-26 22:0:6,6,-88,34.0466232,-117.1856842,385.40,1.75,WIFI
AC:EC:85:81:74:66,,[OPEN],2025-3-26 22:0:6,6,-88,34.0466232,-117.1856842,385.40,1.75,WIFI
AC:EC:85:81:74:62,,[WPA3_PSK],2025-3-26 22:0:6,6,-90,34.0466232,-117.1856842,385.40,1.75,WIFI
D2:40:D0:57:21:F3,ORBI55,[WPA2_PSK],2025-3-26 22:0:10,9,-81,34.0469246,-117.1851349,386.10,1.75,WIFI
DA:40:D0:57:21:F3,ORBI55-Guest,[WPA2_PSK],2025-3-26 22:0:10,9,-81,34.0469246,-117.1851349,386.10,1.75,WIFI
98:F7:81:DD:7D:88,Frontier0512 2.4G,[WPA2_PSK],2025-3-26 22:0:12,11,-80,34.0470848,-117.1848450,386.50,1.75,WIFI
30:F7:72:96:D5:63,RedRanch,[WPA2_PSK],2025-3-26 22:0:12,11,-83,34.0470848,-117.1848450,386.50,1.75,WIFI
88:B4:A6:F7:F9:9D,REDDMOTO2.4,[WPA2_PSK],2025-3-26 22:0:12,11,-85,34.0470848,-117.1848450,386.50,1.75,WIFI
A8:97:CD:C7:DA:D8,Frontier5024,[WPA2_PSK],2025-3-26 22:0:12,11,-87,34.0470848,-117.1848450,386.50,1.75,WIFI
24:94:CB:1C:05:B8,Frontier1056,[WPA2_PSK],2025-3-26 22:0:12,11,-88,34.0470848,-117.1848450,386.50,1.75,WIFI
FC:3F:DB:7A:9E:C3,DIRECT-C2-HP OfficeJet 4650,[WPA2_PSK],2025-3-26 22:0:12,11,-89,34.0470848,-117.1848450,386.50,1.75,WIFI
FC:3F:DB:23:A3:5C,HP-Print-5C-Officejet Pro 8620,[WPA2_PSK],2025-3-26 22:0:12,11,-89,34.0470848,-117.1848450,386.50,1.75,WIFI
82:5B:65:D9:08:6F,[LG_Oven]086f,[WPA2_PSK],2025-3-26 22:0:12,11,-93,34.0470848,-117.1848450,386.50,1.75,WIFI
AE:AE:19:DD:3C:9C,,[WPA2_PSK],2025-3-26 22:0:12,11,-94,34.0470848,-117.1848450,386.50,1.75,WIFI
08:7B:12:69:11:E8,SpectrumSetup-E2,[WPA2_PSK],2025-3-26 22:0:15,1,-70,34.0473213,-117.1844254,386.50,1.75,WIFI
80:CC:9C:35:4A:DD,SpectrumSetup-E2_2GEXT,[WPA2_PSK],2025-3-26 22:0:15,1,-85,34.0473213,-117.1844254,386.50,1.75,WIFI
9E:AE:D3:C0:FF:CF,DIRECT-D3C07FCF,[WPA2_PSK],2025-3-26 22:0:15,1,-89,34.0473213,-117.1844254,386.50,1.75,WIFI
F4:05:95:AF:FC:02,LCbungalow,[WPA2_PSK],2025-3-26 22:0:15,1,-97,34.0473213,-117.1844254,386.50,1.75,WIFI
68:FF:7B:4A:03:B7,Frontier3904_5G_2.4G,[WPA_WPA2_PSK],2025-3-26 22:0:17,2,-92,34.0474815,-117.1841278,386.60,1.75,WIFI
0E:36:C9:0F:06:A3,Alphonse!!,[WPA2_PSK],2025-3-26 22:0:18,3,-86,34.0475502,-117.1839905,386.70,1.75,WIFI
12:36:C9:0F:06:A3,,[WPA2_PSK],2025-3-26 22:0:18,3,-86,34.0475502,-117.1839905,386.70,1.75,WIFI
80:5B:65:CB:54:69,RESU_805B65CB5468,[WPA_WPA2_PSK],2025-3-26 22:0:18,3,-90,34.0475502,-117.1839905,386.70,1.75,WIFI
C8:9E:43:DC:F6:90,BIG HAPPY & HYGGE,[WPA2_PSK],2025-3-26 22:0:18,3,-95,34.0475502,-117.1839905,386.70,1.75,WIFI
B6:19:21:20:95:C4,,[WPA2_PSK],2025-3-26 22:0:19,4,-81,34.0476265,-117.1838531,386.80,1.75,WIFI
B0:19:21:20:95:C4,Phillipsphi,[WPA2_WPA3_PSK],2025-3-26 22:0:19,4,-82,34.0476265,-117.1838531,386.80,1.75,WIFI
14:91:82:AD:47:47,do_u_know_what_today_is?,[WPA2_PSK],2025-3-26 22:0:20,5,-79,34.0477028,-117.1837234,387.00,1.75,WIFI
40:A5:EF:E8:06:F9,do_u_know_what_today_is?-plus,[WPA2_PSK],2025-3-26 22:0:20,5,-80,34.0477028,-117.1837234,387.00,1.75,WIFI
1A:91:82:AD:47:47,do_u_know_what_today_is?-guest,[OPEN],2025-3-26 22:0:20,5,-84,34.0477028,-117.1837234,387.00,1.75,WIFI
9C:A5:70:2C:3A:65,McKevitt,[WPA2_PSK],2025-3-26 22:0:21,6,-73,34.0477753,-117.1835861,387.00,1.75,WIFI
9C:A5:70:2C:3A:63,,[WPA3_PSK],2025-3-26 22:0:21,6,-75,34.0477753,-117.1835861,387.00,1.75,WIFI
9C:A5:70:2C:3A:67,,[OPEN],2025-3-26 22:0:21,6,-75,34.0477753,-117.1835861,387.00,1.75,WIFI
64:C2:69:8C:C5:E5,McKevitt,[WPA2_PSK],2025-3-26 22:0:21,6,-78,34.0477753,-117.1835861,387.00,1.75,WIFI
48:DD:0C:A0:38:43,,[WPA3_PSK],2025-3-26 22:0:21,6,-82,34.0477753,-117.1835861,387.00,1.75,WIFI
48:DD:0C:A0:38:45,Nacho WiFi,[WPA2_PSK],2025-3-26 22:0:21,6,-82,34.0477753,-117.1835861,387.00,1.75,WIFI
00:D0:2D:D6:17:FA,NewThermostat_D617FA,[OPEN],2025-3-26 22:0:21,6,-83,34.0477753,-117.1835861,387.00,1.75,WIFI
50:27:A9:21:20:E3,,[WPA3_PSK],2025-3-26 22:0:21,6,-83,34.0477753,-117.1835861,387.00,1.75,WIFI
50:27:A9:21:20:E7,,[OPEN],2025-3-26 22:0:21,6,-83,34.0477753,-117.1835861,387.00,1.75,WIFI
50:27:A9:21:20:E5,Frontier1,[WPA2_PSK],2025-3-26 22:0:21,6,-83,34.0477753,-117.1835861,387.00,1.75,WIFI
50:27:A9:1E:F4:E3,,[WPA3_PSK],2025-3-26 22:0:21,6,-83,34.0477753,-117.1835861,387.00,1.75,WIFI
50:27:A9:1E:F4:E7,,[OPEN],2025-3-26 22:0:21,6,-83,34.0477753,-117.1835861,387.00,1.75,WIFI
C8:2E:18:EF:5C:79,popur_LB02K_5C79,[OPEN],2025-3-26 22:0:21,6,-83,34.0477753,-117.1835861,387.00,1.75,WIFI
50:27:A9:1E:F4:E5,Frontier1,[WPA2_PSK],2025-3-26 22:0:21,6,-84,34.0477753,-117.1835861,387.00,1.75,WIFI
48:DD:0C:A0:38:47,,[OPEN],2025-3-26 22:0:21,6,-84,34.0477753,-117.1835861,387.00,1.75,WIFI
B0:19:21:20:96:06,Phillipsphi,[WPA2_WPA3_PSK],2025-3-26 22:0:25,10,-79,34.0480652,-117.1830826,386.90,1.75,WIFI
B6:19:21:20:96:06,,[WPA2_PSK],2025-3-26 22:0:25,10,-82,34.0480652,-117.1830826,386.90,1.75,WIFI
C8:D3:FF:82:8B:62,DIRECT-61-HP OfficeJet Pro 8710,[WPA2_PSK],2025-3-26 22:0:25,10,-84,34.0480652,-117.1830826,386.90,1.75,WIFI
7C:78:B2:B3:1E:EB,wzap39524206,[WPA2_PSK],2025-3-26 22:0:26,11,-66,34.0481262,-117.1829605,387.10,1.75,WIFI
2C:67:BE:11:4D:50,Millennium Falcon,[WPA2_PSK],2025-3-26 22:0:26,11,-71,34.0481262,-117.1829605,387.10,1.75,WIFI
1A:74:2E:89:97:71,,[WPA2_PSK],2025-3-26 22:0:26,11,-74,34.0481262,-117.1829605,387.10,1.75,WIFI
9C:0B:05:52:05:C4,,[WPA3_PSK],2025-3-26 22:0:26,11,-86,34.0481262,-117.1829605,387.10,1.75,WIFI
00:C8:96:D1:07:22,,[WPA_WPA2_PSK],2025-3-26 22:0:26,11,-87,34.0481262,-117.1829605,387.10,1.75,WIFI
B2:0C:D1:AD:00:87,DIRECT-87-HP ENVY 5000 series,[WPA2_PSK],2025-3-26 22:0:26,11,-87,34.0481262,-117.1829605,387.10,1.75,WIFI
D4:A9:28:06:43:CA,Fireworks,[WPA2_PSK],2025-3-26 22:0:26,11,-88,34.0481262,-117.1829605,387.10,1.75,WIFI
C0:89:AB:52:00:C8,Frontier0624,[WPA2_PSK],2025-3-26 22:0:26,11,-88,34.0481262,-117.1829605,387.10,1.75,WIFI
9C:0B:05:52:05:CA,,[OPEN],2025-3-26 22:0:26,11,-88,34.0481262,-117.1829605,387.10,1.75,WIFI
00:13:EF:1A:AA:D4,WiFi Extender,[OPEN],2025-3-26 22:0:26,11,-89,34.0481262,-117.1829605,387.10,1.75,WIFI
3C:58:5D:59:6D:C6,Outatime49,[WPA2_WPA3_PSK],2025-3-26 22:0:29,1,-76,34.0482559,-117.1827316,387.40,1.75,WIFI
E8:D2:FF:C9:A0:F6,SpectrumSetup-F0,[WPA2_PSK],2025-3-26 22:0:29,1,-79,34.0482559,-117.1827316,387.40,1.75,WIFI
60:38:E0:DB:93:8E,.,[WPA_WPA2_PSK],2025-3-26 22:0:29,1,-92,34.0482559,-117.1827316,387.40,1.75,WIFI
C4:04:15:5B:14:8E,BIG HAPPY & HYGGE_EXT,[WPA2_PSK],2025-3-26 22:0:33,3,-84,34.0483055,-117.1826477,387.70,1.75,WIFI
06:31:92:42:5D:A2,,[WPA2_PSK],2025-3-26 22:0:33,3,-87,34.0483055,-117.1826477,387.70,1.75,WIFI
08:7B:12:5B:35:CC,SpectrumSetup-C6,[WPA2_PSK],2025-3-26 22:0:36,6,-85,34.0484200,-117.1824341,387.20,1.75,WIFI
A0:7F:8A:2F:21:CD,Nattys home,[WPA2_PSK],2025-3-26 22:0:36,6,-86,34.0484200,-117.1824341,387.20,1.75,WIFI
18:1B:EB:8D:89:F1,6MC5H,[WPA2_PSK],2025-3-26 22:0:36,6,-88,34.0484200,-117.1824341,387.20,1.75,WIFI
F4:30:B9:BE:28:CF,DIRECT-CE-HP OfficeJet 6950,[WPA2_PSK],2025-3-26 22:0:36,6,-97,34.0484200,-117.1824341,387.20,1.75,WIFI
10:7C:61:50:E1:E0,Crypthantha Roosiorum,[WPA2_PSK],2025-3-26 22:0:40,10,-93,34.0486794,-117.1819611,387.40,1.75,WIFI
D2:7C:61:50:E1:E1,Chrypthana,[WPA_WPA2_PSK],2025-3-26 22:0:40,10,-93,34.0486794,-117.1819611,387.40,1.75,WIFI
9C:0B:05:52:05:C7,FiOS-OI4I9,[WPA2_PSK],2025-3-26 22:0:41,11,-71,34.0487595,-117.1818161,387.40,1.75,WIFI
F0:B6:61:BE:AF:CA,,[OPEN],2025-3-26 22:0:41,11,-74,34.0487595,-117.1818161,387.40,1.75,WIFI
F0:B6:61:BE:AF:C7,Falksters,[WPA2_PSK],2025-3-26 22:0:41,11,-74,34.0487595,-117.1818161,387.40,1.75,WIFI
0C:AE:7D:A2:FF:9D,,[WPA2_PSK],2025-3-26 22:0:41,11,-78,34.0487595,-117.1818161,387.40,1.75,WIFI
88:EF:16:EF:2C:F8,Frontier4640,[WPA2_PSK],2025-3-26 22:0:41,11,-80,34.0487595,-117.1818161,387.40,1.75,WIFI
9C:0B:05:65:43:C4,,[WPA3_PSK],2025-3-26 22:0:41,11,-82,34.0487595,-117.1818161,387.40,1.75,WIFI
9C:0B:05:65:43:CA,,[OPEN],2025-3-26 22:0:41,11,-83,34.0487595,-117.1818161,387.40,1.75,WIFI
9C:0B:05:65:43:C7,FiOS-OI4I9,[WPA2_PSK],2025-3-26 22:0:41,11,-84,34.0487595,-117.1818161,387.40,1.75,WIFI
A0:55:1F:17:69:61,Krusty Krushers,[WPA2_PSK],2025-3-26 22:0:41,11,-85,34.0487595,-117.1818161,387.40,1.75,WIFI
B0:BB:E5:32:42:1E,SpectrumSetup-18,[WPA2_PSK],2025-3-26 22:0:41,11,-95,34.0487595,-117.1818161,387.40,1.75,WIFI
94:91:7F:3A:F9:4D,generic2,[WPA2_PSK],2025-3-26 22:0:44,1,-80,34.0490112,-117.1813583,387.60,1.75,WIFI
94:3C:96:F6:21:E6,Frontier1755,[WPA2_PSK],2025-3-26 22:0:44,1,-89,34.0490112,-117.1813583,387.60,1.75,WIFI
E2:98:06:07:2E:66,SmartLife-2E66,[OPEN],2025-3-26 22:0:44,1,-92,34.0490112,-117.1813583,387.60,1.75,WIFI
F0:A7:31:96:5B:E2,FitzNet,[WPA2_PSK],2025-3-26 22:0:48,4,-88,34.0493584,-117.1807327,388.40,1.75,WIFI
F2:A7:31:26:5B:E2,,[WPA2_PSK],2025-3-26 22:0:48,4,-88,34.0493584,-117.1807327,388.40,1.75,WIFI
3C:28:6D:B4:56:8E,Frontier0992,[WPA2_PSK],2025-3-26 22:0:50,6,-82,34.0495377,-117.1804123,388.50,1.75,WIFI
3C:28:6D:AD:CB:A2,Frontier0992,[WPA2_PSK],2025-3-26 22:0:50,6,-84,34.0495377,-117.1804123,388.50,1.75,WIFI
F8:BB:BF:99:9B:99,EERO B3 Guest,[WPA2_WPA3_PSK],2025-3-26 22:0:50,6,-86,34.0495377,-117.1804123,388.50,1.75,WIFI
F8:BB:BF:99:9B:95,,[OPEN],2025-3-26 22:0:50,6,-87,34.0495377,-117.1804123,388.50,1.75,WIFI
3C:5C:F1:8A:1E:E4,EERO B3,[WPA2_WPA3_PSK],2025-3-26 22:0:50,6,-90,34.0495377,-117.1804123,388.50,1.75,WIFI
4C:AB:F8:4A:1C:A1,SpectrumSetup-A3,[WPA2_PSK],2025-3-26 22:0:50,6,-90,34.0495377,-117.1804123,388.50,1.75,WIFI
F8:BB:BF:99:9B:93,EERO B3,[WPA2_WPA3_PSK],2025-3-26 22:0:50,6,-90,34.0495377,-117.1804123,388.50,1.75,WIFI
04:79:B7:FE:DA:14,,[WPA2_PSK],2025-3-26 22:0:50,6,-94,34.0495377,-117.1804123,388.50,1.75,WIFI
7A:DA:88:96:E4:6E,GreatHall,[WPA_WPA2_PSK],2025-3-26 22:0:52,8,-84,34.0497055,-117.1801071,388.80,1.75,WIFI
7E:DA:88:96:E4:6E,,[WPA2_PSK],2025-3-26 22:0:52,8,-84,34.0497055,-117.1801071,388.80,1.75,WIFI
CE:22:E5:29:30:AB,TrinityChurch,[WPA_WPA2_PSK],2025-3-26 22:0:52,8,-87,34.0497055,-117.1801071,388.80,1.75,WIFI
74:DA:88:96:E4:6E,TrinityChurch,[WPA_WPA2_PSK],2025-3-26 22:0:52,8,-89,34.0497055,-117.1801071,388.80,1.75,WIFI
7A:DA:88:96:E3:AA,GreatHall,[WPA_WPA2_PSK],2025-3-26 22:0:52,8,-90,34.0497055,-117.1801071,388.80,1.75,WIFI
7A:DA:88:E4:5E:D6,GreatHall,[WPA_WPA2_PSK],2025-3-26 22:0:52,8,-91,34.0497055,-117.1801071,388.80,1.75,WIFI
CE:42:E5:29:30:AB,GreatHall,[WPA_WPA2_PSK],2025-3-26 22:0:52,8,-91,34.0497055,-117.1801071,388.80,1.75,WIFI
E0:46:EE:32:F0:80,NakedNeighbors,[WPA2_PSK],2025-3-26 22:0:52,9,-70,34.0497055,-117.1801071,388.80,1.75,WIFI
7A:CD:D6:C0:91:A9,Bestill-Guest,[WPA2_PSK],2025-3-26 22:0:54,10,-86,34.0498772,-117.1798019,389.00,1.75,WIFI
72:CD:D6:C0:91:A9,Bestill,[WPA2_PSK],2025-3-26 22:0:54,10,-87,34.0498772,-117.1798019,389.00,1.75,WIFI
A4:9B:CD:ED:73:83,,[WPA2],2025-3-26 22:0:55,11,-74,34.0499611,-117.1796494,389.20,1.75,WIFI
A4:9B:CD:ED:73:85,,[WPA2],2025-3-26 22:0:55,11,-74,34.0499611,-117.1796494,389.20,1.75,WIFI
A4:9B:CD:ED:73:86,WLANs01,[WPA2_PSK],2025-3-26 22:0:55,11,-74,34.0499611,-117.1796494,389.20,1.75,WIFI
A4:9B:CD:ED:73:87,Guest-access,[OPEN],2025-3-26 22:0:55,11,-74,34.0499611,-117.1796494,389.20,1.75,WIFI
A4:9B:CD:ED:73:82,,[WPA2],2025-3-26 22:0:55,11,-75,34.0499611,-117.1796494,389.20,1.75,WIFI
22:3E:A4:0A:1D:75,,[WPA2_PSK],2025-3-26 22:0:55,11,-86,34.0499611,-117.1796494,389.20,1.75,WIFI
70:3A:CB:09:B2:1E,redpod1,[WPA2_PSK],2025-3-26 22:0:55,11,-91,34.0499611,-117.1796494,389.20,1.75,WIFI
34:53:D2:B6:1F:12,Nostromo,[WPA2_PSK],2025-3-26 22:0:55,11,-95,34.0499611,-117.1796494,389.20,1.75,WIFI
F4:52:46:D9:BB:30,SpectrumSetup-BB33,[WPA2_PSK],2025-3-26 22:0:58,1,-79,34.0502090,-117.1792450,389.60,1.75,WIFI
2C:EA:DC:A3:DF:3E,Verizon_L43PC4,[WPA2_PSK],2025-3-26 22:0:58,1,-80,34.0502090,-117.1792450,389.60,1.75,WIFI
A4:9B:CD:EC:95:C2,,[WPA2],2025-3-26 22:0:58,1,-83,34.0502090,-117.1792450,389.60,1.75,WIFI
A4:9B:CD:EC:95:C3,,[WPA2],2025-3-26 22:0:58,1,-84,34.0502090,-117.1792450,389.60,1.75,WIFI
A4:9B:CD:EC:95:C5,,[WPA2],2025-3-26 22:0:58,1,-84,34.0502090,-117.1792450,389.60,1.75,WIFI
A4:9B:CD:EC:95:C6,WLANs01,[WPA2_PSK],2025-3-26 22:0:58,1,-85,34.0502090,-117.1792450,389.60,1.75,WIFI
14:C0:3E:ED:E0:F8,Frontier3360,[WPA2_PSK],2025-3-26 22:0:58,1,-88,34.0502090,-117.1792450,389.60,1.75,WIFI
CC:40:D0:0F:75:7C,NETGEAR,[OPEN],2025-3-26 22:1:1,3,-73,34.0503426,-117.1790161,390.10,1.75,WIFI
34:98:B5:C8:AB:E4,ferngully,[WPA2_PSK],2025-3-26 22:1:3,5,-89,34.0504417,-117.1789627,389.90,1.75,WIFI
2C:EA:DC:BC:D6:D3,AnA Home,[WPA2_PSK],2025-3-26 22:1:4,6,-76,34.0505066,-117.1789703,389.60,1.75,WIFI
74:B6:B6:50:8D:C7,,[OPEN],2025-3-26 22:1:4,6,-85,34.0505066,-117.1789703,389.60,1.75,WIFI
74:B6:B6:50:8D:C3,,[WPA3_PSK],2025-3-26 22:1:4,6,-85,34.0505066,-117.1789703,389.60,1.75,WIFI
74:B6:B6:50:8D:C5,Dentist1,[WPA2_PSK],2025-3-26 22:1:4,6,-85,34.0505066,-117.1789703,389.60,1.75,WIFI
D8:33:B7:D7:4A:91,Frontier1661,[WPA2_PSK],2025-3-26 22:1:4,6,-87,34.0505066,-117.1789703,389.60,1.75,WIFI
FA:8F:CA:71:3A:D0,Conference TV.v_,[OPEN],2025-3-26 22:1:4,6,-89,34.0505066,-117.1789703,389.60,1.75,WIFI
C4:EB:39:7B:53:91,Frontier1661,[WPA2_PSK],2025-3-26 22:1:4,6,-91,34.0505066,-117.1789703,389.60,1.75,WIFI
44:D4:53:7C:8D:56,SpectrumSetup-50,[WPA2_PSK],2025-3-26 22:1:4,6,-91,34.0505066,-117.1789703,389.60,1.75,WIFI
30:60:0A:25:3B:B4,,[WPA_WPA2_PSK],2025-3-26 22:1:4,6,-92,34.0505066,-117.1789703,389.60,1.75,WIFI
6C:CD:D6:C7:24:7E,,[WPA2_PSK],2025-3-26 22:1:6,8,-93,34.0506554,-117.1790771,388.80,1.75,WIFI
72:CD:D6:C7:24:7E,ORBI38,[WPA2_PSK],2025-3-26 22:1:6,8,-93,34.0506554,-117.1790771,388.80,1.75,WIFI
80:CC:9C:3E:9B:71,VIGILANS,[WPA2_PSK],2025-3-26 22:1:7,9,-88,34.0507431,-117.1791611,388.20,1.75,WIFI
34:68:95:FA:74:C1,MONEY,[WPA2_PSK],2025-3-26 22:1:9,11,-79,34.0509605,-117.1793289,386.90,1.75,WIFI
02:22:F2:09:0E:AB,SunPower19524,[WPA2_PSK],2025-3-26 22:1:9,11,-81,34.0509605,-117.1793289,386.90,1.75,WIFI
F0:B6:61:AA:DA:A4,,[WPA3_PSK],2025-3-26 22:1:9,11,-83,34.0509605,-117.1793289,386.90,1.75,WIFI
F0:B6:61:AA:DA:A7,Aohdan,[WPA2_PSK],2025-3-26 22:1:9,11,-84,34.0509605,-117.1793289,386.90,1.75,WIFI
F0:B6:61:AA:DA:AA,,[OPEN],2025-3-26 22:1:9,11,-86,34.0509605,-117.1793289,386.90,1.75,WIFI
A8:11:FC:B8:B1:58,Frontier2848,[WPA2_PSK],2025-3-26 22:1:9,11,-87,34.0509605,-117.1793289,386.90,1.75,WIFI
8E:49:62:D7:27:DF,,[WPA2_PSK],2025-3-26 22:1:12,1,-68,34.0513077,-117.1796112,385.80,1.75,WIFI
E8:D2:FF:B2:A7:5E,SpectrumSetup-58,[WPA2_PSK],2025-3-26 22:1:12,1,-71,34.0513077,-117.1796112,385.80,1.75,WIFI
60:F4:19:59:BB:E9,,[OPEN],2025-3-26 22:1:12,1,-73,34.0513077,-117.1796112,385.80,1.75,WIFI
60:F4:19:59:BB:E6,Sabs,[WPA2_PSK],2025-3-26 22:1:12,1,-73,34.0513077,-117.1796112,385.80,1.75,WIFI
60:F4:19:59:BB:E3,,[WPA3_PSK],2025-3-26 22:1:12,1,-74,34.0513077,-117.1796112,385.80,1.75,WIFI
F4:05:95:D6:FB:F6,valerieceleryy,[WPA2_PSK],2025-3-26 22:1:12,1,-75,34.0513077,-117.1796112,385.80,1.75,WIFI
40:2B:50:89:90:08,Frontier3968,[WPA2_PSK],2025-3-26 22:1:12,1,-82,34.0513077,-117.1796112,385.80,1.75,WIFI
2C:00:AB:A8:87:28,Frontier0720,[WPA2_PSK],2025-3-26 22:1:12,1,-88,34.0513077,-117.1796112,385.80,1.75,WIFI
A0:55:1F:15:B6:F2,SpectrumSetup-B6EC,[WPA2_PSK],2025-3-26 22:1:12,1,-90,34.0513077,-117.1796112,385.80,1.75,WIFI
7C:10:C9:65:AB:90,gravyrobbers,[WPA2_PSK],2025-3-26 22:1:12,2,-72,34.0513077,-117.1796112,385.80,1.75,WIFI
C4:04:15:1E:15:0F,TheMissionRedlands,[WPA2_PSK],2025-3-26 22:1:15,3,-73,34.0516472,-117.1798706,385.50,1.75,WIFI
10:0C:6B:16:A8:8B,JD22,[WPA2_PSK],2025-3-26 22:1:15,3,-85,34.0516472,-117.1798706,385.50,1.75,WIFI
AE:DF:9F:7C:1D:16,,[WPA2_WPA3_PSK],2025-3-26 22:1:16,4,-59,34.0517502,-117.1799545,385.10,1.75,WIFI
86:25:4A:65:8A:25,rockys castle ,[WPA2_PSK],2025-3-26 22:1:16,4,-83,34.0517502,-117.1799545,385.10,1.75,WIFI
86:25:4A:65:8A:24,,[WPA2_PSK],2025-3-26 22:1:16,4,-87,34.0517502,-117.1799545,385.10,1.75,WIFI
AC:DF:9F:4F:5A:BE,Violet,[WPA2_WPA3_PSK],2025-3-26 22:1:17,5,-78,34.0518494,-117.1800308,384.80,1.75,WIFI
C8:C6:FE:26:14:06,Lil Wills,[WPA2_PSK],2025-3-26 22:1:18,6,-58,34.0519447,-117.1801071,384.20,1.75,WIFI
C8:C6:FE:26:14:03,,[WPA3_PSK],2025-3-26 22:1:18,6,-63,34.0519447,-117.1801071,384.20,1.75,WIFI
C8:C6:FE:26:14:09,,[OPEN],2025-3-26 22:1:18,6,-63,34.0519447,-117.1801071,384.20,1.75,WIFI
4C:19:5D:92:F9:43,SpectrumSetup-3D,[WPA2_PSK],2025-3-26 22:1:18,6,-74,34.0519447,-117.1801071,384.20,1.75,WIFI
3C:52:82:1F:FF:B7,DIRECT-B6-HP ENVY 7640 series,[WPA2_PSK],2025-3-26 22:1:18,6,-83,34.0519447,-117.1801071,384.20,1.75,WIFI
4C:19:5D:08:C8:7A,Lotus and Chivo,[WPA2_PSK],2025-3-26 22:1:18,6,-84,34.0519447,-117.1801071,384.20,1.75,WIFI
C2:4C:77:EE:F8:AA,SpectrumSetup-A9,[WPA2_PSK],2025-3-26 22:1:18,6,-85,34.0519447,-117.1801071,384.20,1.75,WIFI
86:15:44:A8:37:C1,,[WPA2],2025-3-26 22:1:18,6,-88,34.0519447,-117.1801071,384.20,1.75,WIFI
5C:18:DD:F0:AE:73,,[WPA_WPA2_PSK],2025-3-26 22:1:20,8,-87,34.0521049,-117.1802292,383.60,1.75,WIFI
38:94:ED:58:1D:17,Primemill,[WPA2_PSK],2025-3-26 22:1:22,10,-67,34.0522346,-117.1803360,383.60,1.75,WIFI
3E:94:ED:69:57:9C,Primemill,[WPA2_PSK],2025-3-26 22:1:22,10,-74,34.0522346,-117.1803360,383.60,1.75,WIFI
3E:94:ED:69:56:D4,Primemill,[WPA2_PSK],2025-3-26 22:1:22,10,-77,34.0522346,-117.1803360,383.60,1.75,WIFI
38:94:ED:69:56:D4,,[WPA2_PSK],2025-3-26 22:1:22,10,-80,34.0522346,-117.1803360,383.60,1.75,WIFI
38:94:ED:69:57:9C,,[WPA2_PSK],2025-3-26 22:1:22,10,-81,34.0522346,-117.1803360,383.60,1.75,WIFI
88:15:44:A8:3B:D5,,[WPA_WPA2_PSK],2025-3-26 22:1:23,11,-70,34.0522881,-117.1803741,383.40,1.75,WIFI
8E:15:44:A8:3B:D5,,[WPA2],2025-3-26 22:1:23,11,-71,34.0522881,-117.1803741,383.40,1.75,WIFI
82:15:44:A8:3B:D5,EPIC-GUEST,[OPEN],2025-3-26 22:1:23,11,-71,34.0522881,-117.1803741,383.40,1.75,WIFI
86:15:44:A8:3B:D5,,[WPA2],2025-3-26 22:1:23,11,-72,34.0522881,-117.1803741,383.40,1.75,WIFI
B6:15:44:A8:3B:D5,,[WPA2],2025-3-26 22:1:23,11,-72,34.0522881,-117.1803741,383.40,1.75,WIFI
86:15:44:A8:3C:42,,[WPA2],2025-3-26 22:1:23,11,-79,34.0522881,-117.1803741,383.40,1.75,WIFI
B6:15:44:A8:3C:0A,,[WPA2],2025-3-26 22:1:23,11,-87,34.0522881,-117.1803741,383.40,1.75,WIFI
D0:6D:C9:36:DE:76,Frontier0467,[WPA2_PSK],2025-3-26 22:1:23,11,-89,34.0522881,-117.1803741,383.40,1.75,WIFI
86:15:44:A8:3C:0A,,[WPA2],2025-3-26 22:1:23,11,-89,34.0522881,-117.1803741,383.40,1.75,WIFI
18:1B:EB:46:49:49,76WJ8,[WPA2_PSK],2025-3-26 22:1:24,1,-88,34.0523376,-117.1804047,383.20,1.75,WIFI
8A:15:04:F9:25:1F,,[WEP],2025-3-26 22:1:24,1,-91,34.0523376,-117.1804047,383.20,1.75,WIFI
9C:3D:CF:1F:0B:A6,ARLO_VMB_1741448156,[WPA2_PSK],2025-3-26 22:1:29,3,-87,34.0525131,-117.1805420,383.00,1.75,WIFI
6A:62:8B:42:B8:C8,Paulson Ortho_MLO,[WPA3_PSK],2025-3-26 22:1:30,4,-84,34.0525475,-117.1805725,382.90,1.75,WIFI
62:62:8B:42:B2:68,Paulson Ortho-guest,[WPA2_PSK],2025-3-26 22:1:32,6,-68,34.0526314,-117.1806412,382.90,1.75,WIFI
5C:62:8B:42:B2:68,Paulson Ortho,[WPA2_PSK],2025-3-26 22:1:32,6,-70,34.0526314,-117.1806412,382.90,1.75,WIFI
6A:62:8B:42:B2:68,Paulson Ortho_MLO,[WPA3_PSK],2025-3-26 22:1:32,6,-72,34.0526314,-117.1806412,382.90,1.75,WIFI
88:15:44:A8:37:C1,,[WPA_WPA2_PSK],2025-3-26 22:1:32,6,-78,34.0526314,-117.1806412,382.90,1.75,WIFI
8E:15:44:A8:37:C1,,[WPA2],2025-3-26 22:1:32,6,-80,34.0526314,-117.1806412,382.90,1.75,WIFI
82:15:44:A8:37:C1,EPIC-GUEST,[OPEN],2025-3-26 22:1:32,6,-80,34.0526314,-117.1806412,382.90,1.75,WIFI
B6:15:44:A8:37:C1,,[WPA2],2025-3-26 22:1:32,6,-81,34.0526314,-117.1806412,382.90,1.75,WIFI
84:1B:5E:D4:0A:B5,Cajon RX 2g,[WPA2_PSK],2025-3-26 22:1:32,6,-86,34.0526314,-117.1806412,382.90,1.75,WIFI
6C:AE:F6:3E:DC:E6,FBCR_Sanctuary,[WPA2_PSK],2025-3-26 22:1:37,11,-76,34.0528183,-117.1807632,382.30,1.75,WIFI
0E:EC:DA:BA:45:FA,,[WPA2_PSK],2025-3-26 22:1:37,11,-80,34.0528183,-117.1807632,382.30,1.75,WIFI
FE:EC:DA:BA:45:FA,WANG GUEST,[WPA2_PSK],2025-3-26 22:1:37,11,-82,34.0528183,-117.1807632,382.30,1.75,WIFI
FC:EC:DA:BA:45:FA,WANGDDS,[WPA2_PSK],2025-3-26 22:1:37,11,-82,34.0528183,-117.1807632,382.30,1.75,WIFI
7E:8A:20:87:58:69,CajonSt,[WPA2_PSK],2025-3-26 22:1:37,11,-83,34.0528183,-117.1807632,382.30,1.75,WIFI
86:2A:A8:D7:E7:E3,CajonSt,[WPA2_PSK],2025-3-26 22:1:39,1,-78,34.0528526,-117.1807861,382.20,1.75,WIFI
80:2A:A8:D7:E7:E3,WBnet,[WPA2_PSK],2025-3-26 22:1:39,1,-79,34.0528526,-117.1807861,382.20,1.75,WIFI
38:94:ED:84:A2:DC,Amped_Network_2GEXT,[WPA_WPA2_PSK],2025-3-26 22:1:39,1,-85,34.0528526,-117.1807861,382.20,1.75,WIFI
62:62:8B:42:B8:C8,Paulson Ortho-guest,[WPA2_PSK],2025-3-26 22:1:44,4,-71,34.0528717,-117.1807938,381.90,1.75,WIFI
66:62:8B:42:B8:C8,,[WPA2_PSK],2025-3-26 22:1:44,4,-72,34.0528717,-117.1807938,381.90,1.75,WIFI
5C:62:8B:42:B8:C8,Paulson Ortho,[WPA2_PSK],2025-3-26 22:1:44,4,-74,34.0528717,-117.1807938,381.90,1.75,WIFI
66:62:8B:42:B2:68,,[WPA2_PSK],2025-3-26 22:1:46,6,-60,34.0528717,-117.1807938,381.80,1.75,WIFI
62:62:8B:42:B1:30,Paulson Ortho-guest,[WPA2_PSK],2025-3-26 22:1:50,10,-89,34.0528717,-117.1807938,381.60,1.75,WIFI
78:29:ED:4E:0F:AD,MySpectrumWiFiAF-2G,[WPA2_PSK],2025-3-26 22:1:51,11,-77,34.0528717,-117.1807938,381.50,1.75,WIFI
78:8A:20:87:58:69,WBnet,[WPA2_PSK],2025-3-26 22:1:51,11,-83,34.0528717,-117.1807938,381.50,1.75,WIFI
8C:85:80:A5:49:53,,[WPA_WPA2_PSK],2025-3-26 22:1:56,2,-93,34.0528755,-117.1807938,381.40,1.75,WIFI
FA:8F:CA:3E:46:B3,Chromecast2909,[OPEN],2025-3-26 22:2:0,6,-83,34.0528793,-117.1807938,381.30,1.75,WIFI
C8:FE:0F:6A:9A:BE,DCHPT,[WPA2_PSK],2025-3-26 22:2:5,11,-84,34.0528793,-117.1807938,381.20,1.75,WIFI
00:7F:28:7D:CB:75,QQ2PF,[WPA2_PSK],2025-3-26 22:2:5,11,-88,34.0528793,-117.1807938,381.20,1.75,WIFI
B2:8B:A9:8A:0C:76,,[WPA2_PSK],2025-3-26 22:2:7,1,-83,34.0528793,-117.1807938,381.10,1.75,WIFI
22:AD:56:23:EB:B5,HotspotEBB5,[WPA_WPA2_PSK],2025-3-26 22:2:7,1,-85,34.0528793,-117.1807938,381.10,1.75,WIFI
74:37:5F:50:1C:7F,SpectrumSetup-7D,[WPA2_PSK],2025-3-26 22:2:7,1,-87,34.0528793,-117.1807938,381.10,1.75,WIFI
AC:8B:A9:8A:0C:76,PrettyFlyForAWiFi,[WPA2_PSK],2025-3-26 22:2:7,1,-88,34.0528793,-117.1807938,381.10,1.75,WIFI
A2:CD:F3:EB:42:64,My VW 1907,[WPA2_PSK],2025-3-26 22:2:14,6,-81,34.0528793,-117.1807938,381.00,1.75,WIFI
7C:DB:98:EB:44:EE,MySpectrumWiFiF0-2G,[WPA2_PSK],2025-3-26 22:2:14,6,-87,34.0528793,-117.1807938,381.00,1.75,WIFI
62:E6:F0:C1:71:00,myGMC 7100,[WPA2_PSK],2025-3-26 22:2:15,7,-78,34.0528831,-117.1807938,381.00,1.75,WIFI
F8:E4:FB:D0:22:DB,,[OPEN],2025-3-26 22:2:21,1,-86,34.0528831,-117.1807938,380.90,1.75,WIFI
74:37:5F:A8:0E:C3,CasitaACE,[WPA2_PSK],2025-3-26 22:2:21,1,-88,34.0528831,-117.1807938,380.90,1.75,WIFI
7E:A5:57:EB:D1:6B,Xperia XZ_336d,[WPA2_PSK],2025-3-26 22:2:28,6,-80,34.0528870,-117.1807938,380.80,1.75,WIFI
8E:15:44:A8:37:95,,[WPA2],2025-3-26 22:2:35,1,-92,34.0528870,-117.1807938,380.70,1.75,WIFI
B6:15:44:A8:37:95,,[WPA2],2025-3-26 22:2:35,1,-92,34.0528870,-117.1807938,380.70,1.75,WIFI
86:15:44:A8:37:95,,[WPA2],2025-3-26 22:2:35,1,-93,34.0528870,-117.1807938,380.70,1.75,WIFI
42:52:A1:90:5F:EE,Paulson Ortho-guest,[WPA2_PSK],2025-3-26 22:2:38,2,-86,34.0528870,-117.1807938,380.70,1.75,WIFI
46:52:A1:90:5F:EE,,[WPA2_PSK],2025-3-26 22:2:38,2,-86,34.0528870,-117.1807938,380.70,1.75,WIFI
3E:94:ED:58:1D:17,,[WPA2_PSK],2025-3-26 22:2:46,10,-80,34.0528870,-117.1807938,380.90,1.75,WIFI
5C:62:8B:42:B1:30,Paulson Ortho,[WPA2_PSK],2025-3-26 22:2:46,10,-83,34.0528870,-117.1807938,380.90,1.75,WIFI
4C:AB:F8:47:7A:0D,SpectrumSetup-0F,[WPA2_PSK],2025-3-26 22:2:56,6,-84,34.0528908,-117.1807938,380.90,1.75,WIFI
32:B4:B8:2B:75:B0,My VW 1580,[WPA2_PSK],2025-3-26 22:3:10,6,-67,34.0528908,-117.1807938,380.80,1.75,WIFI
14:7D:05:4E:1A:93,SpectrumSetup-80,[WPA2_PSK],2025-3-26 22:3:17,1,-89,34.0528908,-117.1807938,380.80,1.75,WIFI
FA:8F:CA:5A:A5:FF,Master bedroom speaker.l057_,[OPEN],2025-3-26 22:3:24,6,-90,34.0528908,-117.1807938,380.70,1.75,WIFI
8E:53:E6:04:B5:77,myChevrolet B577,[WPA2_PSK],2025-3-26 22:3:25,7,-81,34.0528908,-117.1807938,380.70,1.75,WIFI
4A:52:A1:90:5F:EE,Paulson Ortho_MLO,[WPA3_PSK],2025-3-26 22:3:34,2,-87,34.0528908,-117.1807938,380.60,1.75,WIFI
5C:DF:89:34:6A:08,SBDTeachers,[WPA2_PSK],2025-3-26 22:3:46,1,-86,34.0528908,-117.1807938,380.70,1.75,WIFI
00:54:AF:5F:2F:F3,Hotspot2FF3,[WPA_WPA2_PSK],2025-3-26 22:3:50,4,-62,34.0528908,-117.1807938,380.70,1.75,WIFI
6A:62:8B:42:B1:30,Paulson Ortho_MLO,[WPA3_PSK],2025-3-26 22:3:56,10,-83,34.0528908,-117.1807938,380.60,1.75,WIFI
00:30:44:25:CC:CF,FEMS,[WPA2_PSK],2025-3-26 22:4:14,1,-86,34.0528908,-117.1807938,380.90,1.75,WIFI
5C:DF:89:74:6A:08,SBDStudents,[WPA2_PSK],2025-3-26 22:4:14,1,-86,34.0528908,-117.1807938,380.90,1.75,WIFI
3C:52:A1:90:5F:EE,Paulson Ortho,[WPA2_PSK],2025-3-26 22:4:45,2,-86,34.0528946,-117.1807938,380.90,1.75,WIFI
FA:6D:CC:CF:5F:EE,myChevrolet 5FEE,[WPA2_PSK],2025-3-26 22:4:50,7,-94,34.0528984,-117.1807938,380.90,1.75,WIFI
C6:9E:28:DA:FC:5F,,[WPA2],2025-3-26 22:4:54,11,-88,34.0528984,-117.1807938,380.90,1.75,WIFI
F2:9E:28:DA:FC:5F,Guest,[WPA2_PSK],2025-3-26 22:4:54,11,-89,34.0528984,-117.1807938,380.90,1.75,WIFI
88:15:44:A8:3C:0A,,[WPA_WPA2_PSK],2025-3-26 22:4:54,11,-89,34.0528984,-117.1807938,380.90,1.75,WIFI
82:15:44:A8:3C:0A,EPIC-GUEST,[OPEN],2025-3-26 22:4:54,11,-90,34.0528984,-117.1807938,380.90,1.75,WIFI
6C:CD:D6:E3:4E:96,AcesPlace,[WPA2_PSK],2025-3-26 22:5:0,3,-93,34.0528984,-117.1807938,380.90,1.75,WIFI
14:7D:05:4E:53:A7,CLM,[WPA2_PSK],2025-3-26 22:5:8,11,-92,34.0528984,-117.1807938,380.80,1.75,WIFI
6C:AE:F6:3E:DC:E3,,[WPA3_PSK],2025-3-26 22:5:22,11,-77,34.0528984,-117.1807938,380.80,1.75,WIFI
68:D7:9A:74:A7:00,WBnet,[WPA2_PSK],2025-3-26 22:5:31,6,-86,34.0529022,-117.1807938,380.70,1.75,WIFI
06:0E:3C:66:19:EF,DIRECT-EF-HP M479fdw Color LJ,[WPA2_PSK],2025-3-26 22:5:58,6,-93,34.0528984,-117.1807938,380.70,1.75,WIFI
5C:DF:89:74:68:38,SBDStudents,[WPA2_PSK],2025-3-26 22:6:12,6,-89,34.0528984,-117.1807938,380.80,1.75,WIFI
5C:DF:89:34:68:38,SBDTeachers,[WPA2_PSK],2025-3-26 22:6:12,6,-90,34.0528984,-117.1807938,380.80,1.75,WIFI
12:E8:A7:E4:65:5B,DIRECT-BMW 91355,[WPA2_PSK],2025-3-26 22:6:17,11,-75,34.0528984,-117.1807938,380.80,1.75,WIFI
6E:D7:9A:74:A7:00,CajonSt,[WPA2_PSK],2025-3-26 22:6:26,6,-88,34.0528984,-117.1807938,380.70,1.75,WIFI
6C:AE:F6:3E:DC:E9,,[OPEN],2025-3-26 22:6:31,11,-80,34.0528984,-117.1807938,380.80,1.75,WIFI
82:15:44:A8:37:95,EPIC-GUEST,[OPEN],2025-3-26 22:6:47,1,-90,34.0528984,-117.1807938,380.70,1.75,WIFI
50:7B:91:2F:C2:A1,70mai_M310_c2a1,[WPA_WPA2_PSK],2025-3-26 22:7:9,7,-68,34.0529022,-117.1807938,380.70,1.75,WIFI
66:62:8B:42:B1:30,,[WPA2_PSK],2025-3-26 22:7:40,10,-86,34.0529022,-117.1807938,380.70,1.75,WIFI
4C:AB:F8:E3:96:CB,SpectrumSetup-CD,[WPA2_PSK],2025-3-26 22:7:56,1,-90,34.0529022,-117.1807938,380.70,1.75,WIFI
F0:AB:54:EA:AE:24,bennygmc,[WPA2_PSK],2025-3-26 22:8:32,6,-68,34.0529022,-117.1808014,380.60,1.75,WIFI
CE:B6:13:A8:7E:A3,CHEVROLET1923,[WPA2_WPA3_PSK],2025-3-26 22:8:46,6,-73,34.0529022,-117.1808014,380.60,1.75,WIFI
3A:0F:EB:4F:68:A3,winks22,[WPA2_PSK],2025-3-26 22:8:54,1,-70,34.0529022,-117.1808014,380.60,1.75,WIFI
04:17:B6:0C:E5:5D,,[WPA_WPA2_PSK],2025-3-26 22:8:56,2,-94,34.0529022,-117.1808014,380.60,1.75,WIFI
FC:12:63:8F:09:55,Spectrum-76,[WPA2_PSK],2025-3-26 22:9:42,6,-88,34.0529099,-117.1807938,380.70,1.75,WIFI
86:25:4A:65:8A:26,rockys castle _Guest,[WPA2_PSK],2025-3-26 22:9:54,4,-88,34.0529099,-117.1808014,380.60,1.50,WIFI
32:B4:B8:31:BE:ED,My VW 2730,[WPA2_PSK],2025-3-26 22:9:56,6,-81,34.0529099,-117.1808014,380.60,1.50,WIFI
A0:7F:8A:24:B3:9F,SpectrumSetup-B399,[WPA2_PSK],2025-3-26 22:11:20,6,-87,34.0529099,-117.1808014,380.30,1.50,WIFI
F8:55:CD:EB:02:1F,HotspotGDvS,[WPA_WPA2_PSK],2025-3-26 22:11:34,6,-77,34.0529022,-117.1808014,380.30,1.50,WIFI
94:A3:CA:02:94:33,MetroPCS Broadband_54,[WPA2_PSK],2025-3-26 22:11:39,11,-80,34.0529022,-117.1808014,380.30,1.50,WIFI
00:54:AF:C6:FF:80,HotspotFF80,[WPA_WPA2_PSK],2025-3-26 22:12:14,4,-72,34.0529022,-117.1808014,380.30,1.50,WIFI
7A:CD:D6:C7:24:7E,ORBI38-IoT,[WPA2_PSK],2025-3-26 22:12:18,8,-90,34.0529022,-117.1808014,380.30,1.50,WIFI
CC:93:4A:83:D9:66,T-Mobile Broadband96,[WPA2_PSK],2025-3-26 22:13:25,6,-89,34.0529099,-117.1808014,380.30,1.50,WIFI
B2:00:73:29:CE:9B,Kmcook650,[WPA2_PSK],2025-3-26 22:13:46,1,-80,34.0529099,-117.1808014,380.30,1.50,WIFI
7E:AC:B9:C1:74:90,,[WPA2_PSK],2025-3-26 22:14:0,1,-95,34.0529099,-117.1808014,380.30,1.50,WIFI
F8:9E:28:DA:FC:5F,cutler,[WPA2_PSK],2025-3-26 22:14:12,11,-88,34.0529099,-117.1808014,380.30,1.50,WIFI
BC:82:5D:D5:17:2C,WiFi Hotspot 6731,[WPA2_PSK],2025-3-26 22:14:35,6,-79,34.0529099,-117.1808014,380.30,1.50,WIFI
BE:75:36:63:67:2F,myChevrolet,[WPA2_PSK],2025-3-26 22:15:40,1,-85,34.0529099,-117.1808014,380.00,1.50,WIFI
FA:8E:22:F5:D9:A7,Z iPhone,[WPA2_PSK],2025-3-26 22:16:42,6,-80,34.0529022,-117.1808090,379.90,1.50,WIFI
00:54:AF:EC:29:16,Hotspot2916,[WPA_WPA2_PSK],2025-3-26 22:17:41,9,-84,34.0529022,-117.1808014,379.80,1.50,WIFI
FA:38:69:8C:5B:F5,My VW 7097,[WPA2_PSK],2025-3-26 22:17:52,6,-76,34.0529022,-117.1808090,379.80,1.50,WIFI
5A:E4:03:1E:99:A7,myGMC 99A7,[WPA2_PSK],2025-3-26 22:17:53,7,-89,34.0529022,-117.1808090,379.80,1.50,WIFI
34:98:B5:67:88:0C,NETGEAR12,[WPA2_PSK],2025-3-26 22:18:19,5,-91,34.0529022,-117.1808090,379.70,1.50,WIFI
76:CD:D6:C7:24:7E,NETGEAR-Guest,[WPA2_PSK],2025-3-26 22:18:36,8,-93,34.0529022,-117.1808090,379.70,1.50,WIFI
66:FF:0A:93:50:96,CodyGMC,[WPA2_PSK],2025-3-26 22:18:39,11,-84,34.0529022,-117.1808090,379.70,1.50,WIFI
12:98:C3:7F:AB:72,DIRECT-Xp-Car_722e,[WPA2_PSK],2025-3-26 22:18:48,6,-78,34.0529022,-117.1808090,379.70,1.50,WIFI
02:A1:FD:FA:4C:33,Audi_MMI_3036,[WPA2_PSK],2025-3-26 22:18:48,6,-88,34.0529022,-117.1808090,379.70,1.50,WIFI
5A:E4:03:9E:E2:5D,myChevrolet E25D,[WPA2_PSK],2025-3-26 22:19:3,7,-73,34.0529022,-117.1808090,379.70,1.50,WIFI
00:54:AF:84:78:6F,Hotspot786F,[WPA_WPA2_PSK],2025-3-26 22:19:7,11,-77,34.0529022,-117.1808090,379.70,1.50,WIFI
88:15:44:A8:37:95,,[WPA_WPA2_PSK],2025-3-26 22:21:1,1,-93,34.0528946,-117.1808090,379.70,1.50,WIFI
2E:D1:C6:3E:49:88,My VW 8668,[WPA2_PSK],2025-3-26 22:21:8,6,-81,34.0528946,-117.1808090,379.70,1.50,WIFI
1A:24:CA:5A:42:71,Porsche_WLAN_3105,[WPA2_PSK],2025-3-26 22:21:36,6,-79,34.0528946,-117.1808090,379.70,1.50,WIFI
5A:E4:03:6F:77:EA,Audi_MMI_8040,[WPA2_PSK],2025-3-26 22:22:4,6,-58,34.0528946,-117.1808167,379.70,1.50,WIFI
00:92:A5:D2:E7:B7,myChevrolet 5346,[WPA2_PSK],2025-3-26 22:22:26,1,-87,34.0528946,-117.1808167,379.70,1.50,WIFI
E4:8E:10:7D:81:AC,,[WPA_WPA2_PSK],2025-3-26 22:25:1,1,-97,34.0528946,-117.1808090,379.50,1.50,WIFI
F4:B8:98:04:63:3B,Nissan RSE,[WPA2_PSK],2025-3-26 22:25:7,6,-83,34.0528946,-117.1808090,379.50,1.50,WIFI
A0:56:B2:68:93:E4,MB WLAN 14794,[WPA_WPA2_PSK],2025-3-26 22:25:35,6,-87,34.0528946,-117.1808090,379.60,1.50,WIFI
6C:CD:D6:D4:B3:58,VIGILANS,[WPA2_PSK],2025-3-26 22:25:38,9,-86,34.0528946,-117.1808090,379.60,1.50,WIFI
A8:40:0B:53:6A:EF,Hotspotih9k,[WPA_WPA2_PSK],2025-3-26 22:26:31,6,-83,34.0528984,-117.1808090,379.50,1.50,WIFI
00:13:1E:6A:85:4D,My BMW Hotspot 4613,[WPA_WPA2_PSK],2025-3-26 22:27:8,1,-85,34.0528984,-117.1808090,379.50,1.50,WIFI
A4:97:33:45:54:81,Root CS,[WPA2_PSK],2025-3-26 22:29:5,6,-89,34.0529137,-117.1808014,379.40,1.50,WIFI
28:38:5C:3E:97:C3,HotspotRKpY,[WPA_WPA2_PSK],2025-3-26 22:29:34,6,-61,34.0529137,-117.1808014,379.30,1.50,WIFI
64:67:72:70:0A:27,Simba’s Cottage,[WPA2_PSK],2025-3-26 22:30:44,6,-93,34.0529137,-117.1808014,379.30,1.50,WIFI
2A:03:EB:E9:E9:F9,Scarlett,[WPA2_PSK],2025-3-26 22:31:4,1,-79,34.0529137,-117.1807938,379.20,1.50,WIFI
12:E8:A7:54:B8:80,myBuick,[WPA2_PSK],2025-3-26 22:31:4,1,-80,34.0529137,-117.1807938,379.20,1.50,WIFI
5A:E4:03:29:99:55,myBrightdrop 9955,[WPA2_PSK],2025-3-26 22:31:12,7,-58,34.0529137,-117.1807938,379.20,1.50,WIFI
DC:F5:1B:55:C7:C1,Verizon_GQD394,[WPA2_PSK],2025-3-26 22:31:16,11,-85,34.0529137,-117.1807938,379.20,1.50,WIFI
12:E8:A7:5A:E4:FA,Red wifi,[WPA2_PSK],2025-3-26 22:31:39,6,-83,34.0529137,-117.1808014,379.20,1.50,WIFI
4C:19:5D:B4:57:48,SpectrumSetup-42,[WPA2_PSK],2025-3-26 22:32:40,11,-90,34.0529175,-117.1807938,379.40,1.50,WIFI
5A:E4:03:1C:BB:48,myChevrolet BB48,[WPA2_PSK],2025-3-26 22:32:50,7,-74,34.0529175,-117.1807938,379.40,1.50,WIFI
A0:64:8F:EA:53:71,MySpectrumWiFi73-2G,[WPA2_PSK],2025-3-26 22:32:54,11,-89,34.0529175,-117.1807938,379.40,1.50,WIFI
FA:6D:CC:B5:8C:1F,myChevrolet 8C1F,[WPA2_PSK],2025-3-26 22:33:19,7,-79,34.0529175,-117.1807938,379.50,1.50,WIFI
FE:9E:28:DA:FC:5F,Cutler Guest,[WPA2_PSK],2025-3-26 22:33:37,11,-88,34.0529175,-117.1807938,379.50,1.50,WIFI
BC:82:5D:1B:21:B6,Yukon XL,[WPA2_PSK],2025-3-26 22:34:22,1,-70,34.0529137,-117.1807938,379.40,1.50,WIFI
2C:DB:07:24:1E:A9,RR753734,[WPA2_PSK],2025-3-26 22:34:36,1,-91,34.0529137,-117.1808014,379.40,1.50,WIFI
C4:A8:16:0E:4D:05,,[WPA3_PSK],2025-3-26 22:37:37,1,-90,34.0529137,-117.1807938,379.40,1.50,WIFI
62:CB:59:56:CF:1A,celina,[WPA2_WPA3_PSK],2025-3-26 22:37:58,6,-80,34.0529137,-117.1807938,379.40,1.50,WIFI
88:3D:24:BE:AA:F4,McPhail,[WPA2_PSK],2025-3-26 22:38:12,6,-91,34.0529137,-117.1807938,379.40,1.50,WIFI
32:0E:B8:48:EC:38,My VW 3272,[WPA2_PSK],2025-3-26 22:39:22,6,-80,34.0529137,-117.1808014,379.30,1.50,WIFI
5A:16:D7:A9:08:34,pettengill,[WPA2_PSK],2025-3-26 22:41:21,1,-79,34.0529137,-117.1808014,378.90,1.50,WIFI
9C:4F:5F:33:A3:C0,Hindevad,[WPA2_PSK],2025-3-26 22:41:21,1,-92,34.0529137,-117.1808014,378.90,1.50,WIFI
22:AD:56:27:60:19,Hotspot6019,[WPA_WPA2_PSK],2025-3-26 22:41:28,6,-80,34.0529137,-117.1808014,378.90,1.50,WIFI
D2:40:EF:80:5D:61,DIRECT-c4-Car_59ab,[WPA2_PSK],2025-3-26 22:41:33,11,-62,34.0529137,-117.1808014,378.80,1.50,WIFI
62:E6:F0:A9:E6:4E,DIRECT-MBUX 13423,[WPA2_PSK],2025-3-26 22:41:35,1,-89,34.0529137,-117.1808014,378.80,1.50,WIFI
B2:8B:A9:8A:11:85,,[WPA2_PSK],2025-3-26 22:41:35,1,-92,34.0529137,-117.1808014,378.80,1.50,WIFI
00:25:42:E5:5D:C1,Blackvue750XPlus-E55DC1,[WPA2_PSK],2025-3-26 22:42:24,6,-84,34.0529175,-117.1808014,378.60,1.50,WIFI
C4:49:BB:5F:1C:62,TeamBebos CAR WiFi,[WPA2_PSK],2025-3-26 22:42:38,6,-74,34.0529175,-117.1808014,378.60,1.50,WIFI
00:54:AF:48:D3:74,Carson,[WPA_WPA2_PSK],2025-3-26 22:43:21,7,-87,34.0529175,-117.1808014,378.60,1.50,WIFI
7C:0C:F6:0A:68:9A,Dash-2899,[WPA2_PSK],2025-3-26 22:43:28,1,-79,34.0529175,-117.1808014,378.60,1.50,WIFI
B2:00:73:AC:34:7C,DIRECT-MBUX 29442,[WPA2_PSK],2025-3-26 22:44:16,6,-75,34.0529213,-117.1808014,378.50,1.50,WIFI
00:54:AF:A6:61:54,Hotspot6154,[WPA_WPA2_PSK],2025-3-26 22:44:19,9,-87,34.0529213,-117.1808014,378.50,1.50,WIFI
5A:E4:03:DD:A7:B8,SimmonsFam,[WPA2_PSK],2025-3-26 22:44:45,7,-69,34.0529213,-117.1808014,378.40,1.50,WIFI
BC:82:5D:58:B5:4E,A SNELLINGS,[WPA2_PSK],2025-3-26 22:45:5,1,-87,34.0529213,-117.1808014,378.40,1.50,WIFI
64:05:E4:6E:3C:B6,CarPlay_3cb6,[WPA2_PSK],2025-3-26 22:45:19,1,-80,34.0529213,-117.1808014,378.40,1.50,WIFI
2A:03:EB:20:B4:CC,Jesadame,[WPA2_PSK],2025-3-26 22:46:1,1,-75,34.0529213,-117.1808014,378.40,1.50,WIFI
BC:82:5D:B1:FC:53,Carter,[WPA2_PSK],2025-3-26 22:47:24,11,-82,34.0529175,-117.1808014,378.40,1.50,WIFI
9C:05:D6:BE:4C:B9,PrettyFlyForAWiFi,[WPA2_PSK],2025-3-26 22:48:15,6,-92,34.0529137,-117.1807938,378.50,1.50,WIFI
F8:55:CD:88:DA:A0,Hotspot3pik,[WPA_WPA2_PSK],2025-3-26 22:48:43,6,-67,34.0529137,-117.1807938,378.60,1.50,WIFI
02:92:A5:5A:06:69,Harrison,[WPA2_PSK],2025-3-26 22:49:2,11,-64,34.0529137,-117.1807938,378.60,1.50,WIFI
12:E8:A7:C9:2A:61,myChevrolet 2A61,[WPA2_PSK],2025-3-26 22:49:12,7,-69,34.0529137,-117.1807938,378.60,1.50,WIFI
9E:05:D6:9E:4C:B9,,[WPA2_PSK],2025-3-26 22:49:53,6,-92,34.0529099,-117.1807861,378.70,1.50,WIFI
58:96:71:D0:7A:E6,Verizon_6LNX9D,[WPA2_PSK],2025-3-26 22:50:43,1,-92,34.0529137,-117.1807861,378.60,1.50,WIFI
A4:13:4E:5F:5A:91,FCCR 2G,[WPA2_PSK],2025-3-26 22:52:13,6,-95,34.0529137,-117.1807861,378.60,1.50,WIFI
0C:80:63:64:DE:FA,300,[WPA_WPA2_PSK],2025-3-26 22:52:32,11,-88,34.0529938,-117.1809082,377.90,1.50,WIFI
F4:69:42:A6:1C:59,SpectrumSetup-5B,[WPA2_PSK],2025-3-26 22:52:34,1,-83,34.0531044,-117.1810074,377.30,1.50,WIFI
9C:05:D6:0D:83:5D,Church-Staff,[WPA2_PSK],2025-3-26 22:52:34,1,-90,34.0531044,-117.1810074,377.30,1.50,WIFI
D8:A7:56:97:00:BE,MySpectrumWiFib8-2G,[WPA2_PSK],2025-3-26 22:52:34,1,-92,34.0531044,-117.1810074,377.30,1.50,WIFI
88:DE:7C:A3:0E:B1,SpectrumSetup-B3,[WPA2_PSK],2025-3-26 22:52:34,1,-92,34.0531044,-117.1810074,377.30,1.50,WIFI
D8:8E:D4:54:10:63,,[WPA3_PSK],2025-3-26 22:52:41,6,-84,34.0533333,-117.1812057,376.90,1.50,WIFI
A4:13:4E:5F:1F:D1,FCCR 2G,[WPA2_PSK],2025-3-26 22:52:41,6,-90,34.0533333,-117.1812057,376.90,1.50,WIFI
70:F1:96:66:77:41,NSCJC,[WPA_WPA2_PSK],2025-3-26 22:52:41,6,-92,34.0533333,-117.1812057,376.90,1.50,WIFI
AC:A2:13:D6:50:C8,Soundcraft Ui16,[OPEN],2025-3-26 22:52:41,6,-94,34.0533333,-117.1812057,376.90,1.50,WIFI
76:CD:D6:C7:2A:DB,NETGEAR-Guest,[WPA2_PSK],2025-3-26 22:52:43,8,-88,34.0533333,-117.1812057,377.10,1.50,WIFI
72:CD:D6:C7:2A:DB,ORBI38,[WPA2_PSK],2025-3-26 22:52:43,8,-89,34.0533333,-117.1812057,377.10,1.50,WIFI
6C:CD:D6:C7:2A:DB,,[WPA2_PSK],2025-3-26 22:52:43,8,-90,34.0533333,-117.1812057,377.10,1.50,WIFI
EA:47:32:D8:65:6C,,[WPA2_PSK],2025-3-26 22:52:45,10,-85,34.0533333,-117.1812057,377.10,1.50,WIFI
D8:47:32:D8:65:6C,Bill Wi the Science Fi,[WPA_WPA2_PSK],2025-3-26 22:52:45,10,-92,34.0533333,-117.1812057,377.10,1.50,WIFI
8A:2A:A8:47:05:05,,[WPA2_PSK],2025-3-26 22:52:46,11,-85,34.0533295,-117.1812057,377.20,1.50,WIFI
8E:2A:A8:47:05:05,RFC-Media,[WPA2_PSK],2025-3-26 22:52:46,11,-86,34.0533295,-117.1812057,377.20,1.50,WIFI
F0:7B:65:EF:E3:F9,NYC,[WPA2_PSK],2025-3-26 22:52:46,11,-89,34.0533295,-117.1812057,377.20,1.50,WIFI
D8:8E:D4:54:10:66,HH,[WPA2_PSK],2025-3-26 22:52:55,6,-85,34.0533218,-117.1812057,377.40,1.50,WIFI
D8:8E:D4:5C:73:83,,[WPA3_PSK],2025-3-26 22:52:55,6,-89,34.0533218,-117.1812057,377.40,1.50,WIFI
62:04:FD:74:25:01,CHEVROLET6225,[WPA2_WPA3_PSK],2025-3-26 22:52:55,6,-90,34.0533218,-117.1812057,377.40,1.50,WIFI
7A:CD:D6:C7:2A:DB,ORBI38-IoT,[WPA2_PSK],2025-3-26 22:52:57,8,-89,34.0533218,-117.1812057,377.40,1.50,WIFI
80:2A:A8:47:05:05,Church-Staff,[WPA2_PSK],2025-3-26 22:53:0,11,-87,34.0533218,-117.1812057,377.40,1.50,WIFI
86:2A:A8:47:05:05,Methodist Guest,[OPEN],2025-3-26 22:53:0,11,-88,34.0533218,-117.1812057,377.40,1.50,WIFI
02:22:6C:16:D6:C6,SoundBarSetup_D6C6,[OPEN],2025-3-26 22:53:2,1,-86,34.0533333,-117.1812134,377.40,1.50,WIFI
A2:05:D6:C8:64:5C,ParadoxAdmin,[WPA2_PSK],2025-3-26 22:53:2,1,-90,34.0533333,-117.1812134,377.40,1.50,WIFI
A6:05:D6:C8:64:5C,ParadoxRedlands,[WPA2_PSK],2025-3-26 22:53:2,1,-90,34.0533333,-117.1812134,377.40,1.50,WIFI
12:E8:A7:FC:93:4E,myChevrolet 934E,[WPA2_PSK],2025-3-26 22:53:10,7,-87,34.0534210,-117.1814194,376.90,1.50,WIFI
98:42:65:FA:7A:4D,TinisOnOlive,[WPA2_PSK],2025-3-26 22:53:14,11,-74,34.0532570,-117.1817474,376.20,1.50,WIFI
9E:A3:A9:89:63:03,,[WPA2_PSK],2025-3-26 22:53:16,13,-86,34.0531349,-117.1819534,376.60,1.50,WIFI
08:3A:2F:1A:DB:FF,NVR083a2f1adbff,[WPA2_PSK],2025-3-26 22:53:16,13,-89,34.0531349,-117.1819534,376.60,1.50,WIFI
9E:A3:A9:8A:97:51,,[WPA2_PSK],2025-3-26 22:53:16,13,-91,34.0531349,-117.1819534,376.60,1.50,WIFI
5C:DF:89:74:79:08,SBDStudents,[WPA2_PSK],2025-3-26 22:53:16,1,-79,34.0531349,-117.1819534,376.60,1.50,WIFI
78:29:ED:F5:EA:32,MySpectrumWiFi34-2G,[WPA2_PSK],2025-3-26 22:53:16,1,-82,34.0531349,-117.1819534,376.60,1.50,WIFI
9C:05:D6:C8:64:5C,,[WPA2_PSK],2025-3-26 22:53:16,1,-85,34.0531349,-117.1819534,376.60,1.50,WIFI
80:AF:CA:10:B3:E4,TT13638-CUDY,[WPA_WPA2_PSK],2025-3-26 22:53:21,3,-82,34.0528755,-117.1824036,376.50,1.50,WIFI
A0:8C:FD:71:8B:71,DIRECT-70-HP Officejet 5740,[WPA2_PSK],2025-3-26 22:53:24,6,-73,34.0528450,-117.1824646,376.90,1.50,WIFI
A4:13:4E:71:01:D9,FBCR_AP,[WPA_PSK],2025-3-26 22:53:24,6,-81,34.0528450,-117.1824646,376.90,1.50,WIFI
5C:DF:89:34:7B:D8,SBDTeachers,[WPA2_PSK],2025-3-26 22:53:24,6,-85,34.0528450,-117.1824646,376.90,1.50,WIFI
A4:13:4E:71:01:DA,FBCR_Guest Wifi,[WPA_PSK],2025-3-26 22:53:24,6,-86,34.0528450,-117.1824646,376.90,1.50,WIFI
B0:5A:DA:66:3F:08,DIRECT-07-HP ENVY 4520 series,[WPA2_PSK],2025-3-26 22:53:24,6,-87,34.0528450,-117.1824646,376.90,1.50,WIFI
34:98:B5:D7:35:62,ORBI38,[WPA2_PSK],2025-3-26 22:53:26,8,-71,34.0528412,-117.1824646,377.10,1.50,WIFI
3E:98:B5:D7:35:62,NETGEAR-Guest,[WPA2_PSK],2025-3-26 22:53:26,8,-71,34.0528412,-117.1824646,377.10,1.50,WIFI
42:98:B5:D7:35:62,ORBI38-IoT,[WPA2_PSK],2025-3-26 22:53:26,8,-74,34.0528412,-117.1824646,377.10,1.50,WIFI
A4:11:62:1B:A0:0E,NTGR_VMB_6913106575,[WPA2_PSK],2025-3-26 22:53:26,8,-84,34.0528412,-117.1824646,377.10,1.50,WIFI
34:53:D2:F0:0A:65,SpectrumSetup-5F,[WPA2_PSK],2025-3-26 22:53:29,11,-61,34.0527763,-117.1825867,377.20,1.50,WIFI
C8:C6:FE:12:D1:03,,[WPA3_PSK],2025-3-26 22:53:29,11,-67,34.0527763,-117.1825867,377.20,1.50,WIFI
C8:C6:FE:12:D1:06,DAMME,[WPA2_PSK],2025-3-26 22:53:29,11,-71,34.0527763,-117.1825867,377.20,1.50,WIFI
54:04:63:C8:A2:51,,[WPA_WPA2_PSK],2025-3-26 22:53:29,11,-76,34.0527763,-117.1825867,377.20,1.50,WIFI
14:7D:05:B8:14:61,SpectrumSetup-5F,[WPA2_PSK],2025-3-26 22:53:29,11,-78,34.0527763,-117.1825867,377.20,1.50,WIFI
5C:DF:89:73:EA:D8,SBDStudents,[WPA2_PSK],2025-3-26 22:53:29,11,-83,34.0527763,-117.1825867,377.20,1.50,WIFI
38:8B:59:C0:96:C3,getonit,[WPA2_PSK],2025-3-26 22:53:29,11,-84,34.0527763,-117.1825867,377.20,1.50,WIFI
5C:DF:89:33:EA:D8,SBDTeachers,[WPA2_PSK],2025-3-26 22:53:29,11,-84,34.0527763,-117.1825867,377.20,1.50,WIFI
9E:A3:A9:88:C6:FD,,[WPA2_PSK],2025-3-26 22:53:29,13,-87,34.0527763,-117.1825867,377.20,1.50,WIFI
8C:83:94:A0:59:BD,Verizon_RN9Z6H,[WPA2_PSK],2025-3-26 22:53:32,1,-74,34.0526466,-117.1828156,377.80,1.50,WIFI
88:EF:16:E0:1C:78,Frontier7376,[WPA2_PSK],2025-3-26 22:53:32,1,-77,34.0526466,-117.1828156,377.80,1.50,WIFI
84:1E:A3:30:8B:C6,BobsBurgers,[WPA2_PSK],2025-3-26 22:53:32,1,-79,34.0526466,-117.1828156,377.80,1.50,WIFI
F8:08:4F:D1:7B:E6,MySpectrumWiFie0-2G,[WPA2_PSK],2025-3-26 22:53:32,1,-79,34.0526466,-117.1828156,377.80,1.50,WIFI
34:53:D2:1C:F3:56,Ryan's Pad,[WPA2_PSK],2025-3-26 22:53:32,1,-86,34.0526466,-117.1828156,377.80,1.50,WIFI
88:DC:96:45:74:78,sinnys_24,[WPA2_PSK],2025-3-26 22:53:32,1,-86,34.0526466,-117.1828156,377.80,1.50,WIFI
A4:11:62:74:0D:26,NTGR_VMB_5739494569,[WPA2_PSK],2025-3-26 22:53:32,1,-87,34.0526466,-117.1828156,377.80,1.50,WIFI
4A:55:19:C0:2F:61,Tineco_0160,[OPEN],2025-3-26 22:53:32,1,-88,34.0526466,-117.1828156,377.80,1.50,WIFI
D8:EC:5E:DF:DD:42,Allybugpoop,[WPA2_PSK],2025-3-26 22:53:35,3,-81,34.0525436,-117.1829987,378.00,1.50,WIFI
86:EA:ED:0A:29:2D,,[WPA2_PSK],2025-3-26 22:53:35,3,-91,34.0525436,-117.1829987,378.00,1.50,WIFI
CC:32:E5:3E:A6:0E,Olive Project,[WPA2_PSK],2025-3-26 22:53:37,5,-81,34.0525284,-117.1830292,378.10,1.50,WIFI
74:37:5F:CD:56:AB,SpectrumSetup-A9,[WPA2_PSK],2025-3-26 22:53:38,6,-68,34.0525246,-117.1830368,378.30,1.50,WIFI
F8:5B:3B:CE:6D:A1,SpectrumSetup-A3,[WPA2_PSK],2025-3-26 22:53:38,6,-69,34.0525246,-117.1830368,378.30,1.50,WIFI
70:3A:CB:26:FC:F0,getonit,[WPA2_PSK],2025-3-26 22:53:38,6,-72,34.0525246,-117.1830368,378.30,1.50,WIFI
70:74:14:E1:7C:8C,Vehicle Hotspot,[WPA2_PSK],2025-3-26 22:53:38,6,-75,34.0525246,-117.1830368,378.30,1.50,WIFI
80:69:1A:21:0A:C1,Linksys05403,[WPA2_PSK],2025-3-26 22:53:39,7,-79,34.0525131,-117.1830673,378.60,1.50,WIFI
86:69:1A:21:0A:C1,,[WPA2_PSK],2025-3-26 22:53:39,7,-80,34.0525131,-117.1830673,378.60,1.50,WIFI
3C:7C:3F:6D:5F:08,HK841_2,[WPA2_PSK],2025-3-26 22:53:39,7,-89,34.0525131,-117.1830673,378.60,1.50,WIFI
3A:98:B5:D7:35:62,,[WPA2_PSK],2025-3-26 22:53:40,8,-70,34.0524902,-117.1830978,378.70,1.50,WIFI
9C:D3:6D:B7:F5:81,NETGEAR92,[WPA2_PSK],2025-3-26 22:53:42,10,-87,34.0524216,-117.1832275,378.40,1.50,WIFI
34:53:D2:D8:DA:79,SpectrumSetup-73,[WPA2_PSK],2025-3-26 22:53:43,11,-68,34.0523758,-117.1833038,378.60,1.50,WIFI
AC:B6:87:AD:9B:33,Connecto_Patronum,[WPA2_PSK],2025-3-26 22:53:43,11,-77,34.0523758,-117.1833038,378.60,1.50,WIFI
64:67:72:56:93:B1,Aseman,[WPA2_PSK],2025-3-26 22:53:46,1,-77,34.0522308,-117.1835709,379.30,1.50,WIFI
E8:9F:80:72:B2:10,Linksys21560,[WPA2_PSK],2025-3-26 22:53:46,1,-80,34.0522308,-117.1835709,379.30,1.50,WIFI
90:D3:CF:04:92:85,SpectrumSetup-87,[WPA2_PSK],2025-3-26 22:53:46,1,-81,34.0522308,-117.1835709,379.30,1.50,WIFI
44:AD:B1:57:6F:C6,SpectrumSetup-C0,[WPA2_PSK],2025-3-26 22:53:46,1,-88,34.0522308,-117.1835709,379.30,1.50,WIFI
D8:47:32:FC:A4:F1,TP-Link_A4F1,[WPA_WPA2_PSK],2025-3-26 22:53:48,2,-73,34.0521240,-117.1837616,379.10,1.50,WIFI
DE:47:32:FC:A4:F1,,[WPA2_PSK],2025-3-26 22:53:48,2,-79,34.0521240,-117.1837616,379.10,1.50,WIFI
DE:EC:5E:99:16:64,,[WPA2_PSK],2025-3-26 22:53:51,5,-77,34.0519600,-117.1840591,378.70,1.50,WIFI
D8:EC:5E:99:16:64,SpectrumSetup,[WPA2_PSK],2025-3-26 22:53:51,5,-80,34.0519600,-117.1840591,378.70,1.50,WIFI
28:EC:22:2E:F9:46,BirdNerds,[WPA2_PSK],2025-3-26 22:53:52,6,-63,34.0519028,-117.1841507,378.70,1.50,WIFI
28:EC:22:2E:F9:43,,[WPA3_PSK],2025-3-26 22:53:52,6,-63,34.0519028,-117.1841507,378.70,1.50,WIFI
28:EC:22:2E:F9:49,,[OPEN],2025-3-26 22:53:52,6,-65,34.0519028,-117.1841507,378.70,1.50,WIFI
C0:6F:98:A1:D1:C9,,[OPEN],2025-3-26 22:53:52,6,-67,34.0519028,-117.1841507,378.70,1.50,WIFI
68:4A:76:84:FF:48,,[OPEN],2025-3-26 22:53:52,6,-68,34.0519028,-117.1841507,378.70,1.50,WIFI
68:4A:76:84:FF:46,OLDRANCH,[WPA2_PSK],2025-3-26 22:53:52,6,-69,34.0519028,-117.1841507,378.70,1.50,WIFI
68:4A:76:84:FF:44,,[WPA3_PSK],2025-3-26 22:53:52,6,-69,34.0519028,-117.1841507,378.70,1.50,WIFI
C0:6F:98:A1:D1:C6,mojo crib,[WPA2_PSK],2025-3-26 22:53:52,6,-71,34.0519028,-117.1841507,378.70,1.50,WIFI
1C:B0:44:10:57:F1,DINKLEBERGGG!!!,[WPA2_PSK],2025-3-26 22:53:52,6,-74,34.0519028,-117.1841507,378.70,1.50,WIFI
8E:49:62:BA:5C:B8,,[WPA2_PSK],2025-3-26 22:53:52,6,-76,34.0519028,-117.1841507,378.70,1.50,WIFI
C8:C6:FE:5D:C2:A6,PoppinFresh,[WPA2_PSK],2025-3-26 22:53:52,6,-77,34.0519028,-117.1841507,378.70,1.50,WIFI
C8:C6:FE:5D:C2:A9,,[OPEN],2025-3-26 22:53:52,6,-77,34.0519028,-117.1841507,378.70,1.50,WIFI
C8:C6:FE:5D:C2:A3,,[WPA3_PSK],2025-3-26 22:53:52,6,-78,34.0519028,-117.1841507,378.70,1.50,WIFI
F0:81:75:C2:D9:EE,OtisJack,[WPA2_PSK],2025-3-26 22:53:52,6,-78,34.0519028,-117.1841507,378.70,1.50,WIFI
A0:7F:8A:13:87:FF,SpectrumSetup87F9,[WPA2_PSK],2025-3-26 22:53:52,6,-79,34.0519028,-117.1841507,378.70,1.50,WIFI
90:D3:CF:27:62:18,SpectrumSetup-621B,[WPA2_PSK],2025-3-26 22:53:52,6,-89,34.0519028,-117.1841507,378.70,1.50,WIFI
10:0C:6B:1F:51:FC,The Library,[WPA2_PSK],2025-3-26 22:53:52,7,-83,34.0519028,-117.1841507,378.70,1.50,WIFI
D2:9E:43:A6:99:DE,TheRedlandsHouse-Guest,[WPA2_PSK],2025-3-26 22:53:56,9,-71,34.0516663,-117.1845856,378.20,1.50,WIFI
D2:9E:43:A6:97:9A,TheRedlandsHouse-Guest,[WPA2_PSK],2025-3-26 22:53:56,9,-79,34.0516663,-117.1845856,378.20,1.50,WIFI
CE:9E:43:A6:97:9A,TRH123,[WPA2_PSK],2025-3-26 22:53:56,9,-82,34.0516663,-117.1845856,378.20,1.50,WIFI
54:04:63:CB:EB:11,,[WPA_WPA2_PSK],2025-3-26 22:53:56,9,-85,34.0516663,-117.1845856,378.20,1.50,WIFI
40:AE:30:CB:B5:AA,Sybil System_EXT,[WPA2_PSK],2025-3-26 22:53:57,10,-55,34.0516052,-117.1846924,378.20,1.50,WIFI
34:98:B5:D3:B4:98,Sybil System,[WPA2_PSK],2025-3-26 22:53:57,10,-74,34.0516052,-117.1846924,378.20,1.50,WIFI
72:98:B5:D3:B4:99,Sybil System-Guest,[WPA2_PSK],2025-3-26 22:53:57,10,-77,34.0516052,-117.1846924,378.20,1.50,WIFI
00:C8:96:04:0E:10,,[WPA_WPA2_PSK],2025-3-26 22:53:58,11,-66,34.0515366,-117.1848145,378.10,1.50,WIFI
30:57:8E:F4:FC:C3,Theshire,[WPA2_PSK],2025-3-26 22:53:58,11,-71,34.0515366,-117.1848145,378.10,1.50,WIFI
30:57:8E:F4:FC:C5,,[OPEN],2025-3-26 22:53:58,11,-71,34.0515366,-117.1848145,378.10,1.50,WIFI
30:57:8E:F4:FC:C1,,[WPA3_PSK],2025-3-26 22:53:58,11,-72,34.0515366,-117.1848145,378.10,1.50,WIFI
F0:B6:61:C7:78:27,theburjerjoint,[WPA2_PSK],2025-3-26 22:53:58,11,-72,34.0515366,-117.1848145,378.10,1.50,WIFI
B0:FC:88:74:0A:9B,SpectrumSetup-95,[WPA2_PSK],2025-3-26 22:53:58,11,-75,34.0515366,-117.1848145,378.10,1.50,WIFI
F0:B6:61:C7:78:24,,[WPA3_PSK],2025-3-26 22:53:58,11,-76,34.0515366,-117.1848145,378.10,1.50,WIFI
F0:B6:61:C7:78:2A,,[OPEN],2025-3-26 22:53:58,11,-77,34.0515366,-117.1848145,378.10,1.50,WIFI
20:BE:CD:91:61:24,,[WPA3_PSK],2025-3-26 22:53:58,11,-78,34.0515366,-117.1848145,378.10,1.50,WIFI
20:BE:CD:91:61:2A,,[OPEN],2025-3-26 22:53:58,11,-78,34.0515366,-117.1848145,378.10,1.50,WIFI
20:BE:CD:91:61:27,BrownTownWest,[WPA2_PSK],2025-3-26 22:53:58,11,-78,34.0515366,-117.1848145,378.10,1.50,WIFI
20:BE:CD:91:61:30,BrownTownWest Guest,[WPA2_PSK],2025-3-26 22:53:58,11,-78,34.0515366,-117.1848145,378.10,1.50,WIFI
80:B9:7A:F4:38:75,,[OPEN],2025-3-26 22:53:58,11,-79,34.0515366,-117.1848145,378.10,1.50,WIFI
38:63:BB:D5:56:D2,DIRECT-D1-HP Officejet 5740,[WPA2_PSK],2025-3-26 22:53:58,11,-80,34.0515366,-117.1848145,378.10,1.50,WIFI
80:B9:7A:F4:38:71,,[WPA3_PSK],2025-3-26 22:53:58,11,-80,34.0515366,-117.1848145,378.10,1.50,WIFI
80:B9:7A:F4:38:73,Theshire,[WPA2_PSK],2025-3-26 22:53:58,11,-80,34.0515366,-117.1848145,378.10,1.50,WIFI
E8:ED:05:7E:36:20,DG1670A22,[WPA2_PSK],2025-3-26 22:53:58,11,-86,34.0515366,-117.1848145,378.10,1.50,WIFI
7C:D1:C3:D0:A3:D2,Zach's Sound,[WPA2_PSK],2025-3-26 22:53:58,11,-91,34.0515366,-117.1848145,378.10,1.50,WIFI
F0:7B:65:0A:A3:5F,Macias WIFI,[WPA2_PSK],2025-3-26 22:54:2,1,-71,34.0512810,-117.1852798,377.50,1.50,WIFI
78:29:ED:E7:CA:2A,SpectrumSetup-2C,[WPA2_PSK],2025-3-26 22:54:2,1,-88,34.0512810,-117.1852798,377.50,1.50,WIFI
12:62:E5:29:62:7F,DIRECT-7F-HP PageWide Pro 477dw,[WPA2_PSK],2025-3-26 22:54:2,1,-93,34.0512810,-117.1852798,377.50,1.50,WIFI
CA:2F:74:9D:C5:D3,House,[WPA2_PSK],2025-3-26 22:54:4,2,-79,34.0511475,-117.1855164,377.00,1.50,WIFI
8C:85:80:C0:6E:96,,[WPA_WPA2_PSK],2025-3-26 22:54:4,2,-79,34.0511475,-117.1855164,377.00,1.50,WIFI
60:CF:84:01:05:58,,[WPA2_WPA3_PSK],2025-3-26 22:54:4,2,-82,34.0511475,-117.1855164,377.00,1.50,WIFI
8C:85:80:CB:6B:19,,[WPA_WPA2_PSK],2025-3-26 22:54:4,2,-86,34.0511475,-117.1855164,377.00,1.50,WIFI
D4:3F:32:77:20:06,Frontier4160,[WPA2_PSK],2025-3-26 22:54:8,6,-69,34.0508842,-117.1860046,376.80,1.50,WIFI
D4:3F:32:77:20:03,,[WPA3_PSK],2025-3-26 22:54:8,6,-76,34.0508842,-117.1860046,376.80,1.50,WIFI
88:DE:7C:27:D5:D9,Espresso,[WPA2_PSK],2025-3-26 22:54:8,6,-77,34.0508842,-117.1860046,376.80,1.50,WIFI
FC:12:63:B7:6B:43,SpectrumSetup-45,[WPA2_PSK],2025-3-26 22:54:8,6,-78,34.0508842,-117.1860046,376.80,1.50,WIFI
A0:8E:24:4D:90:A5,Hannah’s Hale,[WPA2_PSK],2025-3-26 22:54:8,6,-79,34.0508842,-117.1860046,376.80,1.50,WIFI
C8:D9:D2:38:42:40,DIRECT-3F-HP DeskJet 3700 series,[WPA2_PSK],2025-3-26 22:54:8,6,-93,34.0508842,-117.1860046,376.80,1.50,WIFI
74:37:5F:9F:B0:D3,SpectrumSetup-D1,[WPA2_PSK],2025-3-26 22:54:13,11,-69,34.0505447,-117.1866226,376.40,1.50,WIFI
24:2F:D0:AA:AE:24,Hull_EXT,[WPA2_PSK],2025-3-26 22:54:13,11,-71,34.0505447,-117.1866226,376.40,1.50,WIFI
B4:B6:86:AF:8E:48,DIRECT-47-HP OfficeJet Pro 8710,[WPA2_PSK],2025-3-26 22:54:13,11,-73,34.0505447,-117.1866226,376.40,1.50,WIFI
5C:18:DD:EB:69:6C,,[WPA_WPA2_PSK],2025-3-26 22:54:13,11,-79,34.0505447,-117.1866226,376.40,1.50,WIFI
48:5D:36:05:10:E8,Hull,[WPA2_PSK],2025-3-26 22:54:13,11,-88,34.0505447,-117.1866226,376.40,1.50,WIFI
12:59:32:6E:35:46,,[WPA2_PSK],2025-3-26 22:54:13,11,-90,34.0505447,-117.1866226,376.40,1.50,WIFI
8C:61:A3:00:5F:69,MySpectrumWiFi68-2G,[WPA2_PSK],2025-3-26 22:54:16,1,-75,34.0503197,-117.1870270,376.40,1.50,WIFI
A0:7F:8A:54:76:E2,Olive You,[WPA2_PSK],2025-3-26 22:54:16,1,-90,34.0503197,-117.1870270,376.40,1.50,WIFI
80:E5:40:D7:6B:98,Frontier5712,[WPA2_PSK],2025-3-26 22:54:16,1,-90,34.0503197,-117.1870270,376.40,1.50,WIFI
34:98:B5:C7:33:5C,NETGEAR57,[WPA2_PSK],2025-3-26 22:54:16,1,-93,34.0503197,-117.1870270,376.40,1.50,WIFI
FC:12:63:E5:5E:CD,SpectrumSetup-CF,[WPA2_PSK],2025-3-26 22:54:16,1,-93,34.0503197,-117.1870270,376.40,1.50,WIFI
F0:2F:74:9D:C5:D1,Funny_ it worked last time...,[WPA2_WPA3_PSK],2025-3-26 22:54:18,2,-77,34.0501709,-117.1872940,376.30,1.50,WIFI
82:2F:74:9D:BA:43,House,[WPA2_PSK],2025-3-26 22:54:18,2,-82,34.0501709,-117.1872940,376.30,1.50,WIFI
CA:CF:84:01:05:59,Funny_ it worked last time...,[WPA2_WPA3_PSK],2025-3-26 22:54:18,2,-83,34.0501709,-117.1872940,376.30,1.50,WIFI
88:DE:7C:32:88:01,SpectrumSetup-03,[WPA2_PSK],2025-3-26 22:54:22,6,-70,34.0498772,-117.1878204,375.40,1.50,WIFI
E8:D3:EB:87:5E:43,,[WPA3_PSK],2025-3-26 22:54:22,6,-72,34.0498772,-117.1878204,375.40,1.50,WIFI
E8:D3:EB:87:5E:49,,[OPEN],2025-3-26 22:54:22,6,-72,34.0498772,-117.1878204,375.40,1.50,WIFI
E8:D3:EB:87:5E:46,wifi628,[WPA2_PSK],2025-3-26 22:54:22,6,-72,34.0498772,-117.1878204,375.40,1.50,WIFI
E8:D3:EB:83:5B:A6,wifi628,[WPA2_PSK],2025-3-26 22:54:22,6,-81,34.0498772,-117.1878204,375.40,1.50,WIFI
D4:05:DE:1B:10:4A,,[OPEN],2025-3-26 22:54:22,6,-85,34.0498772,-117.1878204,375.40,1.50,WIFI
D4:05:DE:1B:10:44,,[WPA3_PSK],2025-3-26 22:54:22,6,-86,34.0498772,-117.1878204,375.40,1.50,WIFI
14:7D:05:65:94:B3,Happy Hour,[WPA2_PSK],2025-3-26 22:54:22,6,-86,34.0498772,-117.1878204,375.40,1.50,WIFI
F0:81:75:F3:54:EE,Lachica,[WPA2_PSK],2025-3-26 22:54:22,6,-90,34.0498772,-117.1878204,375.40,1.50,WIFI
F8:5B:3B:88:BA:89,SpectrumSetup-8B,[WPA2_PSK],2025-3-26 22:54:22,6,-91,34.0498772,-117.1878204,375.40,1.50,WIFI
22:48:6C:56:8B:25,,[WPA2_PSK],2025-3-26 22:54:24,8,-87,34.0497360,-117.1880798,375.30,1.50,WIFI
66:62:8B:AB:C0:5E,,[WPA2_PSK],2025-3-26 22:54:24,8,-91,34.0497360,-117.1880798,375.30,1.50,WIFI
5C:62:8B:AB:C0:CE,Hemme,[WPA2_PSK],2025-3-26 22:54:24,8,-93,34.0497360,-117.1880798,375.30,1.50,WIFI
16:11:32:D3:C3:B7,,[WPA2_PSK],2025-3-26 22:54:25,9,-85,34.0496750,-117.1881943,375.00,1.50,WIFI
00:11:32:D3:C3:B7,HEREANDTHERE,[WPA2_PSK],2025-3-26 22:54:25,9,-87,34.0496750,-117.1881943,375.00,1.50,WIFI
C2:95:75:F2:E2:4B,,[WPA2_PSK],2025-3-26 22:54:26,10,-83,34.0496254,-117.1882858,374.50,1.50,WIFI
50:09:59:C2:1B:AF,TC8715DA9,[WPA2_PSK],2025-3-26 22:54:27,11,-75,34.0495834,-117.1883621,374.20,1.50,WIFI
74:37:5F:97:97:F7,SpectrumSetup-F5,[WPA2_PSK],2025-3-26 22:54:27,11,-76,34.0495834,-117.1883621,374.20,1.50,WIFI
04:42:1A:DB:EC:C0,PrettyFly4aWiFi,[WPA2_PSK],2025-3-26 22:54:27,11,-83,34.0495834,-117.1883621,374.20,1.50,WIFI
C2:42:1A:DB:EC:C1,ASUS_C0_2G_Guest,[WPA2_PSK],2025-3-26 22:54:27,11,-84,34.0495834,-117.1883621,374.20,1.50,WIFI
2C:DC:AD:93:FC:D8,Audi_MMI_8823,[WPA2_PSK],2025-3-26 22:54:27,11,-85,34.0495834,-117.1883621,374.20,1.50,WIFI
80:E5:40:EB:FF:18,Frontier4192,[WPA2_PSK],2025-3-26 22:54:27,11,-89,34.0495834,-117.1883621,374.20,1.50,WIFI
4C:AB:F8:B7:9C:52,SpectrumSetup-54,[WPA2_PSK],2025-3-26 22:54:30,1,-66,34.0495224,-117.1884613,373.90,1.50,WIFI
F0:81:75:D2:9D:CE,SpectrumSetup-C8,[WPA2_PSK],2025-3-26 22:54:30,1,-76,34.0495224,-117.1884613,373.90,1.50,WIFI
74:37:5F:F9:BE:F1,The Paughs,[WPA2_PSK],2025-3-26 22:54:30,1,-78,34.0495224,-117.1884613,373.90,1.50,WIFI
2C:EA:DC:22:36:3D,SpectrumSetup-3F,[WPA2_PSK],2025-3-26 22:54:30,1,-84,34.0495224,-117.1884613,373.90,1.50,WIFI
30:93:BC:7E:8F:A6,MySpectrumWiFia0-2G,[WPA2_PSK],2025-3-26 22:54:30,1,-85,34.0495224,-117.1884613,373.90,1.50,WIFI
FA:8F:CA:9B:26:08,Polk MagniFi Mini-3894.l001,[OPEN],2025-3-26 22:54:30,1,-87,34.0495224,-117.1884613,373.90,1.50,WIFI
4C:AB:F8:9F:18:9D,A_71,[WPA2_PSK],2025-3-26 22:54:30,1,-88,34.0495224,-117.1884613,373.90,1.50,WIFI
6E:A9:40:3C:71:09,SpectrumSetup-08,[WPA2_PSK],2025-3-26 22:54:30,1,-90,34.0495224,-117.1884613,373.90,1.50,WIFI
84:A0:6E:D0:D9:36,MySpectrumWiFi30-2G,[WPA2_PSK],2025-3-26 22:54:30,1,-91,34.0495224,-117.1884613,373.90,1.50,WIFI
A4:22:49:CD:36:26,TMOBILE-3621,[WPA2_WPA3_PSK],2025-3-26 22:54:36,6,-64,34.0495186,-117.1884689,374.10,1.50,WIFI
28:EC:22:EE:55:63,,[WPA3_PSK],2025-3-26 22:54:36,6,-77,34.0495186,-117.1884689,374.10,1.50,WIFI
28:EC:22:EE:55:66,819,[WPA2_PSK],2025-3-26 22:54:36,6,-77,34.0495186,-117.1884689,374.10,1.50,WIFI
28:EC:22:EE:55:69,,[OPEN],2025-3-26 22:54:36,6,-78,34.0495186,-117.1884689,374.10,1.50,WIFI
58:9B:4A:96:AB:60,NanchoNetwork,[WPA2_PSK],2025-3-26 22:54:36,6,-85,34.0495186,-117.1884689,374.10,1.50,WIFI
9C:57:BC:EC:92:66,The Internet,[WPA2_PSK],2025-3-26 22:54:36,6,-87,34.0495186,-117.1884689,374.10,1.50,WIFI
78:29:ED:BF:3F:4A,MySpectrumWiFi4c-2G,[WPA2_PSK],2025-3-26 22:54:36,6,-94,34.0495186,-117.1884689,374.10,1.50,WIFI
48:22:54:A1:70:F7,bigbutts100,[WPA2_PSK],2025-3-26 22:54:37,7,-84,34.0495110,-117.1884995,374.10,1.50,WIFI
62:62:8B:AB:C0:5E,Hemme_Guest,[WPA2_PSK],2025-3-26 22:54:38,8,-84,34.0494957,-117.1885300,374.20,1.50,WIFI
62:62:8B:AB:C0:5A,Hemme_Guest,[WPA2_PSK],2025-3-26 22:54:38,8,-88,34.0494957,-117.1885300,374.20,1.50,WIFI
5C:62:8B:AB:C0:5A,Hemme,[WPA2_PSK],2025-3-26 22:54:38,8,-89,34.0494957,-117.1885300,374.20,1.50,WIFI
66:62:8B:AB:C0:5A,,[WPA2_PSK],2025-3-26 22:54:38,8,-90,34.0494957,-117.1885300,374.20,1.50,WIFI
16:11:32:CE:D6:8C,,[WPA2_PSK],2025-3-26 22:54:39,9,-80,34.0494690,-117.1885757,374.40,1.50,WIFI
00:11:32:CE:D6:8C,HEREANDTHERE,[WPA2_PSK],2025-3-26 22:54:39,9,-83,34.0494690,-117.1885757,374.40,1.50,WIFI
B0:95:75:F2:E2:4B,PineApple,[WPA2_PSK],2025-3-26 22:54:40,10,-76,34.0494308,-117.1886368,374.50,1.50,WIFI
74:93:DA:8C:3F:41,harriswifi,[WPA2_PSK],2025-3-26 22:54:41,11,-81,34.0493889,-117.1887207,374.60,1.50,WIFI
80:3F:5D:FD:3F:C2,WAVLINK-N,[WPA2_PSK],2025-3-26 22:54:41,11,-90,34.0493889,-117.1887207,374.60,1.50,WIFI
94:09:C9:FF:FB:5B,GTAJOR,[WPA2_PSK],2025-3-26 22:54:42,1,-85,34.0493355,-117.1888046,374.90,1.50,WIFI
DC:AE:EB:0D:59:F8,Ruckus,[WPA2_PSK],2025-3-26 22:54:42,1,-85,34.0493355,-117.1888046,374.90,1.50,WIFI
DC:AE:EB:4D:59:F8,party wfii,[WPA2_PSK],2025-3-26 22:54:42,1,-85,34.0493355,-117.1888046,374.90,1.50,WIFI
A0:89:66:EA:4F:D4,,[WPA_WPA2_PSK],2025-3-26 22:54:42,1,-93,34.0493355,-117.1888046,374.90,1.50,WIFI
58:9B:4A:95:DF:8E,Poor Richards,[WPA2_PSK],2025-3-26 22:54:42,1,-95,34.0493355,-117.1888046,374.90,1.50,WIFI
9A:25:4A:27:45:2E,nachoNetwork,[WPA2_PSK],2025-3-26 22:54:46,2,-75,34.0490799,-117.1892624,375.80,1.50,WIFI
9A:25:4A:27:78:B6,nachoNetwork,[WPA2_PSK],2025-3-26 22:54:46,2,-76,34.0490799,-117.1892624,375.80,1.50,WIFI
98:25:4A:F7:78:B6,,[WPA_WPA2_PSK],2025-3-26 22:54:46,2,-86,34.0490799,-117.1892624,375.80,1.50,WIFI
F0:7B:65:7E:1F:C2,SpectrumSetup-1FBC,[WPA2_PSK],2025-3-26 22:54:50,6,-64,34.0487785,-117.1898117,375.40,1.50,WIFI
44:AD:B1:82:E2:26,LeafVillageWifi,[WPA2_PSK],2025-3-26 22:54:50,6,-68,34.0487785,-117.1898117,375.40,1.50,WIFI
58:9B:4A:AC:14:3B,SpectrumSetup-1437,[WPA2_PSK],2025-3-26 22:54:50,6,-71,34.0487785,-117.1898117,375.40,1.50,WIFI
AE:AE:19:65:FC:CB,,[WPA2_PSK],2025-3-26 22:54:50,6,-73,34.0487785,-117.1898117,375.40,1.50,WIFI
A8:47:4A:33:2A:7B,PS4-98D8F283CC0C,[WPA2_PSK],2025-3-26 22:54:50,6,-75,34.0487785,-117.1898117,375.40,1.50,WIFI
90:03:71:8A:43:80,rei,[WPA2_PSK],2025-3-26 22:54:50,6,-81,34.0487785,-117.1898117,375.40,1.50,WIFI
24:05:88:37:78:83,Smithhome2,[WPA2_PSK],2025-3-26 22:54:50,6,-94,34.0487785,-117.1898117,375.40,1.50,WIFI
46:94:ED:C0:9B:91,Ewalt Guest,[WPA2_PSK],2025-3-26 22:54:53,9,-73,34.0485382,-117.1902466,375.20,1.50,WIFI
78:76:89:39:18:6A,,[OPEN],2025-3-26 22:54:55,11,-72,34.0483856,-117.1905365,375.10,1.50,WIFI
78:76:89:39:18:67,B&J WiFi,[WPA2_PSK],2025-3-26 22:54:55,11,-72,34.0483856,-117.1905365,375.10,1.50,WIFI
78:76:89:37:E7:A7,B&J WiFi,[WPA2_PSK],2025-3-26 22:54:55,11,-73,34.0483856,-117.1905365,375.10,1.50,WIFI
88:EF:16:F1:87:68,Frontier8864,[WPA2_PSK],2025-3-26 22:54:55,11,-73,34.0483856,-117.1905365,375.10,1.50,WIFI
78:76:89:39:18:64,,[WPA3_PSK],2025-3-26 22:54:55,11,-74,34.0483856,-117.1905365,375.10,1.50,WIFI
78:76:89:37:E5:47,B&J WiFi,[WPA2_PSK],2025-3-26 22:54:55,11,-75,34.0483856,-117.1905365,375.10,1.50,WIFI
78:76:89:37:E5:44,,[WPA3_PSK],2025-3-26 22:54:55,11,-79,34.0483856,-117.1905365,375.10,1.50,WIFI
78:76:89:37:E7:A4,,[WPA3_PSK],2025-3-26 22:54:55,11,-80,34.0483856,-117.1905365,375.10,1.50,WIFI
78:76:89:37:E5:4A,,[OPEN],2025-3-26 22:54:55,11,-80,34.0483856,-117.1905365,375.10,1.50,WIFI
08:F0:1E:EB:F4:C3,,[WPA3_PSK],2025-3-26 22:54:55,11,-81,34.0483856,-117.1905365,375.10,1.50,WIFI
78:76:89:37:E7:AA,,[OPEN],2025-3-26 22:54:55,11,-81,34.0483856,-117.1905365,375.10,1.50,WIFI
08:F0:1E:EB:F4:C9,,[OPEN],2025-3-26 22:54:55,11,-82,34.0483856,-117.1905365,375.10,1.50,WIFI
28:9E:FC:67:7A:C6,MySpectrumWiFic0-2G,[WPA2_PSK],2025-3-26 22:54:55,11,-90,34.0483856,-117.1905365,375.10,1.50,WIFI
F4:69:42:02:72:D0,MauiRedlands,[WPA2_PSK],2025-3-26 22:54:58,1,-86,34.0481453,-117.1909714,374.90,1.50,WIFI
C8:99:B2:7F:2D:23,Verizon_James_Bond,[WPA2_PSK],2025-3-26 22:54:58,1,-92,34.0481453,-117.1909714,374.90,1.50,WIFI
5E:52:A1:38:6A:D7,,[WPA2_PSK],2025-3-26 22:55:4,6,-72,34.0476303,-117.1919022,375.30,1.50,WIFI
3C:52:A1:38:6A:D7,LeCreuset,[WPA2_WPA3_PSK],2025-3-26 22:55:4,6,-77,34.0476303,-117.1919022,375.30,1.50,WIFI
74:37:5F:56:AA:33,SpectrumSetup-31,[WPA2_PSK],2025-3-26 22:55:4,6,-85,34.0476303,-117.1919022,375.30,1.50,WIFI
FC:34:97:B4:11:D1,Funkey Monkey,[WPA2_PSK],2025-3-26 22:55:6,7,-87,34.0474548,-117.1922226,375.20,1.50,WIFI
D4:5D:64:31:F7:F0,Funkey Monkey,[WPA2_PSK],2025-3-26 22:55:6,7,-93,34.0474548,-117.1922226,375.20,1.50,WIFI
D6:40:D0:51:62:42,,[WPA2_PSK],2025-3-26 22:55:7,8,-90,34.0473671,-117.1923828,375.10,1.50,WIFI
78:D2:94:19:0E:DA,ARLO_VMB_1635433861,[WPA2_PSK],2025-3-26 22:55:7,8,-92,34.0473671,-117.1923828,375.10,1.50,WIFI
92:25:4A:40:19:E8,Dodger Blue,[WPA2_WPA3_PSK],2025-3-26 22:55:7,8,-93,34.0473671,-117.1923828,375.10,1.50,WIFI
1E:59:C0:32:DB:94,,[WPA2_PSK],2025-3-26 22:55:7,8,-93,34.0473671,-117.1923828,375.10,1.50,WIFI
40:3F:8C:E6:DB:1E,FremontNetworkWifi,[WPA2_PSK],2025-3-26 22:55:8,9,-92,34.0472794,-117.1925430,375.00,1.50,WIFI
40:3F:8C:E7:28:32,FremontNetworkWifi,[WPA2_PSK],2025-3-26 22:55:8,9,-93,34.0472794,-117.1925430,375.00,1.50,WIFI
D8:8E:D4:80:30:27,MySpectrumWiFi92-2G,[WPA2_PSK],2025-3-26 22:55:10,11,-70,34.0471039,-117.1928558,374.90,1.50,WIFI
3C:37:86:B6:83:2B,Dilligaf,[WPA2_PSK],2025-3-26 22:55:10,11,-73,34.0471039,-117.1928558,374.90,1.50,WIFI
78:76:89:7E:A6:2A,,[OPEN],2025-3-26 22:55:10,11,-73,34.0471039,-117.1928558,374.90,1.50,WIFI
D8:8E:D4:80:44:AA,,[OPEN],2025-3-26 22:55:10,11,-73,34.0471039,-117.1928558,374.90,1.50,WIFI
78:76:89:7E:A6:24,,[WPA3_PSK],2025-3-26 22:55:10,11,-74,34.0471039,-117.1928558,374.90,1.50,WIFI
D8:8E:D4:80:44:A4,,[WPA3_PSK],2025-3-26 22:55:10,11,-74,34.0471039,-117.1928558,374.90,1.50,WIFI
78:76:89:7E:A6:27,MySpectrumWiFi92-2G,[WPA2_PSK],2025-3-26 22:55:10,11,-77,34.0471039,-117.1928558,374.90,1.50,WIFI
D8:8E:D4:80:30:2A,,[OPEN],2025-3-26 22:55:10,11,-80,34.0471039,-117.1928558,374.90,1.50,WIFI
D8:8E:D4:80:44:A7,MySpectrumWiFi92-2G,[WPA2_PSK],2025-3-26 22:55:10,11,-81,34.0471039,-117.1928558,374.90,1.50,WIFI
4C:12:65:18:F3:68,Frontier6288,[WPA2_PSK],2025-3-26 22:55:10,11,-83,34.0471039,-117.1928558,374.90,1.50,WIFI
C0:3C:04:A0:33:15,SpectrumSetup-0F,[WPA2_PSK],2025-3-26 22:55:10,11,-95,34.0471039,-117.1928558,374.90,1.50,WIFI
4C:6E:6E:4F:60:35,the pickle jar-2.4G-EXT,[WPA2_PSK],2025-3-26 22:55:10,13,-96,34.0471039,-117.1928558,374.90,1.50,WIFI
30:34:22:27:71:C6,Frontier8256,[WPA2_PSK],2025-3-26 22:55:13,1,-72,34.0468407,-117.1933289,374.80,1.50,WIFI
84:A0:6E:CB:AF:46,MySpectrumWiFia8-2G,[WPA2_PSK],2025-3-26 22:55:13,1,-72,34.0468407,-117.1933289,374.80,1.50,WIFI
30:34:22:27:71:C9,,[OPEN],2025-3-26 22:55:13,1,-77,34.0468407,-117.1933289,374.80,1.50,WIFI
9C:57:BC:AE:B5:89,,[OPEN],2025-3-26 22:55:13,1,-81,34.0468407,-117.1933289,374.80,1.50,WIFI
9C:57:BC:AE:B5:86,boydhome,[WPA2_PSK],2025-3-26 22:55:13,1,-81,34.0468407,-117.1933289,374.80,1.50,WIFI
9C:57:BC:AE:B5:83,,[WPA3_PSK],2025-3-26 22:55:13,1,-82,34.0468407,-117.1933289,374.80,1.50,WIFI
68:FF:7B:D8:EB:B7,MySpectrumWiFia8-2G_EXT,[WPA_WPA2_PSK],2025-3-26 22:55:13,1,-84,34.0468407,-117.1933289,374.80,1.50,WIFI
B0:C2:87:C0:C0:81,BARNA,[WPA2_PSK],2025-3-26 22:55:13,1,-84,34.0468407,-117.1933289,374.80,1.50,WIFI
D0:6D:C9:37:76:86,Frontier0216,[WPA2_PSK],2025-3-26 22:55:13,1,-87,34.0468407,-117.1933289,374.80,1.50,WIFI
9C:57:BC:95:A5:03,,[WPA3_PSK],2025-3-26 22:55:13,1,-88,34.0468407,-117.1933289,374.80,1.50,WIFI
9C:57:BC:95:A5:09,,[OPEN],2025-3-26 22:55:13,1,-89,34.0468407,-117.1933289,374.80,1.50,WIFI
68:7F:F0:01:CB:0B,BeWell,[WPA2_WPA3_PSK],2025-3-26 22:55:16,3,-86,34.0465851,-117.1938095,374.60,1.50,WIFI
6C:CD:D6:F9:93:F4,,[WPA2_PSK],2025-3-26 22:55:17,4,-83,34.0464973,-117.1939621,374.50,1.50,WIFI
72:CD:D6:F9:93:F4,ButtonandSherman,[WPA2_PSK],2025-3-26 22:55:17,4,-85,34.0464973,-117.1939621,374.50,1.50,WIFI
A0:89:66:8D:EF:C0,,[WPA_WPA2_PSK],2025-3-26 22:55:17,4,-85,34.0464973,-117.1939621,374.50,1.50,WIFI
72:CD:D6:F7:8D:72,,[WPA2_PSK],2025-3-26 22:55:17,4,-89,34.0464973,-117.1939621,374.50,1.50,WIFI
48:22:54:DB:1C:D3,,[WPA2_PSK],2025-3-26 22:55:17,4,-91,34.0464973,-117.1939621,374.50,1.50,WIFI
9C:3D:CF:1A:90:FA,NETGEAR60,[WPA2_PSK],2025-3-26 22:55:19,6,-64,34.0463257,-117.1942673,374.30,1.50,WIFI
F8:AA:3F:CE:77:0B,Stegen2,[WPA2_PSK],2025-3-26 22:55:19,6,-65,34.0463257,-117.1942673,374.30,1.50,WIFI
E8:D2:FF:C7:AD:5E,SpectrumSetup-58,[WPA2_PSK],2025-3-26 22:55:19,6,-66,34.0463257,-117.1942673,374.30,1.50,WIFI
2C:EA:DC:31:5E:BB,SpectrumSetup-BD,[WPA2_PSK],2025-3-26 22:55:19,6,-81,34.0463257,-117.1942673,374.30,1.50,WIFI
78:76:89:EA:9C:64,home wifi,[WPA2_PSK],2025-3-26 22:55:19,6,-83,34.0463257,-117.1942673,374.30,1.50,WIFI
A0:04:60:D8:08:77,NETGEAR88,[WPA2_PSK],2025-3-26 22:55:21,8,-86,34.0461578,-117.1945648,374.00,1.50,WIFI
00:C8:96:66:64:16,,[WPA_WPA2_PSK],2025-3-26 22:55:23,10,-61,34.0459938,-117.1948624,374.00,1.50,WIFI
24:2F:D0:E1:08:6A,Abraham_Family_2.4GHz,[WPA2_PSK],2025-3-26 22:55:23,10,-88,34.0459938,-117.1948624,374.00,1.50,WIFI
BA:19:21:BD:A9:B1,,[WPA2_PSK],2025-3-26 22:55:23,10,-91,34.0459938,-117.1948624,374.00,1.50,WIFI
BA:19:21:BD:A9:B0,Abraham_Family_2.4GHz,[WPA2_PSK],2025-3-26 22:55:23,10,-94,34.0459938,-117.1948624,374.00,1.50,WIFI
D4:A9:28:19:35:7A,FiOS-JSW1X,[WPA2_PSK],2025-3-26 22:55:24,11,-71,34.0459137,-117.1950073,373.90,1.50,WIFI
F2:9F:C2:37:EA:74,FiOS-JSW1X,[WPA2_PSK],2025-3-26 22:55:24,11,-83,34.0459137,-117.1950073,373.90,1.50,WIFI
4C:12:65:1E:E8:38,Frontier6640,[WPA2_PSK],2025-3-26 22:55:24,11,-88,34.0459137,-117.1950073,373.90,1.50,WIFI
40:4C:77:11:F2:58,Frontier7008,[WPA2_PSK],2025-3-26 22:55:24,11,-92,34.0459137,-117.1950073,373.90,1.50,WIFI
40:32:9D:04:9B:DC,,[WPA2_PSK],2025-3-26 22:55:26,13,-92,34.0457726,-117.1952667,373.70,1.50,WIFI
B0:FC:88:6F:8D:7D,SpectrumSetup-77,[WPA2_PSK],2025-3-26 22:55:26,1,-78,34.0457726,-117.1952667,373.70,1.50,WIFI
A8:97:CD:BD:7B:C8,Frontier5328,[WPA2_PSK],2025-3-26 22:55:26,1,-83,34.0457726,-117.1952667,373.70,1.50,WIFI
40:B0:34:59:D1:7F,DIRECT-82-HP OfficeJet 7510,[WPA2_PSK],2025-3-26 22:55:26,1,-86,34.0457726,-117.1952667,373.70,1.50,WIFI
C8:63:FC:65:97:38,Frontier3776,[WPA2_PSK],2025-3-26 22:55:26,1,-90,34.0457726,-117.1952667,373.70,1.50,WIFI
6C:CD:D6:F7:8D:72,ButtonandSherman,[WPA2_PSK],2025-3-26 22:55:31,4,-63,34.0455513,-117.1956711,372.60,1.50,WIFI
72:CD:D6:F9:93:50,ButtonandSherman,[WPA2_PSK],2025-3-26 22:55:31,4,-82,34.0455513,-117.1956711,372.60,1.50,WIFI
C0:25:E9:0A:78:E1,MedTwo_EXT,[WPA2_PSK],2025-3-26 22:55:31,4,-93,34.0455513,-117.1956711,372.60,1.50,WIFI
D4:3F:32:A0:49:C6,Casita,[WPA2_PSK],2025-3-26 22:55:33,6,-72,34.0455360,-117.1956940,372.60,1.50,WIFI
5C:FA:25:EE:F9:74,SpectrumSetup-6E,[WPA2_PSK],2025-3-26 22:55:33,6,-74,34.0455360,-117.1956940,372.60,1.50,WIFI
A4:97:33:81:F5:61,SpectrumSetup-63,[WPA2_PSK],2025-3-26 22:55:33,6,-75,34.0455360,-117.1956940,372.60,1.50,WIFI
D4:3F:32:A0:49:C3,,[WPA3_PSK],2025-3-26 22:55:33,6,-76,34.0455360,-117.1956940,372.60,1.50,WIFI
D4:3F:32:A0:49:C9,,[OPEN],2025-3-26 22:55:33,6,-76,34.0455360,-117.1956940,372.60,1.50,WIFI
1A:24:CA:17:02:5A,Porsche_WLAN_0272,[WPA2_PSK],2025-3-26 22:55:33,6,-80,34.0455360,-117.1956940,372.60,1.50,WIFI
E8:D2:FF:B4:31:E6,SpectrumSetup-E0,[WPA2_PSK],2025-3-26 22:55:33,6,-80,34.0455360,-117.1956940,372.60,1.50,WIFI
58:9B:4A:93:9B:BB,SpectrumSetup-9BB7,[WPA2_PSK],2025-3-26 22:55:33,6,-81,34.0455360,-117.1956940,372.60,1.50,WIFI
E8:FC:AF:A1:DF:EE,koko,[WPA2_PSK],2025-3-26 22:55:35,8,-74,34.0455208,-117.1957245,372.60,1.50,WIFI
40:4C:77:7A:29:7B,MySpectrumWiFi7A-2G,[WPA2_PSK],2025-3-26 22:55:38,11,-76,34.0454216,-117.1959152,372.40,1.50,WIFI
F8:5B:3B:69:02:5F,SpectrumSetup-61,[WPA2_PSK],2025-3-26 22:55:38,11,-86,34.0454216,-117.1959152,372.40,1.50,WIFI
94:91:7F:E2:E9:3F,MySpectrumWiFi41-2G,[WPA2_PSK],2025-3-26 22:55:38,11,-87,34.0454216,-117.1959152,372.40,1.50,WIFI
6A:4C:77:11:F2:59,SpookyGhost_2.4G,[WPA2_PSK],2025-3-26 22:55:38,11,-95,34.0454216,-117.1959152,372.40,1.50,WIFI
2E:AA:8E:A7:FA:C6,,[WPA_WPA2_PSK],2025-3-26 22:55:38,11,-96,34.0454216,-117.1959152,372.40,1.50,WIFI
A8:97:CD:A8:E0:78,Broadcom,[OPEN],2025-3-26 22:55:40,1,-64,34.0453377,-117.1960754,372.60,1.50,WIFI
48:5D:36:5E:13:28,FiOS-I8EGW,[WPA2_PSK],2025-3-26 22:55:40,1,-86,34.0453377,-117.1960754,372.60,1.50,WIFI
A4:97:33:90:9D:99,SpectrumSetup-9B,[WPA2_PSK],2025-3-26 22:55:40,1,-87,34.0453377,-117.1960754,372.60,1.50,WIFI
26:97:33:90:9D:99,,[WPA2_PSK],2025-3-26 22:55:40,1,-87,34.0453377,-117.1960754,372.60,1.50,WIFI
D0:6D:C9:22:88:C6,Frontier0150,[WPA2_PSK],2025-3-26 22:55:40,1,-91,34.0453377,-117.1960754,372.60,1.50,WIFI
94:18:65:D8:74:B8,Ginadrtorres,[WPA2_PSK],2025-3-26 22:55:44,3,-92,34.0450935,-117.1965103,372.80,1.50,WIFI
6C:CD:D6:F9:93:50,,[WPA2_PSK],2025-3-26 22:55:45,4,-87,34.0450172,-117.1966476,372.50,1.50,WIFI
9C:57:BC:48:16:06,Olive Branch,[WPA2_PSK],2025-3-26 22:55:47,6,-78,34.0448647,-117.1969223,372.30,1.50,WIFI
9C:57:BC:48:16:03,,[WPA3_PSK],2025-3-26 22:55:47,6,-80,34.0448647,-117.1969223,372.30,1.50,WIFI
7C:78:B2:AD:50:1F,wzap85758780,[WPA2_PSK],2025-3-26 22:55:47,6,-82,34.0448647,-117.1969223,372.30,1.50,WIFI
C8:C6:FE:16:9B:C9,,[OPEN],2025-3-26 22:55:47,6,-83,34.0448647,-117.1969223,372.30,1.50,WIFI
C8:C6:FE:16:9B:C6,LHWG,[WPA2_PSK],2025-3-26 22:55:47,6,-83,34.0448647,-117.1969223,372.30,1.50,WIFI
C8:C6:FE:16:9B:C3,,[WPA3_PSK],2025-3-26 22:55:47,6,-84,34.0448647,-117.1969223,372.30,1.50,WIFI
74:B6:B6:B6:FA:0B,Olive House + Guest,[WPA2_PSK],2025-3-26 22:55:47,6,-84,34.0448647,-117.1969223,372.30,1.50,WIFI
5C:A5:BC:01:E9:67,,[OPEN],2025-3-26 22:55:47,6,-84,34.0448647,-117.1969223,372.30,1.50,WIFI
5C:A5:BC:01:E9:63,,[WPA3_PSK],2025-3-26 22:55:47,6,-84,34.0448647,-117.1969223,372.30,1.50,WIFI
5C:A5:BC:01:E9:65,Olive House +,[WPA2_PSK],2025-3-26 22:55:47,6,-84,34.0448647,-117.1969223,372.30,1.50,WIFI
5C:A5:BC:01:E9:6B,Olive House + Guest,[WPA2_PSK],2025-3-26 22:55:47,6,-84,34.0448647,-117.1969223,372.30,1.50,WIFI
74:B6:B6:B6:FA:03,,[WPA3_PSK],2025-3-26 22:55:47,6,-85,34.0448647,-117.1969223,372.30,1.50,WIFI
F0:21:E0:61:FB:47,,[OPEN],2025-3-26 22:55:47,6,-85,34.0448647,-117.1969223,372.30,1.50,WIFI
74:B6:B6:B6:FA:07,,[OPEN],2025-3-26 22:55:47,6,-86,34.0448647,-117.1969223,372.30,1.50,WIFI
74:B6:B6:B6:FA:05,Olive House +,[WPA2_PSK],2025-3-26 22:55:47,6,-86,34.0448647,-117.1969223,372.30,1.50,WIFI
6A:B9:D3:BB:1B:53,LEISURE470-C697F2,[WPA2_PSK],2025-3-26 22:55:47,6,-87,34.0448647,-117.1969223,372.30,1.50,WIFI
F0:21:E0:61:FB:43,,[WPA3_PSK],2025-3-26 22:55:47,6,-87,34.0448647,-117.1969223,372.30,1.50,WIFI
F0:21:E0:61:FB:45,Olive House +,[WPA2_PSK],2025-3-26 22:55:47,6,-87,34.0448647,-117.1969223,372.30,1.50,WIFI
F0:21:E0:61:FB:4B,Olive House + Guest,[WPA2_PSK],2025-3-26 22:55:47,6,-87,34.0448647,-117.1969223,372.30,1.50,WIFI
60:38:E0:E0:7F:ED,Parc_55,[WPA2_PSK],2025-3-26 22:55:47,6,-88,34.0448647,-117.1969223,372.30,1.50,WIFI
26:5A:4C:A7:2A:9E,,[WPA2_PSK],2025-3-26 22:55:47,6,-90,34.0448647,-117.1969223,372.30,1.50,WIFI
4A:D9:E7:91:3F:02,WhyNotZoidberg?,[WPA2_PSK],2025-3-26 22:55:47,6,-90,34.0448647,-117.1969223,372.30,1.50,WIFI
D2:19:21:DF:D2:DB,,[WPA2_PSK],2025-3-26 22:55:51,8,-85,34.0445442,-117.1975021,371.90,1.50,WIFI
B0:19:21:DF:D2:DB,Arrake3n,[WPA2_PSK],2025-3-26 22:55:51,8,-89,34.0445442,-117.1975021,371.90,1.50,WIFI
2C:58:4F:21:42:98,Ingram House,[WPA2_PSK],2025-3-26 22:55:52,9,-81,34.0444641,-117.1976471,371.60,1.50,WIFI
9E:A2:F4:2B:4C:42,TheKrellMainframe,[WPA2_PSK],2025-3-26 22:55:52,9,-94,34.0444641,-117.1976471,371.60,1.50,WIFI
8C:85:80:ED:A4:D3,,[WPA_WPA2_PSK],2025-3-26 22:55:53,10,-81,34.0443802,-117.1977997,371.40,1.50,WIFI
7E:78:B2:5C:A6:C8,,[WPA_WPA2_PSK],2025-3-26 22:55:54,11,-79,34.0442963,-117.1979523,371.20,1.50,WIFI
F0:B6:61:E7:48:07,Da and Dada,[WPA2_PSK],2025-3-26 22:55:54,11,-81,34.0442963,-117.1979523,371.20,1.50,WIFI
F0:B6:61:E7:48:04,,[WPA3_PSK],2025-3-26 22:55:54,11,-81,34.0442963,-117.1979523,371.20,1.50,WIFI
84:A0:6E:C7:7E:56,MySpectrumWiFi50-2G,[WPA2_PSK],2025-3-26 22:55:54,11,-82,34.0442963,-117.1979523,371.20,1.50,WIFI
F0:B6:61:E7:48:0A,,[OPEN],2025-3-26 22:55:54,11,-83,34.0442963,-117.1979523,371.20,1.50,WIFI
2C:EA:DC:BC:2E:6C,Verizon_CCW37Z,[WPA2_PSK],2025-3-26 22:55:54,11,-93,34.0442963,-117.1979523,371.20,1.50,WIFI
4C:19:5D:59:CE:CE,SpectrumSetup-C8,[WPA2_PSK],2025-3-26 22:55:57,1,-79,34.0440369,-117.1984329,370.50,1.50,WIFI
20:37:F0:6D:86:22,Endres Linksys,[WPA2_PSK],2025-3-26 22:55:57,1,-83,34.0440369,-117.1984329,370.50,1.50,WIFI
2C:76:8A:C5:2D:22,HP-Print-22-Officejet Pro 8600,[OPEN],2025-3-26 22:55:57,1,-84,34.0440369,-117.1984329,370.50,1.50,WIFI
CC:CF:83:83:1B:5F,,[WPA_WPA2_PSK],2025-3-26 22:55:57,1,-90,34.0440369,-117.1984329,370.50,1.50,WIFI
C0:A0:0D:F4:B6:F8,Frontier5104,[WPA2_PSK],2025-3-26 22:55:57,1,-90,34.0440369,-117.1984329,370.50,1.50,WIFI
96:3B:AD:21:A4:90,,[WPA2_PSK],2025-3-26 22:56:0,3,-88,34.0437813,-117.1988983,370.20,1.50,WIFI
00:AB:48:15:77:A7,,[OPEN],2025-3-26 22:56:3,6,-79,34.0435905,-117.1992569,369.80,1.50,WIFI
00:AB:48:15:77:A3,,[WPA3_PSK],2025-3-26 22:56:3,6,-79,34.0435905,-117.1992569,369.80,1.50,WIFI
00:AB:48:15:77:A5,I believe Wi can Fi,[WPA2_PSK],2025-3-26 22:56:3,6,-80,34.0435905,-117.1992569,369.80,1.50,WIFI
F8:5B:3B:6F:41:44,DONEL,[WPA2_PSK],2025-3-26 22:56:3,6,-80,34.0435905,-117.1992569,369.80,1.50,WIFI
00:AB:48:18:C5:C3,,[WPA3_PSK],2025-3-26 22:56:3,6,-84,34.0435905,-117.1992569,369.80,1.50,WIFI
9C:A2:F4:2B:4C:42,,[WPA2_PSK],2025-3-26 22:56:6,9,-73,34.0435257,-117.1994247,370.10,1.50,WIFI
5C:62:8B:EE:D2:82,,[WPA_WPA2_PSK],2025-3-26 22:56:6,9,-77,34.0435257,-117.1994247,370.10,1.50,WIFI
9C:A2:F4:2B:47:5E,,[WPA2_PSK],2025-3-26 22:56:6,9,-80,34.0435257,-117.1994247,370.10,1.50,WIFI
9E:A2:F4:2B:47:5E,TheKrellMainframe,[WPA2_PSK],2025-3-26 22:56:6,9,-81,34.0435257,-117.1994247,370.10,1.50,WIFI
F8:1A:2B:02:61:ED,Casa google,[WPA2_PSK],2025-3-26 22:56:8,11,-77,34.0435219,-117.1994476,370.70,1.50,WIFI
80:E5:40:DD:2E:48,Frontier3232,[WPA2_PSK],2025-3-26 22:56:8,11,-81,34.0435219,-117.1994476,370.70,1.50,WIFI
24:41:FE:77:E1:02,Endres Linksys,[WPA2_PSK],2025-3-26 22:56:8,11,-81,34.0435219,-117.1994476,370.70,1.50,WIFI
F0:B6:61:0F:F0:C4,,[WPA3_PSK],2025-3-26 22:56:8,11,-86,34.0435219,-117.1994476,370.70,1.50,WIFI
F0:B6:61:0F:F0:C7,Pointer Wifi,[WPA2_PSK],2025-3-26 22:56:8,11,-86,34.0435219,-117.1994476,370.70,1.50,WIFI
10:C3:7B:D3:2F:10,ASUS_24GHz,[WPA2_PSK],2025-3-26 22:56:8,11,-92,34.0435219,-117.1994476,370.70,1.50,WIFI
4C:AB:F8:46:5B:FD,SpectrumSetup-FF,[WPA2_PSK],2025-3-26 22:56:11,1,-83,34.0435829,-117.1995850,369.30,1.50,WIFI
DE:91:BF:F5:33:CB,,[WPA2_PSK],2025-3-26 22:56:11,1,-92,34.0435829,-117.1995850,369.30,1.50,WIFI
80:69:1A:94:49:40,Leason2.0,[WPA2_WPA3_PSK],2025-3-26 22:56:11,1,-92,34.0435829,-117.1995850,369.30,1.50,WIFI
86:69:1A:94:49:40,,[WPA2_WPA3_PSK],2025-3-26 22:56:11,1,-93,34.0435829,-117.1995850,369.30,1.50,WIFI
22:3E:A4:0C:7C:5C,,[WPA2_PSK],2025-3-26 22:56:11,1,-96,34.0435829,-117.1995850,369.30,1.50,WIFI
80:69:1A:94:41:18,Leason2.0,[WPA2_WPA3_PSK],2025-3-26 22:56:15,4,-85,34.0439529,-117.1998825,367.50,1.50,WIFI
86:69:1A:95:12:0F,,[WPA2_WPA3_PSK],2025-3-26 22:56:16,5,-82,34.0440712,-117.1999741,366.90,1.50,WIFI
80:69:1A:95:12:0F,Leason2.0,[WPA2_WPA3_PSK],2025-3-26 22:56:16,5,-83,34.0440712,-117.1999741,366.90,1.50,WIFI
F4:52:46:8C:52:F5,SpectrumSetup-52F8,[WPA2_PSK],2025-3-26 22:56:17,6,-81,34.0441933,-117.2000656,366.50,1.50,WIFI
78:76:89:36:98:E7,CoolCasa,[WPA2_PSK],2025-3-26 22:56:17,6,-85,34.0441933,-117.2000656,366.50,1.50,WIFI
78:76:89:36:98:EA,,[OPEN],2025-3-26 22:56:17,6,-86,34.0441933,-117.2000656,366.50,1.50,WIFI
58:2F:F7:75:40:C6,SpectrumSetup-C0,[WPA2_PSK],2025-3-26 22:56:17,6,-86,34.0441933,-117.2000656,366.50,1.50,WIFI
F8:AA:3F:D3:6F:03,SpectrumSetup-79,[WPA2_PSK],2025-3-26 22:56:17,6,-87,34.0441933,-117.2000656,366.50,1.50,WIFI
A4:11:62:72:9A:12,ARLO_VMB_4422026869,[WPA2_PSK],2025-3-26 22:56:17,6,-89,34.0441933,-117.2000656,366.50,1.50,WIFI
F8:E4:FB:57:D6:72,YV26B,[WPA2_PSK],2025-3-26 22:56:17,6,-91,34.0441933,-117.2000656,366.50,1.50,WIFI
80:69:1A:94:41:B4,Leason2.0,[WPA2_WPA3_PSK],2025-3-26 22:56:20,9,-69,34.0445595,-117.2003555,365.00,1.50,WIFI
D8:EB:97:EE:2E:32,Keidel2.4-private,[WPA2_PSK],2025-3-26 22:56:21,10,-82,34.0446815,-117.2004471,364.50,1.50,WIFI
C4:8E:8F:E4:98:76,WIFIE49872,[WPA2_PSK],2025-3-26 22:56:22,11,-62,34.0447960,-117.2005463,364.00,1.50,WIFI
90:9A:4A:47:AA:E6,joola-5G_2.4GEXT,[WPA2_PSK],2025-3-26 22:56:22,11,-71,34.0447960,-117.2005463,364.00,1.50,WIFI
A0:04:60:CE:27:A6,NETGEAR76,[WPA2_PSK],2025-3-26 22:56:22,11,-76,34.0447960,-117.2005463,364.00,1.50,WIFI
84:A0:6E:C9:E2:16,joola-2G,[WPA2_PSK],2025-3-26 22:56:22,11,-83,34.0447960,-117.2005463,364.00,1.50,WIFI
C8:B4:22:05:E5:E7,Cooks Retreat,[WPA2_PSK],2025-3-26 22:56:23,1,-85,34.0449104,-117.2006302,363.60,1.50,WIFI
80:78:71:09:36:9E,Dead space,[WPA2_PSK],2025-3-26 22:56:23,1,-88,34.0449104,-117.2006302,363.60,1.50,WIFI
10:DA:43:99:AA:F6,NETGEAR29,[WPA2_PSK],2025-3-26 22:56:28,3,-87,34.0453568,-117.2009964,362.90,1.50,WIFI
94:18:65:D2:FC:4F,Adulting101,[WPA2_PSK],2025-3-26 22:56:28,3,-89,34.0453568,-117.2009964,362.90,1.50,WIFI
88:57:1D:51:C7:14,[range]_E30AJT7113083P,[WPA2_PSK],2025-3-26 22:56:29,4,-94,34.0453873,-117.2010651,362.70,1.50,WIFI
F8:E4:FB:03:39:7E,2BPB2,[WPA2_PSK],2025-3-26 22:56:31,6,-70,34.0453835,-117.2012100,362.30,1.50,WIFI
9C:A5:70:9B:A0:07,,[OPEN],2025-3-26 22:56:31,6,-71,34.0453835,-117.2012100,362.30,1.50,WIFI
9C:A5:70:9B:A0:05,Normanrose,[WPA2_PSK],2025-3-26 22:56:31,6,-72,34.0453835,-117.2012100,362.30,1.50,WIFI
9C:A5:70:9B:A0:03,,[WPA3_PSK],2025-3-26 22:56:31,6,-72,34.0453835,-117.2012100,362.30,1.50,WIFI
60:F4:19:01:28:A6,WZWMK,[WPA2_PSK],2025-3-26 22:56:31,6,-85,34.0453835,-117.2012100,362.30,1.50,WIFI
60:F4:19:01:28:A3,,[WPA3_PSK],2025-3-26 22:56:31,6,-86,34.0453835,-117.2012100,362.30,1.50,WIFI
44:EA:D8:1E:24:B8,ChimePro-1E24B7,[OPEN],2025-3-26 22:56:31,6,-87,34.0453835,-117.2012100,362.30,1.50,WIFI
60:F4:19:01:28:A9,,[OPEN],2025-3-26 22:56:31,6,-87,34.0453835,-117.2012100,362.30,1.50,WIFI
74:AC:B9:BD:CB:D1,BT_Magnolia,[WPA2_PSK],2025-3-26 22:56:31,6,-88,34.0453835,-117.2012100,362.30,1.50,WIFI
7E:AC:B9:BD:CB:D1,iPhoneSetup,[WPA2_PSK],2025-3-26 22:56:31,6,-88,34.0453835,-117.2012100,362.30,1.50,WIFI
7A:AC:B9:BD:CB:D1,BT_Magnolia_guest,[WPA2_PSK],2025-3-26 22:56:31,6,-89,34.0453835,-117.2012100,362.30,1.50,WIFI
16:0C:6B:32:3D:8C,RPNet,[WPA2_PSK],2025-3-26 22:56:33,8,-91,34.0453033,-117.2013626,362.30,1.50,WIFI
9C:0B:05:C3:67:C7,GeorgeYaz,[WPA2_PSK],2025-3-26 22:56:36,11,-83,34.0451508,-117.2016220,362.60,1.50,WIFI
22:3E:A4:04:CF:C2,,[WPA2_PSK],2025-3-26 22:56:36,11,-85,34.0451508,-117.2016220,362.60,1.50,WIFI
9C:0B:05:C3:67:C4,,[WPA3_PSK],2025-3-26 22:56:36,11,-87,34.0451508,-117.2016220,362.60,1.50,WIFI
F8:F5:32:4C:34:08,Frontier0816,[WPA2_PSK],2025-3-26 22:56:36,11,-91,34.0451508,-117.2016220,362.60,1.50,WIFI
00:13:37:AA:3A:34,Redlands Free WiFi,[OPEN],2025-3-26 22:56:36,11,-92,34.0451508,-117.2016220,362.60,1.50,WIFI
66:CB:E9:7C:99:EC,[LG_Oven]99ec,[WPA2_PSK],2025-3-26 22:56:36,11,-93,34.0451508,-117.2016220,362.60,1.50,WIFI
CC:40:D0:A2:8E:62,NETGEAR91,[WPA2_PSK],2025-3-26 22:56:38,1,-74,34.0450630,-117.2017593,362.60,1.50,WIFI
F4:52:46:1D:8C:B9,SpectrumSetup-BB,[WPA2_PSK],2025-3-26 22:56:38,1,-77,34.0450630,-117.2017593,362.60,1.50,WIFI
7E:AC:B9:BD:D4:B8,iPhoneSetup,[WPA2_PSK],2025-3-26 22:56:38,1,-86,34.0450630,-117.2017593,362.60,1.50,WIFI
3C:04:61:9B:96:F8,Frontier2416,[WPA2_PSK],2025-3-26 22:56:38,1,-88,34.0450630,-117.2017593,362.60,1.50,WIFI
2C:67:BE:09:97:EF,SpectrumSetup-97EB,[WPA2_PSK],2025-3-26 22:56:38,1,-90,34.0450630,-117.2017593,362.60,1.50,WIFI
FC:34:97:05:D4:D1,BeOurGuest,[WPA2_WPA3_PSK],2025-3-26 22:56:41,2,-74,34.0449104,-117.2017975,362.50,1.50,WIFI
FC:34:97:05:D4:D0,Belle-2G,[WPA2_PSK],2025-3-26 22:56:41,2,-75,34.0449104,-117.2017975,362.50,1.50,WIFI
00:22:6C:A7:D7:04,,[OPEN],2025-3-26 22:56:41,2,-85,34.0449104,-117.2017975,362.50,1.50,WIFI
D8:C8:E9:79:87:E2,Lumiere,[WPA2_PSK],2025-3-26 22:56:41,2,-86,34.0449104,-117.2017975,362.50,1.50,WIFI
00:22:6C:A7:DA:30,,[OPEN],2025-3-26 22:56:41,2,-89,34.0449104,-117.2017975,362.50,1.50,WIFI
54:04:63:FB:12:D8,,[WPA_WPA2_PSK],2025-3-26 22:56:42,3,-72,34.0448494,-117.2017670,362.50,1.50,WIFI
D4:3F:32:6C:47:C6,durian,[WPA2_PSK],2025-3-26 22:56:45,6,-73,34.0446358,-117.2016144,363.20,1.50,WIFI
22:48:6C:B1:A8:3B,,[WPA2_PSK],2025-3-26 22:56:45,6,-79,34.0446358,-117.2016144,363.20,1.50,WIFI
D4:3F:32:6C:47:C9,,[OPEN],2025-3-26 22:56:45,6,-79,34.0446358,-117.2016144,363.20,1.50,WIFI
90:CA:FA:9B:59:3C,The Force,[WPA2_PSK],2025-3-26 22:56:45,6,-86,34.0446358,-117.2016144,363.20,1.50,WIFI
82:AC:B9:BD:CB:D1,,[WPA2_PSK],2025-3-26 22:56:45,6,-86,34.0446358,-117.2016144,363.20,1.50,WIFI
56:13:79:C7:1D:8E,DIRECT-8e-HP M281 LaserJet,[WPA2_PSK],2025-3-26 22:56:45,6,-88,34.0446358,-117.2016144,363.20,1.50,WIFI
90:CA:FA:9B:5D:1A,The Force,[WPA2_PSK],2025-3-26 22:56:45,6,-89,34.0446358,-117.2016144,363.20,1.50,WIFI
80:78:71:80:F3:1F,SpectrumSetup-21,[WPA2_PSK],2025-3-26 22:56:45,6,-90,34.0446358,-117.2016144,363.20,1.50,WIFI
98:ED:5C:83:A7:13,TeslaPV_83A713,[WPA2_PSK],2025-3-26 22:56:47,8,-90,34.0445023,-117.2015228,363.70,1.50,WIFI
D4:05:DE:89:EE:67,Honn,[WPA2_PSK],2025-3-26 22:56:50,11,-72,34.0443840,-117.2014160,364.20,1.50,WIFI
D4:05:DE:89:EE:64,,[WPA3_PSK],2025-3-26 22:56:50,11,-72,34.0443840,-117.2014160,364.20,1.50,WIFI
D4:05:DE:89:EE:6A,,[OPEN],2025-3-26 22:56:50,11,-72,34.0443840,-117.2014160,364.20,1.50,WIFI
02:13:37:AA:3A:34,manage,[WPA2_PSK],2025-3-26 22:56:50,11,-76,34.0443840,-117.2014160,364.20,1.50,WIFI
F8:5B:3B:CE:64:39,MandC,[WPA2_PSK],2025-3-26 22:56:50,11,-86,34.0443840,-117.2014160,364.20,1.50,WIFI
00:17:1A:D5:37:06,Winegard2ghzD53705,[WPA2_PSK],2025-3-26 22:56:50,11,-89,34.0443840,-117.2014160,364.20,1.50,WIFI
02:17:1A:D5:37:06,,[WPA2_PSK],2025-3-26 22:56:50,11,-90,34.0443840,-117.2014160,364.20,1.50,WIFI
00:C8:96:B2:DC:40,,[WPA_WPA2_PSK],2025-3-26 22:56:50,11,-92,34.0443840,-117.2014160,364.20,1.50,WIFI
90:CA:FA:9B:5C:CF,The Force,[WPA2_PSK],2025-3-26 22:56:52,1,-80,34.0443687,-117.2013397,364.10,1.50,WIFI
1E:67:BE:09:97:E8,,[WPA2_PSK],2025-3-26 22:56:52,1,-84,34.0443687,-117.2013397,364.10,1.50,WIFI
AA:0C:7A:D4:3E:98,,[WPA2_PSK],2025-3-26 22:56:52,1,-85,34.0443687,-117.2013397,364.10,1.50,WIFI
1E:67:BE:09:97:E9,,[WPA2_PSK],2025-3-26 22:56:52,1,-85,34.0443687,-117.2013397,364.10,1.50,WIFI
8A:0C:7A:D4:3E:98,,[WPA2_PSK],2025-3-26 22:56:52,1,-86,34.0443687,-117.2013397,364.10,1.50,WIFI
34:53:D2:52:09:CE,SpectrumSetup-C8,[WPA2_PSK],2025-3-26 22:56:52,1,-86,34.0443687,-117.2013397,364.10,1.50,WIFI
58:68:7A:10:AF:16,Cookie,[WPA2_WPA3_PSK],2025-3-26 22:56:52,1,-89,34.0443687,-117.2013397,364.10,1.50,WIFI
