WigleWifi-1.4,appRelease=v1.2.0,model=ESP32 Marauder,release=v1.2.0,device=ESP32 Marauder,display=SPI TFT,board=ESP32 Marauder,brand=JustCallMeKoko
MAC,SSID,AuthMode,FirstSeen,Channel,RSSI,CurrentLatitude,CurrentLongitude,AltitudeMeters,AccuracyMeters,Type
90:CA:FA:9B:5C:CF,The Force,[WPA2_PSK],2025-3-26 17:53:50,1,-72,34.0443993,-117.2011871,358.30,2.00,WIFI
9A:0C:7A:D4:2C:F8,SpectrumSetup-97EB,[WPA2_PSK],2025-3-26 17:53:50,1,-75,34.0443993,-117.2011871,358.30,2.00,WIFI
58:68:7A:10:AF:16,Cookie,[WPA2_WPA3_PSK],2025-3-26 17:53:50,1,-78,34.0443993,-117.2011871,358.30,2.00,WIFI
8A:0C:7A:D4:2C:F8,,[WPA2_PSK],2025-3-26 17:53:50,1,-80,34.0443993,-117.2011871,358.30,2.00,WIFI
AA:0C:7A:D4:2C:F8,,[WPA2_PSK],2025-3-26 17:53:50,1,-80,34.0443993,-117.2011871,358.30,2.00,WIFI
2C:67:BE:09:97:EF,SpectrumSetup-97EB,[WPA2_PSK],2025-3-26 17:53:50,1,-82,34.0443993,-117.2011871,358.30,2.00,WIFI
34:53:D2:52:09:CE,SpectrumSetup-C8,[WPA2_PSK],2025-3-26 17:53:50,1,-85,34.0443993,-117.2011871,358.30,2.00,WIFI
FC:34:97:05:D4:D0,Belle-2G,[WPA2_PSK],2025-3-26 17:53:51,2,-75,34.0443993,-117.2011871,358.40,2.00,WIFI
FC:34:97:05:D4:D1,BeOurGuest,[WPA2_WPA3_PSK],2025-3-26 17:53:51,2,-76,34.0443993,-117.2011871,358.40,2.00,WIFI
86:69:1A:94:41:18,,[WPA2_WPA3_PSK],2025-3-26 17:53:53,4,-92,34.0443993,-117.2012024,359.30,2.00,WIFI
56:13:79:C7:1D:8E,DIRECT-8e-HP M281 LaserJet,[WPA2_PSK],2025-3-26 17:53:55,6,-67,34.0443954,-117.2012024,359.40,2.00,WIFI
90:CA:FA:9B:59:3C,The Force,[WPA2_PSK],2025-3-26 17:53:55,6,-68,34.0443954,-117.2012024,359.40,2.00,WIFI
90:CA:FA:9B:5D:1A,The Force,[WPA2_PSK],2025-3-26 17:53:55,6,-68,34.0443954,-117.2012024,359.40,2.00,WIFI
D4:3F:32:6C:47:C3,,[WPA3_PSK],2025-3-26 17:53:55,6,-76,34.0443954,-117.2012024,359.40,2.00,WIFI
A4:11:62:72:9A:12,ARLO_VMB_4422026869,[WPA2_PSK],2025-3-26 17:53:55,6,-77,34.0443954,-117.2012024,359.40,2.00,WIFI
58:2F:F7:75:40:C6,SpectrumSetup-C0,[WPA2_PSK],2025-3-26 17:53:55,6,-85,34.0443954,-117.2012024,359.40,2.00,WIFI
98:ED:5C:83:A7:13,TeslaPV_83A713,[WPA2_PSK],2025-3-26 17:53:57,8,-59,34.0443954,-117.2011948,359.60,2.00,WIFI
02:13:37:AA:3A:34,manage,[WPA2_PSK],2025-3-26 17:54:0,11,-51,34.0443916,-117.2012024,359.90,2.00,WIFI
00:13:37:AA:3A:34,Redlands Free WiFi,[OPEN],2025-3-26 17:54:0,11,-53,34.0443916,-117.2012024,359.90,2.00,WIFI
D4:05:DE:89:EE:67,Honn,[WPA2_PSK],2025-3-26 17:54:0,11,-71,34.0443916,-117.2012024,359.90,2.00,WIFI
D4:05:DE:89:EE:64,,[WPA3_PSK],2025-3-26 17:54:0,11,-72,34.0443916,-117.2012024,359.90,2.00,WIFI
D4:05:DE:89:EE:6A,,[OPEN],2025-3-26 17:54:0,11,-72,34.0443916,-117.2012024,359.90,2.00,WIFI
00:17:1A:D5:37:06,Winegard2ghzD53705,[WPA2_PSK],2025-3-26 17:54:0,11,-83,34.0443916,-117.2012024,359.90,2.00,WIFI
9C:0B:05:C3:67:C7,GeorgeYaz,[WPA2_PSK],2025-3-26 17:54:0,11,-84,34.0443916,-117.2012024,359.90,2.00,WIFI
22:3E:A4:04:CF:C2,,[WPA2_PSK],2025-3-26 17:54:0,11,-84,34.0443916,-117.2012024,359.90,2.00,WIFI
F4:52:46:1D:8C:B9,SpectrumSetup-BB,[WPA2_PSK],2025-3-26 17:54:2,1,-82,34.0443840,-117.2012253,359.70,2.00,WIFI
8A:0C:7A:D4:3E:98,,[WPA2_PSK],2025-3-26 17:54:2,1,-84,34.0443840,-117.2012253,359.70,2.00,WIFI
AA:0C:7A:D4:3E:98,,[WPA2_PSK],2025-3-26 17:54:2,1,-84,34.0443840,-117.2012253,359.70,2.00,WIFI
9A:0C:7A:D4:3E:98,SpectrumSetup-97EB,[WPA2_PSK],2025-3-26 17:54:2,1,-84,34.0443840,-117.2012253,359.70,2.00,WIFI
C6:A5:11:13:55:77,,[WPA2_PSK],2025-3-26 17:54:7,4,-90,34.0443611,-117.2012939,359.80,2.00,WIFI
D4:3F:32:6C:47:C9,,[OPEN],2025-3-26 17:54:9,6,-73,34.0443535,-117.2013245,360.40,2.00,WIFI
60:F4:19:01:28:A9,,[OPEN],2025-3-26 17:54:9,6,-75,34.0443535,-117.2013245,360.40,2.00,WIFI
60:F4:19:01:28:A6,WZWMK,[WPA2_PSK],2025-3-26 17:54:9,6,-75,34.0443535,-117.2013245,360.40,2.00,WIFI
D4:3F:32:6C:47:C6,durian,[WPA2_PSK],2025-3-26 17:54:9,6,-75,34.0443535,-117.2013245,360.40,2.00,WIFI
60:F4:19:01:28:A3,,[WPA3_PSK],2025-3-26 17:54:9,6,-76,34.0443535,-117.2013245,360.40,2.00,WIFI
A0:64:8F:EA:3E:51,MySpectrumWiFi53-2G,[WPA2_PSK],2025-3-26 17:54:9,6,-86,34.0443535,-117.2013245,360.40,2.00,WIFI
74:AC:B9:BD:CB:D1,BT_Magnolia,[WPA2_PSK],2025-3-26 17:54:9,6,-89,34.0443535,-117.2013245,360.40,2.00,WIFI
84:A0:6E:C9:E2:16,joola-2G,[WPA2_PSK],2025-3-26 17:54:14,11,-86,34.0443382,-117.2013474,360.80,2.00,WIFI
1E:67:BE:09:97:E8,,[WPA2_PSK],2025-3-26 17:54:16,1,-75,34.0443840,-117.2013397,360.30,2.00,WIFI
1E:67:BE:09:97:E9,,[WPA2_PSK],2025-3-26 17:54:16,1,-75,34.0443840,-117.2013397,360.30,2.00,WIFI
7E:AC:B9:BD:D4:B8,iPhoneSetup,[WPA2_PSK],2025-3-26 17:54:16,1,-81,34.0443840,-117.2013397,360.30,2.00,WIFI
74:AC:B9:BD:D4:B8,BT_Magnolia,[WPA2_PSK],2025-3-26 17:54:16,1,-82,34.0443840,-117.2013397,360.30,2.00,WIFI
7A:AC:B9:BD:D4:B8,BT_Magnolia_guest,[WPA2_PSK],2025-3-26 17:54:16,1,-82,34.0443840,-117.2013397,360.30,2.00,WIFI
CC:40:D0:A2:8E:62,NETGEAR91,[WPA2_PSK],2025-3-26 17:54:16,1,-85,34.0443840,-117.2013397,360.30,2.00,WIFI
A0:04:60:CE:27:AC,NETGEAR49,[WPA2_PSK],2025-3-26 17:54:16,1,-87,34.0443840,-117.2013397,360.30,2.00,WIFI
04:B6:BE:46:60:CE,,[WPA_WPA2_PSK],2025-3-26 17:54:19,2,-82,34.0444946,-117.2014160,360.00,2.00,WIFI
54:04:63:FB:12:D8,,[WPA_WPA2_PSK],2025-3-26 17:54:20,3,-71,34.0445404,-117.2014542,359.70,2.00,WIFI
10:DA:43:99:AA:F6,NETGEAR29,[WPA2_PSK],2025-3-26 17:54:20,3,-87,34.0445404,-117.2014542,359.70,2.00,WIFI
60:32:B1:31:E3:3E,DECO,[WPA2_PSK],2025-3-26 17:54:20,3,-92,34.0445404,-117.2014542,359.70,2.00,WIFI
44:EA:D8:1E:24:B8,ChimePro-1E24B7,[OPEN],2025-3-26 17:54:23,6,-80,34.0447273,-117.2016144,358.80,2.00,WIFI
22:48:6C:B1:A8:3B,,[WPA2_PSK],2025-3-26 17:54:23,6,-80,34.0447273,-117.2016144,358.80,2.00,WIFI
82:AC:B9:BD:CB:D1,,[WPA2_PSK],2025-3-26 17:54:23,6,-81,34.0447273,-117.2016144,358.80,2.00,WIFI
7E:AC:B9:BD:CB:D1,iPhoneSetup,[WPA2_PSK],2025-3-26 17:54:23,6,-82,34.0447273,-117.2016144,358.80,2.00,WIFI
7A:AC:B9:BD:CB:D1,BT_Magnolia_guest,[WPA2_PSK],2025-3-26 17:54:23,6,-83,34.0447273,-117.2016144,358.80,2.00,WIFI
C8:D3:FF:15:93:18,DIRECT-17-HP ENVY 5660 series,[WPA2_PSK],2025-3-26 17:54:23,6,-91,34.0447273,-117.2016144,358.80,2.00,WIFI
10:0C:6B:32:3D:8C,,[WPA2_PSK],2025-3-26 17:54:25,8,-92,34.0448418,-117.2016983,358.70,2.00,WIFI
32:80:88:D9:17:30,,[WPA2_PSK],2025-3-26 17:54:26,9,-93,34.0448799,-117.2017212,358.40,2.00,WIFI
06:5F:67:8D:A1:3E,,[WPA2_PSK],2025-3-26 17:54:27,10,-90,34.0449104,-117.2017288,358.30,2.00,WIFI
00:5F:67:8D:A1:3E,Adobo,[WPA2_PSK],2025-3-26 17:54:27,10,-92,34.0449104,-117.2017288,358.30,2.00,WIFI
9C:0B:05:C3:67:C4,,[WPA3_PSK],2025-3-26 17:54:28,11,-78,34.0449333,-117.2017365,358.30,2.00,WIFI
9C:0B:05:C3:67:CA,,[OPEN],2025-3-26 17:54:28,11,-79,34.0449333,-117.2017365,358.30,2.00,WIFI
F8:F5:32:4C:34:08,Frontier0816,[WPA2_PSK],2025-3-26 17:54:28,11,-82,34.0449333,-117.2017365,358.30,2.00,WIFI
66:CB:E9:7C:99:EC,[LG_Oven]99ec,[WPA2_PSK],2025-3-26 17:54:28,11,-84,34.0449333,-117.2017365,358.30,2.00,WIFI
58:2F:F7:68:A1:56,SpectrumSetup-50,[WPA2_PSK],2025-3-26 17:54:28,11,-87,34.0449333,-117.2017365,358.30,2.00,WIFI
82:AC:B9:BD:D4:B8,,[WPA2_PSK],2025-3-26 17:54:30,1,-82,34.0449905,-117.2017212,358.40,2.00,WIFI
88:57:1D:54:C8:BF,[dishwasher] Samsung,[WPA2_PSK],2025-3-26 17:54:30,1,-83,34.0449905,-117.2017212,358.40,2.00,WIFI
DA:31:34:D0:B7:61,,[WPA2_PSK],2025-3-26 17:54:30,1,-86,34.0449905,-117.2017212,358.40,2.00,WIFI
00:CB:51:4F:64:8E,MySpectrumWiFi88-2G,[WPA2_PSK],2025-3-26 17:54:30,1,-88,34.0449905,-117.2017212,358.40,2.00,WIFI
3C:04:61:9B:96:F8,Frontier2416,[WPA2_PSK],2025-3-26 17:54:30,1,-91,34.0449905,-117.2017212,358.40,2.00,WIFI
86:69:1A:94:49:40,,[WPA2_WPA3_PSK],2025-3-26 17:54:30,1,-91,34.0449905,-117.2017212,358.40,2.00,WIFI
C6:C9:E3:8D:C5:86,,[WPA2_PSK],2025-3-26 17:54:34,3,-86,34.0451508,-117.2014923,357.70,2.00,WIFI
C0:C9:E3:8D:C5:86,Hanfamily 2.0,[WPA2_PSK],2025-3-26 17:54:34,3,-87,34.0451508,-117.2014923,357.70,2.00,WIFI
88:57:1D:51:C7:14,[range]_E30AJT7113083P,[WPA2_PSK],2025-3-26 17:54:35,4,-91,34.0452003,-117.2014160,357.50,2.00,WIFI
86:69:1A:95:12:0F,,[WPA2_WPA3_PSK],2025-3-26 17:54:36,5,-91,34.0452385,-117.2013397,357.30,2.00,WIFI
F8:E4:FB:03:39:7E,2BPB2,[WPA2_PSK],2025-3-26 17:54:37,6,-73,34.0452766,-117.2012634,357.20,2.00,WIFI
9C:A5:70:9B:A0:05,Normanrose,[WPA2_PSK],2025-3-26 17:54:37,6,-74,34.0452766,-117.2012634,357.20,2.00,WIFI
9C:A5:70:9B:A0:07,,[OPEN],2025-3-26 17:54:37,6,-75,34.0452766,-117.2012634,357.20,2.00,WIFI
B0:BB:E5:2B:21:D6,SpectrumSetup-D0,[WPA2_PSK],2025-3-26 17:54:37,6,-85,34.0452766,-117.2012634,357.20,2.00,WIFI
98:1E:19:29:93:7E,MySpectrumWiFi78-2G,[WPA2_PSK],2025-3-26 17:54:37,6,-93,34.0452766,-117.2012634,357.20,2.00,WIFI
16:0C:6B:32:3D:8C,RPNet,[WPA2_PSK],2025-3-26 17:54:39,8,-86,34.0453224,-117.2011490,357.20,2.00,WIFI
10:DA:43:CD:7C:1E,NETGEAR95,[WPA2_PSK],2025-3-26 17:54:39,8,-88,34.0453224,-117.2011490,357.20,2.00,WIFI
34:60:F9:5F:7E:1B,HandB,[WPA2_PSK],2025-3-26 17:54:40,9,-82,34.0453339,-117.2011185,357.30,2.00,WIFI
56:60:F9:5F:7E:1B,,[WPA2_PSK],2025-3-26 17:54:40,9,-83,34.0453339,-117.2011185,357.30,2.00,WIFI
80:69:1A:94:41:B4,Leason2.0,[WPA2_WPA3_PSK],2025-3-26 17:54:40,9,-85,34.0453339,-117.2011185,357.30,2.00,WIFI
D8:EB:97:EE:2E:32,Keidel2.4-private,[WPA2_PSK],2025-3-26 17:54:41,10,-88,34.0453377,-117.2010956,357.10,2.00,WIFI
DA:EB:97:EE:2E:35,Keidel-guest2.4,[WPA2_PSK],2025-3-26 17:54:41,10,-89,34.0453377,-117.2010956,357.10,2.00,WIFI
C4:8E:8F:E4:98:76,WIFIE49872,[WPA2_PSK],2025-3-26 17:54:42,11,-69,34.0453377,-117.2010727,356.80,2.00,WIFI
08:7B:12:43:AF:E6,Frontier1383,[WPA2_PSK],2025-3-26 17:54:42,11,-74,34.0453377,-117.2010727,356.80,2.00,WIFI
84:1E:A3:29:7F:16,Marquez,[WPA2_PSK],2025-3-26 17:54:42,11,-77,34.0453377,-117.2010727,356.80,2.00,WIFI
9C:C8:FC:01:AE:48,Roberts,[WPA2_PSK],2025-3-26 17:54:42,11,-77,34.0453377,-117.2010727,356.80,2.00,WIFI
74:37:5F:DA:99:47,SpectrumSetup-45,[WPA2_PSK],2025-3-26 17:54:42,11,-83,34.0453377,-117.2010727,356.80,2.00,WIFI
A0:04:60:CE:27:A6,NETGEAR76,[WPA2_PSK],2025-3-26 17:54:42,11,-84,34.0453377,-117.2010727,356.80,2.00,WIFI
C8:B4:22:05:E5:E7,Cooks Retreat,[WPA2_PSK],2025-3-26 17:54:44,1,-69,34.0453072,-117.2009811,356.40,2.00,WIFI
80:69:1A:94:49:40,Leason2.0,[WPA2_WPA3_PSK],2025-3-26 17:54:44,1,-79,34.0453072,-117.2009811,356.40,2.00,WIFI
DC:92:72:E5:8D:AF,Frontier0087,[WPA2_PSK],2025-3-26 17:54:44,1,-90,34.0453072,-117.2009811,356.40,2.00,WIFI
28:C2:DD:BD:4C:74,WMbd4c74,[OPEN],2025-3-26 17:54:48,3,-81,34.0450630,-117.2007828,356.00,2.00,WIFI
80:69:1A:94:41:18,Leason2.0,[WPA2_WPA3_PSK],2025-3-26 17:54:49,4,-73,34.0449753,-117.2007217,356.10,2.00,WIFI
80:69:1A:94:49:9A,Leason2.0,[WPA2_WPA3_PSK],2025-3-26 17:54:49,4,-84,34.0449753,-117.2007217,356.10,2.00,WIFI
D0:16:7C:8D:8B:E3,,[WPA3_PSK],2025-3-26 17:54:51,6,-88,34.0447769,-117.2005615,356.40,2.00,WIFI
78:76:89:36:98:E4,,[WPA3_PSK],2025-3-26 17:54:51,6,-88,34.0447769,-117.2005615,356.40,2.00,WIFI
78:76:89:36:98:EA,,[OPEN],2025-3-26 17:54:51,6,-88,34.0447769,-117.2005615,356.40,2.00,WIFI
78:76:89:36:98:E7,CoolCasa,[WPA2_PSK],2025-3-26 17:54:51,6,-88,34.0447769,-117.2005615,356.40,2.00,WIFI
F8:AA:3F:D3:6F:03,SpectrumSetup-79,[WPA2_PSK],2025-3-26 17:54:51,6,-91,34.0447769,-117.2005615,356.40,2.00,WIFI
54:04:63:C8:48:E1,,[WPA_WPA2_PSK],2025-3-26 17:54:52,7,-92,34.0446625,-117.2004776,356.80,2.00,WIFI
9C:A2:F4:2B:4C:42,,[WPA2_PSK],2025-3-26 17:54:54,9,-81,34.0444412,-117.2003021,357.80,2.00,WIFI
9E:A2:F4:2B:4C:42,TheKrellMainframe,[WPA2_PSK],2025-3-26 17:54:54,9,-82,34.0444412,-117.2003021,357.80,2.00,WIFI
5E:62:8B:2E:D2:82,TheKrellMainframe,[WPA2_PSK],2025-3-26 17:54:54,9,-89,34.0444412,-117.2003021,357.80,2.00,WIFI
5C:62:8B:EE:D2:82,,[WPA_WPA2_PSK],2025-3-26 17:54:54,9,-91,34.0444412,-117.2003021,357.80,2.00,WIFI
1C:63:49:3D:58:FD,ENVOY_000889,[OPEN],2025-3-26 17:54:55,10,-72,34.0443268,-117.2002106,358.20,2.00,WIFI
22:3E:A4:9A:0C:40,,[WPA2_PSK],2025-3-26 17:54:55,10,-87,34.0443268,-117.2002106,358.20,2.00,WIFI
F0:B6:61:0F:F0:C4,,[WPA3_PSK],2025-3-26 17:54:56,11,-68,34.0442123,-117.2001190,358.70,2.00,WIFI
F0:B6:61:0F:F0:CA,,[OPEN],2025-3-26 17:54:56,11,-69,34.0442123,-117.2001190,358.70,2.00,WIFI
F0:B6:61:0F:F0:C7,Pointer Wifi,[WPA2_PSK],2025-3-26 17:54:56,11,-71,34.0442123,-117.2001190,358.70,2.00,WIFI
F0:B6:61:84:70:2A,,[OPEN],2025-3-26 17:54:56,11,-71,34.0442123,-117.2001190,358.70,2.00,WIFI
F0:B6:61:84:70:24,,[WPA3_PSK],2025-3-26 17:54:56,11,-72,34.0442123,-117.2001190,358.70,2.00,WIFI
F0:B6:61:84:70:27,Pointer Wifi,[WPA2_PSK],2025-3-26 17:54:56,11,-72,34.0442123,-117.2001190,358.70,2.00,WIFI
9A:49:14:1B:60:71,KEITH KADDY,[WPA2_PSK],2025-3-26 17:54:56,11,-82,34.0442123,-117.2001190,358.70,2.00,WIFI
20:37:F0:6D:86:22,Endres Linksys,[WPA2_PSK],2025-3-26 17:54:58,1,-73,34.0439911,-117.1999435,359.40,2.00,WIFI
DE:91:BF:F5:33:CB,,[WPA2_PSK],2025-3-26 17:54:58,1,-79,34.0439911,-117.1999435,359.40,2.00,WIFI
4C:AB:F8:46:5B:FD,SpectrumSetup-FF,[WPA2_PSK],2025-3-26 17:54:58,1,-84,34.0439911,-117.1999435,359.40,2.00,WIFI
24:41:FE:77:E1:02,Endres Linksys,[WPA2_PSK],2025-3-26 17:54:58,1,-86,34.0439911,-117.1999435,359.40,2.00,WIFI
4C:19:5D:03:2F:70,SpectrumSetup-6A,[WPA2_PSK],2025-3-26 17:54:58,1,-88,34.0439911,-117.1999435,359.40,2.00,WIFI
60:57:47:9C:8A:36,,[WPA_WPA2_PSK],2025-3-26 17:55:3,4,-89,34.0435829,-117.1996155,361.90,2.00,WIFI
92:EB:B6:74:01:C5,,[WPA2_PSK],2025-3-26 17:55:4,5,-91,34.0435410,-117.1995850,362.40,2.00,WIFI
14:EB:B6:74:01:C3,Husbander-tron,[WPA2_PSK],2025-3-26 17:55:4,5,-93,34.0435410,-117.1995850,362.40,2.00,WIFI
78:76:89:2D:85:44,,[WPA3_PSK],2025-3-26 17:55:5,6,-80,34.0435143,-117.1995697,362.90,2.00,WIFI
78:76:89:2D:85:47,CoolCasa,[WPA2_PSK],2025-3-26 17:55:5,6,-83,34.0435143,-117.1995697,362.90,2.00,WIFI
F4:52:46:8C:52:F5,SpectrumSetup-52F8,[WPA2_PSK],2025-3-26 17:55:5,6,-83,34.0435143,-117.1995697,362.90,2.00,WIFI
00:AB:48:15:77:A7,,[OPEN],2025-3-26 17:55:5,6,-84,34.0435143,-117.1995697,362.90,2.00,WIFI
00:AB:48:15:77:A3,,[WPA3_PSK],2025-3-26 17:55:5,6,-84,34.0435143,-117.1995697,362.90,2.00,WIFI
00:AB:48:15:77:A5,I believe Wi can Fi,[WPA2_PSK],2025-3-26 17:55:5,6,-84,34.0435143,-117.1995697,362.90,2.00,WIFI
4C:AB:F8:47:BC:D9,SpectrumSetup-DB,[WPA2_PSK],2025-3-26 17:55:5,6,-86,34.0435143,-117.1995697,362.90,2.00,WIFI
9C:57:BC:9D:DA:A3,,[WPA3_PSK],2025-3-26 17:55:5,6,-86,34.0435143,-117.1995697,362.90,2.00,WIFI
9C:57:BC:9D:DA:A9,,[OPEN],2025-3-26 17:55:5,6,-86,34.0435143,-117.1995697,362.90,2.00,WIFI
D0:16:7C:44:17:67,,[OPEN],2025-3-26 17:55:5,6,-86,34.0435143,-117.1995697,362.90,2.00,WIFI
D0:16:7C:44:17:63,,[WPA3_PSK],2025-3-26 17:55:5,6,-86,34.0435143,-117.1995697,362.90,2.00,WIFI
00:AB:48:18:C5:C3,,[WPA3_PSK],2025-3-26 17:55:5,6,-86,34.0435143,-117.1995697,362.90,2.00,WIFI
00:AB:48:18:C5:C5,I believe Wi can Fi,[WPA2_PSK],2025-3-26 17:55:5,6,-86,34.0435143,-117.1995697,362.90,2.00,WIFI
9C:57:BC:9D:DA:A6,KAL,[WPA2_PSK],2025-3-26 17:55:5,6,-87,34.0435143,-117.1995697,362.90,2.00,WIFI
00:AB:48:18:C5:C7,,[OPEN],2025-3-26 17:55:5,6,-87,34.0435143,-117.1995697,362.90,2.00,WIFI
5A:E4:03:7D:3B:9E,myGMC 3B9E,[WPA2_PSK],2025-3-26 17:55:5,7,-90,34.0435143,-117.1995697,362.90,2.00,WIFI
98:6B:3D:D8:7E:B0,Dolly4595,[WPA_WPA2_PSK],2025-3-26 17:55:8,8,-81,34.0435219,-117.1995697,363.20,2.00,WIFI
54:07:7D:0E:3B:3F,JSF2235,[WPA2_PSK],2025-3-26 17:55:8,8,-87,34.0435219,-117.1995697,363.20,2.00,WIFI
9E:A2:F4:2B:47:5E,TheKrellMainframe,[WPA2_PSK],2025-3-26 17:55:9,9,-69,34.0435219,-117.1995697,363.20,2.00,WIFI
9C:A2:F4:2B:47:5E,,[WPA2_PSK],2025-3-26 17:55:9,9,-70,34.0435219,-117.1995697,363.20,2.00,WIFI
86:69:1A:94:41:B4,,[WPA2_WPA3_PSK],2025-3-26 17:55:9,9,-88,34.0435219,-117.1995697,363.20,2.00,WIFI
98:F7:81:E8:DA:18,Frontier5104,[WPA2_PSK],2025-3-26 17:55:11,11,-76,34.0434952,-117.1995544,363.50,2.00,WIFI
80:E5:40:DD:2E:48,Frontier3232,[WPA2_PSK],2025-3-26 17:55:11,11,-86,34.0434952,-117.1995544,363.50,2.00,WIFI
4C:19:5D:59:CE:CE,SpectrumSetup-C8,[WPA2_PSK],2025-3-26 17:55:14,1,-69,34.0434418,-117.1993866,364.10,2.00,WIFI
C0:A0:0D:F4:B6:F8,Frontier5104,[WPA2_PSK],2025-3-26 17:55:14,1,-84,34.0434418,-117.1993866,364.10,2.00,WIFI
E6:FA:C4:2F:20:F3,,[WPA2_PSK],2025-3-26 17:55:17,3,-91,34.0435562,-117.1991043,364.40,2.00,WIFI
94:18:65:D8:74:B8,Ginadrtorres,[WPA2_PSK],2025-3-26 17:55:17,3,-92,34.0435562,-117.1991043,364.40,2.00,WIFI
04:17:B6:B5:67:20,,[WPA_WPA2_PSK],2025-3-26 17:55:20,6,-86,34.0437508,-117.1987457,364.10,2.00,WIFI
36:D2:70:79:49:0E,,[WPA2_PSK],2025-3-26 17:55:20,6,-87,34.0437508,-117.1987457,364.10,2.00,WIFI
F8:E4:FB:8D:48:B3,8RN4H,[WPA2_PSK],2025-3-26 17:55:20,6,-88,34.0437508,-117.1987457,364.10,2.00,WIFI
C6:65:16:D2:B2:F8,DIRECT-F8-HP OfficeJet 5200,[WPA2_PSK],2025-3-26 17:55:20,6,-89,34.0437508,-117.1987457,364.10,2.00,WIFI
B0:19:21:DF:D2:DB,Arrake3n,[WPA2_PSK],2025-3-26 17:55:22,8,-82,34.0439034,-117.1984711,364.10,2.00,WIFI
04:17:B6:F1:65:A8,,[WPA_WPA2_PSK],2025-3-26 17:55:23,9,-78,34.0439835,-117.1983261,364.20,2.00,WIFI
2C:58:4F:21:42:98,Ingram House,[WPA2_PSK],2025-3-26 17:55:23,9,-91,34.0439835,-117.1983261,364.20,2.00,WIFI
8C:85:80:ED:A4:D3,,[WPA_WPA2_PSK],2025-3-26 17:55:24,10,-84,34.0440636,-117.1981812,364.40,2.00,WIFI
F0:B6:61:E7:48:07,Da and Dada,[WPA2_PSK],2025-3-26 17:55:25,11,-68,34.0441437,-117.1980362,364.60,2.00,WIFI
F0:B6:61:E7:48:04,,[WPA3_PSK],2025-3-26 17:55:25,11,-70,34.0441437,-117.1980362,364.60,2.00,WIFI
F0:B6:61:E7:48:0A,,[OPEN],2025-3-26 17:55:25,11,-70,34.0441437,-117.1980362,364.60,2.00,WIFI
84:A0:6E:C7:7E:56,MySpectrumWiFi50-2G,[WPA2_PSK],2025-3-26 17:55:25,11,-76,34.0441437,-117.1980362,364.60,2.00,WIFI
7E:78:B2:5C:A6:C8,,[WPA_WPA2_PSK],2025-3-26 17:55:25,11,-77,34.0441437,-117.1980362,364.60,2.00,WIFI
F8:5B:3B:69:02:5F,SpectrumSetup-61,[WPA2_PSK],2025-3-26 17:55:25,11,-91,34.0441437,-117.1980362,364.60,2.00,WIFI
D8:A7:56:8A:12:66,MySpectrumWiFi60-2G,[WPA2_PSK],2025-3-26 17:55:28,1,-83,34.0443764,-117.1976242,365.50,2.00,WIFI
A4:97:33:90:9D:99,SpectrumSetup-9B,[WPA2_PSK],2025-3-26 17:55:28,1,-85,34.0443764,-117.1976242,365.50,2.00,WIFI
16:97:33:90:9D:99,,[WPA2_PSK],2025-3-26 17:55:28,1,-86,34.0443764,-117.1976242,365.50,2.00,WIFI
26:97:33:90:9D:99,,[WPA2_PSK],2025-3-26 17:55:28,1,-88,34.0443764,-117.1976242,365.50,2.00,WIFI
12:E7:C6:D4:ED:96,DIRECT-96-HP ENVY 5000 series,[WPA2_PSK],2025-3-26 17:55:28,1,-88,34.0443764,-117.1976242,365.50,2.00,WIFI
80:E5:40:EC:73:78,Frontier3984,[WPA2_PSK],2025-3-26 17:55:28,1,-89,34.0443764,-117.1976242,365.50,2.00,WIFI
00:26:B8:42:45:23,U43L2,[WPA_WPA2_PSK],2025-3-26 17:55:28,1,-91,34.0443764,-117.1976242,365.50,2.00,WIFI
C8:63:FC:61:80:78,Frontier5808,[WPA2_PSK],2025-3-26 17:55:28,1,-92,34.0443764,-117.1976242,365.50,2.00,WIFI
EA:07:B6:75:C1:7F,,[WPA2_PSK],2025-3-26 17:55:30,2,-93,34.0445290,-117.1973495,365.90,2.00,WIFI
00:C8:96:CC:EE:1A,,[WPA_WPA2_PSK],2025-3-26 17:55:31,3,-92,34.0446014,-117.1972122,366.00,2.00,WIFI
72:CD:D6:F9:93:50,ButtonandSherman,[WPA2_PSK],2025-3-26 17:55:32,4,-77,34.0446815,-117.1970825,366.20,2.00,WIFI
6C:CD:D6:F9:93:50,,[WPA2_PSK],2025-3-26 17:55:32,4,-78,34.0446815,-117.1970825,366.20,2.00,WIFI
34:08:E1:0E:2C:CA,ENVOY_151743,[OPEN],2025-3-26 17:55:32,4,-86,34.0446815,-117.1970825,366.20,2.00,WIFI
72:CD:D6:F9:93:F4,ButtonandSherman,[WPA2_PSK],2025-3-26 17:55:32,4,-91,34.0446815,-117.1970825,366.20,2.00,WIFI
80:64:6F:FA:B8:05,Traeger-B805,[WPA2_PSK],2025-3-26 17:55:33,5,-90,34.0447502,-117.1969452,366.30,2.00,WIFI
E8:D2:FF:B4:31:E6,SpectrumSetup-E0,[WPA2_PSK],2025-3-26 17:55:34,6,-63,34.0448265,-117.1968079,366.30,2.00,WIFI
6A:B9:D3:BB:1B:53,LEISURE470-C697F2,[WPA2_PSK],2025-3-26 17:55:34,6,-70,34.0448265,-117.1968079,366.30,2.00,WIFI
74:B6:B6:B6:FA:07,,[OPEN],2025-3-26 17:55:34,6,-73,34.0448265,-117.1968079,366.30,2.00,WIFI
74:B6:B6:B6:FA:03,,[WPA3_PSK],2025-3-26 17:55:34,6,-73,34.0448265,-117.1968079,366.30,2.00,WIFI
74:B6:B6:B6:FA:0B,Olive House + Guest,[WPA2_PSK],2025-3-26 17:55:34,6,-73,34.0448265,-117.1968079,366.30,2.00,WIFI
74:B6:B6:B6:FA:05,Olive House +,[WPA2_PSK],2025-3-26 17:55:34,6,-74,34.0448265,-117.1968079,366.30,2.00,WIFI
4C:22:F3:39:41:8F,Verizon_97STJP,[WPA2_PSK],2025-3-26 17:55:34,6,-82,34.0448265,-117.1968079,366.30,2.00,WIFI
F0:21:E0:61:FB:47,,[OPEN],2025-3-26 17:55:34,6,-85,34.0448265,-117.1968079,366.30,2.00,WIFI
F0:21:E0:61:FB:43,,[WPA3_PSK],2025-3-26 17:55:34,6,-85,34.0448265,-117.1968079,366.30,2.00,WIFI
F0:21:E0:61:FB:45,Olive House +,[WPA2_PSK],2025-3-26 17:55:34,6,-85,34.0448265,-117.1968079,366.30,2.00,WIFI
F0:21:E0:61:FB:4B,Olive House + Guest,[WPA2_PSK],2025-3-26 17:55:34,6,-85,34.0448265,-117.1968079,366.30,2.00,WIFI
FA:8F:CA:93:6B:CA,Grandkids TV.b,[OPEN],2025-3-26 17:55:34,6,-89,34.0448265,-117.1968079,366.30,2.00,WIFI
E8:FC:AF:A1:DF:EE,koko,[WPA2_PSK],2025-3-26 17:55:36,8,-82,34.0449753,-117.1965332,366.60,2.00,WIFI
40:B0:76:A9:49:B0,Tesla,[WPA2_PSK],2025-3-26 17:55:36,8,-90,34.0449753,-117.1965332,366.60,2.00,WIFI
70:4F:57:70:65:15,Garage,[WPA2_PSK],2025-3-26 17:55:37,9,-69,34.0450478,-117.1964188,366.80,2.00,WIFI
04:B6:BE:46:56:F6,,[WPA_WPA2_PSK],2025-3-26 17:55:38,10,-89,34.0451050,-117.1963043,366.90,2.00,WIFI
40:4C:77:7A:29:7B,MySpectrumWiFi7A-2G,[WPA2_PSK],2025-3-26 17:55:39,11,-73,34.0451546,-117.1962051,367.10,2.00,WIFI
40:4C:77:11:F2:58,Frontier7008,[WPA2_PSK],2025-3-26 17:55:39,11,-87,34.0451546,-117.1962051,367.10,2.00,WIFI
94:91:7F:E2:E9:3F,MySpectrumWiFi41-2G,[WPA2_PSK],2025-3-26 17:55:39,11,-87,34.0451546,-117.1962051,367.10,2.00,WIFI
6A:4C:77:11:F2:59,SpookyGhost_2.4G,[WPA2_PSK],2025-3-26 17:55:39,11,-90,34.0451546,-117.1962051,367.10,2.00,WIFI
40:32:9D:04:9B:DC,,[WPA2_PSK],2025-3-26 17:55:41,13,-94,34.0452309,-117.1960754,367.20,2.00,WIFI
D0:6D:C9:37:76:86,Frontier0216,[WPA2_PSK],2025-3-26 17:55:42,1,-80,34.0452576,-117.1960220,367.20,2.00,WIFI
D0:6D:C9:22:88:C6,Frontier0150,[WPA2_PSK],2025-3-26 17:55:42,1,-83,34.0452576,-117.1960220,367.20,2.00,WIFI
40:B0:34:59:D1:7F,DIRECT-82-HP OfficeJet 7510,[WPA2_PSK],2025-3-26 17:55:42,1,-83,34.0452576,-117.1960220,367.20,2.00,WIFI
6C:CD:D6:F7:8D:72,ButtonandSherman,[WPA2_PSK],2025-3-26 17:55:46,4,-65,34.0452995,-117.1959457,367.10,2.00,WIFI
72:CD:D6:F7:8D:72,,[WPA2_PSK],2025-3-26 17:55:46,4,-66,34.0452995,-117.1959457,367.10,2.00,WIFI
6C:CD:D6:F9:93:F4,,[WPA2_PSK],2025-3-26 17:55:46,4,-79,34.0452995,-117.1959457,367.10,2.00,WIFI
C0:25:E9:0A:78:E1,MedTwo_EXT,[WPA2_PSK],2025-3-26 17:55:46,4,-87,34.0452995,-117.1959457,367.10,2.00,WIFI
A4:97:33:81:F5:61,SpectrumSetup-63,[WPA2_PSK],2025-3-26 17:55:48,6,-78,34.0452995,-117.1959457,367.10,2.00,WIFI
D4:3F:32:A0:49:C3,,[WPA3_PSK],2025-3-26 17:55:48,6,-79,34.0452995,-117.1959457,367.10,2.00,WIFI
D4:3F:32:A0:49:C9,,[OPEN],2025-3-26 17:55:48,6,-79,34.0452995,-117.1959457,367.10,2.00,WIFI
D4:3F:32:A0:49:C6,Casita,[WPA2_PSK],2025-3-26 17:55:48,6,-79,34.0452995,-117.1959457,367.10,2.00,WIFI
5A:E4:03:40:32:89,Audi_MMI_6250,[WPA2_PSK],2025-3-26 17:55:48,6,-80,34.0452995,-117.1959457,367.10,2.00,WIFI
5C:FA:25:EE:F9:74,SpectrumSetup-6E,[WPA2_PSK],2025-3-26 17:55:48,6,-83,34.0452995,-117.1959457,367.10,2.00,WIFI
58:9B:4A:93:9B:BB,SpectrumSetup-9BB7,[WPA2_PSK],2025-3-26 17:55:48,6,-84,34.0452995,-117.1959457,367.10,2.00,WIFI
3C:37:86:D5:B7:8A,NETGEAR58,[WPA2_PSK],2025-3-26 17:55:49,7,-86,34.0453033,-117.1959457,367.10,2.00,WIFI
A0:04:60:D8:08:77,NETGEAR88,[WPA2_PSK],2025-3-26 17:55:50,8,-83,34.0453033,-117.1959381,367.10,2.00,WIFI
00:C8:96:66:64:16,,[WPA_WPA2_PSK],2025-3-26 17:55:52,10,-77,34.0453377,-117.1958771,367.00,2.00,WIFI
D4:A9:28:19:35:7A,FiOS-JSW1X,[WPA2_PSK],2025-3-26 17:55:53,11,-77,34.0453644,-117.1958313,367.10,2.00,WIFI
4C:12:65:1E:E8:38,Frontier6640,[WPA2_PSK],2025-3-26 17:55:53,11,-90,34.0453644,-117.1958313,367.10,2.00,WIFI
24:94:CB:EA:DA:B8,Frontier6000,[WPA2_PSK],2025-3-26 17:55:53,11,-91,34.0453644,-117.1958313,367.10,2.00,WIFI
0C:EA:C9:C6:FD:68,Frontier1984,[WPA2_PSK],2025-3-26 17:55:53,11,-93,34.0453644,-117.1958313,367.10,2.00,WIFI
50:FD:D5:7E:D8:CB,[range]_E30AJT7113388E,[WPA2_PSK],2025-3-26 17:55:56,1,-84,34.0454712,-117.1956406,366.90,2.00,WIFI
A8:97:CD:BD:7B:C8,Frontier5328,[WPA2_PSK],2025-3-26 17:55:56,1,-86,34.0454712,-117.1956406,366.90,2.00,WIFI
A8:11:FC:BB:5B:C8,Frontier7552,[WPA2_PSK],2025-3-26 17:55:56,1,-87,34.0454712,-117.1956406,366.90,2.00,WIFI
F0:9F:C2:37:E9:80,FiOS-JSW1X-5G,[WPA2_PSK],2025-3-26 17:55:56,1,-87,34.0454712,-117.1956406,366.90,2.00,WIFI
B0:FC:88:6F:8D:7D,SpectrumSetup-77,[WPA2_PSK],2025-3-26 17:55:56,1,-89,34.0454712,-117.1956406,366.90,2.00,WIFI
34:53:D2:D9:FE:72,SpectrumSetup-6C,[WPA2_PSK],2025-3-26 17:55:56,1,-91,34.0454712,-117.1956406,366.90,2.00,WIFI
48:22:54:DB:1C:D3,,[WPA2_PSK],2025-3-26 17:56:0,4,-87,34.0456657,-117.1952896,367.30,2.00,WIFI
6A:22:54:DB:1C:D3,,[WPA2_PSK],2025-3-26 17:56:0,4,-87,34.0456657,-117.1952896,367.30,2.00,WIFI
F8:AA:3F:CE:77:0B,Stegen2,[WPA2_PSK],2025-3-26 17:56:2,6,-71,34.0457878,-117.1950531,367.60,2.00,WIFI
2C:EA:DC:31:5E:BB,SpectrumSetup-BD,[WPA2_PSK],2025-3-26 17:56:2,6,-76,34.0457878,-117.1950531,367.60,2.00,WIFI
78:76:89:EB:DF:B6,,[OPEN],2025-3-26 17:56:2,6,-77,34.0457878,-117.1950531,367.60,2.00,WIFI
78:76:89:EB:DF:B2,,[WPA3_PSK],2025-3-26 17:56:2,6,-78,34.0457878,-117.1950531,367.60,2.00,WIFI
78:76:89:EB:DF:B4,home wifi,[WPA2_PSK],2025-3-26 17:56:2,6,-79,34.0457878,-117.1950531,367.60,2.00,WIFI
9C:3D:CF:1A:90:FA,NETGEAR60,[WPA2_PSK],2025-3-26 17:56:2,6,-81,34.0457878,-117.1950531,367.60,2.00,WIFI
E8:D2:FF:C7:AD:5E,SpectrumSetup-58,[WPA2_PSK],2025-3-26 17:56:2,6,-82,34.0457878,-117.1950531,367.60,2.00,WIFI
2C:EA:DC:B0:CC:C1,SpectrumSetup-C3,[WPA2_PSK],2025-3-26 17:56:2,6,-88,34.0457878,-117.1950531,367.60,2.00,WIFI
72:3A:CB:53:02:BC,Guest,[WPA2_WPA3_PSK],2025-3-26 17:56:2,6,-90,34.0457878,-117.1950531,367.60,2.00,WIFI
00:17:1A:D6:6C:68,Winegard2ghzD66C67,[WPA2_PSK],2025-3-26 17:56:5,8,-90,34.0459976,-117.1946564,367.90,2.00,WIFI
02:17:1A:D6:6C:68,,[WPA2_PSK],2025-3-26 17:56:5,8,-93,34.0459976,-117.1946564,367.90,2.00,WIFI
FC:34:97:3A:43:70,Dodger Blue Guest,[WPA2_WPA3_PSK],2025-3-26 17:56:6,9,-93,34.0460701,-117.1945267,368.00,2.00,WIFI
D4:5D:64:0D:91:B0,upElk,[WPA2_PSK],2025-3-26 17:56:7,10,-79,34.0461502,-117.1943817,368.20,2.00,WIFI
00:68:EB:0F:BF:47,DIRECT-46-HP OfficeJet 3830,[WPA2_PSK],2025-3-26 17:56:7,10,-83,34.0461502,-117.1943817,368.20,2.00,WIFI
74:FE:CE:7D:02:BE,Abraham_Family_2.4GHz,[WPA2_PSK],2025-3-26 17:56:7,10,-89,34.0461502,-117.1943817,368.20,2.00,WIFI
76:FE:CE:6D:02:BE,,[WPA_WPA2_PSK],2025-3-26 17:56:7,10,-90,34.0461502,-117.1943817,368.20,2.00,WIFI
DC:69:B5:9E:F9:E3,,[WPA3_PSK],2025-3-26 17:56:8,11,-73,34.0462265,-117.1942444,368.40,2.00,WIFI
DC:69:B5:9E:F9:E6,Bachman,[WPA2_PSK],2025-3-26 17:56:8,11,-74,34.0462265,-117.1942444,368.40,2.00,WIFI
DC:69:B5:9E:F9:E9,,[OPEN],2025-3-26 17:56:8,11,-75,34.0462265,-117.1942444,368.40,2.00,WIFI
24:94:CB:0F:BE:C8,Frontier6464,[WPA2_PSK],2025-3-26 17:56:8,11,-80,34.0462265,-117.1942444,368.40,2.00,WIFI
C0:89:AB:1F:9C:18,Frontier8048,[WPA2_PSK],2025-3-26 17:56:8,11,-87,34.0462265,-117.1942444,368.40,2.00,WIFI
9C:57:BC:95:A5:09,,[OPEN],2025-3-26 17:56:11,1,-63,34.0464592,-117.1938248,368.60,2.00,WIFI
9C:57:BC:95:A5:03,,[WPA3_PSK],2025-3-26 17:56:11,1,-65,34.0464592,-117.1938248,368.60,2.00,WIFI
9C:57:BC:95:A5:06,boydhome,[WPA2_PSK],2025-3-26 17:56:11,1,-70,34.0464592,-117.1938248,368.60,2.00,WIFI
30:34:22:27:71:C3,,[WPA3_PSK],2025-3-26 17:56:11,1,-71,34.0464592,-117.1938248,368.60,2.00,WIFI
84:A0:6E:CB:AF:46,MySpectrumWiFia8-2G,[WPA2_PSK],2025-3-26 17:56:11,1,-78,34.0464592,-117.1938248,368.60,2.00,WIFI
9C:57:BC:AE:B5:86,boydhome,[WPA2_PSK],2025-3-26 17:56:11,1,-80,34.0464592,-117.1938248,368.60,2.00,WIFI
68:FF:7B:D8:EB:B7,MySpectrumWiFia8-2G_EXT,[WPA_WPA2_PSK],2025-3-26 17:56:11,1,-81,34.0464592,-117.1938248,368.60,2.00,WIFI
9C:57:BC:38:61:86,Frontier8256,[WPA2_PSK],2025-3-26 17:56:11,1,-82,34.0464592,-117.1938248,368.60,2.00,WIFI
9C:57:BC:38:61:83,,[WPA3_PSK],2025-3-26 17:56:11,1,-83,34.0464592,-117.1938248,368.60,2.00,WIFI
F0:81:75:CE:D1:F6,SpectrumSetup-F0,[WPA2_PSK],2025-3-26 17:56:11,1,-87,34.0464592,-117.1938248,368.60,2.00,WIFI
2E:3B:F3:3E:02:30,,[WPA2_PSK],2025-3-26 17:56:11,2,-89,34.0464592,-117.1938248,368.60,2.00,WIFI
68:7F:F0:01:CB:0B,BeWell,[WPA2_WPA3_PSK],2025-3-26 17:56:14,3,-81,34.0467033,-117.1933823,368.70,2.00,WIFI
04:17:B6:AB:46:30,,[WPA_WPA2_PSK],2025-3-26 17:56:15,4,-79,34.0467834,-117.1932373,368.70,1.75,WIFI
88:3D:24:7E:8F:20,RedlandsPD,[WPA2_PSK],2025-3-26 17:56:17,6,-53,34.0469437,-117.1929550,368.70,1.75,WIFI
F8:1A:2B:2D:9C:F5,RedlandsPD,[WPA2_PSK],2025-3-26 17:56:17,6,-74,34.0469437,-117.1929550,368.70,1.75,WIFI
88:3D:24:7E:92:B1,RedlandsPD,[WPA2_PSK],2025-3-26 17:56:17,6,-79,34.0469437,-117.1929550,368.70,1.75,WIFI
88:3D:24:7E:92:7A,RedlandsPD,[WPA2_PSK],2025-3-26 17:56:17,6,-82,34.0469437,-117.1929550,368.70,1.75,WIFI
74:93:DA:57:06:C5,SpectrumSetup-C7,[WPA2_PSK],2025-3-26 17:56:17,6,-86,34.0469437,-117.1929550,368.70,1.75,WIFI
58:9B:4A:AC:14:3B,SpectrumSetup-1437,[WPA2_PSK],2025-3-26 17:56:17,6,-92,34.0469437,-117.1929550,368.70,1.75,WIFI
FC:34:97:B4:11:D1,Funkey Monkey,[WPA2_PSK],2025-3-26 17:56:18,7,-75,34.0470238,-117.1928101,368.70,1.75,WIFI
F0:2F:74:7D:B9:F1,Funkey Monkey,[WPA2_PSK],2025-3-26 17:56:18,7,-85,34.0470238,-117.1928101,368.70,1.75,WIFI
D4:5D:64:31:F7:F0,Funkey Monkey,[WPA2_PSK],2025-3-26 17:56:18,7,-91,34.0470238,-117.1928101,368.70,1.75,WIFI
DA:40:D0:51:62:42,R2S-Guest,[WPA2_PSK],2025-3-26 17:56:19,8,-87,34.0471039,-117.1926651,368.80,1.75,WIFI
92:25:4A:40:19:E8,Dodger Blue,[WPA2_WPA3_PSK],2025-3-26 17:56:19,8,-95,34.0471039,-117.1926651,368.80,1.75,WIFI
46:3F:8C:E7:28:32,,[WPA2_PSK],2025-3-26 17:56:20,9,-91,34.0471840,-117.1925201,368.80,1.75,WIFI
88:D7:F6:AF:4E:C0,Uranus,[WPA2_PSK],2025-3-26 17:56:21,10,-89,34.0472641,-117.1923752,368.90,1.75,WIFI
00:C8:96:D1:4B:CA,,[WPA_WPA2_PSK],2025-3-26 17:56:21,10,-91,34.0472641,-117.1923752,368.90,1.75,WIFI
C0:3C:04:A0:33:15,SpectrumSetup-0F,[WPA2_PSK],2025-3-26 17:56:22,11,-66,34.0473442,-117.1922226,369.10,1.75,WIFI
3C:37:86:B6:83:2B,Dilligaf,[WPA2_PSK],2025-3-26 17:56:22,11,-87,34.0473442,-117.1922226,369.10,1.75,WIFI
D8:8E:D4:80:44:A7,MySpectrumWiFi92-2G,[WPA2_PSK],2025-3-26 17:56:22,11,-88,34.0473442,-117.1922226,369.10,1.75,WIFI
48:5D:36:15:A6:50,FiOS-YEOCX,[WPA2_PSK],2025-3-26 17:56:22,11,-90,34.0473442,-117.1922226,369.10,1.75,WIFI
4C:AB:F8:9F:18:9D,A_71,[WPA2_PSK],2025-3-26 17:56:22,11,-90,34.0473442,-117.1922226,369.10,1.75,WIFI
48:5D:36:14:82:0C,FiOS-DDK5C,[WPA2_PSK],2025-3-26 17:56:22,11,-92,34.0473442,-117.1922226,369.10,1.75,WIFI
58:9B:4A:95:DF:8E,Poor Richards,[WPA2_PSK],2025-3-26 17:56:25,1,-64,34.0475922,-117.1917877,369.00,1.75,WIFI
44:AC:85:71:A2:66,PRNTS,[WPA2_PSK],2025-3-26 17:56:25,1,-77,34.0475922,-117.1917877,369.00,1.75,WIFI
44:AC:85:71:A2:63,,[WPA3_PSK],2025-3-26 17:56:25,1,-83,34.0475922,-117.1917877,369.00,1.75,WIFI
A0:89:66:EA:4F:D4,,[WPA_WPA2_PSK],2025-3-26 17:56:25,1,-84,34.0475922,-117.1917877,369.00,1.75,WIFI
44:AC:85:71:A2:69,,[OPEN],2025-3-26 17:56:25,1,-84,34.0475922,-117.1917877,369.00,1.75,WIFI
B0:FC:88:71:AB:12,Rancho_Oliveta,[WPA2_PSK],2025-3-26 17:56:25,1,-89,34.0475922,-117.1917877,369.00,1.75,WIFI
28:87:BA:55:F1:E2,Rancho_Oliveta_EXT,[WPA2_PSK],2025-3-26 17:56:25,1,-90,34.0475922,-117.1917877,369.00,1.75,WIFI
F0:A7:31:08:4F:F6,Orange4,[WPA2_PSK],2025-3-26 17:56:28,3,-90,34.0478363,-117.1913452,369.00,1.75,WIFI
04:17:B6:76:28:67,,[WPA_WPA2_PSK],2025-3-26 17:56:29,4,-90,34.0479202,-117.1911926,369.00,1.75,WIFI
F0:B6:61:25:5A:64,,[WPA3_PSK],2025-3-26 17:56:31,6,-62,34.0480804,-117.1908951,369.10,1.75,WIFI
F0:B6:61:25:5A:6A,,[OPEN],2025-3-26 17:56:31,6,-62,34.0480804,-117.1908951,369.10,1.75,WIFI
F0:B6:61:25:5A:67,Feles,[WPA2_PSK],2025-3-26 17:56:31,6,-65,34.0480804,-117.1908951,369.10,1.75,WIFI
44:AD:B1:82:E2:26,LeafVillageWifi,[WPA2_PSK],2025-3-26 17:56:31,6,-72,34.0480804,-117.1908951,369.10,1.75,WIFI
50:27:A9:5C:13:E7,,[OPEN],2025-3-26 17:56:31,6,-75,34.0480804,-117.1908951,369.10,1.75,WIFI
50:27:A9:5C:13:E5,Redlands Ranch,[WPA2_PSK],2025-3-26 17:56:31,6,-76,34.0480804,-117.1908951,369.10,1.75,WIFI
F0:B6:61:3F:63:E4,,[WPA3_PSK],2025-3-26 17:56:31,6,-77,34.0480804,-117.1908951,369.10,1.75,WIFI
F0:B6:61:3F:63:E7,Feles,[WPA2_PSK],2025-3-26 17:56:31,6,-77,34.0480804,-117.1908951,369.10,1.75,WIFI
50:27:A9:5C:13:E3,,[WPA3_PSK],2025-3-26 17:56:31,6,-77,34.0480804,-117.1908951,369.10,1.75,WIFI
F0:B6:61:3F:63:EA,,[OPEN],2025-3-26 17:56:31,6,-78,34.0480804,-117.1908951,369.10,1.75,WIFI
22:48:6C:B9:2F:CD,,[WPA2_PSK],2025-3-26 17:56:31,6,-83,34.0480804,-117.1908951,369.10,1.75,WIFI
40:47:5E:2C:C8:23,,[WPA3_PSK],2025-3-26 17:56:31,6,-87,34.0480804,-117.1908951,369.10,1.75,WIFI
24:05:88:37:78:83,Smithhome2,[WPA2_PSK],2025-3-26 17:56:31,6,-94,34.0480804,-117.1908951,369.10,1.75,WIFI
48:22:54:A1:70:F7,bigbutts100,[WPA2_PSK],2025-3-26 17:56:31,7,-91,34.0480804,-117.1908951,369.10,1.75,WIFI
5C:62:8B:AB:C0:5E,Hemme,[WPA2_PSK],2025-3-26 17:56:33,8,-82,34.0482483,-117.1905975,369.40,1.75,WIFI
62:62:8B:AB:C0:5E,Hemme_Guest,[WPA2_PSK],2025-3-26 17:56:33,8,-82,34.0482483,-117.1905975,369.40,1.75,WIFI
66:62:8B:AB:C0:5E,,[WPA2_PSK],2025-3-26 17:56:33,8,-84,34.0482483,-117.1905975,369.40,1.75,WIFI
42:94:ED:C0:9B:91,,[WPA2_PSK],2025-3-26 17:56:34,9,-65,34.0483284,-117.1904526,369.60,1.75,WIFI
3E:94:ED:C0:9B:91,FBI Van,[WPA2_PSK],2025-3-26 17:56:34,9,-72,34.0483284,-117.1904526,369.60,1.75,WIFI
46:94:ED:C0:9B:91,Ewalt Guest,[WPA2_PSK],2025-3-26 17:56:34,9,-73,34.0483284,-117.1904526,369.60,1.75,WIFI
54:04:63:5E:BE:CB,,[WPA_WPA2_PSK],2025-3-26 17:56:34,9,-81,34.0483284,-117.1904526,369.60,1.75,WIFI
46:94:ED:BF:0B:F8,Ewalt Guest,[WPA2_PSK],2025-3-26 17:56:34,9,-81,34.0483284,-117.1904526,369.60,1.75,WIFI
42:94:ED:BF:0B:F8,,[WPA2_PSK],2025-3-26 17:56:34,9,-82,34.0483284,-117.1904526,369.60,1.75,WIFI
42:94:ED:BF:0C:39,,[WPA2_PSK],2025-3-26 17:56:34,9,-84,34.0483284,-117.1904526,369.60,1.75,WIFI
78:76:89:37:E7:A4,,[WPA3_PSK],2025-3-26 17:56:36,11,-73,34.0484810,-117.1901855,370.00,1.75,WIFI
78:76:89:37:E7:AA,,[OPEN],2025-3-26 17:56:36,11,-73,34.0484810,-117.1901855,370.00,1.75,WIFI
78:76:89:37:E5:4A,,[OPEN],2025-3-26 17:56:36,11,-75,34.0484810,-117.1901855,370.00,1.75,WIFI
78:76:89:37:E5:47,B&J WiFi,[WPA2_PSK],2025-3-26 17:56:36,11,-76,34.0484810,-117.1901855,370.00,1.75,WIFI
78:76:89:37:E7:A7,B&J WiFi,[WPA2_PSK],2025-3-26 17:56:36,11,-76,34.0484810,-117.1901855,370.00,1.75,WIFI
78:76:89:37:E5:44,,[WPA3_PSK],2025-3-26 17:56:36,11,-79,34.0484810,-117.1901855,370.00,1.75,WIFI
08:F0:1E:EB:F4:C6,Amanda’s Wifi,[WPA2_PSK],2025-3-26 17:56:36,11,-81,34.0484810,-117.1901855,370.00,1.75,WIFI
44:AD:B1:56:66:CE,SpectrumSetup-C8,[WPA2_PSK],2025-3-26 17:56:36,11,-82,34.0484810,-117.1901855,370.00,1.75,WIFI
A0:89:66:9E:B4:68,,[WPA_WPA2_PSK],2025-3-26 17:56:36,11,-93,34.0484810,-117.1901855,370.00,1.75,WIFI
30:93:BC:7E:8F:A6,MySpectrumWiFia0-2G,[WPA2_PSK],2025-3-26 17:56:39,1,-73,34.0487022,-117.1897736,370.10,1.75,WIFI
6E:A9:40:3C:71:09,SpectrumSetup-08,[WPA2_PSK],2025-3-26 17:56:39,1,-76,34.0487022,-117.1897736,370.10,1.75,WIFI
84:A0:6E:9F:7C:FE,MySpectrumWiFif8-2G,[WPA2_PSK],2025-3-26 17:56:39,1,-84,34.0487022,-117.1897736,370.10,1.75,WIFI
34:DB:9C:76:5E:46,MySpectrumWiFi40-2G,[WPA2_PSK],2025-3-26 17:56:39,1,-87,34.0487022,-117.1897736,370.10,1.75,WIFI
BC:96:E5:87:35:D1,SpectrumSetup-35CD,[WPA2_PSK],2025-3-26 17:56:39,1,-87,34.0487022,-117.1897736,370.10,1.75,WIFI
58:9B:4A:97:59:F7,ZenPortal,[WPA2_PSK],2025-3-26 17:56:39,1,-89,34.0487022,-117.1897736,370.10,1.75,WIFI
F0:81:75:D2:9D:CE,SpectrumSetup-C8,[WPA2_PSK],2025-3-26 17:56:39,1,-92,34.0487022,-117.1897736,370.10,1.75,WIFI
9A:25:4A:27:78:B6,nachoNetwork,[WPA2_PSK],2025-3-26 17:56:41,2,-78,34.0488510,-117.1895142,370.80,1.75,WIFI
98:25:4A:F7:45:2E,,[WPA_WPA2_PSK],2025-3-26 17:56:41,2,-81,34.0488510,-117.1895142,370.80,1.75,WIFI
98:25:4A:F7:78:B6,,[WPA_WPA2_PSK],2025-3-26 17:56:41,2,-81,34.0488510,-117.1895142,370.80,1.75,WIFI
9A:25:4A:27:45:2E,nachoNetwork,[WPA2_PSK],2025-3-26 17:56:41,2,-83,34.0488510,-117.1895142,370.80,1.75,WIFI
C2:8A:60:FD:E0:AD,phi_C02009F44770,[WPA2_PSK],2025-3-26 17:56:43,4,-67,34.0489960,-117.1892548,371.20,1.75,WIFI
C2:42:1A:DB:EC:C1,ASUS_C0_2G_Guest,[WPA2_PSK],2025-3-26 17:56:43,4,-74,34.0489960,-117.1892548,371.20,1.75,WIFI
04:42:1A:DB:EC:C0,PrettyFly4aWiFi,[WPA2_PSK],2025-3-26 17:56:43,4,-79,34.0489960,-117.1892548,371.20,1.75,WIFI
70:CA:97:43:9A:18,party wfii,[WPA2_PSK],2025-3-26 17:56:45,6,-62,34.0491142,-117.1890411,371.40,1.75,WIFI
58:9B:4A:96:AB:60,NanchoNetwork,[WPA2_PSK],2025-3-26 17:56:45,6,-63,34.0491142,-117.1890411,371.40,1.75,WIFI
70:CA:97:03:9A:18,Ruckus,[WPA2_PSK],2025-3-26 17:56:45,6,-65,34.0491142,-117.1890411,371.40,1.75,WIFI
A4:22:49:CD:36:26,TMOBILE-3621,[WPA2_WPA3_PSK],2025-3-26 17:56:45,6,-66,34.0491142,-117.1890411,371.40,1.75,WIFI
88:DE:7C:32:88:01,SpectrumSetup-03,[WPA2_PSK],2025-3-26 17:56:45,6,-71,34.0491142,-117.1890411,371.40,1.75,WIFI
F0:B6:61:C7:3A:24,,[WPA3_PSK],2025-3-26 17:56:45,6,-76,34.0491142,-117.1890411,371.40,1.75,WIFI
9C:57:BC:9C:A8:C9,,[OPEN],2025-3-26 17:56:45,6,-79,34.0491142,-117.1890411,371.40,1.75,WIFI
9C:57:BC:9C:A8:C6,Greens,[WPA2_PSK],2025-3-26 17:56:45,6,-79,34.0491142,-117.1890411,371.40,1.75,WIFI
9C:57:BC:9C:A8:C3,,[WPA3_PSK],2025-3-26 17:56:45,6,-80,34.0491142,-117.1890411,371.40,1.75,WIFI
E8:D3:EB:83:5B:A9,,[OPEN],2025-3-26 17:56:45,6,-83,34.0491142,-117.1890411,371.40,1.75,WIFI
6A:22:54:A1:70:F7,,[WPA2_PSK],2025-3-26 17:56:46,7,-56,34.0491638,-117.1889496,371.40,1.75,WIFI
50:65:F3:F5:DA:AA,DIRECT-A9-HP ENVY 7640 series,[WPA2_PSK],2025-3-26 17:56:46,7,-84,34.0491638,-117.1889496,371.40,1.75,WIFI
DA:31:34:CB:B3:F5,,[WPA2_PSK],2025-3-26 17:56:46,7,-84,34.0491638,-117.1889496,371.40,1.75,WIFI
6A:62:8B:AB:C0:CE,,[WPA2_PSK],2025-3-26 17:56:48,8,-86,34.0492363,-117.1888275,371.60,1.75,WIFI
00:11:32:D3:C3:B7,HEREANDTHERE,[WPA2_PSK],2025-3-26 17:56:49,9,-69,34.0492592,-117.1887817,371.60,1.75,WIFI
00:11:32:CE:D6:8C,HEREANDTHERE,[WPA2_PSK],2025-3-26 17:56:49,9,-71,34.0492592,-117.1887817,371.60,1.75,WIFI
16:11:32:D3:C3:B7,,[WPA2_PSK],2025-3-26 17:56:49,9,-72,34.0492592,-117.1887817,371.60,1.75,WIFI
C2:95:75:F2:E2:4B,,[WPA2_PSK],2025-3-26 17:56:50,10,-73,34.0492783,-117.1887436,371.70,1.75,WIFI
B0:95:75:F2:E2:4B,PineApple,[WPA2_PSK],2025-3-26 17:56:50,10,-74,34.0492783,-117.1887436,371.70,1.75,WIFI
98:F7:81:DC:87:28,Frontier7440,[WPA2_PSK],2025-3-26 17:56:51,11,-77,34.0492973,-117.1887131,371.70,1.75,WIFI
74:93:DA:8C:3F:41,harriswifi,[WPA2_PSK],2025-3-26 17:56:51,11,-79,34.0492973,-117.1887131,371.70,1.75,WIFI
DC:AE:EB:4D:59:F8,party wfii,[WPA2_PSK],2025-3-26 17:56:51,11,-80,34.0492973,-117.1887131,371.70,1.75,WIFI
DC:AE:EB:0D:59:F8,Ruckus,[WPA2_PSK],2025-3-26 17:56:51,11,-80,34.0492973,-117.1887131,371.70,1.75,WIFI
74:37:5F:97:97:F7,SpectrumSetup-F5,[WPA2_PSK],2025-3-26 17:56:51,11,-85,34.0492973,-117.1887131,371.70,1.75,WIFI
40:4C:77:31:EB:18,Frontier2304,[WPA2_PSK],2025-3-26 17:56:51,11,-85,34.0492973,-117.1887131,371.70,1.75,WIFI
F4:05:95:D8:42:75,SpectrumSetup-6F,[WPA2_PSK],2025-3-26 17:56:51,11,-91,34.0492973,-117.1887131,371.70,1.75,WIFI
4C:AB:F8:B7:9C:52,SpectrumSetup-54,[WPA2_PSK],2025-3-26 17:56:54,1,-69,34.0493202,-117.1886749,371.80,1.75,WIFI
84:A0:6E:D0:D9:36,MySpectrumWiFi30-2G,[WPA2_PSK],2025-3-26 17:56:54,1,-80,34.0493202,-117.1886749,371.80,1.75,WIFI
2C:EA:DC:22:36:3D,SpectrumSetup-3F,[WPA2_PSK],2025-3-26 17:56:54,1,-81,34.0493202,-117.1886749,371.80,1.75,WIFI
88:57:1D:D4:71:1E,[fridge]_E30AJT5133068P,[WPA2_PSK],2025-3-26 17:56:54,1,-84,34.0493202,-117.1886749,371.80,1.75,WIFI
48:22:54:7B:67:36,Tuesdays!,[WPA2_PSK],2025-3-26 17:56:57,3,-81,34.0493164,-117.1886749,371.70,1.75,WIFI
52:22:54:7B:67:36,,[WPA2_PSK],2025-3-26 17:56:57,3,-81,34.0493164,-117.1886749,371.70,1.75,WIFI
4E:22:54:7B:67:36,,[WPA2_PSK],2025-3-26 17:56:57,3,-82,34.0493164,-117.1886749,371.70,1.75,WIFI
04:42:1A:DB:6A:81,PrettyFly4aWiFi,[WPA2_PSK],2025-3-26 17:56:58,4,-86,34.0493202,-117.1886749,371.70,1.75,WIFI
E8:D3:EB:87:5E:46,wifi628,[WPA2_PSK],2025-3-26 17:57:0,6,-74,34.0493507,-117.1886063,371.70,1.75,WIFI
E8:D3:EB:87:5E:43,,[WPA3_PSK],2025-3-26 17:57:0,6,-78,34.0493507,-117.1886063,371.70,1.75,WIFI
E8:D3:EB:87:5E:49,,[OPEN],2025-3-26 17:57:0,6,-78,34.0493507,-117.1886063,371.70,1.75,WIFI
9C:0B:05:B0:2F:07,puggyrose,[WPA2_PSK],2025-3-26 17:57:0,6,-86,34.0493507,-117.1886063,371.70,1.75,WIFI
C4:3A:35:E7:0A:A9,DC_1719511360,[WPA2_PSK],2025-3-26 17:57:0,6,-87,34.0493507,-117.1886063,371.70,1.75,WIFI
FC:DB:21:21:AA:AC,Holliday Rock,[WPA2_PSK],2025-3-26 17:57:0,6,-94,34.0493507,-117.1886063,371.70,1.75,WIFI
94:10:3E:50:86:74,WeMo.Light.6D2,[OPEN],2025-3-26 17:57:1,7,-84,34.0493889,-117.1885452,371.80,1.75,WIFI
16:11:32:CE:D6:8C,,[WPA2_PSK],2025-3-26 17:57:3,9,-72,34.0494804,-117.1883850,371.60,1.75,WIFI
50:09:59:C2:1B:AF,TC8715DA9,[WPA2_PSK],2025-3-26 17:57:5,11,-67,34.0495911,-117.1881866,371.80,1.75,WIFI
1A:8D:DB:6D:40:3B,,[WPA_WPA2_PSK],2025-3-26 17:57:5,11,-79,34.0495911,-117.1881866,371.80,1.75,WIFI
12:8D:DB:6D:40:3B,RUSD_WiFi,[WPA2],2025-3-26 17:57:5,11,-79,34.0495911,-117.1881866,371.80,1.75,WIFI
0A:8D:DB:6D:40:3B,,[WPA2],2025-3-26 17:57:5,11,-80,34.0495911,-117.1881866,371.80,1.75,WIFI
36:8D:DB:6D:40:3B,RUSD_Devices,[WPA2_PSK],2025-3-26 17:57:5,11,-80,34.0495911,-117.1881866,371.80,1.75,WIFI
2A:8D:DB:6D:40:3B,student_chrome,[OPEN],2025-3-26 17:57:5,11,-81,34.0495911,-117.1881866,371.80,1.75,WIFI
3E:8D:DB:6D:40:3B,SBCSS_Redlands,[WPA2_PSK],2025-3-26 17:57:5,11,-81,34.0495911,-117.1881866,371.80,1.75,WIFI
C8:9E:43:37:A1:B3,NETGEAR90,[WPA2_PSK],2025-3-26 17:57:5,11,-82,34.0495911,-117.1881866,371.80,1.75,WIFI
80:E5:40:EB:FF:18,Frontier4192,[WPA2_PSK],2025-3-26 17:57:5,11,-83,34.0495911,-117.1881866,371.80,1.75,WIFI
84:70:D7:A9:1B:44,,[WPA3_PSK],2025-3-26 17:57:5,11,-83,34.0495911,-117.1881866,371.80,1.75,WIFI
0C:CB:85:FC:1B:04,Bishtopia,[WPA2_PSK],2025-3-26 17:57:5,11,-85,34.0495911,-117.1881866,371.80,1.75,WIFI
34:98:B5:C7:33:5C,NETGEAR57,[WPA2_PSK],2025-3-26 17:57:8,1,-69,34.0497704,-117.1878586,371.90,1.75,WIFI
1A:8D:DB:6D:3F:EF,,[WPA_WPA2_PSK],2025-3-26 17:57:8,1,-80,34.0497704,-117.1878586,371.90,1.75,WIFI
8C:61:A3:00:5F:69,MySpectrumWiFi68-2G,[WPA2_PSK],2025-3-26 17:57:8,1,-80,34.0497704,-117.1878586,371.90,1.75,WIFI
E8:31:CD:FA:F2:39,Windmill AC-5D680,[OPEN],2025-3-26 17:57:8,1,-87,34.0497704,-117.1878586,371.90,1.75,WIFI
2A:03:EB:F8:9D:85,myChevrolet 1120,[WPA2_PSK],2025-3-26 17:57:8,1,-91,34.0497704,-117.1878586,371.90,1.75,WIFI
74:37:5F:39:CF:87,SpectrumSetup-85,[WPA2_PSK],2025-3-26 17:57:8,1,-94,34.0497704,-117.1878586,371.90,1.75,WIFI
F0:2F:74:9D:C5:D1,Funny_ it worked last time...,[WPA2_WPA3_PSK],2025-3-26 17:57:10,2,-74,34.0498848,-117.1876526,372.10,1.75,WIFI
CA:CF:84:01:05:59,Funny_ it worked last time...,[WPA2_WPA3_PSK],2025-3-26 17:57:10,2,-79,34.0498848,-117.1876526,372.10,1.75,WIFI
CA:2F:74:9D:C5:D3,House,[WPA2_PSK],2025-3-26 17:57:10,2,-80,34.0498848,-117.1876526,372.10,1.75,WIFI
60:CF:84:01:05:58,,[WPA2_WPA3_PSK],2025-3-26 17:57:10,2,-81,34.0498848,-117.1876526,372.10,1.75,WIFI
CA:CF:84:01:05:5A,House,[WPA2_PSK],2025-3-26 17:57:10,2,-84,34.0498848,-117.1876526,372.10,1.75,WIFI
88:DE:7C:27:D5:D9,Espresso,[WPA2_PSK],2025-3-26 17:57:14,6,-68,34.0500641,-117.1873016,372.70,1.75,WIFI
B0:FC:88:53:8A:CF,SpectrumSetup-3C,[WPA2_PSK],2025-3-26 17:57:14,6,-72,34.0500641,-117.1873016,372.70,1.75,WIFI
F8:5B:3B:15:74:2D,SpectrumSetup-2F,[WPA2_PSK],2025-3-26 17:57:14,6,-85,34.0500641,-117.1873016,372.70,1.75,WIFI
90:D3:CF:16:FF:57,SpectrumSetup-FF5A,[WPA2_PSK],2025-3-26 17:57:14,6,-87,34.0500641,-117.1873016,372.70,1.75,WIFI
14:7D:05:65:94:B3,Happy Hour,[WPA2_PSK],2025-3-26 17:57:14,6,-94,34.0500641,-117.1873016,372.70,1.75,WIFI
24:2F:D0:AA:AE:24,Hull_EXT,[WPA2_PSK],2025-3-26 17:57:19,11,-76,34.0501823,-117.1870117,372.70,1.75,WIFI
5C:18:DD:EB:69:6C,,[WPA_WPA2_PSK],2025-3-26 17:57:19,11,-76,34.0501823,-117.1870117,372.70,1.75,WIFI
20:BE:CD:91:61:27,BrownTownWest,[WPA2_PSK],2025-3-26 17:57:19,11,-84,34.0501823,-117.1870117,372.70,1.75,WIFI
20:BE:CD:91:61:30,BrownTownWest Guest,[WPA2_PSK],2025-3-26 17:57:19,11,-84,34.0501823,-117.1870117,372.70,1.75,WIFI
20:BE:CD:91:61:24,,[WPA3_PSK],2025-3-26 17:57:19,11,-85,34.0501823,-117.1870117,372.70,1.75,WIFI
20:BE:CD:91:61:2A,,[OPEN],2025-3-26 17:57:19,11,-86,34.0501823,-117.1870117,372.70,1.75,WIFI
12:59:32:6E:35:46,,[WPA2_PSK],2025-3-26 17:57:19,11,-88,34.0501823,-117.1870117,372.70,1.75,WIFI
16:91:38:D8:BA:45,,[WPA2_PSK],2025-3-26 17:57:19,11,-88,34.0501823,-117.1870117,372.70,1.75,WIFI
48:5D:36:05:10:E8,Hull,[WPA2_PSK],2025-3-26 17:57:19,11,-88,34.0501823,-117.1870117,372.70,1.75,WIFI
24:94:CB:8A:50:F8,Frontier9280,[WPA2_PSK],2025-3-26 17:57:19,11,-89,34.0501823,-117.1870117,372.70,1.75,WIFI
00:C8:96:2C:35:D4,,[WPA_WPA2_PSK],2025-3-26 17:57:19,11,-90,34.0501823,-117.1870117,372.70,1.75,WIFI
80:E5:40:D7:6B:98,Frontier5712,[WPA2_PSK],2025-3-26 17:57:20,1,-77,34.0501938,-117.1869888,372.70,1.75,WIFI
94:91:7F:07:92:46,MySpectrumWiFi48-2G,[WPA2_PSK],2025-3-26 17:57:20,1,-86,34.0501938,-117.1869888,372.70,1.75,WIFI
D0:6D:C9:39:76:16,Frontier0552,[WPA2_PSK],2025-3-26 17:57:20,1,-90,34.0501938,-117.1869888,372.70,1.75,WIFI
F0:A7:31:63:7F:69,Nemo_EXT_2G,[WPA2_PSK],2025-3-26 17:57:24,2,-76,34.0501938,-117.1869888,372.70,1.75,WIFI
EA:96:10:1C:F0:C5,Cayenne_2946,[WPA2_WPA3_PSK],2025-3-26 17:57:28,6,-89,34.0501938,-117.1869965,372.80,1.75,WIFI
98:25:4A:40:C6:FE,,[WPA2_PSK],2025-3-26 17:57:32,10,-87,34.0501938,-117.1869965,372.90,1.75,WIFI
74:37:5F:9F:B0:D3,SpectrumSetup-D1,[WPA2_PSK],2025-3-26 17:57:33,11,-79,34.0501938,-117.1869965,372.90,1.75,WIFI
02:7B:65:F2:80:01,,[WPA2_PSK],2025-3-26 17:57:33,11,-84,34.0501938,-117.1869965,372.90,1.75,WIFI
F0:7B:65:F2:80:00,SpectrumSetup-25,[WPA2_PSK],2025-3-26 17:57:33,11,-86,34.0501938,-117.1869965,372.90,1.75,WIFI
02:7B:65:F2:80:02,,[WPA2_PSK],2025-3-26 17:57:33,11,-86,34.0501938,-117.1869965,372.90,1.75,WIFI
F0:2F:74:9D:BA:41,Funny_ it worked last time...,[WPA2_WPA3_PSK],2025-3-26 17:57:38,2,-86,34.0501938,-117.1869965,373.00,1.75,WIFI
00:E0:20:1B:54:AA,TG1672GF2_Ext,[WPA2_PSK],2025-3-26 17:57:42,6,-87,34.0501862,-117.1869965,373.00,1.75,WIFI
7A:C2:0A:9E:3A:30,CADILLAC6009,[WPA2_WPA3_PSK],2025-3-26 17:57:42,6,-88,34.0501862,-117.1869965,373.00,1.75,WIFI
9A:25:4A:40:C6:FE,NGC6960,[WPA2_PSK],2025-3-26 17:57:46,10,-88,34.0501862,-117.1869965,373.00,1.75,WIFI
1A:E8:29:61:EC:4F,,[WPA2_PSK],2025-3-26 17:57:47,11,-81,34.0501862,-117.1869965,372.90,1.75,WIFI
18:E8:29:61:EC:4F,Olive-Market-Guest,[WPA2_PSK],2025-3-26 17:57:47,11,-88,34.0501862,-117.1869965,372.90,1.75,WIFI
98:F7:81:DD:A1:F8,Frontier9840,[WPA2_PSK],2025-3-26 17:57:47,11,-92,34.0501862,-117.1869965,372.90,1.75,WIFI
64:67:72:EB:7E:9F,SpectrumSetup-9D,[WPA2_PSK],2025-3-26 17:58:3,1,-85,34.0501823,-117.1869965,372.70,1.75,WIFI
F0:7B:65:0A:A3:5F,Macias WIFI,[WPA2_PSK],2025-3-26 17:58:3,1,-90,34.0501823,-117.1869965,372.70,1.75,WIFI
22:AD:56:44:D6:89,HotspotD689,[WPA_WPA2_PSK],2025-3-26 17:58:3,1,-93,34.0501823,-117.1869965,372.70,1.75,WIFI
A4:97:33:4D:37:09,SpectrumSetup-0B,[WPA2_PSK],2025-3-26 17:58:10,6,-86,34.0501823,-117.1869965,372.80,1.75,WIFI
00:C8:96:04:0E:10,,[WPA_WPA2_PSK],2025-3-26 17:58:29,11,-93,34.0501823,-117.1869965,373.10,1.75,WIFI
7E:7E:22:4C:6A:54,Verizon-My hotspot,[WPA2_PSK],2025-3-26 17:58:32,1,-92,34.0501823,-117.1869965,373.10,1.75,WIFI
F4:39:09:62:EF:48,DIRECT-47-HP OfficeJet Pro 8710,[WPA2_PSK],2025-3-26 17:58:38,6,-90,34.0501823,-117.1870117,373.20,1.75,WIFI
82:2F:74:9D:BA:43,House,[WPA2_PSK],2025-3-26 17:58:48,2,-84,34.0501823,-117.1870117,373.30,1.75,WIFI
F0:A7:31:C5:3E:C6,Secret_Network_2.4,[WPA2_PSK],2025-3-26 17:58:56,10,-94,34.0501823,-117.1869965,373.20,1.75,WIFI
38:4C:90:4A:A9:F0,TG1672GF2,[WPA2_PSK],2025-3-26 17:59:20,6,-92,34.0501823,-117.1869965,373.40,1.75,WIFI
08:36:C9:EF:EF:E2,Zen IV,[WPA2_PSK],2025-3-26 17:59:23,9,-91,34.0501823,-117.1869965,373.30,1.75,WIFI
80:4A:F2:41:51:C9,,[WPA2_PSK],2025-3-26 17:59:23,9,-91,34.0501823,-117.1869965,373.30,1.75,WIFI
D4:3F:32:90:EE:C3,,[WPA3_PSK],2025-3-26 17:59:30,1,-87,34.0501823,-117.1869965,373.30,1.75,WIFI
D4:3F:32:90:EE:C9,,[OPEN],2025-3-26 17:59:30,1,-87,34.0501823,-117.1869965,373.30,1.75,WIFI
C0:6F:98:89:56:29,,[OPEN],2025-3-26 17:59:40,11,-88,34.0501823,-117.1869888,373.20,1.75,WIFI
C0:6F:98:89:56:23,,[WPA3_PSK],2025-3-26 17:59:40,11,-89,34.0501823,-117.1869888,373.20,1.75,WIFI
C0:6F:98:89:56:26,Martinez,[WPA2_PSK],2025-3-26 17:59:40,11,-89,34.0501823,-117.1869888,373.20,1.75,WIFI
B4:B6:86:AF:8E:48,DIRECT-47-HP OfficeJet Pro 8710,[WPA2_PSK],2025-3-26 17:59:54,11,-97,34.0501823,-117.1869888,373.20,1.75,WIFI
F0:81:75:FA:CE:D6,SpectrumSetup-D0,[WPA2_PSK],2025-3-26 18:0:3,6,-88,34.0501823,-117.1869888,373.10,1.75,WIFI
78:29:ED:E7:CA:2A,SpectrumSetup-2C,[WPA2_PSK],2025-3-26 18:0:11,1,-86,34.0501823,-117.1869888,373.00,1.75,WIFI
9C:D6:43:E3:EB:18,dlink-EB18 wifi extender,[WPA_WPA2_PSK],2025-3-26 18:0:11,1,-95,34.0501823,-117.1869888,373.00,1.75,WIFI
A0:8E:24:4D:90:A5,Hannah’s Hale,[WPA2_PSK],2025-3-26 18:0:17,6,-85,34.0501823,-117.1869888,373.00,1.75,WIFI
A4:97:33:B3:AB:0D,KimonoHouse,[WPA2_PSK],2025-3-26 18:0:17,6,-93,34.0501823,-117.1869888,373.00,1.75,WIFI
C6:47:CC:5E:2A:18,,[WPA2_PSK],2025-3-26 18:0:31,6,-93,34.0501823,-117.1869888,373.00,1.75,WIFI
FC:12:63:E5:5E:CD,SpectrumSetup-CF,[WPA2_PSK],2025-3-26 18:0:39,1,-90,34.0501823,-117.1869965,372.90,1.75,WIFI
A0:8E:24:4D:90:A3,,[WPA3_PSK],2025-3-26 18:0:45,6,-86,34.0501823,-117.1869965,372.90,1.75,WIFI
A0:8E:24:4D:90:A7,,[OPEN],2025-3-26 18:0:45,6,-86,34.0501823,-117.1869965,372.90,1.75,WIFI
B8:66:85:65:95:5E,MySpectrumWiFi58-2G,[WPA2_PSK],2025-3-26 18:0:50,11,-89,34.0501823,-117.1869965,372.90,1.75,WIFI
D4:3F:32:90:EE:C6,Lisa Wifi,[WPA2_PSK],2025-3-26 18:1:21,1,-86,34.0501862,-117.1869965,372.70,1.75,WIFI
34:98:B5:58:E4:AC,NETGEAR65,[WPA2_PSK],2025-3-26 18:1:24,3,-95,34.0501862,-117.1869965,372.70,1.75,WIFI
22:F0:BF:24:E3:A7,GMC2986,[WPA2_WPA3_PSK],2025-3-26 18:2:9,6,-91,34.0501862,-117.1869965,372.60,1.75,WIFI
42:AE:30:2A:CB:74,,[WPA2_PSK],2025-3-26 18:2:12,9,-96,34.0501862,-117.1869888,372.60,1.75,WIFI
48:00:33:DA:4B:C0,Bacon,[WPA2_PSK],2025-3-26 18:2:26,9,-95,34.0501862,-117.1869888,372.50,1.75,WIFI
E6:47:CC:5E:2A:18,,[WPA2_PSK],2025-3-26 18:2:37,6,-92,34.0501862,-117.1869965,372.50,1.75,WIFI
F4:52:46:87:C3:2B,bobandpam,[WPA2_PSK],2025-3-26 18:2:56,11,-90,34.0501862,-117.1869965,372.50,1.75,WIFI
F8:CA:59:85:F8:67,AWI-635546,[WPA2_PSK],2025-3-26 18:4:1,6,-96,34.0501862,-117.1869965,372.60,1.75,WIFI
94:10:3E:50:7B:1C,WeMo.Light.3FC,[OPEN],2025-3-26 18:4:5,10,-97,34.0501862,-117.1869965,372.60,1.75,WIFI
C8:D9:D2:38:42:40,DIRECT-3F-HP DeskJet 3700 series,[WPA2_PSK],2025-3-26 18:6:36,6,-92,34.0501938,-117.1869888,372.70,1.75,WIFI
BC:82:5D:A8:D9:96,Sunflowers747,[WPA2_PSK],2025-3-26 18:6:50,6,-67,34.0501938,-117.1869888,372.80,1.75,WIFI
A0:7F:8A:54:76:E2,Olive You,[WPA2_PSK],2025-3-26 18:6:58,1,-72,34.0501976,-117.1869888,372.80,1.75,WIFI
DC:69:B5:3B:93:29,,[OPEN],2025-3-26 18:7:9,11,-81,34.0501976,-117.1869888,372.70,1.75,WIFI
BC:82:5D:3C:76:B4,WiFi Hotspot 2802,[WPA2_PSK],2025-3-26 18:8:22,1,-86,34.0501862,-117.1869888,372.60,1.75,WIFI
F0:81:75:F3:54:EE,Lachica,[WPA2_PSK],2025-3-26 18:10:20,6,-93,34.0501938,-117.1869888,372.70,1.50,WIFI
F4:69:42:77:F8:8A,SpectrumSetup-8C,[WPA2_PSK],2025-3-26 18:10:27,1,-87,34.0501938,-117.1869888,372.70,1.50,WIFI
DC:69:B5:3B:93:23,,[WPA3_PSK],2025-3-26 18:10:53,11,-82,34.0501938,-117.1869888,372.70,1.75,WIFI
C4:EB:42:73:56:36,TMOBILE-5631,[WPA2_WPA3_PSK],2025-3-26 18:10:55,1,-92,34.0501938,-117.1869888,372.80,1.75,WIFI
B2:00:73:8B:8C:76,myChevrolet,[WPA2_PSK],2025-3-26 18:11:7,11,-86,34.0501938,-117.1869888,372.80,1.50,WIFI
DC:69:B5:3B:93:26,Walsh Wifi,[WPA2_PSK],2025-3-26 18:11:21,11,-81,34.0501938,-117.1869888,372.80,1.50,WIFI
D4:3F:32:77:20:06,Frontier4160,[WPA2_PSK],2025-3-26 18:12:54,6,-79,34.0506287,-117.1862869,373.60,1.50,WIFI
D4:3F:32:77:20:09,,[OPEN],2025-3-26 18:12:54,6,-81,34.0506287,-117.1862869,373.60,1.50,WIFI
FC:12:63:F5:52:25,SpectrumSetup-27,[WPA2_PSK],2025-3-26 18:12:54,6,-88,34.0506287,-117.1862869,373.60,1.50,WIFI
C8:9E:43:42:83:45,CookCasa,[WPA2_PSK],2025-3-26 18:12:57,9,-81,34.0507469,-117.1860733,373.90,1.50,WIFI
E2:BB:9E:30:AB:22,DIRECT-Ir-EPSON-ST-C4100 Series,[WPA2_PSK],2025-3-26 18:12:57,9,-88,34.0507469,-117.1860733,373.90,1.50,WIFI
98:25:4A:40:C5:B6,,[WPA2_PSK],2025-3-26 18:12:58,10,-69,34.0508003,-117.1859818,374.00,1.50,WIFI
9A:25:4A:40:C5:B6,NGC6960,[WPA2_PSK],2025-3-26 18:12:58,10,-74,34.0508003,-117.1859818,374.00,1.50,WIFI
20:BE:CD:8B:B9:44,,[WPA3_PSK],2025-3-26 18:12:59,11,-64,34.0508614,-117.1858826,374.20,1.50,WIFI
20:BE:CD:8B:B9:4A,,[OPEN],2025-3-26 18:12:59,11,-64,34.0508614,-117.1858826,374.20,1.50,WIFI
20:BE:CD:8B:B9:47,BrownTownWest,[WPA2_PSK],2025-3-26 18:12:59,11,-64,34.0508614,-117.1858826,374.20,1.50,WIFI
20:BE:CD:8B:B9:50,BrownTownWest Guest,[WPA2_PSK],2025-3-26 18:12:59,11,-68,34.0508614,-117.1858826,374.20,1.50,WIFI
DC:69:B5:3F:C4:C6,Walsh Wifi,[WPA2_PSK],2025-3-26 18:12:59,11,-75,34.0508614,-117.1858826,374.20,1.50,WIFI
DC:69:B5:3F:C4:C3,,[WPA3_PSK],2025-3-26 18:12:59,11,-76,34.0508614,-117.1858826,374.20,1.50,WIFI
DC:69:B5:3F:C4:C9,,[OPEN],2025-3-26 18:12:59,11,-76,34.0508614,-117.1858826,374.20,1.50,WIFI
30:57:8E:F4:FC:C5,,[OPEN],2025-3-26 18:12:59,11,-79,34.0508614,-117.1858826,374.20,1.50,WIFI
30:57:8E:F4:FC:C1,,[WPA3_PSK],2025-3-26 18:12:59,11,-80,34.0508614,-117.1858826,374.20,1.50,WIFI
50:27:A9:D6:0B:65,Theshire,[WPA2_PSK],2025-3-26 18:12:59,11,-83,34.0508614,-117.1858826,374.20,1.50,WIFI
DC:3A:5E:48:B6:23,,[WPA2_PSK],2025-3-26 18:12:59,11,-85,34.0508614,-117.1858826,374.20,1.50,WIFI
1A:96:E5:43:F8:F8,,[WPA2_PSK],2025-3-26 18:12:59,11,-88,34.0508614,-117.1858826,374.20,1.50,WIFI
1A:96:E5:43:F8:FF,,[WPA2_PSK],2025-3-26 18:12:59,11,-90,34.0508614,-117.1858826,374.20,1.50,WIFI
54:04:63:FB:0B:D0,,[WPA_WPA2_PSK],2025-3-26 18:13:3,1,-80,34.0511131,-117.1854248,374.90,1.50,WIFI
90:D3:CF:04:92:85,SpectrumSetup-87,[WPA2_PSK],2025-3-26 18:13:3,1,-86,34.0511131,-117.1854248,374.90,1.50,WIFI
E0:86:14:4F:93:0E,TRI-Runner,[WPA2_WPA3_PSK],2025-3-26 18:13:3,1,-88,34.0511131,-117.1854248,374.90,1.50,WIFI
44:AD:B1:56:CF:36,SpectrumSetup-30,[WPA2_PSK],2025-3-26 18:13:3,1,-89,34.0511131,-117.1854248,374.90,1.50,WIFI
8C:85:80:CB:6B:19,,[WPA_WPA2_PSK],2025-3-26 18:13:5,2,-71,34.0512199,-117.1852188,375.30,1.50,WIFI
EA:C3:2A:43:16:26,,[WPA2_PSK],2025-3-26 18:13:5,2,-87,34.0512199,-117.1852188,375.30,1.50,WIFI
E4:8E:10:D5:F5:54,,[WPA_WPA2_PSK],2025-3-26 18:13:7,4,-92,34.0512886,-117.1850586,375.60,1.50,WIFI
D8:EC:5E:99:16:64,SpectrumSetup,[WPA2_PSK],2025-3-26 18:13:8,5,-86,34.0513039,-117.1849976,375.50,1.50,WIFI
C8:C6:FE:5D:C2:A3,,[WPA3_PSK],2025-3-26 18:13:9,6,-65,34.0513000,-117.1849518,375.30,1.50,WIFI
C8:C6:FE:5D:C2:A9,,[OPEN],2025-3-26 18:13:9,6,-65,34.0513000,-117.1849518,375.30,1.50,WIFI
C8:C6:FE:5D:C2:A6,PoppinFresh,[WPA2_PSK],2025-3-26 18:13:9,6,-76,34.0513000,-117.1849518,375.30,1.50,WIFI
68:4A:76:84:FF:44,,[WPA3_PSK],2025-3-26 18:13:9,6,-76,34.0513000,-117.1849518,375.30,1.50,WIFI
68:4A:76:84:FF:48,,[OPEN],2025-3-26 18:13:9,6,-76,34.0513000,-117.1849518,375.30,1.50,WIFI
68:4A:76:84:FF:46,OLDRANCH,[WPA2_PSK],2025-3-26 18:13:9,6,-76,34.0513000,-117.1849518,375.30,1.50,WIFI
0C:7F:B2:91:0C:09,ARRIS-8349,[WPA2_PSK],2025-3-26 18:13:9,6,-82,34.0513000,-117.1849518,375.30,1.50,WIFI
1C:B0:44:10:57:F1,DINKLEBERGGG!!!,[WPA2_PSK],2025-3-26 18:13:9,6,-82,34.0513000,-117.1849518,375.30,1.50,WIFI
02:68:EB:ED:EE:72,DIRECT-72-HP M15 LaserJet,[WPA2_PSK],2025-3-26 18:13:9,6,-85,34.0513000,-117.1849518,375.30,1.50,WIFI
CE:9E:43:A4:85:D3,TRH123,[WPA2_PSK],2025-3-26 18:13:12,9,-60,34.0511971,-117.1848297,376.00,1.50,WIFI
CE:9E:43:A6:97:9A,TRH123,[WPA2_PSK],2025-3-26 18:13:12,9,-61,34.0511971,-117.1848297,376.00,1.50,WIFI
D2:9E:43:A4:85:D3,TheRedlandsHouse-Guest,[WPA2_PSK],2025-3-26 18:13:12,9,-61,34.0511971,-117.1848297,376.00,1.50,WIFI
C8:9E:43:A6:97:9A,,[WPA2_PSK],2025-3-26 18:13:12,9,-62,34.0511971,-117.1848297,376.00,1.50,WIFI
D2:9E:43:A6:97:9A,TheRedlandsHouse-Guest,[WPA2_PSK],2025-3-26 18:13:12,9,-62,34.0511971,-117.1848297,376.00,1.50,WIFI
C8:9E:43:A4:85:D3,,[WPA2_PSK],2025-3-26 18:13:12,9,-67,34.0511971,-117.1848297,376.00,1.50,WIFI
C8:9E:43:A6:99:DE,,[WPA2_PSK],2025-3-26 18:13:12,9,-71,34.0511971,-117.1848297,376.00,1.50,WIFI
CE:9E:43:A6:99:DE,TRH123,[WPA2_PSK],2025-3-26 18:13:12,9,-72,34.0511971,-117.1848297,376.00,1.50,WIFI
D2:9E:43:A6:99:DE,TheRedlandsHouse-Guest,[WPA2_PSK],2025-3-26 18:13:12,9,-72,34.0511971,-117.1848297,376.00,1.50,WIFI
34:98:B5:D3:B4:98,Sybil System,[WPA2_PSK],2025-3-26 18:13:12,10,-79,34.0511971,-117.1848297,376.00,1.50,WIFI
72:98:B5:D3:B4:99,Sybil System-Guest,[WPA2_PSK],2025-3-26 18:13:12,10,-80,34.0511971,-117.1848297,376.00,1.50,WIFI
F0:B6:61:1B:65:A7,CalvinGrads,[WPA2_PSK],2025-3-26 18:13:14,11,-69,34.0510597,-117.1847305,376.60,1.50,WIFI
50:27:A9:D8:20:A3,,[WPA3_PSK],2025-3-26 18:13:14,11,-72,34.0510597,-117.1847305,376.60,1.50,WIFI
50:27:A9:D8:20:A7,,[OPEN],2025-3-26 18:13:14,11,-72,34.0510597,-117.1847305,376.60,1.50,WIFI
50:27:A9:D8:20:A5,Theshire,[WPA2_PSK],2025-3-26 18:13:14,11,-72,34.0510597,-117.1847305,376.60,1.50,WIFI
50:27:A9:D8:FA:67,,[OPEN],2025-3-26 18:13:14,11,-75,34.0510597,-117.1847305,376.60,1.50,WIFI
F0:B6:61:1B:65:A4,,[WPA3_PSK],2025-3-26 18:13:14,11,-75,34.0510597,-117.1847305,376.60,1.50,WIFI
6C:70:9F:E6:1E:AA,OSX's Wi-Fi Network,[WPA2_PSK],2025-3-26 18:13:14,11,-76,34.0510597,-117.1847305,376.60,1.50,WIFI
BC:96:E5:43:F8:FE,SpectrumSetup-F8FA,[WPA2_PSK],2025-3-26 18:13:14,11,-76,34.0510597,-117.1847305,376.60,1.50,WIFI
50:27:A9:D8:FA:63,,[WPA3_PSK],2025-3-26 18:13:14,11,-76,34.0510597,-117.1847305,376.60,1.50,WIFI
50:27:A9:D8:FA:65,Theshire,[WPA2_PSK],2025-3-26 18:13:14,11,-76,34.0510597,-117.1847305,376.60,1.50,WIFI
F0:B6:61:1B:65:AA,,[OPEN],2025-3-26 18:13:14,11,-76,34.0510597,-117.1847305,376.60,1.50,WIFI
F0:B6:61:C7:78:2A,,[OPEN],2025-3-26 18:13:14,11,-78,34.0510597,-117.1847305,376.60,1.50,WIFI
F0:B6:61:C7:78:27,theburjerjoint,[WPA2_PSK],2025-3-26 18:13:14,11,-78,34.0510597,-117.1847305,376.60,1.50,WIFI
50:27:A9:D9:9C:C3,,[WPA3_PSK],2025-3-26 18:13:14,11,-79,34.0510597,-117.1847305,376.60,1.50,WIFI
50:27:A9:D9:9C:C7,,[OPEN],2025-3-26 18:13:14,11,-80,34.0510597,-117.1847305,376.60,1.50,WIFI
50:27:A9:D9:9C:C5,Theshire,[WPA2_PSK],2025-3-26 18:13:14,11,-80,34.0510597,-117.1847305,376.60,1.50,WIFI
AC:EC:85:85:24:32,,[WPA3_PSK],2025-3-26 18:13:14,11,-81,34.0510597,-117.1847305,376.60,1.50,WIFI
AC:EC:85:85:24:36,,[OPEN],2025-3-26 18:13:14,11,-81,34.0510597,-117.1847305,376.60,1.50,WIFI
AC:EC:85:85:24:34,Theshire,[WPA2_PSK],2025-3-26 18:13:14,11,-82,34.0510597,-117.1847305,376.60,1.50,WIFI
4C:AB:F8:AE:53:B1,tejowanS,[WPA2_PSK],2025-3-26 18:13:14,11,-83,34.0510597,-117.1847305,376.60,1.50,WIFI
7C:D1:C3:D0:A3:D2,Zach's Sound,[WPA2_PSK],2025-3-26 18:13:14,11,-86,34.0510597,-117.1847305,376.60,1.50,WIFI
2E:AA:8E:DE:10:DC,,[WPA_WPA2_PSK],2025-3-26 18:13:14,11,-87,34.0510597,-117.1847305,376.60,1.50,WIFI
A8:11:FC:BB:63:A8,Frontier9568,[WPA2_PSK],2025-3-26 18:13:14,11,-89,34.0510597,-117.1847305,376.60,1.50,WIFI
24:E5:0F:18:E7:01,Alvarado,[WPA2_PSK],2025-3-26 18:13:19,1,-75,34.0506554,-117.1844177,377.70,1.50,WIFI
E4:8E:10:DB:A5:0C,,[WPA_WPA2_PSK],2025-3-26 18:13:19,1,-80,34.0506554,-117.1844177,377.70,1.50,WIFI
F0:7B:65:B6:97:0C,SpectrumSetup-9706,[WPA2_PSK],2025-3-26 18:13:19,1,-90,34.0506554,-117.1844177,377.70,1.50,WIFI
90:9D:7D:46:18:08,Frontier0880_5G,[WPA2_PSK],2025-3-26 18:13:19,1,-91,34.0506554,-117.1844177,377.70,1.50,WIFI
E8:48:B8:BB:15:10,Frontier5936_EXT,[WPA2_PSK],2025-3-26 18:13:21,2,-72,34.0504799,-117.1842804,378.50,1.50,WIFI
EA:C3:2A:43:25:F6,,[WPA2_PSK],2025-3-26 18:13:21,2,-83,34.0504799,-117.1842804,378.50,1.50,WIFI
88:E7:12:26:CC:D4,MICRW_88_E7_12_26_CC_D4,[WPA2_PSK],2025-3-26 18:13:21,2,-87,34.0504799,-117.1842804,378.50,1.50,WIFI
FC:9C:98:48:AF:3C,ARLO_VMB_9214398715,[WPA2_PSK],2025-3-26 18:13:22,3,-85,34.0503922,-117.1842117,378.80,1.50,WIFI
A8:9A:93:8E:43:06,MySpectrumWiFi00-2G,[WPA2_PSK],2025-3-26 18:13:25,6,-62,34.0501366,-117.1839981,379.30,1.50,WIFI
24:E5:0F:18:E6:F2,Alvarado,[WPA2_PSK],2025-3-26 18:13:25,6,-71,34.0501366,-117.1839981,379.30,1.50,WIFI
24:E5:0F:19:05:1F,Alvarado,[WPA2_PSK],2025-3-26 18:13:25,6,-79,34.0501366,-117.1839981,379.30,1.50,WIFI
44:AC:85:2B:D1:E9,,[OPEN],2025-3-26 18:13:25,6,-85,34.0501366,-117.1839981,379.30,1.50,WIFI
44:AC:85:2B:D1:E3,,[WPA3_PSK],2025-3-26 18:13:25,6,-86,34.0501366,-117.1839981,379.30,1.50,WIFI
62:7C:61:50:E0:F1,Crypthantha Roosiorum,[WPA2_PSK],2025-3-26 18:13:29,10,-93,34.0497856,-117.1837311,380.50,1.50,WIFI
28:BD:89:CC:EA:B0,Simpson,[WPA2_PSK],2025-3-26 18:13:30,11,-63,34.0496902,-117.1836548,381.00,1.50,WIFI
5C:FA:25:C5:0A:C6,SpectrumSetup-C0,[WPA2_PSK],2025-3-26 18:13:30,11,-66,34.0496902,-117.1836548,381.00,1.50,WIFI
7C:DB:98:5F:4A:62,MySpectrumWiFi64-2G,[WPA2_PSK],2025-3-26 18:13:30,11,-66,34.0496902,-117.1836548,381.00,1.50,WIFI
80:78:71:5D:C7:FD,SpectrumSetup-FF,[WPA2_PSK],2025-3-26 18:13:30,11,-71,34.0496902,-117.1836548,381.00,1.50,WIFI
22:48:6C:4A:98:CF,,[WPA2_PSK],2025-3-26 18:13:30,11,-72,34.0496902,-117.1836548,381.00,1.50,WIFI
2C:00:AB:98:F9:28,Frontier1328,[WPA2_PSK],2025-3-26 18:13:30,11,-72,34.0496902,-117.1836548,381.00,1.50,WIFI
DA:E3:5E:C9:E4:C9,[LG_Oven]e4c9,[WPA2_PSK],2025-3-26 18:13:30,11,-88,34.0496902,-117.1836548,381.00,1.50,WIFI
60:38:E0:DB:93:8E,.,[WPA_WPA2_PSK],2025-3-26 18:13:32,1,-66,34.0495033,-117.1835098,381.70,1.50,WIFI
A0:89:66:E5:93:94,,[WPA_WPA2_PSK],2025-3-26 18:13:32,1,-70,34.0495033,-117.1835098,381.70,1.50,WIFI
88:67:46:72:A2:26,Naranja,[WPA2_PSK],2025-3-26 18:13:32,1,-71,34.0495033,-117.1835098,381.70,1.50,WIFI
88:67:46:72:A2:23,,[WPA3_PSK],2025-3-26 18:13:32,1,-72,34.0495033,-117.1835098,381.70,1.50,WIFI
02:22:6C:16:DE:6A,SoundBarSetup_DE6A,[OPEN],2025-3-26 18:13:32,1,-73,34.0495033,-117.1835098,381.70,1.50,WIFI
9C:3D:CF:57:F1:6A,NTGR_VMB_1504475449,[WPA2_PSK],2025-3-26 18:13:32,1,-80,34.0495033,-117.1835098,381.70,1.50,WIFI
DC:69:B5:D0:CF:E3,,[WPA3_PSK],2025-3-26 18:13:32,1,-84,34.0495033,-117.1835098,381.70,1.50,WIFI
DC:69:B5:D0:CF:E6,Espinoza,[WPA2_PSK],2025-3-26 18:13:32,1,-84,34.0495033,-117.1835098,381.70,1.50,WIFI
DC:69:B5:D0:CF:E9,,[OPEN],2025-3-26 18:13:32,1,-85,34.0495033,-117.1835098,381.70,1.50,WIFI
80:78:71:81:1E:77,SpectrumSetup-79,[WPA2_PSK],2025-3-26 18:13:32,1,-89,34.0495033,-117.1835098,381.70,1.50,WIFI
F0:72:EA:41:8C:AA,Simpson,[WPA2_PSK],2025-3-26 18:13:32,1,-94,34.0495033,-117.1835098,381.70,1.50,WIFI
A0:7F:8A:10:B1:6B,SpectrumSetup-B165,[WPA2_PSK],2025-3-26 18:13:32,1,-94,34.0495033,-117.1835098,381.70,1.50,WIFI
00:31:92:42:5D:A2,espi,[WPA2_PSK],2025-3-26 18:13:36,3,-60,34.0491371,-117.1832123,383.50,1.50,WIFI
06:31:92:42:5D:A2,,[WPA2_PSK],2025-3-26 18:13:36,3,-64,34.0491371,-117.1832123,383.50,1.50,WIFI
00:31:92:42:29:FE,espi,[WPA2_PSK],2025-3-26 18:13:36,3,-73,34.0491371,-117.1832123,383.50,1.50,WIFI
06:31:92:42:29:FE,,[WPA2_PSK],2025-3-26 18:13:36,3,-75,34.0491371,-117.1832123,383.50,1.50,WIFI
C4:04:15:5B:14:8E,BIG HAPPY & HYGGE_EXT,[WPA2_PSK],2025-3-26 18:13:36,3,-86,34.0491371,-117.1832123,383.50,1.50,WIFI
60:F4:19:40:3E:63,,[WPA3_PSK],2025-3-26 18:13:39,6,-65,34.0488853,-117.1830139,384.70,1.50,WIFI
60:F4:19:40:3E:66,Alvarado house ,[WPA2_PSK],2025-3-26 18:13:39,6,-65,34.0488853,-117.1830139,384.70,1.50,WIFI
60:F4:19:40:3E:69,,[OPEN],2025-3-26 18:13:39,6,-67,34.0488853,-117.1830139,384.70,1.50,WIFI
60:F4:19:7B:33:46,Alvarado house ,[WPA2_PSK],2025-3-26 18:13:39,6,-70,34.0488853,-117.1830139,384.70,1.50,WIFI
60:F4:19:7B:33:43,,[WPA3_PSK],2025-3-26 18:13:39,6,-74,34.0488853,-117.1830139,384.70,1.50,WIFI
D4:3F:32:1C:0F:49,,[OPEN],2025-3-26 18:13:39,6,-75,34.0488853,-117.1830139,384.70,1.50,WIFI
60:F4:19:7B:33:49,,[OPEN],2025-3-26 18:13:39,6,-75,34.0488853,-117.1830139,384.70,1.50,WIFI
D4:3F:32:1C:0F:43,,[WPA3_PSK],2025-3-26 18:13:39,6,-76,34.0488853,-117.1830139,384.70,1.50,WIFI
A0:7F:8A:2F:21:CD,Nattys home,[WPA2_PSK],2025-3-26 18:13:39,6,-77,34.0488853,-117.1830139,384.70,1.50,WIFI
D4:3F:32:1C:0F:46,Cortez,[WPA2_PSK],2025-3-26 18:13:39,6,-77,34.0488853,-117.1830139,384.70,1.50,WIFI
74:B6:B6:BC:39:E7,,[OPEN],2025-3-26 18:13:39,6,-80,34.0488853,-117.1830139,384.70,1.50,WIFI
74:B6:B6:BC:39:E5,RedlandsWiFi,[WPA2_PSK],2025-3-26 18:13:39,6,-81,34.0488853,-117.1830139,384.70,1.50,WIFI
30:60:0A:64:B0:EB,,[WPA_WPA2_PSK],2025-3-26 18:13:39,6,-81,34.0488853,-117.1830139,384.70,1.50,WIFI
C0:6F:98:05:F6:C6,Popswifi,[WPA2_PSK],2025-3-26 18:13:39,6,-81,34.0488853,-117.1830139,384.70,1.50,WIFI
18:1B:EB:8D:89:F1,6MC5H,[WPA2_PSK],2025-3-26 18:13:39,6,-82,34.0488853,-117.1830139,384.70,1.50,WIFI
5C:A5:BC:F4:E7:07,,[OPEN],2025-3-26 18:13:39,6,-82,34.0488853,-117.1830139,384.70,1.50,WIFI
44:AC:85:33:68:63,,[WPA3_PSK],2025-3-26 18:13:39,6,-82,34.0488853,-117.1830139,384.70,1.50,WIFI
44:AC:85:33:68:69,,[OPEN],2025-3-26 18:13:39,6,-82,34.0488853,-117.1830139,384.70,1.50,WIFI
60:F4:19:2D:42:E3,,[WPA3_PSK],2025-3-26 18:13:39,6,-82,34.0488853,-117.1830139,384.70,1.50,WIFI
74:B6:B6:BC:39:E3,,[WPA3_PSK],2025-3-26 18:13:39,6,-82,34.0488853,-117.1830139,384.70,1.50,WIFI
50:91:E3:7C:C8:96,SpectrumSetup-40_EXT,[WPA2_PSK],2025-3-26 18:13:39,6,-88,34.0488853,-117.1830139,384.70,1.50,WIFI
A8:6B:AD:E0:F3:41,HoneyBear,[WPA2_PSK],2025-3-26 18:13:42,8,-85,34.0486565,-117.1828308,386.60,1.50,WIFI
8A:D8:1B:FA:A1:86,,[WPA2_PSK],2025-3-26 18:13:42,8,-87,34.0486565,-117.1828308,386.60,1.50,WIFI
84:D8:1B:FA:A1:86,Osajima wifi,[WPA2_PSK],2025-3-26 18:13:42,8,-90,34.0486565,-117.1828308,386.60,1.50,WIFI
C8:9E:43:DC:F0:0C,Wifi,[WPA2_PSK],2025-3-26 18:13:43,9,-78,34.0485954,-117.1827850,386.90,1.50,WIFI
3C:37:86:50:B6:DD,WifiMcFly,[WPA2_PSK],2025-3-26 18:13:43,9,-79,34.0485954,-117.1827850,386.90,1.50,WIFI
B0:19:21:20:96:06,Phillipsphi,[WPA2_WPA3_PSK],2025-3-26 18:13:44,10,-75,34.0485458,-117.1827469,387.20,1.50,WIFI
B6:19:21:20:96:06,,[WPA2_PSK],2025-3-26 18:13:44,10,-79,34.0485458,-117.1827469,387.20,1.50,WIFI
D8:A7:56:64:6D:66,MySpectrumWiFi60-2G,[WPA2_PSK],2025-3-26 18:13:45,11,-72,34.0485039,-117.1827164,387.30,1.50,WIFI
C0:89:AB:3D:44:68,Frontier1680,[WPA2_PSK],2025-3-26 18:13:45,11,-83,34.0485039,-117.1827164,387.30,1.50,WIFI
46:27:45:17:8A:92,[LG_Refrigerator]8a92,[WPA2_PSK],2025-3-26 18:13:45,11,-86,34.0485039,-117.1827164,387.30,1.50,WIFI
7C:78:B2:B3:1E:EB,wzap39524206,[WPA2_PSK],2025-3-26 18:13:45,11,-86,34.0485039,-117.1827164,387.30,1.50,WIFI
88:EF:16:EF:2C:F8,Frontier4640,[WPA2_PSK],2025-3-26 18:13:45,11,-87,34.0485039,-117.1827164,387.30,1.50,WIFI
F4:05:95:AF:FC:02,LCbungalow,[WPA2_PSK],2025-3-26 18:13:48,1,-67,34.0484505,-117.1826935,387.20,1.50,WIFI
3C:58:5D:59:6D:C6,Outatime49,[WPA2_WPA3_PSK],2025-3-26 18:13:48,1,-73,34.0484505,-117.1826935,387.20,1.50,WIFI
E8:D2:FF:C9:A0:F6,SpectrumSetup-F0,[WPA2_PSK],2025-3-26 18:13:48,1,-80,34.0484505,-117.1826935,387.20,1.50,WIFI
C8:9E:43:DC:F6:90,BIG HAPPY & HYGGE,[WPA2_PSK],2025-3-26 18:13:51,3,-65,34.0483437,-117.1827393,388.00,1.50,WIFI
B8:A1:75:85:60:85,,[WPA2_PSK],2025-3-26 18:13:51,3,-76,34.0483437,-117.1827393,388.00,1.50,WIFI
8E:49:62:C8:07:78,,[WPA2_PSK],2025-3-26 18:13:51,3,-89,34.0483437,-117.1827393,388.00,1.50,WIFI
B6:19:21:20:95:C4,,[WPA2_PSK],2025-3-26 18:13:52,4,-66,34.0483093,-117.1828003,388.40,1.50,WIFI
B0:19:21:20:95:C4,Phillipsphi,[WPA2_WPA3_PSK],2025-3-26 18:13:52,4,-67,34.0483093,-117.1828003,388.40,1.50,WIFI
48:DD:0C:A0:38:45,Nacho WiFi,[WPA2_PSK],2025-3-26 18:13:54,6,-66,34.0482063,-117.1829681,388.70,1.50,WIFI
50:27:A9:21:20:E5,Frontier1,[WPA2_PSK],2025-3-26 18:13:54,6,-68,34.0482063,-117.1829681,388.70,1.50,WIFI
50:27:A9:21:20:E7,,[OPEN],2025-3-26 18:13:54,6,-69,34.0482063,-117.1829681,388.70,1.50,WIFI
50:27:A9:21:20:E3,,[WPA3_PSK],2025-3-26 18:13:54,6,-70,34.0482063,-117.1829681,388.70,1.50,WIFI
20:BE:CD:96:5E:E7,Frontier1,[WPA2_PSK],2025-3-26 18:13:54,6,-71,34.0482063,-117.1829681,388.70,1.50,WIFI
4C:AB:F8:54:68:11,SpectrumSetup-13,[WPA2_PSK],2025-3-26 18:13:54,6,-79,34.0482063,-117.1829681,388.70,1.50,WIFI
00:D0:2D:D6:17:FA,NewThermostat_D617FA,[OPEN],2025-3-26 18:13:54,6,-81,34.0482063,-117.1829681,388.70,1.50,WIFI
60:F4:19:40:1A:C3,,[WPA3_PSK],2025-3-26 18:13:54,6,-81,34.0482063,-117.1829681,388.70,1.50,WIFI
60:F4:19:40:1A:C9,,[OPEN],2025-3-26 18:13:54,6,-81,34.0482063,-117.1829681,388.70,1.50,WIFI
34:64:A9:3F:B6:2B,DIRECT-2A-HP ENVY 7640 series,[WPA2_PSK],2025-3-26 18:13:54,6,-82,34.0482063,-117.1829681,388.70,1.50,WIFI
60:F4:19:40:1A:C6,Weclcome414,[WPA2_PSK],2025-3-26 18:13:54,6,-82,34.0482063,-117.1829681,388.70,1.50,WIFI
74:37:5F:55:D1:7B,SpectrumSetup-79,[WPA2_PSK],2025-3-26 18:13:54,6,-83,34.0482063,-117.1829681,388.70,1.50,WIFI
C8:2E:18:EF:5C:79,popur_LB02K_5C79,[OPEN],2025-3-26 18:13:54,6,-84,34.0482063,-117.1829681,388.70,1.50,WIFI
D4:3F:32:82:C7:83,,[WPA3_PSK],2025-3-26 18:13:54,6,-86,34.0482063,-117.1829681,388.70,1.50,WIFI
D4:3F:32:82:C7:89,,[OPEN],2025-3-26 18:13:54,6,-86,34.0482063,-117.1829681,388.70,1.50,WIFI
D2:40:D0:57:21:F3,ORBI55,[WPA2_PSK],2025-3-26 18:13:58,9,-82,34.0479622,-117.1834106,388.40,1.50,WIFI
D6:40:D0:57:21:F3,,[WPA2_PSK],2025-3-26 18:13:58,9,-90,34.0479622,-117.1834106,388.40,1.50,WIFI
34:98:B5:D8:B4:D0,Leaky Sync,[WPA2_PSK],2025-3-26 18:13:59,10,-84,34.0479012,-117.1835251,388.50,1.50,WIFI
C8:D3:FF:82:8B:62,DIRECT-61-HP OfficeJet Pro 8710,[WPA2_PSK],2025-3-26 18:13:59,10,-89,34.0479012,-117.1835251,388.50,1.50,WIFI
34:98:B5:15:60:32,REDDMOTO2.4_2GEXT,[WPA2_PSK],2025-3-26 18:14:0,11,-65,34.0478363,-117.1836472,388.50,1.50,WIFI
88:B4:A6:F7:F9:9D,REDDMOTO2.4,[WPA2_PSK],2025-3-26 18:14:0,11,-66,34.0478363,-117.1836472,388.50,1.50,WIFI
00:13:EF:1A:AA:D4,WiFi Extender,[OPEN],2025-3-26 18:14:0,11,-73,34.0478363,-117.1836472,388.50,1.50,WIFI
C0:89:AB:39:E9:08,Frontier1680,[WPA2_PSK],2025-3-26 18:14:0,11,-81,34.0478363,-117.1836472,388.50,1.50,WIFI
40:06:A0:53:D6:54,Chime-53d654,[OPEN],2025-3-26 18:14:0,11,-84,34.0478363,-117.1836472,388.50,1.50,WIFI
2C:67:BE:11:4D:50,Millennium Falcon,[WPA2_PSK],2025-3-26 18:14:0,11,-86,34.0478363,-117.1836472,388.50,1.50,WIFI
FC:3F:DB:7A:9E:C3,DIRECT-C2-HP OfficeJet 4650,[WPA2_PSK],2025-3-26 18:14:0,11,-88,34.0478363,-117.1836472,388.50,1.50,WIFI
24:E8:53:4E:64:79,AT_301_WLRGL5821S_6479,[WPA2_PSK],2025-3-26 18:14:0,11,-88,34.0478363,-117.1836472,388.50,1.50,WIFI
08:7B:12:69:11:E8,SpectrumSetup-E2,[WPA2_PSK],2025-3-26 18:14:3,1,-68,34.0476227,-117.1840515,388.10,1.50,WIFI
80:CC:9C:35:4A:DD,SpectrumSetup-E2_2GEXT,[WPA2_PSK],2025-3-26 18:14:3,1,-78,34.0476227,-117.1840515,388.10,1.50,WIFI
9E:AE:D3:C0:FF:CF,DIRECT-D3C07FCF,[WPA2_PSK],2025-3-26 18:14:3,1,-89,34.0476227,-117.1840515,388.10,1.50,WIFI
CA:A7:0A:CE:C6:FB,FiOS-PP6WP-Guest,[WPA2_PSK],2025-3-26 18:14:3,1,-90,34.0476227,-117.1840515,388.10,1.50,WIFI
D8:CF:61:45:0F:63,SpectrumSetup-C8,[WPA2_PSK],2025-3-26 18:14:3,1,-93,34.0476227,-117.1840515,388.10,1.50,WIFI
68:FF:7B:4A:03:B7,Frontier3904_5G_2.4G,[WPA_WPA2_PSK],2025-3-26 18:14:5,2,-80,34.0474701,-117.1843185,387.80,1.50,WIFI
40:3F:8C:E6:FF:0E,Fern,[WPA2_PSK],2025-3-26 18:14:6,3,-88,34.0473976,-117.1844559,387.80,1.50,WIFI
46:3F:8C:E7:29:AE,,[WPA2_PSK],2025-3-26 18:14:6,3,-92,34.0473976,-117.1844559,387.80,1.50,WIFI
46:3F:8C:E6:FF:0E,,[WPA2_PSK],2025-3-26 18:14:6,3,-93,34.0473976,-117.1844559,387.80,1.50,WIFI
F0:B6:61:10:E6:04,,[WPA3_PSK],2025-3-26 18:14:9,6,-72,34.0471725,-117.1848602,388.00,1.50,WIFI
F0:B6:61:10:E6:0A,,[OPEN],2025-3-26 18:14:9,6,-72,34.0471725,-117.1848602,388.00,1.50,WIFI
F0:B6:61:10:E6:07,FERN6,[WPA2_PSK],2025-3-26 18:14:9,6,-75,34.0471725,-117.1848602,388.00,1.50,WIFI
9C:A5:70:9B:83:E5,eero,[WPA2_PSK],2025-3-26 18:14:9,6,-79,34.0471725,-117.1848602,388.00,1.50,WIFI
88:67:46:93:8E:86,Vedder,[WPA2_PSK],2025-3-26 18:14:9,6,-80,34.0471725,-117.1848602,388.00,1.50,WIFI
88:67:46:92:B5:26,Vedder,[WPA2_PSK],2025-3-26 18:14:9,6,-83,34.0471725,-117.1848602,388.00,1.50,WIFI
9C:A5:70:9B:83:E7,,[OPEN],2025-3-26 18:14:9,6,-84,34.0471725,-117.1848602,388.00,1.50,WIFI
62:83:E7:21:80:4A,martymcfly,[WPA2_PSK],2025-3-26 18:14:11,8,-89,34.0470238,-117.1851349,387.70,1.50,WIFI
5C:18:DD:F9:1F:4C,,[WPA_WPA2_PSK],2025-3-26 18:14:11,8,-89,34.0470238,-117.1851349,387.70,1.50,WIFI
DA:40:D0:57:21:F3,ORBI55-Guest,[WPA2_PSK],2025-3-26 18:14:12,9,-80,34.0469475,-117.1852722,387.70,1.50,WIFI
F8:5B:3B:F3:C1:1D,SpectrumSetup-1F,[WPA2_PSK],2025-3-26 18:14:14,11,-71,34.0467949,-117.1855316,387.60,1.50,WIFI
82:5B:65:D9:08:6F,[LG_Oven]086f,[WPA2_PSK],2025-3-26 18:14:14,11,-78,34.0467949,-117.1855316,387.60,1.50,WIFI
08:7B:12:69:6B:DF,SpectrumSetup-D9,[WPA2_PSK],2025-3-26 18:14:14,11,-80,34.0467949,-117.1855316,387.60,1.50,WIFI
FC:3F:DB:23:A3:5C,HP-Print-5C-Officejet Pro 8620,[WPA2_PSK],2025-3-26 18:14:14,11,-85,34.0467949,-117.1855316,387.60,1.50,WIFI
24:94:CB:1C:05:B8,Frontier1056,[WPA2_PSK],2025-3-26 18:14:14,11,-85,34.0467949,-117.1855316,387.60,1.50,WIFI
94:A6:7E:40:65:F4,FiOS-GSDAC_2GEXT,[WPA2_PSK],2025-3-26 18:14:14,11,-87,34.0467949,-117.1855316,387.60,1.50,WIFI
88:EF:16:F0:2C:78,Craigs WiFi,[WPA2_PSK],2025-3-26 18:14:14,11,-91,34.0467949,-117.1855316,387.60,1.50,WIFI
F0:7B:65:EB:E6:82,SpectrumSetup-E67C,[WPA2_PSK],2025-3-26 18:14:17,1,-81,34.0465965,-117.1858597,387.50,1.50,WIFI
F0:7B:65:C4:7C:87,SpectrumSetup-7C81,[WPA2_PSK],2025-3-26 18:14:17,1,-90,34.0465965,-117.1858597,387.50,1.50,WIFI
C4:D8:D5:7E:66:3D,PNR08IF310547DB0A1,[OPEN],2025-3-26 18:14:17,1,-91,34.0465965,-117.1858597,387.50,1.50,WIFI
80:CC:9C:EF:9A:A1,Craig_2.4GEXT,[WPA2_PSK],2025-3-26 18:14:17,1,-93,34.0465965,-117.1858597,387.50,1.50,WIFI
46:3F:8C:E6:BD:22,,[WPA2_PSK],2025-3-26 18:14:20,3,-68,34.0464935,-117.1860352,387.50,1.50,WIFI
40:3F:8C:E7:29:AE,Fern,[WPA2_PSK],2025-3-26 18:14:20,3,-69,34.0464935,-117.1860352,387.50,1.50,WIFI
40:3F:8C:E6:BD:22,Fern,[WPA2_PSK],2025-3-26 18:14:20,3,-70,34.0464935,-117.1860352,387.50,1.50,WIFI
AC:F1:08:91:5A:CE,RMDACF108915ACD,[WPA_WPA2_PSK],2025-3-26 18:14:20,3,-94,34.0464935,-117.1860352,387.50,1.50,WIFI
28:EC:22:83:93:86,Frontier3088,[WPA2_PSK],2025-3-26 18:14:23,6,-69,34.0464706,-117.1860657,387.40,1.50,WIFI
28:EC:22:8E:17:A3,,[WPA3_PSK],2025-3-26 18:14:23,6,-71,34.0464706,-117.1860657,387.40,1.50,WIFI
28:EC:22:8E:17:A9,,[OPEN],2025-3-26 18:14:23,6,-71,34.0464706,-117.1860657,387.40,1.50,WIFI
28:EC:22:83:93:83,,[WPA3_PSK],2025-3-26 18:14:23,6,-76,34.0464706,-117.1860657,387.40,1.50,WIFI
28:EC:22:83:93:89,,[OPEN],2025-3-26 18:14:23,6,-76,34.0464706,-117.1860657,387.40,1.50,WIFI
3E:28:6D:C3:33:A4,LoriO337,[WPA2_PSK],2025-3-26 18:14:23,6,-77,34.0464706,-117.1860657,387.40,1.50,WIFI
3C:28:6D:C3:33:A7,Ariashome,[WPA2_PSK],2025-3-26 18:14:23,6,-81,34.0464706,-117.1860657,387.40,1.50,WIFI
9C:57:BC:8B:86:23,,[WPA3_PSK],2025-3-26 18:14:23,6,-81,34.0464706,-117.1860657,387.40,1.50,WIFI
88:67:46:92:B5:23,,[WPA3_PSK],2025-3-26 18:14:23,6,-82,34.0464706,-117.1860657,387.40,1.50,WIFI
88:67:46:92:B5:29,,[OPEN],2025-3-26 18:14:23,6,-82,34.0464706,-117.1860657,387.40,1.50,WIFI
E0:B2:60:40:DE:E1,Meer mesh,[WPA_WPA2_PSK],2025-3-26 18:14:23,6,-84,34.0464706,-117.1860657,387.40,1.50,WIFI
1A:9A:7D:17:60:AA,SpectrumSetup-A8,[WPA2_PSK],2025-3-26 18:14:23,6,-85,34.0464706,-117.1860657,387.40,1.50,WIFI
A6:97:5C:B2:A5:D6,VTECH_5766_a5d6,[WPA2_PSK],2025-3-26 18:14:27,10,-71,34.0463066,-117.1861115,387.70,1.50,WIFI
62:06:C3:C7:51:E0,Zurch,[WPA2_PSK],2025-3-26 18:14:27,10,-86,34.0463066,-117.1861115,387.70,1.50,WIFI
62:06:C3:C7:51:E1,,[WPA2_PSK],2025-3-26 18:14:27,10,-90,34.0463066,-117.1861115,387.70,1.50,WIFI
70:77:81:D6:D2:FE,LAMEDA,[WPA2_PSK],2025-3-26 18:14:28,11,-75,34.0462456,-117.1860733,387.80,1.50,WIFI
20:23:51:91:D2:D1,TheTurtleWiFi_EXT,[WPA2_PSK],2025-3-26 18:14:28,11,-79,34.0462456,-117.1860733,387.80,1.50,WIFI
74:37:5F:56:59:AF,SpectrumSetup-AD,[WPA2_PSK],2025-3-26 18:14:28,11,-87,34.0462456,-117.1860733,387.80,1.50,WIFI
2C:58:4F:5E:92:58,Frontier2096,[WPA2_PSK],2025-3-26 18:14:28,11,-88,34.0462456,-117.1860733,387.80,1.50,WIFI
4C:19:5D:01:DD:0F,TheTurtleWiFi,[WPA2_PSK],2025-3-26 18:14:28,11,-93,34.0462456,-117.1860733,387.80,1.50,WIFI
88:57:1D:2C:C0:E3,[range]_E30AJT71030000,[WPA2_PSK],2025-3-26 18:14:31,1,-73,34.0460129,-117.1858978,388.40,1.50,WIFI
40:47:5E:33:A8:23,,[WPA3_PSK],2025-3-26 18:14:31,1,-76,34.0460129,-117.1858978,388.40,1.50,WIFI
40:47:5E:33:A8:26,CasaHendeez,[WPA2_PSK],2025-3-26 18:14:31,1,-76,34.0460129,-117.1858978,388.40,1.50,WIFI
40:47:5E:33:A8:29,,[OPEN],2025-3-26 18:14:31,1,-77,34.0460129,-117.1858978,388.40,1.50,WIFI
28:EC:22:25:4E:09,,[OPEN],2025-3-26 18:14:31,1,-84,34.0460129,-117.1858978,388.40,1.50,WIFI
FC:B2:D6:3D:55:6F,,[WPA_WPA2_PSK],2025-3-26 18:14:31,1,-92,34.0460129,-117.1858978,388.40,1.50,WIFI
26:5A:4C:3A:57:85,zorrointheairport,[WPA2_PSK],2025-3-26 18:14:31,1,-93,34.0460129,-117.1858978,388.40,1.50,WIFI
00:C8:96:D0:90:0A,,[WPA_WPA2_PSK],2025-3-26 18:14:33,2,-86,34.0458336,-117.1857529,389.20,1.50,WIFI
F0:79:59:87:A2:80,Journey,[WPA2_PSK],2025-3-26 18:14:35,4,-78,34.0456390,-117.1856003,390.10,1.50,WIFI
9C:0B:05:A4:10:04,,[WPA3_PSK],2025-3-26 18:14:37,6,-67,34.0454407,-117.1854401,390.90,1.50,WIFI
9C:0B:05:A4:10:0A,,[OPEN],2025-3-26 18:14:37,6,-67,34.0454407,-117.1854401,390.90,1.50,WIFI
9C:0B:05:A4:10:07,Brownhouse440,[WPA2_PSK],2025-3-26 18:14:37,6,-68,34.0454407,-117.1854401,390.90,1.50,WIFI
4A:BA:4E:69:32:63,DIRECT-63-HP ENVY Photo 7800,[WPA2_PSK],2025-3-26 18:14:37,6,-71,34.0454407,-117.1854401,390.90,1.50,WIFI
08:BF:B8:22:84:98,The Rocinante,[WPA2_PSK],2025-3-26 18:14:38,7,-79,34.0453415,-117.1853638,391.30,1.50,WIFI
62:83:E7:20:F0:66,martymcfly,[WPA2_PSK],2025-3-26 18:14:39,8,-81,34.0452309,-117.1852798,391.80,1.50,WIFI
60:83:E7:B0:F0:66,,[WPA_WPA2_PSK],2025-3-26 18:14:39,8,-82,34.0452309,-117.1852798,391.80,1.50,WIFI
50:D4:F7:C1:EF:13,Terrasen,[WPA2_PSK],2025-3-26 18:14:41,10,-85,34.0450134,-117.1851044,392.80,1.50,WIFI
52:D4:F7:C1:EF:13,Terrasen_Guest,[WPA2_PSK],2025-3-26 18:14:41,10,-86,34.0450134,-117.1851044,392.80,1.50,WIFI
62:D4:F7:C1:EF:13,,[WPA2_PSK],2025-3-26 18:14:41,10,-87,34.0450134,-117.1851044,392.80,1.50,WIFI
F8:5B:3B:7C:DF:15,SpectrumSetup-17,[WPA2_PSK],2025-3-26 18:14:42,11,-69,34.0448990,-117.1850128,393.40,1.50,WIFI
74:37:5F:F7:23:69,SpectrumSetup-67,[WPA2_PSK],2025-3-26 18:14:42,11,-74,34.0448990,-117.1850128,393.40,1.50,WIFI
F0:B6:61:F8:BA:44,,[WPA3_PSK],2025-3-26 18:14:42,11,-82,34.0448990,-117.1850128,393.40,1.50,WIFI
F0:B6:61:F8:BA:4A,,[OPEN],2025-3-26 18:14:42,11,-83,34.0448990,-117.1850128,393.40,1.50,WIFI
F0:B6:61:F8:BA:47,Louiesnet,[WPA2_PSK],2025-3-26 18:14:42,11,-83,34.0448990,-117.1850128,393.40,1.50,WIFI
9C:0B:05:AE:74:2A,,[OPEN],2025-3-26 18:14:42,11,-84,34.0448990,-117.1850128,393.40,1.50,WIFI
9C:0B:05:AE:74:27,520 S Center St.,[WPA2_PSK],2025-3-26 18:14:42,11,-85,34.0448990,-117.1850128,393.40,1.50,WIFI
A4:11:62:54:F1:D6,ARLO_VMB_6473625810,[WPA2_PSK],2025-3-26 18:14:42,11,-89,34.0448990,-117.1850128,393.40,1.50,WIFI
44:AD:B1:58:26:C6,Babeos,[WPA2_PSK],2025-3-26 18:14:44,1,-58,34.0446815,-117.1848373,394.50,1.50,WIFI
C8:99:B2:B4:79:6F,Verizon_X7CP6D,[WPA2_PSK],2025-3-26 18:14:44,1,-82,34.0446815,-117.1848373,394.50,1.50,WIFI
38:94:ED:B4:06:79,ngHub_31945BNS03499,[WPA2_PSK],2025-3-26 18:14:44,1,-85,34.0446815,-117.1848373,394.50,1.50,WIFI
94:A6:7E:3F:CB:56,Frontier2176_5G_2GEXT,[WPA2_PSK],2025-3-26 18:14:44,1,-91,34.0446815,-117.1848373,394.50,1.50,WIFI
9C:3D:CF:57:F1:8C,NTGR_VMB_1502263078,[WPA2_PSK],2025-3-26 18:14:48,3,-92,34.0442543,-117.1844940,395.90,1.50,WIFI
CC:CF:83:AA:66:94,,[WPA_WPA2_PSK],2025-3-26 18:14:50,5,-86,34.0440483,-117.1843262,397.00,1.50,WIFI
C0:6F:98:9C:AF:49,,[OPEN],2025-3-26 18:14:51,6,-72,34.0439491,-117.1842499,397.50,1.50,WIFI
30:3A:4A:80:BA:E7,,[OPEN],2025-3-26 18:14:51,6,-73,34.0439491,-117.1842499,397.50,1.50,WIFI
C0:6F:98:9C:AF:43,,[WPA3_PSK],2025-3-26 18:14:51,6,-73,34.0439491,-117.1842499,397.50,1.50,WIFI
C0:6F:98:9C:AF:46,tgmFIOS,[WPA2_PSK],2025-3-26 18:14:51,6,-73,34.0439491,-117.1842499,397.50,1.50,WIFI
C0:6F:98:9C:AF:4F,tgmFIOS Guest,[WPA2_PSK],2025-3-26 18:14:51,6,-73,34.0439491,-117.1842499,397.50,1.50,WIFI
30:3A:4A:80:BA:E3,,[WPA3_PSK],2025-3-26 18:14:51,6,-74,34.0439491,-117.1842499,397.50,1.50,WIFI
30:3A:4A:80:BA:E5,Jaquezwifi,[WPA2_PSK],2025-3-26 18:14:51,6,-74,34.0439491,-117.1842499,397.50,1.50,WIFI
C8:C6:FE:62:2F:09,,[OPEN],2025-3-26 18:14:51,6,-80,34.0439491,-117.1842499,397.50,1.50,WIFI
86:2A:FD:F8:A1:7B,DIRECT-7B-HP ENVY Photo 7100,[WPA2_PSK],2025-3-26 18:14:51,6,-81,34.0439491,-117.1842499,397.50,1.50,WIFI
C8:C6:FE:62:2F:03,,[WPA3_PSK],2025-3-26 18:14:51,6,-81,34.0439491,-117.1842499,397.50,1.50,WIFI
C8:C6:FE:62:2F:06,Jaquezwifi,[WPA2_PSK],2025-3-26 18:14:51,6,-81,34.0439491,-117.1842499,397.50,1.50,WIFI
20:BE:CD:33:67:2A,,[OPEN],2025-3-26 18:14:51,6,-83,34.0439491,-117.1842499,397.50,1.50,WIFI
20:BE:CD:33:67:24,,[WPA3_PSK],2025-3-26 18:14:51,6,-84,34.0439491,-117.1842499,397.50,1.50,WIFI
20:BE:CD:33:67:27,Hyrule,[WPA2_PSK],2025-3-26 18:14:51,6,-84,34.0439491,-117.1842499,397.50,1.50,WIFI
5A:16:D7:A7:BC:39,My Chevrolet,[WPA2_PSK],2025-3-26 18:14:51,6,-84,34.0439491,-117.1842499,397.50,1.50,WIFI
66:C6:D2:27:28:F1,DIRECT-nw-EPSON-ET-2800 Series,[WPA2_PSK],2025-3-26 18:14:51,6,-87,34.0439491,-117.1842499,397.50,1.50,WIFI
44:EB:2E:05:D6:26,MY ROGUE9819,[WPA2_PSK],2025-3-26 18:14:55,9,-91,34.0436211,-117.1839905,398.80,1.50,WIFI
54:A0:50:CF:D2:48,tgmCellspot,[WPA2_PSK],2025-3-26 18:14:56,10,-93,34.0435677,-117.1839523,399.00,1.50,WIFI
DE:CB:BC:BE:B3:0B,,[WPA2_PSK],2025-3-26 18:14:57,11,-73,34.0435333,-117.1839218,399.10,1.50,WIFI
EA:CB:BC:BE:B3:0B,IOTConnect,[WPA2_PSK],2025-3-26 18:14:57,11,-74,34.0435333,-117.1839218,399.10,1.50,WIFI
E6:CB:BC:BE:B3:0B,Liahona,[WPA2_PSK],2025-3-26 18:14:57,11,-75,34.0435333,-117.1839218,399.10,1.50,WIFI
9C:0B:05:5F:0C:67,RM045Main,[WPA2_PSK],2025-3-26 18:14:57,11,-78,34.0435333,-117.1839218,399.10,1.50,WIFI
9C:0B:05:C1:D0:64,,[WPA3_PSK],2025-3-26 18:14:57,11,-82,34.0435333,-117.1839218,399.10,1.50,WIFI
9C:0B:05:C1:D0:6A,,[OPEN],2025-3-26 18:14:57,11,-82,34.0435333,-117.1839218,399.10,1.50,WIFI
9C:0B:05:5F:0C:64,,[WPA3_PSK],2025-3-26 18:14:57,11,-83,34.0435333,-117.1839218,399.10,1.50,WIFI
9C:0B:05:C1:D0:67,bo,[WPA2_PSK],2025-3-26 18:14:57,11,-83,34.0435333,-117.1839218,399.10,1.50,WIFI
9C:0B:05:5F:0C:6A,,[OPEN],2025-3-26 18:14:57,11,-85,34.0435333,-117.1839218,399.10,1.50,WIFI
9C:0B:05:75:E5:A4,,[WPA3_PSK],2025-3-26 18:14:57,11,-86,34.0435333,-117.1839218,399.10,1.50,WIFI
9C:0B:05:DB:8E:44,,[WPA3_PSK],2025-3-26 18:14:57,11,-89,34.0435333,-117.1839218,399.10,1.50,WIFI
48:5D:36:4E:10:D6,FiOS-4KGS8,[WPA2_PSK],2025-3-26 18:14:57,11,-90,34.0435333,-117.1839218,399.10,1.50,WIFI
32:F7:72:53:0B:18,HP-Setup>18-M277 LaserJet,[OPEN],2025-3-26 18:14:57,11,-91,34.0435333,-117.1839218,399.10,1.50,WIFI
20:0D:B0:72:F1:B2,GerrardsGuest,[OPEN],2025-3-26 18:15:0,1,-75,34.0435066,-117.1839066,399.20,1.50,WIFI
3A:22:E2:98:15:FF,DIRECT-FF-HP OfficeJet Pro 8020,[WPA2_PSK],2025-3-26 18:15:0,1,-86,34.0435066,-117.1839066,399.20,1.50,WIFI
40:5D:82:08:CA:4F,ngHub_31945BNS03499,[WPA2_PSK],2025-3-26 18:15:0,1,-89,34.0435066,-117.1839066,399.20,1.50,WIFI
CC:0D:EC:47:2C:02,,[WPA2_PSK],2025-3-26 18:15:0,1,-89,34.0435066,-117.1839066,399.20,1.50,WIFI
88:DC:96:26:FE:08,101,[OPEN],2025-3-26 18:15:5,5,-80,34.0432701,-117.1837234,400.00,1.50,WIFI
78:D6:D6:5A:F0:C7,,[OPEN],2025-3-26 18:15:6,6,-74,34.0431976,-117.1836548,400.00,1.50,WIFI
78:D6:D6:5A:F0:C5,tgmFIOS,[WPA2_PSK],2025-3-26 18:15:6,6,-74,34.0431976,-117.1836548,400.00,1.50,WIFI
78:D6:D6:5A:F0:CB,tgmFIOS Guest,[WPA2_PSK],2025-3-26 18:15:6,6,-74,34.0431976,-117.1836548,400.00,1.50,WIFI
78:D6:D6:5A:F0:C3,,[WPA3_PSK],2025-3-26 18:15:6,6,-75,34.0431976,-117.1836548,400.00,1.50,WIFI
1C:BF:CE:6D:ED:34,tgmFIOS-pro,[WPA2_PSK],2025-3-26 18:15:6,6,-77,34.0431976,-117.1836548,400.00,1.50,WIFI
AC:8B:A9:97:CD:0C,GerrardsWiFi,[WPA2_PSK],2025-3-26 18:15:6,6,-88,34.0431976,-117.1836548,400.00,1.50,WIFI
BA:8B:A9:97:D4:08,,[WPA2_PSK],2025-3-26 18:15:6,6,-88,34.0431976,-117.1836548,400.00,1.50,WIFI
B2:8B:A9:97:D4:08,GerrardsGuest,[OPEN],2025-3-26 18:15:6,6,-90,34.0431976,-117.1836548,400.00,1.50,WIFI
70:8B:CD:C2:FC:98,Karolinska,[WPA2_PSK],2025-3-26 18:15:8,8,-83,34.0430183,-117.1835098,400.60,1.50,WIFI
70:8B:CD:C2:FC:99,ASUS_Guest1,[WPA2_PSK],2025-3-26 18:15:8,8,-87,34.0430183,-117.1835098,400.60,1.50,WIFI
3E:00:F1:4E:2C:FA,,[WPA2_PSK],2025-3-26 18:15:11,11,-85,34.0427170,-117.1832733,402.20,1.50,WIFI
E0:CB:BC:BE:B3:0B,Lehi,[WPA2_PSK],2025-3-26 18:15:11,11,-85,34.0427170,-117.1832733,402.20,1.50,WIFI
44:1C:A8:D3:DA:E6,Yuen,[WPA2_PSK],2025-3-26 18:15:11,11,-85,34.0427170,-117.1832733,402.20,1.50,WIFI
4E:00:F1:4E:2C:FA,Luiswifi,[WPA2_PSK],2025-3-26 18:15:11,11,-86,34.0427170,-117.1832733,402.20,1.50,WIFI
5E:00:F1:4E:2C:FA,,[WPA2_PSK],2025-3-26 18:15:11,11,-87,34.0427170,-117.1832733,402.20,1.50,WIFI
A0:39:EE:7F:26:BA,MySpectrumWiFib4-2G,[WPA2_PSK],2025-3-26 18:15:11,11,-92,34.0427170,-117.1832733,402.20,1.50,WIFI
52:57:9C:DF:3F:CD,DIRECT-td-EPSON-WF-3820 Series,[WPA2_PSK],2025-3-26 18:15:11,11,-92,34.0427170,-117.1832733,402.20,1.50,WIFI
DE:CB:BC:BE:AF:FD,,[WPA2_PSK],2025-3-26 18:15:14,1,-72,34.0423775,-117.1830063,403.40,1.50,WIFI
E0:CB:BC:BE:AF:FD,Lehi,[WPA2_PSK],2025-3-26 18:15:14,1,-75,34.0423775,-117.1830063,403.40,1.50,WIFI
E6:CB:BC:BE:AF:FD,Liahona,[WPA2_PSK],2025-3-26 18:15:14,1,-75,34.0423775,-117.1830063,403.40,1.50,WIFI
EA:CB:BC:BE:AF:FD,IOTConnect,[WPA2_PSK],2025-3-26 18:15:14,1,-75,34.0423775,-117.1830063,403.40,1.50,WIFI
98:DA:C4:03:F9:A6,Montanez-Casa,[WPA2_PSK],2025-3-26 18:15:14,1,-86,34.0423775,-117.1830063,403.40,1.50,WIFI
64:67:72:A6:BF:AF,Wifiplease,[WPA2_PSK],2025-3-26 18:15:14,1,-88,34.0423775,-117.1830063,403.40,1.50,WIFI
48:D2:4F:FC:B9:DE,astromech,[WPA2_PSK],2025-3-26 18:15:14,1,-90,34.0423775,-117.1830063,403.40,1.50,WIFI
6C:CD:D6:F7:A4:51,Weis Manor,[WPA2_PSK],2025-3-26 18:15:17,3,-73,34.0420151,-117.1827164,405.40,1.50,WIFI
6C:CD:D6:FD:75:7F,,[WPA2_PSK],2025-3-26 18:15:17,3,-79,34.0420151,-117.1827164,405.40,1.50,WIFI
72:CD:D6:FD:73:77,Weis Manor,[WPA2_PSK],2025-3-26 18:15:17,3,-80,34.0420151,-117.1827164,405.40,1.50,WIFI
72:CD:D6:FD:75:7F,Weis Manor,[WPA2_PSK],2025-3-26 18:15:17,3,-80,34.0420151,-117.1827164,405.40,1.50,WIFI
72:CD:D6:F7:A4:51,,[WPA2_PSK],2025-3-26 18:15:17,3,-81,34.0420151,-117.1827164,405.40,1.50,WIFI
E4:6F:13:5A:C8:62,dlink-C862,[WPA_WPA2_PSK],2025-3-26 18:15:17,3,-81,34.0420151,-117.1827164,405.40,1.50,WIFI
6C:CD:D6:FD:73:77,,[WPA2_PSK],2025-3-26 18:15:17,3,-84,34.0420151,-117.1827164,405.40,1.50,WIFI
C8:C6:FE:68:B8:63,,[WPA3_PSK],2025-3-26 18:15:20,6,-68,34.0416489,-117.1824341,407.10,1.50,WIFI
C8:C6:FE:68:B8:69,,[OPEN],2025-3-26 18:15:20,6,-68,34.0416489,-117.1824341,407.10,1.50,WIFI
C8:C6:FE:68:B8:66,Airport_Jones,[WPA2_PSK],2025-3-26 18:15:20,6,-70,34.0416489,-117.1824341,407.10,1.50,WIFI
C8:C6:FE:62:A9:66,Airport_Jones,[WPA2_PSK],2025-3-26 18:15:20,6,-77,34.0416489,-117.1824341,407.10,1.50,WIFI
C8:C6:FE:62:A9:63,,[WPA3_PSK],2025-3-26 18:15:20,6,-79,34.0416489,-117.1824341,407.10,1.50,WIFI
C8:C6:FE:62:A9:69,,[OPEN],2025-3-26 18:15:20,6,-79,34.0416489,-117.1824341,407.10,1.50,WIFI
EA:CB:BC:BE:AE:B2,IOTConnect,[WPA2_PSK],2025-3-26 18:15:20,6,-87,34.0416489,-117.1824341,407.10,1.50,WIFI
E0:CB:BC:BE:AE:B2,Lehi,[WPA2_PSK],2025-3-26 18:15:20,6,-89,34.0416489,-117.1824341,407.10,1.50,WIFI
E6:CB:BC:BE:AE:B2,Liahona,[WPA2_PSK],2025-3-26 18:15:20,6,-89,34.0416489,-117.1824341,407.10,1.50,WIFI
DE:CB:BC:BE:AE:B2,,[WPA2_PSK],2025-3-26 18:15:20,6,-89,34.0416489,-117.1824341,407.10,1.50,WIFI
58:9B:4A:90:EC:4F,usgals,[WPA2_PSK],2025-3-26 18:15:20,6,-90,34.0416489,-117.1824341,407.10,1.50,WIFI
80:CE:62:DD:AB:33,DIRECT-32-HP OfficeJet 4650,[WPA2_PSK],2025-3-26 18:15:23,8,-93,34.0412788,-117.1821365,408.70,1.50,WIFI
34:98:B5:AF:4E:0C,,[WPA2_PSK],2025-3-26 18:15:24,9,-91,34.0411606,-117.1820374,409.10,1.50,WIFI
D0:6D:C9:33:61:76,Frontier1665,[WPA2_PSK],2025-3-26 18:15:26,11,-69,34.0409317,-117.1818542,410.20,1.50,WIFI
94:10:3E:CA:C3:AE,Linksys Extender Setup,[OPEN],2025-3-26 18:15:26,11,-72,34.0409317,-117.1818542,410.20,1.50,WIFI
B0:7F:B9:85:72:34,NETGEAR50,[WPA2_PSK],2025-3-26 18:15:26,11,-85,34.0409317,-117.1818542,410.20,1.50,WIFI
54:04:63:FB:06:80,,[WPA_WPA2_PSK],2025-3-26 18:15:29,1,-75,34.0406456,-117.1816254,411.60,1.50,WIFI
D4:3F:32:90:6D:C3,,[WPA3_PSK],2025-3-26 18:15:29,1,-75,34.0406456,-117.1816254,411.60,1.50,WIFI
D4:3F:32:90:6D:C9,,[OPEN],2025-3-26 18:15:29,1,-75,34.0406456,-117.1816254,411.60,1.50,WIFI
D4:3F:32:90:6D:C6,McClureWifi,[WPA2_PSK],2025-3-26 18:15:29,1,-75,34.0406456,-117.1816254,411.60,1.50,WIFI
28:EC:22:26:50:C3,,[WPA3_PSK],2025-3-26 18:15:29,1,-79,34.0406456,-117.1816254,411.60,1.50,WIFI
28:EC:22:26:50:C6,McClureWifi,[WPA2_PSK],2025-3-26 18:15:29,1,-80,34.0406456,-117.1816254,411.60,1.50,WIFI
8C:83:94:A0:E2:FD,Verizon_7SV7NS,[WPA2_PSK],2025-3-26 18:15:29,1,-88,34.0406456,-117.1816254,411.60,1.50,WIFI
EA:63:DA:A7:0F:5F,,[WPA2_PSK],2025-3-26 18:15:29,1,-93,34.0406456,-117.1816254,411.60,1.50,WIFI
A0:04:60:CB:68:7D,NETGEAR72,[WPA2_PSK],2025-3-26 18:15:32,3,-73,34.0404892,-117.1814957,411.90,1.50,WIFI
70:5A:0F:7B:C6:9A,DIRECT-99-HP Officejet 5740,[WPA2_PSK],2025-3-26 18:15:32,3,-81,34.0404892,-117.1814957,411.90,1.50,WIFI
C4:A8:16:36:8D:05,,[WPA3_PSK],2025-3-26 18:15:35,6,-69,34.0404549,-117.1814728,412.10,1.50,WIFI
C4:A8:16:36:8D:0B,,[OPEN],2025-3-26 18:15:35,6,-69,34.0404549,-117.1814728,412.10,1.50,WIFI
C4:A8:16:36:8D:08,Angus Wifi,[WPA2_PSK],2025-3-26 18:15:35,6,-71,34.0404549,-117.1814728,412.10,1.50,WIFI
C4:A8:16:36:8D:11,Angus Wifi Guest,[WPA2_PSK],2025-3-26 18:15:35,6,-73,34.0404549,-117.1814728,412.10,1.50,WIFI
C4:A8:16:37:1E:8B,,[OPEN],2025-3-26 18:15:35,6,-79,34.0404549,-117.1814728,412.10,1.50,WIFI
C4:A8:16:37:1E:85,,[WPA3_PSK],2025-3-26 18:15:35,6,-80,34.0404549,-117.1814728,412.10,1.50,WIFI
C4:A8:16:37:1E:91,Angus Wifi Guest,[WPA2_PSK],2025-3-26 18:15:35,6,-82,34.0404549,-117.1814728,412.10,1.50,WIFI
FA:8F:CA:50:43:95,MagniFi Mini AX-8186.l062_,[OPEN],2025-3-26 18:15:35,6,-84,34.0404549,-117.1814728,412.10,1.50,WIFI
A4:97:33:B4:12:A5,220516UH,[WPA2_PSK],2025-3-26 18:15:35,6,-85,34.0404549,-117.1814728,412.10,1.50,WIFI
3A:22:E2:A5:A2:18,DIRECT-18-HP ENVY Photo 7100,[WPA2_PSK],2025-3-26 18:15:35,6,-85,34.0404549,-117.1814728,412.10,1.50,WIFI
C4:A8:16:37:1E:88,Angus Wifi,[WPA2_PSK],2025-3-26 18:15:35,6,-87,34.0404549,-117.1814728,412.10,1.50,WIFI
60:57:47:59:2B:9B,,[WPA_WPA2_PSK],2025-3-26 18:15:37,8,-91,34.0403671,-117.1813965,412.50,1.50,WIFI
3A:98:B5:AF:4E:0C,ORBI12,[WPA2_PSK],2025-3-26 18:15:38,9,-73,34.0403023,-117.1813507,412.70,1.50,WIFI
3E:98:B5:AF:4E:0C,ORBI12-Guest,[WPA2_PSK],2025-3-26 18:15:38,9,-76,34.0403023,-117.1813507,412.70,1.50,WIFI
3E:98:B5:AD:42:9B,ORBI12-Guest,[WPA2_PSK],2025-3-26 18:15:38,9,-77,34.0403023,-117.1813507,412.70,1.50,WIFI
3A:98:B5:AD:42:9B,ORBI12,[WPA2_PSK],2025-3-26 18:15:38,9,-79,34.0403023,-117.1813507,412.70,1.50,WIFI
3E:98:B5:AF:3C:04,ORBI12-Guest,[WPA2_PSK],2025-3-26 18:15:38,9,-79,34.0403023,-117.1813507,412.70,1.50,WIFI
34:98:B5:AF:3C:04,,[WPA2_PSK],2025-3-26 18:15:38,9,-83,34.0403023,-117.1813507,412.70,1.50,WIFI
84:70:D7:AD:06:07,depuytwifi,[WPA2_PSK],2025-3-26 18:15:40,11,-81,34.0401535,-117.1812363,413.10,1.50,WIFI
88:DE:7C:96:9D:4D,SpectrumSetup-4F,[WPA2_PSK],2025-3-26 18:15:43,1,-73,34.0398788,-117.1810226,414.10,1.50,WIFI
2C:59:E5:A9:94:0D,HP-Print-0D-Photosmart 6520,[OPEN],2025-3-26 18:15:43,1,-84,34.0398788,-117.1810226,414.10,1.50,WIFI
48:DD:0C:F0:E1:45,Shadleero,[WPA2_PSK],2025-3-26 18:15:49,6,-72,34.0392303,-117.1804962,416.80,1.50,WIFI
48:DD:0C:F0:E1:47,,[OPEN],2025-3-26 18:15:49,6,-74,34.0392303,-117.1804962,416.80,1.50,WIFI
48:DD:0C:F0:E1:43,,[WPA3_PSK],2025-3-26 18:15:49,6,-74,34.0392303,-117.1804962,416.80,1.50,WIFI
3C:5C:F1:8E:48:E6,,[OPEN],2025-3-26 18:15:49,6,-76,34.0392303,-117.1804962,416.80,1.50,WIFI
AC:EC:85:0D:32:A6,CNJNet,[WPA2_PSK],2025-3-26 18:15:49,6,-77,34.0392303,-117.1804962,416.80,1.50,WIFI
3C:5C:F1:8E:48:E2,,[WPA3_PSK],2025-3-26 18:15:49,6,-77,34.0392303,-117.1804962,416.80,1.50,WIFI
3C:5C:F1:8E:48:E4,CNJNet,[WPA2_PSK],2025-3-26 18:15:49,6,-77,34.0392303,-117.1804962,416.80,1.50,WIFI
3C:5C:F1:8E:48:EA,CNJNet Guest,[WPA2_PSK],2025-3-26 18:15:49,6,-77,34.0392303,-117.1804962,416.80,1.50,WIFI
AC:EC:85:0D:32:A8,,[OPEN],2025-3-26 18:15:49,6,-78,34.0392303,-117.1804962,416.80,1.50,WIFI
2C:EA:DC:8C:9F:A0,SpectrumSetup-A2,[WPA2_PSK],2025-3-26 18:15:49,6,-78,34.0392303,-117.1804962,416.80,1.50,WIFI
AC:EC:85:0D:32:A4,,[WPA3_PSK],2025-3-26 18:15:49,6,-79,34.0392303,-117.1804962,416.80,1.50,WIFI
AC:EC:85:0D:32:AC,CNJNet Guest,[WPA2_PSK],2025-3-26 18:15:49,6,-80,34.0392303,-117.1804962,416.80,1.50,WIFI
3C:5C:F1:88:C9:02,,[WPA3_PSK],2025-3-26 18:15:49,6,-81,34.0392303,-117.1804962,416.80,1.50,WIFI
3C:5C:F1:88:C9:06,,[OPEN],2025-3-26 18:15:49,6,-82,34.0392303,-117.1804962,416.80,1.50,WIFI
3C:5C:F1:88:C9:04,CNJNet,[WPA2_PSK],2025-3-26 18:15:49,6,-82,34.0392303,-117.1804962,416.80,1.50,WIFI
B0:BB:E5:2E:88:7E,SpectrumSetup-78,[WPA2_PSK],2025-3-26 18:15:49,6,-92,34.0392303,-117.1804962,416.80,1.50,WIFI
78:45:58:4F:D2:50,RMR NET,[WPA2_PSK],2025-3-26 18:15:55,11,-74,34.0385933,-117.1799850,419.70,1.50,WIFI
7A:45:58:2F:D2:50,,[WPA2_PSK],2025-3-26 18:15:55,11,-77,34.0385933,-117.1799850,419.70,1.50,WIFI
36:23:03:26:B6:DA,,[WPA2_PSK],2025-3-26 18:15:55,11,-84,34.0385933,-117.1799850,419.70,1.50,WIFI
F6:92:BF:2D:0D:B5,,[WPA2_PSK],2025-3-26 18:15:55,11,-85,34.0385933,-117.1799850,419.70,1.50,WIFI
30:23:03:26:B6:DA,linksys 1004,[WPA2_PSK],2025-3-26 18:15:55,11,-86,34.0385933,-117.1799850,419.70,1.50,WIFI
80:CC:9C:22:E0:03,Seans-5G,[WPA2_PSK],2025-3-26 18:15:55,11,-90,34.0385933,-117.1799850,419.70,1.50,WIFI
98:E7:F4:FE:D6:43,DIRECT-42-HP OfficeJet Pro 8720,[WPA2_PSK],2025-3-26 18:15:55,11,-93,34.0385933,-117.1799850,419.70,1.50,WIFI
88:6A:E3:68:61:0C,tl68610c,[WPA2_PSK],2025-3-26 18:15:55,11,-93,34.0385933,-117.1799850,419.70,1.50,WIFI
60:B7:6E:D0:58:EA,OrrGoog,[WPA2_PSK],2025-3-26 18:15:55,11,-96,34.0385933,-117.1799850,419.70,1.50,WIFI
FC:3F:A6:7F:38:C3,,[WPA3_PSK],2025-3-26 18:15:58,1,-77,34.0382690,-117.1797256,421.10,1.50,WIFI
FC:3F:A6:7F:38:C9,,[OPEN],2025-3-26 18:15:58,1,-77,34.0382690,-117.1797256,421.10,1.50,WIFI
FC:3F:A6:7F:38:C6,juanito,[WPA2_PSK],2025-3-26 18:15:58,1,-77,34.0382690,-117.1797256,421.10,1.50,WIFI
18:1B:EB:A8:15:86,R6PLK,[WPA2_PSK],2025-3-26 18:15:58,1,-80,34.0382690,-117.1797256,421.10,1.50,WIFI
D2:21:F9:22:46:8E,,[WPA2_PSK],2025-3-26 18:15:58,1,-85,34.0382690,-117.1797256,421.10,1.50,WIFI
1A:7F:8A:13:EE:EF,,[WPA2_PSK],2025-3-26 18:15:58,1,-88,34.0382690,-117.1797256,421.10,1.50,WIFI
DE:9F:DB:1C:2F:FD,,[WPA2_PSK],2025-3-26 18:15:58,1,-88,34.0382690,-117.1797256,421.10,1.50,WIFI
42:94:ED:AE:C9:FC,,[WPA2_PSK],2025-3-26 18:15:58,1,-95,34.0382690,-117.1797256,421.10,1.50,WIFI
1C:61:B4:18:58:16,P-and-L-plus5,[WPA2_PSK],2025-3-26 18:16:0,2,-84,34.0380402,-117.1795502,422.30,1.50,WIFI
36:23:03:3B:F3:EC,,[WPA2_PSK],2025-3-26 18:16:2,4,-90,34.0378189,-117.1793747,423.50,1.50,WIFI
88:57:1D:19:D7:5C,[range]_E30AJT7113265L,[WPA2_PSK],2025-3-26 18:16:2,4,-93,34.0378189,-117.1793747,423.50,1.50,WIFI
FC:3F:A6:83:67:E6,divito,[WPA2_PSK],2025-3-26 18:16:4,6,-67,34.0376282,-117.1792221,424.60,1.50,WIFI
FC:3F:A6:83:67:EF,divito Guest,[WPA2_PSK],2025-3-26 18:16:4,6,-68,34.0376282,-117.1792221,424.60,1.50,WIFI
F0:B6:61:5D:91:67,divito,[WPA2_PSK],2025-3-26 18:16:4,6,-69,34.0376282,-117.1792221,424.60,1.50,WIFI
F0:B6:61:5D:91:64,,[WPA3_PSK],2025-3-26 18:16:4,6,-70,34.0376282,-117.1792221,424.60,1.50,WIFI
F0:B6:61:5D:91:6A,,[OPEN],2025-3-26 18:16:4,6,-70,34.0376282,-117.1792221,424.60,1.50,WIFI
F0:B6:61:5D:91:70,divito Guest,[WPA2_PSK],2025-3-26 18:16:4,6,-71,34.0376282,-117.1792221,424.60,1.50,WIFI
FC:3F:A6:83:67:E9,,[OPEN],2025-3-26 18:16:4,6,-72,34.0376282,-117.1792221,424.60,1.50,WIFI
9C:57:BC:5A:EE:63,,[WPA3_PSK],2025-3-26 18:16:4,6,-73,34.0376282,-117.1792221,424.60,1.50,WIFI
9C:57:BC:5A:EE:69,,[OPEN],2025-3-26 18:16:4,6,-74,34.0376282,-117.1792221,424.60,1.50,WIFI
9C:57:BC:5A:EE:66,Field Family,[WPA2_PSK],2025-3-26 18:16:4,6,-74,34.0376282,-117.1792221,424.60,1.50,WIFI
FC:3F:A6:83:67:E3,,[WPA3_PSK],2025-3-26 18:16:4,6,-75,34.0376282,-117.1792221,424.60,1.50,WIFI
80:DA:13:25:9D:93,Field Family,[WPA2_PSK],2025-3-26 18:16:4,6,-76,34.0376282,-117.1792221,424.60,1.50,WIFI
FC:3F:A6:83:12:0F,divito Guest,[WPA2_PSK],2025-3-26 18:16:4,6,-78,34.0376282,-117.1792221,424.60,1.50,WIFI
FC:3F:A6:83:12:06,divito,[WPA2_PSK],2025-3-26 18:16:4,6,-80,34.0376282,-117.1792221,424.60,1.50,WIFI
80:DA:13:6F:92:C9,,[OPEN],2025-3-26 18:16:4,6,-82,34.0376282,-117.1792221,424.60,1.50,WIFI
80:DA:13:6F:92:C3,,[WPA3_PSK],2025-3-26 18:16:4,6,-82,34.0376282,-117.1792221,424.60,1.50,WIFI
FA:8F:CA:72:71:FC,Master Bedroom speaker.o_,[OPEN],2025-3-26 18:16:4,6,-83,34.0376282,-117.1792221,424.60,1.50,WIFI
7A:45:58:2E:31:8A,,[WPA2_PSK],2025-3-26 18:16:4,6,-86,34.0376282,-117.1792221,424.60,1.50,WIFI
50:7B:91:2A:E8:40,70mai_M310_e840,[WPA_WPA2_PSK],2025-3-26 18:16:4,7,-76,34.0376282,-117.1792221,424.60,1.50,WIFI
F0:B6:61:5F:CB:A4,,[WPA3_PSK],2025-3-26 18:16:10,11,-73,34.0374031,-117.1790390,426.50,1.50,WIFI
F0:B6:61:5F:CB:AA,,[OPEN],2025-3-26 18:16:10,11,-73,34.0374031,-117.1790390,426.50,1.50,WIFI
F0:B6:61:5F:CB:A7,Stein,[WPA2_PSK],2025-3-26 18:16:10,11,-78,34.0374031,-117.1790390,426.50,1.50,WIFI
B0:FC:88:73:93:A3,SpectrumSetup-9D,[WPA2_PSK],2025-3-26 18:16:10,11,-83,34.0374031,-117.1790390,426.50,1.50,WIFI
20:C9:D0:A4:BE:96,Murray Brand,[WPA2_PSK],2025-3-26 18:16:10,11,-85,34.0374031,-117.1790390,426.50,1.50,WIFI
CC:F4:11:6A:32:A8,Rhynumust II,[WPA2_PSK],2025-3-26 18:16:10,11,-91,34.0374031,-117.1790390,426.50,1.50,WIFI
14:7D:05:94:87:97,SpectrumSetup-95,[WPA2_PSK],2025-3-26 18:16:10,11,-92,34.0374031,-117.1790390,426.50,1.50,WIFI
70:3A:CB:CA:01:E8,RidgeCrest,[WPA2_PSK],2025-3-26 18:16:10,11,-94,34.0374031,-117.1790390,426.50,1.50,WIFI
20:C9:D0:A4:C7:74,Murray Brand,[WPA2_PSK],2025-3-26 18:16:10,11,-96,34.0374031,-117.1790390,426.50,1.50,WIFI
64:67:72:56:B3:F9,Murray Brand,[WPA2_PSK],2025-3-26 18:16:13,1,-77,34.0373306,-117.1789856,426.60,1.50,WIFI
74:93:DA:A4:45:B9,SpectrumSetup-BB,[WPA2_PSK],2025-3-26 18:16:13,1,-79,34.0373306,-117.1789856,426.60,1.50,WIFI
3E:94:ED:AD:9D:87,ORBI26,[WPA2_PSK],2025-3-26 18:16:13,1,-89,34.0373306,-117.1789856,426.60,1.50,WIFI
42:94:ED:AE:C8:B2,,[WPA2_PSK],2025-3-26 18:16:13,1,-89,34.0373306,-117.1789856,426.60,1.50,WIFI
44:AD:B1:80:AF:AE,SpectrumSetup-A8,[WPA2_PSK],2025-3-26 18:16:13,1,-91,34.0373306,-117.1789856,426.60,1.50,WIFI
6C:CD:D6:E5:7E:B1,,[WPA2_PSK],2025-3-26 18:16:17,4,-76,34.0370598,-117.1787643,428.10,1.50,WIFI
72:CD:D6:E5:7E:B1,Baker Home,[WPA2_PSK],2025-3-26 18:16:17,4,-78,34.0370598,-117.1787643,428.10,1.50,WIFI
0E:36:C9:FD:DF:C4,Baker Home,[WPA2_PSK],2025-3-26 18:16:17,4,-79,34.0370598,-117.1787643,428.10,1.50,WIFI
08:36:C9:FD:DF:C4,,[WPA2_PSK],2025-3-26 18:16:17,4,-79,34.0370598,-117.1787643,428.10,1.50,WIFI
0E:36:C9:FD:D8:38,Baker Home,[WPA2_PSK],2025-3-26 18:16:17,4,-92,34.0370598,-117.1787643,428.10,1.50,WIFI
AC:15:A2:34:27:62,The Burrough,[WPA2_PSK],2025-3-26 18:16:17,4,-94,34.0370598,-117.1787643,428.10,1.50,WIFI
08:33:ED:C5:F8:B1,SpectrumSetup-B3,[WPA2_PSK],2025-3-26 18:16:19,6,-81,34.0368805,-117.1786270,429.50,1.50,WIFI
9C:57:BC:9C:B0:43,,[WPA3_PSK],2025-3-26 18:16:19,6,-82,34.0368805,-117.1786270,429.50,1.50,WIFI
9C:57:BC:9C:B0:49,,[OPEN],2025-3-26 18:16:19,6,-82,34.0368805,-117.1786270,429.50,1.50,WIFI
9C:57:BC:9C:B0:46,everquest7,[WPA2_PSK],2025-3-26 18:16:19,6,-83,34.0368805,-117.1786270,429.50,1.50,WIFI
E8:9C:25:59:51:C8,Go Birds!,[WPA2_PSK],2025-3-26 18:16:23,10,-92,34.0364761,-117.1783218,432.30,1.50,WIFI
F0:7B:65:6B:24:80,SpectrumSetup-247A,[WPA2_PSK],2025-3-26 18:16:24,11,-72,34.0363731,-117.1782303,433.10,1.50,WIFI
98:ED:7E:57:82:EA,,[OPEN],2025-3-26 18:16:24,11,-78,34.0363731,-117.1782303,433.10,1.50,WIFI
98:ED:7E:57:82:E7,MySpectrumWiFi10-5G,[WPA2_PSK],2025-3-26 18:16:24,11,-79,34.0363731,-117.1782303,433.10,1.50,WIFI
98:ED:7E:57:82:E4,,[WPA3_PSK],2025-3-26 18:16:24,11,-81,34.0363731,-117.1782303,433.10,1.50,WIFI
8C:90:2D:81:9F:0E,MySpectrumWiFi10-5G_EXT,[WPA2_PSK],2025-3-26 18:16:24,11,-82,34.0363731,-117.1782303,433.10,1.50,WIFI
68:FF:7B:36:F3:6D,SpectrumSetup-95_EXT 2.4,[WPA_WPA2_PSK],2025-3-26 18:16:24,11,-87,34.0363731,-117.1782303,433.10,1.50,WIFI
4C:19:5D:05:13:D2,MyCharter1,[WPA2_PSK],2025-3-26 18:16:26,1,-79,34.0361557,-117.1780624,434.30,1.50,WIFI
DC:4A:3E:31:FE:7C,DIRECT-7B-HP ENVY 4520 series,[WPA2_PSK],2025-3-26 18:16:26,1,-84,34.0361557,-117.1780624,434.30,1.50,WIFI
54:21:60:80:87:80,Helix709A,[WPA_WPA2_PSK],2025-3-26 18:16:30,3,-67,34.0357323,-117.1777267,436.30,1.50,WIFI
E4:FA:C4:04:55:8A,The Burrough,[WPA2_PSK],2025-3-26 18:16:31,4,-87,34.0356407,-117.1776581,436.80,1.50,WIFI
EA:FA:C4:04:55:8A,,[WPA2_PSK],2025-3-26 18:16:31,4,-87,34.0356407,-117.1776581,436.80,1.50,WIFI
AC:15:A2:34:26:86,The Burrough,[WPA2_PSK],2025-3-26 18:16:31,4,-88,34.0356407,-117.1776581,436.80,1.50,WIFI
9C:A5:70:87:0D:85,Frontier3168,[WPA2_PSK],2025-3-26 18:16:33,6,-75,34.0354996,-117.1775513,437.20,1.50,WIFI
9C:A5:70:87:0D:83,,[WPA3_PSK],2025-3-26 18:16:33,6,-76,34.0354996,-117.1775513,437.20,1.50,WIFI
9C:A5:70:87:0D:87,,[OPEN],2025-3-26 18:16:33,6,-76,34.0354996,-117.1775513,437.20,1.50,WIFI
9C:A5:70:84:AA:05,Frontier3168,[WPA2_PSK],2025-3-26 18:16:33,6,-83,34.0354996,-117.1775513,437.20,1.50,WIFI
68:4A:76:B0:B7:26,TreasurePlanet,[WPA2_PSK],2025-3-26 18:16:33,6,-84,34.0354996,-117.1775513,437.20,1.50,WIFI
9C:A5:70:85:35:25,Frontier3168,[WPA2_PSK],2025-3-26 18:16:33,6,-85,34.0354996,-117.1775513,437.20,1.50,WIFI
D8:B3:70:FD:65:31,WBnet,[WPA2_PSK],2025-3-26 18:16:33,6,-85,34.0354996,-117.1775513,437.20,1.50,WIFI
E6:B3:70:FD:65:31,LaCresenta,[WPA2_PSK],2025-3-26 18:16:33,6,-85,34.0354996,-117.1775513,437.20,1.50,WIFI
68:4A:76:B3:83:24,,[WPA3_PSK],2025-3-26 18:16:33,6,-86,34.0354996,-117.1775513,437.20,1.50,WIFI
EA:B3:70:FD:65:31,Frontier2912_5G,[WPA2_PSK],2025-3-26 18:16:33,6,-86,34.0354996,-117.1775513,437.20,1.50,WIFI
D4:3F:32:1E:EF:83,,[WPA3_PSK],2025-3-26 18:16:33,6,-87,34.0354996,-117.1775513,437.20,1.50,WIFI
9C:A5:70:85:35:23,,[WPA3_PSK],2025-3-26 18:16:33,6,-88,34.0354996,-117.1775513,437.20,1.50,WIFI
D4:3F:32:1E:EF:89,,[OPEN],2025-3-26 18:16:33,6,-88,34.0354996,-117.1775513,437.20,1.50,WIFI
E2:B3:70:FD:65:31,,[WPA2_PSK],2025-3-26 18:16:33,6,-88,34.0354996,-117.1775513,437.20,1.50,WIFI
9C:A5:70:85:35:27,,[OPEN],2025-3-26 18:16:33,6,-89,34.0354996,-117.1775513,437.20,1.50,WIFI
84:70:D7:EB:12:27,TheTrees,[WPA2_PSK],2025-3-26 18:16:39,11,-63,34.0353508,-117.1775055,438.80,1.50,WIFI
48:5D:36:89:CB:3E,FiOS-2DDJN,[WPA2_PSK],2025-3-26 18:16:39,11,-75,34.0353508,-117.1775055,438.80,1.50,WIFI
84:70:D7:EC:A5:C4,,[WPA3_PSK],2025-3-26 18:16:39,11,-78,34.0353508,-117.1775055,438.80,1.50,WIFI
84:70:D7:EC:A5:CA,,[OPEN],2025-3-26 18:16:39,11,-78,34.0353508,-117.1775055,438.80,1.50,WIFI
84:70:D7:EC:A5:C7,TheTrees,[WPA2_PSK],2025-3-26 18:16:39,11,-79,34.0353508,-117.1775055,438.80,1.50,WIFI
84:70:D7:E8:22:2A,,[OPEN],2025-3-26 18:16:39,11,-79,34.0353508,-117.1775055,438.80,1.50,WIFI
84:70:D7:E8:22:27,TheTrees,[WPA2_PSK],2025-3-26 18:16:39,11,-79,34.0353508,-117.1775055,438.80,1.50,WIFI
84:70:D7:E8:22:24,,[WPA3_PSK],2025-3-26 18:16:39,11,-80,34.0353508,-117.1775055,438.80,1.50,WIFI
84:A0:6E:C9:1B:76,MySpectrumWiFi70-2G,[WPA2_PSK],2025-3-26 18:16:39,11,-81,34.0353508,-117.1775055,438.80,1.50,WIFI
84:70:D7:EB:12:24,,[WPA3_PSK],2025-3-26 18:16:39,11,-82,34.0353508,-117.1775055,438.80,1.50,WIFI
CE:88:26:B2:4C:62,TEG-AZH,[WPA2_PSK],2025-3-26 18:16:39,11,-83,34.0353508,-117.1775055,438.80,1.50,WIFI
84:70:D7:EB:12:2A,,[OPEN],2025-3-26 18:16:39,11,-84,34.0353508,-117.1775055,438.80,1.50,WIFI
82:5B:65:45:A5:34,[LG_Oven]a534,[WPA2_PSK],2025-3-26 18:16:39,11,-89,34.0353508,-117.1775055,438.80,1.50,WIFI
C0:89:AB:5C:42:E8,Q-Frontier2912,[WPA2_PSK],2025-3-26 18:16:39,11,-93,34.0353508,-117.1775055,438.80,1.50,WIFI
4C:19:5D:98:B9:5C,SpectrumSetup-56,[WPA2_PSK],2025-3-26 18:16:42,1,-69,34.0352287,-117.1776352,438.80,1.50,WIFI
38:94:ED:A5:00:78,Frontier1776,[WPA2_PSK],2025-3-26 18:16:42,1,-73,34.0352287,-117.1776352,438.80,1.50,WIFI
44:D4:53:79:A9:BE,SpectrumSetup-B8,[WPA2_PSK],2025-3-26 18:16:42,1,-81,34.0352287,-117.1776352,438.80,1.50,WIFI
FA:8F:CA:65:D2:8A,GoogleNestPoint729A.729A.ybc,[WPA2_PSK],2025-3-26 18:16:42,1,-88,34.0352287,-117.1776352,438.80,1.50,WIFI
DE:B3:70:FD:67:02,Frontier2912,[WPA2_PSK],2025-3-26 18:16:42,1,-90,34.0352287,-117.1776352,438.80,1.50,WIFI
80:3F:5D:3F:91:66,EeroModemEXT2.4G,[WPA2_PSK],2025-3-26 18:16:42,1,-91,34.0352287,-117.1776352,438.80,1.50,WIFI
AC:15:A2:34:27:0E,The Burrough,[WPA2_PSK],2025-3-26 18:16:46,4,-88,34.0350037,-117.1780167,440.30,1.75,WIFI
64:C2:69:9B:19:05,FiOS-5C0IZ,[WPA2_PSK],2025-3-26 18:16:48,6,-69,34.0348701,-117.1782455,441.20,1.75,WIFI
64:C2:69:9B:19:07,,[OPEN],2025-3-26 18:16:48,6,-71,34.0348701,-117.1782455,441.20,1.75,WIFI
64:C2:69:9B:19:03,,[WPA3_PSK],2025-3-26 18:16:48,6,-72,34.0348701,-117.1782455,441.20,1.75,WIFI
DE:B3:70:FD:65:31,Frontier2912,[WPA2_PSK],2025-3-26 18:16:48,6,-75,34.0348701,-117.1782455,441.20,1.75,WIFI
82:E8:2C:81:51:E5,DIRECT-E5-HP OfficeJet Pro 8020,[WPA2_PSK],2025-3-26 18:16:48,6,-82,34.0348701,-117.1782455,441.20,1.75,WIFI
F0:81:75:F9:5F:2E,SpectrumSetup-28,[WPA2_PSK],2025-3-26 18:16:48,6,-84,34.0348701,-117.1782455,441.20,1.75,WIFI
A0:36:BC:18:B4:70,Crescent2_2.4G,[WPA2_PSK],2025-3-26 18:16:49,7,-83,34.0348053,-117.1783676,441.80,1.75,WIFI
00:C8:96:D1:1E:C2,,[WPA_WPA2_PSK],2025-3-26 18:16:52,10,-91,34.0345955,-117.1787415,440.90,1.75,WIFI
44:AD:B1:5B:D9:9E,SpectrumSetup-98,[WPA2_PSK],2025-3-26 18:16:53,11,-67,34.0345230,-117.1788712,440.20,1.75,WIFI
CC:8D:A2:34:2B:CD,Wifi_SST5KMW2J2,[OPEN],2025-3-26 18:16:53,11,-82,34.0345230,-117.1788712,440.20,1.75,WIFI
F0:9F:C2:A1:27:A4,Kwajalein ,[WPA2_PSK],2025-3-26 18:16:53,11,-84,34.0345230,-117.1788712,440.20,1.75,WIFI
E0:E1:A9:AD:11:93,Frontier9120-2G&5G,[WPA2_PSK],2025-3-26 18:16:53,11,-85,34.0345230,-117.1788712,440.20,1.75,WIFI
D0:6D:C9:39:B8:A6,Frontier1627,[WPA2_PSK],2025-3-26 18:16:53,11,-88,34.0345230,-117.1788712,440.20,1.75,WIFI
22:48:6C:4A:B2:4C,,[WPA2_PSK],2025-3-26 18:16:56,1,-69,34.0342941,-117.1792908,438.80,1.75,WIFI
DC:69:B5:9E:D1:43,,[WPA3_PSK],2025-3-26 18:16:56,1,-77,34.0342941,-117.1792908,438.80,1.75,WIFI
DC:69:B5:9E:D1:49,,[OPEN],2025-3-26 18:16:56,1,-77,34.0342941,-117.1792908,438.80,1.75,WIFI
DC:69:B5:9E:D1:46,Jakarta,[WPA2_PSK],2025-3-26 18:16:56,1,-77,34.0342941,-117.1792908,438.80,1.75,WIFI
28:EC:22:28:1A:26,TestTest1975,[WPA2_PSK],2025-3-26 18:16:56,1,-80,34.0342941,-117.1792908,438.80,1.75,WIFI
28:EC:22:28:1A:29,,[OPEN],2025-3-26 18:16:56,1,-82,34.0342941,-117.1792908,438.80,1.75,WIFI
28:EC:22:28:1A:2F,TestTest1975 Guest,[WPA2_PSK],2025-3-26 18:16:56,1,-85,34.0342941,-117.1792908,438.80,1.75,WIFI
90:9D:7D:28:B9:A8,Frontier6176,[WPA2_PSK],2025-3-26 18:16:56,1,-94,34.0342941,-117.1792908,438.80,1.75,WIFI
10:27:F5:71:21:07,M&R Red,[WPA_WPA2_PSK],2025-3-26 18:16:58,2,-85,34.0341415,-117.1795654,437.60,1.75,WIFI
D2:9E:43:65:01:87,cowboy_hawk-Guest,[WPA2_PSK],2025-3-26 18:16:59,3,-87,34.0340652,-117.1797028,437.30,1.75,WIFI
C8:9E:43:65:01:86,cowboy_hawk,[WPA2_PSK],2025-3-26 18:16:59,3,-88,34.0340652,-117.1797028,437.30,1.75,WIFI
8A:CC:9C:8D:10:8E,,[WPA2_PSK],2025-3-26 18:17:2,6,-77,34.0338402,-117.1801147,436.80,1.75,WIFI
FC:12:63:81:E2:31,SpectrumSetup-33,[WPA2_PSK],2025-3-26 18:17:2,6,-83,34.0338402,-117.1801147,436.80,1.75,WIFI
86:CC:9C:8D:10:8E,ORBI73,[WPA2_PSK],2025-3-26 18:17:2,6,-85,34.0338402,-117.1801147,436.80,1.75,WIFI
86:CC:9C:87:A0:EA,ORBI73,[WPA2_PSK],2025-3-26 18:17:2,6,-87,34.0338402,-117.1801147,436.80,1.75,WIFI
6C:70:9F:DF:95:96,Shelby Network,[WPA_WPA2_PSK],2025-3-26 18:17:5,9,-62,34.0336151,-117.1805038,436.60,1.75,WIFI
88:41:FC:69:5E:48,Riata,[WPA2_PSK],2025-3-26 18:17:6,10,-69,34.0335464,-117.1806335,436.20,1.75,WIFI
88:41:FC:69:5E:4C,Riata,[WPA2_PSK],2025-3-26 18:17:6,10,-77,34.0335464,-117.1806335,436.20,1.75,WIFI
B0:E4:D5:56:1F:C6,PD Network,[WPA2_PSK],2025-3-26 18:17:7,11,-64,34.0334816,-117.1807632,435.90,1.75,WIFI
F4:05:95:B1:F4:80,SpectrumSetup-7A,[WPA2_PSK],2025-3-26 18:17:7,11,-69,34.0334816,-117.1807632,435.90,1.75,WIFI
40:B0:34:8B:48:3C,DIRECT-3B-HP OfficeJet 4650,[WPA2_PSK],2025-3-26 18:17:7,11,-79,34.0334816,-117.1807632,435.90,1.75,WIFI
22:7F:88:14:CE:27,,[WPA2_PSK],2025-3-26 18:17:7,11,-81,34.0334816,-117.1807632,435.90,1.75,WIFI
60:F4:45:E7:0B:C2,Daniel P's Wi-Fi Network,[WPA2_PSK],2025-3-26 18:17:7,11,-89,34.0334816,-117.1807632,435.90,1.75,WIFI
48:5D:36:41:DB:F4,FiOS-YSISH,[WPA2_PSK],2025-3-26 18:17:7,11,-90,34.0334816,-117.1807632,435.90,1.75,WIFI
A8:9A:93:B5:CC:56,MySpectrumWiFi50-2G,[WPA2_PSK],2025-3-26 18:17:10,1,-70,34.0332642,-117.1811523,435.50,1.75,WIFI
DC:92:72:E4:26:7F,Frontier0724,[WPA2_PSK],2025-3-26 18:17:10,1,-74,34.0332642,-117.1811523,435.50,1.75,WIFI
AC:E2:D3:A6:46:97,DIRECT-96-HP OfficeJet 4650,[WPA2_PSK],2025-3-26 18:17:10,1,-82,34.0332642,-117.1811523,435.50,1.75,WIFI
08:05:81:D0:F4:73,,[WPA2_PSK],2025-3-26 18:17:10,1,-88,34.0332642,-117.1811523,435.50,1.75,WIFI
70:3A:CB:EA:41:EC,mesh,[WPA2_PSK],2025-3-26 18:17:10,1,-92,34.0332642,-117.1811523,435.50,1.75,WIFI
84:D8:1B:7F:E6:79,GiraffeHiFi,[WPA2_PSK],2025-3-26 18:17:10,2,-71,34.0332642,-117.1811523,435.50,1.75,WIFI
9C:57:BC:85:EE:26,TMNT,[WPA2_PSK],2025-3-26 18:17:16,6,-76,34.0328484,-117.1819305,435.70,1.75,WIFI
9C:57:BC:85:EE:2F,TMNT Guest,[WPA2_PSK],2025-3-26 18:17:16,6,-79,34.0328484,-117.1819305,435.70,1.75,WIFI
9C:57:BC:85:EE:29,,[OPEN],2025-3-26 18:17:16,6,-79,34.0328484,-117.1819305,435.70,1.75,WIFI
9C:57:BC:85:EE:23,,[WPA3_PSK],2025-3-26 18:17:16,6,-80,34.0328484,-117.1819305,435.70,1.75,WIFI
28:38:5C:3E:67:C3,HotspotVGRt,[WPA_WPA2_PSK],2025-3-26 18:17:16,6,-83,34.0328484,-117.1819305,435.70,1.75,WIFI
62:62:8B:42:AB:96,,[WPA2_PSK],2025-3-26 18:17:16,6,-88,34.0328484,-117.1819305,435.70,1.75,WIFI
72:3A:CB:EA:46:E8,mesh-guest,[WPA2_PSK],2025-3-26 18:17:16,6,-91,34.0328484,-117.1819305,435.70,1.75,WIFI
3C:84:6A:A4:1F:E6,Deco-Mesh,[WPA2_PSK],2025-3-26 18:17:18,8,-87,34.0327568,-117.1820984,436.10,1.75,WIFI
C8:9E:43:AA:DC:CB,,[WPA2_PSK],2025-3-26 18:17:18,8,-88,34.0327568,-117.1820984,436.10,1.75,WIFI
CE:9E:43:AA:DC:CB,ORBI30,[WPA2_PSK],2025-3-26 18:17:18,8,-88,34.0327568,-117.1820984,436.10,1.75,WIFI
42:84:6A:A4:1F:E6,,[WPA2_PSK],2025-3-26 18:17:18,8,-89,34.0327568,-117.1820984,436.10,1.75,WIFI
42:84:6A:A4:1F:DE,,[WPA2_PSK],2025-3-26 18:17:18,8,-94,34.0327568,-117.1820984,436.10,1.75,WIFI
08:F0:1E:FF:61:A6,Frontier1113,[WPA2_PSK],2025-3-26 18:17:21,11,-82,34.0326233,-117.1822052,436.20,1.75,WIFI
94:53:30:DB:5C:D5,BAGLIEN,[WPA2_PSK],2025-3-26 18:17:21,11,-86,34.0326233,-117.1822052,436.20,1.75,WIFI
C8:C6:FE:07:FA:C6,Frontier1113,[WPA2_PSK],2025-3-26 18:17:21,11,-87,34.0326233,-117.1822052,436.20,1.75,WIFI
28:BD:89:1C:E8:5D,mesh,[WPA2_PSK],2025-3-26 18:17:21,11,-89,34.0326233,-117.1822052,436.20,1.75,WIFI
74:37:5F:CA:CF:3F,SpectrumSetup-3D,[WPA2_PSK],2025-3-26 18:17:21,11,-91,34.0326233,-117.1822052,436.20,1.75,WIFI
C8:9E:43:6D:4D:28,FORZANET-5G_2GEXT,[WPA2_PSK],2025-3-26 18:17:21,11,-94,34.0326233,-117.1822052,436.20,1.75,WIFI
9A:9C:27:E3:0C:24,SpectrumSetup-23,[WPA2_PSK],2025-3-26 18:17:24,1,-80,34.0324402,-117.1821136,436.20,1.75,WIFI
CC:CF:83:0D:CC:14,,[WPA_WPA2_PSK],2025-3-26 18:17:24,1,-90,34.0324402,-117.1821136,436.20,1.75,WIFI
5C:62:8B:42:AC:9E,Suh,[WPA2_PSK],2025-3-26 18:17:27,3,-84,34.0321960,-117.1819153,438.00,1.75,WIFI
AC:F1:08:B9:7A:5D,RMDACF108B97A5C,[WPA_WPA2_PSK],2025-3-26 18:17:27,3,-89,34.0321960,-117.1819153,438.00,1.75,WIFI
28:EC:22:4C:F0:49,,[OPEN],2025-3-26 18:17:30,6,-68,34.0318871,-117.1816788,439.50,1.75,WIFI
FC:3F:A6:85:81:E6,Korhely,[WPA2_PSK],2025-3-26 18:17:30,6,-69,34.0318871,-117.1816788,439.50,1.75,WIFI
FC:3F:A6:83:DC:E6,Korhely,[WPA2_PSK],2025-3-26 18:17:30,6,-69,34.0318871,-117.1816788,439.50,1.75,WIFI
28:EC:22:4C:F0:43,,[WPA3_PSK],2025-3-26 18:17:30,6,-69,34.0318871,-117.1816788,439.50,1.75,WIFI
28:EC:22:4C:F0:46,Vanvleet,[WPA2_PSK],2025-3-26 18:17:30,6,-69,34.0318871,-117.1816788,439.50,1.75,WIFI
FC:3F:A6:85:34:43,,[WPA3_PSK],2025-3-26 18:17:30,6,-70,34.0318871,-117.1816788,439.50,1.75,WIFI
FC:3F:A6:85:34:49,,[OPEN],2025-3-26 18:17:30,6,-71,34.0318871,-117.1816788,439.50,1.75,WIFI
FC:3F:A6:85:81:E3,,[WPA3_PSK],2025-3-26 18:17:30,6,-71,34.0318871,-117.1816788,439.50,1.75,WIFI
FC:3F:A6:85:81:E9,,[OPEN],2025-3-26 18:17:30,6,-71,34.0318871,-117.1816788,439.50,1.75,WIFI
FC:3F:A6:85:34:46,Korhely,[WPA2_PSK],2025-3-26 18:17:30,6,-72,34.0318871,-117.1816788,439.50,1.75,WIFI
70:3A:CB:EA:46:E8,mesh,[WPA2_PSK],2025-3-26 18:17:30,6,-72,34.0318871,-117.1816788,439.50,1.75,WIFI
FC:3F:A6:83:DC:E3,,[WPA3_PSK],2025-3-26 18:17:30,6,-74,34.0318871,-117.1816788,439.50,1.75,WIFI
FC:3F:A6:83:DC:E9,,[OPEN],2025-3-26 18:17:30,6,-75,34.0318871,-117.1816788,439.50,1.75,WIFI
5C:62:8B:42:AB:96,Suh,[WPA2_PSK],2025-3-26 18:17:30,6,-79,34.0318871,-117.1816788,439.50,1.75,WIFI
92:3B:AD:1C:EA:F7,ORBI76,[WPA2_PSK],2025-3-26 18:17:33,8,-91,34.0315514,-117.1814346,441.10,1.50,WIFI
96:3B:AD:1C:F4:20,,[WPA2_PSK],2025-3-26 18:17:33,8,-93,34.0315514,-117.1814346,441.10,1.50,WIFI
C8:9E:43:DC:EC:C1,NETGEAR31,[WPA2_PSK],2025-3-26 18:17:34,9,-78,34.0314369,-117.1813507,441.60,1.50,WIFI
5C:62:8B:42:B2:E0,Suh,[WPA2_PSK],2025-3-26 18:17:35,10,-75,34.0313187,-117.1812668,442.00,1.50,WIFI
62:62:8B:42:B2:E0,,[WPA2_PSK],2025-3-26 18:17:35,10,-77,34.0313187,-117.1812668,442.00,1.50,WIFI
4C:12:65:16:DB:48,Frontier9040,[WPA2_PSK],2025-3-26 18:17:36,11,-77,34.0312004,-117.1811829,442.50,1.50,WIFI
BC:96:E5:45:1E:B8,SpectrumSetup-1EB4,[WPA2_PSK],2025-3-26 18:17:40,1,-74,34.0307350,-117.1809921,443.40,1.50,WIFI
A0:7F:8A:58:B2:0C,Assume The Physician,[WPA2_PSK],2025-3-26 18:17:40,1,-91,34.0307350,-117.1809921,443.40,1.50,WIFI
08:36:C9:FD:A1:D0,,[WPA2_PSK],2025-3-26 18:17:42,3,-81,34.0304718,-117.1809311,443.70,1.50,WIFI
0E:36:C9:FD:A1:D0,ORBI43,[WPA2_PSK],2025-3-26 18:17:42,3,-85,34.0304718,-117.1809311,443.70,1.50,WIFI
08:36:C9:FD:A6:D8,,[WPA2_PSK],2025-3-26 18:17:42,3,-95,34.0304718,-117.1809311,443.70,1.50,WIFI
2A:0F:EB:B0:83:01,TEG-D48,[WPA2_PSK],2025-3-26 18:17:45,6,-86,34.0300636,-117.1807861,446.10,1.50,WIFI
96:3B:AD:1C:EA:F7,,[WPA2_PSK],2025-3-26 18:17:47,8,-94,34.0298080,-117.1806259,449.00,1.75,WIFI
08:7B:12:44:2A:E6,Frontier0574,[WPA2_PSK],2025-3-26 18:17:50,11,-88,34.0294952,-117.1802826,450.20,1.75,WIFI
14:C0:3E:FB:8F:18,Frontier9904,[WPA2_PSK],2025-3-26 18:17:50,11,-94,34.0294952,-117.1802826,450.20,1.75,WIFI
20:C9:D0:18:5E:B1,CondonAir,[WPA2_PSK],2025-3-26 18:17:55,2,-92,34.0289917,-117.1797256,453.90,2.00,WIFI
D0:16:7C:14:C7:62,,[WPA3_PSK],2025-3-26 18:17:59,6,-80,34.0284767,-117.1794510,455.90,1.50,WIFI
D0:16:7C:14:C7:66,,[OPEN],2025-3-26 18:17:59,6,-80,34.0284767,-117.1794510,455.90,1.50,WIFI
D0:16:7C:14:C7:64,Fishmotel,[WPA2_PSK],2025-3-26 18:17:59,6,-84,34.0284767,-117.1794510,455.90,1.50,WIFI
60:F4:19:29:E5:29,,[OPEN],2025-3-26 18:17:59,6,-86,34.0284767,-117.1794510,455.90,1.50,WIFI
60:F4:19:29:E5:26,Fishmotel,[WPA2_PSK],2025-3-26 18:17:59,6,-86,34.0284767,-117.1794510,455.90,1.50,WIFI
7C:D9:5C:9F:A6:C4,Hadley Kinkaid,[WPA2_PSK],2025-3-26 18:17:59,6,-95,34.0284767,-117.1794510,455.90,1.50,WIFI
14:59:C0:45:F4:F9,ngHub_31948CN702284,[WPA2_PSK],2025-3-26 18:18:4,11,-92,34.0277748,-117.1792145,459.70,1.50,WIFI
6C:AE:F6:9D:6D:F5,,[OPEN],2025-3-26 18:18:6,1,-85,34.0275040,-117.1791382,461.20,1.50,WIFI
6C:AE:F6:9D:6D:F3,Force1,[WPA2_PSK],2025-3-26 18:18:6,1,-87,34.0275040,-117.1791382,461.20,1.50,WIFI
94:B3:4F:5C:A6:48,BG-GuestNetwork,[OPEN],2025-3-26 18:18:6,1,-90,34.0275040,-117.1791382,461.20,1.50,WIFI
94:B3:4F:1C:A6:48,BG,[WPA2_PSK],2025-3-26 18:18:6,1,-94,34.0275040,-117.1791382,461.20,1.50,WIFI
3A:98:B5:50:B9:64,Sunset Cottage,[WPA2_PSK],2025-3-26 18:18:11,4,-86,34.0269241,-117.1786804,464.90,1.50,WIFI
34:98:B5:50:B9:64,,[WPA2_PSK],2025-3-26 18:18:11,4,-94,34.0269241,-117.1786804,464.90,1.50,WIFI
80:78:71:62:D2:76,SpectrumSetup-78,[WPA2_PSK],2025-3-26 18:18:13,6,-79,34.0267105,-117.1784744,466.50,1.50,WIFI
78:D2:94:B8:DD:3A,SpectrumSetup-78_EXT,[WPA2_PSK],2025-3-26 18:18:13,6,-84,34.0267105,-117.1784744,466.50,1.50,WIFI
B4:B6:86:AF:2B:32,DIRECT-31-HP OfficeJet Pro 8710,[WPA2_PSK],2025-3-26 18:18:13,6,-86,34.0267105,-117.1784744,466.50,1.50,WIFI
08:36:C9:95:66:EE,The Cheng's Castle,[WPA2_PSK],2025-3-26 18:18:15,8,-80,34.0265045,-117.1782608,467.80,1.50,WIFI
0E:36:C9:95:66:EE,,[WPA2_PSK],2025-3-26 18:18:15,8,-80,34.0265045,-117.1782608,467.80,1.50,WIFI
0E:36:C9:91:8C:FD,The Cheng's Castle,[WPA2_PSK],2025-3-26 18:18:15,8,-90,34.0265045,-117.1782608,467.80,1.50,WIFI
34:98:B5:FF:66:C4,FBI SURVEILLANCE,[WPA2_WPA3_PSK],2025-3-26 18:18:17,10,-88,34.0263214,-117.1780853,468.80,1.50,WIFI
34:98:B5:FF:3B:81,,[WPA2_PSK],2025-3-26 18:18:17,10,-90,34.0263214,-117.1780853,468.80,1.50,WIFI
3A:98:B5:FF:66:C4,,[WPA2_PSK],2025-3-26 18:18:17,10,-90,34.0263214,-117.1780853,468.80,1.50,WIFI
3A:98:B5:FF:3B:81,FBI SURVEILLANCE,[WPA2_WPA3_PSK],2025-3-26 18:18:17,10,-91,34.0263214,-117.1780853,468.80,1.50,WIFI
42:98:B5:FF:3B:81,FBI SURVEILLANCE-IoT,[WPA2_PSK],2025-3-26 18:18:17,10,-91,34.0263214,-117.1780853,468.80,1.50,WIFI
D4:05:DE:B0:2B:64,,[WPA3_PSK],2025-3-26 18:18:18,11,-78,34.0262451,-117.1780243,469.40,1.50,WIFI
D4:05:DE:B0:2B:6A,,[OPEN],2025-3-26 18:18:18,11,-78,34.0262451,-117.1780243,469.40,1.50,WIFI
D4:05:DE:B0:2B:67,cactus,[WPA2_PSK],2025-3-26 18:18:18,11,-80,34.0262451,-117.1780243,469.40,1.50,WIFI
D4:05:DE:86:7F:E4,,[WPA3_PSK],2025-3-26 18:18:18,11,-85,34.0262451,-117.1780243,469.40,1.50,WIFI
D4:05:DE:86:7F:E7,cactus,[WPA2_PSK],2025-3-26 18:18:18,11,-85,34.0262451,-117.1780243,469.40,1.50,WIFI
D4:05:DE:86:7F:EA,,[OPEN],2025-3-26 18:18:18,11,-86,34.0262451,-117.1780243,469.40,1.50,WIFI
F8:BB:BF:71:42:29,,[OPEN],2025-3-26 18:18:20,1,-79,34.0261536,-117.1779404,470.00,1.50,WIFI
F8:BB:BF:71:42:23,,[WPA3_PSK],2025-3-26 18:18:20,1,-79,34.0261536,-117.1779404,470.00,1.50,WIFI
F8:BB:BF:71:42:26,Force1,[WPA2_PSK],2025-3-26 18:18:20,1,-79,34.0261536,-117.1779404,470.00,1.50,WIFI
08:9B:F1:87:61:66,Force1,[WPA2_PSK],2025-3-26 18:18:20,1,-82,34.0261536,-117.1779404,470.00,1.50,WIFI
08:9B:F1:87:61:69,,[OPEN],2025-3-26 18:18:20,1,-83,34.0261536,-117.1779404,470.00,1.50,WIFI
08:9B:F1:87:61:63,,[WPA3_PSK],2025-3-26 18:18:20,1,-83,34.0261536,-117.1779404,470.00,1.50,WIFI
34:98:B5:50:B9:48,,[WPA2_PSK],2025-3-26 18:18:23,2,-90,34.0261116,-117.1779022,470.40,1.50,WIFI
3A:98:B5:50:B9:48,Miller's wifi,[WPA2_PSK],2025-3-26 18:18:23,2,-92,34.0261116,-117.1779022,470.40,1.50,WIFI
3E:94:ED:5D:72:F7,Sunset Cottage,[WPA2_PSK],2025-3-26 18:18:25,4,-77,34.0260849,-117.1778717,470.70,1.50,WIFI
38:94:ED:5D:72:F7,,[WPA2_PSK],2025-3-26 18:18:25,4,-78,34.0260849,-117.1778717,470.70,1.50,WIFI
3E:94:ED:5D:60:87,Sunset Cottage,[WPA2_PSK],2025-3-26 18:18:25,4,-87,34.0260849,-117.1778717,470.70,1.50,WIFI
D2:9E:43:D5:86:95,Sunset Guest,[WPA2_PSK],2025-3-26 18:18:25,4,-92,34.0260849,-117.1778717,470.70,1.50,WIFI
C8:9E:43:D5:86:95,Sunset Cottage,[WPA2_PSK],2025-3-26 18:18:25,4,-94,34.0260849,-117.1778717,470.70,1.50,WIFI
86:CC:9C:3D:63:96,MORALES-1,[WPA2_PSK],2025-3-26 18:18:27,6,-88,34.0260544,-117.1778488,471.10,1.75,WIFI
C0:56:27:6E:0D:34,Linksys05859,[WPA2_PSK],2025-3-26 18:18:28,7,-92,34.0260239,-117.1778259,471.30,1.75,WIFI
6C:CD:D6:15:6D:7A,,[WPA2_PSK],2025-3-26 18:18:29,8,-86,34.0259857,-117.1777954,472.00,1.75,WIFI
72:CD:D6:15:6D:7A,Office/Backyard,[WPA2_PSK],2025-3-26 18:18:29,8,-87,34.0259857,-117.1777954,472.00,1.75,WIFI
72:CD:D6:EB:FB:BD,,[WPA2_PSK],2025-3-26 18:18:29,8,-93,34.0259857,-117.1777954,472.00,1.75,WIFI
08:36:C9:82:71:C5,,[WPA2_PSK],2025-3-26 18:18:29,8,-94,34.0259857,-117.1777954,472.00,1.75,WIFI
92:28:AA:2A:B8:DA,,[WPA2_WPA3_PSK],2025-3-26 18:18:31,10,-90,34.0258942,-117.1777420,472.60,1.50,WIFI
92:28:AA:2A:B8:DB,ASUS_MD,[WPA2_WPA3_PSK],2025-3-26 18:18:31,10,-93,34.0258942,-117.1777420,472.60,1.50,WIFI
E2:55:7D:48:BA:5A,City of Redlands,[OPEN],2025-3-26 18:18:32,11,-91,34.0258484,-117.1777420,472.70,1.50,WIFI
E2:55:7D:48:BA:5C,Redlands Corp,[WPA2],2025-3-26 18:18:32,11,-92,34.0258484,-117.1777420,472.70,1.50,WIFI
DA:31:34:4F:23:E0,,[WPA2_PSK],2025-3-26 18:18:32,11,-93,34.0258484,-117.1777420,472.70,1.50,WIFI
E2:55:7D:48:BA:58,Redlands BYOD,[WPA2_PSK],2025-3-26 18:18:32,11,-93,34.0258484,-117.1777420,472.70,1.50,WIFI
E2:55:7D:48:BA:5D,Redlands IoT,[WPA2_PSK],2025-3-26 18:18:32,11,-95,34.0258484,-117.1777420,472.70,1.50,WIFI
E2:55:7D:48:BA:5E,Redlands Vendor,[WPA2_PSK],2025-3-26 18:18:32,11,-95,34.0258484,-117.1777420,472.70,1.50,WIFI
7E:45:58:3D:07:B6,,[WPA2_PSK],2025-3-26 18:18:34,1,-95,34.0257072,-117.1778030,472.50,1.50,WIFI
80:CC:9C:3D:63:96,,[WPA2_PSK],2025-3-26 18:18:41,6,-93,34.0247879,-117.1781998,464.00,1.50,WIFI
40:E1:E4:F4:92:E6,TMOBILE-92DD,[WPA_WPA2_PSK],2025-3-26 18:18:46,11,-82,34.0240135,-117.1782455,456.70,1.75,WIFI
F8:08:4F:CF:ED:CE,MySpectrumWiFic8-2G,[WPA2_PSK],2025-3-26 18:18:46,11,-94,34.0240135,-117.1782455,456.70,1.75,WIFI
64:05:E4:6E:3C:B6,CarPlay_3cb6,[WPA2_PSK],2025-3-26 18:18:48,1,-93,34.0237045,-117.1782303,453.10,1.75,WIFI
10:0C:6B:20:BF:DE,,[WPA2_PSK],2025-3-26 18:18:52,3,-84,34.0231209,-117.1782990,446.40,1.75,WIFI
16:0C:6B:20:BF:DE,Moores,[WPA2_PSK],2025-3-26 18:18:52,3,-85,34.0231209,-117.1782990,446.40,1.75,WIFI
04:D9:F5:C2:57:40,Theater,[WPA2_PSK],2025-3-26 18:18:52,3,-87,34.0231209,-117.1782990,446.40,1.75,WIFI
6C:CD:D6:E7:0A:8B,,[WPA2_PSK],2025-3-26 18:18:52,3,-92,34.0231209,-117.1782990,446.40,1.75,WIFI
64:33:DB:D7:17:DF,INFINITI-RSI,[WPA2_PSK],2025-3-26 18:18:55,6,-89,34.0226593,-117.1785126,442.50,1.50,WIFI
58:CB:52:C3:39:FD,KawaiandKaia,[WPA2_PSK],2025-3-26 18:18:55,6,-91,34.0226593,-117.1785126,442.50,1.50,WIFI
9C:3D:CF:E1:FA:D1,FiOS-06SUB_EXT,[WPA2_PSK],2025-3-26 18:18:55,6,-92,34.0226593,-117.1785126,442.50,1.50,WIFI
1E:59:C0:38:68:CF,,[WPA2_PSK],2025-3-26 18:18:58,9,-72,34.0222015,-117.1787567,439.90,1.50,WIFI
1A:59:C0:38:6F:3C,ORBI48,[WPA2_PSK],2025-3-26 18:18:58,9,-86,34.0222015,-117.1787567,439.90,1.50,WIFI
F0:09:0D:A9:F2:07,TP-Link_F208,[WPA2_PSK],2025-3-26 18:18:58,9,-92,34.0222015,-117.1787567,439.90,1.50,WIFI
1A:59:C0:38:6E:AB,ORBI48,[WPA2_PSK],2025-3-26 18:18:58,9,-92,34.0222015,-117.1787567,439.90,1.50,WIFI
1A:59:C0:43:E8:8C,ORBI04,[WPA2_PSK],2025-3-26 18:19:0,11,-63,34.0219193,-117.1789017,438.70,1.50,WIFI
CC:40:D0:FD:72:4E,ORBI04,[WPA2_PSK],2025-3-26 18:19:0,11,-71,34.0219193,-117.1789017,438.70,1.50,WIFI
42:37:86:41:3E:DD,,[WPA2_PSK],2025-3-26 18:19:0,11,-76,34.0219193,-117.1789017,438.70,1.50,WIFI
B4:B6:86:AF:06:CD,DIRECT-CB-HP OfficeJet Pro 8710,[WPA2_PSK],2025-3-26 18:19:0,11,-81,34.0219193,-117.1789017,438.70,1.50,WIFI
30:57:8E:C5:AB:35,,[OPEN],2025-3-26 18:19:0,11,-89,34.0219193,-117.1789017,438.70,1.50,WIFI
FC:AE:34:C6:A2:3A,Frontier3920,[WPA2_PSK],2025-3-26 18:19:0,11,-93,34.0219193,-117.1789017,438.70,1.50,WIFI
72:CD:D6:E7:0A:8B,Moores,[WPA2_PSK],2025-3-26 18:19:6,3,-89,34.0211372,-117.1791153,434.70,2.00,WIFI
1E:59:C0:38:6F:3C,,[WPA2_PSK],2025-3-26 18:19:12,9,-79,34.0202675,-117.1788635,429.30,1.75,WIFI
1A:59:C0:38:68:CF,ORBI48,[WPA2_PSK],2025-3-26 18:19:12,9,-90,34.0202675,-117.1788635,429.30,1.75,WIFI
1E:59:C0:38:6E:AB,,[WPA2_PSK],2025-3-26 18:19:12,9,-95,34.0202675,-117.1788635,429.30,1.75,WIFI
78:45:58:3D:05:A2,,[WPA2_PSK],2025-3-26 18:19:14,11,-84,34.0199509,-117.1787262,427.50,1.75,WIFI
7E:45:58:3D:05:A2,RRR_Mainhouse,[WPA2_PSK],2025-3-26 18:19:14,11,-85,34.0199509,-117.1787262,427.50,1.75,WIFI
40:4C:77:1C:D4:58,Frontier0224,[WPA2_PSK],2025-3-26 18:19:16,1,-88,34.0196304,-117.1785812,425.80,1.75,WIFI
30:23:03:84:5C:98,2cproperty,[WPA2_PSK],2025-3-26 18:19:19,2,-95,34.0191536,-117.1783752,423.50,2.00,WIFI
EE:9F:80:87:61:26,,[WPA2_PSK],2025-3-26 18:19:19,2,-95,34.0191536,-117.1783752,423.50,2.00,WIFI
54:07:7D:10:E2:30,NETGEAR87,[WPA2_PSK],2025-3-26 18:19:20,3,-95,34.0189934,-117.1783066,422.70,2.00,WIFI
AC:EC:85:CD:74:12,,[WPA3_PSK],2025-3-26 18:19:23,6,-79,34.0185204,-117.1781464,420.30,1.75,WIFI
AC:EC:85:CD:74:16,,[OPEN],2025-3-26 18:19:23,6,-79,34.0185204,-117.1781464,420.30,1.75,WIFI
AC:EC:85:CD:74:14,Moo Clan Eero,[WPA2_PSK],2025-3-26 18:19:23,6,-80,34.0185204,-117.1781464,420.30,1.75,WIFI
AC:EC:85:CE:31:14,Moo Clan Eero,[WPA2_PSK],2025-3-26 18:19:23,6,-83,34.0185204,-117.1781464,420.30,1.75,WIFI
AC:EC:85:CE:31:12,,[WPA3_PSK],2025-3-26 18:19:23,6,-84,34.0185204,-117.1781464,420.30,1.75,WIFI
AC:EC:85:CE:31:16,,[OPEN],2025-3-26 18:19:23,6,-84,34.0185204,-117.1781464,420.30,1.75,WIFI
36:23:03:84:59:38,,[WPA2_PSK],2025-3-26 18:19:23,6,-94,34.0185204,-117.1781464,420.30,1.75,WIFI
A6:04:60:2C:F2:6C,ORBI48,[WPA2_PSK],2025-3-26 18:19:26,9,-89,34.0180473,-117.1781387,417.50,1.75,WIFI
04:92:26:82:3A:38,cjep,[WPA2_PSK],2025-3-26 18:19:28,11,-89,34.0177383,-117.1782150,415.90,1.50,WIFI
04:92:26:82:3A:39,cjep_guest,[WPA2_PSK],2025-3-26 18:19:28,11,-96,34.0177383,-117.1782150,415.90,1.50,WIFI
4E:22:54:7B:8B:9E,,[WPA2_PSK],2025-3-26 18:19:34,3,-93,34.0168800,-117.1786575,411.40,1.50,WIFI
AC:8B:A9:32:F7:66,Rezek Ranch,[WPA2_PSK],2025-3-26 18:19:37,6,-92,34.0164566,-117.1788483,409.30,1.50,WIFI
AC:15:A2:6D:87:78,Frontier0256_EXT,[WPA2_PSK],2025-3-26 18:19:42,11,-85,34.0157967,-117.1790771,406.80,1.75,WIFI
BA:FB:E4:71:89:79,Timkay-Guest,[OPEN],2025-3-26 18:20:13,1,-92,34.0134964,-117.1802368,405.30,1.75,WIFI
00:80:AE:0B:1F:DF,hug2g836672,[WPA2_PSK],2025-3-26 18:20:38,11,-90,34.0120888,-117.1816788,409.40,1.75,WIFI
0A:80:AE:0B:1F:DF,,[WPA2_PSK],2025-3-26 18:20:38,11,-94,34.0120888,-117.1816788,409.40,1.75,WIFI
F8:1A:2B:19:00:A7,LexiNet,[WPA2_PSK],2025-3-26 18:20:52,11,-92,34.0116081,-117.1818542,414.00,1.75,WIFI
80:3F:5D:71:D4:92,worknet,[WPA2_PSK],2025-3-26 18:21:3,8,-83,34.0103111,-117.1808624,416.70,1.75,WIFI
D6:9E:43:66:FD:F4,Imbrianihome-IoT,[WPA2_PSK],2025-3-26 18:21:3,8,-86,34.0103111,-117.1808624,416.70,1.75,WIFI
CE:9E:43:66:FD:F4,Imbrianihome,[WPA2_WPA3_PSK],2025-3-26 18:21:3,8,-89,34.0103111,-117.1808624,416.70,1.75,WIFI
C8:9E:43:66:FD:F4,,[WPA2_PSK],2025-3-26 18:21:3,8,-91,34.0103111,-117.1808624,416.70,1.75,WIFI
4E:82:A9:61:31:45,DIRECT-45-HP M283 LaserJet,[WPA2_PSK],2025-3-26 18:21:4,9,-94,34.0101852,-117.1807556,417.10,1.75,WIFI
82:D2:94:B2:AB:CB,,[WPA2_PSK],2025-3-26 18:21:8,1,-93,34.0097237,-117.1802292,418.80,2.00,WIFI
3E:94:ED:45:78:79,Patel Home,[WPA2_PSK],2025-3-26 18:21:13,4,-93,34.0093803,-117.1794891,420.00,2.00,WIFI
44:A5:6E:47:76:59,NETGEAR20,[WPA2_PSK],2025-3-26 18:21:17,8,-91,34.0091438,-117.1788788,420.00,2.00,WIFI
C8:9E:43:B4:5B:66,,[WPA2_PSK],2025-3-26 18:21:17,8,-92,34.0091438,-117.1788788,420.00,2.00,WIFI
00:25:CA:77:1C:1F,sdp5g,[WPA2_PSK],2025-3-26 18:21:22,1,-95,34.0088272,-117.1780243,419.60,2.00,WIFI
FC:DB:21:4F:E6:EA,Samsara Hotspot,[WPA2_PSK],2025-3-26 18:21:29,6,-74,34.0086403,-117.1766891,419.80,2.00,WIFI
B4:B9:E6:DA:05:24,,[WPA3_PSK],2025-3-26 18:21:43,6,-81,34.0084686,-117.1740112,424.50,2.00,WIFI
B4:B9:E6:DA:05:28,,[OPEN],2025-3-26 18:21:43,6,-81,34.0084686,-117.1740112,424.50,2.00,WIFI
B4:B9:E6:DA:05:26,Brambila5G,[WPA2_PSK],2025-3-26 18:21:43,6,-84,34.0084686,-117.1740112,424.50,2.00,WIFI
AE:1A:EA:50:26:16,,[WPA2_PSK],2025-3-26 18:21:43,6,-92,34.0084686,-117.1740112,424.50,2.00,WIFI
AE:1A:EA:80:26:16,,[WPA2_PSK],2025-3-26 18:21:43,6,-93,34.0084686,-117.1740112,424.50,2.00,WIFI
AC:DF:9F:9D:D5:2E,TMOBILE-D52C,[WPA2_WPA3_PSK],2025-3-26 18:21:47,10,-84,34.0082436,-117.1732712,425.90,1.75,WIFI
0E:7E:24:B3:28:3C,DIRECT-BMW 63145,[WPA2_WPA3_PSK],2025-3-26 18:21:48,11,-77,34.0081711,-117.1730957,426.00,1.75,WIFI
90:CA:FA:60:00:2B,ranch,[WPA2_PSK],2025-3-26 18:21:48,11,-84,34.0081711,-117.1730957,426.00,1.75,WIFI
90:CA:FA:53:02:27,ranch,[WPA2_PSK],2025-3-26 18:21:50,1,-90,34.0080109,-117.1727524,425.90,1.75,WIFI
2C:58:4F:DF:23:12,Frontier7760,[WPA2_PSK],2025-3-26 18:21:50,1,-91,34.0080109,-117.1727524,425.90,1.75,WIFI
3C:52:A1:38:7B:0E,Beach Club,[WPA_WPA2_PSK],2025-3-26 18:21:57,6,-89,34.0073166,-117.1717148,425.30,1.75,WIFI
C4:41:1E:E2:DA:D5,SPfox862136,[WPA2_PSK],2025-3-26 18:22:2,11,-91,34.0067825,-117.1711807,425.00,1.75,WIFI
60:38:E0:32:3A:49,4liveoak,[WPA_WPA2_PSK],2025-3-26 18:22:41,8,-89,34.0027275,-117.1666565,433.80,2.00,WIFI
62:38:E0:32:3A:49,4liveoak-guest,[OPEN],2025-3-26 18:22:41,8,-92,34.0027275,-117.1666565,433.80,2.00,WIFI
0E:36:C9:91:97:61,Wernher Net,[WPA2_PSK],2025-3-26 18:22:42,9,-95,34.0026398,-117.1665955,433.90,2.00,WIFI
08:36:C9:71:68:14,SCHWARTZ,[WPA2_PSK],2025-3-26 18:22:51,4,-89,34.0021439,-117.1662598,433.40,2.00,WIFI
F4:CA:E7:5B:00:E6,Movie room ,[WPA2_PSK],2025-3-26 18:22:53,6,-89,34.0020485,-117.1661835,433.10,2.00,WIFI
1A:B2:BE:4C:D5:F7,,[WPA2_PSK],2025-3-26 18:22:58,11,-86,34.0018387,-117.1660385,433.00,1.75,WIFI
1A:B2:BE:2C:D5:F7,Star,[WPA2_PSK],2025-3-26 18:22:58,11,-91,34.0018387,-117.1660385,433.00,1.75,WIFI
1A:B2:BE:6C:D5:F7,,[WPA2_PSK],2025-3-26 18:22:58,11,-91,34.0018387,-117.1660385,433.00,1.75,WIFI
44:A5:6E:0D:B5:40,BOARDROOM,[WPA2_PSK],2025-3-26 18:23:3,2,-91,34.0015526,-117.1658554,433.00,1.75,WIFI
0E:36:C9:71:68:14,,[WPA2_PSK],2025-3-26 18:23:5,4,-83,34.0013504,-117.1657257,433.30,1.75,WIFI
08:36:C9:74:1D:2C,,[WPA2_PSK],2025-3-26 18:23:5,4,-85,34.0013504,-117.1657257,433.30,1.75,WIFI
0E:36:C9:74:1C:B8,SCHWARTZ,[WPA2_PSK],2025-3-26 18:23:5,4,-86,34.0013504,-117.1657257,433.30,1.75,WIFI
0E:36:C9:74:1D:2C,SCHWARTZ,[WPA2_PSK],2025-3-26 18:23:5,4,-88,34.0013504,-117.1657257,433.30,1.75,WIFI
08:36:C9:74:1C:B8,,[WPA2_PSK],2025-3-26 18:23:5,4,-88,34.0013504,-117.1657257,433.30,1.75,WIFI
A8:97:CD:CA:E1:20,Frontier3248,[WPA2_PSK],2025-3-26 18:23:12,11,-89,34.0003777,-117.1650391,434.00,1.75,WIFI
A6:40:A0:53:B1:04,L5RANCH,[WPA2_PSK],2025-3-26 18:23:24,9,-82,33.9987144,-117.1632690,436.00,1.75,WIFI
AA:40:A0:54:44:25,,[WPA2_PSK],2025-3-26 18:23:24,9,-92,33.9987144,-117.1632690,436.00,1.75,WIFI
46:27:45:4A:70:FE,[LG_Oven]70fe,[WPA2_PSK],2025-3-26 18:23:26,11,-90,33.9984055,-117.1629562,437.00,1.75,WIFI
EC:74:27:F5:57:C5,VGranch,[WPA2_PSK],2025-3-26 18:23:35,6,-86,33.9967766,-117.1619644,441.40,1.75,WIFI
EC:74:27:F5:57:C3,,[WPA3_PSK],2025-3-26 18:23:35,6,-87,33.9967766,-117.1619644,441.40,1.75,WIFI
EC:74:27:F5:57:C7,,[OPEN],2025-3-26 18:23:35,6,-87,33.9967766,-117.1619644,441.40,1.75,WIFI
7E:E1:11:23:BF:1D,VGranch,[WPA2_PSK],2025-3-26 18:23:40,11,-75,33.9958458,-117.1614304,442.60,2.00,WIFI
7E:E1:11:63:BF:1D,,[WPA2_PSK],2025-3-26 18:23:40,11,-75,33.9958458,-117.1614304,442.60,2.00,WIFI
7E:E1:11:43:BF:1D,,[WPA2_PSK],2025-3-26 18:23:40,11,-79,33.9958458,-117.1614304,442.60,2.00,WIFI
06:AB:8E:68:33:E8,,[WPA2_PSK],2025-3-26 18:23:49,6,-90,33.9944839,-117.1601410,451.90,1.75,WIFI
06:AB:8E:28:33:E8,Offgride ,[WPA2_PSK],2025-3-26 18:23:49,6,-91,33.9944839,-117.1601410,451.90,1.75,WIFI
3C:28:6D:C3:2F:C9,El Ranchito,[WPA2_PSK],2025-3-26 18:23:54,11,-83,33.9940109,-117.1593170,455.70,1.75,WIFI
76:90:BC:22:FF:0F,hug2g526442,[WPA2_PSK],2025-3-26 18:23:57,1,-87,33.9938698,-117.1588593,456.40,1.75,WIFI
74:90:BC:12:FF:0F,Verizon_NX7B64,[WPA2_PSK],2025-3-26 18:23:57,1,-88,33.9938698,-117.1588593,456.40,1.75,WIFI
A0:21:B7:AF:05:94,HughesNet-George,[WPA2_PSK],2025-3-26 18:23:57,1,-92,33.9938698,-117.1588593,456.40,1.75,WIFI
A8:A2:37:52:76:0B,Verizon_SFQB6K,[WPA2_PSK],2025-3-26 18:24:3,6,-77,33.9936943,-117.1579819,454.90,1.75,WIFI
D2:06:24:1D:31:50,CHEVROLET_6624,[WPA2_WPA3_PSK],2025-3-26 18:24:3,6,-79,33.9936943,-117.1579819,454.90,1.75,WIFI
18:9C:27:81:EE:82,Frontier1424,[WPA2_PSK],2025-3-26 18:24:3,6,-87,33.9936943,-117.1579819,454.90,1.75,WIFI
2C:DC:AD:8E:9A:B6,,[WPA2_PSK],2025-3-26 18:24:8,11,-91,33.9936409,-117.1572113,453.80,1.75,WIFI
42:17:5C:27:FE:A5,Storman,[WPA2_PSK],2025-3-26 18:24:9,1,-69,33.9936256,-117.1570511,453.60,1.75,WIFI
6E:02:E0:9E:B0:65,DIRECT-65-HP ENVY Pro 6400,[WPA2_PSK],2025-3-26 18:24:9,1,-70,33.9936256,-117.1570511,453.60,1.75,WIFI
42:17:5C:67:FE:A5,,[WPA2_PSK],2025-3-26 18:24:9,1,-72,33.9936256,-117.1570511,453.60,1.75,WIFI
00:80:AE:09:C0:3B,hug2g428748,[WPA2_PSK],2025-3-26 18:24:9,1,-73,33.9936256,-117.1570511,453.60,1.75,WIFI
42:17:5C:47:FE:A5,,[WPA2_PSK],2025-3-26 18:24:9,1,-75,33.9936256,-117.1570511,453.60,1.75,WIFI
B4:B9:E6:71:DF:44,,[WPA3_PSK],2025-3-26 18:24:22,11,-79,33.9931984,-117.1551514,458.30,1.75,WIFI
B4:B9:E6:71:DF:48,,[OPEN],2025-3-26 18:24:22,11,-79,33.9931984,-117.1551514,458.30,1.75,WIFI
B4:B9:E6:71:DF:4C,Toastedhead1993  Guest,[WPA2_PSK],2025-3-26 18:24:22,11,-80,33.9931984,-117.1551514,458.30,1.75,WIFI
B4:B9:E6:71:DF:46,Toastedhead1993 ,[WPA2_PSK],2025-3-26 18:24:22,11,-81,33.9931984,-117.1551514,458.30,1.75,WIFI
BE:42:8C:98:C3:8A,Dodgers5,[WPA2_PSK],2025-3-26 18:24:22,11,-89,33.9931984,-117.1551514,458.30,1.75,WIFI
2C:58:4F:E3:04:80,Frontier2080,[WPA2_PSK],2025-3-26 18:24:22,11,-93,33.9931984,-117.1551514,458.30,1.75,WIFI
6A:D7:9A:D7:70:B0,,[WPA2_PSK],2025-3-26 18:24:23,1,-90,33.9931602,-117.1550446,458.80,1.75,WIFI
2C:DC:AD:F7:F6:4A,hum00596,[WPA2_PSK],2025-3-26 18:24:29,4,-94,33.9929962,-117.1546631,460.50,1.75,WIFI
6C:63:9C:8D:CD:40,Frontier0928,[WPA2_PSK],2025-3-26 18:24:31,6,-90,33.9929657,-117.1545868,460.80,1.75,WIFI
8A:5A:85:73:A4:4B,DIRECT-BMW 07255,[WPA2_PSK],2025-3-26 18:24:36,11,-80,33.9928818,-117.1543884,461.30,2.00,WIFI
38:E1:F4:92:61:C6,KC,[WPA2_WPA3_PSK],2025-3-26 18:24:36,11,-90,33.9928818,-117.1543884,461.30,2.00,WIFI
8C:3B:AD:30:BE:D9,ATTeD7udS2_2GEXT,[WPA2_PSK],2025-3-26 18:24:36,11,-95,33.9928818,-117.1543884,461.30,2.00,WIFI
68:D7:9A:D7:70:B0,UFrontier2080,[WPA2_PSK],2025-3-26 18:24:38,1,-90,33.9928474,-117.1543045,461.70,2.00,WIFI
D2:09:8B:62:97:8E,,[WPA2_PSK],2025-3-26 18:24:45,6,-84,33.9927216,-117.1540451,462.90,2.00,WIFI
D2:09:8B:22:97:8E,Impact Marketing,[WPA2_PSK],2025-3-26 18:24:45,6,-84,33.9927216,-117.1540451,462.90,2.00,WIFI
D2:09:8B:42:97:8E,,[WPA2_PSK],2025-3-26 18:24:45,6,-84,33.9927216,-117.1540451,462.90,2.00,WIFI
FA:2C:07:65:E2:69,,[WPA2_PSK],2025-3-26 18:24:50,11,-87,33.9925690,-117.1538849,463.20,2.00,WIFI
FA:2C:07:45:E2:69,,[WPA2_PSK],2025-3-26 18:24:50,11,-87,33.9925690,-117.1538849,463.20,2.00,WIFI
FA:2C:07:25:E2:69,Torres,[WPA2_PSK],2025-3-26 18:24:50,11,-89,33.9925690,-117.1538849,463.20,2.00,WIFI
2C:EA:DC:32:94:9E,Verizon-MiFi8800L-93D0,[WPA2_PSK],2025-3-26 18:24:54,1,-93,33.9921913,-117.1539459,463.90,2.00,WIFI
24:94:CB:80:C7:D0,Frontier4352,[WPA2_PSK],2025-3-26 18:24:59,6,-95,33.9914818,-117.1541672,469.40,1.75,WIFI
AA:AB:48:2F:DD:04,STARLINK,[OPEN],2025-3-26 18:25:6,1,-94,33.9902534,-117.1546860,475.20,1.75,WIFI
AA:AB:48:5F:DD:04,,[WPA2_PSK],2025-3-26 18:25:6,1,-94,33.9902534,-117.1546860,475.20,1.75,WIFI
AA:AB:48:8F:DD:04,,[WPA2_PSK],2025-3-26 18:25:6,1,-94,33.9902534,-117.1546860,475.20,1.75,WIFI
9A:D2:AF:49:0E:3C,,[WPA2_PSK],2025-3-26 18:25:13,6,-82,33.9889526,-117.1552734,480.80,1.75,WIFI
9A:D2:AF:29:0E:3C,StarLink,[WPA2_PSK],2025-3-26 18:25:13,6,-83,33.9889526,-117.1552734,480.80,1.75,WIFI
62:6E:E0:57:C7:B7,,[WPA2_PSK],2025-3-26 18:25:18,11,-80,33.9879837,-117.1555099,484.40,1.75,WIFI
62:6E:E0:87:C7:B7,,[WPA2_PSK],2025-3-26 18:25:18,11,-81,33.9879837,-117.1555099,484.40,1.75,WIFI
62:6E:E0:27:C7:B7,ORTEGA,[WPA2_PSK],2025-3-26 18:25:18,11,-82,33.9879837,-117.1555099,484.40,1.75,WIFI
D4:3F:32:69:96:66,Harper’s Hollow,[WPA2_PSK],2025-3-26 18:25:27,6,-83,33.9862137,-117.1555862,492.60,1.75,WIFI
D4:3F:32:69:96:63,,[WPA3_PSK],2025-3-26 18:25:27,6,-83,33.9862137,-117.1555862,492.60,1.75,WIFI
D4:3F:32:69:96:69,,[OPEN],2025-3-26 18:25:27,6,-83,33.9862137,-117.1555862,492.60,1.75,WIFI
D4:3F:32:6B:59:E3,,[WPA3_PSK],2025-3-26 18:25:27,6,-85,33.9862137,-117.1555862,492.60,1.75,WIFI
D4:3F:32:6B:59:E6,Harper’s Hollow,[WPA2_PSK],2025-3-26 18:25:27,6,-87,33.9862137,-117.1555862,492.60,1.75,WIFI
D4:3F:32:6B:59:E9,,[OPEN],2025-3-26 18:25:27,6,-87,33.9862137,-117.1555862,492.60,1.75,WIFI
84:70:51:DB:2A:C3,TOYOTA Grand Highlander-2.4g_db2,[WPA2_PSK],2025-3-26 18:25:44,9,-77,33.9830170,-117.1556931,506.60,1.75,WIFI
22:AD:56:3B:72:CC,Hotspot72CC,[WPA_WPA2_PSK],2025-3-26 18:26:59,1,-79,33.9706459,-117.1569214,586.70,2.00,WIFI
5E:EF:68:73:CF:77,Jerry-guest,[WPA2_PSK],2025-3-26 18:27:33,5,-89,33.9661865,-117.1595459,622.00,1.75,WIFI
62:EF:68:73:CF:77,,[WPA2_PSK],2025-3-26 18:27:33,5,-92,33.9661865,-117.1595459,622.00,1.75,WIFI
70:3A:CB:09:DE:E4,ARhod10,[WPA2_PSK],2025-3-26 18:27:34,6,-89,33.9660225,-117.1595612,622.10,1.75,WIFI
88:DE:7C:32:3D:85,SpectrumSetup-87,[WPA2_PSK],2025-3-26 18:27:34,6,-91,33.9660225,-117.1595612,622.10,1.75,WIFI
58:EF:68:73:C5:3F,jer1me,[WPA2_PSK],2025-3-26 18:27:36,8,-87,33.9656944,-117.1595306,621.00,1.75,WIFI
5E:EF:68:73:C5:3F,Jerry-guest,[WPA2_PSK],2025-3-26 18:27:36,8,-87,33.9656944,-117.1595306,621.00,1.75,WIFI
62:EF:68:73:C5:3F,,[WPA2_PSK],2025-3-26 18:27:36,8,-88,33.9656944,-117.1595306,621.00,1.75,WIFI
54:AF:97:F8:BA:52,Daniels Estates ,[WPA2_PSK],2025-3-26 18:27:37,9,-90,33.9655266,-117.1595078,619.70,1.75,WIFI
A2:C9:EB:D0:64:45,HARRYBALLS,[WPA2_PSK],2025-3-26 18:27:37,9,-93,33.9655266,-117.1595078,619.70,1.75,WIFI
DC:EF:09:CB:69:B8,GoodAsGould49ers_EXT,[WPA2_PSK],2025-3-26 18:27:39,11,-89,33.9651909,-117.1594543,617.50,1.75,WIFI
B0:6A:41:CE:F8:13,ARhod10,[WPA2_PSK],2025-3-26 18:27:39,11,-92,33.9651909,-117.1594543,617.50,1.75,WIFI
74:93:DA:1D:3D:95,Quincy,[WPA2_PSK],2025-3-26 18:27:42,1,-83,33.9646683,-117.1593704,613.30,1.75,WIFI
94:53:30:FA:ED:A5,WIFIFAEDA1,[WPA2_PSK],2025-3-26 18:27:42,1,-90,33.9646683,-117.1593704,613.30,1.75,WIFI
58:9B:4A:94:8A:71,SpectrumSetup-8A6D,[WPA2_PSK],2025-3-26 18:27:42,1,-92,33.9646683,-117.1593704,613.30,1.75,WIFI
54:AF:97:19:6B:48,mexico,[WPA2_PSK],2025-3-26 18:27:45,3,-92,33.9641342,-117.1592941,609.00,1.75,WIFI
A4:11:62:E8:32:1C,ARLO_VMB_8995971951,[WPA2_PSK],2025-3-26 18:27:46,4,-89,33.9639549,-117.1592636,607.60,1.75,WIFI
38:94:ED:5C:DC:D5,,[WPA2_PSK],2025-3-26 18:27:46,4,-93,33.9639549,-117.1592636,607.60,1.75,WIFI
3E:94:ED:5C:DC:D5,robertszone,[WPA_WPA2_PSK],2025-3-26 18:27:46,4,-93,33.9639549,-117.1592636,607.60,1.75,WIFI
80:3F:5D:6A:0A:4D,,[WPA2_PSK],2025-3-26 18:27:46,4,-94,33.9639549,-117.1592636,607.60,1.75,WIFI
02:C8:1B:91:FB:7E,Pvt.WFR_Spruce.4814,[WPA2_PSK],2025-3-26 18:27:48,6,-91,33.9635925,-117.1592178,604.50,1.75,WIFI
B8:8D:12:62:EB:65,GMCJ,[WPA2_PSK],2025-3-26 18:27:56,1,-83,33.9621277,-117.1589203,594.20,1.75,WIFI
02:17:1A:D3:AC:F0,,[WPA2_PSK],2025-3-26 18:27:56,1,-88,33.9621277,-117.1589203,594.20,1.75,WIFI
00:17:1A:D3:AC:F0,Winegard2ghzD3ACEF,[WPA2_PSK],2025-3-26 18:27:56,1,-89,33.9621277,-117.1589203,594.20,1.75,WIFI
10:0C:6B:FF:EC:76,NETGEAR46,[WPA2_PSK],2025-3-26 18:28:1,5,-91,33.9612656,-117.1585236,588.50,1.75,WIFI
2C:30:33:D7:3C:0A,NETGEAR04,[WPA2_PSK],2025-3-26 18:28:2,6,-88,33.9610977,-117.1584244,587.60,1.75,WIFI
E4:C0:E2:64:B3:D6,DFwifi,[WPA2_PSK],2025-3-26 18:28:2,6,-93,33.9610977,-117.1584244,587.60,1.75,WIFI
C2:72:38:2F:11:3A,MoonlightRimRanch,[WPA2_PSK],2025-3-26 18:28:10,1,-83,33.9598122,-117.1575928,582.10,1.75,WIFI
C2:72:38:4F:11:3A,,[WPA2_PSK],2025-3-26 18:28:10,1,-86,33.9598122,-117.1575928,582.10,1.75,WIFI
84:1B:5E:42:B3:92,netgearMoonlightRimRanch,[WPA2_PSK],2025-3-26 18:28:10,1,-88,33.9598122,-117.1575928,582.10,1.75,WIFI
C2:72:38:6F:11:3A,,[WPA2_PSK],2025-3-26 18:28:10,1,-88,33.9598122,-117.1575928,582.10,1.75,WIFI
B0:BB:E5:2D:DF:6E,SpectrumSetup-68,[WPA2_PSK],2025-3-26 18:28:10,1,-90,33.9598122,-117.1575928,582.10,1.75,WIFI
E4:5E:1B:A2:17:9A,CasaGrande,[WPA2_PSK],2025-3-26 18:28:10,1,-92,33.9598122,-117.1575928,582.10,1.75,WIFI
B0:FC:88:3B:FC:EA,SpectrumSetup-E4,[WPA2_PSK],2025-3-26 18:28:10,1,-92,33.9598122,-117.1575928,582.10,1.75,WIFI
8E:CC:9C:94:A1:80,caolam@yahoo.com,[WPA2_PSK],2025-3-26 18:28:13,3,-79,33.9593468,-117.1572876,579.60,1.75,WIFI
8A:CC:9C:94:A1:80,,[WPA2_PSK],2025-3-26 18:28:13,3,-81,33.9593468,-117.1572876,579.60,1.75,WIFI
86:CC:9C:94:A1:80,Larry's wifi,[OPEN],2025-3-26 18:28:13,3,-84,33.9593468,-117.1572876,579.60,1.75,WIFI
86:CC:9C:93:D9:E2,ORBI45,[WPA2_PSK],2025-3-26 18:28:13,3,-85,33.9593468,-117.1572876,579.60,1.75,WIFI
62:EB:B6:29:15:24,TP-Link_1524,[WPA2_PSK],2025-3-26 18:28:15,5,-93,33.9590225,-117.1571045,577.00,1.75,WIFI
FC:DB:21:1C:8A:AA,Atlantadchotspot,[WPA2_PSK],2025-3-26 18:28:16,6,-71,33.9588547,-117.1570206,575.50,1.75,WIFI
A4:97:33:5F:47:F1,URENA,[WPA2_PSK],2025-3-26 18:28:16,6,-91,33.9588547,-117.1570206,575.50,1.75,WIFI
A4:11:62:48:67:18,ARLO_VMB_8086998796,[WPA2_PSK],2025-3-26 18:28:16,6,-92,33.9588547,-117.1570206,575.50,1.75,WIFI
00:54:AF:70:04:76,Hotspot0476,[WPA_WPA2_PSK],2025-3-26 18:28:21,11,-85,33.9579201,-117.1568298,568.60,1.75,WIFI
3E:AA:8E:A8:37:06,,[WPA_WPA2_PSK],2025-3-26 18:28:24,1,-89,33.9573326,-117.1568146,565.60,1.75,WIFI
1C:BF:CE:64:E1:2C,NETGEARvirus-5G-PRO-2.4G,[WPA2_PSK],2025-3-26 18:28:24,1,-96,33.9573326,-117.1568146,565.60,1.75,WIFI
FC:9C:98:C5:1A:3A,ARLO_VMB_2963732533,[WPA2_PSK],2025-3-26 18:28:26,2,-90,33.9569435,-117.1568146,564.20,1.75,WIFI
A2:63:91:A9:D5:BA,NETGEAR-Guest,[WPA2_PSK],2025-3-26 18:28:28,4,-82,33.9565544,-117.1568222,562.60,1.75,WIFI
1C:61:B4:7C:88:A6,,[WPA2_PSK],2025-3-26 18:28:28,4,-93,33.9565544,-117.1568222,562.60,1.75,WIFI
00:21:CC:32:70:4F,rinnai-0021CC32704F,[OPEN],2025-3-26 18:28:30,6,-94,33.9561729,-117.1568146,561.00,1.75,WIFI
3E:98:B5:AF:E4:76,ORBI59-Guest,[OPEN],2025-3-26 18:28:32,8,-66,33.9558144,-117.1568146,559.30,1.75,WIFI
34:98:B5:AF:E4:76,,[WPA2_PSK],2025-3-26 18:28:32,8,-67,33.9558144,-117.1568146,559.30,1.75,WIFI
3A:98:B5:AF:E4:76,ORBI59,[WPA2_PSK],2025-3-26 18:28:32,8,-68,33.9558144,-117.1568146,559.30,1.75,WIFI
3E:98:B5:B0:F9:E8,ORBI59-Guest,[OPEN],2025-3-26 18:28:32,8,-73,33.9558144,-117.1568146,559.30,1.75,WIFI
34:98:B5:B0:F9:E8,,[WPA2_PSK],2025-3-26 18:28:32,8,-73,33.9558144,-117.1568146,559.30,1.75,WIFI
3A:98:B5:B0:F9:E8,ORBI59,[WPA2_PSK],2025-3-26 18:28:32,8,-75,33.9558144,-117.1568146,559.30,1.75,WIFI
A4:11:62:DD:F5:4E,ARLO_VMB_7651499598,[WPA2_PSK],2025-3-26 18:28:32,8,-89,33.9558144,-117.1568146,559.30,1.75,WIFI
08:36:C9:74:2C:3C,,[WPA2_PSK],2025-3-26 18:28:34,10,-87,33.9554596,-117.1568146,557.50,1.75,WIFI
0E:36:C9:74:2C:3C,Hockeyhouse,[WPA2_PSK],2025-3-26 18:28:34,10,-91,33.9554596,-117.1568146,557.50,1.75,WIFI
DE:CB:BC:30:2E:37,,[WPA2_PSK],2025-3-26 18:28:35,11,-85,33.9552841,-117.1568146,556.70,1.75,WIFI
EA:CB:BC:30:2E:37,IOTConnect,[WPA2_PSK],2025-3-26 18:28:35,11,-88,33.9552841,-117.1568146,556.70,1.75,WIFI
E6:CB:BC:30:2E:37,Liahona,[WPA2_PSK],2025-3-26 18:28:35,11,-89,33.9552841,-117.1568146,556.70,1.75,WIFI
E0:CB:BC:30:2E:37,Lehi,[WPA2_PSK],2025-3-26 18:28:35,11,-90,33.9552841,-117.1568146,556.70,1.75,WIFI
4C:19:5D:0F:A7:22,SpectrumSetup-1C,[WPA2_PSK],2025-3-26 18:28:38,1,-81,33.9547462,-117.1568222,554.40,1.75,WIFI
E0:CB:BC:30:30:B5,Lehi,[WPA2_PSK],2025-3-26 18:28:44,6,-84,33.9536667,-117.1568146,549.50,1.75,WIFI
E6:CB:BC:30:30:B5,Liahona,[WPA2_PSK],2025-3-26 18:28:44,6,-84,33.9536667,-117.1568146,549.50,1.75,WIFI
EA:CB:BC:30:30:B5,IOTConnect,[WPA2_PSK],2025-3-26 18:28:44,6,-85,33.9536667,-117.1568146,549.50,1.75,WIFI
58:96:71:F3:C7:0A,Verizon_KNS4H9,[WPA2_PSK],2025-3-26 18:28:44,6,-91,33.9536667,-117.1568146,549.50,1.75,WIFI
1E:4C:8B:2E:AC:F7,Starlink 2,[WPA2_PSK],2025-3-26 18:28:44,6,-92,33.9536667,-117.1568146,549.50,1.75,WIFI
18:A5:FF:57:16:FA,TMOBILE-16F8,[WPA2_WPA3_PSK],2025-3-26 18:28:46,8,-78,33.9533081,-117.1568146,548.20,1.75,WIFI
74:90:BC:E2:44:21,TMOBILE-16F8,[WPA2_WPA3_PSK],2025-3-26 18:28:52,1,-76,33.9522209,-117.1568069,543.60,1.75,WIFI
88:DE:7C:CB:8C:DD,SpectrumSetup-DF,[WPA2_PSK],2025-3-26 18:28:58,6,-76,33.9511185,-117.1567993,539.20,1.75,WIFI
C8:99:B2:D2:5C:F7,MVPD2,[WPA2_WPA3_PSK],2025-3-26 18:29:0,8,-89,33.9507446,-117.1567993,538.00,1.75,WIFI
AC:DF:9F:2A:D7:F0,TmobileWifi,[WPA2_WPA3_PSK],2025-3-26 18:29:0,8,-89,33.9507446,-117.1567993,538.00,1.75,WIFI
54:47:CC:29:E8:C7,TMOBILE-E8C1,[WPA2_WPA3_PSK],2025-3-26 18:29:3,11,-85,33.9501610,-117.1567993,536.00,1.75,WIFI
64:67:72:45:C7:1D,TMOBILE-C71B,[WPA2_WPA3_PSK],2025-3-26 18:29:6,1,-79,33.9495811,-117.1567917,534.00,1.75,WIFI
B0:6A:41:B7:6E:91,Google WIFI,[WPA2_PSK],2025-3-26 18:29:6,1,-81,33.9495811,-117.1567917,534.00,1.75,WIFI
BC:10:2F:37:8D:C8,[range]_E30AJT7113919D,[WPA2_PSK],2025-3-26 18:29:6,1,-90,33.9495811,-117.1567917,534.00,1.75,WIFI
B0:6A:41:B7:89:56,Google WIFI,[WPA2_PSK],2025-3-26 18:29:6,1,-91,33.9495811,-117.1567917,534.00,1.75,WIFI
FC:DF:00:6A:25:5B,midea_33_2242,[OPEN],2025-3-26 18:29:6,1,-95,33.9495811,-117.1567917,534.00,1.75,WIFI
68:7F:74:33:41:A2,center,[WPA2_PSK],2025-3-26 18:29:10,4,-90,33.9488640,-117.1567993,531.70,1.75,WIFI
80:3F:5D:FF:8E:E9,WAVLINK-N,[OPEN],2025-3-26 18:29:10,4,-90,33.9488640,-117.1567993,531.70,1.75,WIFI
A6:08:01:5A:93:2D,,[WPA2_PSK],2025-3-26 18:29:10,4,-91,33.9488640,-117.1567993,531.70,1.75,WIFI
5E:EF:68:67:9C:89,,[WPA2_PSK],2025-3-26 18:29:11,5,-88,33.9487000,-117.1567993,531.20,1.75,WIFI
58:EF:68:67:9C:89,tumbleweed,[WPA2_PSK],2025-3-26 18:29:11,5,-90,33.9487000,-117.1567993,531.20,1.75,WIFI
F0:21:E0:F5:11:54,eero,[WPA2_PSK],2025-3-26 18:29:12,6,-81,33.9485435,-117.1567993,530.70,1.75,WIFI
F0:21:E0:F5:11:56,,[OPEN],2025-3-26 18:29:12,6,-83,33.9485435,-117.1567993,530.70,1.75,WIFI
F0:21:E0:F5:11:52,,[WPA3_PSK],2025-3-26 18:29:12,6,-84,33.9485435,-117.1567993,530.70,1.75,WIFI
F0:21:E0:C3:C2:26,eero,[WPA2_PSK],2025-3-26 18:29:12,6,-85,33.9485435,-117.1567993,530.70,1.75,WIFI
30:5A:3A:73:1D:E8,fbrcooper,[WPA2_PSK],2025-3-26 18:29:12,6,-89,33.9485435,-117.1567993,530.70,1.75,WIFI
74:93:DA:4A:6B:C2,Verizon_6RQ9H4,[WPA2_PSK],2025-3-26 18:29:12,6,-92,33.9485435,-117.1567993,530.70,1.75,WIFI
AC:DF:9F:7E:D2:44,TMOBILE-D242,[WPA2_WPA3_PSK],2025-3-26 18:29:15,9,-68,33.9480896,-117.1567993,529.30,1.75,WIFI
3C:7C:3F:92:80:20,master,[WPA2_PSK],2025-3-26 18:29:16,10,-76,33.9479561,-117.1567993,528.70,1.75,WIFI
BE:32:46:26:2B:25,*link,[WPA2_PSK],2025-3-26 18:29:17,11,-76,33.9478378,-117.1567993,528.30,1.75,WIFI
BE:32:46:56:2B:25,,[WPA2_PSK],2025-3-26 18:29:17,11,-80,33.9478378,-117.1567993,528.30,1.75,WIFI
BE:32:46:86:2B:25,,[WPA2_PSK],2025-3-26 18:29:17,11,-83,33.9478378,-117.1567993,528.30,1.75,WIFI
48:8F:5A:1A:95:11,NextDVP-U000202380550,[WPA_WPA2_PSK],2025-3-26 18:29:23,3,-80,33.9473343,-117.1568069,526.20,1.75,WIFI
00:80:AE:0E:F5:F9,hug2g549845,[WPA2_PSK],2025-3-26 18:29:26,6,-79,33.9471931,-117.1568069,525.60,1.75,WIFI
0A:80:AE:0E:F5:F9,,[WPA2_PSK],2025-3-26 18:29:26,6,-80,33.9471931,-117.1568069,525.60,1.75,WIFI
