WigleWifi-1.4,appRelease=v1.2.0,model=ESP32 Marauder,release=v1.2.0,device=ESP32 Marauder,display=SPI TFT,board=ESP32 Marauder,brand=JustCallMeKoko
MAC,SSID,AuthMode,FirstSeen,Channel,RSSI,CurrentLatitude,CurrentLongitude,AltitudeMeters,AccuracyMeters,Type
90:CA:FA:9B:5C:CF,The Force,[WPA2_PSK],2025-3-25 21:40:42,1,-72,34.0443878,-117.2011566,360.90,2.00,WIFI
1E:67:BE:09:97:E8,,[WPA2_PSK],2025-3-25 21:40:42,1,-81,34.0443878,-117.2011566,360.90,2.00,WIFI
2C:67:BE:09:97:EF,SpectrumSetup-97EB,[WPA2_PSK],2025-3-25 21:40:42,1,-81,34.0443878,-117.2011566,360.90,2.00,WIFI
1E:67:BE:09:97:E9,,[WPA2_PSK],2025-3-25 21:40:42,1,-82,34.0443878,-117.2011566,360.90,2.00,WIFI
9A:0C:7A:D4:3E:98,SpectrumSetup-97EB,[WPA2_PSK],2025-3-25 21:40:42,1,-83,34.0443878,-117.2011566,360.90,2.00,WIFI
8A:0C:7A:D4:3E:98,,[WPA2_PSK],2025-3-25 21:40:42,1,-84,34.0443878,-117.2011566,360.90,2.00,WIFI
AA:0C:7A:D4:3E:98,,[WPA2_PSK],2025-3-25 21:40:42,1,-85,34.0443878,-117.2011566,360.90,2.00,WIFI
34:53:D2:52:09:CE,SpectrumSetup-C8,[WPA2_PSK],2025-3-25 21:40:42,1,-85,34.0443878,-117.2011566,360.90,2.00,WIFI
58:68:7A:10:AF:16,Cookie,[WPA2_WPA3_PSK],2025-3-25 21:40:42,1,-88,34.0443878,-117.2011566,360.90,2.00,WIFI
FC:34:97:05:D4:D0,Belle-2G,[WPA2_PSK],2025-3-25 21:40:43,2,-80,34.0443840,-117.2011566,360.40,2.00,WIFI
FC:34:97:05:D4:D1,BeOurGuest,[WPA2_WPA3_PSK],2025-3-25 21:40:43,2,-81,34.0443840,-117.2011566,360.40,2.00,WIFI
00:22:6C:A7:D1:04,,[OPEN],2025-3-25 21:40:43,2,-91,34.0443840,-117.2011566,360.40,2.00,WIFI
90:CA:FA:9B:5D:1A,The Force,[WPA2_PSK],2025-3-25 21:40:47,6,-66,34.0443840,-117.2011566,360.90,2.00,WIFI
56:13:79:C7:1D:8E,DIRECT-8e-HP M281 LaserJet,[WPA2_PSK],2025-3-25 21:40:47,6,-69,34.0443840,-117.2011566,360.90,2.00,WIFI
90:CA:FA:9B:59:3C,The Force,[WPA2_PSK],2025-3-25 21:40:47,6,-70,34.0443840,-117.2011566,360.90,2.00,WIFI
A4:11:62:72:9A:12,ARLO_VMB_4422026869,[WPA2_PSK],2025-3-25 21:40:47,6,-77,34.0443840,-117.2011566,360.90,2.00,WIFI
D4:3F:32:6C:47:C3,,[WPA3_PSK],2025-3-25 21:40:47,6,-77,34.0443840,-117.2011566,360.90,2.00,WIFI
D4:3F:32:6C:47:C9,,[OPEN],2025-3-25 21:40:47,6,-77,34.0443840,-117.2011566,360.90,2.00,WIFI
D4:3F:32:6C:47:C6,durian,[WPA2_PSK],2025-3-25 21:40:47,6,-83,34.0443840,-117.2011566,360.90,2.00,WIFI
22:48:6C:B1:A8:3B,,[WPA2_PSK],2025-3-25 21:40:47,6,-86,34.0443840,-117.2011566,360.90,2.00,WIFI
2E:80:88:D7:76:8B,Cohen,[WPA2_PSK],2025-3-25 21:40:50,9,-88,34.0443840,-117.2011871,361.20,2.00,WIFI
00:13:37:AA:3A:34,Redlands Free WiFi,[OPEN],2025-3-25 21:40:52,11,-66,34.0443764,-117.2012024,361.40,2.00,WIFI
02:13:37:AA:3A:34,manage,[WPA2_PSK],2025-3-25 21:40:52,11,-69,34.0443764,-117.2012024,361.40,2.00,WIFI
D4:05:DE:89:EE:64,,[WPA3_PSK],2025-3-25 21:40:52,11,-75,34.0443764,-117.2012024,361.40,2.00,WIFI
D4:05:DE:89:EE:6A,,[OPEN],2025-3-25 21:40:52,11,-75,34.0443764,-117.2012024,361.40,2.00,WIFI
D4:05:DE:89:EE:67,Honn,[WPA2_PSK],2025-3-25 21:40:52,11,-75,34.0443764,-117.2012024,361.40,2.00,WIFI
F8:5B:3B:CE:64:39,MandC,[WPA2_PSK],2025-3-25 21:40:52,11,-76,34.0443764,-117.2012024,361.40,2.00,WIFI
9C:0B:05:C3:67:C4,,[WPA3_PSK],2025-3-25 21:40:52,11,-85,34.0443764,-117.2012024,361.40,2.00,WIFI
9C:0B:05:C3:67:CA,,[OPEN],2025-3-25 21:40:52,11,-85,34.0443764,-117.2012024,361.40,2.00,WIFI
00:C8:96:B2:DC:40,,[WPA_WPA2_PSK],2025-3-25 21:40:52,11,-87,34.0443764,-117.2012024,361.40,2.00,WIFI
00:17:1A:D5:37:06,Winegard2ghzD53705,[WPA2_PSK],2025-3-25 21:40:52,11,-90,34.0443764,-117.2012024,361.40,2.00,WIFI
22:3E:A4:9C:D0:7F,,[WPA2_PSK],2025-3-25 21:40:52,11,-91,34.0443764,-117.2012024,361.40,2.00,WIFI
9A:0C:7A:D4:2C:F8,SpectrumSetup-97EB,[WPA2_PSK],2025-3-25 21:40:53,1,-79,34.0443764,-117.2012177,361.30,2.00,WIFI
CC:40:D0:A2:8E:62,NETGEAR91,[WPA2_PSK],2025-3-25 21:40:53,1,-80,34.0443764,-117.2012177,361.30,2.00,WIFI
04:B6:BE:46:60:CE,,[WPA_WPA2_PSK],2025-3-25 21:40:57,2,-83,34.0443611,-117.2012634,361.40,2.00,WIFI
98:ED:5C:83:A7:13,TeslaPV_83A713,[WPA2_PSK],2025-3-25 21:40:58,3,-69,34.0443535,-117.2012711,361.30,2.00,WIFI
54:04:63:FB:12:D8,,[WPA_WPA2_PSK],2025-3-25 21:40:58,3,-76,34.0443535,-117.2012711,361.30,2.00,WIFI
60:32:B1:31:E3:3E,DECO,[WPA2_PSK],2025-3-25 21:40:58,3,-88,34.0443535,-117.2012711,361.30,2.00,WIFI
80:78:71:80:F3:1F,SpectrumSetup-21,[WPA2_PSK],2025-3-25 21:41:1,6,-73,34.0443459,-117.2012787,361.50,2.00,WIFI
60:F4:19:01:28:A6,WZWMK,[WPA2_PSK],2025-3-25 21:41:1,6,-84,34.0443459,-117.2012787,361.50,2.00,WIFI
A0:64:8F:EA:3E:51,MySpectrumWiFi53-2G,[WPA2_PSK],2025-3-25 21:41:1,6,-89,34.0443459,-117.2012787,361.50,2.00,WIFI
86:69:1A:94:41:B4,,[WPA2_WPA3_PSK],2025-3-25 21:41:4,9,-87,34.0443459,-117.2012787,361.70,2.00,WIFI
BE:75:36:61:BB:0A,myChevrolet,[WPA2_PSK],2025-3-25 21:41:6,11,-79,34.0443687,-117.2012787,361.80,2.00,WIFI
F4:52:46:1D:8C:B9,SpectrumSetup-BB,[WPA2_PSK],2025-3-25 21:41:6,11,-81,34.0443687,-117.2012787,361.80,2.00,WIFI
9C:0B:05:C3:67:C7,GeorgeYaz,[WPA2_PSK],2025-3-25 21:41:6,11,-81,34.0443687,-117.2012787,361.80,2.00,WIFI
02:17:1A:D5:37:06,,[WPA2_PSK],2025-3-25 21:41:6,11,-83,34.0443687,-117.2012787,361.80,2.00,WIFI
22:3E:A4:04:CF:C2,,[WPA2_PSK],2025-3-25 21:41:6,11,-84,34.0443687,-117.2012787,361.80,2.00,WIFI
84:A0:6E:C9:E2:16,joola-2G,[WPA2_PSK],2025-3-25 21:41:6,11,-89,34.0443687,-117.2012787,361.80,2.00,WIFI
7A:AC:B9:BD:D4:B8,BT_Magnolia_guest,[WPA2_PSK],2025-3-25 21:41:8,1,-82,34.0444298,-117.2013092,361.60,2.00,WIFI
A0:04:60:CE:27:AC,NETGEAR49,[WPA2_PSK],2025-3-25 21:41:8,1,-85,34.0444298,-117.2013092,361.60,2.00,WIFI
DA:31:34:D0:B7:61,,[WPA2_PSK],2025-3-25 21:41:8,1,-86,34.0444298,-117.2013092,361.60,2.00,WIFI
00:22:6C:A7:D7:04,,[OPEN],2025-3-25 21:41:11,2,-85,34.0445518,-117.2014313,361.00,2.00,WIFI
44:EA:D8:1E:24:B8,ChimePro-1E24B7,[OPEN],2025-3-25 21:41:15,6,-81,34.0448074,-117.2016449,360.10,2.00,WIFI
7A:AC:B9:BD:CB:D1,BT_Magnolia_guest,[WPA2_PSK],2025-3-25 21:41:15,6,-86,34.0448074,-117.2016449,360.10,2.00,WIFI
58:2F:F7:68:A1:56,SpectrumSetup-50,[WPA2_PSK],2025-3-25 21:41:20,11,-81,34.0450058,-117.2017365,360.50,2.00,WIFI
30:8D:99:FB:51:2F,HP-Print-2F-ENVY 4500 series,[OPEN],2025-3-25 21:41:20,11,-89,34.0450058,-117.2017365,360.50,2.00,WIFI
F8:F5:32:4C:34:08,Frontier0816,[WPA2_PSK],2025-3-25 21:41:20,11,-90,34.0450058,-117.2017365,360.50,2.00,WIFI
66:CB:E9:7C:99:EC,[LG_Oven]99ec,[WPA2_PSK],2025-3-25 21:41:20,11,-91,34.0450058,-117.2017365,360.50,2.00,WIFI
74:AC:B9:BD:D4:B8,BT_Magnolia,[WPA2_PSK],2025-3-25 21:41:22,1,-79,34.0450859,-117.2016830,360.30,2.00,WIFI
86:69:1A:95:12:0F,,[WPA2_WPA3_PSK],2025-3-25 21:41:28,5,-91,34.0453224,-117.2012329,359.10,2.00,WIFI
9C:A5:70:9B:A0:03,,[WPA3_PSK],2025-3-25 21:41:29,6,-76,34.0453529,-117.2011795,359.20,2.00,WIFI
9C:A5:70:9B:A0:05,Normanrose,[WPA2_PSK],2025-3-25 21:41:29,6,-76,34.0453529,-117.2011795,359.20,2.00,WIFI
9C:A5:70:9B:A0:07,,[OPEN],2025-3-25 21:41:29,6,-78,34.0453529,-117.2011795,359.20,2.00,WIFI
F8:E4:FB:03:39:7E,2BPB2,[WPA2_PSK],2025-3-25 21:41:29,6,-81,34.0453529,-117.2011795,359.20,2.00,WIFI
F0:9F:C2:CC:90:F6,ManagementVds,[WPA2_WPA3_PSK],2025-3-25 21:41:29,6,-82,34.0453529,-117.2011795,359.20,2.00,WIFI
F0:81:75:C0:58:AE,SpectrumSetup-A8,[WPA2_PSK],2025-3-25 21:41:29,6,-88,34.0453529,-117.2011795,359.20,2.00,WIFI
B0:FC:88:27:72:47,MAVDPT26,[WPA2_PSK],2025-3-25 21:41:29,6,-89,34.0453529,-117.2011795,359.20,2.00,WIFI
34:60:F9:5F:7E:1B,HandB,[WPA2_PSK],2025-3-25 21:41:32,9,-73,34.0453835,-117.2011032,359.10,2.00,WIFI
56:60:F9:5F:7E:1B,,[WPA2_PSK],2025-3-25 21:41:32,9,-76,34.0453835,-117.2011032,359.10,2.00,WIFI
80:69:1A:94:41:B4,Leason2.0,[WPA2_WPA3_PSK],2025-3-25 21:41:32,9,-82,34.0453835,-117.2011032,359.10,2.00,WIFI
D8:EB:97:EE:2E:32,Keidel2.4-private,[WPA2_PSK],2025-3-25 21:41:33,10,-84,34.0453949,-117.2010956,359.10,2.00,WIFI
DA:EB:97:EE:2E:35,Keidel-guest2.4,[WPA2_PSK],2025-3-25 21:41:33,10,-85,34.0453949,-117.2010956,359.10,2.00,WIFI
9C:C8:FC:01:AE:48,Roberts,[WPA2_PSK],2025-3-25 21:41:34,11,-80,34.0454254,-117.2010803,358.80,2.00,WIFI
CC:58:30:64:D4:D6,TMOBILE-D4D1,[WPA2_WPA3_PSK],2025-3-25 21:41:34,11,-82,34.0454254,-117.2010803,358.80,2.00,WIFI
B0:FC:88:57:1E:A1,apt13canyouquietdown,[WPA2_PSK],2025-3-25 21:41:34,11,-88,34.0454254,-117.2010803,358.80,2.00,WIFI
DC:92:72:E3:69:AF,Frontier0168,[WPA2_PSK],2025-3-25 21:41:37,1,-80,34.0455933,-117.2011261,358.20,2.00,WIFI
94:18:65:D2:FC:4F,Adulting101,[WPA2_PSK],2025-3-25 21:41:40,3,-89,34.0458221,-117.2013168,357.40,2.00,WIFI
E4:F4:C6:15:AD:8C,wtwood,[WPA_WPA2_PSK],2025-3-25 21:41:41,4,-82,34.0459213,-117.2013931,357.10,2.00,WIFI
F0:7B:65:3C:22:AA,SpectrumSetup-22A4,[WPA2_PSK],2025-3-25 21:41:43,6,-62,34.0461159,-117.2015457,355.90,2.00,WIFI
74:37:5F:55:FA:13,ierr2006,[WPA2_PSK],2025-3-25 21:41:43,6,-77,34.0461159,-117.2015457,355.90,2.00,WIFI
08:B4:B1:E8:C4:5C,Drug Addicts Only,[WPA2_PSK],2025-3-25 21:41:43,6,-81,34.0461159,-117.2015457,355.90,2.00,WIFI
C8:E3:06:2B:EA:27,,[OPEN],2025-3-25 21:41:43,6,-82,34.0461159,-117.2015457,355.90,2.00,WIFI
34:53:D2:B6:95:0E,SpectrumSetup-08,[WPA2_PSK],2025-3-25 21:41:43,6,-83,34.0461159,-117.2015457,355.90,2.00,WIFI
C8:E3:06:2B:EA:23,,[WPA3_PSK],2025-3-25 21:41:43,6,-83,34.0461159,-117.2015457,355.90,2.00,WIFI
C8:E3:06:2B:EA:25,Wild horse,[WPA2_PSK],2025-3-25 21:41:43,6,-83,34.0461159,-117.2015457,355.90,2.00,WIFI
28:EC:22:32:61:23,,[WPA3_PSK],2025-3-25 21:41:43,6,-84,34.0461159,-117.2015457,355.90,2.00,WIFI
28:EC:22:32:61:26,net,[WPA2_PSK],2025-3-25 21:41:43,6,-84,34.0461159,-117.2015457,355.90,2.00,WIFI
28:EC:22:32:61:29,,[OPEN],2025-3-25 21:41:43,6,-85,34.0461159,-117.2015457,355.90,2.00,WIFI
28:EC:22:32:61:2F,net Guest,[WPA2_PSK],2025-3-25 21:41:43,6,-85,34.0461159,-117.2015457,355.90,2.00,WIFI
C8:E3:06:28:83:85,Wild horse,[WPA2_PSK],2025-3-25 21:41:43,6,-87,34.0461159,-117.2015457,355.90,2.00,WIFI
C0:C9:E3:CB:71:4C,M3_OfficeLink,[WPA2_WPA3_PSK],2025-3-25 21:41:48,10,-84,34.0465088,-117.2018051,354.10,2.00,WIFI
92:C9:E3:CB:71:4F,DrMRedlandsBest,[WPA2_WPA3_PSK],2025-3-25 21:41:48,10,-85,34.0465088,-117.2018051,354.10,2.00,WIFI
DC:69:B5:37:EF:23,,[WPA3_PSK],2025-3-25 21:41:49,11,-67,34.0465508,-117.2018204,354.10,2.00,WIFI
60:F4:19:8B:6B:26,Logan Wifi,[WPA2_PSK],2025-3-25 21:41:49,11,-68,34.0465508,-117.2018204,354.10,2.00,WIFI
DC:69:B5:37:EF:26,DESPAIN,[WPA2_PSK],2025-3-25 21:41:49,11,-68,34.0465508,-117.2018204,354.10,2.00,WIFI
60:F4:19:8B:6B:29,,[OPEN],2025-3-25 21:41:49,11,-69,34.0465508,-117.2018204,354.10,2.00,WIFI
DC:69:B5:37:EF:29,,[OPEN],2025-3-25 21:41:49,11,-69,34.0465508,-117.2018204,354.10,2.00,WIFI
60:F4:19:8B:6B:23,,[WPA3_PSK],2025-3-25 21:41:49,11,-70,34.0465508,-117.2018204,354.10,2.00,WIFI
88:67:46:6F:6E:C3,,[WPA3_PSK],2025-3-25 21:41:49,11,-71,34.0465508,-117.2018204,354.10,2.00,WIFI
88:67:46:6F:6E:C6,Rp,[WPA2_PSK],2025-3-25 21:41:49,11,-73,34.0465508,-117.2018204,354.10,2.00,WIFI
9C:05:D6:62:FA:5A,ManagementVds,[WPA2_WPA3_PSK],2025-3-25 21:41:49,11,-74,34.0465508,-117.2018204,354.10,2.00,WIFI
34:53:D2:CC:E6:1F,SpectrumSetup-19,[WPA2_PSK],2025-3-25 21:41:49,11,-77,34.0465508,-117.2018204,354.10,2.00,WIFI
F0:81:75:08:78:E6,MySpectrumWiFie0-2G,[WPA2_PSK],2025-3-25 21:41:49,11,-78,34.0465508,-117.2018204,354.10,2.00,WIFI
F4:05:95:A1:59:9E,SpectrumSetup-98,[WPA2_PSK],2025-3-25 21:41:49,11,-80,34.0465508,-117.2018204,354.10,2.00,WIFI
08:7B:12:43:AF:E6,Frontier1383,[WPA2_PSK],2025-3-25 21:41:49,11,-86,34.0465508,-117.2018204,354.10,2.00,WIFI
D0:6D:C9:2D:C7:86,Fruit Farm,[WPA2_PSK],2025-3-25 21:41:49,1,-80,34.0465508,-117.2018204,354.10,2.00,WIFI
DC:92:72:E5:8D:AF,Frontier0087,[WPA2_PSK],2025-3-25 21:41:49,1,-81,34.0465508,-117.2018204,354.10,2.00,WIFI
40:47:5E:C6:10:86,Frontier Speedy,[WPA2_PSK],2025-3-25 21:41:58,6,-69,34.0468330,-117.2014313,355.00,2.00,WIFI
F8:5B:3B:37:B5:54,SpectrumSetup-56,[WPA2_PSK],2025-3-25 21:41:58,6,-79,34.0468330,-117.2014313,355.00,2.00,WIFI
A0:36:BC:75:07:58,Ramirez Router,[WPA2_PSK],2025-3-25 21:42:0,8,-80,34.0469170,-117.2011566,354.90,2.00,WIFI
B0:39:56:D5:15:7A,NETGEAR73,[WPA2_PSK],2025-3-25 21:42:0,8,-89,34.0469170,-117.2011566,354.90,2.00,WIFI
74:37:5F:DA:99:47,SpectrumSetup-45,[WPA2_PSK],2025-3-25 21:42:3,11,-69,34.0470886,-117.2006912,354.50,2.00,WIFI
94:83:C4:05:8A:C8,HSS,[WPA2_PSK],2025-3-25 21:42:3,11,-80,34.0470886,-117.2006912,354.50,2.00,WIFI
A0:55:1F:19:A6:8C,SpectrumSetup-A686,[WPA2_PSK],2025-3-25 21:42:3,11,-85,34.0470886,-117.2006912,354.50,2.00,WIFI
4C:19:5D:B4:8E:4D,SpectrumSetup-47,[WPA2_PSK],2025-3-25 21:42:3,11,-88,34.0470886,-117.2006912,354.50,2.00,WIFI
54:B7:BD:B8:7A:FF,Verizon_B3N96G,[WPA2_PSK],2025-3-25 21:42:5,1,-72,34.0472336,-117.2003708,353.90,2.00,WIFI
F4:52:46:BD:F3:A5,Hashslingingslasher,[WPA2_PSK],2025-3-25 21:42:5,1,-77,34.0472336,-117.2003708,353.90,2.00,WIFI
D0:6D:C9:39:94:06,Frontier1031,[WPA2_PSK],2025-3-25 21:42:5,1,-79,34.0472336,-117.2003708,353.90,2.00,WIFI
F0:7B:65:22:72:71,Auggameat,[WPA2_PSK],2025-3-25 21:42:5,1,-82,34.0472336,-117.2003708,353.90,2.00,WIFI
F0:7B:65:7F:96:6C,SpectrumSetup-9231,[WPA2_PSK],2025-3-25 21:42:5,1,-83,34.0472336,-117.2003708,353.90,2.00,WIFI
00:C8:96:D1:21:52,,[WPA_WPA2_PSK],2025-3-25 21:42:8,2,-84,34.0474701,-117.1999054,353.60,2.00,WIFI
F8:5B:3B:D7:73:9F,SpectrumSetup-A1,[WPA2_PSK],2025-3-25 21:42:12,6,-70,34.0477753,-117.1993408,354.10,2.00,WIFI
B0:19:21:E0:3E:23,Wifussy,[WPA2_PSK],2025-3-25 21:42:12,6,-73,34.0477753,-117.1993408,354.10,2.00,WIFI
D2:19:21:E0:3E:23,,[WPA2_PSK],2025-3-25 21:42:12,6,-73,34.0477753,-117.1993408,354.10,2.00,WIFI
34:53:D2:EF:A6:DE,JohnRambo,[WPA2_PSK],2025-3-25 21:42:12,6,-76,34.0477753,-117.1993408,354.10,2.00,WIFI
84:1E:A3:CB:20:46,MooMooMeadows,[WPA2_PSK],2025-3-25 21:42:12,6,-78,34.0477753,-117.1993408,354.10,2.00,WIFI
2C:EA:DC:95:FD:6B,SpectrumSetup-6D,[WPA2_PSK],2025-3-25 21:42:12,6,-81,34.0477753,-117.1993408,354.10,2.00,WIFI
48:D2:4F:FD:AB:5E,SpectrumSetup-58,[WPA2_PSK],2025-3-25 21:42:12,6,-81,34.0477753,-117.1993408,354.10,2.00,WIFI
7E:2E:BD:89:0B:18,leoffice-guest,[WPA2_PSK],2025-3-25 21:42:12,6,-83,34.0477753,-117.1993408,354.10,2.00,WIFI
80:78:71:C8:26:5D,SpectrumSetup-5F,[WPA2_PSK],2025-3-25 21:42:12,6,-87,34.0477753,-117.1993408,354.10,2.00,WIFI
34:68:95:FA:1E:1B,MyWifi,[WPA_WPA2_PSK],2025-3-25 21:42:13,7,-63,34.0478516,-117.1992187,354.30,2.00,WIFI
A0:89:66:8D:EF:B0,,[WPA_WPA2_PSK],2025-3-25 21:42:13,7,-75,34.0478516,-117.1992187,354.30,2.00,WIFI
CC:40:D0:7D:51:5F,IYBI,[WPA2_PSK],2025-3-25 21:42:15,9,-80,34.0479927,-117.1989594,354.40,1.75,WIFI
CE:40:D0:7D:51:58,IYBI-Guest,[WPA2_PSK],2025-3-25 21:42:15,9,-81,34.0479927,-117.1989594,354.40,1.75,WIFI
00:C8:96:CD:64:C2,,[WPA_WPA2_PSK],2025-3-25 21:42:15,9,-81,34.0479927,-117.1989594,354.40,1.75,WIFI
A4:11:62:CA:12:34,ARLO_VMB_2804592903,[WPA2_PSK],2025-3-25 21:42:15,9,-82,34.0479927,-117.1989594,354.40,1.75,WIFI
B6:A7:B9:4A:14:FD,Ziprick Guest,[WPA_WPA2_PSK],2025-3-25 21:42:15,9,-88,34.0479927,-117.1989594,354.40,1.75,WIFI
B0:A7:B9:4A:14:FC,Ziprick,[WPA_WPA2_PSK],2025-3-25 21:42:15,9,-91,34.0479927,-117.1989594,354.40,1.75,WIFI
90:CD:B6:A1:22:2D,WIFIA12229,[WPA2_PSK],2025-3-25 21:42:17,11,-64,34.0481224,-117.1987228,354.60,1.75,WIFI
A0:55:1F:9D:D9:00,SpectrumSetup-D8FA,[WPA2_PSK],2025-3-25 21:42:17,11,-78,34.0481224,-117.1987228,354.60,1.75,WIFI
88:DE:7C:C3:9C:71,SpectrumSetup-73,[WPA2_PSK],2025-3-25 21:42:20,1,-72,34.0482635,-117.1984711,355.30,1.75,WIFI
A0:7F:8A:5B:7E:10,SpectrumSetup-E8,[WPA2_PSK],2025-3-25 21:42:20,1,-75,34.0482635,-117.1984711,355.30,1.75,WIFI
BC:96:E5:87:97:FB,SpectrumSetup-97F7,[WPA2_PSK],2025-3-25 21:42:20,1,-77,34.0482635,-117.1984711,355.30,1.75,WIFI
F4:52:46:8C:88:BF,McCartneyNetwork,[WPA2_PSK],2025-3-25 21:42:20,1,-77,34.0482635,-117.1984711,355.30,1.75,WIFI
74:37:5F:26:BF:83,SpectrumSetup-81,[WPA2_PSK],2025-3-25 21:42:26,6,-52,34.0483131,-117.1983643,357.00,1.75,WIFI
84:1E:A3:29:25:06,SpectrumSetup-00,[WPA2_PSK],2025-3-25 21:42:26,6,-77,34.0483131,-117.1983643,357.00,1.75,WIFI
A0:8E:24:7D:72:A3,,[WPA3_PSK],2025-3-25 21:42:26,6,-77,34.0483131,-117.1983643,357.00,1.75,WIFI
CC:40:D0:05:83:4C,NETGEAR86,[WPA2_PSK],2025-3-25 21:42:29,9,-73,34.0483131,-117.1983643,357.20,1.75,WIFI
58:96:71:F3:F2:86,Virus Download,[WPA2_PSK],2025-3-25 21:42:31,11,-76,34.0483131,-117.1983643,357.30,1.75,WIFI
5E:96:71:F3:F2:86,Verizon_Rod_guest,[WPA2_PSK],2025-3-25 21:42:31,11,-77,34.0483131,-117.1983643,357.30,1.75,WIFI
F0:7B:65:BC:FB:11,Jacksonfam,[WPA2_PSK],2025-3-25 21:42:31,11,-82,34.0483131,-117.1983643,357.30,1.75,WIFI
20:9A:7D:1B:2B:B6,SpectrumSetup-B8,[WPA2_PSK],2025-3-25 21:42:31,11,-87,34.0483131,-117.1983643,357.30,1.75,WIFI
14:7D:05:69:83:F3,SpectrumSetup-F1,[WPA2_PSK],2025-3-25 21:42:31,11,-90,34.0483131,-117.1983643,357.30,1.75,WIFI
8C:85:80:66:4E:68,,[WPA_WPA2_PSK],2025-3-25 21:42:34,1,-71,34.0483398,-117.1983109,357.40,1.75,WIFI
F8:5B:3B:1D:C8:46,SpectrumSetup-48,[WPA2_PSK],2025-3-25 21:42:34,1,-86,34.0483398,-117.1983109,357.40,1.75,WIFI
F0:7B:65:66:CE:5F,SpectrumSetup-CF,[WPA2_PSK],2025-3-25 21:42:40,6,-70,34.0485840,-117.1978683,357.60,1.75,WIFI
58:9B:4A:A5:02:8B,SpectrumSetup-0287,[WPA2_PSK],2025-3-25 21:42:40,6,-75,34.0485840,-117.1978683,357.60,1.75,WIFI
A0:8E:24:7D:72:A5,Wilson Clinic,[WPA2_PSK],2025-3-25 21:42:40,6,-76,34.0485840,-117.1978683,357.60,1.75,WIFI
4A:A5:6E:45:A3:06,JonesFam,[WPA2_PSK],2025-3-25 21:42:42,8,-84,34.0487022,-117.1976395,358.00,1.75,WIFI
58:EF:68:A3:A0:53,sgt409sbsd,[WPA2_PSK],2025-3-25 21:42:42,8,-86,34.0487022,-117.1976395,358.00,1.75,WIFI
F4:52:46:DE:52:5E,Cowboys,[WPA2_PSK],2025-3-25 21:42:45,11,-72,34.0489082,-117.1972733,358.50,1.75,WIFI
7C:DB:98:8D:DF:19,MySpectrumWiFi1B-2G,[WPA2_PSK],2025-3-25 21:42:45,11,-72,34.0489082,-117.1972733,358.50,1.75,WIFI
BC:96:E5:39:1B:98,Moraleswifi,[WPA2_PSK],2025-3-25 21:42:45,11,-72,34.0489082,-117.1972733,358.50,1.75,WIFI
F4:52:46:D9:43:35,SpectrumSetup-4338,[WPA2_PSK],2025-3-25 21:42:45,11,-77,34.0489082,-117.1972733,358.50,1.75,WIFI
60:F4:19:40:04:43,,[WPA3_PSK],2025-3-25 21:42:45,11,-79,34.0489082,-117.1972733,358.50,1.75,WIFI
F4:05:95:9F:11:1C,Fie-15g,[WPA2_PSK],2025-3-25 21:42:45,11,-81,34.0489082,-117.1972733,358.50,1.75,WIFI
84:70:D7:F7:34:C4,,[WPA3_PSK],2025-3-25 21:42:45,11,-82,34.0489082,-117.1972733,358.50,1.75,WIFI
84:70:D7:F7:34:CA,,[OPEN],2025-3-25 21:42:45,11,-82,34.0489082,-117.1972733,358.50,1.75,WIFI
84:70:D7:F7:34:C7,Jolo#2020,[WPA2_PSK],2025-3-25 21:42:45,11,-82,34.0489082,-117.1972733,358.50,1.75,WIFI
DC:EF:09:EB:9B:B8,ATT7YYC53e_EXT,[WPA2_PSK],2025-3-25 21:42:45,11,-84,34.0489082,-117.1972733,358.50,1.75,WIFI
AC:91:9B:F5:01:32,Verizon_H4T9NC,[WPA2_PSK],2025-3-25 21:42:45,11,-85,34.0489082,-117.1972733,358.50,1.75,WIFI
5C:18:DD:EB:5E:04,,[WPA_WPA2_PSK],2025-3-25 21:42:45,11,-90,34.0489082,-117.1972733,358.50,1.75,WIFI
D2:6D:C9:39:7E:07,The 10 Barber Shop Guest,[WPA2_PSK],2025-3-25 21:42:45,11,-91,34.0489082,-117.1972733,358.50,1.75,WIFI
88:DE:7C:32:E4:F9,SpectrumSetup-FB,[WPA2_PSK],2025-3-25 21:42:49,1,-59,34.0492172,-117.1967010,359.60,1.75,WIFI
F0:7B:65:95:34:0E,A_J,[WPA2_PSK],2025-3-25 21:42:49,1,-60,34.0492172,-117.1967010,359.60,1.75,WIFI
14:7D:05:4E:07:C3,SpectrumSetup-C1,[WPA2_PSK],2025-3-25 21:42:49,1,-69,34.0492172,-117.1967010,359.60,1.75,WIFI
C8:B4:22:58:B4:15,MySpectrumWiFi17-2G,[WPA2_PSK],2025-3-25 21:42:49,1,-69,34.0492172,-117.1967010,359.60,1.75,WIFI
F8:08:4F:D6:10:4E,SpectrumSetup-48,[WPA2_PSK],2025-3-25 21:42:49,1,-70,34.0492172,-117.1967010,359.60,1.75,WIFI
A4:97:33:5F:C4:45,SpectrumSetup-47,[WPA2_PSK],2025-3-25 21:42:49,1,-75,34.0492172,-117.1967010,359.60,1.75,WIFI
F4:69:42:4E:AE:2D,rebeccaswifi,[WPA2_PSK],2025-3-25 21:42:49,1,-76,34.0492172,-117.1967010,359.60,1.75,WIFI
A6:97:5C:B2:9E:55,VTECH_5754_9e55,[WPA2_PSK],2025-3-25 21:42:49,1,-76,34.0492172,-117.1967010,359.60,1.75,WIFI
2C:58:4F:1F:5D:28,Frontier9712,[WPA2_PSK],2025-3-25 21:42:49,1,-84,34.0492172,-117.1967010,359.60,1.75,WIFI
1A:93:7F:AA:CA:C4,SunPower50275,[WPA2_PSK],2025-3-25 21:42:49,1,-88,34.0492172,-117.1967010,359.60,1.75,WIFI
54:AF:97:06:42:EF,TP-Link_42F0,[WPA2_PSK],2025-3-25 21:42:53,4,-68,34.0495529,-117.1960983,360.40,1.75,WIFI
D2:AF:97:06:42:E1,,[WPA2_PSK],2025-3-25 21:42:53,4,-72,34.0495529,-117.1960983,360.40,1.75,WIFI
30:23:03:17:72:8B,Wy Mifi,[WPA2_PSK],2025-3-25 21:42:53,4,-78,34.0495529,-117.1960983,360.40,1.75,WIFI
A8:9A:93:BE:54:7E,Arias,[WPA2_PSK],2025-3-25 21:42:53,4,-91,34.0495529,-117.1960983,360.40,1.75,WIFI
B0:BB:E5:31:B9:56,SpectrumSetup-50,[WPA2_PSK],2025-3-25 21:42:55,6,-61,34.0497208,-117.1957932,360.70,1.75,WIFI
F0:7B:65:EF:A4:DA,SpectrumSetup-A4D4,[WPA2_PSK],2025-3-25 21:42:55,6,-66,34.0497208,-117.1957932,360.70,1.75,WIFI
58:9B:4A:AF:C4:7D,Casa_Romero,[WPA2_PSK],2025-3-25 21:42:55,6,-67,34.0497208,-117.1957932,360.70,1.75,WIFI
F0:7B:65:F1:42:D2,SpectrumSetup-42CC,[WPA2_PSK],2025-3-25 21:42:55,6,-68,34.0497208,-117.1957932,360.70,1.75,WIFI
80:78:71:49:B3:CD,SpectrumSetup-CF,[WPA2_PSK],2025-3-25 21:42:55,6,-69,34.0497208,-117.1957932,360.70,1.75,WIFI
4C:19:5D:84:13:B0,SpectrumSetup-AA,[WPA2_PSK],2025-3-25 21:42:55,6,-74,34.0497208,-117.1957932,360.70,1.75,WIFI
34:53:D2:E5:FB:CC,SpectrumSetup-C6,[WPA2_PSK],2025-3-25 21:42:55,6,-76,34.0497208,-117.1957932,360.70,1.75,WIFI
84:1E:A3:21:A0:B6,SpectrumSetup-B0,[WPA2_PSK],2025-3-25 21:42:55,6,-76,34.0497208,-117.1957932,360.70,1.75,WIFI
84:1E:A3:2E:B2:C6,SpectrumSetup-C0,[WPA2_PSK],2025-3-25 21:42:55,6,-82,34.0497208,-117.1957932,360.70,1.75,WIFI
CE:9E:43:B6:62:DD,ORBI86,[WPA2_PSK],2025-3-25 21:42:57,8,-76,34.0498810,-117.1955109,360.60,1.75,WIFI
C8:9E:43:B5:E1:3A,ORBI86,[WPA2_PSK],2025-3-25 21:42:57,8,-77,34.0498810,-117.1955109,360.60,1.75,WIFI
F0:A7:31:67:75:5B,wanna get pizza?,[WPA2_PSK],2025-3-25 21:42:58,9,-82,34.0499611,-117.1953659,360.40,1.75,WIFI
F2:A7:31:27:75:5B,,[WPA2_PSK],2025-3-25 21:42:58,9,-85,34.0499611,-117.1953659,360.40,1.75,WIFI
72:CC:9C:3E:C9:B7,Oktoberfest-Guest,[WPA2_PSK],2025-3-25 21:42:59,10,-56,34.0500412,-117.1952209,360.20,1.75,WIFI
80:CC:9C:3E:C9:B6,Oktoberfest,[WPA2_PSK],2025-3-25 21:42:59,10,-58,34.0500412,-117.1952209,360.20,1.75,WIFI
D6:E2:2F:09:45:13,,[WPA2_PSK],2025-3-25 21:42:59,10,-75,34.0500412,-117.1952209,360.20,1.75,WIFI
60:32:B1:F8:EC:BE,BeerFest,[WPA2_PSK],2025-3-25 21:42:59,10,-81,34.0500412,-117.1952209,360.20,1.75,WIFI
54:B8:0A:37:1A:1E,DeathStar,[WPA_WPA2_PSK],2025-3-25 21:43:0,11,-76,34.0501213,-117.1950836,360.20,1.75,WIFI
F4:52:46:95:4D:C4,BelizeanQueen23,[WPA2_PSK],2025-3-25 21:43:2,1,-72,34.0502853,-117.1947784,360.30,1.75,WIFI
B0:FC:88:73:C6:CA,SpectrumSetup-C4,[WPA2_PSK],2025-3-25 21:43:2,1,-75,34.0502853,-117.1947784,360.30,1.75,WIFI
4C:19:5D:49:A8:14,Jakes Wifi,[WPA2_PSK],2025-3-25 21:43:2,1,-76,34.0502853,-117.1947784,360.30,1.75,WIFI
F4:69:42:59:D4:47,SpectrumSetup-49,[WPA2_PSK],2025-3-25 21:43:2,1,-80,34.0502853,-117.1947784,360.30,1.75,WIFI
30:93:BC:7D:B9:9E,Blue2,[WPA2_PSK],2025-3-25 21:43:2,1,-81,34.0502853,-117.1947784,360.30,1.75,WIFI
4C:AB:F8:59:18:95,SpectrumSetup-97,[WPA2_PSK],2025-3-25 21:43:2,1,-81,34.0502853,-117.1947784,360.30,1.75,WIFI
F0:7B:65:E6:6F:6F,BigDogsBirdNest,[WPA2_PSK],2025-3-25 21:43:2,1,-82,34.0502853,-117.1947784,360.30,1.75,WIFI
1A:48:CA:1C:86:21,DIRECT-pY-Car_4329,[WPA2_PSK],2025-3-25 21:43:7,4,-76,34.0507202,-117.1939926,360.30,1.75,WIFI
5C:FA:25:BA:CA:2F,Prettylynn,[WPA2_PSK],2025-3-25 21:43:9,6,-60,34.0508919,-117.1936722,360.70,1.75,WIFI
4C:AB:F8:6D:AA:D0,SpectrumSetup-D2,[WPA2_PSK],2025-3-25 21:43:9,6,-66,34.0508919,-117.1936722,360.70,1.75,WIFI
4C:AB:F8:45:E8:F1,PalmTree.Wifi,[WPA2_PSK],2025-3-25 21:43:9,6,-68,34.0508919,-117.1936722,360.70,1.75,WIFI
12:59:32:65:01:2D,,[WPA2_PSK],2025-3-25 21:43:9,6,-69,34.0508919,-117.1936722,360.70,1.75,WIFI
50:09:59:C5:D2:B2,resortstyleliving,[WPA2_PSK],2025-3-25 21:43:9,6,-71,34.0508919,-117.1936722,360.70,1.75,WIFI
E8:D3:EB:DD:D4:06,Idontknow,[WPA2_PSK],2025-3-25 21:43:9,6,-77,34.0508919,-117.1936722,360.70,1.75,WIFI
2C:67:BE:02:1E:D4,CasaOlvera31,[WPA2_PSK],2025-3-25 21:43:9,6,-78,34.0508919,-117.1936722,360.70,1.75,WIFI
F4:52:46:F7:EB:3B,The Wi-fi,[WPA2_PSK],2025-3-25 21:43:9,6,-78,34.0508919,-117.1936722,360.70,1.75,WIFI
90:D3:CF:17:56:F1,This Is Berk,[WPA2_PSK],2025-3-25 21:43:9,6,-78,34.0508919,-117.1936722,360.70,1.75,WIFI
F4:05:95:D0:FF:80,SpectrumSetup-7A,[WPA2_PSK],2025-3-25 21:43:9,6,-78,34.0508919,-117.1936722,360.70,1.75,WIFI
CE:9E:43:A2:68:FE,chartique,[WPA2_PSK],2025-3-25 21:43:12,9,-64,34.0511360,-117.1932144,361.10,1.75,WIFI
BC:A5:11:F9:04:30,NETGEAR76,[WPA2_PSK],2025-3-25 21:43:12,9,-86,34.0511360,-117.1932144,361.10,1.75,WIFI
C8:B4:22:D0:81:15,SpectrumSetup-17,[WPA2_PSK],2025-3-25 21:43:14,11,-64,34.0512924,-117.1929245,362.00,1.75,WIFI
A8:97:CD:D7:85:28,Frontier1664,[WPA2_PSK],2025-3-25 21:43:14,11,-74,34.0512924,-117.1929245,362.00,1.75,WIFI
54:47:CC:E8:11:56,Frontier2179,[WPA2_PSK],2025-3-25 21:43:14,11,-83,34.0512924,-117.1929245,362.00,1.75,WIFI
E8:D2:FF:B2:FC:66,SpectrumSetup-60,[WPA2_PSK],2025-3-25 21:43:14,11,-84,34.0512924,-117.1929245,362.00,1.75,WIFI
60:D5:61:13:FD:74,,[WPA2_PSK],2025-3-25 21:43:16,13,-91,34.0514488,-117.1926498,363.00,1.75,WIFI
74:37:5F:70:63:2B,SpectrumSetup-29,[WPA2_PSK],2025-3-25 21:43:17,1,-65,34.0515289,-117.1925049,363.00,1.75,WIFI
2A:97:CD:74:82:23,lazorfamily,[WPA2_PSK],2025-3-25 21:43:17,1,-74,34.0515289,-117.1925049,363.00,1.75,WIFI
A0:7F:8A:32:B0:5C,Daviddarkhold1,[WPA2_PSK],2025-3-25 21:43:17,1,-78,34.0515289,-117.1925049,363.00,1.75,WIFI
26:5A:4C:95:DC:55,Elite_Guest,[WPA2_WPA3_PSK],2025-3-25 21:43:17,1,-86,34.0515289,-117.1925049,363.00,1.75,WIFI
24:94:CB:7C:92:B8,Frontier8608,[WPA2_PSK],2025-3-25 21:43:17,1,-88,34.0515289,-117.1925049,363.00,1.75,WIFI
34:98:B5:C1:D5:8C,NETGEAR37,[WPA2_PSK],2025-3-25 21:43:20,2,-71,34.0517616,-117.1920853,365.00,1.75,WIFI
D4:5D:64:9D:C3:B0,ASUS_B0,[OPEN],2025-3-25 21:43:24,6,-66,34.0520477,-117.1915512,366.70,1.75,WIFI
74:93:DA:57:8F:D5,SpectrumSetup-D7,[WPA2_PSK],2025-3-25 21:43:24,6,-74,34.0520477,-117.1915512,366.70,1.75,WIFI
0C:7B:C8:A8:B6:45,AK Smiley Private,[WPA2_PSK],2025-3-25 21:43:24,6,-76,34.0520477,-117.1915512,366.70,1.75,WIFI
88:DE:7C:C6:AD:59,SpectrumSetup-5B,[WPA2_PSK],2025-3-25 21:43:24,6,-81,34.0520477,-117.1915512,366.70,1.75,WIFI
72:CD:D6:C2:38:21,PSD,[WPA2_PSK],2025-3-25 21:43:24,6,-86,34.0520477,-117.1915512,366.70,1.75,WIFI
3C:37:86:4B:1F:7E,NETGEAR62,[WPA2_PSK],2025-3-25 21:43:26,8,-88,34.0521927,-117.1912994,367.50,1.75,WIFI
34:98:B5:69:E6:98,SHWING Network,[WPA2_PSK],2025-3-25 21:43:28,10,-81,34.0523415,-117.1910248,368.10,1.75,WIFI
72:98:B5:69:E6:99,SHWING Network-Guest,[WPA2_PSK],2025-3-25 21:43:28,10,-84,34.0523415,-117.1910248,368.10,1.75,WIFI
4C:19:5D:8D:C9:60,SpectrumSetup-5A,[WPA2_PSK],2025-3-25 21:43:29,11,-73,34.0524178,-117.1908875,368.40,1.75,WIFI
38:E1:F4:95:F4:76,AyalaWiFi,[WPA2_WPA3_PSK],2025-3-25 21:43:29,11,-75,34.0524178,-117.1908875,368.40,1.75,WIFI
28:EC:22:9B:C4:03,,[WPA3_PSK],2025-3-25 21:43:29,11,-78,34.0524178,-117.1908875,368.40,1.75,WIFI
28:EC:22:9B:C4:09,,[OPEN],2025-3-25 21:43:29,11,-78,34.0524178,-117.1908875,368.40,1.75,WIFI
28:EC:22:9B:C4:06,qhmwifi,[WPA2_PSK],2025-3-25 21:43:29,11,-78,34.0524178,-117.1908875,368.40,1.75,WIFI
28:EC:22:9B:C4:0F,qhmwifi Guest,[WPA2_PSK],2025-3-25 21:43:29,11,-78,34.0524178,-117.1908875,368.40,1.75,WIFI
B0:19:21:23:ED:4E,FiOS-R5L06_EXT,[WPA2_PSK],2025-3-25 21:43:29,11,-79,34.0524178,-117.1908875,368.40,1.75,WIFI
54:AF:97:05:DD:22,QHMWIFI-7-Randy's Office 2.4GHz,[WPA2_PSK],2025-3-25 21:43:29,11,-79,34.0524178,-117.1908875,368.40,1.75,WIFI
3C:37:86:D7:DC:2D,FiOS-R5L06_2GEXT,[WPA_WPA2_PSK],2025-3-25 21:43:29,11,-79,34.0524178,-117.1908875,368.40,1.75,WIFI
4E:BC:E9:D6:BE:85,AT_401_RAC_056905_WW_be85,[WPA2_PSK],2025-3-25 21:43:29,11,-80,34.0524178,-117.1908875,368.40,1.75,WIFI
AA:3B:76:03:0B:49,DIRECT-49-HP M283 LaserJet,[WPA2_PSK],2025-3-25 21:43:29,11,-82,34.0524178,-117.1908875,368.40,1.75,WIFI
D8:33:B7:D8:BC:51,Frontier0790,[WPA2_PSK],2025-3-25 21:43:32,1,-74,34.0526543,-117.1904449,369.20,1.75,WIFI
DA:33:B7:D8:BC:52,Guest0790,[WPA2_PSK],2025-3-25 21:43:32,1,-75,34.0526543,-117.1904449,369.20,1.75,WIFI
00:C8:96:2B:D3:5C,,[WPA_WPA2_PSK],2025-3-25 21:43:32,1,-75,34.0526543,-117.1904449,369.20,1.75,WIFI
74:37:5F:8E:DD:B7,SpectrumSetup-B5,[WPA2_PSK],2025-3-25 21:43:32,1,-75,34.0526543,-117.1904449,369.20,1.75,WIFI
44:AC:85:2F:56:69,,[OPEN],2025-3-25 21:43:32,1,-76,34.0526543,-117.1904449,369.20,1.75,WIFI
5C:FA:25:E0:FC:0D,SpectrumSetup-07,[WPA2_PSK],2025-3-25 21:43:32,1,-77,34.0526543,-117.1904449,369.20,1.75,WIFI
00:C8:96:C3:D5:D8,,[WPA_WPA2_PSK],2025-3-25 21:43:32,1,-80,34.0526543,-117.1904449,369.20,1.75,WIFI
FC:EC:DA:BD:F5:A2,B&BGuest,[WPA2_PSK],2025-3-25 21:43:32,1,-80,34.0526543,-117.1904449,369.20,1.75,WIFI
06:EC:DA:BD:F5:A2,,[WPA2_PSK],2025-3-25 21:43:32,1,-80,34.0526543,-117.1904449,369.20,1.75,WIFI
F0:81:75:F7:3C:86,Beachlover,[WPA2_PSK],2025-3-25 21:43:32,1,-82,34.0526543,-117.1904449,369.20,1.75,WIFI
84:1E:A3:D1:37:36,SpectrumSetup-30,[WPA2_PSK],2025-3-25 21:43:32,1,-82,34.0526543,-117.1904449,369.20,1.75,WIFI
DC:69:B5:4B:DE:23,,[WPA3_PSK],2025-3-25 21:43:32,1,-82,34.0526543,-117.1904449,369.20,1.75,WIFI
DC:69:B5:4B:DE:29,,[OPEN],2025-3-25 21:43:32,1,-83,34.0526543,-117.1904449,369.20,1.75,WIFI
DC:69:B5:4B:DE:26,Brookside Babe,[WPA2_PSK],2025-3-25 21:43:32,1,-84,34.0526543,-117.1904449,369.20,1.75,WIFI
72:CD:D6:EB:F5:AF,,[WPA2_PSK],2025-3-25 21:43:35,3,-89,34.0529022,-117.1900024,369.40,1.75,WIFI
2C:EA:DC:22:6D:D5,Samantha,[WPA2_PSK],2025-3-25 21:43:38,6,-66,34.0531616,-117.1895447,370.40,1.75,WIFI
A4:97:33:D1:36:3D,SpectrumSetup-3F,[WPA2_PSK],2025-3-25 21:43:38,6,-72,34.0531616,-117.1895447,370.40,1.75,WIFI
00:18:E7:F7:18:CB,dlink,[WPA_WPA2_PSK],2025-3-25 21:43:38,6,-78,34.0531616,-117.1895447,370.40,1.75,WIFI
9C:3D:CF:6F:28:C0,ARLO_VMB_1742320153,[WPA2_PSK],2025-3-25 21:43:38,6,-80,34.0531616,-117.1895447,370.40,1.75,WIFI
82:83:C2:8D:91:80,RSDAC_MR,[WPA2_PSK],2025-3-25 21:43:38,6,-84,34.0531616,-117.1895447,370.40,1.75,WIFI
86:83:C2:8D:91:80,,[WPA2_PSK],2025-3-25 21:43:38,6,-85,34.0531616,-117.1895447,370.40,1.75,WIFI
AC:E2:D3:C6:E4:1D,DIRECT-1A-HP OfficeJet Pro 8720,[WPA2_PSK],2025-3-25 21:43:38,6,-86,34.0531616,-117.1895447,370.40,1.75,WIFI
46:ED:00:12:09:3E,Renaissance MD Guest,[WPA2_WPA3_PSK],2025-3-25 21:43:38,6,-86,34.0531616,-117.1895447,370.40,1.75,WIFI
08:33:ED:FA:5D:C1,DG1670AF2,[WPA2_PSK],2025-3-25 21:43:38,6,-86,34.0531616,-117.1895447,370.40,1.75,WIFI
40:ED:00:12:09:3E,Renaissance MD,[WPA2_WPA3_PSK],2025-3-25 21:43:38,6,-90,34.0531616,-117.1895447,370.40,1.75,WIFI
F0:81:75:FB:2E:F6,SpectrumSetup-F0,[WPA2_PSK],2025-3-25 21:43:38,6,-90,34.0531616,-117.1895447,370.40,1.75,WIFI
8C:85:80:C7:1B:E6,,[WPA_WPA2_PSK],2025-3-25 21:43:38,6,-90,34.0531616,-117.1895447,370.40,1.75,WIFI
9E:C9:EB:EF:D7:82,RFD-PRIVATE-5,[WPA2_PSK],2025-3-25 21:43:39,7,-79,34.0532494,-117.1893845,370.70,1.75,WIFI
A6:C9:EB:F6:BD:67,,[WPA2_PSK],2025-3-25 21:43:41,8,-73,34.0534172,-117.1890793,371.00,1.75,WIFI
48:8F:5A:4D:8B:97,wellhausen,[WPA_WPA2_PSK],2025-3-25 21:43:41,8,-81,34.0534172,-117.1890793,371.00,1.75,WIFI
34:98:B5:A7:F1:2B,,[WPA2_PSK],2025-3-25 21:43:41,8,-88,34.0534172,-117.1890793,371.00,1.75,WIFI
9C:C9:EB:EF:D8:86,MILLING,[WPA2_PSK],2025-3-25 21:43:43,10,-70,34.0535889,-117.1887665,371.70,1.75,WIFI
9E:C9:EB:EF:D8:87,RFD-Guest,[WPA2_PSK],2025-3-25 21:43:43,10,-72,34.0535889,-117.1887665,371.70,1.75,WIFI
9E:C9:EB:EF:D8:80,RFD-PRIVATE-5,[WPA2_PSK],2025-3-25 21:43:43,10,-72,34.0535889,-117.1887665,371.70,1.75,WIFI
DA:40:D0:5F:E7:94,ClonchTJDDSGuest,[WPA2_PSK],2025-3-25 21:43:44,11,-72,34.0536728,-117.1886139,371.80,1.75,WIFI
D2:40:D0:5F:E7:94,ClonchTJDDS,[WPA2_PSK],2025-3-25 21:43:44,11,-74,34.0536728,-117.1886139,371.80,1.75,WIFI
D6:40:D0:5F:E7:94,,[WPA2_PSK],2025-3-25 21:43:44,11,-74,34.0536728,-117.1886139,371.80,1.75,WIFI
4C:AB:F8:B7:95:A2,COB WIFI,[WPA2_PSK],2025-3-25 21:43:44,11,-75,34.0536728,-117.1886139,371.80,1.75,WIFI
10:DA:43:3C:4C:6C,ngHub_31946ANK016A2,[WPA2_PSK],2025-3-25 21:43:44,11,-83,34.0536728,-117.1886139,371.80,1.75,WIFI
38:63:BB:CF:3D:2D,DIRECT-2C-HP ENVY 7640 series,[WPA2_PSK],2025-3-25 21:43:44,11,-87,34.0536728,-117.1886139,371.80,1.75,WIFI
48:F8:B3:03:E4:38,smile,[WEP],2025-3-25 21:43:44,11,-88,34.0536728,-117.1886139,371.80,1.75,WIFI
AA:6B:AD:78:ED:9C,HP-Setup>9c-M277 LaserJet,[OPEN],2025-3-25 21:43:44,11,-88,34.0536728,-117.1886139,371.80,1.75,WIFI
80:2A:A8:B7:2D:E7,OTD,[WPA2_PSK],2025-3-25 21:43:47,1,-64,34.0539284,-117.1881638,372.30,1.75,WIFI
82:2A:A8:B7:2D:E7,,[WPA2_PSK],2025-3-25 21:43:47,1,-70,34.0539284,-117.1881638,372.30,1.75,WIFI
98:1E:19:3C:0D:96,OTD,[WPA2_PSK],2025-3-25 21:43:47,1,-71,34.0539284,-117.1881638,372.30,1.75,WIFI
76:58:F3:BB:EC:1A,,[WPA2_PSK],2025-3-25 21:43:47,1,-72,34.0539284,-117.1881638,372.30,1.75,WIFI
7A:45:58:BF:E8:C0,UINET,[WPA2_WPA3_PSK],2025-3-25 21:43:47,1,-79,34.0539284,-117.1881638,372.30,1.75,WIFI
7A:45:58:AF:E8:C0,NETGEAR88-5G-2,[WPA2_PSK],2025-3-25 21:43:47,1,-80,34.0539284,-117.1881638,372.30,1.75,WIFI
7A:45:58:CF:E8:C0,,[WPA2_PSK],2025-3-25 21:43:47,1,-81,34.0539284,-117.1881638,372.30,1.75,WIFI
A8:97:CD:A4:00:28,Frontier5280,[WPA2_PSK],2025-3-25 21:43:47,1,-88,34.0539284,-117.1881638,372.30,1.75,WIFI
16:0C:6B:35:31:E2,Schaepper Psychiatry,[WPA2_PSK],2025-3-25 21:43:51,4,-59,34.0542564,-117.1875687,373.10,1.75,WIFI
10:0C:6B:35:31:E2,,[WPA2_PSK],2025-3-25 21:43:51,4,-62,34.0542564,-117.1875687,373.10,1.75,WIFI
10:0C:6B:31:D4:20,Schaepper Psychiatry,[WPA2_PSK],2025-3-25 21:43:51,4,-78,34.0542564,-117.1875687,373.10,1.75,WIFI
1E:EB:B6:2C:1B:0E,,[WPA2_PSK],2025-3-25 21:43:51,4,-88,34.0542564,-117.1875687,373.10,1.75,WIFI
B6:B5:B6:35:48:E9,DIRECT-e9-HP M203 LaserJet,[WPA2_PSK],2025-3-25 21:43:53,6,-70,34.0544167,-117.1872711,373.50,1.75,WIFI
20:23:51:6E:44:F8,NEB Office,[WPA2_PSK],2025-3-25 21:43:53,6,-71,34.0544167,-117.1872711,373.50,1.75,WIFI
B6:B5:B6:35:46:23,DIRECT-23-HP M203 LaserJet,[WPA2_PSK],2025-3-25 21:43:53,6,-72,34.0544167,-117.1872711,373.50,1.75,WIFI
2A:23:51:6E:44:F8,,[WPA2_PSK],2025-3-25 21:43:53,6,-73,34.0544167,-117.1872711,373.50,1.75,WIFI
4C:19:5D:4F:01:6A,SpectrumSetup-64,[WPA2_PSK],2025-3-25 21:43:53,6,-75,34.0544167,-117.1872711,373.50,1.75,WIFI
08:33:ED:BE:FC:FD,Iseewhatyouredoing,[WPA2_PSK],2025-3-25 21:43:53,6,-77,34.0544167,-117.1872711,373.50,1.75,WIFI
26:23:51:6E:44:F8,NEB Office_Guest,[WPA2_PSK],2025-3-25 21:43:53,6,-79,34.0544167,-117.1872711,373.50,1.75,WIFI
9E:30:5B:2A:CC:53,DIRECT-53-HP M102 LaserJet,[WPA2_PSK],2025-3-25 21:43:53,6,-80,34.0544167,-117.1872711,373.50,1.75,WIFI
9E:30:5B:2A:CC:58,DIRECT-58-HP M102 LaserJet,[WPA2_PSK],2025-3-25 21:43:53,6,-80,34.0544167,-117.1872711,373.50,1.75,WIFI
9E:30:5B:2A:B8:E3,DIRECT-e3-HP M102 LaserJet,[WPA2_PSK],2025-3-25 21:43:53,6,-86,34.0544167,-117.1872711,373.50,1.75,WIFI
B6:B5:B6:35:E4:6B,DIRECT-6b-HP M203 LaserJet,[WPA2_PSK],2025-3-25 21:43:53,6,-87,34.0544167,-117.1872711,373.50,1.75,WIFI
3C:37:86:8C:F9:B8,CortnerNew,[WPA2_PSK],2025-3-25 21:43:57,10,-80,34.0547218,-117.1867142,374.60,1.75,WIFI
3E:37:86:79:A1:09,Cortner-Guest,[WPA2_PSK],2025-3-25 21:43:57,10,-81,34.0547218,-117.1867142,374.60,1.75,WIFI
22:F9:04:57:B0:3F,Sonja Lee Goodwin’s iPhone,[WPA2_PSK],2025-3-25 21:43:58,11,-81,34.0547867,-117.1865845,374.50,1.75,WIFI
BC:EE:7B:C4:93:10,ASUS,[WPA2_PSK],2025-3-25 21:43:58,11,-83,34.0547867,-117.1865845,374.50,1.75,WIFI
94:3C:96:FA:9B:36,Frontier1358,[WPA2_PSK],2025-3-25 21:43:58,11,-84,34.0547867,-117.1865845,374.50,1.75,WIFI
DC:4B:A1:E0:2E:71,The Daniels,[WPA2_PSK],2025-3-25 21:43:58,11,-86,34.0547867,-117.1865845,374.50,1.75,WIFI
C4:EB:39:7B:4C:21,Frontier2528,[WPA2_PSK],2025-3-25 21:44:0,1,-71,34.0549049,-117.1863556,374.10,1.75,WIFI
A4:2B:8C:84:82:09,NETGEAR_EXT,[OPEN],2025-3-25 21:44:0,1,-79,34.0549049,-117.1863556,374.10,1.75,WIFI
08:D5:9D:00:D7:A6,MySpectrumWiFia0-2G,[WPA2_PSK],2025-3-25 21:44:0,1,-79,34.0549049,-117.1863556,374.10,1.75,WIFI
12:B1:DF:B8:69:80,DIRECT-80-HP M227f LaserJet,[WPA2_PSK],2025-3-25 21:44:0,1,-88,34.0549049,-117.1863556,374.10,1.75,WIFI
84:1E:A3:CE:A4:CE,SpectrumSetup-C8,[WPA2_PSK],2025-3-25 21:44:0,1,-91,34.0549049,-117.1863556,374.10,1.75,WIFI
F4:52:46:ED:90:03,SpectrumSetup-05,[WPA2_PSK],2025-3-25 21:44:7,6,-74,34.0551109,-117.1859131,372.70,1.75,WIFI
64:C2:69:D7:C1:63,,[WPA3_PSK],2025-3-25 21:44:7,6,-80,34.0551109,-117.1859131,372.70,1.75,WIFI
64:C2:69:D7:C1:67,,[OPEN],2025-3-25 21:44:7,6,-80,34.0551109,-117.1859131,372.70,1.75,WIFI
D4:76:A0:1A:EF:F9,Cortner_TLAN,[WPA2_PSK],2025-3-25 21:44:7,6,-86,34.0551109,-117.1859131,372.70,1.75,WIFI
4C:19:5D:58:A3:34,Redlands Carriage House,[WPA2_PSK],2025-3-25 21:44:7,6,-86,34.0551109,-117.1859131,372.70,1.75,WIFI
5A:E4:03:A1:60:BD,myChevrolet 60bd,[WPA2_PSK],2025-3-25 21:44:7,6,-87,34.0551109,-117.1859131,372.70,1.75,WIFI
04:A1:51:55:D8:95,ngHub_319441NC021FB,[WPA2_PSK],2025-3-25 21:44:12,11,-86,34.0551338,-117.1858826,372.30,1.75,WIFI
D4:76:A0:1A:E7:B8,Cortner_GLAN,[WPA2_PSK],2025-3-25 21:44:14,1,-81,34.0551338,-117.1858826,372.30,1.75,WIFI
4C:AB:F8:A0:2B:1D,Babymamatrap,[WPA2_PSK],2025-3-25 21:44:14,1,-82,34.0551338,-117.1858826,372.30,1.75,WIFI
AC:E2:D3:C1:D9:AA,DIRECT-A5-HP OfficeJet Pro 8710,[WPA2_PSK],2025-3-25 21:44:14,1,-87,34.0551338,-117.1858826,372.30,1.75,WIFI
2C:58:4F:5A:9F:A8,Frontier3360,[WPA2_PSK],2025-3-25 21:44:14,1,-90,34.0551338,-117.1858826,372.30,1.75,WIFI
D4:76:A0:1A:E7:B9,Cortner_TLAN,[WPA2_PSK],2025-3-25 21:44:28,1,-87,34.0551376,-117.1858826,372.30,1.75,WIFI
CA:2C:4F:AD:C4:08,HiSmart-01-ca2c4fadc408,[OPEN],2025-3-25 21:44:32,3,-90,34.0551376,-117.1858826,372.30,1.75,WIFI
00:14:3E:1F:F9:C0,GMREPCR,[WPA2_PSK],2025-3-25 21:44:35,6,-84,34.0551376,-117.1858826,372.20,1.75,WIFI
6E:D7:9A:71:81:6C,Pure Gold WiFi,[WPA2_PSK],2025-3-25 21:44:35,6,-89,34.0551376,-117.1858826,372.20,1.75,WIFI
74:93:DA:57:4B:31,SpectrumSetup-33,[WPA2_PSK],2025-3-25 21:44:35,6,-90,34.0551376,-117.1858826,372.20,1.75,WIFI
48:00:33:8A:B1:4D,TC8717T47,[WPA2_PSK],2025-3-25 21:44:40,11,-87,34.0551414,-117.1858826,372.20,1.75,WIFI
4C:19:5D:95:AC:27,SpectrumSetup-21,[WPA2_PSK],2025-3-25 21:44:40,11,-89,34.0551414,-117.1858826,372.20,1.75,WIFI
D8:33:B7:D7:EA:61,Frontier2528,[WPA2_PSK],2025-3-25 21:44:42,1,-80,34.0551414,-117.1858826,372.20,1.75,WIFI
A6:46:9D:1D:EF:06,,[WPA2_PSK],2025-3-25 21:44:42,1,-86,34.0551414,-117.1858826,372.20,1.75,WIFI
A2:46:9D:1D:EF:06,,[WPA2_PSK],2025-3-25 21:44:42,1,-87,34.0551414,-117.1858826,372.20,1.75,WIFI
1A:E1:13:77:4B:8A,moto g 5G - 2024_5193,[WPA2_WPA3_PSK],2025-3-25 21:44:42,1,-90,34.0551414,-117.1858826,372.20,1.75,WIFI
5C:18:DD:F0:A9:33,,[WPA_WPA2_PSK],2025-3-25 21:44:51,8,-89,34.0551453,-117.1858749,372.10,1.50,WIFI
2C:00:AB:A8:A4:38,Frontier8160,[WPA2_PSK],2025-3-25 21:44:54,11,-90,34.0551453,-117.1858749,372.00,1.75,WIFI
D0:6D:C9:37:17:A6,Frontier0619,[WPA2_PSK],2025-3-25 21:44:54,11,-92,34.0551453,-117.1858749,372.00,1.75,WIFI
D4:76:A0:1A:EF:F8,Cortner_GLAN,[WPA2_PSK],2025-3-25 21:45:3,6,-87,34.0551491,-117.1858749,372.20,1.50,WIFI
74:37:5F:CD:C2:87,lo_and_chlo,[WPA2_PSK],2025-3-25 21:45:3,6,-88,34.0551491,-117.1858749,372.20,1.50,WIFI
18:A5:FF:08:91:E0,CHALINO2612,[WPA2_WPA3_PSK],2025-3-25 21:45:5,8,-92,34.0551491,-117.1858749,372.20,1.50,WIFI
AE:46:9D:1D:EF:06,Cinema Secure,[WPA2_PSK],2025-3-25 21:45:11,1,-89,34.0551491,-117.1858749,372.30,1.50,WIFI
02:92:A5:13:2D:2D,myBuick7790,[WPA2_WPA3_PSK],2025-3-25 21:45:25,1,-83,34.0551529,-117.1858749,372.70,1.50,WIFI
BA:46:9D:1D:EF:06,Cinema Staff,[WPA2_PSK],2025-3-25 21:45:25,1,-86,34.0551529,-117.1858749,372.70,1.50,WIFI
B6:46:9D:1D:EF:06,,[WPA2_PSK],2025-3-25 21:45:25,1,-86,34.0551529,-117.1858749,372.70,1.50,WIFI
A8:46:9D:1D:EF:06,Cinema Guest,[OPEN],2025-3-25 21:45:25,1,-87,34.0551529,-117.1858749,372.70,1.50,WIFI
D0:6D:C9:2E:70:26,Frontier2528,[WPA2_PSK],2025-3-25 21:45:31,6,-87,34.0551529,-117.1858749,372.80,1.50,WIFI
20:F3:75:3C:1E:02,Verizon-1E06,[WPA2_PSK],2025-3-25 21:45:31,6,-90,34.0551529,-117.1858749,372.80,1.50,WIFI
B8:69:F4:CC:43:73,NCV Phones,[WPA2_PSK],2025-3-25 21:45:33,8,-88,34.0551529,-117.1858749,372.80,1.50,WIFI
D4:A9:28:14:69:00,FiOS-KVVZ6,[WPA2_PSK],2025-3-25 21:45:36,11,-87,34.0551529,-117.1858749,372.80,1.50,WIFI
04:42:1A:12:A9:E9,Frontier7680,[WPA2_PSK],2025-3-25 21:45:41,2,-86,34.0551529,-117.1858749,372.80,1.50,WIFI
AC:E2:D3:C1:D9:72,DIRECT-6E-HP OfficeJet Pro 8710,[WPA2_PSK],2025-3-25 21:45:59,6,-85,34.0551567,-117.1858749,373.20,1.50,WIFI
64:C2:69:D7:C1:65,RedlandsCO1,[WPA2_PSK],2025-3-25 21:45:59,6,-86,34.0551567,-117.1858749,373.20,1.50,WIFI
06:01:21:33:52:BA,MissionPeds,[WPA2_PSK],2025-3-25 21:46:13,6,-91,34.0551567,-117.1858749,373.40,1.50,WIFI
5A:E4:03:D4:64:36,Flykat,[WPA2_PSK],2025-3-25 21:46:42,7,-92,34.0551567,-117.1858749,373.80,1.50,WIFI
60:F4:19:40:42:29,,[OPEN],2025-3-25 21:46:46,11,-85,34.0551567,-117.1858749,373.80,1.50,WIFI
60:F4:19:40:42:26,FrontierG,[WPA2_PSK],2025-3-25 21:46:46,11,-86,34.0551567,-117.1858749,373.80,1.50,WIFI
60:B7:6E:8B:C4:0E,setupC40E0,[WPA2_PSK],2025-3-25 21:47:9,6,-81,34.0555344,-117.1850433,374.70,1.50,WIFI
9C:4F:5F:94:05:18,Vine St,[WPA2_PSK],2025-3-25 21:47:9,6,-86,34.0555344,-117.1850433,374.70,1.50,WIFI
C6:2E:4E:9B:B2:0B,CHEVROLET1451,[WPA2_WPA3_PSK],2025-3-25 21:47:9,6,-89,34.0555344,-117.1850433,374.70,1.50,WIFI
88:41:FC:71:3F:79,FTRSecure_4920_38Y4,[WPA2_PSK],2025-3-25 21:47:13,10,-87,34.0555344,-117.1844788,375.70,1.50,WIFI
64:DA:ED:02:8A:85,teletran2,[WPA2_PSK],2025-3-25 21:47:14,11,-75,34.0555344,-117.1843262,376.00,1.50,WIFI
64:DA:ED:02:8A:87,,[OPEN],2025-3-25 21:47:14,11,-81,34.0555344,-117.1843262,376.00,1.50,WIFI
06:01:21:33:57:4F,MissionPeds,[WPA2_PSK],2025-3-25 21:47:14,11,-88,34.0555344,-117.1843262,376.00,1.50,WIFI
00:01:21:33:57:52,MissionGuest,[WPA2_PSK],2025-3-25 21:47:14,11,-89,34.0555344,-117.1843262,376.00,1.50,WIFI
00:01:21:33:57:3D,MissionGuest,[WPA2_PSK],2025-3-25 21:47:16,1,-73,34.0555496,-117.1840134,376.50,1.50,WIFI
06:01:21:33:57:3D,MissionPeds,[WPA2_PSK],2025-3-25 21:47:16,1,-75,34.0555496,-117.1840134,376.50,1.50,WIFI
18:1B:EB:08:29:D7,66YR2,[WPA2_PSK],2025-3-25 21:47:16,1,-78,34.0555496,-117.1840134,376.50,1.50,WIFI
14:7D:05:E7:6F:7F,SpectrumSetup-7D,[WPA2_PSK],2025-3-25 21:47:16,1,-82,34.0555496,-117.1840134,376.50,1.50,WIFI
DC:92:72:E4:1A:1F,Frontier0566,[WPA2_PSK],2025-3-25 21:47:16,1,-83,34.0555496,-117.1840134,376.50,1.50,WIFI
06:01:21:33:52:A5,MissionPeds,[WPA2_PSK],2025-3-25 21:47:16,1,-85,34.0555496,-117.1840134,376.50,1.50,WIFI
60:B7:6E:8E:80:30,Vine St,[WPA2_PSK],2025-3-25 21:47:16,1,-86,34.0555496,-117.1840134,376.50,1.50,WIFI
6C:CD:D6:FC:8A:B6,cheesewalla admin,[WPA2_PSK],2025-3-25 21:47:19,2,-81,34.0555534,-117.1835327,377.50,1.50,WIFI
88:DE:7C:B4:47:B4,SpectrumSetup-B6,[WPA2_PSK],2025-3-25 21:47:23,6,-67,34.0555534,-117.1829605,378.90,1.50,WIFI
94:A6:7E:DD:D4:58,,[WPA2_PSK],2025-3-25 21:47:23,6,-76,34.0555534,-117.1829605,378.90,1.50,WIFI
FC:12:63:82:53:1D,SpectrumSetup-1F,[WPA2_PSK],2025-3-25 21:47:23,6,-79,34.0555534,-117.1829605,378.90,1.50,WIFI
E2:55:7D:47:9A:41,,[WPA_WPA2_PSK],2025-3-25 21:47:23,6,-83,34.0555534,-117.1829605,378.90,1.50,WIFI
6E:D7:9A:84:07:CC,,[WPA2_PSK],2025-3-25 21:47:23,6,-86,34.0555534,-117.1829605,378.90,1.50,WIFI
74:37:5F:CA:E0:7B,SpectrumSetup-79,[WPA2_PSK],2025-3-25 21:47:28,11,-47,34.0555496,-117.1823883,380.00,1.50,WIFI
28:EC:22:A1:C1:23,,[WPA3_PSK],2025-3-25 21:47:32,1,-65,34.0555458,-117.1820145,380.20,1.50,WIFI
28:EC:22:A1:C1:26,District/Copehouse,[WPA2_PSK],2025-3-25 21:47:32,1,-66,34.0555458,-117.1820145,380.20,1.50,WIFI
E2:55:7D:48:51:2D,Redlands IoT,[WPA2_PSK],2025-3-25 21:47:32,1,-74,34.0555458,-117.1820145,380.20,1.50,WIFI
5C:18:DD:F0:90:E3,,[WPA_WPA2_PSK],2025-3-25 21:47:33,2,-63,34.0555458,-117.1819382,380.80,1.50,WIFI
C6:B0:24:0E:6C:6C,,[WPA2_PSK],2025-3-25 21:47:33,2,-66,34.0555458,-117.1819382,380.80,1.50,WIFI
B4:B0:24:0E:6C:6C,TP-Link_6C6C,[WPA2_PSK],2025-3-25 21:47:33,2,-66,34.0555458,-117.1819382,380.80,1.50,WIFI
60:B7:6E:C9:52:1D,GATE,[WPA2_PSK],2025-3-25 21:47:37,6,-72,34.0555458,-117.1817169,381.30,1.50,WIFI
9E:15:44:67:93:4C,City of Redlands WiFi,[OPEN],2025-3-25 21:47:37,6,-75,34.0555458,-117.1817169,381.30,1.50,WIFI
E2:55:7D:47:9A:40,RedCity,[WPA_WPA2_PSK],2025-3-25 21:47:37,6,-76,34.0555458,-117.1817169,381.30,1.50,WIFI
3E:94:ED:4B:99:3E,,[WPA2_PSK],2025-3-25 21:47:40,9,-85,34.0555496,-117.1816635,381.50,1.50,WIFI
38:94:ED:4B:99:3E,JBM,[WPA2_PSK],2025-3-25 21:47:40,9,-87,34.0555496,-117.1816635,381.50,1.50,WIFI
60:B7:6E:C9:50:E9,GATE,[WPA2_PSK],2025-3-25 21:47:42,11,-70,34.0555496,-117.1816483,381.60,1.50,WIFI
5E:60:BA:4A:CA:90,DIRECT-90-HP OfficeJet Pro 7740,[WPA2_PSK],2025-3-25 21:47:42,11,-72,34.0555496,-117.1816483,381.60,1.50,WIFI
B8:66:85:CA:A5:D6,MySpectrumWiFid0-2G,[WPA2_PSK],2025-3-25 21:47:42,11,-73,34.0555496,-117.1816483,381.60,1.50,WIFI
04:A1:51:4B:0F:5E,ngHub_31943BNU01590,[WPA2_PSK],2025-3-25 21:47:42,11,-80,34.0555496,-117.1816483,381.60,1.50,WIFI
94:3C:96:FC:9E:06,Frontier0180,[WPA2_PSK],2025-3-25 21:47:42,11,-82,34.0555496,-117.1816483,381.60,1.50,WIFI
80:3F:5D:2F:1B:BC,@WAVLINK_BB,[WPA_WPA2_PSK],2025-3-25 21:47:44,13,-88,34.0555496,-117.1816483,381.60,1.50,WIFI
D0:6D:C9:32:63:66,Frontier0250,[WPA2_PSK],2025-3-25 21:47:46,1,-77,34.0555496,-117.1816483,381.60,1.50,WIFI
28:EC:22:A1:C1:29,,[OPEN],2025-3-25 21:47:46,1,-78,34.0555496,-117.1816483,381.60,1.50,WIFI
28:EC:22:A1:C1:2F,District/Copehouse Guest,[WPA2_PSK],2025-3-25 21:47:46,1,-79,34.0555496,-117.1816483,381.60,1.50,WIFI
60:B7:6E:C9:51:2B,GATE,[WPA2_PSK],2025-3-25 21:47:46,1,-83,34.0555496,-117.1816483,381.60,1.50,WIFI
8E:15:44:67:8B:E6,,[WPA_WPA2_PSK],2025-3-25 21:47:46,1,-84,34.0555496,-117.1816483,381.60,1.50,WIFI
9E:15:44:67:8B:E6,City of Redlands WiFi,[OPEN],2025-3-25 21:47:46,1,-86,34.0555496,-117.1816483,381.60,1.50,WIFI
C2:C4:F9:54:C5:D0,myChevrolet C4CF,[WPA2_PSK],2025-3-25 21:47:48,3,-85,34.0555496,-117.1816483,381.80,1.50,WIFI
72:D7:9A:C1:A9:00,IoT,[WPA2_PSK],2025-3-25 21:47:51,6,-73,34.0555496,-117.1816483,381.90,1.50,WIFI
68:D7:9A:C1:A9:00,Redlands-Jewelers,[WPA2_PSK],2025-3-25 21:47:51,6,-74,34.0555496,-117.1816483,381.90,1.50,WIFI
6E:D7:9A:C1:A9:00,,[WPA2_PSK],2025-3-25 21:47:51,6,-74,34.0555496,-117.1816483,381.90,1.50,WIFI
08:33:ED:FA:00:B5,Top Choice Gaming,[WPA2_PSK],2025-3-25 21:47:51,6,-76,34.0555496,-117.1816483,381.90,1.50,WIFI
CA:33:ED:FA:00:B5,TCG Guest,[WPA2_PSK],2025-3-25 21:47:51,6,-78,34.0555496,-117.1816483,381.90,1.50,WIFI
A4:13:4E:D7:DA:11,BatterRebellion 2.4,[WPA2_PSK],2025-3-25 21:47:51,6,-79,34.0555496,-117.1816483,381.90,1.50,WIFI
74:93:DA:A5:1B:5D,SpectrumSetup-5F,[WPA2_PSK],2025-3-25 21:47:51,6,-81,34.0555496,-117.1816483,381.90,1.50,WIFI
F6:92:BF:54:18:5E,BDA First Floor Guest,[WPA2_PSK],2025-3-25 21:47:51,6,-81,34.0555496,-117.1816483,381.90,1.50,WIFI
10:0C:6B:15:90:61,OHara DD,[WPA2_PSK],2025-3-25 21:47:56,11,-77,34.0555534,-117.1815796,382.10,1.50,WIFI
24:2D:6C:69:23:4B,,[OPEN],2025-3-25 21:47:58,1,-80,34.0555534,-117.1815414,382.10,1.50,WIFI
24:2D:6C:69:23:48,MFS,[WPA2_PSK],2025-3-25 21:47:58,1,-80,34.0555534,-117.1815414,382.10,1.50,WIFI
E2:55:7D:48:8C:60,RedCity,[WPA_WPA2_PSK],2025-3-25 21:47:58,1,-81,34.0555534,-117.1815414,382.10,1.50,WIFI
00:54:AF:F5:18:09,Hotspot1809,[WPA_WPA2_PSK],2025-3-25 21:47:58,1,-81,34.0555534,-117.1815414,382.10,1.50,WIFI
E2:55:7D:48:8C:66,Redlands-BYOD,[WPA_WPA2_PSK],2025-3-25 21:47:58,1,-82,34.0555534,-117.1815414,382.10,1.50,WIFI
E2:55:7D:48:8C:6E,Redlands Vendor,[WPA2_PSK],2025-3-25 21:47:58,1,-82,34.0555534,-117.1815414,382.10,1.50,WIFI
E2:55:7D:48:8C:61,,[WPA_WPA2_PSK],2025-3-25 21:47:58,1,-84,34.0555534,-117.1815414,382.10,1.50,WIFI
E2:55:7D:48:8C:6D,Redlands IoT,[WPA2_PSK],2025-3-25 21:47:58,1,-84,34.0555534,-117.1815414,382.10,1.50,WIFI
D0:6D:C9:27:62:C6,Frontier1523,[WPA2_PSK],2025-3-25 21:47:58,1,-84,34.0555534,-117.1815414,382.10,1.50,WIFI
4C:ED:FB:31:02:50,FWY,[WPA2_PSK],2025-3-25 21:48:2,3,-85,34.0555496,-117.1814651,382.20,1.50,WIFI
10:0C:6B:59:CD:3C,whitefrog,[WPA2_PSK],2025-3-25 21:48:3,4,-84,34.0555496,-117.1814194,382.30,1.50,WIFI
AE:8B:A9:32:6D:C6,,[WPA2_PSK],2025-3-25 21:48:5,6,-65,34.0555496,-117.1812820,382.50,1.50,WIFI
AC:8B:A9:42:6D:C6,The Eating Room,[WPA2_PSK],2025-3-25 21:48:5,6,-66,34.0555496,-117.1812820,382.50,1.50,WIFI
AE:8B:A9:12:6D:C6,WCP-MGRN-AP,[WPA2_PSK],2025-3-25 21:48:5,6,-66,34.0555496,-117.1812820,382.50,1.50,WIFI
AE:8B:A9:22:6D:C6,The Eating Room Guest,[WPA2_PSK],2025-3-25 21:48:5,6,-66,34.0555496,-117.1812820,382.50,1.50,WIFI
82:15:44:67:93:4C,CityThatWorks,[WPA2],2025-3-25 21:48:5,6,-70,34.0555496,-117.1812820,382.50,1.50,WIFI
BE:15:44:67:93:4C,Redlands IoT,[WPA2_PSK],2025-3-25 21:48:5,6,-70,34.0555496,-117.1812820,382.50,1.50,WIFI
88:15:44:67:93:4C,RedCity,[WPA_WPA2_PSK],2025-3-25 21:48:5,6,-72,34.0555496,-117.1812820,382.50,1.50,WIFI
5C:E9:31:0D:B2:50,MGER-RDL-AP2,[WPA_WPA2_PSK],2025-3-25 21:48:5,6,-77,34.0555496,-117.1812820,382.50,1.50,WIFI
F4:92:BF:54:18:5E,Bda720$$,[WPA2_PSK],2025-3-25 21:48:5,6,-78,34.0555496,-117.1812820,382.50,1.50,WIFI
00:C8:96:04:55:50,,[WPA_WPA2_PSK],2025-3-25 21:48:9,9,-85,34.0555458,-117.1809692,383.10,1.50,WIFI
AC:8B:A9:42:62:AA,The Eating Room,[WPA2_PSK],2025-3-25 21:48:11,11,-77,34.0555458,-117.1808319,383.50,1.50,WIFI
AE:8B:A9:12:62:AA,WCP-MGRN-AP,[WPA2_PSK],2025-3-25 21:48:11,11,-79,34.0555458,-117.1808319,383.50,1.50,WIFI
AE:8B:A9:22:62:AA,The Eating Room Guest,[WPA2_PSK],2025-3-25 21:48:11,11,-80,34.0555458,-117.1808319,383.50,1.50,WIFI
90:1A:CA:7E:A7:20,DG1670A22,[WPA2_PSK],2025-3-25 21:48:11,11,-85,34.0555458,-117.1808319,383.50,1.50,WIFI
C0:36:53:73:B7:64,,[WPA3_PSK],2025-3-25 21:48:13,1,-85,34.0555458,-117.1807175,383.60,1.50,WIFI
94:A6:7E:E3:5D:72,SES147,[WPA2_PSK],2025-3-25 21:48:18,4,-83,34.0555344,-117.1805115,384.30,1.50,WIFI
0A:DE:7C:B9:41:81,,[WPA2_PSK],2025-3-25 21:48:20,6,-75,34.0555344,-117.1804962,384.20,1.50,WIFI
74:93:DA:95:9D:5A,SpectrumSetup-5C,[WPA2_PSK],2025-3-25 21:48:20,6,-81,34.0555344,-117.1804962,384.20,1.50,WIFI
98:ED:7E:29:95:24,,[WPA3_PSK],2025-3-25 21:48:20,6,-81,34.0555344,-117.1804962,384.20,1.50,WIFI
98:ED:7E:29:95:2A,,[OPEN],2025-3-25 21:48:20,6,-81,34.0555344,-117.1804962,384.20,1.50,WIFI
18:7C:0B:54:0B:53,island-140B50,[WPA2_PSK],2025-3-25 21:48:23,9,-87,34.0555344,-117.1803894,384.40,1.50,WIFI
54:47:CC:34:87:76,TMOBILE-8771,[WPA2_WPA3_PSK],2025-3-25 21:48:25,11,-74,34.0555344,-117.1802597,384.50,1.50,WIFI
4C:AB:F8:36:C3:CD,SpectrumSetup-CF,[WPA2_PSK],2025-3-25 21:48:25,11,-74,34.0555344,-117.1802597,384.50,1.50,WIFI
74:93:DA:1D:66:A1,SpectrumSetup-A3,[WPA2_PSK],2025-3-25 21:48:25,11,-77,34.0555344,-117.1802597,384.50,1.50,WIFI
00:30:44:AB:88:63,E100-862,[WPA2_PSK],2025-3-25 21:48:25,11,-81,34.0555344,-117.1802597,384.50,1.50,WIFI
88:67:46:93:A7:29,,[OPEN],2025-3-25 21:48:27,1,-65,34.0555344,-117.1801071,384.80,1.50,WIFI
88:67:46:93:A7:2F,The Mane Collective Salon,[WPA2_PSK],2025-3-25 21:48:27,1,-66,34.0555344,-117.1801071,384.80,1.50,WIFI
88:67:46:93:A7:23,,[WPA3_PSK],2025-3-25 21:48:27,1,-66,34.0555344,-117.1801071,384.80,1.50,WIFI
88:67:46:93:A7:26,The Mane Collective,[WPA2_PSK],2025-3-25 21:48:27,1,-67,34.0555344,-117.1801071,384.80,1.50,WIFI
88:67:46:99:D5:C6,The Mane Collective,[WPA2_PSK],2025-3-25 21:48:27,1,-73,34.0555344,-117.1801071,384.80,1.50,WIFI
88:67:46:99:D5:C3,,[WPA3_PSK],2025-3-25 21:48:27,1,-75,34.0555344,-117.1801071,384.80,1.50,WIFI
88:67:46:99:D5:CF,The Mane Collective Salon,[WPA2_PSK],2025-3-25 21:48:27,1,-76,34.0555344,-117.1801071,384.80,1.50,WIFI
24:2D:6C:69:23:45,,[WPA3_PSK],2025-3-25 21:48:27,1,-78,34.0555344,-117.1801071,384.80,1.50,WIFI
98:ED:7E:29:95:27,210 Redlands,[WPA2_PSK],2025-3-25 21:48:34,6,-57,34.0555115,-117.1798248,386.60,1.50,WIFI
98:ED:7E:29:95:30,210 Redlands Guest,[WPA2_PSK],2025-3-25 21:48:34,6,-58,34.0555115,-117.1798248,386.60,1.50,WIFI
5A:EF:68:27:E1:A9,DIRECT-sM-Xerox AltaLink C8155 (,[WPA2_PSK],2025-3-25 21:48:34,6,-69,34.0555115,-117.1798248,386.60,1.50,WIFI
88:DE:7C:B5:9A:D0,SpectrumSetup-D2,[WPA2_PSK],2025-3-25 21:48:34,6,-73,34.0555115,-117.1798248,386.60,1.50,WIFI
A8:B0:88:14:F2:68,210 Redlands,[WPA2_PSK],2025-3-25 21:48:34,6,-73,34.0555115,-117.1798248,386.60,1.50,WIFI
A8:B0:88:14:F2:6E,210 Redlands Guest,[WPA2_PSK],2025-3-25 21:48:34,6,-74,34.0555115,-117.1798248,386.60,1.50,WIFI
00:1D:05:61:5C:73,Cooper-001D05615C73,[WPA2_PSK],2025-3-25 21:48:34,6,-76,34.0555115,-117.1798248,386.60,1.50,WIFI
5A:16:D7:43:DD:3F,Cheby,[WPA2_PSK],2025-3-25 21:48:39,11,-82,34.0555077,-117.1797638,386.90,1.50,WIFI
74:37:5F:8E:EB:17,SpectrumSetup-15,[WPA2_PSK],2025-3-25 21:48:39,11,-84,34.0555077,-117.1797638,386.90,1.50,WIFI
12:EA:14:81:BB:EA,Atlas Secure,[WPA2_PSK],2025-3-25 21:48:39,11,-86,34.0555077,-117.1797638,386.90,1.50,WIFI
00:0F:B5:E5:01:BC,NETGEAR,[OPEN],2025-3-25 21:48:39,11,-90,34.0555077,-117.1797638,386.90,1.50,WIFI
88:67:46:99:D5:C9,,[OPEN],2025-3-25 21:48:42,1,-72,34.0555077,-117.1797638,386.90,1.50,WIFI
C0:36:53:73:B7:68,,[OPEN],2025-3-25 21:48:42,1,-75,34.0555077,-117.1797638,386.90,1.50,WIFI
C0:36:53:73:B7:66,MFS,[WPA2_PSK],2025-3-25 21:48:42,1,-75,34.0555077,-117.1797638,386.90,1.50,WIFI
34:49:5B:C2:8E:36,MySpectrumWiFi30-2G,[WPA2_PSK],2025-3-25 21:48:42,1,-80,34.0555077,-117.1797638,386.90,1.50,WIFI
EE:55:A8:48:A5:92,CityThatWorks,[WPA2],2025-3-25 21:48:42,1,-82,34.0555077,-117.1797638,386.90,1.50,WIFI
E4:55:A8:48:A5:92,RedCity,[WPA_WPA2_PSK],2025-3-25 21:48:42,1,-83,34.0555077,-117.1797638,386.90,1.50,WIFI
98:ED:7E:2B:CF:30,210 Redlands Guest,[WPA2_PSK],2025-3-25 21:48:48,6,-72,34.0555115,-117.1797638,387.00,1.75,WIFI
A8:B0:88:14:F2:6A,,[OPEN],2025-3-25 21:48:48,6,-77,34.0555115,-117.1797638,387.00,1.75,WIFI
32:B4:B8:58:0D:FD,My VW 7887,[WPA2_PSK],2025-3-25 21:48:48,6,-85,34.0555115,-117.1797638,387.00,1.75,WIFI
D4:05:DE:20:DF:E4,,[WPA3_PSK],2025-3-25 21:48:53,11,-75,34.0555115,-117.1797485,387.00,1.75,WIFI
D4:05:DE:20:DF:E7,Energy Lab,[WPA2_PSK],2025-3-25 21:48:53,11,-76,34.0555115,-117.1797485,387.00,1.75,WIFI
D4:05:DE:20:DF:EA,,[OPEN],2025-3-25 21:48:53,11,-76,34.0555115,-117.1797485,387.00,1.75,WIFI
E2:55:A8:48:A5:92,,[WPA_WPA2_PSK],2025-3-25 21:48:56,1,-81,34.0555115,-117.1797485,387.10,1.75,WIFI
98:ED:7E:2B:CF:2A,,[OPEN],2025-3-25 21:49:2,6,-72,34.0555115,-117.1797485,387.10,1.75,WIFI
98:ED:7E:2B:CF:27,210 Redlands,[WPA2_PSK],2025-3-25 21:49:2,6,-72,34.0555115,-117.1797485,387.10,1.75,WIFI
A8:B0:88:14:F2:66,,[WPA3_PSK],2025-3-25 21:49:2,6,-72,34.0555115,-117.1797485,387.10,1.75,WIFI
FA:DE:7C:B9:41:81,,[WPA2_PSK],2025-3-25 21:49:2,6,-84,34.0555115,-117.1797485,387.10,1.75,WIFI
88:57:1D:D4:71:03,[fridge]_E30AJT5133083J,[WPA2_PSK],2025-3-25 21:49:10,1,-83,34.0555115,-117.1797485,387.10,1.75,WIFI
5C:18:DD:F9:1A:2C,,[WPA_WPA2_PSK],2025-3-25 21:49:10,1,-87,34.0555115,-117.1797485,387.10,1.75,WIFI
A8:40:0B:16:E5:D0,HotspotnvVq,[WPA_WPA2_PSK],2025-3-25 21:49:16,6,-73,34.0555115,-117.1797485,387.10,1.75,WIFI
F0:B6:61:B9:D9:6A,,[OPEN],2025-3-25 21:49:35,11,-81,34.0555153,-117.1797485,387.30,1.75,WIFI
08:7B:12:3F:8B:D6,2.4 Gotham,[WPA2_PSK],2025-3-25 21:49:38,1,-85,34.0555153,-117.1797485,387.30,1.75,WIFI
98:ED:7E:2B:CF:24,,[WPA3_PSK],2025-3-25 21:49:44,6,-71,34.0555115,-117.1797485,387.40,1.75,WIFI
14:7D:05:4B:24:5B,deaux,[WPA2_PSK],2025-3-25 21:49:49,11,-90,34.0555115,-117.1797485,387.40,1.75,WIFI
BC:42:8C:7D:F3:2D,TOYOTA Prius_f32d8c7dbc42,[WPA2_PSK],2025-3-25 21:49:56,4,-82,34.0555115,-117.1797485,387.30,1.75,WIFI
F0:B6:61:B9:D9:64,,[WPA3_PSK],2025-3-25 21:50:3,11,-83,34.0555115,-117.1797485,387.30,1.75,WIFI
CC:64:1A:07:7E:A2,Peztio-Q4-077ea2,[WPA2_PSK],2025-3-25 21:50:17,11,-66,34.0555115,-117.1797485,387.70,1.75,WIFI
2E:D1:C6:09:32:BB,DIRECT-2k-Car_6b26,[WPA2_PSK],2025-3-25 21:50:17,11,-86,34.0555115,-117.1797485,387.70,1.75,WIFI
74:83:C2:24:63:2F,BAB,[WPA2_PSK],2025-3-25 21:50:17,11,-88,34.0555115,-117.1797485,387.70,1.75,WIFI
16:EA:14:81:BB:EA,,[WPA2_PSK],2025-3-25 21:50:31,11,-86,34.0555115,-117.1797485,388.30,1.75,WIFI
F0:B6:61:B9:D9:67,Energy Lab,[WPA2_PSK],2025-3-25 21:50:45,11,-86,34.0555115,-117.1797485,388.30,1.75,WIFI
BE:D7:D4:74:08:E8,,[WPA2_PSK],2025-3-25 21:51:16,1,-89,34.0555115,-117.1797485,388.10,1.75,WIFI
54:47:CC:E8:23:F6,Frontier0279,[WPA2_PSK],2025-3-25 21:51:27,11,-90,34.0555115,-117.1797485,388.10,1.75,WIFI
74:83:C2:24:64:8C,BAB,[WPA2_PSK],2025-3-25 21:52:18,6,-84,34.0555115,-117.1797485,387.90,1.75,WIFI
78:71:9C:18:38:B0,DG1670AB2,[WPA2_PSK],2025-3-25 21:53:19,11,-88,34.0555153,-117.1797485,387.70,1.50,WIFI
34:98:B5:E0:AC:F5,Lambertones Pickups,[WPA2_WPA3_PSK],2025-3-25 21:53:40,4,-84,34.0555153,-117.1797485,387.80,1.50,WIFI
AA:D3:1D:FC:A4:6F,Citrone Guest,[WPA2_PSK],2025-3-25 21:53:50,1,-86,34.0555115,-117.1797485,387.80,1.50,WIFI
0C:EA:14:81:BB:EA,Catalyst Office,[WPA2_PSK],2025-3-25 21:55:54,11,-90,34.0555115,-117.1797485,387.60,1.50,WIFI
B8:66:85:C6:7A:3E,TLC-2G,[WPA2_PSK],2025-3-25 21:56:59,6,-82,34.0555115,-117.1797409,387.50,1.50,WIFI
92:D3:1D:FC:A4:6F,,[WPA2_PSK],2025-3-25 21:58:1,1,-83,34.0555115,-117.1797409,387.50,1.50,WIFI
42:98:B5:E0:AC:F5,Lambertones Pickups-IoT,[WPA2_PSK],2025-3-25 21:58:7,4,-86,34.0555115,-117.1797409,387.50,1.50,WIFI
02:24:A5:F8:C8:56,myChevrolet0882,[WPA2_PSK],2025-3-25 21:58:30,1,-56,34.0555115,-117.1797485,387.30,1.50,WIFI
3A:98:B5:E0:AC:F5,,[WPA2_PSK],2025-3-25 21:58:49,4,-83,34.0555115,-117.1797485,387.20,1.50,WIFI
00:54:AF:10:3A:12,Hotspot3A12,[WPA_WPA2_PSK],2025-3-25 21:58:53,8,-69,34.0555115,-117.1797485,387.20,1.50,WIFI
C8:63:FC:60:D4:08,Frontier1664,[WPA2_PSK],2025-3-25 21:59:13,1,-88,34.0555115,-117.1797485,387.20,1.50,WIFI
18:EE:86:39:CB:88,Verizon-M3100-CB88,[WPA2_WPA3_PSK],2025-3-25 22:0:6,11,-59,34.0555077,-117.1797485,387.10,1.50,WIFI
30:0E:B8:D5:DF:4D,CAR-8450,[WPA2_PSK],2025-3-25 22:0:9,1,-76,34.0555038,-117.1797485,387.10,1.50,WIFI
88:DE:7C:B9:41:81,SpectrumSetup-83,[WPA2_PSK],2025-3-25 22:0:15,6,-83,34.0555038,-117.1797485,387.10,1.50,WIFI
AC:D3:1D:FC:A4:6F,Sturdy Bridge,[WPA2_PSK],2025-3-25 22:0:23,1,-81,34.0555038,-117.1797485,387.10,1.50,WIFI
0C:83:CC:EE:34:2D,tlee342d,[WPA2_PSK],2025-3-25 22:0:23,1,-90,34.0555038,-117.1797485,387.10,1.50,WIFI
C4:3C:B0:4B:7A:46,CARDV_LZT_7a46,[WPA2_PSK],2025-3-25 22:1:2,11,-48,34.0555038,-117.1797485,387.00,1.50,WIFI
2A:03:EB:CB:F7:7B,myChevrolet 6957,[WPA2_PSK],2025-3-25 22:2:12,11,-61,34.0555038,-117.1797485,386.70,1.50,WIFI
2E:DC:AD:F1:64:4C,DIRECT-9p-myGMC,[WPA2_PSK],2025-3-25 22:2:15,1,-60,34.0555038,-117.1797485,386.70,1.50,WIFI
54:47:CC:F5:CA:06,Frontier0196,[WPA2_PSK],2025-3-25 22:3:11,1,-88,34.0555038,-117.1797409,386.70,1.50,WIFI
B0:FC:88:03:75:36,Frontier2468,[WPA2_PSK],2025-3-25 22:3:17,6,-81,34.0555038,-117.1797409,386.70,1.50,WIFI
2A:03:EB:8D:EF:07,myChevrolet 5058,[WPA2_PSK],2025-3-25 22:3:53,1,-73,34.0555038,-117.1797485,386.70,1.50,WIFI
9A:49:14:10:E3:66,myGMC e366,[WPA2_PSK],2025-3-25 22:4:18,11,-62,34.0555038,-117.1797485,386.60,1.50,WIFI
5E:FB:3A:7A:D9:AC,DIRECT-ac-HP M283 LaserJet,[WPA2_PSK],2025-3-25 22:6:46,6,-83,34.0555038,-117.1797485,386.40,1.50,WIFI
F8:E4:FB:3B:09:EA,BPNH7,[WPA2_PSK],2025-3-25 22:7:14,6,-83,34.0555038,-117.1797485,386.50,1.50,WIFI
9E:43:F1:AB:1C:73,,[WPA2_PSK],2025-3-25 22:7:28,6,-72,34.0555038,-117.1797485,386.50,1.50,WIFI
C4:49:BB:46:81:8E,George Camaro,[WPA2_PSK],2025-3-25 22:8:1,11,-91,34.0555038,-117.1797485,386.60,1.50,WIFI
28:38:5C:9D:94:AB,HotspotDTpN,[WPA_WPA2_PSK],2025-3-25 22:9:35,6,-78,34.0555038,-117.1797485,386.60,1.75,WIFI
22:AD:56:4D:DC:94,HotspotDC94,[WPA_WPA2_PSK],2025-3-25 22:9:49,6,-65,34.0555000,-117.1797485,386.60,1.75,WIFI
7C:0C:F6:0B:CB:D8,Dash-2703,[WPA2_PSK],2025-3-25 22:10:8,11,-77,34.0555000,-117.1797409,386.60,1.75,WIFI
9E:7B:EF:90:C9:8A,DIRECT-8A-HP Color LaserJet Pro,[WPA2_PSK],2025-3-25 22:10:17,6,-82,34.0555000,-117.1797409,386.60,1.75,WIFI
58:D5:0A:F9:0E:55,Vehicle Hotspot,[WPA2_PSK],2025-3-25 22:11:54,6,-78,34.0555038,-117.1797485,386.70,1.75,WIFI
F0:AB:54:92:C7:B2,TheColorado,[WPA2_PSK],2025-3-25 22:12:56,11,-85,34.0555038,-117.1797409,386.70,1.75,WIFI
14:59:C0:A2:33:66,Gillespie,[WPA2_PSK],2025-3-25 22:14:3,8,-85,34.0555038,-117.1797409,386.70,1.75,WIFI
3A:F9:F5:CC:24:94,DIRECT-BMW 94656,[WPA2_WPA3_PSK],2025-3-25 22:15:30,11,-76,34.0555038,-117.1797333,386.60,1.75,WIFI
BE:42:8C:06:32:B6,myChevrolet,[WPA2_PSK],2025-3-25 22:21:58,6,-69,34.0554962,-117.1797409,386.10,1.50,WIFI
CE:22:26:DF:FC:80,myBuick3412,[WPA2_PSK],2025-3-25 22:23:27,11,-87,34.0554962,-117.1797409,386.00,1.50,WIFI
00:54:AF:35:B4:F7,HotspotB4F7,[WPA_WPA2_PSK],2025-3-25 22:23:50,6,-83,34.0554962,-117.1797485,386.10,1.50,WIFI
C8:9E:43:82:5F:A0,NETGEAR29,[WPA2_PSK],2025-3-25 22:24:22,10,-90,34.0555000,-117.1797485,386.10,1.50,WIFI
9C:4F:5F:48:96:DA,swoonswank,[WPA2_PSK],2025-3-25 22:26:44,11,-89,34.0555000,-117.1797409,386.00,1.50,WIFI
F8:55:CD:EC:33:D4,HotspotDFkN,[WPA_WPA2_PSK],2025-3-25 22:27:21,6,-75,34.0555038,-117.1797409,386.00,1.50,WIFI
32:B4:B8:E4:68:5D,My VW 7684,[WPA2_PSK],2025-3-25 22:28:17,6,-83,34.0555038,-117.1797409,385.90,1.50,WIFI
38:4C:90:97:DF:60,DG1670A62,[WPA2_PSK],2025-3-25 22:29:46,11,-91,34.0555000,-117.1797409,385.80,1.50,WIFI
CE:22:26:3B:60:D8,GBM6161,[WPA2_PSK],2025-3-25 22:30:30,1,-86,34.0554962,-117.1797409,385.80,1.50,WIFI
2E:D1:C6:3E:49:88,My VW 8668,[WPA2_PSK],2025-3-25 22:30:51,6,-75,34.0554962,-117.1797409,385.80,1.50,WIFI
F8:96:FE:30:0D:45,myChevrolet4602,[WPA2_PSK],2025-3-25 22:30:58,1,-86,34.0554962,-117.1797409,385.80,1.50,WIFI
62:E6:F0:75:36:6F,DIRECT-BMW 69616,[WPA2_PSK],2025-3-25 22:33:17,11,-73,34.0554924,-117.1797409,385.30,1.50,WIFI
C4:49:BB:51:14:40,Yaya wifi,[WPA2_PSK],2025-3-25 22:33:54,6,-75,34.0554886,-117.1797409,385.20,1.50,WIFI
F0:AB:54:AD:08:06,Matts Suburban,[WPA2_PSK],2025-3-25 22:35:9,11,-92,34.0554886,-117.1797409,385.00,1.50,WIFI
C4:49:BB:D8:A1:85,WiFi Hotspot 4809,[WPA2_PSK],2025-3-25 22:36:23,1,-68,34.0554848,-117.1797485,384.90,1.50,WIFI
78:22:88:4D:F5:9C,Peztio-Q3-4df59c,[WPA2_PSK],2025-3-25 22:37:15,11,-86,34.0554886,-117.1797485,384.70,1.50,WIFI
54:47:CC:F5:D7:26,HOSS,[WPA2_PSK],2025-3-25 22:38:11,11,-89,34.0554810,-117.1797485,384.50,1.50,WIFI
A0:63:91:EB:D9:A7,Dorothea_2GEXT,[WEP],2025-3-25 22:39:16,6,-86,34.0554848,-117.1797485,384.50,1.50,WIFI
BA:9F:09:8E:BA:E4,myGMC,[WPA2_PSK],2025-3-25 22:40:34,1,-73,34.0554810,-117.1797485,384.40,1.50,WIFI
12:E8:A7:AA:E8:70,myChevrolet E870,[WPA2_PSK],2025-3-25 22:40:55,7,-75,34.0554810,-117.1797485,384.30,1.50,WIFI
2A:03:EB:20:DC:00,myChevrolet9931,[WPA2_PSK],2025-3-25 22:42:52,1,-86,34.0554810,-117.1797485,384.40,1.50,WIFI
00:54:AF:D6:D2:15,HotspotD215,[WPA_WPA2_PSK],2025-3-25 22:45:42,1,-77,34.0554810,-117.1797485,384.40,1.50,WIFI
2E:68:C6:BD:13:1D,Porsche_WLAN_6660,[WPA2_PSK],2025-3-25 22:46:17,6,-77,34.0554810,-117.1797485,384.40,1.50,WIFI
00:30:44:36:9A:C0,FEMS,[WPA2_PSK],2025-3-25 22:46:36,11,-64,34.0554810,-117.1797485,384.40,1.50,WIFI
F8:96:FE:3C:5F:44,MBUX 59786,[WPA2_WPA3_PSK],2025-3-25 22:47:7,1,-82,34.0554810,-117.1797485,384.30,1.50,WIFI
9C:3D:CF:81:E0:42,NETGEAR76,[WPA2_PSK],2025-3-25 22:47:13,6,-81,34.0554810,-117.1797638,384.30,1.50,WIFI
2C:DC:AD:44:5A:9E,Audi_MMI_6470,[WPA2_PSK],2025-3-25 22:47:21,1,-84,34.0554810,-117.1797638,384.30,1.50,WIFI
FA:6D:CC:FD:02:A6,myChevrolet 02A6,[WPA2_PSK],2025-3-25 22:47:42,7,-60,34.0554848,-117.1797638,384.30,1.50,WIFI
2A:4E:02:D2:23:AB,,[WPA2_PSK],2025-3-25 22:47:42,7,-80,34.0554848,-117.1797638,384.30,1.50,WIFI
14:59:C0:A1:C5:51,NETGEAR09,[WPA2_PSK],2025-3-25 22:48:55,10,-89,34.0554886,-117.1797333,384.40,1.50,WIFI
54:04:63:CB:E9:59,,[WPA_WPA2_PSK],2025-3-25 22:48:55,10,-91,34.0554886,-117.1797333,384.40,1.50,WIFI
90:9D:7D:51:AA:F8,Frontier9392,[WPA2_PSK],2025-3-25 22:48:56,11,-94,34.0554924,-117.1797104,384.30,1.50,WIFI
86:2A:FD:9F:EE:0F,DIRECT-0F-HP OfficeJet Pro 9010,[WPA2_PSK],2025-3-25 22:49:5,6,-74,34.0555115,-117.1791153,385.50,1.50,WIFI
CA:5A:CF:FA:45:F0,DIRECT-F0-HP DesignJet T650,[WPA2_PSK],2025-3-25 22:49:5,6,-76,34.0555115,-117.1791153,385.50,1.50,WIFI
28:80:A2:62:E8:A1,Red Hot Spot,[WPA2_PSK],2025-3-25 22:49:5,6,-81,34.0555115,-117.1791153,385.50,1.50,WIFI
FE:9E:28:D0:E7:9A,RWG Guest,[WPA2_PSK],2025-3-25 22:49:10,11,-79,34.0555077,-117.1785507,386.70,1.50,WIFI
C6:38:75:EE:03:76,SONOS-AyYBCgABJcQ4de4DdgM=,[OPEN],2025-3-25 22:49:10,11,-82,34.0555077,-117.1785507,386.70,1.50,WIFI
FA:D9:B8:0D:C4:82,,[WPA3_PSK],2025-3-25 22:49:11,1,-67,34.0555077,-117.1784286,386.90,1.50,WIFI
FC:12:63:8F:F3:A2,Verizon_BRL3K4,[WPA2_PSK],2025-3-25 22:49:11,1,-69,34.0555077,-117.1784286,386.90,1.50,WIFI
F8:D9:B8:0D:C4:83,Miner Secure,[WPA2_PSK],2025-3-25 22:49:11,1,-76,34.0555077,-117.1784286,386.90,1.50,WIFI
F8:D9:B8:0D:C4:82,Miner Guest,[WPA_WPA2_PSK],2025-3-25 22:49:11,1,-76,34.0555077,-117.1784286,386.90,1.50,WIFI
D0:6D:C9:33:63:66,Hushh Medical Aesthetics,[WPA2_PSK],2025-3-25 22:49:11,1,-77,34.0555077,-117.1784286,386.90,1.50,WIFI
A8:97:CD:A5:9A:18,Frontier0224,[WPA2_PSK],2025-3-25 22:49:11,1,-81,34.0555077,-117.1784286,386.90,1.50,WIFI
54:04:63:FA:FD:D8,,[WPA_WPA2_PSK],2025-3-25 22:49:15,2,-84,34.0555115,-117.1779251,387.90,1.50,WIFI
3C:37:86:86:CB:DA,NETGEAR37,[WPA2_PSK],2025-3-25 22:49:16,3,-82,34.0555115,-117.1778030,388.20,1.50,WIFI
54:04:63:CB:E6:59,,[WPA_WPA2_PSK],2025-3-25 22:49:17,4,-71,34.0555115,-117.1776657,388.40,1.50,WIFI
B0:39:56:4F:81:E3,ANACONDA,[WPA2_PSK],2025-3-25 22:49:17,4,-75,34.0555115,-117.1776657,388.40,1.50,WIFI
94:3C:96:FA:98:96,Frontier1316,[WPA2_PSK],2025-3-25 22:49:19,6,-74,34.0555115,-117.1773758,388.90,1.50,WIFI
FA:D0:27:39:DF:E8,DIRECT-27395FE8,[WPA2_PSK],2025-3-25 22:49:19,6,-75,34.0555115,-117.1773758,388.90,1.50,WIFI
74:93:DA:92:06:29,SpectrumSetup-2B,[WPA2_PSK],2025-3-25 22:49:19,6,-76,34.0555115,-117.1773758,388.90,1.50,WIFI
EE:55:A8:A2:DD:A4,CONFIRE,[WPA2_PSK],2025-3-25 22:49:24,11,-82,34.0555038,-117.1766434,390.00,1.50,WIFI
EA:55:A8:A2:DD:A4,CONFIRE-Guest,[WPA2_PSK],2025-3-25 22:49:24,11,-82,34.0555038,-117.1766434,390.00,1.50,WIFI
DA:55:A8:A2:DD:A4,,[WPA2_PSK],2025-3-25 22:49:24,11,-84,34.0555038,-117.1766434,390.00,1.50,WIFI
B0:B3:53:71:91:3D,,[WPA2_PSK],2025-3-25 22:49:25,13,-90,34.0555000,-117.1765060,390.30,1.50,WIFI
EE:55:A8:A2:DD:AE,CONFIRE,[WPA2_PSK],2025-3-25 22:49:25,1,-69,34.0555000,-117.1765060,390.30,1.50,WIFI
EA:55:A8:A2:DD:AE,CONFIRE-Guest,[WPA2_PSK],2025-3-25 22:49:25,1,-70,34.0555000,-117.1765060,390.30,1.50,WIFI
DA:55:A8:A2:DD:AE,,[WPA2_PSK],2025-3-25 22:49:25,1,-70,34.0555000,-117.1765060,390.30,1.50,WIFI
DA:55:A8:A2:DF:4F,,[WPA2_PSK],2025-3-25 22:49:25,1,-74,34.0555000,-117.1765060,390.30,1.50,WIFI
EE:55:A8:A2:DF:4F,CONFIRE,[WPA2_PSK],2025-3-25 22:49:25,1,-81,34.0555000,-117.1765060,390.30,1.50,WIFI
98:1E:19:39:0C:96,MySpectrumWiFi90-2G,[WPA2_PSK],2025-3-25 22:49:25,1,-83,34.0555000,-117.1765060,390.30,1.50,WIFI
DE:CB:BC:B9:7D:2E,,[WPA2],2025-3-25 22:49:25,1,-83,34.0555000,-117.1765060,390.30,1.50,WIFI
F0:9F:C2:D1:50:D6,Thrif T Lodge,[WPA2_PSK],2025-3-25 22:49:25,1,-86,34.0555000,-117.1765060,390.30,1.50,WIFI
14:59:C0:A1:C5:3C,local1354Dormroom,[WPA2_PSK],2025-3-25 22:49:31,4,-87,34.0554810,-117.1760254,391.10,1.50,WIFI
02:54:AF:ED:18:35,Hotspot1835,[WPA_WPA2_PSK],2025-3-25 22:49:33,6,-80,34.0554771,-117.1760101,391.10,1.50,WIFI
9C:0B:05:FB:C2:04,,[WPA3_PSK],2025-3-25 22:49:33,6,-81,34.0554771,-117.1760101,391.10,1.50,WIFI
9C:0B:05:FB:C2:07,Chambers,[WPA2_PSK],2025-3-25 22:49:33,6,-81,34.0554771,-117.1760101,391.10,1.50,WIFI
22:AD:56:32:B8:4D,HotspotB84D,[WPA_WPA2_PSK],2025-3-25 22:49:33,6,-84,34.0554771,-117.1760101,391.10,1.50,WIFI
C4:34:6B:12:C0:82,HP-Print-82-Officejet Pro 8610,[OPEN],2025-3-25 22:49:33,6,-85,34.0554771,-117.1760101,391.10,1.50,WIFI
18:A5:FF:34:51:D6,TMOBILE-51D4,[WPA2_WPA3_PSK],2025-3-25 22:49:35,8,-90,34.0554771,-117.1760101,391.10,1.50,WIFI
DE:CB:BC:B7:8A:0C,,[WPA2],2025-3-25 22:49:38,11,-78,34.0554733,-117.1760101,391.10,1.50,WIFI
82:5B:65:25:7C:C8,[LG_Washer]7cc8,[WPA2_PSK],2025-3-25 22:49:38,11,-84,34.0554733,-117.1760101,391.10,1.50,WIFI
00:30:44:36:9B:65,FEMS,[WPA2_PSK],2025-3-25 22:49:38,11,-86,34.0554733,-117.1760101,391.10,1.50,WIFI
A0:68:7E:37:92:B2,Frontier4192,[WPA2_PSK],2025-3-25 22:49:38,11,-87,34.0554733,-117.1760101,391.10,1.50,WIFI
F6:9F:C2:D1:51:78,,[WPA2_PSK],2025-3-25 22:49:42,1,-76,34.0554733,-117.1760101,391.10,1.50,WIFI
F6:9F:C2:D1:50:D6,,[WPA2_PSK],2025-3-25 22:49:42,1,-77,34.0554733,-117.1760101,391.10,1.50,WIFI
F0:9F:C2:D1:51:78,Thrif T Lodge,[WPA2_PSK],2025-3-25 22:49:42,1,-77,34.0554733,-117.1760101,391.10,1.50,WIFI
E2:55:A8:B3:63:BD,Jacks_Guest,[OPEN],2025-3-25 22:49:42,1,-79,34.0554733,-117.1760101,391.10,1.50,WIFI
EE:55:A8:B3:63:BD,,[WPA2_PSK],2025-3-25 22:49:42,1,-81,34.0554733,-117.1760101,391.10,1.50,WIFI
DA:55:A8:B3:63:BD,,[WPA2_PSK],2025-3-25 22:49:42,1,-81,34.0554733,-117.1760101,391.10,1.50,WIFI
EA:55:A8:A2:DF:4F,CONFIRE-Guest,[WPA2_PSK],2025-3-25 22:49:42,1,-84,34.0554733,-117.1760101,391.10,1.50,WIFI
04:18:D6:82:FA:E2,Clergy,[WPA2_PSK],2025-3-25 22:49:42,1,-86,34.0554733,-117.1760101,391.10,1.50,WIFI
EE:55:3D:F3:A8:EB,ampmequip,[WPA2_PSK],2025-3-25 22:49:52,11,-67,34.0554619,-117.1757889,391.90,1.50,WIFI
DE:55:3D:F3:A8:EB,,[WPA2_PSK],2025-3-25 22:49:52,11,-67,34.0554619,-117.1757889,391.90,1.50,WIFI
E0:55:3D:F3:A8:EB,S2K,[WPA_WPA2_PSK],2025-3-25 22:49:52,11,-68,34.0554619,-117.1757889,391.90,1.50,WIFI
EA:55:3D:F3:A8:EB,,[WPA_WPA2_PSK],2025-3-25 22:49:52,11,-68,34.0554619,-117.1757889,391.90,1.50,WIFI
5E:EA:1F:65:26:CC,,[OPEN],2025-3-25 22:49:52,11,-86,34.0554619,-117.1757889,391.90,1.50,WIFI
4C:BC:E9:C2:A4:B3,AT_301_WLD3653SP_a4b3,[WPA2_PSK],2025-3-25 22:49:52,11,-87,34.0554619,-117.1757889,391.90,1.50,WIFI
4C:19:5D:6E:1E:2B,SpectrumSetup-25,[WPA2_PSK],2025-3-25 22:49:52,11,-87,34.0554619,-117.1757889,391.90,1.50,WIFI
02:92:BF:57:CD:AB,Discount Auto Guest,[OPEN],2025-3-25 22:49:52,11,-88,34.0554619,-117.1757889,391.90,1.50,WIFI
AC:8B:A9:DA:99:51,,[WPA2_WPA3_PSK],2025-3-25 22:49:54,1,-71,34.0554008,-117.1757050,392.10,1.50,WIFI
B2:8B:A9:DA:99:51,,[WPA2_PSK],2025-3-25 22:49:54,1,-71,34.0554008,-117.1757050,392.10,1.50,WIFI
BA:8B:A9:DA:99:51,,[WPA2_PSK],2025-3-25 22:49:54,1,-71,34.0554008,-117.1757050,392.10,1.50,WIFI
B6:8B:A9:DA:99:51,,[WPA2_PSK],2025-3-25 22:49:54,1,-72,34.0554008,-117.1757050,392.10,1.50,WIFI
2A:3F:0B:FF:D6:39,smll,[WPA2],2025-3-25 22:50:1,6,-75,34.0548248,-117.1752472,394.00,1.50,WIFI
26:3F:0B:FF:D6:39,notes,[WPA2_PSK],2025-3-25 22:50:1,6,-75,34.0548248,-117.1752472,394.00,1.50,WIFI
22:3F:0B:FF:D6:39,sip,[WPA2],2025-3-25 22:50:1,6,-75,34.0548248,-117.1752472,394.00,1.50,WIFI
2C:3F:0B:FF:D6:39,Starbucks WiFi,[OPEN],2025-3-25 22:50:1,6,-77,34.0548248,-117.1752472,394.00,1.50,WIFI
D0:6D:C9:36:DC:F6,Frontier0443,[WPA2_PSK],2025-3-25 22:50:1,6,-84,34.0548248,-117.1752472,394.00,1.50,WIFI
DE:CB:BC:B9:7D:34,,[WPA2],2025-3-25 22:50:1,6,-84,34.0548248,-117.1752472,394.00,1.50,WIFI
64:C2:69:9B:91:27,,[OPEN],2025-3-25 22:50:1,6,-86,34.0548248,-117.1752472,394.00,1.50,WIFI
FC:12:63:26:DE:42,Rockyshouse,[WPA2_PSK],2025-3-25 22:50:1,6,-92,34.0548248,-117.1752472,394.00,1.50,WIFI
14:7F:0F:E7:81:4C,Vive-017e5ba4,[WPA2_PSK],2025-3-25 22:50:2,7,-83,34.0547142,-117.1751556,394.30,1.50,WIFI
54:04:63:CB:EB:01,,[WPA_WPA2_PSK],2025-3-25 22:50:3,8,-87,34.0546036,-117.1750641,394.60,1.50,WIFI
42:98:B5:FF:37:94,RDPes-IoT,[WPA2_PSK],2025-3-25 22:50:4,9,-89,34.0544930,-117.1749725,394.90,1.50,WIFI
BA:8B:A9:5F:5B:E6,,[WPA2_PSK],2025-3-25 22:50:6,11,-79,34.0542679,-117.1747894,395.30,1.50,WIFI
B6:8B:A9:5F:5B:E6,,[WPA2_PSK],2025-3-25 22:50:6,11,-80,34.0542679,-117.1747894,395.30,1.50,WIFI
D0:6D:C9:2F:27:86,Frontier0113,[WPA2_PSK],2025-3-25 22:50:6,11,-87,34.0542679,-117.1747894,395.30,1.50,WIFI
E8:97:9A:98:24:E6,DG800-0101020521191827,[WPA2_PSK],2025-3-25 22:50:6,11,-88,34.0542679,-117.1747894,395.30,1.50,WIFI
BC:96:E5:39:82:A0,SpectrumSetup-829C,[WPA2_PSK],2025-3-25 22:50:6,11,-89,34.0542679,-117.1747894,395.30,1.50,WIFI
A8:6B:AD:F5:AB:B2,WIFIF5ABAF,[WPA2_PSK],2025-3-25 22:50:6,11,-90,34.0542679,-117.1747894,395.30,1.50,WIFI
B6:8B:A9:5F:60:9A,,[WPA2_PSK],2025-3-25 22:50:6,11,-90,34.0542679,-117.1747894,395.30,1.50,WIFI
9E:A3:A9:D0:61:BB,,[WPA2_PSK],2025-3-25 22:50:10,1,-67,34.0538635,-117.1744385,396.10,1.50,WIFI
D0:6D:C9:39:56:16,Frontier0038,[WPA2_PSK],2025-3-25 22:50:10,1,-75,34.0538635,-117.1744385,396.10,1.50,WIFI
5C:A6:E6:BF:67:DF,coopybellegama,[WPA2_PSK],2025-3-25 22:50:13,4,-84,34.0536003,-117.1742249,397.50,1.50,WIFI
D0:6D:C9:37:1A:E6,Frontier0671,[WPA2_PSK],2025-3-25 22:50:15,6,-72,34.0534668,-117.1741104,397.80,1.50,WIFI
74:FE:CE:7E:F9:2E,RooseveltGuest,[WPA2_PSK],2025-3-25 22:50:15,6,-79,34.0534668,-117.1741104,397.80,1.50,WIFI
7A:FE:CE:7E:F9:2E,,[WPA2_PSK],2025-3-25 22:50:15,6,-79,34.0534668,-117.1741104,397.80,1.50,WIFI
9C:57:BC:A5:36:C3,,[WPA3_PSK],2025-3-25 22:50:15,6,-83,34.0534668,-117.1741104,397.80,1.50,WIFI
AC:91:9B:C0:20:6A,Verizon_9RJLR4,[WPA2_PSK],2025-3-25 22:50:15,6,-83,34.0534668,-117.1741104,397.80,1.50,WIFI
2C:EA:DC:11:96:BE,MySpectrumWiFi58-5G,[WPA2_PSK],2025-3-25 22:50:15,6,-86,34.0534668,-117.1741104,397.80,1.50,WIFI
00:54:AF:80:98:F6,Hotspot98F6,[WPA_WPA2_PSK],2025-3-25 22:50:17,8,-75,34.0533905,-117.1740570,397.90,1.50,WIFI
F2:CB:BC:96:A9:23,,[WPA2_PSK],2025-3-25 22:50:20,11,-73,34.0533638,-117.1740341,398.00,1.50,WIFI
DE:CB:BC:96:A9:23,,[WPA2_PSK],2025-3-25 22:50:20,11,-73,34.0533638,-117.1740341,398.00,1.50,WIFI
E6:CB:BC:96:A9:23,HGguest,[OPEN],2025-3-25 22:50:20,11,-74,34.0533638,-117.1740341,398.00,1.50,WIFI
EA:CB:BC:96:A9:23,HumanGood,[WPA2],2025-3-25 22:50:20,11,-74,34.0533638,-117.1740341,398.00,1.50,WIFI
00:30:44:39:16:FF,POS360 - ROCK VIEW,[WPA2_PSK],2025-3-25 22:50:20,11,-83,34.0533638,-117.1740341,398.00,1.50,WIFI
20:9A:7D:20:3E:E6,SpectrumSetup-E0,[WPA2_PSK],2025-3-25 22:50:20,11,-83,34.0533638,-117.1740341,398.00,1.50,WIFI
72:3A:CB:C5:48:6C,Cindy,[WPA2_PSK],2025-3-25 22:50:20,11,-83,34.0533638,-117.1740341,398.00,1.50,WIFI
70:3A:CB:C5:48:6C,ma kharj,[WPA2_PSK],2025-3-25 22:50:20,11,-84,34.0533638,-117.1740341,398.00,1.50,WIFI
BA:8B:A9:5F:60:9A,,[WPA2_PSK],2025-3-25 22:50:20,11,-85,34.0533638,-117.1740341,398.00,1.50,WIFI
BC:75:36:E8:A5:C4,MB Hotspot 54269 2.4 GHz,[WPA2_PSK],2025-3-25 22:50:21,1,-66,34.0533638,-117.1740341,398.00,1.50,WIFI
18:9C:27:1E:1C:38,Frontier9520,[WPA2_PSK],2025-3-25 22:50:21,1,-72,34.0533638,-117.1740341,398.00,1.50,WIFI
48:D2:4F:FD:B8:A6,SpectrumSetup-A0,[WPA2_PSK],2025-3-25 22:50:21,1,-73,34.0533638,-117.1740341,398.00,1.50,WIFI
74:37:5F:EF:AF:23,SpectrumSetup-91,[WPA2_PSK],2025-3-25 22:50:21,1,-81,34.0533638,-117.1740341,398.00,1.50,WIFI
24:41:FE:47:56:CA,Verizon_67MGKY,[WPA3_PSK],2025-3-25 22:50:21,1,-83,34.0533638,-117.1740341,398.00,1.50,WIFI
12:61:B4:7E:19:57,sector51,[WPA2_PSK],2025-3-25 22:50:26,3,-83,34.0533638,-117.1740341,397.90,1.50,WIFI
92:3C:B3:23:40:70,louli Guest Network,[WPA2_PSK],2025-3-25 22:50:29,6,-77,34.0533638,-117.1740265,397.90,1.50,WIFI
90:72:40:23:B3:3C,my apple,[WPA2_PSK],2025-3-25 22:50:29,6,-77,34.0533638,-117.1740265,397.90,1.50,WIFI
9C:57:BC:A5:36:C6,Teresa,[WPA2_PSK],2025-3-25 22:50:29,6,-81,34.0533638,-117.1740265,397.90,1.50,WIFI
88:DE:7C:C5:FA:2D,SpectrumSetup-2F,[WPA2_PSK],2025-3-25 22:50:36,1,-66,34.0532608,-117.1739426,398.50,1.50,WIFI
20:9A:7D:12:B7:DE,ZOOSE5150,[WPA2_PSK],2025-3-25 22:50:36,1,-68,34.0532608,-117.1739426,398.50,1.50,WIFI
AC:B6:87:3A:D6:A1,Verizon_VN6GH7,[WPA2_PSK],2025-3-25 22:50:36,1,-73,34.0532608,-117.1739426,398.50,1.50,WIFI
80:78:71:C9:44:81,SpectrumSetup-83,[WPA2_PSK],2025-3-25 22:50:36,1,-76,34.0532608,-117.1739426,398.50,1.50,WIFI
C0:3C:04:AA:28:E5,SpectrumSetup-DF,[WPA2_PSK],2025-3-25 22:50:36,1,-82,34.0532608,-117.1739426,398.50,1.50,WIFI
9E:A3:A9:E9:06:D9,,[WPA2_PSK],2025-3-25 22:50:36,1,-84,34.0532608,-117.1739426,398.50,1.50,WIFI
F4:52:46:DB:38:6B,SpectrumSetup-386E,[WPA2_PSK],2025-3-25 22:50:43,6,-74,34.0526810,-117.1734314,401.00,1.50,WIFI
12:59:32:60:AA:56,,[WPA2_PSK],2025-3-25 22:50:43,6,-80,34.0526810,-117.1734314,401.00,1.50,WIFI
84:1E:A3:BD:86:BE,gwenaverashinault,[WPA2_PSK],2025-3-25 22:50:43,6,-84,34.0526810,-117.1734314,401.00,1.50,WIFI
54:07:7D:11:D4:CE,NETGEAR88,[WPA2_PSK],2025-3-25 22:50:45,8,-73,34.0524521,-117.1732101,401.90,1.50,WIFI
AC:DF:9F:26:DD:E8,TMOBILE2013Connected,[WPA2_WPA3_PSK],2025-3-25 22:50:45,8,-79,34.0524521,-117.1732101,401.90,1.50,WIFI
34:98:B5:FF:37:94,,[WPA2_PSK],2025-3-25 22:50:46,9,-86,34.0523376,-117.1730881,402.30,1.50,WIFI
3A:98:B5:FF:37:94,RDPes,[WPA2_WPA3_PSK],2025-3-25 22:50:46,9,-88,34.0523376,-117.1730881,402.30,1.50,WIFI
F0:09:0D:8B:08:BE,KryWar,[WPA2_PSK],2025-3-25 22:50:47,10,-81,34.0522194,-117.1729736,402.70,1.50,WIFI
F0:09:0D:8A:EB:4F,KryWar,[WPA2_PSK],2025-3-25 22:50:47,10,-83,34.0522194,-117.1729736,402.70,1.50,WIFI
A4:11:62:60:76:EA,NTGR_VMB_7982300922,[WPA2_PSK],2025-3-25 22:50:47,10,-90,34.0522194,-117.1729736,402.70,1.50,WIFI
58:9B:4A:AB:DC:FA,BERVAJEAN,[WPA2_PSK],2025-3-25 22:50:48,11,-65,34.0521049,-117.1728592,403.20,1.50,WIFI
4C:AB:F8:49:B6:41,SpectrumSetup-43,[WPA2_PSK],2025-3-25 22:50:48,11,-70,34.0521049,-117.1728592,403.20,1.50,WIFI
86:EA:ED:D9:B1:2B,,[WPA2_PSK],2025-3-25 22:50:48,11,-76,34.0521049,-117.1728592,403.20,1.50,WIFI
88:67:46:6E:7B:E3,,[WPA3_PSK],2025-3-25 22:50:48,11,-83,34.0521049,-117.1728592,403.20,1.50,WIFI
58:9B:4A:B1:4D:93,SpectrumSetup-4D8F,[WPA2_PSK],2025-3-25 22:50:48,11,-93,34.0521049,-117.1728592,403.20,1.50,WIFI
C8:C6:FE:05:B7:26,Frontier218,[WPA2_PSK],2025-3-25 22:50:50,1,-73,34.0518799,-117.1726379,404.00,1.50,WIFI
C8:C6:FE:05:B7:23,,[WPA3_PSK],2025-3-25 22:50:50,1,-73,34.0518799,-117.1726379,404.00,1.50,WIFI
C8:C6:FE:05:B7:29,,[OPEN],2025-3-25 22:50:50,1,-73,34.0518799,-117.1726379,404.00,1.50,WIFI
A8:9A:93:B6:38:6E,MySpectrumWiFi68-2G,[WPA2_PSK],2025-3-25 22:50:50,1,-80,34.0518799,-117.1726379,404.00,1.50,WIFI
44:AD:B1:4A:54:4E,SpectrumSetup-48,[WPA2_PSK],2025-3-25 22:50:50,1,-87,34.0518799,-117.1726379,404.00,1.50,WIFI
6A:22:32:6A:DF:A6,Pathway Guest,[OPEN],2025-3-25 22:50:50,1,-88,34.0518799,-117.1726379,404.00,1.50,WIFI
50:D4:F7:02:DB:1F,IEMS,[WPA_WPA2_PSK],2025-3-25 22:50:53,2,-83,34.0515366,-117.1723328,405.40,1.50,WIFI
D8:EC:5E:F6:D5:B6,Nacho WiFi,[WPA2_PSK],2025-3-25 22:50:56,5,-68,34.0512047,-117.1720657,406.40,1.50,WIFI
DE:EC:5E:F6:D5:B6,,[WPA2_PSK],2025-3-25 22:50:56,5,-70,34.0512047,-117.1720657,406.40,1.50,WIFI
34:53:D2:B6:F6:79,MySpectrumWiFibc-2G,[WPA2_PSK],2025-3-25 22:50:57,6,-61,34.0511017,-117.1719818,406.80,1.50,WIFI
40:47:5E:37:4B:03,,[WPA3_PSK],2025-3-25 22:50:57,6,-63,34.0511017,-117.1719818,406.80,1.50,WIFI
40:47:5E:37:4B:09,,[OPEN],2025-3-25 22:50:57,6,-63,34.0511017,-117.1719818,406.80,1.50,WIFI
40:47:5E:37:4B:06,The W,[WPA2_PSK],2025-3-25 22:50:57,6,-65,34.0511017,-117.1719818,406.80,1.50,WIFI
30:93:BC:7C:F5:F6,MySpectrumWiFif0-2G,[WPA2_PSK],2025-3-25 22:50:57,6,-66,34.0511017,-117.1719818,406.80,1.50,WIFI
C0:3C:04:A8:15:67,SpectrumSetup-61,[WPA2_PSK],2025-3-25 22:50:57,6,-70,34.0511017,-117.1719818,406.80,1.50,WIFI
D4:05:DE:05:E7:0A,,[OPEN],2025-3-25 22:50:57,6,-73,34.0511017,-117.1719818,406.80,1.50,WIFI
D4:05:DE:05:E7:04,,[WPA3_PSK],2025-3-25 22:50:57,6,-74,34.0511017,-117.1719818,406.80,1.50,WIFI
D4:05:DE:05:E7:07,SxulChoclate,[WPA2_PSK],2025-3-25 22:50:57,6,-74,34.0511017,-117.1719818,406.80,1.50,WIFI
F4:52:46:F7:5F:4F,SpectrumSetup-5F52,[WPA2_PSK],2025-3-25 22:50:57,6,-77,34.0511017,-117.1719818,406.80,1.50,WIFI
F4:05:95:7D:99:D0,SpectrumSetup-CA,[WPA2_PSK],2025-3-25 22:50:57,6,-85,34.0511017,-117.1719818,406.80,1.50,WIFI
60:22:32:6A:EA:D2,,[WPA2_PSK],2025-3-25 22:50:57,6,-86,34.0511017,-117.1719818,406.80,1.50,WIFI
A0:7F:8A:27:5A:02,SpectrumSetup-59FC,[WPA2_PSK],2025-3-25 22:51:3,11,-73,34.0504837,-117.1714859,408.90,1.50,WIFI
44:AC:85:6F:75:83,,[WPA3_PSK],2025-3-25 22:51:3,11,-79,34.0504837,-117.1714859,408.90,1.50,WIFI
A0:89:66:9E:B2:20,,[WPA_WPA2_PSK],2025-3-25 22:51:3,11,-85,34.0504837,-117.1714859,408.90,1.50,WIFI
24:94:CB:11:C1:58,Frontier8192,[WPA2_PSK],2025-3-25 22:51:3,11,-87,34.0504837,-117.1714859,408.90,1.50,WIFI
74:37:5F:C9:87:93,Alpha7,[WPA2_PSK],2025-3-25 22:51:3,11,-88,34.0504837,-117.1714859,408.90,1.50,WIFI
B0:FC:88:5C:31:B0,leothecutestcat,[WPA2_PSK],2025-3-25 22:51:6,1,-79,34.0501289,-117.1712112,409.90,1.50,WIFI
A0:7F:8A:53:C8:73,SpectrumSetup-C86D,[WPA2_PSK],2025-3-25 22:51:6,1,-81,34.0501289,-117.1712112,409.90,1.50,WIFI
C4:65:16:77:6B:4D,DIRECT-4B-HP DeskJet 2600 series,[WPA2_PSK],2025-3-25 22:51:6,1,-82,34.0501289,-117.1712112,409.90,1.50,WIFI
F4:52:46:21:C6:71,SpectrumSetup-73,[WPA2_PSK],2025-3-25 22:51:6,1,-86,34.0501289,-117.1712112,409.90,1.50,WIFI
94:09:C9:FF:FB:5B,GTAJOR,[WPA2_PSK],2025-3-25 22:51:6,1,-90,34.0501289,-117.1712112,409.90,1.50,WIFI
00:54:AF:4A:16:A0,Telematics Wi-Fi,[WPA2_PSK],2025-3-25 22:51:9,3,-80,34.0497665,-117.1709213,411.40,1.50,WIFI
8C:3B:AD:2D:57:3A,FiOS-AFPQG_2GEXT,[WPA2_PSK],2025-3-25 22:51:12,6,-82,34.0494461,-117.1706696,412.70,1.50,WIFI
A0:89:66:8D:FF:40,,[WPA_WPA2_PSK],2025-3-25 22:51:12,6,-85,34.0494461,-117.1706696,412.70,1.50,WIFI
90:03:71:8A:43:80,rei,[WPA2_PSK],2025-3-25 22:51:12,6,-87,34.0494461,-117.1706696,412.70,1.50,WIFI
58:DB:09:4E:5D:13,T-Mobile Broadband%IMEI:2%,[WPA2_PSK],2025-3-25 22:51:12,6,-88,34.0494461,-117.1706696,412.70,1.50,WIFI
9C:C9:EB:52:00:E8,,[WPA2_PSK],2025-3-25 22:51:12,6,-88,34.0494461,-117.1706696,412.70,1.50,WIFI
2C:67:BE:08:A8:D0,CarlosAndRonni,[WPA2_PSK],2025-3-25 22:51:12,6,-88,34.0494461,-117.1706696,412.70,1.50,WIFI
78:D2:94:3D:07:DA,Pretty Fly 4 a WiFi,[WPA2_PSK],2025-3-25 22:51:14,8,-74,34.0492973,-117.1705475,413.50,1.50,WIFI
EA:07:B6:AF:91:92,,[WPA2_PSK],2025-3-25 22:51:16,10,-81,34.0491524,-117.1704330,414.30,1.50,WIFI
D8:07:B6:AF:91:92,TP-Link_9192,[WPA2_PSK],2025-3-25 22:51:16,10,-83,34.0491524,-117.1704330,414.30,1.50,WIFI
00:30:44:78:91:98,,[WPA_WPA2_PSK],2025-3-25 22:51:17,11,-74,34.0490761,-117.1703644,414.60,1.50,WIFI
C8:B4:22:38:BC:CB,MySpectrumWiFiCD-2G,[WPA2_PSK],2025-3-25 22:51:17,11,-81,34.0490761,-117.1703644,414.60,1.50,WIFI
C8:B4:22:7E:DA:B0,MySpectrumWiFiB2-2G,[WPA2_PSK],2025-3-25 22:51:17,11,-87,34.0490761,-117.1703644,414.60,1.50,WIFI
A4:AE:9A:07:40:86,GiFi_5680,[WPA_WPA2_PSK],2025-3-25 22:51:20,1,-83,34.0488167,-117.1701584,415.80,1.50,WIFI
E0:23:FF:6F:98:D9,TheUPSStore-Guest,[WPA2_PSK],2025-3-25 22:51:20,1,-83,34.0488167,-117.1701584,415.80,1.50,WIFI
E0:23:FF:6F:98:D8,ICN_BUS,[WPA2],2025-3-25 22:51:20,1,-84,34.0488167,-117.1701584,415.80,1.50,WIFI
5C:FA:25:C5:DD:1D,SpectrumSetup-17,[WPA2_PSK],2025-3-25 22:51:20,1,-85,34.0488167,-117.1701584,415.80,1.50,WIFI
E0:23:FF:6F:98:DD,TheUPSStore-TSK,[WPA2],2025-3-25 22:51:20,1,-86,34.0488167,-117.1701584,415.80,1.50,WIFI
94:18:65:E9:1B:C0,Palm Tree,[WPA2_PSK],2025-3-25 22:51:25,5,-80,34.0483894,-117.1698151,417.70,1.50,WIFI
A8:F7:D9:8A:04:21,Chase_Guest,[OPEN],2025-3-25 22:51:26,6,-90,34.0483131,-117.1697617,418.10,1.50,WIFI
D0:6D:C9:37:33:56,Frontier0153,[WPA2_PSK],2025-3-25 22:51:31,11,-69,34.0479927,-117.1694946,419.20,1.50,WIFI
58:11:22:70:07:F8,SpectrumSetup-57_2.4G,[WPA2_WPA3_PSK],2025-3-25 22:51:31,11,-76,34.0479927,-117.1694946,419.20,1.50,WIFI
C4:41:1E:DE:6D:3E,Frontier8832_Ext,[WPA2_PSK],2025-3-25 22:51:31,11,-82,34.0479927,-117.1694946,419.20,1.50,WIFI
00:C8:96:CD:45:1A,,[WPA_WPA2_PSK],2025-3-25 22:51:31,11,-84,34.0479927,-117.1694946,419.20,1.50,WIFI
BA:D7:AF:81:E1:A8,DIRECT-G4-Car_4471,[WPA2_PSK],2025-3-25 22:51:31,11,-87,34.0479927,-117.1694946,419.20,1.50,WIFI
FC:3F:A6:F7:36:83,,[WPA3_PSK],2025-3-25 22:51:34,1,-75,34.0478859,-117.1694183,419.40,1.50,WIFI
FC:3F:A6:F7:36:86,JumboTron,[WPA2_PSK],2025-3-25 22:51:34,1,-77,34.0478859,-117.1694183,419.40,1.50,WIFI
CE:22:26:1B:63:7E,Michelle,[WPA2_PSK],2025-3-25 22:51:34,1,-88,34.0478859,-117.1694183,419.40,1.50,WIFI
F4:69:42:F0:BB:7D,MugglesNeedNotEnter,[WPA2_PSK],2025-3-25 22:51:34,1,-88,34.0478859,-117.1694183,419.40,1.50,WIFI
98:6B:3D:C3:1E:50,Dental Gallery,[WPA2_PSK],2025-3-25 22:51:34,1,-90,34.0478859,-117.1694183,419.40,1.50,WIFI
34:6B:46:5B:C2:32,MySpectrumWiFi2c-2G,[WPA2_PSK],2025-3-25 22:51:40,6,-85,34.0478592,-117.1693954,419.40,1.50,WIFI
48:5D:36:13:0E:8C,FiOS-FVMHT,[WPA2_PSK],2025-3-25 22:51:40,6,-86,34.0478592,-117.1693954,419.40,1.50,WIFI
F8:5B:3B:35:66:D4,Orleans,[WPA2_PSK],2025-3-25 22:51:40,6,-86,34.0478592,-117.1693954,419.40,1.50,WIFI
58:11:22:70:07:F0,SpectrumSetup-57_2.4G,[WPA2_WPA3_PSK],2025-3-25 22:51:45,11,-69,34.0478477,-117.1693802,419.40,1.50,WIFI
D0:6D:C9:37:42:D6,Zoom Room,[WPA2_PSK],2025-3-25 22:51:45,11,-86,34.0478477,-117.1693802,419.40,1.50,WIFI
08:7B:12:3F:CA:C6,Frontier21402G,[WPA2_PSK],2025-3-25 22:51:45,11,-87,34.0478477,-117.1693802,419.40,1.50,WIFI
D2:6D:C9:37:42:D7,,[WPA2_PSK],2025-3-25 22:51:45,11,-88,34.0478477,-117.1693802,419.40,1.50,WIFI
80:DA:13:5B:46:43,,[WPA3_PSK],2025-3-25 22:51:48,1,-77,34.0478439,-117.1693726,419.50,1.50,WIFI
80:DA:13:57:8A:89,,[OPEN],2025-3-25 22:51:48,1,-78,34.0478439,-117.1693726,419.50,1.50,WIFI
80:DA:13:57:8A:83,,[WPA3_PSK],2025-3-25 22:51:48,1,-79,34.0478439,-117.1693726,419.50,1.50,WIFI
80:DA:13:57:8A:86,VNGCE,[WPA2_PSK],2025-3-25 22:51:48,1,-79,34.0478439,-117.1693726,419.50,1.50,WIFI
B0:FC:88:3D:CB:38,SpectrumSetup-32,[WPA2_PSK],2025-3-25 22:51:48,1,-83,34.0478439,-117.1693726,419.50,1.50,WIFI
B0:BB:E5:2B:D1:1E,SpectrumSetup-18,[WPA2_PSK],2025-3-25 22:51:48,1,-90,34.0478439,-117.1693726,419.50,1.50,WIFI
3C:7C:3F:A0:68:08,Frontier 8832,[WPA2_PSK],2025-3-25 22:51:52,4,-83,34.0478401,-117.1693726,419.40,1.50,WIFI
84:A0:6E:D5:84:2E,Theyellowdoor-2G,[WPA2_PSK],2025-3-25 22:51:59,11,-86,34.0477753,-117.1693192,419.70,1.50,WIFI
A8:F7:D9:92:50:E1,Chase_Guest,[OPEN],2025-3-25 22:52:2,1,-81,34.0475502,-117.1691437,420.30,1.50,WIFI
FC:12:63:F2:88:76,Verizon_TWS974,[WPA2_PSK],2025-3-25 22:52:2,1,-83,34.0475502,-117.1691437,420.30,1.50,WIFI
4C:32:75:C4:C6:0A,Madison's Wi-Fi Network,[WPA2_PSK],2025-3-25 22:52:2,1,-88,34.0475502,-117.1691437,420.30,1.50,WIFI
32:80:88:EE:74:3C,,[WPA2_PSK],2025-3-25 22:52:5,3,-83,34.0472336,-117.1688843,421.00,1.50,WIFI
08:7B:12:4B:FE:CD,Ibarra,[WPA2_PSK],2025-3-25 22:52:8,6,-75,34.0468559,-117.1685944,422.10,1.50,WIFI
9E:7B:EF:5B:A5:03,DIRECT-03-HP OfficeJet Pro 7740,[WPA2_PSK],2025-3-25 22:52:8,6,-85,34.0468559,-117.1685944,422.10,1.50,WIFI
B0:E4:D5:22:74:30,Sidhant Nest,[WPA2_PSK],2025-3-25 22:52:8,6,-85,34.0468559,-117.1685944,422.10,1.50,WIFI
B2:E4:D5:22:74:30,Sidhant Guest,[WPA2_PSK],2025-3-25 22:52:8,6,-85,34.0468559,-117.1685944,422.10,1.50,WIFI
A4:97:33:4F:B3:C5,SpectrumSetup-C7,[WPA2_PSK],2025-3-25 22:52:8,6,-86,34.0468559,-117.1685944,422.10,1.50,WIFI
F0:72:EA:84:64:8A,Sidhant Nest,[WPA2_PSK],2025-3-25 22:52:13,11,-67,34.0461731,-117.1680145,425.30,1.50,WIFI
F2:72:EA:84:64:89,Sidhant Guest,[WPA2_PSK],2025-3-25 22:52:13,11,-69,34.0461731,-117.1680145,425.30,1.50,WIFI
D0:21:F9:FD:61:25,TDS Redlands,[WPA2_PSK],2025-3-25 22:52:13,11,-77,34.0461731,-117.1680145,425.30,1.50,WIFI
E4:5E:1B:89:AE:6A,Sidhant Nest,[WPA2_PSK],2025-3-25 22:52:13,11,-80,34.0461731,-117.1680145,425.30,1.50,WIFI
E6:5E:1B:89:AE:69,Sidhant Guest,[WPA2_PSK],2025-3-25 22:52:13,11,-80,34.0461731,-117.1680145,425.30,1.50,WIFI
F2:72:EA:75:5C:61,Sidhant Guest,[WPA2_PSK],2025-3-25 22:52:13,11,-83,34.0461731,-117.1680145,425.30,1.50,WIFI
98:F7:81:E7:DB:D8,Frontier0016,[WPA2_PSK],2025-3-25 22:52:13,11,-84,34.0461731,-117.1680145,425.30,1.50,WIFI
B0:FC:88:31:E7:7F,SpectrumSetup-79,[WPA2_PSK],2025-3-25 22:52:13,11,-85,34.0461731,-117.1680145,425.30,1.50,WIFI
00:26:B8:2C:20:9E,DFZP1,[WEP],2025-3-25 22:52:13,11,-90,34.0461731,-117.1680145,425.30,1.50,WIFI
F0:72:EA:75:5C:62,Sidhant Nest,[WPA2_PSK],2025-3-25 22:52:13,11,-93,34.0461731,-117.1680145,425.30,1.50,WIFI
F0:72:EA:97:0A:52,Rossie Google wifi,[WPA2_PSK],2025-3-25 22:52:14,1,-83,34.0460358,-117.1678848,426.00,1.50,WIFI
90:E2:02:9B:A9:8B,SMA3008184435,[WPA2_PSK],2025-3-25 22:52:14,1,-85,34.0460358,-117.1678848,426.00,1.50,WIFI
14:22:3B:2E:AC:2A,KB Wifi,[WPA2_PSK],2025-3-25 22:52:14,1,-85,34.0460358,-117.1678848,426.00,1.50,WIFI
14:22:3B:35:81:A2,KB Wifi,[WPA2_PSK],2025-3-25 22:52:14,1,-86,34.0460358,-117.1678848,426.00,1.50,WIFI
F4:69:42:01:E1:38,SpectrumSetup-3A,[WPA2_PSK],2025-3-25 22:52:14,1,-88,34.0460358,-117.1678848,426.00,1.50,WIFI
D0:6D:C9:2E:72:C6,Frontier0166,[WPA2_PSK],2025-3-25 22:52:14,1,-89,34.0460358,-117.1678848,426.00,1.50,WIFI
2E:80:88:EE:74:3C,Halo Red,[WPA2_PSK],2025-3-25 22:52:19,3,-90,34.0454674,-117.1672745,429.10,1.50,WIFI
88:DE:7C:D4:0A:E1,SpectrumSetup-E3,[WPA2_PSK],2025-3-25 22:52:22,6,-86,34.0452194,-117.1669617,430.50,1.50,WIFI
C2:A4:76:D0:08:A2,,[WPA_WPA2_PSK],2025-3-25 22:52:22,6,-91,34.0452194,-117.1669617,430.50,1.50,WIFI
34:98:B5:FF:37:F3,,[WPA2_PSK],2025-3-25 22:52:25,9,-90,34.0450211,-117.1666794,431.90,1.50,WIFI
34:98:B5:FF:6B:2C,RDPes,[WPA2_WPA3_PSK],2025-3-25 22:52:25,9,-91,34.0450211,-117.1666794,431.90,1.50,WIFI
22:E8:29:94:0E:F8,,[WPA2_PSK],2025-3-25 22:52:27,11,-63,34.0449066,-117.1665115,432.50,1.50,WIFI
18:E8:29:94:0E:F8,TheRiver,[WPA2_PSK],2025-3-25 22:52:27,11,-65,34.0449066,-117.1665115,432.50,1.50,WIFI
1E:E8:29:94:0E:F8,River Guest,[WPA2_PSK],2025-3-25 22:52:27,11,-65,34.0449066,-117.1665115,432.50,1.50,WIFI
26:E8:29:94:0E:F8,,[WPA2_PSK],2025-3-25 22:52:27,11,-71,34.0449066,-117.1665115,432.50,1.50,WIFI
18:E8:29:64:BB:F5,TheRiver,[WPA2_PSK],2025-3-25 22:52:27,11,-78,34.0449066,-117.1665115,432.50,1.50,WIFI
32:9B:D6:91:DF:68,Kidside 3-5,[OPEN],2025-3-25 22:52:27,11,-78,34.0449066,-117.1665115,432.50,1.50,WIFI
B0:FC:88:5D:22:28,SpectrumSetup-22,[WPA2_PSK],2025-3-25 22:52:27,11,-80,34.0449066,-117.1665115,432.50,1.50,WIFI
EA:CB:BC:33:4F:D6,Volunteer,[WPA2_PSK],2025-3-25 22:52:27,11,-83,34.0449066,-117.1665115,432.50,1.50,WIFI
DE:CB:BC:BE:CD:4A,,[WPA2_PSK],2025-3-25 22:52:27,11,-84,34.0449066,-117.1665115,432.50,1.50,WIFI
E0:CB:BC:33:4F:D6,Staff,[WPA2_PSK],2025-3-25 22:52:27,11,-84,34.0449066,-117.1665115,432.50,1.50,WIFI
26:E8:29:64:BB:F5,,[WPA2_PSK],2025-3-25 22:52:27,11,-84,34.0449066,-117.1665115,432.50,1.50,WIFI
20:BE:CD:82:57:44,,[WPA3_PSK],2025-3-25 22:52:27,11,-84,34.0449066,-117.1665115,432.50,1.50,WIFI
DE:CB:BC:33:4F:D6,,[WPA2_PSK],2025-3-25 22:52:27,11,-85,34.0449066,-117.1665115,432.50,1.50,WIFI
EA:CB:BC:BE:CD:4A,Volunteer,[WPA2_PSK],2025-3-25 22:52:27,11,-86,34.0449066,-117.1665115,432.50,1.50,WIFI
20:BE:CD:82:57:4A,,[OPEN],2025-3-25 22:52:27,11,-86,34.0449066,-117.1665115,432.50,1.50,WIFI
FC:12:63:B8:D8:99,SpectrumSetup-9B,[WPA2_PSK],2025-3-25 22:52:27,11,-89,34.0449066,-117.1665115,432.50,1.50,WIFI
C2:A4:76:A2:6E:01,@Reyee-s089F_iot,[WPA_WPA2_PSK],2025-3-25 22:52:28,1,-68,34.0448647,-117.1664505,432.90,1.50,WIFI
C2:A4:76:D2:6E:01,,[WPA_WPA2_PSK],2025-3-25 22:52:28,1,-69,34.0448647,-117.1664505,432.90,1.50,WIFI
C0:A4:76:B2:6E:01,@Reyee-s089F,[WPA_WPA2_PSK],2025-3-25 22:52:28,1,-72,34.0448647,-117.1664505,432.90,1.50,WIFI
E0:CB:BC:BE:C4:61,Staff,[WPA2_PSK],2025-3-25 22:52:28,1,-76,34.0448647,-117.1664505,432.90,1.50,WIFI
E6:CB:BC:BE:C4:61,Media,[WPA2_PSK],2025-3-25 22:52:28,1,-76,34.0448647,-117.1664505,432.90,1.50,WIFI
EA:CB:BC:BE:C4:61,Volunteer,[WPA2_PSK],2025-3-25 22:52:28,1,-76,34.0448647,-117.1664505,432.90,1.50,WIFI
DE:CB:BC:BE:C4:61,,[WPA2_PSK],2025-3-25 22:52:28,1,-76,34.0448647,-117.1664505,432.90,1.50,WIFI
F4:69:42:51:B5:9F,SpectrumSetup-A1,[WPA2_PSK],2025-3-25 22:52:28,1,-81,34.0448647,-117.1664505,432.90,1.50,WIFI
44:A5:6E:8E:64:92,NETGEAR_EXT,[OPEN],2025-3-25 22:52:28,1,-88,34.0448647,-117.1664505,432.90,1.50,WIFI
26:E8:29:94:11:A0,,[WPA2_PSK],2025-3-25 22:52:28,1,-91,34.0448647,-117.1664505,432.90,1.50,WIFI
3C:52:A1:1B:50:22,BFSC - Admin,[WPA2_PSK],2025-3-25 22:52:34,3,-82,34.0446167,-117.1660385,434.80,1.50,WIFI
42:52:A1:1B:50:22,BFSC Admin_Guest,[WPA2_PSK],2025-3-25 22:52:34,3,-88,34.0446167,-117.1660385,434.80,1.50,WIFI
D8:EC:5E:9C:22:F8,anette,[WPA2_PSK],2025-3-25 22:52:35,4,-82,34.0445557,-117.1659393,435.20,1.50,WIFI
C0:A4:76:B0:08:A2,West Wing,[WPA_WPA2_PSK],2025-3-25 22:52:37,6,-82,34.0444336,-117.1656952,436.20,1.50,WIFI
70:A7:41:61:A2:34,TGPG,[WPA2_PSK],2025-3-25 22:52:37,6,-89,34.0444336,-117.1656952,436.20,1.50,WIFI
42:98:B5:FF:6B:2C,RDPes-IoT,[WPA2_PSK],2025-3-25 22:52:40,9,-83,34.0442162,-117.1652451,438.00,1.50,WIFI
3A:98:B5:FF:6B:2C,,[WPA2_PSK],2025-3-25 22:52:40,9,-84,34.0442162,-117.1652451,438.00,1.50,WIFI
42:98:B5:FF:37:F3,RDPes-IoT,[WPA2_PSK],2025-3-25 22:52:40,9,-85,34.0442162,-117.1652451,438.00,1.50,WIFI
00:54:AF:15:1D:FD,Hotspot1DFD,[WPA_WPA2_PSK],2025-3-25 22:52:40,9,-86,34.0442162,-117.1652451,438.00,1.50,WIFI
3A:98:B5:FF:37:F3,RDPes,[WPA2_WPA3_PSK],2025-3-25 22:52:40,9,-88,34.0442162,-117.1652451,438.00,1.50,WIFI
9C:3D:CF:44:7B:C2,NETGEAR04,[WPA2_PSK],2025-3-25 22:52:40,9,-91,34.0442162,-117.1652451,438.00,1.50,WIFI
88:DE:7C:27:96:65,SpectrumSetup-67,[WPA2_PSK],2025-3-25 22:52:42,11,-82,34.0440750,-117.1649017,439.10,1.50,WIFI
E0:46:EE:04:B5:3B,NETGEAR06,[WPA2_PSK],2025-3-25 22:52:42,11,-83,34.0440750,-117.1649017,439.10,1.50,WIFI
20:BE:CD:82:57:47,searching…,[WPA2_PSK],2025-3-25 22:52:42,11,-84,34.0440750,-117.1649017,439.10,1.50,WIFI
4C:AB:F8:54:79:0D,SpectrumSetup-6D,[WPA2_PSK],2025-3-25 22:52:44,1,-75,34.0439453,-117.1645355,440.20,1.50,WIFI
F8:5B:3B:DC:C7:ED,SpectrumSetup-EF,[WPA2_PSK],2025-3-25 22:52:44,1,-81,34.0439453,-117.1645355,440.20,1.50,WIFI
14:7D:05:4E:67:C7,SpectrumSetup-C5,[WPA2_PSK],2025-3-25 22:52:44,1,-85,34.0439453,-117.1645355,440.20,1.50,WIFI
94:3C:96:5E:A2:86,TMOBILE-A281,[WPA2_WPA3_PSK],2025-3-25 22:53:5,6,-75,34.0423775,-117.1598587,450.90,1.75,WIFI
72:32:B1:69:33:61,,[WPA2_PSK],2025-3-25 22:53:6,7,-87,34.0422707,-117.1596298,451.80,1.75,WIFI
60:32:B1:69:33:61,FridayPizza,[WPA2_PSK],2025-3-25 22:53:6,7,-88,34.0422707,-117.1596298,451.80,1.75,WIFI
86:83:C2:8D:06:CB,TLE-LEAP,[WPA2_PSK],2025-3-25 22:53:10,11,-91,34.0418472,-117.1587372,455.50,1.75,WIFI
A6:83:C2:8D:06:CB,TLE-CENTER,[WPA2_PSK],2025-3-25 22:53:10,11,-91,34.0418472,-117.1587372,455.50,1.75,WIFI
7A:AC:B9:CA:8E:51,Sev Laser,[WPA2_PSK],2025-3-25 22:53:12,1,-81,34.0416412,-117.1583023,457.20,1.75,WIFI
74:AC:B9:CA:8E:51,Sev Laser Guess,[WPA2_PSK],2025-3-25 22:53:12,1,-82,34.0416412,-117.1583023,457.20,1.75,WIFI
82:AC:B9:CA:8E:51,Sevlaser IoT,[WPA2_PSK],2025-3-25 22:53:12,1,-82,34.0416412,-117.1583023,457.20,1.75,WIFI
74:93:DA:A3:9C:65,SpectrumSetup-67,[WPA2_PSK],2025-3-25 22:53:19,6,-74,34.0410767,-117.1571808,459.20,1.50,WIFI
A2:63:91:B9:FA:60,Frontier0624_EXT,[WPA2_PSK],2025-3-25 22:53:19,6,-83,34.0410767,-117.1571808,459.20,1.50,WIFI
00:25:CA:57:EF:17,KeepTruckin Hotspot - 01491252,[WPA2_PSK],2025-3-25 22:53:19,6,-88,34.0410767,-117.1571808,459.20,1.50,WIFI
5E:57:2B:6C:CB:01,Liam’s iPhone,[WPA2_PSK],2025-3-25 22:53:19,6,-91,34.0410767,-117.1571808,459.20,1.50,WIFI
00:16:78:25:BE:14,Repeater-BE14,[WPA_WPA2_PSK],2025-3-25 22:53:24,11,-86,34.0407906,-117.1567307,459.60,1.50,WIFI
82:2A:A8:94:D3:C8,,[WPA2_PSK],2025-3-25 22:53:24,11,-89,34.0407906,-117.1567307,459.60,1.50,WIFI
60:D5:61:10:32:62,,[WPA2_PSK],2025-3-25 22:53:26,13,-91,34.0406494,-117.1565018,459.90,1.50,WIFI
EA:65:38:64:DA:4C,DIRECT-4c-HP M234 LaserJet,[WPA2_PSK],2025-3-25 22:53:33,6,-80,34.0399170,-117.1553497,462.30,1.50,WIFI
38:A0:67:AA:BA:4D,TMOBILE-BA44,[WPA_WPA2_PSK],2025-3-25 22:53:33,6,-80,34.0399170,-117.1553497,462.30,1.50,WIFI
68:14:01:47:34:7A,DIRECT-7A-HP M506 LaserJet,[WPA2_PSK],2025-3-25 22:53:33,6,-87,34.0399170,-117.1553497,462.30,1.50,WIFI
68:7F:F0:01:E9:6B,TP-Link_E96C,[WPA2_PSK],2025-3-25 22:53:34,7,-80,34.0397911,-117.1551590,462.80,1.50,WIFI
72:7F:F0:01:E9:6E,SmileGuest1,[WPA2_WPA3_PSK],2025-3-25 22:53:34,7,-80,34.0397911,-117.1551590,462.80,1.50,WIFI
B2:8C:B5:9F:EC:ED,,[WPA2_PSK],2025-3-25 22:53:34,7,-82,34.0397911,-117.1551590,462.80,1.50,WIFI
72:7F:F0:01:E9:6D,,[WPA2_PSK],2025-3-25 22:53:34,7,-82,34.0397911,-117.1551590,462.80,1.50,WIFI
72:7F:F0:02:3F:5F,,[WPA2_PSK],2025-3-25 22:53:36,9,-73,34.0395317,-117.1547546,464.10,1.50,WIFI
68:7F:F0:02:3F:5D,TP-Link_3F5E,[WPA2_PSK],2025-3-25 22:53:36,9,-76,34.0395317,-117.1547546,464.10,1.50,WIFI
3C:5C:F1:F6:DA:86,,[OPEN],2025-3-25 22:53:39,11,-78,34.0391388,-117.1541443,466.00,1.50,WIFI
3C:5C:F1:F6:DA:8A,SalinasCounselingGuest,[WPA2_PSK],2025-3-25 22:53:39,11,-78,34.0391388,-117.1541443,466.00,1.50,WIFI
3C:5C:F1:F6:DA:82,,[WPA3_PSK],2025-3-25 22:53:39,11,-79,34.0391388,-117.1541443,466.00,1.50,WIFI
3C:5C:F1:F7:56:F2,,[WPA3_PSK],2025-3-25 22:53:39,11,-86,34.0391388,-117.1541443,466.00,1.50,WIFI
40:49:0F:1D:74:B8,SETUP,[OPEN],2025-3-25 22:53:39,11,-86,34.0391388,-117.1541443,466.00,1.50,WIFI
80:2A:A8:1A:95:08,kw_agentsonly,[WPA2_PSK],2025-3-25 22:53:39,11,-90,34.0391388,-117.1541443,466.00,1.50,WIFI
BC:82:5D:71:06:87,WiFi Hotspot 3573,[WPA2_PSK],2025-3-25 22:53:43,1,-74,34.0386009,-117.1533127,469.00,1.50,WIFI
8C:83:94:A1:DB:E9,Room of requirement,[WPA2_PSK],2025-3-25 22:53:43,1,-82,34.0386009,-117.1533127,469.00,1.50,WIFI
62:E6:F0:CA:A1:48,myGMC a148,[WPA2_PSK],2025-3-25 22:53:43,1,-84,34.0386009,-117.1533127,469.00,1.50,WIFI
CC:2D:21:3C:A8:B1,Williamsnet,[WPA_WPA2_PSK],2025-3-25 22:53:48,6,-85,34.0379448,-117.1522522,471.70,1.50,WIFI
F8:D9:B8:50:31:C8,WiLAN,[WPA_WPA2_PSK],2025-3-25 22:53:48,6,-87,34.0379448,-117.1522522,471.70,1.50,WIFI
FC:DB:21:74:83:9D,,[WPA2_WPA3_PSK],2025-3-25 22:53:48,6,-91,34.0379448,-117.1522522,471.70,1.50,WIFI
B0:95:75:B7:38:4B,,[WPA2_PSK],2025-3-25 22:53:50,8,-86,34.0376892,-117.1518097,473.00,1.50,WIFI
B6:95:75:B7:38:4B,Fronteir6000,[WPA_WPA2_PSK],2025-3-25 22:53:50,8,-88,34.0376892,-117.1518097,473.00,1.50,WIFI
84:18:3A:88:F1:48,Trinity-StaffWifi,[WPA2_PSK],2025-3-25 22:53:51,9,-90,34.0375595,-117.1515732,473.70,1.50,WIFI
84:18:3A:C8:F1:48,TEFC-Worship,[WPA2_PSK],2025-3-25 22:53:51,9,-90,34.0375595,-117.1515732,473.70,1.50,WIFI
38:88:71:0B:56:B5,Verizon_7SHQ7V,[WPA2_PSK],2025-3-25 22:53:53,11,-84,34.0372963,-117.1511078,475.10,1.50,WIFI
88:5A:85:A1:C5:34,hum22049,[WPA2_PSK],2025-3-25 22:53:53,11,-89,34.0372963,-117.1511078,475.10,1.50,WIFI
16:4E:AF:C0:6D:37,myChevrolet,[WPA2_PSK],2025-3-25 22:53:56,1,-89,34.0368881,-117.1503296,477.30,1.50,WIFI
8A:D8:1B:C4:22:BA,,[WPA2_PSK],2025-3-25 22:53:59,4,-93,34.0364647,-117.1494751,480.20,1.50,WIFI
E8:9F:80:E2:EF:74,BossNet,[WPA2_PSK],2025-3-25 22:54:3,8,-90,34.0359383,-117.1482697,484.60,1.50,WIFI
10:0C:6B:18:AB:E9,NETGEAR57,[WPA2_PSK],2025-3-25 22:54:19,10,-79,34.0342789,-117.1428833,503.10,1.50,WIFI
A2:0C:6B:18:AB:EA,NETGEAR57-Guest,[WPA2_PSK],2025-3-25 22:54:19,10,-79,34.0342789,-117.1428833,503.10,1.50,WIFI
94:10:3E:7E:03:C2,Linksys14627,[WPA2_PSK],2025-3-25 22:54:20,11,-81,34.0341911,-117.1425247,504.40,1.50,WIFI
28:38:5C:07:D6:6B,HotspotMKrT,[WPA_WPA2_PSK],2025-3-25 22:54:43,6,-94,34.0316162,-117.1353760,534.50,1.50,WIFI
02:54:AF:F1:87:79,Hotspot8779,[WPA_WPA2_PSK],2025-3-25 22:54:50,1,-92,34.0307770,-117.1334381,543.30,1.50,WIFI
FC:DB:21:51:4A:6D,EstesCab,[WPA2_PSK],2025-3-25 22:54:57,6,-93,34.0300179,-117.1314468,552.40,1.50,WIFI
34:98:B5:FD:30:2D,,[WPA2_PSK],2025-3-25 22:55:8,3,-82,34.0285988,-117.1284714,568.00,1.50,WIFI
3A:98:B5:FD:30:2D,BJZSR,[WPA2_WPA3_PSK],2025-3-25 22:55:8,3,-85,34.0285988,-117.1284714,568.00,1.50,WIFI
42:98:B5:FD:30:2D,ORBI94-IoT,[WPA_WPA2_PSK],2025-3-25 22:55:8,3,-86,34.0285988,-117.1284714,568.00,1.50,WIFI
5A:E4:03:ED:AC:44,myChevrolet AC44,[WPA2_PSK],2025-3-25 22:55:12,7,-88,34.0281982,-117.1274338,572.80,1.50,WIFI
00:54:AF:4A:5A:4C,Hotspot5A4C,[WPA_WPA2_PSK],2025-3-25 22:55:13,8,-84,34.0281296,-117.1271591,574.00,1.50,WIFI
00:C8:96:D0:E5:F2,,[WPA_WPA2_PSK],2025-3-25 22:55:16,11,-78,34.0279541,-117.1263351,577.90,1.50,WIFI
A2:05:D6:CF:A6:57,,[WPA2_PSK],2025-3-25 22:55:16,11,-91,34.0279541,-117.1263351,577.90,1.50,WIFI
5C:FA:25:DB:25:AA,SpectrumSetup-A4,[WPA2_PSK],2025-3-25 22:55:18,1,-73,34.0278702,-117.1257935,580.00,1.50,WIFI
A0:89:66:8D:FA:18,,[WPA_WPA2_PSK],2025-3-25 22:55:18,1,-88,34.0278702,-117.1257935,580.00,1.50,WIFI
AC:DF:9F:73:AE:F4,TMOBILE-AEF2,[WPA2_WPA3_PSK],2025-3-25 22:55:24,5,-84,34.0276299,-117.1241455,585.50,1.50,WIFI
E8:AD:A6:5B:81:FE,MySpectrumWiFif8-2G,[WPA2_PSK],2025-3-25 22:55:25,6,-81,34.0275841,-117.1238556,585.90,1.50,WIFI
0C:C1:19:BF:7A:99,OK309Cam-3EJ48402,[WPA2_PSK],2025-3-25 22:55:25,6,-85,34.0275841,-117.1238556,585.90,1.50,WIFI
74:90:BC:B1:9D:6F,Verizon_HG49JQ,[WPA2_PSK],2025-3-25 22:55:25,6,-89,34.0275841,-117.1238556,585.90,1.50,WIFI
58:70:C6:CD:C8:9F,YICarCam_cdc89f,[WPA2_PSK],2025-3-25 22:55:26,7,-79,34.0275383,-117.1235657,586.20,1.50,WIFI
80:CC:9C:30:BC:7A,NETGEAR92,[WPA2_PSK],2025-3-25 22:55:27,8,-87,34.0274963,-117.1232758,586.30,1.50,WIFI
F0:7B:65:E7:64:F6,SpectrumSetup-64F0,[WPA2_PSK],2025-3-25 22:55:30,11,-82,34.0273552,-117.1223526,586.60,1.50,WIFI
58:96:71:ED:3E:9A,Verizon_94PTQQ,[WPA2_PSK],2025-3-25 22:55:30,11,-85,34.0273552,-117.1223526,586.60,1.50,WIFI
F8:08:4F:D8:AE:1E,MySpectrumWiFi18-2G,[WPA2_PSK],2025-3-25 22:55:30,11,-86,34.0273552,-117.1223526,586.60,1.50,WIFI
08:33:ED:FA:6B:35,LVK27,[WPA2_PSK],2025-3-25 22:55:30,11,-87,34.0273552,-117.1223526,586.60,1.50,WIFI
BC:82:5D:5E:F9:91,Ethans Iphone,[WPA2_PSK],2025-3-25 22:55:30,11,-90,34.0273552,-117.1223526,586.60,1.50,WIFI
D4:20:B0:A2:2F:DA,CFA Private Wi-Fi,[WPA2],2025-3-25 22:55:32,1,-81,34.0272636,-117.1217117,586.70,1.50,WIFI
D4:20:B0:A2:2F:DD,,[WPA2_PSK],2025-3-25 22:55:32,1,-82,34.0272636,-117.1217117,586.70,1.50,WIFI
D4:20:B0:A2:2F:DB,,[WPA2_PSK],2025-3-25 22:55:32,1,-85,34.0272636,-117.1217117,586.70,1.50,WIFI
D4:20:B0:A2:2F:DC,,[WPA2_PSK],2025-3-25 22:55:32,1,-85,34.0272636,-117.1217117,586.70,1.50,WIFI
50:06:AB:BF:C1:50,,[WPA2],2025-3-25 22:55:32,1,-92,34.0272636,-117.1217117,586.70,1.50,WIFI
54:47:CC:F5:B9:C6,Frontier0881,[WPA2_PSK],2025-3-25 22:55:44,11,-72,34.0260391,-117.1179733,592.00,1.50,WIFI
A8:97:CD:AB:6C:E0,Frontier1872,[WPA2_PSK],2025-3-25 22:55:44,11,-80,34.0260391,-117.1179733,592.00,1.50,WIFI
D4:20:B0:29:A3:BA,CFA Private Wi-Fi,[WPA2],2025-3-25 22:55:44,11,-80,34.0260391,-117.1179733,592.00,1.50,WIFI
D4:20:B0:29:A3:BC,,[WPA2_PSK],2025-3-25 22:55:44,11,-80,34.0260391,-117.1179733,592.00,1.50,WIFI
D4:20:B0:29:A3:BB,,[WPA2_PSK],2025-3-25 22:55:44,11,-83,34.0260391,-117.1179733,592.00,1.50,WIFI
D0:6D:C9:22:89:36,MA Hanson & Son_ Inc,[WPA2_PSK],2025-3-25 22:55:44,11,-86,34.0260391,-117.1179733,592.00,1.50,WIFI
6C:B0:CE:E9:C8:B8,PSW2G,[WPA2_PSK],2025-3-25 22:55:44,11,-88,34.0260391,-117.1179733,592.00,1.50,WIFI
94:98:8F:3F:BE:07,Mustard,[WPA2_WPA3_PSK],2025-3-25 22:55:46,1,-86,34.0257912,-117.1173935,593.70,1.50,WIFI
D4:20:B0:A2:2D:66,,[WPA2_PSK],2025-3-25 22:55:46,1,-89,34.0257912,-117.1173935,593.70,1.50,WIFI
D4:20:B0:A2:2D:67,,[WPA2_PSK],2025-3-25 22:55:46,1,-92,34.0257912,-117.1173935,593.70,1.50,WIFI
22:47:5E:FB:74:25,,[WPA2_PSK],2025-3-25 22:55:49,2,-79,34.0254707,-117.1164856,595.30,1.50,WIFI
0A:33:ED:9A:21:98,,[WPA2_WPA3_PSK],2025-3-25 22:55:49,2,-81,34.0254707,-117.1164856,595.30,1.50,WIFI
08:33:ED:9A:21:98,Secure Storage,[WPA2_PSK],2025-3-25 22:55:49,2,-82,34.0254707,-117.1164856,595.30,1.50,WIFI
3C:64:CF:98:5B:95,Rockyplaza,[WPA2_PSK],2025-3-25 22:55:50,3,-89,34.0253830,-117.1161957,595.60,1.50,WIFI
CA:33:ED:CA:2C:5B,NidiaTaxServices,[WPA2_PSK],2025-3-25 22:55:53,6,-62,34.0251465,-117.1153564,596.70,1.50,WIFI
F4:52:46:DA:EF:0F,SpectrumSetup-EF12,[WPA2_PSK],2025-3-25 22:55:53,6,-64,34.0251465,-117.1153564,596.70,1.50,WIFI
08:33:ED:CA:2C:5B,SpectrumSetup-5D,[WPA2_PSK],2025-3-25 22:55:53,6,-67,34.0251465,-117.1153564,596.70,1.50,WIFI
10:62:E5:BA:6F:3C,DIRECT-3B-HP OfficeJet Pro 8710,[WPA2_PSK],2025-3-25 22:55:53,6,-77,34.0251465,-117.1153564,596.70,1.50,WIFI
78:76:89:12:9E:A7,CUTIEPIES,[WPA2_PSK],2025-3-25 22:55:53,6,-77,34.0251465,-117.1153564,596.70,1.50,WIFI
2A:C5:C8:A5:36:22,DIRECT-22-HP Color LJ 4301,[WPA2_PSK],2025-3-25 22:55:53,6,-83,34.0251465,-117.1153564,596.70,1.50,WIFI
F6:05:5C:44:EC:07,LittleSmiles_Guest,[WPA2_PSK],2025-3-25 22:55:53,6,-85,34.0251465,-117.1153564,596.70,1.50,WIFI
A0:8C:FD:39:3E:F6,HP-Print-F6-Officejet 6800,[WPA2_PSK],2025-3-25 22:55:53,6,-86,34.0251465,-117.1153564,596.70,1.50,WIFI
F8:5B:3B:31:72:F5,SpectrumSetup-F7,[WPA2_PSK],2025-3-25 22:55:53,6,-86,34.0251465,-117.1153564,596.70,1.50,WIFI
F6:05:5C:44:EC:09,ToyDen,[WPA2_PSK],2025-3-25 22:55:53,6,-87,34.0251465,-117.1153564,596.70,1.50,WIFI
08:36:C9:81:FC:07,NETGEAR84,[WPA2_PSK],2025-3-25 22:55:55,8,-78,34.0250168,-117.1148529,596.90,1.50,WIFI
14:EB:B6:13:73:70,OhBabyBaby,[WPA2_PSK],2025-3-25 22:55:56,9,-84,34.0249557,-117.1146088,597.20,1.50,WIFI
B0:BB:E5:25:BF:56,Lulu and Macy,[WPA2_PSK],2025-3-25 22:55:58,11,-79,34.0248413,-117.1141129,597.50,1.50,WIFI
4C:B1:CD:4D:15:08,Heritage Pools Guest,[OPEN],2025-3-25 22:55:58,11,-81,34.0248413,-117.1141129,597.50,1.50,WIFI
4C:B1:CD:8D:15:08,WMSWireless,[WPA2_PSK],2025-3-25 22:55:58,11,-81,34.0248413,-117.1141129,597.50,1.50,WIFI
4C:B1:CD:0D:15:08,Heritage Pools,[WPA2_PSK],2025-3-25 22:55:58,11,-83,34.0248413,-117.1141129,597.50,1.50,WIFI
2E:AA:8E:DE:3D:45,,[WPA_WPA2_PSK],2025-3-25 22:55:58,11,-86,34.0248413,-117.1141129,597.50,1.50,WIFI
88:DE:7C:27:D6:71,SpectrumSetup-73,[WPA2_PSK],2025-3-25 22:56:1,1,-69,34.0246811,-117.1133347,597.60,1.50,WIFI
D0:21:F9:37:A4:11,Frontier5360,[WPA2_PSK],2025-3-25 22:56:1,1,-77,34.0246811,-117.1133347,597.60,1.50,WIFI
D6:21:F9:37:A4:11,,[WPA2_PSK],2025-3-25 22:56:1,1,-77,34.0246811,-117.1133347,597.60,1.50,WIFI
14:7D:05:CB:FE:CF,SpectrumSetup-CD,[WPA2_PSK],2025-3-25 22:56:1,1,-83,34.0246811,-117.1133347,597.60,1.50,WIFI
AC:8B:A9:24:74:5A,AUTO  LOCATORS,[WPA2_PSK],2025-3-25 22:56:3,2,-79,34.0245705,-117.1128159,597.60,1.50,WIFI
AE:8B:A9:14:74:5A,,[WPA2_PSK],2025-3-25 22:56:3,2,-86,34.0245705,-117.1128159,597.60,1.50,WIFI
A8:40:0B:2E:A3:DC,HotspotbyD2,[WPA_WPA2_PSK],2025-3-25 22:56:8,6,-77,34.0243263,-117.1116104,599.90,1.50,WIFI
C4:01:7C:58:BE:23,island-18BE20,[WPA2_PSK],2025-3-25 22:56:8,6,-84,34.0243263,-117.1116104,599.90,1.50,WIFI
D2:5F:18:2B:02:70,AMC Framing Inc,[WPA2_PSK],2025-3-25 22:56:8,6,-84,34.0243263,-117.1116104,599.90,1.50,WIFI
D2:5F:18:6B:02:70,,[WPA2_PSK],2025-3-25 22:56:8,6,-84,34.0243263,-117.1116104,599.90,1.50,WIFI
B0:BE:76:C0:33:31,Cameras tires,[WPA2_PSK],2025-3-25 22:56:8,6,-86,34.0243263,-117.1116104,599.90,1.50,WIFI
28:80:A2:63:1E:51,Verizon-MiFi8800L-1E50,[WPA2_PSK],2025-3-25 22:56:13,11,-55,34.0241165,-117.1105652,601.40,1.50,WIFI
76:CD:D6:9E:5E:EB,,[WPA2_PSK],2025-3-25 22:56:13,11,-78,34.0241165,-117.1105652,601.40,1.50,WIFI
80:AF:CA:33:25:78,Alpine-EXT2G,[WPA_WPA2_PSK],2025-3-25 22:56:13,11,-80,34.0241165,-117.1105652,601.40,1.50,WIFI
82:D2:94:3E:C1:F1,,[WPA2_PSK],2025-3-25 22:56:13,11,-85,34.0241165,-117.1105652,601.40,1.50,WIFI
94:3C:C6:EC:1B:29,EAP-77211,[WPA_WPA2_PSK],2025-3-25 22:56:13,11,-91,34.0241165,-117.1105652,601.40,1.50,WIFI
78:29:ED:FE:6D:95,MySpectrumWiFi97-2G,[WPA2_PSK],2025-3-25 22:56:15,1,-63,34.0240440,-117.1102142,601.60,1.50,WIFI
68:72:51:30:58:3E,,[WPA2_PSK],2025-3-25 22:56:15,1,-79,34.0240440,-117.1102142,601.60,1.50,WIFI
B2:00:73:BD:D1:3E,myChevrolet,[WPA2_PSK],2025-3-25 22:56:22,6,-71,34.0237465,-117.1089096,602.50,1.50,WIFI
C4:EB:39:FE:36:51,Frontier0587,[OPEN],2025-3-25 22:56:22,6,-81,34.0237465,-117.1089096,602.50,1.50,WIFI
9C:05:D6:FD:6B:FD,karnair,[WPA2_WPA3_PSK],2025-3-25 22:56:22,6,-84,34.0237465,-117.1089096,602.50,1.50,WIFI
B6:9A:44:61:CB:8F,,[WPA2_PSK],2025-3-25 22:56:22,6,-87,34.0237465,-117.1089096,602.50,1.50,WIFI
5A:E4:03:F8:24:FF,myBrightdrop 24FF,[WPA2_PSK],2025-3-25 22:56:23,7,-86,34.0237045,-117.1087189,602.40,1.50,WIFI
10:DA:43:93:BD:5B,NETGEAR51,[WPA2_PSK],2025-3-25 22:56:25,9,-80,34.0236244,-117.1083832,602.40,1.50,WIFI
84:EB:3E:D6:87:6D,tld6876c,[WPA2_PSK],2025-3-25 22:56:29,1,-76,34.0234718,-117.1078262,602.20,1.50,WIFI
94:A6:7E:A7:99:41,Rusty Compass Ranch,[WPA2_WPA3_PSK],2025-3-25 22:56:29,1,-84,34.0234718,-117.1078262,602.20,1.50,WIFI
22:48:6C:BC:85:86,,[WPA2_PSK],2025-3-25 22:56:29,1,-89,34.0234718,-117.1078262,602.20,1.50,WIFI
A2:C9:A0:E0:93:9F,DIRECT-0s-Car_478c,[WPA2_PSK],2025-3-25 22:56:36,6,-74,34.0232430,-117.1071472,601.80,1.50,WIFI
7A:AC:B9:21:87:65,,[WPA2_PSK],2025-3-25 22:56:36,6,-85,34.0232430,-117.1071472,601.80,1.50,WIFI
84:EB:3E:E1:96:35,tle19634,[WPA2_PSK],2025-3-25 22:56:41,11,-80,34.0231133,-117.1068115,601.70,1.50,WIFI
00:54:AF:1F:08:50,Hotspot0850,[WPA_WPA2_PSK],2025-3-25 22:56:41,11,-89,34.0231133,-117.1068115,601.70,1.50,WIFI
06:EC:DA:35:E9:4C,Vlan 7 Wireless Test,[WPA2_PSK],2025-3-25 22:56:41,11,-93,34.0231133,-117.1068115,601.70,1.50,WIFI
54:47:CC:E6:09:46,TrustedMotors,[WPA2_PSK],2025-3-25 22:56:43,1,-79,34.0230560,-117.1066818,601.60,1.50,WIFI
56:47:CC:E6:09:47,TrustedGuest,[WPA2_PSK],2025-3-25 22:56:43,1,-80,34.0230560,-117.1066818,601.60,1.50,WIFI
6C:CD:D6:F7:49:6C,Advantage14-WiFi,[WPA2_PSK],2025-3-25 22:56:47,3,-84,34.0229416,-117.1064224,601.50,1.50,WIFI
7A:CD:D6:F7:49:6D,Advantage14-2G-Guest,[WPA2_PSK],2025-3-25 22:56:47,3,-84,34.0229416,-117.1064224,601.50,1.50,WIFI
32:B4:B8:09:F0:64,My VW 0253,[WPA2_PSK],2025-3-25 22:56:50,6,-80,34.0228806,-117.1062927,601.30,1.50,WIFI
80:CC:9C:60:38:01,Rusty Compass Ranch,[WPA2_WPA3_PSK],2025-3-25 22:56:55,11,-83,34.0227928,-117.1061172,601.20,1.50,WIFI
EE:63:DA:31:B3:60,,[WPA2_PSK],2025-3-25 22:56:55,11,-84,34.0227928,-117.1061172,601.20,1.50,WIFI
54:47:CC:1F:1F:16,getyourownwifi,[WPA2_WPA3_PSK],2025-3-25 22:56:55,11,-85,34.0227928,-117.1061172,601.20,1.50,WIFI
F8:F0:05:78:9C:30,HunterWiFi-8190,[OPEN],2025-3-25 22:56:55,11,-92,34.0227928,-117.1061172,601.20,1.50,WIFI
6E:D7:9A:C7:C2:FD,,[WPA2_PSK],2025-3-25 22:57:4,6,-80,34.0225182,-117.1056290,600.50,1.50,WIFI
74:AC:B9:21:87:65,32032,[WPA2_PSK],2025-3-25 22:57:4,6,-86,34.0225182,-117.1056290,600.50,1.50,WIFI
FE:92:BF:5A:68:88,Facilities_IoT,[WPA2_PSK],2025-3-25 22:57:9,11,-78,34.0222473,-117.1051941,599.60,1.50,WIFI
FA:92:BF:5A:68:88,SEI-Guest,[WPA2_PSK],2025-3-25 22:57:9,11,-79,34.0222473,-117.1051941,599.60,1.50,WIFI
F4:92:BF:5A:68:88,Facilities,[WPA2_PSK],2025-3-25 22:57:9,11,-80,34.0222473,-117.1051941,599.60,1.50,WIFI
74:AC:B9:C7:D5:C6,32032,[WPA2_PSK],2025-3-25 22:57:9,11,-88,34.0222473,-117.1051941,599.60,1.50,WIFI
00:17:1A:D6:5B:84,Winegard2ghzD65B83,[WPA2_PSK],2025-3-25 22:57:9,11,-88,34.0222473,-117.1051941,599.60,1.50,WIFI
7A:AC:B9:C7:D5:C6,,[WPA2_PSK],2025-3-25 22:57:9,11,-89,34.0222473,-117.1051941,599.60,1.50,WIFI
BA:8B:A9:94:A2:63,astech,[WPA2_PSK],2025-3-25 22:57:12,1,-75,34.0220222,-117.1048431,598.60,1.50,WIFI
B6:8B:A9:94:A2:63,Clymer-Guest,[WPA2_PSK],2025-3-25 22:57:12,1,-77,34.0220222,-117.1048431,598.60,1.50,WIFI
BE:8B:A9:94:A2:63,,[WPA2_PSK],2025-3-25 22:57:12,1,-77,34.0220222,-117.1048431,598.60,1.50,WIFI
AC:8B:A9:94:A2:63,Clymer-2.4G,[WPA2_PSK],2025-3-25 22:57:12,1,-78,34.0220222,-117.1048431,598.60,1.50,WIFI
B2:8B:A9:94:A2:63,Clymer-5G,[WPA2_PSK],2025-3-25 22:57:12,1,-78,34.0220222,-117.1048431,598.60,1.50,WIFI
28:38:5C:3D:68:57,Hotspot7AcP,[WPA_WPA2_PSK],2025-3-25 22:57:18,6,-83,34.0215149,-117.1040497,596.00,1.50,WIFI
50:95:51:8A:A7:A0,Frontier0560,[WPA2_PSK],2025-3-25 22:57:23,11,-85,34.0210838,-117.1033783,592.40,1.50,WIFI
BE:8B:A9:94:A2:50,,[WPA2_PSK],2025-3-25 22:57:23,11,-85,34.0210838,-117.1033783,592.40,1.50,WIFI
AC:8B:A9:94:A2:50,Clymer-2.4G,[WPA2_PSK],2025-3-25 22:57:23,11,-86,34.0210838,-117.1033783,592.40,1.50,WIFI
B6:8B:A9:94:A2:50,Clymer-Guest,[WPA2_PSK],2025-3-25 22:57:23,11,-86,34.0210838,-117.1033783,592.40,1.50,WIFI
BA:8B:A9:94:A2:50,astech,[WPA2_PSK],2025-3-25 22:57:23,11,-86,34.0210838,-117.1033783,592.40,1.50,WIFI
B2:8B:A9:94:A2:50,Clymer-5G,[WPA2_PSK],2025-3-25 22:57:23,11,-87,34.0210838,-117.1033783,592.40,1.50,WIFI
02:17:1A:D6:5B:84,,[WPA2_PSK],2025-3-25 22:57:23,11,-88,34.0210838,-117.1033783,592.40,1.50,WIFI
0C:83:CC:F2:63:7B,tlf2637b,[WPA2_PSK],2025-3-25 22:57:23,11,-88,34.0210838,-117.1033783,592.40,1.50,WIFI
28:70:4E:D0:2E:A1,Winegardner Secure,[WPA2_WPA3_PSK],2025-3-25 22:57:25,1,-73,34.0209122,-117.1031036,592.40,1.50,WIFI
2E:70:4E:D0:2E:A1,Winegardner Guest,[OPEN],2025-3-25 22:57:25,1,-74,34.0209122,-117.1031036,592.40,1.50,WIFI
32:70:4E:D0:2E:A1,Winegardner,[WPA2_WPA3_PSK],2025-3-25 22:57:25,1,-74,34.0209122,-117.1031036,592.40,1.50,WIFI
36:70:4E:D0:2E:A1,,[WPA2_PSK],2025-3-25 22:57:25,1,-75,34.0209122,-117.1031036,592.40,1.50,WIFI
44:EB:2E:5E:44:CE,CarPlay_44ce,[WPA2_PSK],2025-3-25 22:57:25,1,-80,34.0209122,-117.1031036,592.40,1.50,WIFI
7E:45:58:2A:C3:1E,Clymer-5G,[WPA2_PSK],2025-3-25 22:57:25,1,-89,34.0209122,-117.1031036,592.40,1.50,WIFI
8A:45:58:2A:C3:1E,,[WPA2_PSK],2025-3-25 22:57:25,1,-89,34.0209122,-117.1031036,592.40,1.50,WIFI
DA:21:F9:21:02:FE,Clymer-Guest,[WPA2_PSK],2025-3-25 22:57:32,6,-82,34.0202522,-117.1020584,587.30,1.50,WIFI
DE:21:F9:21:02:FE,astech,[WPA2_PSK],2025-3-25 22:57:32,6,-83,34.0202522,-117.1020584,587.30,1.50,WIFI
E2:21:F9:21:02:FE,,[WPA2_PSK],2025-3-25 22:57:32,6,-83,34.0202522,-117.1020584,587.30,1.50,WIFI
74:D7:CA:6A:6C:98,Car-6c98,[WPA2_PSK],2025-3-25 22:57:32,6,-84,34.0202522,-117.1020584,587.30,1.50,WIFI
DE:21:F9:21:03:3E,astech,[WPA2_PSK],2025-3-25 22:57:32,6,-85,34.0202522,-117.1020584,587.30,1.50,WIFI
D6:21:F9:21:02:FE,Clymer-5G,[WPA2_PSK],2025-3-25 22:57:32,6,-85,34.0202522,-117.1020584,587.30,1.50,WIFI
4A:A2:E6:0D:C7:68,NewThermostat_0DC768,[OPEN],2025-3-25 22:57:32,6,-86,34.0202522,-117.1020584,587.30,1.50,WIFI
4A:A2:E6:1D:C8:CE,NewThermostat_1DC8CE,[OPEN],2025-3-25 22:57:32,6,-87,34.0202522,-117.1020584,587.30,1.50,WIFI
AC:8B:A9:94:A1:51,,[WPA_WPA2_PSK],2025-3-25 22:57:37,11,-76,34.0197144,-117.1012115,586.10,1.50,WIFI
98:1E:19:5B:D0:AE,MySpectrumWiFia8-2G,[WPA2_PSK],2025-3-25 22:57:40,1,-78,34.0193748,-117.1006622,586.00,1.50,WIFI
BE:8B:A9:94:A2:68,,[WPA2_PSK],2025-3-25 22:57:40,1,-84,34.0193748,-117.1006622,586.00,1.50,WIFI
84:A0:6E:B8:EA:EE,MySpectrumWiFie8-2G,[WPA2_PSK],2025-3-25 22:57:40,1,-84,34.0193748,-117.1006622,586.00,1.50,WIFI
AC:B3:13:05:A8:80,DG1670A82,[WPA2_PSK],2025-3-25 22:57:40,1,-86,34.0193748,-117.1006622,586.00,1.50,WIFI
88:DC:96:98:5B:9A,PVAP1-2.4GHz,[WPA2_PSK],2025-3-25 22:57:44,4,-88,34.0189285,-117.0999527,586.50,1.50,WIFI
C0:56:27:BF:89:09,RYRWAP2,[WPA_WPA2_PSK],2025-3-25 22:57:44,4,-90,34.0189285,-117.0999527,586.50,1.50,WIFI
7E:45:58:2D:57:26,,[WPA2_PSK],2025-3-25 22:57:46,6,-76,34.0187035,-117.0995865,586.80,1.50,WIFI
78:45:58:2D:57:26,Craig & Sons Corporate,[WPA2_PSK],2025-3-25 22:57:46,6,-77,34.0187035,-117.0995865,586.80,1.50,WIFI
46:91:60:DD:16:0B,Para los pobres,[WPA2_PSK],2025-3-25 22:57:51,11,-81,34.0180893,-117.0987091,586.90,1.50,WIFI
14:7D:05:E3:15:AB,SpectrumSetup-A9,[WPA2_PSK],2025-3-25 22:57:51,11,-84,34.0180893,-117.0987091,586.90,1.50,WIFI
18:FD:74:65:FB:45,NextDVP-W00223196943,[WPA_WPA2_PSK],2025-3-25 22:57:54,1,-89,34.0177116,-117.0982666,587.00,1.50,WIFI
FC:22:F4:CB:DF:B2,LEI,[WPA2_PSK],2025-3-25 22:57:54,1,-92,34.0177116,-117.0982666,587.00,1.50,WIFI
EC:6E:79:05:A0:B9,1957,[WPA2_PSK],2025-3-25 22:58:0,6,-81,34.0167923,-117.0977783,588.40,1.50,WIFI
12:E8:A7:12:C7:F0,mywific7f0,[WPA2_PSK],2025-3-25 22:58:8,1,-78,34.0162849,-117.0974350,592.60,1.50,WIFI
62:E6:F0:D1:DD:52,myChevrolet DD52,[WPA2_PSK],2025-3-25 22:58:15,7,-77,34.0162811,-117.0974274,592.50,1.50,WIFI
5A:E4:03:DB:14:4A,myChevrolet 144A,[WPA2_PSK],2025-3-25 22:58:15,7,-90,34.0162811,-117.0974274,592.50,1.50,WIFI
D8:B3:70:FE:2E:E9,Compound,[WPA2_WPA3_PSK],2025-3-25 22:58:19,11,-88,34.0162811,-117.0974274,592.30,1.50,WIFI
DE:B3:70:FE:2E:E9,,[WPA2_PSK],2025-3-25 22:58:19,11,-88,34.0162811,-117.0974274,592.30,1.50,WIFI
A4:97:33:5F:7C:55,SpectrumSetup-57,[WPA2_PSK],2025-3-25 22:58:36,1,-88,34.0162811,-117.0974274,592.00,1.50,WIFI
76:12:14:76:4A:D2,S2147B000996,[WPA2],2025-3-25 22:58:50,1,-84,34.0162010,-117.0973053,592.90,1.50,WIFI
B0:92:4A:24:B4:26,SBPOWERSPORT,[WPA2_WPA3_PSK],2025-3-25 22:58:56,6,-86,34.0161209,-117.0968704,594.60,1.50,WIFI
28:38:5C:0B:61:25,Hotspot9vwx,[WPA_WPA2_PSK],2025-3-25 22:58:56,6,-87,34.0161209,-117.0968704,594.60,1.50,WIFI
18:A5:FF:50:86:28,TMOBILE-8626,[WPA2_WPA3_PSK],2025-3-25 22:58:56,6,-87,34.0161209,-117.0968704,594.60,1.50,WIFI
FC:12:63:B4:7D:D3,SpectrumSetup-D5,[WPA2_PSK],2025-3-25 22:58:56,6,-92,34.0161209,-117.0968704,594.60,1.50,WIFI
CC:57:63:28:F2:F8,Mazda_f2f86328cc57_SPL,[WPA2_PSK],2025-3-25 22:59:1,11,-82,34.0164490,-117.0963516,595.80,1.50,WIFI
74:83:C2:9D:C1:E9,LOC-Exec,[WPA2_PSK],2025-3-25 22:59:1,11,-90,34.0164490,-117.0963516,595.80,1.50,WIFI
00:30:44:5A:5C:CD,IBR600C-ccc,[WPA2_PSK],2025-3-25 22:59:10,6,-75,34.0170898,-117.0953064,595.20,1.50,WIFI
00:30:44:5A:5E:7D,IBR600C-e7c,[WPA2_PSK],2025-3-25 22:59:10,6,-82,34.0170898,-117.0953064,595.20,1.50,WIFI
FC:5C:45:13:E2:A8,La Quinta,[OPEN],2025-3-25 22:59:10,6,-86,34.0170898,-117.0953064,595.20,1.50,WIFI
5A:E4:03:EF:F5:75,myChevrolet F575,[WPA2_PSK],2025-3-25 22:59:11,7,-88,34.0171318,-117.0952377,595.00,1.50,WIFI
0E:36:C9:0E:A5:78,ORBI15,[WPA2_PSK],2025-3-25 22:59:14,10,-87,34.0172386,-117.0950470,594.70,1.50,WIFI
EE:5C:84:41:46:7D,DIRECT-Gy-Car_a37d,[WPA2_PSK],2025-3-25 22:59:15,11,-77,34.0172691,-117.0950012,594.70,1.50,WIFI
02:8D:DB:84:50:7E,ampmequip,[WPA2_PSK],2025-3-25 22:59:15,11,-88,34.0172691,-117.0950012,594.70,1.50,WIFI
BA:16:5F:F1:FA:0D,,[WPA2_PSK],2025-3-25 22:59:15,11,-89,34.0172691,-117.0950012,594.70,1.50,WIFI
0C:8D:DB:84:50:7E,S2K,[WPA_WPA2_PSK],2025-3-25 22:59:15,11,-89,34.0172691,-117.0950012,594.70,1.50,WIFI
06:8D:DB:84:50:7E,,[WPA_WPA2_PSK],2025-3-25 22:59:15,11,-90,34.0172691,-117.0950012,594.70,1.50,WIFI
F8:5B:3B:01:B3:F3,Erika-2G,[WPA2_PSK],2025-3-25 22:59:18,1,-82,34.0173225,-117.0949020,594.60,1.50,WIFI
38:45:3B:1D:9B:E8,La Quinta,[OPEN],2025-3-25 22:59:18,1,-88,34.0173225,-117.0949020,594.60,1.50,WIFI
22:AD:56:2B:B1:18,HotspotB118,[WPA_WPA2_PSK],2025-3-25 22:59:18,1,-90,34.0173225,-117.0949020,594.60,1.50,WIFI
E8:4E:06:87:24:BB,PWM28745,[WPA2_PSK],2025-3-25 22:59:18,1,-93,34.0173225,-117.0949020,594.60,1.50,WIFI
48:00:33:BA:DC:8B,TC8715D85,[WPA2_PSK],2025-3-25 22:59:18,1,-95,34.0173225,-117.0949020,594.60,1.50,WIFI
5A:E4:03:10:9B:18,Paloma,[WPA2_PSK],2025-3-25 22:59:25,7,-87,34.0173378,-117.0948792,594.60,1.50,WIFI
8C:7A:15:13:54:28,La Quinta,[OPEN],2025-3-25 22:59:29,11,-89,34.0173378,-117.0948792,594.60,1.50,WIFI
F8:5B:3B:3B:EB:DD,SpectrumSetup-DF,[WPA2_PSK],2025-3-25 22:59:30,1,-86,34.0173302,-117.0948792,594.70,1.50,WIFI
12:E8:A7:3A:4F:14,myChevrolet 4f14,[WPA2_PSK],2025-3-25 22:59:30,1,-87,34.0173302,-117.0948792,594.70,1.50,WIFI
94:3C:96:F2:1F:87,TMOBILE-1F81,[WPA2_WPA3_PSK],2025-3-25 22:59:30,1,-89,34.0173302,-117.0948792,594.70,1.50,WIFI
C4:49:BB:87:A3:56,Nava wifi,[WPA2_PSK],2025-3-25 22:59:44,1,-87,34.0175629,-117.0945282,594.50,1.50,WIFI
F8:5B:3B:25:7F:DB,SpectrumSetup-DD,[WPA2_PSK],2025-3-25 22:59:44,1,-90,34.0175629,-117.0945282,594.50,1.50,WIFI
46:D9:E7:6B:D7:B7,,[WPA2_PSK],2025-3-25 22:59:52,6,-89,34.0180244,-117.0937576,596.10,1.50,WIFI
00:54:AF:98:8D:85,Hotspot8D85,[WPA_WPA2_PSK],2025-3-25 22:59:57,11,-80,34.0182304,-117.0931778,596.70,1.50,WIFI
CC:40:D0:75:F7:A0,NETGEAR17,[WPA2_PSK],2025-3-25 23:0:3,3,-88,34.0184631,-117.0924988,597.80,1.50,WIFI
80:CC:9C:10:6A:9D,greyseajames,[WPA2_PSK],2025-3-25 23:0:10,10,-88,34.0188179,-117.0914688,599.40,1.50,WIFI
18:4F:32:DA:B8:E6,WIFIDAB8E3,[WPA2_PSK],2025-3-25 23:0:11,11,-78,34.0188866,-117.0912933,599.70,1.50,WIFI
58:9B:4A:8B:4B:91,Spectrumcruz,[WPA2_PSK],2025-3-25 23:0:11,11,-84,34.0188866,-117.0912933,599.70,1.50,WIFI
F0:7B:65:36:22:20,SpectrumSetup-221A,[WPA2_PSK],2025-3-25 23:0:13,1,-86,34.0190201,-117.0909119,600.20,1.50,WIFI
FC:B2:D6:3D:3E:47,,[WPA_WPA2_PSK],2025-3-25 23:0:13,1,-88,34.0190201,-117.0909119,600.20,1.50,WIFI
78:29:ED:F5:C5:DA,MySpectrumWiFiDC-2G,[WPA2_PSK],2025-3-25 23:0:13,1,-94,34.0190201,-117.0909119,600.20,1.50,WIFI
FC:12:63:B8:79:A9,TheFishBowl,[WPA2_PSK],2025-3-25 23:0:20,6,-88,34.0193214,-117.0894699,603.80,1.50,WIFI
AC:91:9B:8C:54:EE,Verizon_WTLG9P,[WPA2_PSK],2025-3-25 23:0:20,6,-92,34.0193214,-117.0894699,603.80,1.50,WIFI
2C:67:BE:0B:ED:2E,SpectrumSetup-ED2A,[WPA2_PSK],2025-3-25 23:0:25,11,-90,34.0197067,-117.0885925,606.40,1.50,WIFI
4E:BA:D7:40:8F:71,[LG_Oven]8f71,[WPA2_PSK],2025-3-25 23:0:25,11,-91,34.0197067,-117.0885925,606.40,1.50,WIFI
14:7D:05:8F:33:E7,SpectrumSetup-E5,[WPA2_PSK],2025-3-25 23:0:27,1,-92,34.0199356,-117.0882721,606.70,1.50,WIFI
FC:9C:98:1E:F2:A6,ARLO_VMB_2758447495,[WPA2_PSK],2025-3-25 23:0:30,2,-91,34.0203056,-117.0877686,606.50,1.50,WIFI
50:D4:F7:23:D0:CA,Baseball_family14,[WPA2_PSK],2025-3-25 23:0:36,8,-85,34.0211754,-117.0867462,607.00,1.50,WIFI
56:D4:F7:23:D0:CA,,[WPA2_PSK],2025-3-25 23:0:36,8,-87,34.0211754,-117.0867462,607.00,1.50,WIFI
56:D4:F7:23:D4:C2,,[WPA2_PSK],2025-3-25 23:0:36,8,-91,34.0211754,-117.0867462,607.00,1.50,WIFI
08:7B:12:5E:BD:62,SpectrumSetup-5C,[WPA2_PSK],2025-3-25 23:0:39,11,-81,34.0217056,-117.0863266,608.40,1.50,WIFI
AC:B6:87:A9:B0:3D,Riveras,[WPA2_PSK],2025-3-25 23:0:39,11,-90,34.0217056,-117.0863266,608.40,1.50,WIFI
A4:11:62:B0:68:E8,ARLO_VMB_6947935525,[WPA2_PSK],2025-3-25 23:0:41,1,-90,34.0220795,-117.0860672,609.30,1.50,WIFI
C0:06:C3:C8:40:33,Let's Go Brandon,[WPA2_PSK],2025-3-25 23:0:45,3,-89,34.0228462,-117.0854874,611.50,1.50,WIFI
90:9A:4A:CC:91:D7,Lanes_2G,[WPA2_PSK],2025-3-25 23:0:50,8,-93,34.0237389,-117.0846481,615.60,1.50,WIFI
D4:05:DE:CA:41:C7,NIBBLES,[WPA2_PSK],2025-3-25 23:0:53,11,-82,34.0241203,-117.0840607,616.90,1.50,WIFI
D4:05:DE:CA:41:C4,,[WPA3_PSK],2025-3-25 23:0:53,11,-83,34.0241203,-117.0840607,616.90,1.50,WIFI
D4:05:DE:CA:41:CA,,[OPEN],2025-3-25 23:0:53,11,-84,34.0241203,-117.0840607,616.90,1.50,WIFI
A8:A7:95:E8:9E:13,WIFIE89E0F,[WPA2_PSK],2025-3-25 23:0:53,11,-91,34.0241203,-117.0840607,616.90,1.50,WIFI
8E:78:B2:75:71:7A,,[WPA_WPA2_PSK],2025-3-25 23:0:55,1,-90,34.0242958,-117.0836182,617.70,1.50,WIFI
A4:97:33:AF:02:00,SpectrumSetup-02,[WPA2_PSK],2025-3-25 23:0:55,1,-92,34.0242958,-117.0836182,617.70,1.50,WIFI
F8:5B:3B:D3:9C:08,SpectrumSetup-0A,[WPA2_PSK],2025-3-25 23:1:2,6,-90,34.0249214,-117.0822678,622.20,1.50,WIFI
8A:9A:4A:CC:91:D9,,[WPA2_PSK],2025-3-25 23:1:4,8,-89,34.0251732,-117.0819855,624.20,1.50,WIFI
80:2A:A8:47:B2:3C,Bella Vista,[WPA2_PSK],2025-3-25 23:1:7,11,-89,34.0255852,-117.0815964,626.80,1.50,WIFI
86:EA:ED:3B:E5:CD,,[WPA2_PSK],2025-3-25 23:1:9,1,-83,34.0258675,-117.0813370,627.90,1.50,WIFI
74:37:5F:F9:88:0D,SpectrumSetup-0B,[WPA2_PSK],2025-3-25 23:1:9,1,-86,34.0258675,-117.0813370,627.90,1.50,WIFI
E8:9F:80:5A:CE:0E,Private JJCZ,[WPA2_WPA3_PSK],2025-3-25 23:1:9,1,-87,34.0258675,-117.0813370,627.90,1.50,WIFI
F4:52:46:9F:C3:9C,Kajak2,[WPA2_PSK],2025-3-25 23:1:9,1,-88,34.0258675,-117.0813370,627.90,1.50,WIFI
EE:9F:80:5A:CE:0E,Public JJCZ,[WPA2_PSK],2025-3-25 23:1:9,1,-90,34.0258675,-117.0813370,627.90,1.50,WIFI
86:CC:9C:32:7E:77,,[WPA2_PSK],2025-3-25 23:1:13,3,-90,34.0263824,-117.0806732,629.60,1.50,WIFI
80:CC:9C:3A:6D:91,,[WPA2_PSK],2025-3-25 23:1:13,3,-95,34.0263824,-117.0806732,629.60,1.50,WIFI
E8:AD:A6:67:48:F6,RKLumley,[WPA2_PSK],2025-3-25 23:1:16,6,-83,34.0267029,-117.0800629,631.10,1.50,WIFI
B0:FC:88:71:FC:00,Foglight11,[WPA2_PSK],2025-3-25 23:1:21,11,-79,34.0273743,-117.0791473,635.60,1.50,WIFI
08:B4:B1:03:82:FA,Roeder Casa!,[WPA2_PSK],2025-3-25 23:1:21,11,-83,34.0273743,-117.0791473,635.60,1.50,WIFI
3C:28:6D:9C:BE:5A,Roeder Casa!,[WPA2_PSK],2025-3-25 23:1:21,11,-89,34.0273743,-117.0791473,635.60,1.50,WIFI
A0:8E:78:35:EF:16,MySpectrumWiFi10-2G,[WPA2_PSK],2025-3-25 23:1:23,1,-84,34.0276451,-117.0787811,637.40,1.50,WIFI
84:1E:A3:30:EC:76,SpectrumSetup-70,[WPA2_PSK],2025-3-25 23:1:23,1,-88,34.0276451,-117.0787811,637.40,1.50,WIFI
CC:28:AA:6B:EC:E0,ming2,[WPA2_PSK],2025-3-25 23:1:26,2,-87,34.0280304,-117.0782471,639.90,1.50,WIFI
F0:7B:65:88:F2:2E,marshalls,[WPA2_PSK],2025-3-25 23:1:30,6,-71,34.0285454,-117.0775146,642.50,1.50,WIFI
58:96:71:35:11:52,Verizon_6ST9CH,[WPA2_PSK],2025-3-25 23:1:30,6,-72,34.0285454,-117.0775146,642.50,1.50,WIFI
4C:AB:F8:46:9F:61,Hannah,[WPA2_PSK],2025-3-25 23:1:30,6,-78,34.0285454,-117.0775146,642.50,1.50,WIFI
10:E7:C6:9C:76:AA,DIRECT-A9-HP OfficeJet 3830,[WPA2_PSK],2025-3-25 23:1:30,6,-82,34.0285454,-117.0775146,642.50,1.50,WIFI
9C:57:BC:46:B6:E3,,[WPA3_PSK],2025-3-25 23:1:30,6,-82,34.0285454,-117.0775146,642.50,1.50,WIFI
9C:57:BC:46:B6:E9,,[OPEN],2025-3-25 23:1:30,6,-83,34.0285454,-117.0775146,642.50,1.50,WIFI
9C:57:BC:46:B6:E6,Fieldse ,[WPA2_PSK],2025-3-25 23:1:30,6,-87,34.0285454,-117.0775146,642.50,1.50,WIFI
8C:61:A3:00:61:B2,MySpectrumWiFiB1-2G,[WPA2_PSK],2025-3-25 23:1:35,11,-64,34.0293274,-117.0767517,646.10,1.50,WIFI
2E:81:11:21:64:3A,ReadySetSurfRv,[WPA2_PSK],2025-3-25 23:1:35,11,-86,34.0293274,-117.0767517,646.10,1.50,WIFI
00:E0:20:83:09:CF,MyFi_Ext,[WPA2_PSK],2025-3-25 23:1:35,11,-92,34.0293274,-117.0767517,646.10,1.50,WIFI
22:68:7E:BF:79:5F,SpectrumSetup-5E,[WPA2_PSK],2025-3-25 23:1:37,1,-71,34.0296974,-117.0765839,647.30,1.50,WIFI
58:2F:F7:75:1A:3E,SpectrumSetup-38,[WPA2_PSK],2025-3-25 23:1:37,1,-85,34.0296974,-117.0765839,647.30,1.50,WIFI
A2:05:D6:CF:63:DA,,[WPA2_PSK],2025-3-25 23:1:37,1,-86,34.0296974,-117.0765839,647.30,1.50,WIFI
A6:05:D6:CF:6B:9E,Readysetsurf 2G,[WPA2_PSK],2025-3-25 23:1:37,1,-88,34.0296974,-117.0765839,647.30,1.50,WIFI
AA:05:D6:CF:63:DA,NETGEAR62,[WPA2_PSK],2025-3-25 23:1:37,1,-89,34.0296974,-117.0765839,647.30,1.50,WIFI
AA:05:D6:CF:6B:9E,NETGEAR62,[WPA2_PSK],2025-3-25 23:1:37,1,-91,34.0296974,-117.0765839,647.30,1.50,WIFI
64:67:72:6B:2B:49,SpectrumSetup-47,[WPA2_PSK],2025-3-25 23:1:44,6,-71,34.0309067,-117.0759125,651.60,1.50,WIFI
F8:AA:3F:EB:FD:5F,SpectrumSetup-5D,[WPA2_PSK],2025-3-25 23:1:44,6,-73,34.0309067,-117.0759125,651.60,1.50,WIFI
D0:16:7C:4A:A9:25,gp106,[WPA2_PSK],2025-3-25 23:1:44,6,-77,34.0309067,-117.0759125,651.60,1.50,WIFI
D0:16:7C:4A:A9:27,,[OPEN],2025-3-25 23:1:44,6,-77,34.0309067,-117.0759125,651.60,1.50,WIFI
D0:16:7C:4A:A9:23,,[WPA3_PSK],2025-3-25 23:1:44,6,-77,34.0309067,-117.0759125,651.60,1.50,WIFI
D0:16:7C:4A:A9:2B,gp106 Guest,[WPA2_PSK],2025-3-25 23:1:44,6,-78,34.0309067,-117.0759125,651.60,1.50,WIFI
0E:5A:25:28:3A:E9,SpectrumSetup-E8,[WPA2_PSK],2025-3-25 23:1:44,6,-83,34.0309067,-117.0759125,651.60,1.50,WIFI
88:DE:7C:FE:50:7B,SpectrumSetup-7D,[WPA2_PSK],2025-3-25 23:1:44,6,-84,34.0309067,-117.0759125,651.60,1.50,WIFI
3A:23:03:16:83:A7,,[WPA2_PSK],2025-3-25 23:1:45,7,-93,34.0310402,-117.0757523,652.20,1.50,WIFI
D2:18:65:E9:1C:1E,YUC-Guest,[WPA2_PSK],2025-3-25 23:1:46,8,-87,34.0311699,-117.0755844,652.80,1.50,WIFI
94:18:65:E9:1C:1D,YUC - Corporate,[WPA2_PSK],2025-3-25 23:1:46,8,-88,34.0311699,-117.0755844,652.80,1.50,WIFI
44:D4:54:FE:B5:D1,Frontier1302,[WPA2_PSK],2025-3-25 23:1:49,11,-84,34.0315056,-117.0750885,654.50,1.50,WIFI
F8:1A:2B:15:47:90,ping210,[WPA2_PSK],2025-3-25 23:1:51,1,-82,34.0316734,-117.0748367,655.30,1.50,WIFI
00:54:AF:6D:10:8E,Hotspot108E,[WPA_WPA2_PSK],2025-3-25 23:1:51,1,-88,34.0316734,-117.0748367,655.30,1.50,WIFI
54:21:60:19:0B:F1,Alula190BF0,[WPA_WPA2_PSK],2025-3-25 23:1:54,2,-90,34.0318375,-117.0746994,655.90,1.50,WIFI
6C:CD:D6:1D:4E:3D,IDEXXw1,[WPA2_PSK],2025-3-25 23:1:56,4,-85,34.0319138,-117.0747223,656.00,1.50,WIFI
DC:9B:D6:24:A1:1C,Mindy nails,[WPA_WPA2_PSK],2025-3-25 23:1:58,6,-73,34.0319672,-117.0747757,655.90,1.50,WIFI
DC:9B:D6:24:A1:24,Mindy nails,[WPA_WPA2_PSK],2025-3-25 23:1:58,6,-80,34.0319672,-117.0747757,655.90,1.50,WIFI
B0:FC:88:7E:FC:08,SpectrumSetup-02,[WPA2_PSK],2025-3-25 23:1:58,6,-84,34.0319672,-117.0747757,655.90,1.50,WIFI
64:FD:96:FF:16:41,Frontier1302,[WPA2_PSK],2025-3-25 23:1:58,6,-84,34.0319672,-117.0747757,655.90,1.50,WIFI
D6:E2:2F:D7:08:2F,,[WPA2_PSK],2025-3-25 23:2:0,8,-92,34.0320244,-117.0748444,655.60,1.50,WIFI
E4:55:A8:0B:69:D7,ConfluentWiFi,[WPA2_PSK],2025-3-25 23:2:3,11,-79,34.0320778,-117.0750122,655.20,1.50,WIFI
DA:55:A8:0B:69:D7,,[WPA2_PSK],2025-3-25 23:2:3,11,-80,34.0320778,-117.0750122,655.20,1.50,WIFI
E2:55:A8:0B:69:D7,ConfluentGuestWiFi,[WPA2_PSK],2025-3-25 23:2:3,11,-81,34.0320778,-117.0750122,655.20,1.50,WIFI
B8:66:85:CC:4B:76,MySpectrumWiFi70-2G,[WPA2_PSK],2025-3-25 23:2:3,11,-89,34.0320778,-117.0750122,655.20,1.50,WIFI
DC:92:72:E3:6D:8F,Frontier0236,[WPA2_PSK],2025-3-25 23:2:5,1,-74,34.0320816,-117.0751495,655.00,1.50,WIFI
24:DE:C6:6E:A3:05,QUEST-EMPLOYEE,[WPA2],2025-3-25 23:2:5,1,-78,34.0320816,-117.0751495,655.00,1.50,WIFI
24:DE:C6:6E:A3:08,QD-MDM,[WPA2_PSK],2025-3-25 23:2:5,1,-78,34.0320816,-117.0751495,655.00,1.50,WIFI
24:DE:C6:6E:A3:04,QUEST-BACKUP,[WPA2_PSK],2025-3-25 23:2:5,1,-79,34.0320816,-117.0751495,655.00,1.50,WIFI
24:DE:C6:6E:A3:06,QDTEST,[WPA2_PSK],2025-3-25 23:2:5,1,-79,34.0320816,-117.0751495,655.00,1.50,WIFI
24:DE:C6:6E:A3:02,QD-WiFi,[WPA2_PSK],2025-3-25 23:2:5,1,-83,34.0320816,-117.0751495,655.00,1.50,WIFI
24:DE:C6:6E:A3:03,,[WPA2_PSK],2025-3-25 23:2:5,1,-83,34.0320816,-117.0751495,655.00,1.50,WIFI
4C:AB:F8:05:18:52,SpectrumSetup-54,[WPA2_PSK],2025-3-25 23:2:12,6,-66,34.0320969,-117.0753784,654.40,1.50,WIFI
C8:D3:FF:85:42:01,DIRECT-00-HP OfficeJet Pro 8710,[WPA2_PSK],2025-3-25 23:2:12,6,-71,34.0320969,-117.0753784,654.40,1.50,WIFI
94:A6:7E:3E:BF:23,SpectrumSetup-02_2GEXT,[WPA2_PSK],2025-3-25 23:2:12,6,-79,34.0320969,-117.0753784,654.40,1.50,WIFI
28:38:5C:10:87:7D,HotspotzRjC,[WPA_WPA2_PSK],2025-3-25 23:2:12,6,-82,34.0320969,-117.0753784,654.40,1.50,WIFI
40:5D:82:02:1D:64,ngHub_319458NY03834,[WPA2_PSK],2025-3-25 23:2:17,11,-77,34.0321999,-117.0754013,654.70,1.50,WIFI
32:CD:A7:BE:56:56,DIRECT-XdM2020 Series,[WPA2_PSK],2025-3-25 23:2:17,11,-79,34.0321999,-117.0754013,654.70,1.50,WIFI
B8:66:85:54:EC:FE,MySpectrumWiFif8-2G,[WPA2_PSK],2025-3-25 23:2:17,11,-84,34.0321999,-117.0754013,654.70,1.50,WIFI
DC:92:72:E4:DF:CF,Frontier1302,[WPA2_PSK],2025-3-25 23:2:26,6,-76,34.0322876,-117.0754852,654.20,1.50,WIFI
B8:76:3F:17:A6:7C,HP-Print-7C-LaserJet 1102,[OPEN],2025-3-25 23:2:26,6,-91,34.0322876,-117.0754852,654.20,1.50,WIFI
44:D9:E7:DD:16:19,Centerpoint Secure,[WPA2_PSK],2025-3-25 23:2:31,11,-72,34.0322914,-117.0754929,654.00,1.50,WIFI
2A:C5:C8:1D:9F:75,DIRECT-75-HP M140 LaserJet,[WPA2_PSK],2025-3-25 23:2:31,11,-87,34.0322914,-117.0754929,654.00,1.50,WIFI
F8:E4:FB:97:56:F7,TimeOut,[WPA2_PSK],2025-3-25 23:2:34,1,-86,34.0322876,-117.0754929,654.10,1.50,WIFI
46:D9:E7:DD:16:19,,[WPA2_PSK],2025-3-25 23:2:45,11,-70,34.0322876,-117.0754929,654.20,1.50,WIFI
B0:FC:88:32:17:85,SpectrumSetup-C8,[WPA2_PSK],2025-3-25 23:3:0,11,-90,34.0322876,-117.0755005,653.90,1.50,WIFI
34:98:B5:13:D2:64,NETGEAR90,[WPA2_PSK],2025-3-25 23:3:12,9,-87,34.0322876,-117.0755005,653.90,1.50,WIFI
34:DB:9C:7F:1A:76,SandovalWiFi,[WPA2_PSK],2025-3-25 23:3:37,6,-85,34.0320816,-117.0753784,653.90,1.50,WIFI
34:DB:9C:76:41:2E,MySpectrumWiFi28-2G,[WPA2_PSK],2025-3-25 23:3:42,11,-78,34.0320778,-117.0752258,654.20,1.50,WIFI
14:7D:05:D1:F5:77,SpectrumSetup-75,[WPA2_PSK],2025-3-25 23:3:45,1,-85,34.0320778,-117.0750580,654.70,1.50,WIFI
98:1E:19:37:57:86,MySpectrumWiFi80-2G,[WPA2_PSK],2025-3-25 23:3:45,1,-90,34.0320778,-117.0750580,654.70,1.50,WIFI
DC:9B:D6:24:9B:8C,TCL_249B8B,[WPA_WPA2_PSK],2025-3-25 23:3:50,6,-76,34.0319557,-117.0748291,654.30,1.50,WIFI
38:94:ED:FF:5E:78,NETGEAR74,[WPA2_PSK],2025-3-25 23:3:54,10,-86,34.0318871,-117.0747757,653.70,1.50,WIFI
30:86:2D:C8:FC:20,StoreNet,[WPA2_PSK],2025-3-25 23:3:57,1,-83,34.0318718,-117.0747681,653.60,1.50,WIFI
36:5E:08:4E:88:D7,,[WPA2_PSK],2025-3-25 23:4:6,8,-69,34.0322571,-117.0739136,654.80,1.50,WIFI
D6:E2:2F:E2:90:EB,,[WPA2_PSK],2025-3-25 23:4:8,10,-80,34.0324821,-117.0736465,655.30,1.50,WIFI
8A:15:04:CB:E9:A1,,[WPA2_PSK],2025-3-25 23:4:9,11,-84,34.0326080,-117.0735397,655.50,1.50,WIFI
8A:15:04:CB:E9:A2,,[WPA2_PSK],2025-3-25 23:4:9,11,-84,34.0326080,-117.0735397,655.50,1.50,WIFI
8A:15:04:CB:E9:A3,CMAP01,[WPA2],2025-3-25 23:4:9,11,-84,34.0326080,-117.0735397,655.50,1.50,WIFI
8A:15:04:CB:E9:A4,IOT-wifi,[WPA2_PSK],2025-3-25 23:4:9,11,-84,34.0326080,-117.0735397,655.50,1.50,WIFI
78:36:90:67:32:E7,Coolpad Surf 4699 2.4GHz,[WPA2_PSK],2025-3-25 23:4:10,1,-78,34.0327263,-117.0734406,655.90,1.50,WIFI
82:18:88:C6:A2:E2,,[WPA2_PSK],2025-3-25 23:4:10,1,-82,34.0327263,-117.0734406,655.90,1.50,WIFI
A6:18:88:C6:A2:E2,,[WPA2_PSK],2025-3-25 23:4:10,1,-82,34.0327263,-117.0734406,655.90,1.50,WIFI
00:30:44:B2:A9:AA,GMREPCR,[WPA2_PSK],2025-3-25 23:4:10,1,-83,34.0327263,-117.0734406,655.90,1.50,WIFI
BA:9F:09:5F:17:3A,DIRECT-OG-myCadillac,[WPA2_PSK],2025-3-25 23:4:10,1,-85,34.0327263,-117.0734406,655.90,1.50,WIFI
D4:DC:09:E7:FB:72,,[WPA2_PSK],2025-3-25 23:4:10,1,-91,34.0327263,-117.0734406,655.90,1.50,WIFI
D4:DC:09:E7:FB:73,,[WPA2_PSK],2025-3-25 23:4:10,1,-91,34.0327263,-117.0734406,655.90,1.50,WIFI
D8:A7:56:87:AC:56,MySpectrumWiFi50-2G,[WPA2_PSK],2025-3-25 23:4:18,6,-75,34.0335655,-117.0731430,659.00,1.50,WIFI
4C:AB:F8:36:37:F1,SpectrumSetup-F3,[WPA2_PSK],2025-3-25 23:4:23,11,-84,34.0338326,-117.0730743,659.70,1.50,WIFI
24:94:CB:EA:4F:08,Frontier0240,[WPA2_PSK],2025-3-25 23:4:23,11,-86,34.0338326,-117.0730743,659.70,1.50,WIFI
C6:55:A8:93:7E:34,PIT 2.4,[WPA_WPA2_PSK],2025-3-25 23:4:23,11,-87,34.0338326,-117.0730743,659.70,1.50,WIFI
FE:55:A8:93:7E:34,WIFI_DMZ,[WPA_WPA2_PSK],2025-3-25 23:4:23,11,-88,34.0338326,-117.0730743,659.70,1.50,WIFI
C2:55:A8:93:7E:34,,[WPA_WPA2_PSK],2025-3-25 23:4:23,11,-90,34.0338326,-117.0730743,659.70,1.50,WIFI
30:86:2D:90:ED:C2,Panda Express,[OPEN],2025-3-25 23:4:25,1,-73,34.0339584,-117.0731430,660.40,1.50,WIFI
EE:55:A8:93:6B:68,LMS,[WPA_WPA2_PSK],2025-3-25 23:4:25,1,-87,34.0339584,-117.0731430,660.40,1.50,WIFI
E6:46:EE:23:4E:03,Retail2.0,[WPA2_PSK],2025-3-25 23:4:25,1,-88,34.0339584,-117.0731430,660.40,1.50,WIFI
00:54:AF:99:4A:B2,Hotspot4AB2,[WPA_WPA2_PSK],2025-3-25 23:4:29,3,-89,34.0340233,-117.0735779,659.10,1.50,WIFI
00:30:44:5B:DF:31,UPRR_AX,[WPA2_PSK],2025-3-25 23:4:32,6,-83,34.0340157,-117.0740662,657.20,1.50,WIFI
84:1E:A3:C7:A4:7E,SpectrumSetup-78,[WPA2_PSK],2025-3-25 23:4:32,6,-86,34.0340157,-117.0740662,657.20,1.50,WIFI
18:A5:FF:4C:7E:EE,jhtmobile,[WPA2_WPA3_PSK],2025-3-25 23:4:36,10,-87,34.0340157,-117.0748291,654.70,1.50,WIFI
60:F4:19:4F:5C:86,Nadeau,[WPA2_PSK],2025-3-25 23:4:37,11,-73,34.0340118,-117.0750427,654.00,1.50,WIFI
30:93:BC:7E:5D:2E,MySpectrumWiFi28-2G,[WPA2_PSK],2025-3-25 23:4:37,11,-78,34.0340118,-117.0750427,654.00,1.50,WIFI
60:F4:19:4F:5C:83,,[WPA3_PSK],2025-3-25 23:4:37,11,-78,34.0340118,-117.0750427,654.00,1.50,WIFI
DC:69:B5:97:B9:03,,[WPA3_PSK],2025-3-25 23:4:37,11,-79,34.0340118,-117.0750427,654.00,1.50,WIFI
DC:69:B5:97:B9:09,,[OPEN],2025-3-25 23:4:37,11,-79,34.0340118,-117.0750427,654.00,1.50,WIFI
DC:69:B5:97:B9:06,johnsons,[WPA2_PSK],2025-3-25 23:4:37,11,-80,34.0340118,-117.0750427,654.00,1.50,WIFI
34:53:D2:1C:3D:5E,SpectrumSetup-58,[WPA2_PSK],2025-3-25 23:4:37,11,-84,34.0340118,-117.0750427,654.00,1.50,WIFI
90:9D:7D:43:83:C8,Frontier1856,[WPA2_PSK],2025-3-25 23:4:37,11,-85,34.0340118,-117.0750427,654.00,1.50,WIFI
48:F8:B3:FF:40:12,RYMG,[WPA_WPA2_PSK],2025-3-25 23:4:37,11,-87,34.0340118,-117.0750427,654.00,1.50,WIFI
A8:E2:C1:48:85:35,Blink-L1-0205-2126-001086,[WPA_WPA2_PSK],2025-3-25 23:4:37,11,-88,34.0340118,-117.0750427,654.00,1.50,WIFI
04:A1:51:4A:9D:01,ngHub_31943AN9044E2,[WPA2_PSK],2025-3-25 23:4:37,11,-89,34.0340118,-117.0750427,654.00,1.50,WIFI
74:37:5F:C7:7E:13,SpectrumSetup-11,[WPA2_PSK],2025-3-25 23:4:40,1,-68,34.0340004,-117.0756454,653.60,1.50,WIFI
B0:6A:41:96:E2:B6,Hogwarts,[WPA2_PSK],2025-3-25 23:4:40,1,-80,34.0340004,-117.0756454,653.60,1.50,WIFI
B8:69:F4:3C:17:FD,SM-Store,[WPA_WPA2_PSK],2025-3-25 23:4:40,1,-81,34.0340004,-117.0756454,653.60,1.50,WIFI
74:37:5F:8F:F9:0F,SpectrumSetup-0D,[WPA2_PSK],2025-3-25 23:4:40,1,-82,34.0340004,-117.0756454,653.60,1.50,WIFI
AC:8B:A9:13:E4:86,RHFCC,[WPA2_PSK],2025-3-25 23:4:40,1,-83,34.0340004,-117.0756454,653.60,1.50,WIFI
AE:8B:A9:13:E4:86,,[WPA2_PSK],2025-3-25 23:4:40,1,-84,34.0340004,-117.0756454,653.60,1.50,WIFI
50:27:A9:08:0B:85,Frontier8688,[WPA2_PSK],2025-3-25 23:4:47,6,-78,34.0339966,-117.0769043,648.80,1.50,WIFI
5C:FA:25:E9:8C:0B,SpectrumSetup-05,[WPA2_PSK],2025-3-25 23:4:47,6,-79,34.0339966,-117.0769043,648.80,1.50,WIFI
50:27:A9:08:0B:87,,[OPEN],2025-3-25 23:4:47,6,-80,34.0339966,-117.0769043,648.80,1.50,WIFI
50:27:A9:08:0B:83,,[WPA3_PSK],2025-3-25 23:4:47,6,-81,34.0339966,-117.0769043,648.80,1.50,WIFI
50:27:A9:08:D2:C3,,[WPA3_PSK],2025-3-25 23:4:47,6,-85,34.0339966,-117.0769043,648.80,1.50,WIFI
50:27:A9:08:D2:C5,Frontier8688,[WPA2_PSK],2025-3-25 23:4:47,6,-86,34.0339966,-117.0769043,648.80,1.50,WIFI
46:00:49:8D:42:52,,[WPA2_PSK],2025-3-25 23:4:50,10,-84,34.0340004,-117.0773163,647.60,1.50,WIFI
74:37:5F:D9:62:7F,Frontier6704,[WPA2_PSK],2025-3-25 23:4:51,11,-78,34.0340004,-117.0774689,647.10,1.50,WIFI
1E:D6:BE:BB:96:35,myChevrolet,[WPA2_PSK],2025-3-25 23:4:51,11,-81,34.0340004,-117.0774689,647.10,1.50,WIFI
22:AD:56:B0:D7:5A,HotspotD75A,[WPA_WPA2_PSK],2025-3-25 23:4:51,11,-87,34.0340004,-117.0774689,647.10,1.50,WIFI
A6:97:5C:8B:17:EE,VTECH_5754_17ee,[WPA2_PSK],2025-3-25 23:4:51,11,-91,34.0340004,-117.0774689,647.10,1.50,WIFI
88:DE:7C:43:A8:B0,SpectrumSetup-B2,[WPA2_PSK],2025-3-25 23:4:56,1,-79,34.0340004,-117.0783844,643.90,1.50,WIFI
4C:AB:F8:58:FB:F1,SpectrumSetup-F3,[WPA2_PSK],2025-3-25 23:4:56,1,-83,34.0340004,-117.0783844,643.90,1.50,WIFI
9C:3D:CF:83:61:E8,NETGEAR88,[WPA2_PSK],2025-3-25 23:5:0,5,-88,34.0340004,-117.0792465,641.50,1.50,WIFI
92:3B:AD:CB:84:B0,ORBI76,[WPA2_PSK],2025-3-25 23:5:0,5,-90,34.0340004,-117.0792465,641.50,1.50,WIFI
58:96:71:89:B5:46,Verizon_F6WB7Z,[WPA2_PSK],2025-3-25 23:5:1,6,-87,34.0340004,-117.0794754,640.80,1.50,WIFI
F8:AA:3F:F1:FF:D7,SpectrumSetup-D5,[WPA2_PSK],2025-3-25 23:5:8,1,-78,34.0339966,-117.0811157,636.40,1.50,WIFI
C8:C6:FE:C0:ED:43,,[WPA3_PSK],2025-3-25 23:5:8,1,-78,34.0339966,-117.0811157,636.40,1.50,WIFI
C8:C6:FE:C0:ED:47,,[OPEN],2025-3-25 23:5:8,1,-78,34.0339966,-117.0811157,636.40,1.50,WIFI
C8:C6:FE:C0:ED:45,hafer house,[WPA2_PSK],2025-3-25 23:5:8,1,-78,34.0339966,-117.0811157,636.40,1.50,WIFI
AC:8B:A9:4E:8A:8A,Carpet Station,[WPA2_PSK],2025-3-25 23:5:8,1,-81,34.0339966,-117.0811157,636.40,1.50,WIFI
A8:A2:37:85:E1:A8,Verizon_JBN9GZ,[WPA2_PSK],2025-3-25 23:5:8,1,-81,34.0339966,-117.0811157,636.40,1.50,WIFI
F8:5B:3B:A2:33:4B,SpectrumSetup-4D,[WPA2_PSK],2025-3-25 23:5:8,1,-87,34.0339966,-117.0811157,636.40,1.50,WIFI
B6:8B:A9:4E:8A:8A,CS 2g,[WPA2_PSK],2025-3-25 23:5:8,1,-89,34.0339966,-117.0811157,636.40,1.50,WIFI
10:0C:6B:E2:B0:3A,ORBI80,[WPA2_PSK],2025-3-25 23:5:13,4,-69,34.0339928,-117.0823059,632.70,1.50,WIFI
16:0C:6B:E2:B0:3A,,[WPA2_PSK],2025-3-25 23:5:13,4,-72,34.0339928,-117.0823059,632.70,1.50,WIFI
3C:37:86:89:BC:2D,NETGEAR07,[WPA2_PSK],2025-3-25 23:5:13,4,-86,34.0339928,-117.0823059,632.70,1.50,WIFI
4C:AB:F8:4C:8C:F1,SpectrumSetup-F3,[WPA2_PSK],2025-3-25 23:5:15,6,-66,34.0339890,-117.0827866,631.70,1.50,WIFI
78:76:89:2E:29:0A,,[OPEN],2025-3-25 23:5:15,6,-69,34.0339890,-117.0827866,631.70,1.50,WIFI
78:76:89:2E:29:04,,[WPA3_PSK],2025-3-25 23:5:15,6,-70,34.0339890,-117.0827866,631.70,1.50,WIFI
78:76:89:2E:29:07,homewifi,[WPA2_PSK],2025-3-25 23:5:15,6,-70,34.0339890,-117.0827866,631.70,1.50,WIFI
32:13:8B:01:6A:83,DIRECT-83-HP ENVY 6000 series,[WPA2_PSK],2025-3-25 23:5:15,6,-81,34.0339890,-117.0827866,631.70,1.50,WIFI
FC:12:63:93:A8:7A,Verizon_6SKY7L,[WPA2_PSK],2025-3-25 23:5:15,6,-83,34.0339890,-117.0827866,631.70,1.50,WIFI
9C:C9:EB:E1:83:0B,NETGEAR63,[WPA2_PSK],2025-3-25 23:5:17,8,-85,34.0339890,-117.0832443,630.60,1.50,WIFI
04:F0:21:19:97:62,,[WPA2_PSK],2025-3-25 23:5:20,11,-68,34.0339928,-117.0839386,628.80,1.50,WIFI
94:3C:96:F6:B0:66,Frontier0038,[WPA2_PSK],2025-3-25 23:5:20,11,-78,34.0339928,-117.0839386,628.80,1.50,WIFI
D0:6D:C9:2D:C7:06,Frontier0936,[WPA2_PSK],2025-3-25 23:5:20,11,-79,34.0339928,-117.0839386,628.80,1.50,WIFI
EC:58:EA:EA:9F:E3,Configure.Me-2A9FE0,[WPA2_PSK],2025-3-25 23:5:20,11,-81,34.0339928,-117.0839386,628.80,1.50,WIFI
28:C6:8E:C7:51:D1,319435NL03D85,[WPA2_PSK],2025-3-25 23:5:20,11,-91,34.0339928,-117.0839386,628.80,1.50,WIFI
2C:EA:DC:27:52:9D,SpectrumSetup-9F,[WPA2_PSK],2025-3-25 23:5:22,1,-70,34.0339928,-117.0843887,628.30,1.50,WIFI
E4:FA:C4:E6:5B:5E,Paradise,[WPA2_PSK],2025-3-25 23:5:25,2,-84,34.0339890,-117.0850296,626.00,1.50,WIFI
AC:B6:87:37:34:BD,Verizon_KVC943,[WPA2_PSK],2025-3-25 23:5:29,6,-85,34.0339928,-117.0858002,623.30,1.50,WIFI
00:C8:96:2C:28:64,,[WPA_WPA2_PSK],2025-3-25 23:5:32,9,-84,34.0339928,-117.0862045,622.80,1.50,WIFI
38:94:ED:68:42:85,PMY6P,[WPA2_PSK],2025-3-25 23:5:32,9,-91,34.0339928,-117.0862045,622.80,1.50,WIFI
8C:85:80:39:82:24,,[WPA_WPA2_PSK],2025-3-25 23:5:33,10,-87,34.0339928,-117.0863113,622.60,1.50,WIFI
4C:19:5D:58:59:F9,mynetwork133,[WPA2_PSK],2025-3-25 23:5:34,11,-84,34.0339928,-117.0864029,622.20,1.50,WIFI
5C:FA:25:BA:3B:CD,SpectrumSetup-C7,[WPA2_PSK],2025-3-25 23:5:34,11,-85,34.0339928,-117.0864029,622.20,1.50,WIFI
FC:12:63:C5:0C:37,FulfilledCoffee,[WPA2_PSK],2025-3-25 23:5:34,11,-88,34.0339928,-117.0864029,622.20,1.50,WIFI
44:D4:53:83:DC:6E,SpectrumSetup-68,[WPA2_PSK],2025-3-25 23:5:34,11,-95,34.0339928,-117.0864029,622.20,1.50,WIFI
C8:28:E5:3D:E8:A1,Vendor,[WPA2_PSK],2025-3-25 23:5:37,1,-86,34.0339928,-117.0865707,621.60,1.50,WIFI
B8:66:85:62:43:C6,MySpectrumWiFic0-2G,[WPA2_PSK],2025-3-25 23:5:37,1,-88,34.0339928,-117.0865707,621.60,1.50,WIFI
90:E9:5E:DD:8C:E2,,[WPA2_PSK],2025-3-25 23:5:43,6,-83,34.0340004,-117.0872192,619.80,1.50,WIFI
90:E9:5E:DD:8C:E6,YCJUSD-Open2.4GHz,[OPEN],2025-3-25 23:5:43,6,-83,34.0340004,-117.0872192,619.80,1.50,WIFI
4C:AB:F8:4C:55:25,SALAZAR,[WPA2_PSK],2025-3-25 23:5:43,6,-84,34.0340004,-117.0872192,619.80,1.50,WIFI
90:E9:5E:DD:8C:E1,YHSStore,[WPA2_PSK],2025-3-25 23:5:43,6,-88,34.0340004,-117.0872192,619.80,1.50,WIFI
18:58:A2:B3:32:61,ipads,[WPA2_PSK],2025-3-25 23:5:47,10,-88,34.0340004,-117.0879364,617.70,1.50,WIFI
14:7D:05:4E:6A:83,SpectrumSetup-81,[WPA2_PSK],2025-3-25 23:5:48,11,-83,34.0340004,-117.0881348,617.10,1.50,WIFI
F4:05:95:A7:EC:4D,Spectrum0328,[WPA2_PSK],2025-3-25 23:5:48,11,-85,34.0340004,-117.0881348,617.10,1.50,WIFI
34:49:5B:D2:8C:66,Shodhan 2.4,[WPA2_PSK],2025-3-25 23:5:51,1,-79,34.0340004,-117.0887604,615.10,1.50,WIFI
78:61:7C:66:B1:04,George,[WPA2_PSK],2025-3-25 23:5:51,1,-79,34.0340004,-117.0887604,615.10,1.50,WIFI
86:25:3F:48:E4:3F,iX1600-CCEA172533,[WPA2_PSK],2025-3-25 23:5:51,1,-86,34.0340004,-117.0887604,615.10,1.50,WIFI
9E:EA:DC:00:21:D8,,[WPA2_PSK],2025-3-25 23:5:51,1,-89,34.0340004,-117.0887604,615.10,1.50,WIFI
FC:98:16:13:B2:40,TOYOTA Grand Highlander-2.4g_13b,[WPA2_PSK],2025-3-25 23:5:53,2,-74,34.0339966,-117.0891876,613.90,1.50,WIFI
00:30:44:68:97:DE,R1900-7dd,[WPA2_PSK],2025-3-25 23:5:57,6,-75,34.0339966,-117.0900421,612.70,1.50,WIFI
F4:52:46:AD:2C:D1,SpectrumSetup-D3,[WPA2_PSK],2025-3-25 23:5:57,6,-75,34.0339966,-117.0900421,612.70,1.50,WIFI
2C:EA:DC:DB:EC:D1,SpectrumSetup-D3,[WPA2_PSK],2025-3-25 23:5:57,6,-78,34.0339966,-117.0900421,612.70,1.50,WIFI
4A:A2:E6:55:40:E7,NewThermostat_5540E7,[OPEN],2025-3-25 23:5:57,6,-89,34.0339966,-117.0900421,612.70,1.50,WIFI
18:A5:FF:41:CE:E2,TMOBILE-CEE0,[WPA2_WPA3_PSK],2025-3-25 23:6:0,9,-83,34.0339928,-117.0906906,611.60,1.50,WIFI
44:05:3F:41:43:86,TMOBILE-4381,[WPA2_WPA3_PSK],2025-3-25 23:6:2,11,-66,34.0339966,-117.0911255,611.00,1.50,WIFI
D8:B3:70:BD:FD:AA,FBORDERING_IoT,[WPA2_PSK],2025-3-25 23:6:2,11,-76,34.0339966,-117.0911255,611.00,1.50,WIFI
4C:19:5D:0C:E7:72,SpectrumSetup-6C,[WPA2_PSK],2025-3-25 23:6:2,11,-77,34.0339966,-117.0911255,611.00,1.50,WIFI
DE:B3:70:BD:FD:AA,,[WPA2_PSK],2025-3-25 23:6:2,11,-77,34.0339966,-117.0911255,611.00,1.50,WIFI
40:4C:77:23:E2:B0,Frontier2656,[WPA2_PSK],2025-3-25 23:6:2,11,-79,34.0339966,-117.0911255,611.00,1.50,WIFI
AC:17:C8:03:82:84,DB Internal,[WPA2_PSK],2025-3-25 23:6:2,11,-83,34.0339966,-117.0911255,611.00,1.50,WIFI
AA:17:C8:03:82:84,Dutch Vibes,[WPA2_PSK],2025-3-25 23:6:2,11,-83,34.0339966,-117.0911255,611.00,1.50,WIFI
60:19:71:F2:53:00,PolarBears,[WPA2_PSK],2025-3-25 23:6:5,1,-69,34.0339928,-117.0918045,610.30,1.50,WIFI
98:18:88:C7:39:EA,DB Internal,[WPA2_PSK],2025-3-25 23:6:5,1,-73,34.0339928,-117.0918045,610.30,1.50,WIFI
9E:18:88:C7:39:EA,Dutch Vibes,[WPA2_PSK],2025-3-25 23:6:5,1,-73,34.0339928,-117.0918045,610.30,1.50,WIFI
A6:18:88:C7:39:EA,,[WPA2_PSK],2025-3-25 23:6:5,1,-73,34.0339928,-117.0918045,610.30,1.50,WIFI
BC:10:2F:93:70:DC,[range]_E30AJT7113524B,[WPA2_PSK],2025-3-25 23:6:5,1,-76,34.0339928,-117.0918045,610.30,1.50,WIFI
4A:E2:44:AC:00:07,DIRECT-07-HP M277 LaserJet,[WPA2_PSK],2025-3-25 23:6:5,1,-78,34.0339928,-117.0918045,610.30,1.50,WIFI
16:4E:AF:DE:B3:D9,Adrianna chevy,[WPA2_PSK],2025-3-25 23:6:5,1,-83,34.0339928,-117.0918045,610.30,1.50,WIFI
3E:E9:0E:E5:08:AB,PCL9D7J018,[WPA_WPA2_PSK],2025-3-25 23:6:5,1,-89,34.0339928,-117.0918045,610.30,1.50,WIFI
00:26:B4:E9:38:A8,SYNC_XV3Z71Y3,[WPA2_PSK],2025-3-25 23:6:5,1,-91,34.0339928,-117.0918045,610.30,1.50,WIFI
36:94:54:93:C5:9C,PCL9D7J04F,[WPA_WPA2_PSK],2025-3-25 23:6:5,1,-92,34.0339928,-117.0918045,610.30,1.50,WIFI
36:94:54:93:C8:FD,PCL9D7J02Y,[WPA_WPA2_PSK],2025-3-25 23:6:5,1,-93,34.0339928,-117.0918045,610.30,1.50,WIFI
04:17:B6:E9:9A:21,,[WPA_WPA2_PSK],2025-3-25 23:6:12,7,-63,34.0339890,-117.0934219,608.20,1.50,WIFI
86:7A:B6:1D:09:43,WIFIBRG001242062f37IPC70,[WPA2_PSK],2025-3-25 23:6:13,8,-83,34.0339890,-117.0936508,608.00,1.50,WIFI
9E:1C:37:2A:FC:89,WIFIBRG001242062f37IPC140,[WPA2_PSK],2025-3-25 23:6:13,8,-92,34.0339890,-117.0936508,608.00,1.50,WIFI
FC:12:63:F3:A3:79,SpectrumSetup-7B,[WPA2_PSK],2025-3-25 23:6:16,11,-69,34.0339890,-117.0942764,607.50,1.50,WIFI
74:90:BC:54:16:67,FA & FO,[WPA2_PSK],2025-3-25 23:6:19,1,-76,34.0339928,-117.0947952,607.00,1.50,WIFI
5A:E4:03:1E:79:01,myChevrolet 7901,[WPA2_PSK],2025-3-25 23:6:19,1,-84,34.0339928,-117.0947952,607.00,1.50,WIFI
F8:AA:3F:D3:6E:9B,SpectrumSetup-99,[WPA2_PSK],2025-3-25 23:6:19,1,-89,34.0339928,-117.0947952,607.00,1.50,WIFI
32:EA:DC:91:1F:CC,Verizon_DQ7NH9_Guest,[WPA2_PSK],2025-3-25 23:6:19,1,-90,34.0339928,-117.0947952,607.00,1.50,WIFI
10:0C:6B:FD:9F:F9,,[WPA2_PSK],2025-3-25 23:6:21,2,-87,34.0339928,-117.0950394,606.70,1.50,WIFI
92:06:C3:C8:40:35,,[WPA2_PSK],2025-3-25 23:6:22,3,-91,34.0339928,-117.0951233,606.60,1.50,WIFI
F8:08:4F:D0:D1:66,MySpectrumWiFi60-2G,[WPA2_PSK],2025-3-25 23:6:25,6,-77,34.0339966,-117.0952454,606.50,1.50,WIFI
AC:E2:D3:27:77:73,DIRECT-72-HP OfficeJet 4650,[WPA2_PSK],2025-3-25 23:6:25,6,-87,34.0339966,-117.0952454,606.50,1.50,WIFI
00:7F:28:EA:B9:EF,ZCRRR,[WPA2_PSK],2025-3-25 23:6:25,6,-90,34.0339966,-117.0952454,606.50,1.50,WIFI
F4:52:46:FB:B0:28,SpectrumSetup-A9,[WPA2_PSK],2025-3-25 23:6:25,6,-90,34.0339966,-117.0952454,606.50,1.50,WIFI
02:92:A5:59:B8:27,myCadillac b827,[WPA2_PSK],2025-3-25 23:6:30,11,-73,34.0340004,-117.0952530,606.40,1.50,WIFI
A4:11:62:A7:01:D8,ARLO_VMB_1331349137,[WPA2_PSK],2025-3-25 23:6:30,11,-88,34.0340004,-117.0952530,606.40,1.50,WIFI
58:2F:F7:65:C4:2E,SpectrumSetup-28,[WPA2_PSK],2025-3-25 23:6:30,11,-89,34.0340004,-117.0952530,606.40,1.50,WIFI
00:30:44:50:B1:BB,RAI-SIGNAGE,[WPA2_PSK],2025-3-25 23:6:31,1,-81,34.0340004,-117.0952530,606.50,1.50,WIFI
F0:81:75:F7:AA:CE,Diaz,[WPA2_PSK],2025-3-25 23:6:31,1,-82,34.0340004,-117.0952530,606.50,1.50,WIFI
FA:25:FE:86:0A:DB,myChevrolet4105,[WPA2_PSK],2025-3-25 23:6:31,1,-87,34.0340004,-117.0952530,606.50,1.50,WIFI
2C:EA:DC:91:1F:CC,Verizon_DQ7NH9,[WPA2_PSK],2025-3-25 23:6:31,1,-87,34.0340004,-117.0952530,606.50,1.50,WIFI
AE:EA:DC:00:21:D8,,[WPA2_PSK],2025-3-25 23:6:31,1,-87,34.0340004,-117.0952530,606.50,1.50,WIFI
F8:96:FE:2F:BF:00,myGMC9463,[WPA2_WPA3_PSK],2025-3-25 23:6:39,6,-82,34.0340004,-117.0952530,606.70,1.50,WIFI
E8:AD:A6:64:42:D6,MySpectrumWiFid0-2G,[WPA2_PSK],2025-3-25 23:6:44,11,-77,34.0340004,-117.0952530,606.80,1.50,WIFI
F4:52:46:AD:43:79,SpectrumSetup-7B,[WPA2_PSK],2025-3-25 23:6:44,11,-81,34.0340004,-117.0952530,606.80,1.50,WIFI
AC:86:74:AE:61:A6,orphan_connect,[WPA_WPA2_PSK],2025-3-25 23:6:44,11,-86,34.0340004,-117.0952530,606.80,1.50,WIFI
24:94:CB:1C:A2:08,Frontier1072,[WPA2_PSK],2025-3-25 23:6:45,1,-89,34.0340042,-117.0952835,606.70,1.50,WIFI
2C:EA:DC:00:21:D8,SpectrumSetup-DA,[WPA2_PSK],2025-3-25 23:6:45,1,-93,34.0340042,-117.0952835,606.70,1.50,WIFI
92:06:C3:C8:40:36,Gilmore,[WPA2_PSK],2025-3-25 23:6:50,3,-88,34.0342674,-117.0953674,608.10,1.50,WIFI
5C:E2:8C:9D:14:70,,[WPA2_PSK],2025-3-25 23:6:53,6,-77,34.0345879,-117.0954056,609.50,1.50,WIFI
72:74:14:7F:9F:E6,My VW 9303,[WPA2_PSK],2025-3-25 23:6:53,6,-85,34.0345879,-117.0954056,609.50,1.50,WIFI
8C:85:80:46:76:58,,[WPA_WPA2_PSK],2025-3-25 23:6:56,9,-84,34.0349846,-117.0955353,612.50,1.50,WIFI
00:C8:96:D1:23:7A,,[WPA_WPA2_PSK],2025-3-25 23:6:58,11,-81,34.0352631,-117.0956650,615.60,1.50,WIFI
A8:9A:93:8E:CE:F6,JURUPA NURSERY-2G,[WPA2_PSK],2025-3-25 23:6:58,11,-85,34.0352631,-117.0956650,615.60,1.50,WIFI
24:F2:7F:04:BF:00,hs-net,[WPA2],2025-3-25 23:6:58,11,-92,34.0352631,-117.0956650,615.60,1.50,WIFI
40:32:9D:0D:83:07,,[WPA2_PSK],2025-3-25 23:6:59,13,-91,34.0354004,-117.0957413,617.30,1.50,WIFI
80:3F:5D:FF:7E:0E,WAVLINK-N,[WPA_WPA2_PSK],2025-3-25 23:7:5,4,-79,34.0361366,-117.0964584,627.40,1.50,WIFI
54:07:7D:3B:AF:81,Rusty Compass Ranch,[WPA2_WPA3_PSK],2025-3-25 23:7:7,6,-88,34.0363274,-117.0967865,630.40,1.50,WIFI
B2:8B:A9:17:0A:ED,Sunrise Dental Lab,[WPA2_PSK],2025-3-25 23:7:7,6,-94,34.0363274,-117.0967865,630.40,1.50,WIFI
20:B8:2B:73:FF:36,TMOBILE-FF31,[WPA2_WPA3_PSK],2025-3-25 23:7:12,11,-87,34.0366249,-117.0976639,637.10,1.50,WIFI
C8:63:FC:42:7B:7D,MySpectrumWiFi7C-2G,[WPA2_PSK],2025-3-25 23:7:12,11,-89,34.0366249,-117.0976639,637.10,1.50,WIFI
AC:86:74:AE:61:A3,,[WPA_WPA2_PSK],2025-3-25 23:7:12,11,-90,34.0366249,-117.0976639,637.10,1.50,WIFI
34:53:D2:CC:AE:FF,JURUPANURSERY-5G,[WPA2_PSK],2025-3-25 23:7:14,1,-87,34.0366554,-117.0978699,638.70,1.50,WIFI
AC:91:9B:BB:C8:80,Verizon_YV9LM9,[WPA2_PSK],2025-3-25 23:7:14,1,-87,34.0366554,-117.0978699,638.70,1.50,WIFI
1C:3B:F3:CE:50:D2,RoMassey,[WPA2_PSK],2025-3-25 23:7:18,3,-90,34.0366631,-117.0979538,639.00,1.50,WIFI
0E:36:C9:F8:7C:1C,ORBI94 Nguyen,[WPA2_PSK],2025-3-25 23:7:18,3,-91,34.0366631,-117.0979538,639.00,1.50,WIFI
54:07:7D:1F:5D:8D,NETGEAR88,[WPA2_PSK],2025-3-25 23:7:19,4,-87,34.0366631,-117.0979538,639.00,1.50,WIFI
AC:DF:9F:06:83:96,TMOBILE-8394,[WPA2_WPA3_PSK],2025-3-25 23:7:20,5,-81,34.0366631,-117.0979538,638.90,1.50,WIFI
86:7A:B6:4B:D7:F4,WIFIBRG001242062f37IPC247,[WPA2_PSK],2025-3-25 23:7:23,8,-89,34.0366631,-117.0979538,638.90,1.50,WIFI
C0:56:27:37:F5:72,Full Armor Computers,[WPA2_PSK],2025-3-25 23:7:24,9,-90,34.0366631,-117.0979538,638.90,1.50,WIFI
AC:D7:5B:8E:90:A6,rayswifi,[WPA2_WPA3_PSK],2025-3-25 23:7:26,11,-88,34.0366631,-117.0979538,639.00,1.50,WIFI
AC:86:74:5D:D5:CB,,[WPA_WPA2_PSK],2025-3-25 23:7:26,11,-88,34.0366631,-117.0979538,639.00,1.50,WIFI
10:0C:6B:DC:E6:2C,ORBI91,[WPA2_PSK],2025-3-25 23:7:38,9,-90,34.0366707,-117.0994797,645.20,1.50,WIFI
16:0C:6B:DC:E6:2C,,[WPA2_PSK],2025-3-25 23:7:38,9,-92,34.0366707,-117.0994797,645.20,1.50,WIFI
4C:19:5D:86:5B:D8,SpectrumSetup-D2,[WPA2_PSK],2025-3-25 23:7:40,11,-86,34.0366707,-117.0999222,645.40,1.50,WIFI
74:93:DA:44:6A:A5,SpectrumSetup-A7,[WPA2_PSK],2025-3-25 23:7:40,11,-87,34.0366707,-117.0999222,645.40,1.50,WIFI
F4:05:95:AB:74:DF,SpectrumSetup-D9,[WPA2_PSK],2025-3-25 23:7:40,11,-89,34.0366707,-117.0999222,645.40,1.50,WIFI
CC:2D:21:68:C4:22,Tenda_68C422,[WPA_PSK],2025-3-25 23:7:42,13,-90,34.0366669,-117.1003952,645.00,1.50,WIFI
94:53:30:D8:AA:E7,Ruthie,[WPA2_PSK],2025-3-25 23:7:42,1,-83,34.0366669,-117.1003952,645.00,1.50,WIFI
F4:52:46:BD:FF:D0,JerryDamian,[WPA2_PSK],2025-3-25 23:7:42,1,-89,34.0366669,-117.1003952,645.00,1.50,WIFI
2C:EA:DC:2D:AA:A1,SpectrumSetup-A3,[WPA2_PSK],2025-3-25 23:7:42,1,-89,34.0366669,-117.1003952,645.00,1.50,WIFI
80:CC:9C:3D:0A:97,IDEXXw1,[WPA2_PSK],2025-3-25 23:7:48,4,-88,34.0366631,-117.1019669,642.40,1.50,WIFI
CE:9E:43:C0:E2:10,,[WPA2_PSK],2025-3-25 23:8:2,4,-86,34.0375519,-117.1052475,640.50,1.50,WIFI
F0:B6:61:8F:AF:8A,,[OPEN],2025-3-25 23:8:4,6,-77,34.0378876,-117.1055603,642.00,1.50,WIFI
F0:B6:61:8F:AF:87,peachlembu,[WPA2_WPA3_PSK],2025-3-25 23:8:4,6,-77,34.0378876,-117.1055603,642.00,1.50,WIFI
F0:B6:61:8F:AF:90,PL guest,[WPA2_WPA3_PSK],2025-3-25 23:8:4,6,-77,34.0378876,-117.1055603,642.00,1.50,WIFI
F0:7B:65:5F:52:0A,Potter,[WPA2_PSK],2025-3-25 23:8:4,6,-90,34.0378876,-117.1055603,642.00,1.50,WIFI
A8:40:0B:2E:06:C6,Hotspot5x7V,[WPA_WPA2_PSK],2025-3-25 23:8:18,6,-83,34.0401535,-117.1064911,639.60,1.50,WIFI
BC:82:5D:6C:F9:44,coachenrique,[WPA2_PSK],2025-3-25 23:8:25,1,-71,34.0409546,-117.1071396,635.10,1.50,WIFI
6E:D7:9A:7A:1A:54,,[WPA2_PSK],2025-3-25 23:9:28,6,-92,34.0483284,-117.1207047,542.10,1.50,WIFI
80:3F:5D:75:6E:67,,[WPA2_PSK],2025-3-25 23:9:40,4,-89,34.0482979,-117.1212769,539.10,1.50,WIFI
FA:E2:C6:A8:67:AD,,[WPA2_PSK],2025-3-25 23:9:42,6,-85,34.0482979,-117.1212769,539.20,1.50,WIFI
F4:E2:C6:A8:67:AD,Moore Manor,[WPA2_PSK],2025-3-25 23:9:42,6,-86,34.0482979,-117.1212769,539.20,1.50,WIFI
EA:38:83:92:D5:5E,,[WPA2_PSK],2025-3-25 23:9:47,11,-83,34.0482979,-117.1212769,539.40,1.50,WIFI
E4:38:83:92:D5:5E,Moore Manor,[WPA2_PSK],2025-3-25 23:9:47,11,-84,34.0482979,-117.1212769,539.40,1.50,WIFI
26:44:CD:60:4E:27,,[WPA2_PSK],2025-3-25 23:9:47,11,-88,34.0482979,-117.1212769,539.40,1.50,WIFI
26:44:CD:20:4E:27,861upper,[WPA2_PSK],2025-3-25 23:9:47,11,-91,34.0482979,-117.1212769,539.40,1.50,WIFI
26:44:CD:40:4E:27,,[WPA2_PSK],2025-3-25 23:9:47,11,-91,34.0482979,-117.1212769,539.40,1.50,WIFI
70:A7:41:72:A5:3E,UniFi Dream Machine,[WPA2_PSK],2025-3-25 23:9:55,6,-91,34.0482979,-117.1212769,539.70,1.50,WIFI
80:3F:5D:76:99:7A,JCW Co,[WPA2_PSK],2025-3-25 23:10:5,2,-88,34.0482903,-117.1212769,539.90,1.25,WIFI
8C:85:80:7B:7D:31,,[WPA_WPA2_PSK],2025-3-25 23:10:27,10,-90,34.0483208,-117.1248550,527.80,1.25,WIFI
DC:69:B5:ED:0F:26,Cowles Farm,[WPA2_PSK],2025-3-25 23:10:28,11,-76,34.0483208,-117.1250763,526.40,1.25,WIFI
DC:69:B5:ED:0F:2F,Cowles Guest,[WPA2_PSK],2025-3-25 23:10:28,11,-77,34.0483208,-117.1250763,526.40,1.25,WIFI
DC:69:B5:ED:0F:23,,[WPA3_PSK],2025-3-25 23:10:28,11,-78,34.0483208,-117.1250763,526.40,1.25,WIFI
DC:69:B5:ED:0F:29,,[OPEN],2025-3-25 23:10:28,11,-79,34.0483208,-117.1250763,526.40,1.25,WIFI
80:3F:5D:F1:7A:92,ORBI99_EXT2.4G,[WPA2_PSK],2025-3-25 23:10:30,1,-93,34.0483284,-117.1255417,524.40,1.25,WIFI
54:B7:BD:DF:99:DF,Verizon_N3DCV6,[WPA2_PSK],2025-3-25 23:10:44,1,-82,34.0483513,-117.1289749,516.30,1.25,WIFI
FA:92:BF:67:39:6F,,[WPA2_PSK],2025-3-25 23:10:44,1,-86,34.0483513,-117.1289749,516.30,1.25,WIFI
1A:A7:12:2F:61:97,STARLINK,[OPEN],2025-3-25 23:10:51,6,-88,34.0483627,-117.1307220,516.30,1.25,WIFI
1A:A7:12:6F:61:97,,[WPA2_PSK],2025-3-25 23:10:51,6,-91,34.0483627,-117.1307220,516.30,1.25,WIFI
AA:A7:B9:A5:BB:BF,,[WPA2_PSK],2025-3-25 23:11:2,3,-62,34.0483818,-117.1335068,510.20,1.25,WIFI
AA:A7:B9:A5:BB:B8,Scott,[WPA2_PSK],2025-3-25 23:11:2,3,-66,34.0483818,-117.1335068,510.20,1.25,WIFI
42:84:6A:F1:12:BA,,[WPA2_PSK],2025-3-25 23:11:2,3,-77,34.0483818,-117.1335068,510.20,1.25,WIFI
90:9A:4A:CF:EA:26,Scott,[WPA2_PSK],2025-3-25 23:11:2,3,-82,34.0483818,-117.1335068,510.20,1.25,WIFI
3C:84:6A:F1:12:B2,Scott,[WPA2_PSK],2025-3-25 23:11:2,3,-84,34.0483818,-117.1335068,510.20,1.25,WIFI
A4:97:33:A2:C0:EA,Verizon_K9WFS9,[WPA2_PSK],2025-3-25 23:11:5,6,-85,34.0483894,-117.1342545,508.80,1.25,WIFI
00:1F:90:A6:15:3A,UGAH6,[WEP],2025-3-25 23:11:5,6,-91,34.0483894,-117.1342545,508.80,1.25,WIFI
6E:D7:9A:C7:C4:55,,[WPA2_PSK],2025-3-25 23:11:6,7,-92,34.0483932,-117.1345139,508.20,1.25,WIFI
58:96:71:08:93:BE,Verizon_7NC7DM,[WPA2_PSK],2025-3-25 23:11:12,1,-90,34.0483971,-117.1360626,503.20,1.25,WIFI
AE:E2:D3:C9:FA:88,DIRECT-88-HP OfficeJet Pro 8740,[WPA2_PSK],2025-3-25 23:11:19,6,-83,34.0484390,-117.1378326,497.20,1.25,WIFI
AC:91:9B:C0:97:0A,Verizon_6TPYV7,[WPA2_PSK],2025-3-25 23:11:19,6,-83,34.0484390,-117.1378326,497.20,1.25,WIFI
BC:DF:58:FD:F2:32,K&L86,[WPA2_PSK],2025-3-25 23:11:19,6,-88,34.0484390,-117.1378326,497.20,1.25,WIFI
58:96:71:57:E6:B2,Verizon_GRBG37,[WPA2_PSK],2025-3-25 23:11:19,6,-91,34.0484390,-117.1378326,497.20,1.25,WIFI
04:17:B6:37:9C:3E,,[WPA_WPA2_PSK],2025-3-25 23:11:21,8,-81,34.0484467,-117.1382141,496.40,1.25,WIFI
54:B7:BD:1F:91:34,Verizon_VQX6S3,[WPA2_PSK],2025-3-25 23:11:24,11,-86,34.0484467,-117.1386261,495.40,1.25,WIFI
74:90:BC:AD:F7:1B,Verizon_VH4D49,[WPA2_PSK],2025-3-25 23:11:24,11,-88,34.0484467,-117.1386261,495.40,1.25,WIFI
06:80:AE:64:22:BF,,[WPA2_PSK],2025-3-25 23:11:24,11,-89,34.0484467,-117.1386261,495.40,1.25,WIFI
9C:C8:FC:0E:0A:D8,Frontier0960,[WPA2_PSK],2025-3-25 23:11:27,1,-93,34.0484467,-117.1387939,495.00,1.25,WIFI
30:23:03:39:F9:DB,NETGEAR25,[WPA2_PSK],2025-3-25 23:11:30,3,-90,34.0484467,-117.1388397,494.90,1.25,WIFI
DE:55:3D:F3:04:EC,,[WPA2_PSK],2025-3-25 23:11:33,6,-80,34.0484390,-117.1390686,494.30,1.25,WIFI
5E:96:71:07:FB:EE,Verizon_9KM3LL-Guest,[WPA2_PSK],2025-3-25 23:11:33,6,-82,34.0484390,-117.1390686,494.30,1.25,WIFI
E6:55:3D:F3:04:EC,Liahona,[WPA2_PSK],2025-3-25 23:11:33,6,-82,34.0484390,-117.1390686,494.30,1.25,WIFI
8E:D6:BB:93:BB:57,CHEVROLET3963,[WPA2_WPA3_PSK],2025-3-25 23:11:33,6,-83,34.0484390,-117.1390686,494.30,1.25,WIFI
EA:55:3D:F3:04:EC,IOTConnect,[WPA2_PSK],2025-3-25 23:11:33,6,-83,34.0484390,-117.1390686,494.30,1.25,WIFI
E0:55:3D:F3:04:EC,Lehi,[WPA2_PSK],2025-3-25 23:11:33,6,-84,34.0484390,-117.1390686,494.30,1.25,WIFI
58:96:71:07:FB:EE,Verizon_9KM3LL,[WPA2_PSK],2025-3-25 23:11:33,6,-90,34.0484390,-117.1390686,494.30,1.25,WIFI
94:18:65:CE:D8:0B,ORBI99,[WPA2_WPA3_PSK],2025-3-25 23:11:36,9,-79,34.0484352,-117.1394577,494.00,1.25,WIFI
9A:18:65:CE:D8:0B,,[WPA2_PSK],2025-3-25 23:11:36,9,-81,34.0484352,-117.1394577,494.00,1.25,WIFI
9E:18:65:CE:D8:0B,RASMEY-Guest,[WPA2_PSK],2025-3-25 23:11:36,9,-82,34.0484352,-117.1394577,494.00,1.25,WIFI
AE:83:14:ED:2D:D6,Spiritual connection,[WPA2_PSK],2025-3-25 23:11:38,11,-80,34.0484314,-117.1397705,493.50,1.25,WIFI
B0:E4:D5:79:69:5A,BrittanyL,[WPA2_PSK],2025-3-25 23:11:38,11,-85,34.0484314,-117.1397705,493.50,1.25,WIFI
8C:85:80:4D:FA:C9,,[WPA_WPA2_PSK],2025-3-25 23:11:43,1,-85,34.0484276,-117.1407013,491.50,1.50,WIFI
22:E0:19:5C:8C:76,,[WPA2_PSK],2025-3-25 23:11:43,1,-86,34.0484276,-117.1407013,491.50,1.50,WIFI
78:B2:13:EA:9D:F5,cdbcc46b790383abd7d631af1bd3676d,[WPA2_PSK],2025-3-25 23:11:43,1,-90,34.0484276,-117.1407013,491.50,1.50,WIFI
40:CA:63:BF:F9:E6,Samsung Dryer_E50AJTDR128Y,[WPA2_PSK],2025-3-25 23:11:43,1,-91,34.0484276,-117.1407013,491.50,1.50,WIFI
84:D8:1B:FA:6F:16,Grandma’s Mesh Network,[WPA_WPA2_PSK],2025-3-25 23:11:44,3,-90,34.0484276,-117.1409149,490.90,1.50,WIFI
8A:D8:1B:FA:6F:16,,[WPA2_PSK],2025-3-25 23:11:44,3,-91,34.0484276,-117.1409149,490.90,1.50,WIFI
3C:52:A1:19:81:87,macyjubi,[WPA2_PSK],2025-3-25 23:11:46,5,-90,34.0484276,-117.1413116,490.00,1.50,WIFI
F0:B6:61:56:6C:E7,Dodgers 44,[WPA2_PSK],2025-3-25 23:11:48,6,-70,34.0484276,-117.1417236,488.80,1.50,WIFI
F0:B6:61:56:6C:E4,,[WPA3_PSK],2025-3-25 23:11:48,6,-71,34.0484276,-117.1417236,488.80,1.50,WIFI
F0:B6:61:56:6C:EA,,[OPEN],2025-3-25 23:11:48,6,-72,34.0484276,-117.1417236,488.80,1.50,WIFI
F0:B6:61:0F:51:E7,Dodgers 44,[WPA2_PSK],2025-3-25 23:11:48,6,-76,34.0484276,-117.1417236,488.80,1.50,WIFI
F0:B6:61:0F:51:E4,,[WPA3_PSK],2025-3-25 23:11:48,6,-78,34.0484276,-117.1417236,488.80,1.50,WIFI
F0:B6:61:0F:51:EA,,[OPEN],2025-3-25 23:11:48,6,-78,34.0484276,-117.1417236,488.80,1.50,WIFI
84:A0:6E:C3:F7:66,MySpectrumWiFi60-2G,[WPA2_PSK],2025-3-25 23:11:48,6,-79,34.0484276,-117.1417236,488.80,1.50,WIFI
D8:8E:D4:3D:8C:83,,[WPA3_PSK],2025-3-25 23:11:48,6,-81,34.0484276,-117.1417236,488.80,1.50,WIFI
C8:C6:FE:04:8A:C6,rumah Brittany,[WPA2_PSK],2025-3-25 23:11:48,6,-83,34.0484276,-117.1417236,488.80,1.50,WIFI
D8:8E:D4:3D:8C:89,,[OPEN],2025-3-25 23:11:48,6,-83,34.0484276,-117.1417236,488.80,1.50,WIFI
B0:0C:D1:B5:61:57,DIRECT-56-HP OfficeJet 6950,[WPA2_PSK],2025-3-25 23:11:48,6,-87,34.0484276,-117.1417236,488.80,1.50,WIFI
04:17:B6:EF:B2:C4,,[WPA_WPA2_PSK],2025-3-25 23:11:48,6,-88,34.0484276,-117.1417236,488.80,1.50,WIFI
82:7F:F0:01:91:53,,[WPA2_PSK],2025-3-25 23:11:51,9,-87,34.0484314,-117.1423340,486.80,1.50,WIFI
68:7F:F0:01:91:51,TP-Link 9152 guest,[WPA2_PSK],2025-3-25 23:11:51,9,-88,34.0484314,-117.1423340,486.80,1.50,WIFI
CC:40:D0:76:5A:98,NTGR_VMB_1462060955,[WPA2_PSK],2025-3-25 23:11:51,9,-91,34.0484314,-117.1423340,486.80,1.50,WIFI
94:A6:7E:16:1F:E7,WOLFDEN02,[WPA2_PSK],2025-3-25 23:11:53,11,-68,34.0484314,-117.1427536,485.40,1.50,WIFI
D0:6D:C9:39:9F:86,Frontier1222,[WPA2_PSK],2025-3-25 23:11:53,11,-75,34.0484314,-117.1427536,485.40,1.50,WIFI
08:36:C9:8B:0F:2C,CIA1,[WPA2_PSK],2025-3-25 23:11:53,11,-82,34.0484314,-117.1427536,485.40,1.50,WIFI
20:BE:CD:15:E8:EA,,[OPEN],2025-3-25 23:11:53,11,-83,34.0484314,-117.1427536,485.40,1.50,WIFI
08:36:C9:EE:54:4D,CIA1,[WPA2_PSK],2025-3-25 23:11:53,11,-84,34.0484314,-117.1427536,485.40,1.50,WIFI
20:BE:CD:15:E8:E7,Stephens,[WPA2_PSK],2025-3-25 23:11:53,11,-84,34.0484314,-117.1427536,485.40,1.50,WIFI
88:6A:E3:D6:B9:C6,tld6b9c6,[WPA2_PSK],2025-3-25 23:11:53,11,-88,34.0484314,-117.1427536,485.40,1.50,WIFI
08:B4:B1:25:FF:CF,8Lakers24,[WPA2_PSK],2025-3-25 23:11:56,1,-72,34.0484276,-117.1433716,483.40,1.50,WIFI
30:60:0A:25:05:0C,,[WPA_WPA2_PSK],2025-3-25 23:11:56,1,-81,34.0484276,-117.1433716,483.40,1.50,WIFI
FC:12:63:F3:FD:79,CaseJohn410,[WPA2_PSK],2025-3-25 23:11:56,1,-83,34.0484276,-117.1433716,483.40,1.50,WIFI
30:60:0A:FC:28:1C,,[WPA_WPA2_PSK],2025-3-25 23:11:56,1,-84,34.0484276,-117.1433716,483.40,1.50,WIFI
08:B4:B1:15:31:FE,8Lakers24,[WPA2_PSK],2025-3-25 23:11:56,1,-87,34.0484276,-117.1433716,483.40,1.50,WIFI
08:B4:B1:15:2C:5D,8Lakers24,[WPA2_PSK],2025-3-25 23:11:56,1,-91,34.0484276,-117.1433716,483.40,1.50,WIFI
30:60:0A:3C:31:A0,,[WPA_WPA2_PSK],2025-3-25 23:11:59,3,-75,34.0484314,-117.1439819,481.00,1.50,WIFI
84:D8:1B:FA:28:3A,Grandma’s Mesh Network,[WPA_WPA2_PSK],2025-3-25 23:11:59,3,-81,34.0484314,-117.1439819,481.00,1.50,WIFI
B4:B0:24:2F:D9:AA,TP-Link_D9AA,[WPA2_PSK],2025-3-25 23:11:59,3,-83,34.0484314,-117.1439819,481.00,1.50,WIFI
8A:D8:1B:FA:28:3A,,[WPA2_PSK],2025-3-25 23:11:59,3,-83,34.0484314,-117.1439819,481.00,1.50,WIFI
34:53:D2:37:66:3E,Rohleder,[WPA2_PSK],2025-3-25 23:12:2,6,-80,34.0484276,-117.1445999,478.90,1.25,WIFI
7C:7E:F9:51:CB:A4,Great Scott Productions,[WPA2_PSK],2025-3-25 23:12:2,6,-81,34.0484276,-117.1445999,478.90,1.25,WIFI
7C:7E:F9:51:CB:A2,,[WPA3_PSK],2025-3-25 23:12:2,6,-82,34.0484276,-117.1445999,478.90,1.25,WIFI
7C:7E:F9:51:CB:A6,,[OPEN],2025-3-25 23:12:2,6,-82,34.0484276,-117.1445999,478.90,1.25,WIFI
9C:C9:EB:1C:16:28,8SKTL_EXT,[WPA2_PSK],2025-3-25 23:12:2,6,-87,34.0484276,-117.1445999,478.90,1.25,WIFI
FA:8F:CA:8E:C7:7A,Office speaker.o_,[OPEN],2025-3-25 23:12:2,6,-89,34.0484276,-117.1445999,478.90,1.25,WIFI
A4:97:33:4E:FA:E9,SpectrumSetup-EB,[WPA2_PSK],2025-3-25 23:12:2,6,-90,34.0484276,-117.1445999,478.90,1.25,WIFI
E2:62:79:6A:0A:03,,[WPA2_PSK],2025-3-25 23:12:5,9,-91,34.0484276,-117.1452103,477.60,1.25,WIFI
10:0C:6B:EA:A3:17,westworld,[WPA2_PSK],2025-3-25 23:12:6,10,-92,34.0484276,-117.1454086,477.30,1.25,WIFI
88:67:46:79:AF:E6,JohnPatty7691,[WPA2_PSK],2025-3-25 23:12:7,11,-68,34.0484238,-117.1456146,476.90,1.25,WIFI
88:67:46:79:AF:E3,,[WPA3_PSK],2025-3-25 23:12:7,11,-69,34.0484238,-117.1456146,476.90,1.25,WIFI
88:67:46:79:AF:E9,,[OPEN],2025-3-25 23:12:7,11,-69,34.0484238,-117.1456146,476.90,1.25,WIFI
3A:1A:52:47:43:FA,DIRECT-5247C3FA,[WPA2_PSK],2025-3-25 23:12:7,11,-82,34.0484238,-117.1456146,476.90,1.25,WIFI
54:21:60:04:F8:2D,Alula04F82C,[WPA_WPA2_PSK],2025-3-25 23:12:7,11,-87,34.0484238,-117.1456146,476.90,1.25,WIFI
DC:69:B5:A0:9C:83,,[WPA3_PSK],2025-3-25 23:12:7,11,-88,34.0484238,-117.1456146,476.90,1.25,WIFI
A8:97:CD:A4:18:B8,Simba’s house,[WPA2_PSK],2025-3-25 23:12:7,11,-89,34.0484238,-117.1456146,476.90,1.25,WIFI
00:54:AF:44:2F:B1,Hotspot2FB1,[WPA_WPA2_PSK],2025-3-25 23:12:10,1,-83,34.0484238,-117.1462250,475.50,1.25,WIFI
B4:FB:E4:47:2E:A8,Craw395,[WPA2_PSK],2025-3-25 23:12:10,1,-84,34.0484238,-117.1462250,475.50,1.25,WIFI
98:F7:81:DD:54:68,4us,[WPA2_PSK],2025-3-25 23:12:10,1,-87,34.0484238,-117.1462250,475.50,1.25,WIFI
F0:9F:C2:24:1A:0C,Craw395,[WPA2_PSK],2025-3-25 23:12:10,1,-90,34.0484238,-117.1462250,475.50,1.25,WIFI
FA:8F:CA:81:FF:CD,,[OPEN],2025-3-25 23:12:10,1,-91,34.0484238,-117.1462250,475.50,1.25,WIFI
10:0C:6B:49:BB:A5,Shuyun Mesh,[WPA2_PSK],2025-3-25 23:12:15,5,-75,34.0484238,-117.1471024,473.00,1.25,WIFI
30:68:93:2B:2C:1E,Pretty HTML Machine,[WPA2_PSK],2025-3-25 23:12:19,9,-90,34.0484238,-117.1474609,471.90,1.25,WIFI
36:68:93:2B:2C:1E,,[WPA2_PSK],2025-3-25 23:12:19,9,-90,34.0484238,-117.1474609,471.90,1.25,WIFI
BA:9F:09:46:EE:4B,myCadillac,[WPA2_PSK],2025-3-25 23:12:21,11,-78,34.0484238,-117.1474915,471.90,1.25,WIFI
B0:A7:B9:E7:AD:AE,CB7CL_2.4GEXT,[WPA2_PSK],2025-3-25 23:12:21,11,-81,34.0484238,-117.1474915,471.90,1.25,WIFI
F4:92:BF:61:53:57,Craw395,[WPA2_PSK],2025-3-25 23:12:21,11,-82,34.0484238,-117.1474915,471.90,1.25,WIFI
AE:AE:19:55:4C:DC,,[WPA2_PSK],2025-3-25 23:12:21,11,-88,34.0484238,-117.1474915,471.90,1.25,WIFI
D0:21:F9:2A:21:46,P & G,[WPA2_PSK],2025-3-25 23:12:21,11,-93,34.0484238,-117.1474915,471.90,1.25,WIFI
4C:12:65:18:AF:18,Frontier8800,[WPA2_PSK],2025-3-25 23:12:24,1,-89,34.0484238,-117.1476364,471.40,1.25,WIFI
02:22:6C:27:91:42,SoundBarSetup_9142,[OPEN],2025-3-25 23:12:24,1,-90,34.0484238,-117.1476364,471.40,1.25,WIFI
FC:12:63:82:7A:91,SpectrumSetup-93,[WPA2_PSK],2025-3-25 23:12:30,6,-85,34.0484276,-117.1484909,469.40,1.25,WIFI
20:9A:7D:F9:14:7E,Niblack,[WPA2_PSK],2025-3-25 23:12:30,6,-91,34.0484276,-117.1484909,469.40,1.25,WIFI
92:3B:AD:17:76:52,JamesBond,[WPA2_PSK],2025-3-25 23:12:33,9,-87,34.0484238,-117.1490326,468.70,1.25,WIFI
D6:21:F9:2A:21:46,The Gloria Deo Estate,[WPA2_PSK],2025-3-25 23:12:35,11,-84,34.0484238,-117.1494064,467.60,1.25,WIFI
DA:21:F9:2A:21:46,,[WPA2_PSK],2025-3-25 23:12:35,11,-88,34.0484238,-117.1494064,467.60,1.25,WIFI
68:4A:76:32:F3:25,Redlands,[WPA2_PSK],2025-3-25 23:12:44,6,-81,34.0484238,-117.1511612,461.70,1.25,WIFI
68:4A:76:32:F3:27,,[OPEN],2025-3-25 23:12:44,6,-86,34.0484238,-117.1511612,461.70,1.25,WIFI
A0:40:A0:A0:5D:1F,SpectrumSetup-3B_2GEXT,[WPA2_PSK],2025-3-25 23:12:44,6,-91,34.0484238,-117.1511612,461.70,1.25,WIFI
84:70:D7:35:E7:A4,,[WPA3_PSK],2025-3-25 23:12:49,11,-72,34.0484238,-117.1521149,458.30,1.25,WIFI
84:70:D7:35:E7:AA,,[OPEN],2025-3-25 23:12:49,11,-72,34.0484238,-117.1521149,458.30,1.25,WIFI
84:70:D7:35:E7:B0,Nacho#1 Guest,[WPA2_PSK],2025-3-25 23:12:49,11,-75,34.0484238,-117.1521149,458.30,1.25,WIFI
84:70:D7:35:E7:A7,Nacho#1,[WPA2_PSK],2025-3-25 23:12:49,11,-77,34.0484238,-117.1521149,458.30,1.25,WIFI
B4:B0:24:B2:67:94,Frontier9424_EXT,[WPA2_PSK],2025-3-25 23:12:49,11,-78,34.0484238,-117.1521149,458.30,1.25,WIFI
A0:55:1F:5B:94:D0,1443_Northview,[WPA2_PSK],2025-3-25 23:12:49,11,-81,34.0484238,-117.1521149,458.30,1.25,WIFI
24:29:34:C4:81:A9,Our Castle,[WPA2_PSK],2025-3-25 23:12:49,11,-83,34.0484238,-117.1521149,458.30,1.25,WIFI
84:70:D7:15:B0:47,Nacho#1,[WPA2_PSK],2025-3-25 23:12:49,11,-85,34.0484238,-117.1521149,458.30,1.25,WIFI
84:70:D7:15:B0:50,Nacho#1 Guest,[WPA2_PSK],2025-3-25 23:12:49,11,-85,34.0484238,-117.1521149,458.30,1.25,WIFI
C8:63:FC:7C:90:A8,Frontier9424,[WPA2_PSK],2025-3-25 23:12:49,11,-86,34.0484238,-117.1521149,458.30,1.25,WIFI
26:E8:53:C7:64:A2,AT_202_RV18A5AS_D_US_64a2,[WPA2_PSK],2025-3-25 23:12:49,11,-88,34.0484238,-117.1521149,458.30,1.25,WIFI
18:B8:1F:56:C1:E8,Frontier8512,[WPA2_PSK],2025-3-25 23:12:49,11,-91,34.0484238,-117.1521149,458.30,1.25,WIFI
DC:8D:8A:D4:06:6F,The_Black_Lodge,[WPA2_WPA3_PSK],2025-3-25 23:12:49,11,-93,34.0484238,-117.1521149,458.30,1.25,WIFI
38:8B:59:DE:B9:8B,Wiley,[WPA2_PSK],2025-3-25 23:12:54,1,-72,34.0484276,-117.1531143,455.60,1.25,WIFI
14:22:3B:15:AD:12,Our Castle,[WPA2_PSK],2025-3-25 23:12:54,1,-77,34.0484276,-117.1531143,455.60,1.25,WIFI
2C:00:AB:D6:76:68,Frontier1088,[WPA2_PSK],2025-3-25 23:12:54,1,-82,34.0484276,-117.1531143,455.60,1.25,WIFI
34:5F:45:B6:A7:39,PNR08IF31062298086,[OPEN],2025-3-25 23:12:54,1,-84,34.0484276,-117.1531143,455.60,1.25,WIFI
80:78:71:5D:95:11,SpectrumSetup-13,[WPA2_PSK],2025-3-25 23:12:54,1,-85,34.0484276,-117.1531143,455.60,1.25,WIFI
6C:CD:D6:B1:4F:9E,RIO PIEDRAS_EXT,[WPA2_PSK],2025-3-25 23:12:54,1,-89,34.0484276,-117.1531143,455.60,1.25,WIFI
24:4B:FE:73:E6:90,Spectrum123,[WPA2_PSK],2025-3-25 23:12:58,5,-83,34.0485458,-117.1538391,454.90,1.25,WIFI
22:76:13:4A:5A:C8,,[WPA2_PSK],2025-3-25 23:12:58,5,-89,34.0485458,-117.1538391,454.90,1.25,WIFI
CC:40:D0:0F:5E:03,NETGEAR09,[WPA2_PSK],2025-3-25 23:13:2,9,-84,34.0489082,-117.1544266,452.80,1.25,WIFI
10:DA:43:C4:CB:CC,NETGEAR04,[WPA2_PSK],2025-3-25 23:13:2,9,-86,34.0489082,-117.1544266,452.80,1.25,WIFI
B0:7F:B9:98:25:45,FiOS-0O6M6_2GEXT,[WPA2_PSK],2025-3-25 23:13:4,11,-80,34.0491409,-117.1546707,451.50,1.25,WIFI
50:C7:BF:38:A5:9A,49O06,[WPA_WPA2_PSK],2025-3-25 23:13:4,11,-87,34.0491409,-117.1546707,451.50,1.25,WIFI
D4:A9:28:14:1F:72,FiOS-0O6M6,[WPA2_PSK],2025-3-25 23:13:4,11,-88,34.0491409,-117.1546707,451.50,1.25,WIFI
58:11:22:22:87:01,XWXC4,[WPA2_PSK],2025-3-25 23:13:4,11,-91,34.0491409,-117.1546707,451.50,1.25,WIFI
C8:63:FC:65:27:88,Frontier5184,[WPA2_PSK],2025-3-25 23:13:4,11,-92,34.0491409,-117.1546707,451.50,1.25,WIFI
60:D5:61:00:5B:46,,[WPA2_PSK],2025-3-25 23:13:5,13,-94,34.0492477,-117.1548080,450.80,1.25,WIFI
B8:66:85:49:CF:A6,MySpectrumWiFia0-2G,[WPA2_PSK],2025-3-25 23:13:6,1,-73,34.0493431,-117.1549530,450.80,1.25,WIFI
9C:57:BC:6F:D2:06,Gonzalez1205,[WPA2_PSK],2025-3-25 23:13:6,1,-79,34.0493431,-117.1549530,450.80,1.25,WIFI
08:86:3B:3A:7E:DD,tlm.edc.guests,[WPA_WPA2_PSK],2025-3-25 23:13:6,1,-79,34.0493431,-117.1549530,450.80,1.25,WIFI
64:67:72:46:4C:97,TMOBILE-4C95,[WPA2_WPA3_PSK],2025-3-25 23:13:6,1,-80,34.0493431,-117.1549530,450.80,1.25,WIFI
08:86:3B:3A:7E:DC,jdtl.edc,[WPA_WPA2_PSK],2025-3-25 23:13:6,1,-80,34.0493431,-117.1549530,450.80,1.25,WIFI
A4:11:62:4D:EB:B6,NTGR_VMB_9329355271,[WPA2_PSK],2025-3-25 23:13:10,3,-89,34.0495605,-117.1556091,447.80,1.25,WIFI
3C:37:86:D2:9F:56,NETGEAR61,[WPA2_PSK],2025-3-25 23:13:10,3,-90,34.0495605,-117.1556091,447.80,1.25,WIFI
D4:3F:32:7B:9D:66,carballo,[WPA2_PSK],2025-3-25 23:13:13,6,-68,34.0495796,-117.1560059,446.80,1.25,WIFI
D4:3F:32:7B:9D:6F,carballo guest,[WPA2_PSK],2025-3-25 23:13:13,6,-69,34.0495796,-117.1560059,446.80,1.25,WIFI
D4:3F:32:7B:9D:69,,[OPEN],2025-3-25 23:13:13,6,-70,34.0495796,-117.1560059,446.80,1.25,WIFI
D4:3F:32:7B:9D:63,,[WPA3_PSK],2025-3-25 23:13:13,6,-71,34.0495796,-117.1560059,446.80,1.25,WIFI
D4:3F:32:88:8F:C6,carballo,[WPA2_PSK],2025-3-25 23:13:13,6,-77,34.0495796,-117.1560059,446.80,1.25,WIFI
D4:3F:32:88:8F:C9,,[OPEN],2025-3-25 23:13:13,6,-79,34.0495796,-117.1560059,446.80,1.25,WIFI
D4:3F:32:88:8F:CF,carballo guest,[WPA2_PSK],2025-3-25 23:13:13,6,-81,34.0495796,-117.1560059,446.80,1.25,WIFI
32:24:A9:6D:46:29,DIRECT-29-HP OfficeJet Pro 8030,[WPA2_PSK],2025-3-25 23:13:13,6,-86,34.0495796,-117.1560059,446.80,1.25,WIFI
3C:37:86:68:0B:D2,NETGEAR73,[WPA2_PSK],2025-3-25 23:13:13,6,-90,34.0495796,-117.1560059,446.80,1.25,WIFI
C0:FF:D4:92:F3:C0,NTGR_VMB_1439613203,[WPA2_PSK],2025-3-25 23:13:13,6,-92,34.0495796,-117.1560059,446.80,1.25,WIFI
78:29:ED:BF:BD:8E,MySpectrumWiFi90-2G,[WPA2_PSK],2025-3-25 23:13:18,11,-70,34.0495758,-117.1561966,446.00,1.25,WIFI
DE:EF:CA:52:A0:F4,DIRECT-2Q-Car_4297,[WPA2_PSK],2025-3-25 23:13:18,11,-86,34.0495758,-117.1561966,446.00,1.25,WIFI
C0:6F:98:9B:36:E3,,[WPA3_PSK],2025-3-25 23:13:21,1,-79,34.0495796,-117.1563644,445.30,1.25,WIFI
C0:6F:98:9B:36:E9,,[OPEN],2025-3-25 23:13:21,1,-79,34.0495796,-117.1563644,445.30,1.25,WIFI
9C:57:BC:6F:D2:03,,[WPA3_PSK],2025-3-25 23:13:21,1,-82,34.0495796,-117.1563644,445.30,1.25,WIFI
9C:57:BC:6F:D2:09,,[OPEN],2025-3-25 23:13:21,1,-82,34.0495796,-117.1563644,445.30,1.25,WIFI
CC:F4:11:08:01:DA,La Casa De Travesura,[WPA2_PSK],2025-3-25 23:13:21,1,-84,34.0495796,-117.1563644,445.30,1.25,WIFI
F0:21:E0:47:E8:A7,,[OPEN],2025-3-25 23:13:21,1,-84,34.0495796,-117.1563644,445.30,1.25,WIFI
F0:21:E0:47:E8:A3,,[WPA3_PSK],2025-3-25 23:13:21,1,-84,34.0495796,-117.1563644,445.30,1.25,WIFI
F0:21:E0:47:E8:A5,Famgonz,[WPA2_PSK],2025-3-25 23:13:21,1,-85,34.0495796,-117.1563644,445.30,1.25,WIFI
04:B6:BE:DD:FD:D8,,[WPA_WPA2_PSK],2025-3-25 23:13:21,1,-85,34.0495796,-117.1563644,445.30,1.25,WIFI
34:98:B5:49:A7:D9,,[WPA2_PSK],2025-3-25 23:13:25,4,-73,34.0495224,-117.1568298,444.30,1.25,WIFI
3A:98:B5:49:A7:D9,Mr. Mom,[WPA2_WPA3_PSK],2025-3-25 23:13:25,4,-75,34.0495224,-117.1568298,444.30,1.25,WIFI
42:98:B5:49:A7:D9,Mr. Mom-IoT,[WPA2_PSK],2025-3-25 23:13:25,4,-79,34.0495224,-117.1568298,444.30,1.25,WIFI
8E:49:62:C2:11:69,,[WPA2_PSK],2025-3-25 23:13:27,6,-74,34.0494232,-117.1571350,443.80,1.25,WIFI
30:24:A9:B2:D4:58,DIRECT-57-HP OfficeJet Pro 6970,[WPA2_PSK],2025-3-25 23:13:27,6,-80,34.0494232,-117.1571350,443.80,1.25,WIFI
88:6A:E3:E4:88:02,tle48802,[WPA2_PSK],2025-3-25 23:13:27,6,-81,34.0494232,-117.1571350,443.80,1.25,WIFI
A4:97:33:68:9A:74,SpectrumSetup-76,[WPA2_PSK],2025-3-25 23:13:27,6,-87,34.0494232,-117.1571350,443.80,1.25,WIFI
94:18:65:68:78:F5,NETGEAR30,[WPA2_PSK],2025-3-25 23:13:31,10,-79,34.0490913,-117.1577682,443.10,1.25,WIFI
22:AD:56:27:54:86,Hotspot5486,[WPA_WPA2_PSK],2025-3-25 23:13:32,11,-64,34.0489960,-117.1579437,442.80,1.25,WIFI
40:4C:77:1E:2A:48,Frontier7760,[WPA2_PSK],2025-3-25 23:13:32,11,-83,34.0489960,-117.1579437,442.80,1.25,WIFI
A4:11:62:34:AD:AC,81df12ffba13ecfffba1f14870a4de23,[WPA2_PSK],2025-3-25 23:13:32,11,-89,34.0489960,-117.1579437,442.80,1.25,WIFI
74:37:5F:A7:A4:6B,garshome,[WPA2_PSK],2025-3-25 23:13:35,1,-81,34.0486908,-117.1584702,441.80,1.25,WIFI
D8:0D:17:9A:5D:5E,ValdezHouse,[WPA_WPA2_PSK],2025-3-25 23:13:38,3,-90,34.0483704,-117.1590347,443.80,1.25,WIFI
20:57:9E:39:BD:A5,Shark_RV1100A-NA-20579e39bda5,[OPEN],2025-3-25 23:13:41,6,-79,34.0480614,-117.1595993,446.70,1.25,WIFI
64:C2:69:FC:52:07,,[OPEN],2025-3-25 23:13:41,6,-83,34.0480614,-117.1595993,446.70,1.25,WIFI
64:C2:69:FC:52:05,hayden,[WPA2_PSK],2025-3-25 23:13:41,6,-83,34.0480614,-117.1595993,446.70,1.25,WIFI
64:C2:69:FC:52:03,,[WPA3_PSK],2025-3-25 23:13:41,6,-84,34.0480614,-117.1595993,446.70,1.25,WIFI
AC:B6:87:AD:9E:A3,Verizon_KJ6D9T,[WPA2_PSK],2025-3-25 23:13:41,6,-87,34.0480614,-117.1595993,446.70,1.25,WIFI
E4:8E:10:7B:FA:7C,,[WPA_WPA2_PSK],2025-3-25 23:13:44,9,-88,34.0477638,-117.1601563,448.30,1.25,WIFI
CC:CF:83:69:74:3E,,[WPA_WPA2_PSK],2025-3-25 23:13:44,9,-89,34.0477638,-117.1601563,448.30,1.25,WIFI
9C:3D:CF:1D:38:7F,Stella 2.4,[WPA2_PSK],2025-3-25 23:13:45,10,-89,34.0476685,-117.1603394,448.60,1.25,WIFI
A0:55:1F:A8:85:15,SpectrumSetup-850F,[WPA2_PSK],2025-3-25 23:13:46,11,-88,34.0475769,-117.1605148,448.70,1.25,WIFI
A4:97:33:5F:9D:49,SpectrumSetup-4B,[WPA2_PSK],2025-3-25 23:13:47,1,-87,34.0474815,-117.1606903,448.70,1.25,WIFI
D4:A9:28:12:92:A2,FiOS-COMUK,[WPA2_PSK],2025-3-25 23:13:47,1,-93,34.0474815,-117.1606903,448.70,1.25,WIFI
D8:0D:17:0F:6A:51,TP-Link_Extender,[OPEN],2025-3-25 23:13:51,2,-82,34.0470963,-117.1613846,445.10,1.25,WIFI
00:54:AF:4E:2D:9A,Hotspot2D9A,[WPA_WPA2_PSK],2025-3-25 23:13:52,3,-86,34.0469971,-117.1615524,443.80,1.25,WIFI
38:80:DF:FB:E0:A3,PSH9B,[WPA_WPA2_PSK],2025-3-25 23:13:53,4,-87,34.0468979,-117.1617355,442.60,1.25,WIFI
88:67:46:9A:76:46,KittyCat,[WPA2_PSK],2025-3-25 23:13:55,6,-66,34.0466995,-117.1620941,439.70,1.25,WIFI
88:67:46:9A:76:43,,[WPA3_PSK],2025-3-25 23:13:55,6,-70,34.0466995,-117.1620941,439.70,1.25,WIFI
88:67:46:9A:76:49,,[OPEN],2025-3-25 23:13:55,6,-70,34.0466995,-117.1620941,439.70,1.25,WIFI
88:67:46:98:FE:86,KittyCat,[WPA2_PSK],2025-3-25 23:13:55,6,-72,34.0466995,-117.1620941,439.70,1.25,WIFI
74:37:5F:CD:8C:27,Braga,[WPA2_PSK],2025-3-25 23:13:55,6,-79,34.0466995,-117.1620941,439.70,1.25,WIFI
A0:89:66:9E:B3:B0,,[WPA_WPA2_PSK],2025-3-25 23:13:55,6,-80,34.0466995,-117.1620941,439.70,1.25,WIFI
80:DA:13:FD:2E:C7,,[OPEN],2025-3-25 23:13:55,6,-81,34.0466995,-117.1620941,439.70,1.25,WIFI
80:DA:13:FD:2E:C3,,[WPA3_PSK],2025-3-25 23:13:55,6,-81,34.0466995,-117.1620941,439.70,1.25,WIFI
80:DA:13:FD:2E:C5,RWN,[WPA2_PSK],2025-3-25 23:13:55,6,-81,34.0466995,-117.1620941,439.70,1.25,WIFI
88:67:46:9A:83:A6,KittyCat,[WPA2_PSK],2025-3-25 23:13:55,6,-83,34.0466995,-117.1620941,439.70,1.25,WIFI
B0:BB:E5:31:88:3E,SpectrumSetup-38,[WPA2_PSK],2025-3-25 23:13:55,6,-84,34.0466995,-117.1620941,439.70,1.25,WIFI
40:47:5E:8F:2E:66,lytlecreek,[WPA2_PSK],2025-3-25 23:13:55,6,-84,34.0466995,-117.1620941,439.70,1.25,WIFI
F0:7B:65:CD:81:0B,Betty,[WPA2_PSK],2025-3-25 23:13:55,6,-84,34.0466995,-117.1620941,439.70,1.25,WIFI
40:47:5E:8F:2E:63,,[WPA3_PSK],2025-3-25 23:13:55,6,-85,34.0466995,-117.1620941,439.70,1.25,WIFI
40:47:5E:8F:2E:69,,[OPEN],2025-3-25 23:13:55,6,-86,34.0466995,-117.1620941,439.70,1.25,WIFI
34:53:D2:B7:6B:67,SpectrumSetup-61,[WPA2_PSK],2025-3-25 23:13:55,6,-86,34.0466995,-117.1620941,439.70,1.25,WIFI
CC:0D:EC:48:78:EE,,[WPA2_PSK],2025-3-25 23:13:55,6,-90,34.0466995,-117.1620941,439.70,1.25,WIFI
18:58:80:B5:0B:91,NachoWIFI,[WPA2_WPA3_PSK],2025-3-25 23:13:58,8,-67,34.0463982,-117.1626434,437.20,1.25,WIFI
14:7D:05:95:64:E3,JustAskForThePasswordAlready,[WPA2_PSK],2025-3-25 23:14:1,11,-59,34.0461044,-117.1631775,436.00,1.25,WIFI
00:04:EA:25:4B:96,DIRECT-A0-HP Smart Tank 5100,[WPA2_PSK],2025-3-25 23:14:1,11,-74,34.0461044,-117.1631775,436.00,1.25,WIFI
F4:5F:D4:7D:A0:D7,,[WPA2_PSK],2025-3-25 23:14:1,11,-75,34.0461044,-117.1631775,436.00,1.25,WIFI
84:1E:A3:30:A0:EE,salas,[WPA2_PSK],2025-3-25 23:14:1,11,-80,34.0461044,-117.1631775,436.00,1.25,WIFI
58:2F:F7:F5:B9:43,SpectrumSetup-3D,[WPA2_PSK],2025-3-25 23:14:1,11,-86,34.0461044,-117.1631775,436.00,1.25,WIFI
32:CD:A7:3A:4B:85,DIRECT-5PM283x Series,[WPA2_PSK],2025-3-25 23:14:1,11,-89,34.0461044,-117.1631775,436.00,1.25,WIFI
4C:BC:E9:10:FC:F0,AT_301_WLSGL6335F_fcf0,[WPA2_PSK],2025-3-25 23:14:1,11,-90,34.0461044,-117.1631775,436.00,1.25,WIFI
60:D5:61:03:F5:54,,[WPA2_PSK],2025-3-25 23:14:2,13,-91,34.0460052,-117.1633530,436.00,1.25,WIFI
74:F8:DB:62:58:9C,Frontier4464-Plus,[WPA2_PSK],2025-3-25 23:14:4,1,-73,34.0458145,-117.1637039,435.30,1.25,WIFI
74:93:DA:1D:7B:FD,SpectrumSetup-FF,[WPA2_PSK],2025-3-25 23:14:4,1,-79,34.0458145,-117.1637039,435.30,1.25,WIFI
CA:5A:CF:CC:65:19,DIRECT-19-HP OfficeJet Pro 8020,[WPA2_PSK],2025-3-25 23:14:4,1,-82,34.0458145,-117.1637039,435.30,1.25,WIFI
4C:22:F3:5E:C7:DF,Verizon_396GTN,[WPA2_PSK],2025-3-25 23:14:4,1,-87,34.0458145,-117.1637039,435.30,1.25,WIFI
2C:00:AB:94:98:98,Frontier4464,[WPA2_PSK],2025-3-25 23:14:4,1,-90,34.0458145,-117.1637039,435.30,1.25,WIFI
3C:52:A1:1B:7B:FE,BFSC - Admin,[WPA2_PSK],2025-3-25 23:14:7,3,-68,34.0455360,-117.1642227,435.20,1.25,WIFI
46:52:A1:1B:7B:FE,,[WPA2_PSK],2025-3-25 23:14:7,3,-69,34.0455360,-117.1642227,435.20,1.25,WIFI
42:52:A1:1B:88:96,BFSC Admin_Guest,[WPA2_PSK],2025-3-25 23:14:7,3,-69,34.0455360,-117.1642227,435.20,1.25,WIFI
42:52:A1:1B:7B:FE,BFSC Admin_Guest,[WPA2_PSK],2025-3-25 23:14:7,3,-70,34.0455360,-117.1642227,435.20,1.25,WIFI
46:52:A1:1B:88:96,,[WPA2_PSK],2025-3-25 23:14:7,3,-74,34.0455360,-117.1642227,435.20,1.25,WIFI
42:52:A1:1B:50:22,BFSC Admin_Guest,[WPA2_PSK],2025-3-25 23:14:7,3,-75,34.0455360,-117.1642227,435.20,1.25,WIFI
3C:52:A1:1B:50:22,BFSC - Admin,[WPA2_PSK],2025-3-25 23:14:7,3,-76,34.0455360,-117.1642227,435.20,1.25,WIFI
46:52:A1:1B:50:22,,[WPA2_PSK],2025-3-25 23:14:7,3,-76,34.0455360,-117.1642227,435.20,1.25,WIFI
D8:EC:5E:9C:22:F8,anette,[WPA2_PSK],2025-3-25 23:14:8,4,-83,34.0454483,-117.1643829,435.40,1.25,WIFI
DE:EC:5E:9C:22:F8,,[WPA2_PSK],2025-3-25 23:14:8,4,-85,34.0454483,-117.1643829,435.40,1.25,WIFI
AC:DF:9F:4C:7A:98,TMOBILE-7A96,[WPA2_WPA3_PSK],2025-3-25 23:14:9,5,-71,34.0453606,-117.1645432,435.70,1.25,WIFI
74:90:BC:AF:66:63,Verizon_J6BTZ7,[WPA2_PSK],2025-3-25 23:14:10,6,-59,34.0452728,-117.1646957,436.00,1.25,WIFI
74:93:DA:44:E4:51,SpectrumSetup-53,[WPA2_PSK],2025-3-25 23:14:10,6,-73,34.0452728,-117.1646957,436.00,1.25,WIFI
C2:A4:76:D0:08:A2,,[WPA_WPA2_PSK],2025-3-25 23:14:10,6,-82,34.0452728,-117.1646957,436.00,1.25,WIFI
C0:A4:76:B0:08:A2,West Wing,[WPA_WPA2_PSK],2025-3-25 23:14:10,6,-82,34.0452728,-117.1646957,436.00,1.25,WIFI
EA:CB:BC:BE:C9:58,Volunteer,[WPA2_PSK],2025-3-25 23:14:10,6,-85,34.0452728,-117.1646957,436.00,1.25,WIFI
DE:CB:BC:BE:C9:58,,[WPA2_PSK],2025-3-25 23:14:10,6,-85,34.0452728,-117.1646957,436.00,1.25,WIFI
F4:52:46:ED:80:C7,SpectrumSetup-C9,[WPA2_PSK],2025-3-25 23:14:10,6,-85,34.0452728,-117.1646957,436.00,1.25,WIFI
6C:22:1A:BD:FE:7A,Merkury-pwd6c221abdfe7a,[OPEN],2025-3-25 23:14:10,6,-86,34.0452728,-117.1646957,436.00,1.25,WIFI
9C:3D:CF:44:7B:C2,NETGEAR04,[WPA2_PSK],2025-3-25 23:14:13,9,-91,34.0450211,-117.1651306,436.30,1.25,WIFI
FC:12:63:B8:D8:99,SpectrumSetup-9B,[WPA2_PSK],2025-3-25 23:14:15,11,-73,34.0448647,-117.1653748,437.00,1.25,WIFI
B0:FC:88:5D:22:28,SpectrumSetup-22,[WPA2_PSK],2025-3-25 23:14:15,11,-76,34.0448647,-117.1653748,437.00,1.25,WIFI
E0:CB:BC:33:4F:D6,Staff,[WPA2_PSK],2025-3-25 23:14:15,11,-79,34.0448647,-117.1653748,437.00,1.25,WIFI
E6:CB:BC:33:4F:D6,Media,[WPA2_PSK],2025-3-25 23:14:15,11,-79,34.0448647,-117.1653748,437.00,1.25,WIFI
32:9B:D6:91:DF:68,Kidside 3-5,[OPEN],2025-3-25 23:14:15,11,-79,34.0448647,-117.1653748,437.00,1.25,WIFI
EA:CB:BC:33:4F:D6,Volunteer,[WPA2_PSK],2025-3-25 23:14:15,11,-80,34.0448647,-117.1653748,437.00,1.25,WIFI
DE:CB:BC:33:4F:D6,,[WPA2_PSK],2025-3-25 23:14:15,11,-80,34.0448647,-117.1653748,437.00,1.25,WIFI
DE:CB:BC:BE:CD:4A,,[WPA2_PSK],2025-3-25 23:14:15,11,-80,34.0448647,-117.1653748,437.00,1.25,WIFI
EA:CB:BC:BE:CD:4A,Volunteer,[WPA2_PSK],2025-3-25 23:14:15,11,-81,34.0448647,-117.1653748,437.00,1.25,WIFI
E6:CB:BC:BE:CD:4A,Media,[WPA2_PSK],2025-3-25 23:14:15,11,-82,34.0448647,-117.1653748,437.00,1.25,WIFI
F4:69:42:51:B5:9F,SpectrumSetup-A1,[WPA2_PSK],2025-3-25 23:14:16,1,-82,34.0447960,-117.1654968,437.40,1.25,WIFI
E6:CB:BC:BE:C4:61,Media,[WPA2_PSK],2025-3-25 23:14:16,1,-82,34.0447960,-117.1654968,437.40,1.25,WIFI
EA:CB:BC:BE:C4:61,Volunteer,[WPA2_PSK],2025-3-25 23:14:16,1,-83,34.0447960,-117.1654968,437.40,1.25,WIFI
E0:CB:BC:BE:C4:61,Staff,[WPA2_PSK],2025-3-25 23:14:16,1,-84,34.0447960,-117.1654968,437.40,1.25,WIFI
DE:CB:BC:BE:C4:61,,[WPA2_PSK],2025-3-25 23:14:16,1,-84,34.0447960,-117.1654968,437.40,1.25,WIFI
C0:A4:76:B2:6E:01,@Reyee-s089F,[WPA_WPA2_PSK],2025-3-25 23:14:16,1,-85,34.0447960,-117.1654968,437.40,1.25,WIFI
C2:A4:76:A2:6E:01,@Reyee-s089F_iot,[WPA_WPA2_PSK],2025-3-25 23:14:16,1,-87,34.0447960,-117.1654968,437.40,1.25,WIFI
D0:21:F9:D3:D1:75,TGPG,[WPA2_PSK],2025-3-25 23:14:16,1,-89,34.0447960,-117.1654968,437.40,1.25,WIFI
44:A5:6E:8E:64:92,NETGEAR_EXT,[OPEN],2025-3-25 23:14:16,1,-92,34.0447960,-117.1654968,437.40,1.25,WIFI
52:06:F5:0D:78:2F,,[WPA2_PSK],2025-3-25 23:14:24,6,-80,34.0442390,-117.1665039,439.90,1.25,WIFI
38:8B:59:D7:36:FE,googlehome1,[WPA2_PSK],2025-3-25 23:14:24,6,-81,34.0442390,-117.1665039,439.90,1.25,WIFI
44:D4:53:79:AA:A6,Dunlap-WIFI,[WPA2_PSK],2025-3-25 23:14:24,6,-82,34.0442390,-117.1665039,439.90,1.25,WIFI
60:B6:06:05:40:F2,PlayFi2Device0540F2,[OPEN],2025-3-25 23:14:24,6,-90,34.0442390,-117.1665039,439.90,1.25,WIFI
50:7B:91:2A:E8:40,70mai_M310_e840,[WPA_WPA2_PSK],2025-3-25 23:14:25,7,-87,34.0441589,-117.1666565,439.90,1.25,WIFI
04:42:1A:5E:AE:B8,FRMYUCAIPA3062,[WPA2_PSK],2025-3-25 23:14:26,8,-88,34.0440712,-117.1668091,440.20,1.25,WIFI
3A:98:B5:FF:37:94,RDPes,[WPA2_WPA3_PSK],2025-3-25 23:14:27,9,-76,34.0439873,-117.1669693,440.20,1.25,WIFI
34:98:B5:FF:37:94,,[WPA2_PSK],2025-3-25 23:14:27,9,-77,34.0439873,-117.1669693,440.20,1.25,WIFI
42:98:B5:FF:37:94,RDPes-IoT,[WPA2_PSK],2025-3-25 23:14:27,9,-77,34.0439873,-117.1669693,440.20,1.25,WIFI
42:98:B5:FF:6B:2C,RDPes-IoT,[WPA2_PSK],2025-3-25 23:14:27,9,-84,34.0439873,-117.1669693,440.20,1.25,WIFI
94:18:65:CF:0B:8F,,[WPA2_PSK],2025-3-25 23:14:27,9,-84,34.0439873,-117.1669693,440.20,1.25,WIFI
9A:18:65:CF:0B:8F,RDPes,[WPA2_WPA3_PSK],2025-3-25 23:14:27,9,-85,34.0439873,-117.1669693,440.20,1.25,WIFI
A2:18:65:CF:0B:8F,RDPes-IoT,[WPA2_PSK],2025-3-25 23:14:27,9,-85,34.0439873,-117.1669693,440.20,1.25,WIFI
34:98:B5:FF:6B:2C,RDPes,[WPA2_WPA3_PSK],2025-3-25 23:14:27,9,-88,34.0439873,-117.1669693,440.20,1.25,WIFI
3A:98:B5:FF:6B:2C,,[WPA2_PSK],2025-3-25 23:14:27,9,-90,34.0439873,-117.1669693,440.20,1.25,WIFI
C8:63:FC:47:3B:04,MySpectrumWiFi03-2G,[WPA2_PSK],2025-3-25 23:14:29,11,-59,34.0438194,-117.1672745,440.30,1.25,WIFI
C8:B4:22:C0:C9:75,MySpectrumWiFi77-2G,[WPA2_PSK],2025-3-25 23:14:29,11,-65,34.0438194,-117.1672745,440.30,1.25,WIFI
08:D5:9D:08:83:C6,MySpectrumWiFic0-2G,[WPA2_PSK],2025-3-25 23:14:29,11,-67,34.0438194,-117.1672745,440.30,1.25,WIFI
4A:9E:BD:C6:D9:5D,DIRECT-5D-HP ENVY Inspire 7900,[WPA2_PSK],2025-3-25 23:14:29,11,-76,34.0438194,-117.1672745,440.30,1.25,WIFI
00:26:62:EA:5C:54,DG1670AF2,[WPA_WPA2_PSK],2025-3-25 23:14:29,11,-79,34.0438194,-117.1672745,440.30,1.25,WIFI
CC:03:FA:FE:B2:3E,TC8717T38,[WPA2_PSK],2025-3-25 23:14:29,11,-83,34.0438194,-117.1672745,440.30,1.25,WIFI
FC:12:63:F3:B7:99,Thole,[WPA2_PSK],2025-3-25 23:14:29,11,-85,34.0438194,-117.1672745,440.30,1.25,WIFI
E4:5E:1B:89:AE:6A,Sidhant Nest,[WPA2_PSK],2025-3-25 23:14:29,11,-86,34.0438194,-117.1672745,440.30,1.25,WIFI
E4:5E:1B:73:D1:7A,Monster,[WPA2_PSK],2025-3-25 23:14:29,11,-88,34.0438194,-117.1672745,440.30,1.25,WIFI
AC:91:9B:C0:1B:BE,Verizon_7Y3XDC,[WPA2_PSK],2025-3-25 23:14:29,11,-91,34.0438194,-117.1672745,440.30,1.25,WIFI
E6:5E:1B:73:D1:79,Guest,[WPA2_PSK],2025-3-25 23:14:29,11,-92,34.0438194,-117.1672745,440.30,1.25,WIFI
F0:7B:65:0D:2B:BF,SpectrumSetup-2BB9,[WPA2_PSK],2025-3-25 23:14:33,1,-70,34.0434685,-117.1679153,440.20,1.25,WIFI
74:37:5F:A7:D1:D7,SpectrumSetup-D5,[WPA2_PSK],2025-3-25 23:14:33,1,-78,34.0434685,-117.1679153,440.20,1.25,WIFI
6C:99:61:D5:8E:DE,SpectrumSetup-D8,[WPA2_PSK],2025-3-25 23:14:33,1,-79,34.0434685,-117.1679153,440.20,1.25,WIFI
58:9B:4A:89:78:19,SpectrumSetup-7815,[WPA2_PSK],2025-3-25 23:14:33,1,-83,34.0434685,-117.1679153,440.20,1.25,WIFI
1C:E8:9E:88:58:D3,[range]_E30AJT7113633R,[WPA2_PSK],2025-3-25 23:14:33,1,-86,34.0434685,-117.1679153,440.20,1.25,WIFI
44:AC:85:70:49:C3,,[WPA3_PSK],2025-3-25 23:14:33,1,-87,34.0434685,-117.1679153,440.20,1.25,WIFI
F4:69:42:00:9B:90,SpectrumSetup-92,[WPA2_PSK],2025-3-25 23:14:33,1,-88,34.0434685,-117.1679153,440.20,1.25,WIFI
4A:31:B7:39:5D:54,BW-Airjet-V01-5d54,[WPA_WPA2_PSK],2025-3-25 23:14:33,1,-89,34.0434685,-117.1679153,440.20,1.25,WIFI
86:69:1A:31:AE:F1,,[WPA2_PSK],2025-3-25 23:14:33,1,-90,34.0434685,-117.1679153,440.20,1.25,WIFI
66:67:72:12:92:C8,Mesh,[WPA2_WPA3_PSK],2025-3-25 23:14:36,3,-69,34.0431976,-117.1684036,439.50,1.25,WIFI
10:0C:6B:35:37:56,,[WPA2_PSK],2025-3-25 23:14:36,3,-82,34.0431976,-117.1684036,439.50,1.25,WIFI
10:0C:6B:35:3A:F6,,[WPA2_PSK],2025-3-25 23:14:36,3,-84,34.0431976,-117.1684036,439.50,1.25,WIFI
16:0C:6B:35:37:56,ORBI74,[WPA2_PSK],2025-3-25 23:14:36,3,-84,34.0431976,-117.1684036,439.50,1.25,WIFI
10:0C:6B:32:4F:2C,ORBI74,[WPA2_PSK],2025-3-25 23:14:36,3,-89,34.0431976,-117.1684036,439.50,1.25,WIFI
54:21:60:18:EB:41,Alula18EB40,[WPA_WPA2_PSK],2025-3-25 23:14:38,5,-83,34.0430336,-117.1686935,438.80,1.25,WIFI
EE:9F:80:A5:3F:B8,AAA-guest,[OPEN],2025-3-25 23:14:38,5,-93,34.0430336,-117.1686935,438.80,1.25,WIFI
74:93:DA:BB:08:39,SpectrumSetup-3B,[WPA2_PSK],2025-3-25 23:14:39,6,-61,34.0429649,-117.1688156,438.60,1.25,WIFI
A4:97:33:69:CA:92,SpectrumSetup-94,[WPA2_PSK],2025-3-25 23:14:39,6,-75,34.0429649,-117.1688156,438.60,1.25,WIFI
FC:12:63:7A:B6:E1,SpectrumSetup-E3,[WPA2_PSK],2025-3-25 23:14:39,6,-80,34.0429649,-117.1688156,438.60,1.25,WIFI
EC:8E:B5:1A:93:93,DIRECT-92-HP ENVY 7640 series,[WPA2_PSK],2025-3-25 23:14:39,6,-81,34.0429649,-117.1688156,438.60,1.25,WIFI
00:7F:28:78:3F:78,NH56F,[WPA_WPA2_PSK],2025-3-25 23:14:39,6,-87,34.0429649,-117.1688156,438.60,1.25,WIFI
58:2F:F7:75:33:06,SpectrumSetup-00,[WPA2_PSK],2025-3-25 23:14:44,11,-63,34.0427856,-117.1691208,438.20,1.25,WIFI
F4:05:95:8F:CB:C5,SpectrumSetup-BF,[WPA2_PSK],2025-3-25 23:14:44,11,-67,34.0427856,-117.1691208,438.20,1.25,WIFI
6C:99:61:DA:7A:5E,SpectrumShade,[WPA2_PSK],2025-3-25 23:14:44,11,-85,34.0427856,-117.1691208,438.20,1.25,WIFI
B0:BB:E5:2D:80:E6,SpectrumSetup-E0,[WPA2_PSK],2025-3-25 23:14:44,11,-86,34.0427856,-117.1691208,438.20,1.25,WIFI
F4:69:42:57:EF:49,SpectrumSetup-4B,[WPA2_PSK],2025-3-25 23:14:44,11,-87,34.0427856,-117.1691208,438.20,1.25,WIFI
84:1E:A3:32:DA:C6,SpectrumSetup-C0,[WPA2_PSK],2025-3-25 23:14:44,11,-87,34.0427856,-117.1691208,438.20,1.25,WIFI
F8:5B:3B:68:C5:17,Eekamouse,[WPA2_PSK],2025-3-25 23:14:47,1,-75,34.0427856,-117.1691208,437.60,1.25,WIFI
48:D2:4F:FC:B9:16,SpectrumSetup-10,[WPA2_PSK],2025-3-25 23:14:47,1,-76,34.0427856,-117.1691208,437.60,1.25,WIFI
74:37:5F:27:5E:A3,SpectrumSetup-A1,[WPA2_PSK],2025-3-25 23:14:47,1,-84,34.0427856,-117.1691208,437.60,1.25,WIFI
84:1E:A3:29:4B:7E,SpectrumSetup-78,[WPA2_PSK],2025-3-25 23:14:47,1,-84,34.0427856,-117.1691208,437.60,1.25,WIFI
C8:63:FC:20:98:35,FiOS-HQWIS,[WPA2_PSK],2025-3-25 23:14:47,1,-87,34.0427856,-117.1691208,437.60,1.25,WIFI
48:BA:4E:87:66:E8,DIRECT-E4-HP OfficeJet Pro 8710,[WPA2_PSK],2025-3-25 23:14:47,1,-90,34.0427856,-117.1691208,437.60,1.25,WIFI
A0:7F:8A:17:D2:DA,SpectrumSetup-D2D4,[WPA2_PSK],2025-3-25 23:14:47,1,-90,34.0427856,-117.1691208,437.60,1.25,WIFI
48:BA:4E:2D:77:84,DIRECT-83-HP OfficeJet 6950,[WPA2_PSK],2025-3-25 23:14:47,1,-90,34.0427856,-117.1691208,437.60,1.25,WIFI
16:0C:6B:32:4F:2C,,[WPA2_PSK],2025-3-25 23:14:50,3,-90,34.0427513,-117.1691742,437.20,1.50,WIFI
78:D2:94:32:A4:BF,Avis_EXT,[WPA_WPA2_PSK],2025-3-25 23:14:51,4,-86,34.0427208,-117.1692429,436.90,1.50,WIFI
4C:19:5D:0D:4D:8A,SpectrumSetup-84,[WPA2_PSK],2025-3-25 23:14:53,6,-75,34.0426254,-117.1694107,437.50,1.50,WIFI
28:EC:22:28:16:E9,,[OPEN],2025-3-25 23:14:53,6,-81,34.0426254,-117.1694107,437.50,1.50,WIFI
28:EC:22:28:16:E6,Joneshouse ,[WPA2_PSK],2025-3-25 23:14:53,6,-81,34.0426254,-117.1694107,437.50,1.50,WIFI
40:47:5E:F6:01:23,,[WPA3_PSK],2025-3-25 23:14:53,6,-81,34.0426254,-117.1694107,437.50,1.50,WIFI
E4:FA:C4:8F:B1:54,SpectrumSetup-84_EXT,[WPA2_PSK],2025-3-25 23:14:53,6,-81,34.0426254,-117.1694107,437.50,1.50,WIFI
40:47:5E:F6:01:26,Joneshouse ,[WPA2_PSK],2025-3-25 23:14:53,6,-82,34.0426254,-117.1694107,437.50,1.50,WIFI
28:EC:22:28:16:E3,,[WPA3_PSK],2025-3-25 23:14:53,6,-83,34.0426254,-117.1694107,437.50,1.50,WIFI
9C:0B:05:54:F0:CA,,[OPEN],2025-3-25 23:14:53,6,-84,34.0426254,-117.1694107,437.50,1.50,WIFI
9C:0B:05:54:F0:C7,Zen the Nomnom,[WPA2_PSK],2025-3-25 23:14:53,6,-84,34.0426254,-117.1694107,437.50,1.50,WIFI
40:47:5E:F6:01:29,,[OPEN],2025-3-25 23:14:53,6,-84,34.0426254,-117.1694107,437.50,1.50,WIFI
FC:12:63:81:CB:D9,SpectrumSetup-DB,[WPA2_PSK],2025-3-25 23:14:53,6,-86,34.0426254,-117.1694107,437.50,1.50,WIFI
4C:19:5D:B2:B8:31,SpectrumSetup-2B,[WPA2_PSK],2025-3-25 23:14:53,6,-89,34.0426254,-117.1694107,437.50,1.50,WIFI
0A:B4:B1:B0:8C:3C,RedCrescent-Guests,[WPA2_PSK],2025-3-25 23:14:53,6,-90,34.0426254,-117.1694107,437.50,1.50,WIFI
E8:AD:A6:3F:CA:8E,MySpectrumWiFi88-2G,[WPA2_PSK],2025-3-25 23:14:58,11,-74,34.0422783,-117.1700134,440.00,1.25,WIFI
DC:92:72:E3:4D:DF,Frontier0673,[WPA2_PSK],2025-3-25 23:14:58,11,-78,34.0422783,-117.1700134,440.00,1.25,WIFI
4C:19:5D:58:2F:93,SpectrumSetup-8D,[WPA2_PSK],2025-3-25 23:14:58,11,-81,34.0422783,-117.1700134,440.00,1.25,WIFI
84:A0:6E:D1:3D:66,MySpectrumWiFi60-2G,[WPA2_PSK],2025-3-25 23:14:58,11,-89,34.0422783,-117.1700134,440.00,1.25,WIFI
34:53:D2:C1:DF:91,Aardvark,[WPA2_PSK],2025-3-25 23:15:0,1,-61,34.0421219,-117.1703110,440.80,1.25,WIFI
84:A0:6E:D2:70:06,MySpectrumWiFi00-2G,[WPA2_PSK],2025-3-25 23:15:0,1,-67,34.0421219,-117.1703110,440.80,1.25,WIFI
28:CF:DA:B4:03:C7,Burgess Network,[WPA2_PSK],2025-3-25 23:15:0,1,-69,34.0421219,-117.1703110,440.80,1.25,WIFI
14:2D:27:A6:AD:9F,ADAMS,[WPA2_PSK],2025-3-25 23:15:0,1,-84,34.0421219,-117.1703110,440.80,1.25,WIFI
E4:C0:E2:65:91:7E,SpectrumSetup-78,[WPA2_PSK],2025-3-25 23:15:0,1,-84,34.0421219,-117.1703110,440.80,1.25,WIFI
1A:AD:B1:57:66:C2,SpectrumSetup-C0,[WPA2_PSK],2025-3-25 23:15:0,1,-90,34.0421219,-117.1703110,440.80,1.25,WIFI
54:21:60:19:8D:7D,Alula198D7C,[WPA_WPA2_PSK],2025-3-25 23:15:3,2,-93,34.0418777,-117.1707535,441.60,1.25,WIFI
10:2C:B1:8C:FA:28,,[WPA_WPA2_PSK],2025-3-25 23:15:7,6,-66,34.0415802,-117.1712723,442.90,1.25,WIFI
5C:A5:BC:02:3F:03,,[WPA3_PSK],2025-3-25 23:15:7,6,-74,34.0415802,-117.1712723,442.90,1.25,WIFI
5C:A5:BC:02:3F:05,4Corners,[WPA2_PSK],2025-3-25 23:15:7,6,-74,34.0415802,-117.1712723,442.90,1.25,WIFI
5C:A5:BC:02:C1:05,4Corners,[WPA2_PSK],2025-3-25 23:15:7,6,-77,34.0415802,-117.1712723,442.90,1.25,WIFI
5C:A5:BC:08:05:07,,[OPEN],2025-3-25 23:15:7,6,-77,34.0415802,-117.1712723,442.90,1.25,WIFI
5C:A5:BC:08:05:03,,[WPA3_PSK],2025-3-25 23:15:7,6,-77,34.0415802,-117.1712723,442.90,1.25,WIFI
5C:A5:BC:08:05:05,4Corners,[WPA2_PSK],2025-3-25 23:15:7,6,-78,34.0415802,-117.1712723,442.90,1.25,WIFI
5C:A5:BC:02:C1:07,,[OPEN],2025-3-25 23:15:7,6,-79,34.0415802,-117.1712723,442.90,1.25,WIFI
E8:D2:FF:B2:42:BE,SpectrumSetup-B8,[WPA2_PSK],2025-3-25 23:15:7,6,-81,34.0415802,-117.1712723,442.90,1.25,WIFI
5C:A5:BC:02:C1:03,,[WPA3_PSK],2025-3-25 23:15:7,6,-82,34.0415802,-117.1712723,442.90,1.25,WIFI
5C:A5:BC:02:3F:07,,[OPEN],2025-3-25 23:15:7,6,-82,34.0415802,-117.1712723,442.90,1.25,WIFI
B0:BB:E5:29:33:DE,SpectrumSetup-D8,[WPA2_PSK],2025-3-25 23:15:7,6,-87,34.0415802,-117.1712723,442.90,1.25,WIFI
74:37:5F:26:56:DF,SpectrumSetup-DD,[WPA2_PSK],2025-3-25 23:15:7,6,-88,34.0415802,-117.1712723,442.90,1.25,WIFI
CC:F4:11:78:1F:BB,rxman1151,[WPA2_PSK],2025-3-25 23:15:7,6,-88,34.0415802,-117.1712723,442.90,1.25,WIFI
4C:AB:F8:49:B9:95,SpectrumSetup-97,[WPA2_PSK],2025-3-25 23:15:7,6,-91,34.0415802,-117.1712723,442.90,1.25,WIFI
2C:30:33:45:0D:AA,NETGEAR83,[WPA2_PSK],2025-3-25 23:15:8,7,-77,34.0415192,-117.1713791,443.20,1.25,WIFI
96:3B:AD:AC:45:69,,[WPA2_PSK],2025-3-25 23:15:11,9,-90,34.0414124,-117.1715775,443.70,1.25,WIFI
56:07:7D:60:FA:8F,.,[WPA2_WPA3_PSK],2025-3-25 23:15:12,10,-89,34.0414009,-117.1715927,443.50,1.25,WIFI
74:37:5F:F9:BE:B1,SpectrumSetup-AF,[WPA2_PSK],2025-3-25 23:15:13,11,-76,34.0414009,-117.1715927,443.20,1.25,WIFI
30:60:0A:25:39:AC,,[WPA_WPA2_PSK],2025-3-25 23:15:13,11,-78,34.0414009,-117.1715927,443.20,1.25,WIFI
D0:BF:9C:E5:DB:4D,DIRECT-4C-HP ENVY 7640 series,[WPA2_PSK],2025-3-25 23:15:13,11,-85,34.0414009,-117.1715927,443.20,1.25,WIFI
CE:2D:E0:0F:D5:29,STW-5,[WPA2_PSK],2025-3-25 23:15:13,11,-85,34.0414009,-117.1715927,443.20,1.25,WIFI
CC:2D:E0:0F:D5:26,STW-1,[WPA2],2025-3-25 23:15:13,11,-86,34.0414009,-117.1715927,443.20,1.25,WIFI
6E:3B:6B:7D:6C:2D,STW-2,[WPA2_PSK],2025-3-25 23:15:13,11,-86,34.0414009,-117.1715927,443.20,1.25,WIFI
CE:2D:E0:0F:D5:28,IoT,[WPA2_PSK],2025-3-25 23:15:13,11,-86,34.0414009,-117.1715927,443.20,1.25,WIFI
22:EF:BD:64:63:7B,,[WPA2_PSK],2025-3-25 23:15:13,11,-88,34.0414009,-117.1715927,443.20,1.25,WIFI
2C:67:BE:18:37:78,SpectrumSetup-3774,[WPA2_PSK],2025-3-25 23:15:14,1,-62,34.0414009,-117.1715927,443.10,1.25,WIFI
4C:19:5D:30:09:4B,SpectrumSetup-45,[WPA2_PSK],2025-3-25 23:15:14,1,-83,34.0414009,-117.1715927,443.10,1.25,WIFI
0E:19:5D:30:09:4D,,[WPA2_PSK],2025-3-25 23:15:14,1,-84,34.0414009,-117.1715927,443.10,1.25,WIFI
90:72:40:1D:BC:52,Michael's Wi-Fi Network,[WPA2_PSK],2025-3-25 23:15:14,1,-86,34.0414009,-117.1715927,443.10,1.25,WIFI
12:2C:6B:6E:8B:64,SunPower40591,[WPA2_PSK],2025-3-25 23:15:14,1,-91,34.0414009,-117.1715927,443.10,1.25,WIFI
C4:A8:16:1C:8D:85,,[WPA3_PSK],2025-3-25 23:15:22,6,-79,34.0411148,-117.1721115,443.50,1.25,WIFI
C4:A8:16:1C:8D:8B,,[OPEN],2025-3-25 23:15:22,6,-79,34.0411148,-117.1721115,443.50,1.25,WIFI
C4:A8:16:1C:8D:88,Eero95,[WPA2_PSK],2025-3-25 23:15:22,6,-79,34.0411148,-117.1721115,443.50,1.25,WIFI
AC:EC:85:9E:A2:C2,,[WPA3_PSK],2025-3-25 23:15:22,6,-83,34.0411148,-117.1721115,443.50,1.25,WIFI
C0:36:53:0C:BB:46,eero,[WPA2_PSK],2025-3-25 23:15:22,6,-84,34.0411148,-117.1721115,443.50,1.25,WIFI
AC:EC:85:9E:A2:C4,eero,[WPA2_PSK],2025-3-25 23:15:22,6,-85,34.0411148,-117.1721115,443.50,1.25,WIFI
C0:36:53:0C:BB:44,,[WPA3_PSK],2025-3-25 23:15:22,6,-85,34.0411148,-117.1721115,443.50,1.25,WIFI
C0:36:53:0C:BB:48,,[OPEN],2025-3-25 23:15:22,6,-85,34.0411148,-117.1721115,443.50,1.25,WIFI
AC:EC:85:9E:A2:C6,,[OPEN],2025-3-25 23:15:22,6,-86,34.0411148,-117.1721115,443.50,1.25,WIFI
F0:B6:61:7A:E4:CA,,[OPEN],2025-3-25 23:15:22,6,-86,34.0411148,-117.1721115,443.50,1.25,WIFI
F0:B6:61:7A:E4:D0,5ithMode0ero Guest,[WPA2_PSK],2025-3-25 23:15:22,6,-86,34.0411148,-117.1721115,443.50,1.25,WIFI
34:49:5B:C0:8F:B6,MySpectrumWiFib0-2G,[WPA2_PSK],2025-3-25 23:15:22,6,-92,34.0411148,-117.1721115,443.50,1.25,WIFI
92:3B:AD:AC:45:69,THE 178,[WPA2_PSK],2025-3-25 23:15:26,9,-78,34.0408325,-117.1726379,443.20,1.25,WIFI
96:3B:AD:AF:A6:89,,[WPA2_PSK],2025-3-25 23:15:26,9,-79,34.0408325,-117.1726379,443.20,1.25,WIFI
B0:0C:D1:04:BF:7F,DIRECT-7D-HP OfficeJet Pro 6970,[WPA2_PSK],2025-3-25 23:15:26,9,-81,34.0408325,-117.1726379,443.20,1.25,WIFI
92:3B:AD:AC:44:51,THE 178,[WPA2_PSK],2025-3-25 23:15:26,9,-85,34.0408325,-117.1726379,443.20,1.25,WIFI
6C:CD:D6:23:57:01,THE 178_2GEXT,[WPA_WPA2_PSK],2025-3-25 23:15:26,9,-91,34.0408325,-117.1726379,443.20,1.25,WIFI
D6:47:CC:D9:7B:86,SpectrumSetup-45,[WPA2_PSK],2025-3-25 23:15:28,11,-81,34.0406799,-117.1729202,442.60,1.25,WIFI
4E:00:F1:4E:43:8C,SpectrumSetup-45,[WPA2_PSK],2025-3-25 23:15:28,11,-87,34.0406799,-117.1729202,442.60,1.25,WIFI
10:0C:6B:91:36:EB,NETGEAR10,[WPA2_PSK],2025-3-25 23:15:28,11,-90,34.0406799,-117.1729202,442.60,1.25,WIFI
CC:F4:11:8C:95:1A,rxman1151,[WPA2_PSK],2025-3-25 23:15:28,11,-92,34.0406799,-117.1729202,442.60,1.25,WIFI
18:1B:EB:9D:77:8B,FiOS-2M7HS,[WPA2_PSK],2025-3-25 23:15:31,1,-79,34.0404434,-117.1733627,441.40,1.25,WIFI
CC:40:D0:17:68:14,NTGR_VMB_1462060938,[WPA2_PSK],2025-3-25 23:15:34,3,-89,34.0401993,-117.1738129,440.40,1.25,WIFI
14:EB:B6:0F:48:36,HOV-NET,[WPA2_PSK],2025-3-25 23:15:35,4,-77,34.0401115,-117.1739655,440.30,1.50,WIFI
5A:AF:97:83:7C:3E,,[WPA2_PSK],2025-3-25 23:15:35,4,-77,34.0401115,-117.1739655,440.30,1.50,WIFI
14:EB:B6:0F:49:FA,HOV-NET,[WPA2_PSK],2025-3-25 23:15:35,4,-80,34.0401115,-117.1739655,440.30,1.50,WIFI
1A:EB:B6:0F:48:3A,,[WPA2_PSK],2025-3-25 23:15:35,4,-82,34.0401115,-117.1739655,440.30,1.50,WIFI
1A:EB:B6:0F:49:FA,,[WPA2_PSK],2025-3-25 23:15:35,4,-82,34.0401115,-117.1739655,440.30,1.50,WIFI
74:FE:CE:7C:DD:72,HOV-NET_EXT,[WPA2_PSK],2025-3-25 23:15:35,4,-83,34.0401115,-117.1739655,440.30,1.50,WIFI
1A:EB:B6:0F:48:36,,[WPA2_PSK],2025-3-25 23:15:35,4,-83,34.0401115,-117.1739655,440.30,1.50,WIFI
14:EB:B6:0F:48:3A,HOV-NET,[WPA2_PSK],2025-3-25 23:15:35,4,-84,34.0401115,-117.1739655,440.30,1.50,WIFI
54:AF:97:83:7C:3E,HOV-NET,[WPA2_PSK],2025-3-25 23:15:35,4,-86,34.0401115,-117.1739655,440.30,1.50,WIFI
84:A0:6E:BA:00:96,MySpectrumWiFi90-2G,[WPA2_PSK],2025-3-25 23:15:42,11,-76,34.0394897,-117.1751099,438.50,1.25,WIFI
84:A1:D1:82:32:28,MySpectrumWiFi22-2G,[WPA2_PSK],2025-3-25 23:15:42,11,-89,34.0394897,-117.1751099,438.50,1.25,WIFI
18:9C:27:87:24:88,Frontier2928,[WPA2_PSK],2025-3-25 23:15:42,11,-90,34.0394897,-117.1751099,438.50,1.25,WIFI
B8:3A:9D:38:4B:65,Chime (38:4B:65),[WPA_WPA2_PSK],2025-3-25 23:15:42,11,-91,34.0394897,-117.1751099,438.50,1.25,WIFI
60:F4:19:40:0C:46,test ,[WPA2_PSK],2025-3-25 23:15:44,1,-64,34.0393105,-117.1754379,438.00,1.25,WIFI
60:F4:19:40:0C:43,,[WPA3_PSK],2025-3-25 23:15:44,1,-64,34.0393105,-117.1754379,438.00,1.25,WIFI
60:F4:19:40:0C:49,,[OPEN],2025-3-25 23:15:44,1,-64,34.0393105,-117.1754379,438.00,1.25,WIFI
00:C8:96:CC:DE:AA,,[WPA_WPA2_PSK],2025-3-25 23:15:44,1,-76,34.0393105,-117.1754379,438.00,1.25,WIFI
24:5A:4C:A1:A0:D2,Oak 1902,[WPA2_PSK],2025-3-25 23:15:44,1,-79,34.0393105,-117.1754379,438.00,1.25,WIFI
26:5A:4C:91:A0:D2,,[WPA2_PSK],2025-3-25 23:15:44,1,-86,34.0393105,-117.1754379,438.00,1.25,WIFI
D0:BF:9C:EC:26:10,DIRECT-0F-HP ENVY 7640 series,[WPA2_PSK],2025-3-25 23:15:44,1,-88,34.0393105,-117.1754379,438.00,1.25,WIFI
34:49:5B:D3:47:56,MySpectrumWiFi50-2G,[WPA2_PSK],2025-3-25 23:15:44,1,-89,34.0393105,-117.1754379,438.00,1.25,WIFI
F0:81:75:C6:EE:0E,TellMyWiFiLoveHer,[WPA2_PSK],2025-3-25 23:15:44,1,-92,34.0393105,-117.1754379,438.00,1.25,WIFI
3E:94:ED:17:5C:C1,SouthernbaseTC,[WPA2_PSK],2025-3-25 23:15:47,3,-67,34.0390396,-117.1759262,436.70,1.25,WIFI
96:3B:AD:CB:7C:E5,,[WPA2_PSK],2025-3-25 23:15:47,3,-67,34.0390396,-117.1759262,436.70,1.25,WIFI
96:3B:AD:CA:EF:0C,,[WPA2_PSK],2025-3-25 23:15:47,3,-82,34.0390396,-117.1759262,436.70,1.25,WIFI
92:3B:AD:CA:EF:0C,SouthernbaseTC,[WPA2_PSK],2025-3-25 23:15:47,3,-86,34.0390396,-117.1759262,436.70,1.25,WIFI
08:02:8E:FF:F3:5A,NETGEAR51,[WPA2_PSK],2025-3-25 23:15:47,3,-91,34.0390396,-117.1759262,436.70,1.25,WIFI
68:4A:76:7B:7E:47,,[OPEN],2025-3-25 23:15:50,6,-79,34.0387764,-117.1764069,435.30,1.25,WIFI
68:4A:76:7B:7E:43,,[WPA3_PSK],2025-3-25 23:15:50,6,-79,34.0387764,-117.1764069,435.30,1.25,WIFI
68:4A:76:7B:7E:45,FIOS-9L4JQ,[WPA2_PSK],2025-3-25 23:15:50,6,-80,34.0387764,-117.1764069,435.30,1.25,WIFI
84:70:D7:B4:DD:E4,,[WPA3_PSK],2025-3-25 23:15:50,6,-80,34.0387764,-117.1764069,435.30,1.25,WIFI
84:70:D7:B4:DD:E7,seahawks,[WPA2_PSK],2025-3-25 23:15:50,6,-81,34.0387764,-117.1764069,435.30,1.25,WIFI
F0:B6:61:A9:19:6A,,[OPEN],2025-3-25 23:15:50,6,-81,34.0387764,-117.1764069,435.30,1.25,WIFI
F0:B6:61:A9:19:67,seahawks,[WPA2_PSK],2025-3-25 23:15:50,6,-81,34.0387764,-117.1764069,435.30,1.25,WIFI
84:70:D7:B4:DD:EA,,[OPEN],2025-3-25 23:15:50,6,-81,34.0387764,-117.1764069,435.30,1.25,WIFI
F0:B6:61:A9:19:64,,[WPA3_PSK],2025-3-25 23:15:50,6,-82,34.0387764,-117.1764069,435.30,1.25,WIFI
2C:67:BE:01:BA:66,SpectrumSetup-BA62,[WPA2_PSK],2025-3-25 23:15:50,6,-87,34.0387764,-117.1764069,435.30,1.25,WIFI
68:4A:76:75:29:67,,[OPEN],2025-3-25 23:15:50,6,-87,34.0387764,-117.1764069,435.30,1.25,WIFI
E2:BB:9E:05:23:DD,DIRECT-3l-EPSON-ET-2850 Series,[WPA2_PSK],2025-3-25 23:15:50,6,-92,34.0387764,-117.1764069,435.30,1.25,WIFI
10:0C:6B:13:C9:9C,NETGEAR31,[WPA2_PSK],2025-3-25 23:15:51,7,-89,34.0386887,-117.1765671,435.10,1.25,WIFI
04:42:1A:33:30:B0,castreje,[WPA2_PSK],2025-3-25 23:15:54,9,-86,34.0384293,-117.1770401,434.80,1.25,WIFI
5C:18:DD:F0:91:9B,,[WPA_WPA2_PSK],2025-3-25 23:15:54,9,-89,34.0384293,-117.1770401,434.80,1.25,WIFI
F0:B6:61:5F:CB:A7,Stein,[WPA2_PSK],2025-3-25 23:15:56,11,-70,34.0382576,-117.1773453,435.20,1.25,WIFI
84:70:D7:E1:4F:07,Stein,[WPA2_PSK],2025-3-25 23:15:56,11,-78,34.0382576,-117.1773453,435.20,1.25,WIFI
84:70:D7:C3:DB:A7,Stein,[WPA2_PSK],2025-3-25 23:15:56,11,-79,34.0382576,-117.1773453,435.20,1.25,WIFI
F0:B6:61:5F:CB:A4,,[WPA3_PSK],2025-3-25 23:15:56,11,-79,34.0382576,-117.1773453,435.20,1.25,WIFI
84:70:D7:E1:4F:0A,,[OPEN],2025-3-25 23:15:56,11,-79,34.0382576,-117.1773453,435.20,1.25,WIFI
84:70:D7:E1:4F:04,,[WPA3_PSK],2025-3-25 23:15:56,11,-82,34.0382576,-117.1773453,435.20,1.25,WIFI
84:70:D7:C3:DB:A4,,[WPA3_PSK],2025-3-25 23:15:56,11,-82,34.0382576,-117.1773453,435.20,1.25,WIFI
84:70:D7:DB:7A:44,,[WPA3_PSK],2025-3-25 23:15:56,11,-83,34.0382576,-117.1773453,435.20,1.25,WIFI
84:70:D7:DB:7A:47,Stein,[WPA2_PSK],2025-3-25 23:15:56,11,-83,34.0382576,-117.1773453,435.20,1.25,WIFI
84:70:D7:DB:7A:4A,,[OPEN],2025-3-25 23:15:56,11,-84,34.0382576,-117.1773453,435.20,1.25,WIFI
14:C0:3E:EB:EF:08,Frontier5888,[WPA2_PSK],2025-3-25 23:15:56,11,-89,34.0382576,-117.1773453,435.20,1.25,WIFI
4C:12:65:16:D4:98,Frontier7328,[WPA2_PSK],2025-3-25 23:15:56,11,-89,34.0382576,-117.1773453,435.20,1.25,WIFI
4A:5D:36:68:83:49,FiOS-9L4JQ-Guest,[WPA2_PSK],2025-3-25 23:15:56,11,-90,34.0382576,-117.1773453,435.20,1.25,WIFI
D0:6D:C9:2A:6C:C6,Frontier0379,[WPA2_PSK],2025-3-25 23:15:56,11,-91,34.0382576,-117.1773453,435.20,1.25,WIFI
74:93:DA:A4:45:B9,SpectrumSetup-BB,[WPA2_PSK],2025-3-25 23:15:56,1,-69,34.0382576,-117.1773453,435.20,1.25,WIFI
A0:7F:8A:11:CA:30,Mpire,[WPA2_PSK],2025-3-25 23:15:56,1,-80,34.0382576,-117.1773453,435.20,1.25,WIFI
1A:7F:8A:13:EE:E8,,[WPA2_PSK],2025-3-25 23:15:56,1,-86,34.0382576,-117.1773453,435.20,1.25,WIFI
46:31:78:70:70:BB,,[WPA2_PSK],2025-3-25 23:15:56,1,-88,34.0382576,-117.1773453,435.20,1.25,WIFI
A0:7F:8A:13:EE:EE,SpectrumSetup-EEE8,[WPA2_PSK],2025-3-25 23:15:56,1,-88,34.0382576,-117.1773453,435.20,1.25,WIFI
42:31:78:70:70:BB,Security_7070DC,[WPA2_PSK],2025-3-25 23:15:56,1,-90,34.0382576,-117.1773453,435.20,1.25,WIFI
D2:21:F9:22:46:8E,,[WPA2_PSK],2025-3-25 23:15:56,1,-91,34.0382576,-117.1773453,435.20,1.25,WIFI
42:94:ED:AE:C8:B2,,[WPA2_PSK],2025-3-25 23:15:56,1,-92,34.0382576,-117.1773453,435.20,1.25,WIFI
6C:CD:D6:E5:7E:B1,,[WPA2_PSK],2025-3-25 23:16:3,4,-81,34.0376854,-117.1783829,437.20,1.25,WIFI
72:CD:D6:E5:7E:B1,Baker Home,[WPA2_PSK],2025-3-25 23:16:3,4,-84,34.0376854,-117.1783829,437.20,1.25,WIFI
0E:36:C9:FD:D8:38,Baker Home,[WPA2_PSK],2025-3-25 23:16:3,4,-92,34.0376854,-117.1783829,437.20,1.25,WIFI
F0:B6:61:5D:91:67,divito,[WPA2_PSK],2025-3-25 23:16:5,6,-78,34.0375557,-117.1786118,437.60,1.25,WIFI
F0:B6:61:5D:91:70,divito Guest,[WPA2_PSK],2025-3-25 23:16:5,6,-79,34.0375557,-117.1786118,437.60,1.25,WIFI
F0:B6:61:5D:91:6A,,[OPEN],2025-3-25 23:16:5,6,-79,34.0375557,-117.1786118,437.60,1.25,WIFI
FC:3F:A6:83:67:EF,divito Guest,[WPA2_PSK],2025-3-25 23:16:5,6,-80,34.0375557,-117.1786118,437.60,1.25,WIFI
F0:B6:61:5D:91:64,,[WPA3_PSK],2025-3-25 23:16:5,6,-80,34.0375557,-117.1786118,437.60,1.25,WIFI
FC:3F:A6:83:67:E6,divito,[WPA2_PSK],2025-3-25 23:16:5,6,-81,34.0375557,-117.1786118,437.60,1.25,WIFI
9C:57:BC:9C:B0:46,everquest7,[WPA2_PSK],2025-3-25 23:16:5,6,-82,34.0375557,-117.1786118,437.60,1.25,WIFI
9C:57:BC:5A:EE:69,,[OPEN],2025-3-25 23:16:5,6,-82,34.0375557,-117.1786118,437.60,1.25,WIFI
9C:57:BC:5A:EE:66,Field Family,[WPA2_PSK],2025-3-25 23:16:5,6,-82,34.0375557,-117.1786118,437.60,1.25,WIFI
9C:57:BC:5A:EE:63,,[WPA3_PSK],2025-3-25 23:16:5,6,-83,34.0375557,-117.1786118,437.60,1.25,WIFI
80:DA:13:25:9D:95,,[OPEN],2025-3-25 23:16:5,6,-83,34.0375557,-117.1786118,437.60,1.25,WIFI
80:DA:13:25:9D:91,,[WPA3_PSK],2025-3-25 23:16:5,6,-84,34.0375557,-117.1786118,437.60,1.25,WIFI
80:DA:13:25:9D:93,Field Family,[WPA2_PSK],2025-3-25 23:16:5,6,-85,34.0375557,-117.1786118,437.60,1.25,WIFI
80:DA:13:21:F2:85,,[OPEN],2025-3-25 23:16:5,6,-86,34.0375557,-117.1786118,437.60,1.25,WIFI
C4:41:1E:82:63:34,linksys 1004,[WPA2_PSK],2025-3-25 23:16:9,9,-93,34.0374222,-117.1788559,438.60,1.25,WIFI
F0:B6:61:5F:CB:AA,,[OPEN],2025-3-25 23:16:11,11,-77,34.0374222,-117.1788559,438.60,1.25,WIFI
20:C9:D0:A4:BE:96,Murray Brand,[WPA2_PSK],2025-3-25 23:16:11,11,-84,34.0374222,-117.1788559,438.60,1.25,WIFI
20:C9:D0:A4:C7:74,Murray Brand,[WPA2_PSK],2025-3-25 23:16:11,11,-87,34.0374222,-117.1788559,438.60,1.25,WIFI
C8:D3:FF:16:51:61,DIRECT-60-HP ENVY 5660 series,[WPA2_PSK],2025-3-25 23:16:11,11,-91,34.0374222,-117.1788559,438.60,1.25,WIFI
72:3A:CB:CA:01:E8,RidgeCrest-Guest,[WPA2_PSK],2025-3-25 23:16:11,11,-93,34.0374222,-117.1788559,438.60,1.25,WIFI
64:67:72:56:B3:F9,Murray Brand,[WPA2_PSK],2025-3-25 23:16:14,1,-78,34.0374107,-117.1788788,438.40,1.25,WIFI
3E:94:ED:AE:C9:FC,ORBI26,[WPA2_PSK],2025-3-25 23:16:14,1,-81,34.0374107,-117.1788788,438.40,1.25,WIFI
B0:FC:88:73:93:A3,SpectrumSetup-9D,[WPA2_PSK],2025-3-25 23:16:14,1,-83,34.0374107,-117.1788788,438.40,1.25,WIFI
CE:22:26:F7:F9:84,myChevrolet4985,[WPA2_PSK],2025-3-25 23:16:14,1,-91,34.0374107,-117.1788788,438.40,1.25,WIFI
3E:94:ED:AD:9D:87,ORBI26,[WPA2_PSK],2025-3-25 23:16:14,1,-92,34.0374107,-117.1788788,438.40,1.25,WIFI
42:94:ED:AD:9D:87,,[WPA2_PSK],2025-3-25 23:16:14,1,-94,34.0374107,-117.1788788,438.40,1.25,WIFI
0E:36:C9:FD:DF:C4,Baker Home,[WPA2_PSK],2025-3-25 23:16:18,4,-88,34.0372543,-117.1791687,437.80,1.25,WIFI
9C:57:BC:87:98:83,,[WPA3_PSK],2025-3-25 23:16:20,6,-79,34.0371284,-117.1793900,437.80,1.25,WIFI
9C:57:BC:87:98:89,,[OPEN],2025-3-25 23:16:20,6,-79,34.0371284,-117.1793900,437.80,1.25,WIFI
9C:57:BC:87:98:86,everquest7,[WPA2_PSK],2025-3-25 23:16:20,6,-79,34.0371284,-117.1793900,437.80,1.25,WIFI
74:B6:B6:83:74:4B,Myralee Cottage Guest,[WPA2_PSK],2025-3-25 23:16:20,6,-79,34.0371284,-117.1793900,437.80,1.25,WIFI
9C:57:BC:9B:E5:86,everquest7,[WPA2_PSK],2025-3-25 23:16:20,6,-81,34.0371284,-117.1793900,437.80,1.25,WIFI
74:B6:B6:83:74:47,,[OPEN],2025-3-25 23:16:20,6,-81,34.0371284,-117.1793900,437.80,1.25,WIFI
74:B6:B6:83:74:43,,[WPA3_PSK],2025-3-25 23:16:20,6,-81,34.0371284,-117.1793900,437.80,1.25,WIFI
74:B6:B6:83:74:45,Myralee Cottage,[WPA2_PSK],2025-3-25 23:16:20,6,-81,34.0371284,-117.1793900,437.80,1.25,WIFI
FC:3F:A6:83:67:E9,,[OPEN],2025-3-25 23:16:20,6,-81,34.0371284,-117.1793900,437.80,1.25,WIFI
FC:3F:A6:83:67:E3,,[WPA3_PSK],2025-3-25 23:16:20,6,-82,34.0371284,-117.1793900,437.80,1.25,WIFI
FA:8F:CA:72:71:FC,Master Bedroom speaker.o_,[OPEN],2025-3-25 23:16:20,6,-91,34.0371284,-117.1793900,437.80,1.25,WIFI
E8:9C:25:59:51:C8,Go Birds!,[WPA2_PSK],2025-3-25 23:16:24,10,-89,34.0368309,-117.1799164,438.80,1.25,WIFI
E4:F0:42:D7:A5:38,Zerobucks,[WPA2_PSK],2025-3-25 23:16:25,11,-73,34.0367546,-117.1800613,438.80,1.25,WIFI
E4:F0:42:D5:BA:79,Zerobucks,[WPA2_PSK],2025-3-25 23:16:25,11,-83,34.0367546,-117.1800613,438.80,1.25,WIFI
CC:F4:11:6A:32:A8,Rhynumust II,[WPA2_PSK],2025-3-25 23:16:25,11,-83,34.0367546,-117.1800613,438.80,1.25,WIFI
58:EF:68:31:8C:0D,_VelopSetupC0C,[WPA2_PSK],2025-3-25 23:16:25,11,-88,34.0367546,-117.1800613,438.80,1.25,WIFI
48:5D:36:A0:EA:90,FiOS-EKJ03,[WPA2_PSK],2025-3-25 23:16:25,11,-90,34.0367546,-117.1800613,438.80,1.25,WIFI
0A:FC:88:75:62:8B,,[WPA2_PSK],2025-3-25 23:16:27,1,-79,34.0365868,-117.1803665,438.80,1.25,WIFI
E4:5E:1B:95:8B:0A,GoBulldogs,[WPA2_PSK],2025-3-25 23:16:27,1,-85,34.0365868,-117.1803665,438.80,1.25,WIFI
B0:FC:88:75:62:8A,retirement village,[WPA2_PSK],2025-3-25 23:16:27,1,-85,34.0365868,-117.1803665,438.80,1.25,WIFI
E4:5E:1B:99:4A:3A,GoBulldogs,[WPA2_PSK],2025-3-25 23:16:27,1,-86,34.0365868,-117.1803665,438.80,1.25,WIFI
F0:9F:C2:2D:F0:64,LittleHouseOnCedar,[WPA2_PSK],2025-3-25 23:16:27,1,-86,34.0365868,-117.1803665,438.80,1.25,WIFI
C8:A7:0A:94:90:3C,FiOS-KWCHI,[WPA2_PSK],2025-3-25 23:16:27,1,-86,34.0365868,-117.1803665,438.80,1.25,WIFI
42:94:ED:AE:C9:FC,,[WPA2_PSK],2025-3-25 23:16:27,1,-87,34.0365868,-117.1803665,438.80,1.25,WIFI
8C:85:80:8A:34:56,,[WPA_WPA2_PSK],2025-3-25 23:16:27,1,-88,34.0365868,-117.1803665,438.80,1.25,WIFI
00:21:7E:47:00:08,MLG11517,[OPEN],2025-3-25 23:16:27,1,-89,34.0365868,-117.1803665,438.80,1.25,WIFI
D4:6A:91:F8:EF:28,TeamAngel,[WPA2_PSK],2025-3-25 23:16:27,1,-89,34.0365868,-117.1803665,438.80,1.25,WIFI
36:23:03:18:FB:61,Primrose,[WPA2_PSK],2025-3-25 23:16:30,2,-86,34.0363388,-117.1808319,438.50,1.25,WIFI
30:23:03:18:FB:61,Rosebud,[WPA2_PSK],2025-3-25 23:16:30,2,-88,34.0363388,-117.1808319,438.50,1.25,WIFI
3A:23:03:18:FB:61,,[WPA2_PSK],2025-3-25 23:16:30,2,-88,34.0363388,-117.1808319,438.50,1.25,WIFI
9A:3C:96:65:52:A6,IditarodGuest,[WPA2_WPA3_PSK],2025-3-25 23:16:34,6,-65,34.0360107,-117.1814346,438.00,1.25,WIFI
94:3C:96:65:52:A6,Iditarod,[WPA2_PSK],2025-3-25 23:16:34,6,-69,34.0360107,-117.1814346,438.00,1.25,WIFI
AC:EC:85:BD:91:06,,[OPEN],2025-3-25 23:16:34,6,-69,34.0360107,-117.1814346,438.00,1.25,WIFI
AC:EC:85:BD:91:02,,[WPA3_PSK],2025-3-25 23:16:34,6,-70,34.0360107,-117.1814346,438.00,1.25,WIFI
D4:05:DE:8F:4F:67,trains trains trains,[WPA2_PSK],2025-3-25 23:16:34,6,-72,34.0360107,-117.1814346,438.00,1.25,WIFI
D4:05:DE:8F:4F:64,,[WPA3_PSK],2025-3-25 23:16:34,6,-72,34.0360107,-117.1814346,438.00,1.25,WIFI
D4:05:DE:8F:4F:6A,,[OPEN],2025-3-25 23:16:34,6,-72,34.0360107,-117.1814346,438.00,1.25,WIFI
FC:AE:34:C6:D4:5D,Frontier0480,[WPA2_PSK],2025-3-25 23:16:34,6,-80,34.0360107,-117.1814346,438.00,1.25,WIFI
7C:5E:98:53:8A:07,,[OPEN],2025-3-25 23:16:34,6,-81,34.0360107,-117.1814346,438.00,1.25,WIFI
AC:EC:85:BD:91:04,trains trains trains,[WPA2_PSK],2025-3-25 23:16:34,6,-84,34.0360107,-117.1814346,438.00,1.25,WIFI
7C:5E:98:53:8A:03,,[WPA3_PSK],2025-3-25 23:16:34,6,-87,34.0360107,-117.1814346,438.00,1.25,WIFI
FC:3F:A6:26:B3:A6,Maderowifi,[WPA2_PSK],2025-3-25 23:16:40,11,-69,34.0355186,-117.1823349,434.40,1.25,WIFI
FC:3F:A6:26:B3:A3,,[WPA3_PSK],2025-3-25 23:16:40,11,-70,34.0355186,-117.1823349,434.40,1.25,WIFI
FC:3F:A6:26:B3:A9,,[OPEN],2025-3-25 23:16:40,11,-70,34.0355186,-117.1823349,434.40,1.25,WIFI
DC:69:B5:3B:B3:E6,Lyle Family Internet ,[WPA2_PSK],2025-3-25 23:16:40,11,-72,34.0355186,-117.1823349,434.40,1.25,WIFI
DC:69:B5:3B:B3:EF,Lyle Family Internet  Guest,[WPA2_PSK],2025-3-25 23:16:40,11,-74,34.0355186,-117.1823349,434.40,1.25,WIFI
40:47:5E:4E:7A:03,,[WPA3_PSK],2025-3-25 23:16:40,11,-74,34.0355186,-117.1823349,434.40,1.25,WIFI
40:47:5E:4E:7A:06,Maderowifi,[WPA2_PSK],2025-3-25 23:16:40,11,-74,34.0355186,-117.1823349,434.40,1.25,WIFI
40:47:5E:4E:7A:09,,[OPEN],2025-3-25 23:16:40,11,-75,34.0355186,-117.1823349,434.40,1.25,WIFI
DC:69:B5:3B:B3:E3,,[WPA3_PSK],2025-3-25 23:16:40,11,-75,34.0355186,-117.1823349,434.40,1.25,WIFI
DC:69:B5:3B:B3:E9,,[OPEN],2025-3-25 23:16:40,11,-75,34.0355186,-117.1823349,434.40,1.25,WIFI
9C:3D:CF:FC:10:26,Lyle Family Internet_2GEXT,[WPA2_PSK],2025-3-25 23:16:40,11,-76,34.0355186,-117.1823349,434.40,1.25,WIFI
DC:69:B5:38:E5:49,,[OPEN],2025-3-25 23:16:40,11,-76,34.0355186,-117.1823349,434.40,1.25,WIFI
DC:69:B5:38:E5:46,Lyle Family Internet ,[WPA2_PSK],2025-3-25 23:16:40,11,-77,34.0355186,-117.1823349,434.40,1.25,WIFI
DC:69:B5:40:5C:4F,Lyle Family Internet  Guest,[WPA2_PSK],2025-3-25 23:16:40,11,-78,34.0355186,-117.1823349,434.40,1.25,WIFI
DC:69:B5:38:E5:43,,[WPA3_PSK],2025-3-25 23:16:40,11,-78,34.0355186,-117.1823349,434.40,1.25,WIFI
DC:69:B5:38:E5:4F,Lyle Family Internet  Guest,[WPA2_PSK],2025-3-25 23:16:40,11,-78,34.0355186,-117.1823349,434.40,1.25,WIFI
DC:69:B5:40:5C:46,Lyle Family Internet ,[WPA2_PSK],2025-3-25 23:16:40,11,-79,34.0355186,-117.1823349,434.40,1.25,WIFI
DC:69:B5:40:5C:49,,[OPEN],2025-3-25 23:16:40,11,-82,34.0355186,-117.1823349,434.40,1.25,WIFI
DC:69:B5:40:5C:43,,[WPA3_PSK],2025-3-25 23:16:40,11,-82,34.0355186,-117.1823349,434.40,1.25,WIFI
00:22:6C:D0:34:74,iHome iAVS16_3474,[WPA_WPA2_PSK],2025-3-25 23:16:40,11,-84,34.0355186,-117.1823349,434.40,1.25,WIFI
A0:89:66:8D:D9:50,,[WPA_WPA2_PSK],2025-3-25 23:16:40,11,-85,34.0355186,-117.1823349,434.40,1.25,WIFI
6C:99:61:DA:7D:26,SpectrumSetup-20,[WPA2_PSK],2025-3-25 23:16:40,11,-88,34.0355186,-117.1823349,434.40,1.25,WIFI
88:67:46:C9:C9:49,,[OPEN],2025-3-25 23:16:40,1,-72,34.0355186,-117.1823349,434.40,1.25,WIFI
88:67:46:C9:C9:46,aiden,[WPA2_PSK],2025-3-25 23:16:40,1,-72,34.0355186,-117.1823349,434.40,1.25,WIFI
88:67:46:C9:C9:43,,[WPA3_PSK],2025-3-25 23:16:40,1,-73,34.0355186,-117.1823349,434.40,1.25,WIFI
48:5D:36:6A:F5:92,FiOS-8VZVJ,[WPA2_PSK],2025-3-25 23:16:40,1,-76,34.0355186,-117.1823349,434.40,1.25,WIFI
88:67:46:CD:46:49,,[OPEN],2025-3-25 23:16:40,1,-83,34.0355186,-117.1823349,434.40,1.25,WIFI
3A:60:F9:7E:0B:F3,amelia,[WPA2_PSK],2025-3-25 23:16:47,3,-81,34.0349197,-117.1834106,432.10,1.25,WIFI
62:62:8B:A4:D2:F9,,[WPA2_PSK],2025-3-25 23:16:47,3,-86,34.0349197,-117.1834106,432.10,1.25,WIFI
A6:97:5C:85:5C:B9,VTECH_5766_5cb9,[WPA2_PSK],2025-3-25 23:16:47,3,-86,34.0349197,-117.1834106,432.10,1.25,WIFI
66:6C:80:EA:01:77,DIRECT-77-HP M227f LaserJet,[WPA2_PSK],2025-3-25 23:16:47,3,-89,34.0349197,-117.1834106,432.10,1.25,WIFI
F4:69:42:EC:65:55,SpectrumSetup-57,[WPA2_PSK],2025-3-25 23:16:50,6,-69,34.0346718,-117.1838531,432.50,1.25,WIFI
9C:0B:05:AE:CD:A4,,[WPA3_PSK],2025-3-25 23:16:50,6,-70,34.0346718,-117.1838531,432.50,1.25,WIFI
9C:0B:05:AE:CD:AA,,[OPEN],2025-3-25 23:16:50,6,-70,34.0346718,-117.1838531,432.50,1.25,WIFI
9C:0B:05:AE:CD:A7,eerowifi,[WPA2_PSK],2025-3-25 23:16:50,6,-71,34.0346718,-117.1838531,432.50,1.25,WIFI
9C:A5:70:87:4F:25,The Grand Old Lady,[WPA2_PSK],2025-3-25 23:16:50,6,-72,34.0346718,-117.1838531,432.50,1.25,WIFI
9C:A5:70:87:4F:23,,[WPA3_PSK],2025-3-25 23:16:50,6,-74,34.0346718,-117.1838531,432.50,1.25,WIFI
9C:A5:70:87:4F:27,,[OPEN],2025-3-25 23:16:50,6,-74,34.0346718,-117.1838531,432.50,1.25,WIFI
9C:A5:70:84:E5:E5,The Grand Old Lady,[WPA2_PSK],2025-3-25 23:16:50,6,-85,34.0346718,-117.1838531,432.50,1.25,WIFI
A8:B0:88:54:BA:08,dimaandal,[WPA2_PSK],2025-3-25 23:16:50,6,-87,34.0346718,-117.1838531,432.50,1.25,WIFI
66:32:B1:75:61:21,map2,[WPA2_PSK],2025-3-25 23:16:53,9,-91,34.0344315,-117.1842880,433.00,1.25,WIFI
60:32:B1:75:61:21,,[WPA2_PSK],2025-3-25 23:16:53,9,-92,34.0344315,-117.1842880,433.00,1.25,WIFI
9C:0B:05:A2:5B:E7,SkyNet,[WPA2_PSK],2025-3-25 23:16:55,11,-66,34.0342789,-117.1845627,433.20,1.25,WIFI
9C:0B:05:A5:74:27,SkyNet,[WPA2_PSK],2025-3-25 23:16:55,11,-73,34.0342789,-117.1845627,433.20,1.25,WIFI
9C:0B:05:A2:5B:E4,,[WPA3_PSK],2025-3-25 23:16:55,11,-74,34.0342789,-117.1845627,433.20,1.25,WIFI
9C:0B:05:A2:5B:EA,,[OPEN],2025-3-25 23:16:55,11,-74,34.0342789,-117.1845627,433.20,1.25,WIFI
9C:0B:05:A5:74:24,,[WPA3_PSK],2025-3-25 23:16:55,11,-77,34.0342789,-117.1845627,433.20,1.25,WIFI
9C:0B:05:A5:74:2A,,[OPEN],2025-3-25 23:16:55,11,-77,34.0342789,-117.1845627,433.20,1.25,WIFI
78:76:89:D7:74:46,,[OPEN],2025-3-25 23:16:55,11,-77,34.0342789,-117.1845627,433.20,1.25,WIFI
78:76:89:D7:74:42,,[WPA3_PSK],2025-3-25 23:16:55,11,-79,34.0342789,-117.1845627,433.20,1.25,WIFI
78:76:89:D7:74:44,SkyNet,[WPA2_PSK],2025-3-25 23:16:55,11,-79,34.0342789,-117.1845627,433.20,1.25,WIFI
94:91:7F:A0:06:E5,MySpectrumWiFie7-2G,[WPA2_PSK],2025-3-25 23:16:55,11,-86,34.0342789,-117.1845627,433.20,1.25,WIFI
9C:0B:05:6A:6D:47,escalera,[WPA2_PSK],2025-3-25 23:16:55,11,-88,34.0342789,-117.1845627,433.20,1.25,WIFI
A8:97:CD:BA:05:68,Frontier8416,[WPA2_PSK],2025-3-25 23:16:55,11,-90,34.0342789,-117.1845627,433.20,1.25,WIFI
E8:9F:80:2F:7E:FA,Linksys Extender Setup,[OPEN],2025-3-25 23:16:55,11,-95,34.0342789,-117.1845627,433.20,1.25,WIFI
F0:7B:65:F1:27:E8,SpectrumSetup-27E2,[WPA2_PSK],2025-3-25 23:16:59,1,-77,34.0339622,-117.1851273,432.30,1.25,WIFI
28:80:88:A5:CE:83,MLX,[WPA2_PSK],2025-3-25 23:16:59,1,-78,34.0339622,-117.1851273,432.30,1.25,WIFI
74:37:5F:84:4B:FB,SpectrumSetup-F9,[WPA2_PSK],2025-3-25 23:16:59,1,-79,34.0339622,-117.1851273,432.30,1.25,WIFI
00:C8:96:CD:3E:82,,[WPA_WPA2_PSK],2025-3-25 23:17:1,2,-72,34.0337944,-117.1854248,432.30,1.25,WIFI
30:34:22:99:C7:87,,[OPEN],2025-3-25 23:17:5,6,-73,34.0334702,-117.1860046,432.30,1.25,WIFI
30:34:22:99:C7:83,,[WPA3_PSK],2025-3-25 23:17:5,6,-75,34.0334702,-117.1860046,432.30,1.25,WIFI
AA:05:D6:F4:71:5A,,[WPA2_PSK],2025-3-25 23:17:5,6,-76,34.0334702,-117.1860046,432.30,1.25,WIFI
A6:05:D6:CD:FF:DA,WiFi'd and Dangerous Guest,[WPA2_WPA3_PSK],2025-3-25 23:17:5,6,-78,34.0334702,-117.1860046,432.30,1.25,WIFI
9C:05:D6:F4:71:5A,WiFi'd and Dangerous,[WPA2_WPA3_PSK],2025-3-25 23:17:5,6,-80,34.0334702,-117.1860046,432.30,1.25,WIFI
A2:05:D6:CD:FF:DA,WiFi'd and Dangerous,[WPA2_WPA3_PSK],2025-3-25 23:17:5,6,-82,34.0334702,-117.1860046,432.30,1.25,WIFI
FC:9C:98:4B:26:52,ARLO_VMB_0026245117,[WPA2_PSK],2025-3-25 23:17:5,7,-84,34.0334702,-117.1860046,432.30,1.25,WIFI
20:BE:CD:8A:E0:A4,,[WPA3_PSK],2025-3-25 23:17:10,11,-80,34.0330582,-117.1867752,432.70,1.25,WIFI
20:BE:CD:8A:E0:AA,,[OPEN],2025-3-25 23:17:10,11,-80,34.0330582,-117.1867752,432.70,1.25,WIFI
20:BE:CD:8A:E0:B0,Pool House,[WPA2_PSK],2025-3-25 23:17:10,11,-83,34.0330582,-117.1867752,432.70,1.25,WIFI
28:EC:22:24:86:A6,inky,[WPA2_PSK],2025-3-25 23:17:10,11,-83,34.0330582,-117.1867752,432.70,1.25,WIFI
B8:3A:9D:AE:56:D8,SmartGateway_56D7,[WPA2_PSK],2025-3-25 23:17:12,1,-74,34.0328789,-117.1870956,435.30,1.25,WIFI
9C:3D:CF:3B:B1:70,ARLO_VMB_1577408955,[WPA2_PSK],2025-3-25 23:17:12,1,-89,34.0328789,-117.1870956,435.30,1.25,WIFI
58:2F:F7:69:74:DE,SpectrumSetup-D8,[WPA2_PSK],2025-3-25 23:17:12,1,-90,34.0328789,-117.1870956,435.30,1.25,WIFI
4C:32:75:C4:B3:BC,NETGEAR24,[WPA2_PSK],2025-3-25 23:17:12,1,-91,34.0328789,-117.1870956,435.30,1.25,WIFI
F6:9F:C2:F4:5F:73,,[WPA2_PSK],2025-3-25 23:17:12,1,-94,34.0328789,-117.1870956,435.30,1.25,WIFI
38:2C:4A:94:4B:B0,BORENHOUSE,[WPA2_PSK],2025-3-25 23:17:16,4,-64,34.0325279,-117.1877365,440.20,1.25,WIFI
22:48:6C:49:A7:E5,,[WPA2_PSK],2025-3-25 23:17:16,4,-76,34.0325279,-117.1877365,440.20,1.25,WIFI
24:2D:6C:3D:75:C8,SpectrumSetup-30,[WPA2_WPA3_PSK],2025-3-25 23:17:18,6,-72,34.0323601,-117.1880493,441.00,1.25,WIFI
24:2D:6C:3D:75:CB,,[OPEN],2025-3-25 23:17:18,6,-74,34.0323601,-117.1880493,441.00,1.25,WIFI
24:2D:6C:3D:75:C5,,[WPA3_PSK],2025-3-25 23:17:18,6,-75,34.0323601,-117.1880493,441.00,1.25,WIFI
F0:9F:C2:F4:32:D9,MAS,[WPA2_PSK],2025-3-25 23:17:18,6,-82,34.0323601,-117.1880493,441.00,1.25,WIFI
F6:9F:C2:F4:32:D9,,[WPA2_PSK],2025-3-25 23:17:18,6,-82,34.0323601,-117.1880493,441.00,1.25,WIFI
40:47:5E:4C:BD:89,,[OPEN],2025-3-25 23:17:18,6,-85,34.0323601,-117.1880493,441.00,1.25,WIFI
40:47:5E:4C:BD:86,Winternet is coming ,[WPA2_PSK],2025-3-25 23:17:18,6,-86,34.0323601,-117.1880493,441.00,1.25,WIFI
2E:80:88:D6:E8:74,CASAMIPAPA,[WPA_WPA2_PSK],2025-3-25 23:17:21,9,-83,34.0321274,-117.1884689,441.40,1.25,WIFI
80:CC:9C:12:AA:1C,NETGEAR55,[WPA2_PSK],2025-3-25 23:17:22,10,-77,34.0320549,-117.1886063,441.40,1.25,WIFI
5C:E9:31:E5:5D:F2,,[WPA2_PSK],2025-3-25 23:17:22,10,-90,34.0320549,-117.1886063,441.40,1.25,WIFI
B0:FC:88:06:F1:06,bennynatalia2.4,[WPA2_PSK],2025-3-25 23:17:23,11,-72,34.0319939,-117.1887360,441.50,1.25,WIFI
2C:EA:DC:01:59:04,SpectrumSetup-06,[WPA2_PSK],2025-3-25 23:17:23,11,-73,34.0319939,-117.1887360,441.50,1.25,WIFI
FC:12:63:B8:AE:91,SpectrumSetup-48,[WPA2_PSK],2025-3-25 23:17:23,11,-75,34.0319939,-117.1887360,441.50,1.25,WIFI
74:93:DA:A5:44:D1,Boren House 2,[WPA2_PSK],2025-3-25 23:17:23,11,-80,34.0319939,-117.1887360,441.50,1.25,WIFI
EC:8E:B5:F7:B3:77,DIRECT-76-HP OfficeJet 4650,[WPA2_PSK],2025-3-25 23:17:23,11,-87,34.0319939,-117.1887360,441.50,1.25,WIFI
3C:37:86:67:64:B2,NETGEAR22,[WPA2_PSK],2025-3-25 23:17:23,11,-87,34.0319939,-117.1887360,441.50,1.25,WIFI
F0:9F:C2:F4:5F:73,MAS,[WPA2_PSK],2025-3-25 23:17:25,1,-72,34.0319061,-117.1889725,441.10,1.25,WIFI
8C:61:A3:01:7F:15,MySpectrumWiFi14-2G,[WPA2_PSK],2025-3-25 23:17:25,1,-72,34.0319061,-117.1889725,441.10,1.25,WIFI
74:83:C2:27:07:70,Highland Manor,[WPA2_PSK],2025-3-25 23:17:25,1,-79,34.0319061,-117.1889725,441.10,1.25,WIFI
76:83:C2:27:07:70,,[WPA2_PSK],2025-3-25 23:17:25,1,-81,34.0319061,-117.1889725,441.10,1.25,WIFI
F8:2D:C0:DD:FF:D8,Frontier1184,[WPA2_PSK],2025-3-25 23:17:25,1,-88,34.0319061,-117.1889725,441.10,1.25,WIFI
34:98:B5:51:E3:D4,,[WPA2_PSK],2025-3-25 23:17:29,3,-70,34.0318718,-117.1895294,440.30,1.25,WIFI
3A:98:B5:51:E3:D4,ORBI88benandnatalia,[WPA2_WPA3_PSK],2025-3-25 23:17:29,3,-71,34.0318718,-117.1895294,440.30,1.25,WIFI
42:98:B5:51:E3:D4,ORBI88benandnatalia-IoT,[WPA2_PSK],2025-3-25 23:17:29,3,-71,34.0318718,-117.1895294,440.30,1.25,WIFI
34:98:B5:51:B4:69,ORBI88benandnatalia,[WPA2_WPA3_PSK],2025-3-25 23:17:29,3,-88,34.0318718,-117.1895294,440.30,1.25,WIFI
04:42:1A:9F:0A:10,courageous cat,[WPA2_PSK],2025-3-25 23:17:31,5,-82,34.0318718,-117.1897964,439.90,1.25,WIFI
54:04:63:5A:F5:23,,[WPA_WPA2_PSK],2025-3-25 23:17:31,5,-86,34.0318718,-117.1897964,439.90,1.25,WIFI
90:72:40:1A:41:BE,Beverly's Wi-Fi Network,[WPA2_PSK],2025-3-25 23:17:32,6,-73,34.0318718,-117.1899109,439.50,1.25,WIFI
FC:12:63:8F:A3:3E,Verizon_H7XQ9V,[WPA2_PSK],2025-3-25 23:17:32,6,-82,34.0318718,-117.1899109,439.50,1.25,WIFI
CC:CF:83:AA:6E:84,,[WPA_WPA2_PSK],2025-3-25 23:17:32,6,-84,34.0318718,-117.1899109,439.50,1.25,WIFI
68:94:23:24:A7:DB,HP-Print-db-LaserJet 200,[WPA2_PSK],2025-3-25 23:17:32,6,-88,34.0318718,-117.1899109,439.50,1.25,WIFI
38:94:ED:57:F3:78,MagicalOcean69,[WPA2_PSK],2025-3-25 23:17:33,7,-85,34.0318718,-117.1900177,438.90,1.25,WIFI
1C:3B:F3:84:7E:69,Frontier5680,[WPA_WPA2_PSK],2025-3-25 23:17:37,11,-70,34.0318642,-117.1904449,439.80,1.25,WIFI
34:DB:9C:6C:3C:F6,MySpectrumWiFif0-2G,[WPA2_PSK],2025-3-25 23:17:37,11,-76,34.0318642,-117.1904449,439.80,1.25,WIFI
C8:63:FC:78:15:38,Frontier5680,[WPA2_PSK],2025-3-25 23:17:37,11,-81,34.0318642,-117.1904449,439.80,1.25,WIFI
A4:11:62:32:27:90,NTGR_VMB_0747304383,[WPA2_PSK],2025-3-25 23:17:37,11,-83,34.0318642,-117.1904449,439.80,1.25,WIFI
20:E5:2A:12:B2:E5,Frontier5680_2GEXT,[WPA2_PSK],2025-3-25 23:17:37,11,-83,34.0318642,-117.1904449,439.80,1.25,WIFI
E8:AD:A6:44:96:B6,MySpectrumWiFib0-2G,[WPA2_PSK],2025-3-25 23:17:37,11,-86,34.0318642,-117.1904449,439.80,1.25,WIFI
80:E5:40:D3:09:38,Frontier8384,[WPA2_PSK],2025-3-25 23:17:37,11,-91,34.0318642,-117.1904449,439.80,1.25,WIFI
22:48:6C:5D:21:D6,,[WPA2_PSK],2025-3-25 23:17:39,1,-74,34.0318604,-117.1907120,439.90,1.25,WIFI
88:67:46:93:8A:29,,[OPEN],2025-3-25 23:17:39,1,-78,34.0318604,-117.1907120,439.90,1.25,WIFI
F4:52:46:89:68:6B,SpectrumSetup-686E,[WPA2_PSK],2025-3-25 23:17:39,1,-79,34.0318604,-117.1907120,439.90,1.25,WIFI
E0:46:EE:FE:C8:7C,NETGEAR46,[WPA2_PSK],2025-3-25 23:17:45,5,-80,34.0318985,-117.1911850,439.20,1.25,WIFI
58:11:22:35:EB:61,courageous cat,[WPA2_PSK],2025-3-25 23:17:45,5,-89,34.0318985,-117.1911850,439.20,1.25,WIFI
A8:B0:88:33:92:66,,[WPA3_PSK],2025-3-25 23:17:46,6,-64,34.0319443,-117.1912155,439.50,1.25,WIFI
A8:B0:88:33:92:6A,,[OPEN],2025-3-25 23:17:46,6,-64,34.0319443,-117.1912155,439.50,1.25,WIFI
9C:A5:70:99:A0:E3,,[WPA3_PSK],2025-3-25 23:17:46,6,-67,34.0319443,-117.1912155,439.50,1.25,WIFI
9C:A5:70:99:A0:E7,,[OPEN],2025-3-25 23:17:46,6,-68,34.0319443,-117.1912155,439.50,1.25,WIFI
3C:5C:F1:E1:78:22,,[WPA3_PSK],2025-3-25 23:17:46,6,-69,34.0319443,-117.1912155,439.50,1.25,WIFI
9C:A5:70:99:A0:E5,Frontier3616,[WPA2_PSK],2025-3-25 23:17:46,6,-70,34.0319443,-117.1912155,439.50,1.25,WIFI
3C:5C:F1:E1:78:26,,[OPEN],2025-3-25 23:17:46,6,-70,34.0319443,-117.1912155,439.50,1.25,WIFI
A8:B0:88:33:92:68,Frontier3616,[WPA2_PSK],2025-3-25 23:17:46,6,-76,34.0319443,-117.1912155,439.50,1.25,WIFI
3C:5C:F1:E1:78:24,Frontier3616,[WPA2_PSK],2025-3-25 23:17:46,6,-80,34.0319443,-117.1912155,439.50,1.25,WIFI
4C:AB:F8:C6:48:51,SpectrumSetup-53,[WPA2_PSK],2025-3-25 23:17:46,6,-84,34.0319443,-117.1912155,439.50,1.25,WIFI
B0:E4:D5:39:9A:DE,TheShire,[WPA2_PSK],2025-3-25 23:17:46,6,-88,34.0319443,-117.1912155,439.50,1.25,WIFI
B0:E4:D5:4D:52:E1,TheShire,[WPA2_PSK],2025-3-25 23:17:52,11,-60,34.0324745,-117.1912460,437.00,1.25,WIFI
A0:39:EE:53:B3:56,MySpectrumWiFi50-2G,[WPA2_PSK],2025-3-25 23:17:52,11,-78,34.0324745,-117.1912460,437.00,1.25,WIFI
78:76:89:14:1A:2A,,[OPEN],2025-3-25 23:17:52,11,-83,34.0324745,-117.1912460,437.00,1.25,WIFI
D4:AB:82:D0:9E:3C,MySpectrumWiFi3B-2G,[WPA2_PSK],2025-3-25 23:17:52,11,-86,34.0324745,-117.1912460,437.00,1.25,WIFI
C0:BF:BE:3B:1D:75,TRM_211866,[WPA2_PSK],2025-3-25 23:17:52,11,-90,34.0324745,-117.1912460,437.00,1.25,WIFI
E0:E1:A9:AB:A7:85,SpectrumSetup-38-plus,[WPA_WPA2_PSK],2025-3-25 23:17:52,11,-92,34.0324745,-117.1912460,437.00,1.25,WIFI
C6:A5:11:A4:D1:2E,,[WPA2_PSK],2025-3-25 23:17:52,11,-95,34.0324745,-117.1912460,437.00,1.25,WIFI
60:D5:61:00:13:E4,,[WPA2_PSK],2025-3-25 23:17:52,13,-84,34.0324745,-117.1912460,437.00,1.25,WIFI
76:AC:B9:27:04:36,,[WPA2_PSK],2025-3-25 23:17:54,1,-75,34.0326920,-117.1912460,437.00,1.25,WIFI
F0:7B:65:49:04:CE,SpectrumSetup-04C8,[WPA2_PSK],2025-3-25 23:17:54,1,-77,34.0326920,-117.1912460,437.00,1.25,WIFI
74:AC:B9:27:04:36,Adalee,[WPA2_PSK],2025-3-25 23:17:54,1,-78,34.0326920,-117.1912460,437.00,1.25,WIFI
B4:A5:EF:EC:73:B1,d56189e3f8ad35bfa8f90d8de19e7e5c,[WPA2_PSK],2025-3-25 23:17:54,1,-82,34.0326920,-117.1912460,437.00,1.25,WIFI
6A:9C:25:70:54:11,Kakapo Alternate,[WPA2_PSK],2025-3-25 23:17:54,1,-82,34.0326920,-117.1912460,437.00,1.25,WIFI
C2:9C:25:70:52:C1,Kakapo Alternate,[WPA2_PSK],2025-3-25 23:17:54,1,-88,34.0326920,-117.1912460,437.00,1.25,WIFI
64:52:99:A9:FE:B3,MyQ-778,[OPEN],2025-3-25 23:17:56,2,-80,34.0329170,-117.1912537,437.00,1.25,WIFI
D8:47:32:C1:A0:8D,Home_2.4,[WPA2_PSK],2025-3-25 23:17:56,2,-88,34.0329170,-117.1912537,437.00,1.25,WIFI
8A:37:86:D8:5C:D8,Wi(ld) Fi(re)-Guest,[WPA2_PSK],2025-3-25 23:17:59,4,-82,34.0332336,-117.1912689,431.50,1.25,WIFI
3C:37:86:D8:5C:D7,Wi(ld) Fi(re),[WPA2_PSK],2025-3-25 23:17:59,4,-83,34.0332336,-117.1912689,431.50,1.25,WIFI
92:37:86:FE:83:9D,Wi(ld) Fi(re)-Guest,[WPA2_PSK],2025-3-25 23:17:59,4,-89,34.0332336,-117.1912689,431.50,1.25,WIFI
30:3A:4A:88:87:47,,[OPEN],2025-3-25 23:18:1,6,-68,34.0334167,-117.1913452,430.60,1.25,WIFI
30:3A:4A:88:87:43,,[WPA3_PSK],2025-3-25 23:18:1,6,-69,34.0334167,-117.1913452,430.60,1.25,WIFI
30:3A:4A:88:87:45,eero6,[WPA2_PSK],2025-3-25 23:18:1,6,-72,34.0334167,-117.1913452,430.60,1.25,WIFI
00:C8:96:CD:4B:C2,,[WPA_WPA2_PSK],2025-3-25 23:18:1,6,-73,34.0334167,-117.1913452,430.60,1.25,WIFI
9C:A5:70:4D:90:A3,,[WPA3_PSK],2025-3-25 23:18:1,6,-74,34.0334167,-117.1913452,430.60,1.25,WIFI
9C:A5:70:4D:90:A7,,[OPEN],2025-3-25 23:18:1,6,-74,34.0334167,-117.1913452,430.60,1.25,WIFI
9C:A5:70:4D:90:A5,frs823,[WPA2_PSK],2025-3-25 23:18:1,6,-74,34.0334167,-117.1913452,430.60,1.25,WIFI
64:C2:69:9F:BA:45,Serpentine Fire,[WPA2_PSK],2025-3-25 23:18:1,6,-74,34.0334167,-117.1913452,430.60,1.25,WIFI
64:C2:69:9F:BA:43,,[WPA3_PSK],2025-3-25 23:18:1,6,-74,34.0334167,-117.1913452,430.60,1.25,WIFI
64:C2:69:9F:BA:47,,[OPEN],2025-3-25 23:18:1,6,-75,34.0334167,-117.1913452,430.60,1.25,WIFI
EC:74:27:F4:6E:45,eero6,[WPA2_PSK],2025-3-25 23:18:1,6,-85,34.0334167,-117.1913452,430.60,1.25,WIFI
30:3A:4A:86:2A:65,eero6,[WPA2_PSK],2025-3-25 23:18:1,6,-86,34.0334167,-117.1913452,430.60,1.25,WIFI
EC:74:27:F4:6E:43,,[WPA3_PSK],2025-3-25 23:18:1,6,-86,34.0334167,-117.1913452,430.60,1.25,WIFI
D4:3F:32:26:C1:06,bbhome,[WPA2_PSK],2025-3-25 23:18:1,6,-86,34.0334167,-117.1913452,430.60,1.25,WIFI
34:64:A9:42:97:85,DIRECT-84-HP ENVY 7640 series,[WPA2_PSK],2025-3-25 23:18:1,6,-91,34.0334167,-117.1913452,430.60,1.25,WIFI
10:60:4B:1E:A9:59,HP-Print-59-Officejet 7610,[OPEN],2025-3-25 23:18:1,6,-93,34.0334167,-117.1913452,430.60,1.25,WIFI
48:5D:36:64:5F:9E,FiOS-GWHPB,[WPA2_PSK],2025-3-25 23:18:7,11,-71,34.0339851,-117.1918030,428.20,1.25,WIFI
B0:FC:88:03:C9:F6,Frontier0855,[WPA2_PSK],2025-3-25 23:18:7,11,-84,34.0339851,-117.1918030,428.20,1.25,WIFI
10:DA:43:3E:5D:61,ngHub_31946CNG03330,[WPA2_PSK],2025-3-25 23:18:7,11,-92,34.0339851,-117.1918030,428.20,1.25,WIFI
18:1B:EB:56:D8:E8,TPD3B,[WPA2_PSK],2025-3-25 23:18:7,11,-94,34.0339851,-117.1918030,428.20,1.25,WIFI
34:53:D2:E2:81:1D,PKJ,[WPA2_PSK],2025-3-25 23:18:9,1,-59,34.0341530,-117.1919327,427.60,1.25,WIFI
50:FD:D5:D4:FE:64,[range]_E30AJT7113562H,[WPA2_PSK],2025-3-25 23:18:9,1,-88,34.0341530,-117.1919327,427.60,1.25,WIFI
34:53:D2:B9:4C:21,SpectrumSetup-1B,[WPA2_PSK],2025-3-25 23:18:9,1,-89,34.0341530,-117.1919327,427.60,1.25,WIFI
22:60:F9:06:E3:AC,,[WPA2_PSK],2025-3-25 23:18:12,2,-90,34.0343056,-117.1920547,426.40,1.25,WIFI
22:60:F9:06:E3:AD,Sammy,[WPA2_PSK],2025-3-25 23:18:12,2,-92,34.0343056,-117.1920547,426.40,1.25,WIFI
A2:3D:CF:E5:6C:EF,Ceci-Net,[WPA2_PSK],2025-3-25 23:18:13,3,-87,34.0343285,-117.1920624,426.20,1.25,WIFI
7E:D2:94:16:00:D8,,[WPA2_PSK],2025-3-25 23:18:13,3,-90,34.0343285,-117.1920624,426.20,1.25,WIFI
52:A6:E6:F4:A1:EE,,[WPA2_PSK],2025-3-25 23:18:13,3,-90,34.0343285,-117.1920624,426.20,1.25,WIFI
B6:95:75:B7:5D:12,Donuts,[WPA_WPA2_PSK],2025-3-25 23:18:13,3,-90,34.0343285,-117.1920624,426.20,1.25,WIFI
52:A6:E6:F4:A1:EF,Farmhouse2,[WPA2_PSK],2025-3-25 23:18:13,3,-91,34.0343285,-117.1920624,426.20,1.25,WIFI
C8:E3:06:6D:F5:85,ackc,[WPA2_PSK],2025-3-25 23:18:16,6,-71,34.0343819,-117.1921234,426.30,1.25,WIFI
C8:E3:06:6D:F5:83,,[WPA3_PSK],2025-3-25 23:18:16,6,-72,34.0343819,-117.1921234,426.30,1.25,WIFI
C8:E3:06:6D:F5:87,,[OPEN],2025-3-25 23:18:16,6,-73,34.0343819,-117.1921234,426.30,1.25,WIFI
F4:52:46:AC:73:B1,SpectrumSetup-B3,[WPA2_PSK],2025-3-25 23:18:16,6,-81,34.0343819,-117.1921234,426.30,1.25,WIFI
08:B4:B1:89:D9:88,Casa de Bell,[WPA2_PSK],2025-3-25 23:18:16,6,-81,34.0343819,-117.1921234,426.30,1.25,WIFI
50:27:A9:50:03:E3,,[WPA3_PSK],2025-3-25 23:18:16,6,-81,34.0343819,-117.1921234,426.30,1.25,WIFI
08:B4:B1:32:9D:2B,Casa de Bell,[WPA2_PSK],2025-3-25 23:18:16,6,-81,34.0343819,-117.1921234,426.30,1.25,WIFI
50:27:A9:50:03:E7,,[OPEN],2025-3-25 23:18:16,6,-82,34.0343819,-117.1921234,426.30,1.25,WIFI
50:27:A9:50:03:E5,browntown,[WPA2_PSK],2025-3-25 23:18:16,6,-83,34.0343819,-117.1921234,426.30,1.25,WIFI
08:B4:B1:32:9E:E3,Casa de Bell,[WPA2_PSK],2025-3-25 23:18:16,6,-85,34.0343819,-117.1921234,426.30,1.25,WIFI
C0:18:03:E6:16:FB,DIRECT-FA-HP DeskJet 3700 series,[WPA2_PSK],2025-3-25 23:18:16,6,-88,34.0343819,-117.1921234,426.30,1.25,WIFI
54:04:63:C5:02:81,,[WPA_WPA2_PSK],2025-3-25 23:18:16,7,-89,34.0343819,-117.1921234,426.30,1.25,WIFI
E4:FA:C4:8A:95:2F,SQQF6,[WPA2_PSK],2025-3-25 23:18:20,10,-85,34.0346069,-117.1923523,424.80,1.25,WIFI
E6:FA:C4:9A:95:2F,,[WPA2_PSK],2025-3-25 23:18:20,10,-87,34.0346069,-117.1923523,424.80,1.25,WIFI
FA:8F:CA:37:74:42,Dad’s room.ynm_,[OPEN],2025-3-25 23:18:20,10,-90,34.0346069,-117.1923523,424.80,1.25,WIFI
54:04:63:C8:52:81,,[WPA_WPA2_PSK],2025-3-25 23:18:21,11,-84,34.0346794,-117.1924515,424.00,1.25,WIFI
48:5D:36:38:0F:C0,Jamesbond1,[WPA2_PSK],2025-3-25 23:18:24,1,-68,34.0348892,-117.1927414,421.60,1.25,WIFI
F8:F5:32:49:0F:B8,Frontier4912,[WPA2_PSK],2025-3-25 23:18:24,1,-83,34.0348892,-117.1927414,421.60,1.25,WIFI
B8:66:85:D4:BF:4E,MySpectrumWiFi48-2G,[WPA2_PSK],2025-3-25 23:18:24,1,-89,34.0348892,-117.1927414,421.60,1.25,WIFI
B0:95:75:B7:5D:12,,[WPA2_PSK],2025-3-25 23:18:27,3,-62,34.0351601,-117.1930008,419.40,1.25,WIFI
B0:95:75:B7:5F:24,,[WPA2_PSK],2025-3-25 23:18:27,3,-67,34.0351601,-117.1930008,419.40,1.25,WIFI
B6:95:75:B7:5F:24,Donuts,[WPA_WPA2_PSK],2025-3-25 23:18:27,3,-68,34.0351601,-117.1930008,419.40,1.25,WIFI
B6:95:75:B6:D6:E4,Donuts,[WPA_WPA2_PSK],2025-3-25 23:18:27,3,-76,34.0351601,-117.1930008,419.40,1.25,WIFI
C6:C9:E3:0A:C1:2E,,[WPA2_PSK],2025-3-25 23:18:27,3,-79,34.0351601,-117.1930008,419.40,1.25,WIFI
B0:95:75:B6:D6:E4,,[WPA2_PSK],2025-3-25 23:18:27,3,-82,34.0351601,-117.1930008,419.40,1.25,WIFI
C0:C9:E3:0A:C1:2E,Donuts,[WPA2_PSK],2025-3-25 23:18:27,3,-84,34.0351601,-117.1930008,419.40,1.25,WIFI
74:93:DA:44:EF:11,SpectrumSetup-13,[WPA2_PSK],2025-3-25 23:18:30,6,-58,34.0354652,-117.1932297,417.60,1.25,WIFI
60:F4:19:52:D3:E3,,[WPA3_PSK],2025-3-25 23:18:30,6,-75,34.0354652,-117.1932297,417.60,1.25,WIFI
60:F4:19:52:D3:E9,,[OPEN],2025-3-25 23:18:30,6,-75,34.0354652,-117.1932297,417.60,1.25,WIFI
60:F4:19:52:D3:E6,MT-Frontier ,[WPA2_PSK],2025-3-25 23:18:30,6,-75,34.0354652,-117.1932297,417.60,1.25,WIFI
62:E6:F0:47:FF:1B,myGMC ff1b,[WPA2_PSK],2025-3-25 23:18:30,6,-77,34.0354652,-117.1932297,417.60,1.25,WIFI
A0:8C:FD:71:99:4D,DIRECT-4C-HP ENVY 5660 series,[WPA2_PSK],2025-3-25 23:18:30,6,-80,34.0354652,-117.1932297,417.60,1.25,WIFI
54:04:63:C5:03:A1,,[WPA_WPA2_PSK],2025-3-25 23:18:30,6,-81,34.0354652,-117.1932297,417.60,1.25,WIFI
9C:57:BC:B0:DC:63,,[WPA3_PSK],2025-3-25 23:18:30,6,-82,34.0354652,-117.1932297,417.60,1.25,WIFI
86:EA:ED:4A:39:7F,,[WPA2_PSK],2025-3-25 23:18:30,6,-83,34.0354652,-117.1932297,417.60,1.25,WIFI
52:C2:E8:AF:71:E4,DIRECT-e4-HP M283 LaserJet,[WPA2_PSK],2025-3-25 23:18:30,6,-86,34.0354652,-117.1932297,417.60,1.25,WIFI
AA:6E:84:23:9A:B7,,[WPA2_PSK],2025-3-25 23:18:33,9,-89,34.0356941,-117.1934052,416.20,1.25,WIFI
98:DA:C4:93:8A:61,Meowmere_EXT,[WPA_WPA2_PSK],2025-3-25 23:18:33,9,-91,34.0356941,-117.1934052,416.20,1.25,WIFI
F0:B6:61:21:C6:4A,,[OPEN],2025-3-25 23:18:35,11,-67,34.0358124,-117.1935043,416.80,1.25,WIFI
F0:B6:61:21:C6:47,Casa_Madrigal,[WPA2_PSK],2025-3-25 23:18:35,11,-67,34.0358124,-117.1935043,416.80,1.25,WIFI
F0:B6:61:21:C6:44,,[WPA3_PSK],2025-3-25 23:18:35,11,-69,34.0358124,-117.1935043,416.80,1.25,WIFI
F0:B6:61:71:32:A7,Casa_Madrigal,[WPA2_PSK],2025-3-25 23:18:35,11,-77,34.0358124,-117.1935043,416.80,1.25,WIFI
F0:B6:61:71:32:A4,,[WPA3_PSK],2025-3-25 23:18:35,11,-78,34.0358124,-117.1935043,416.80,1.25,WIFI
F0:B6:61:71:32:AA,,[OPEN],2025-3-25 23:18:35,11,-79,34.0358124,-117.1935043,416.80,1.25,WIFI
F0:B6:61:AF:19:E4,,[WPA3_PSK],2025-3-25 23:18:35,11,-81,34.0358124,-117.1935043,416.80,1.25,WIFI
F0:B6:61:AF:19:E7,Casa_Madrigal,[WPA2_PSK],2025-3-25 23:18:35,11,-81,34.0358124,-117.1935043,416.80,1.25,WIFI
F0:B6:61:AF:19:EA,,[OPEN],2025-3-25 23:18:35,11,-82,34.0358124,-117.1935043,416.80,1.25,WIFI
4C:19:5D:54:53:43,SpectrumSetup-3D,[WPA2_PSK],2025-3-25 23:18:35,11,-83,34.0358124,-117.1935043,416.80,1.25,WIFI
C8:B4:22:38:A1:DB,MySpectrumWiFiDD-2G,[WPA2_PSK],2025-3-25 23:18:35,11,-84,34.0358124,-117.1935043,416.80,1.25,WIFI
2C:00:AB:A4:07:C0,Bob,[WPA2_PSK],2025-3-25 23:18:35,11,-86,34.0358124,-117.1935043,416.80,1.25,WIFI
4C:AB:F8:38:49:AF,SpectrumSetup-B1,[WPA2_PSK],2025-3-25 23:18:35,11,-88,34.0358124,-117.1935043,416.80,1.25,WIFI
C8:99:B2:1A:1B:83,Verizon_PD7RZG,[WPA2_PSK],2025-3-25 23:18:38,1,-80,34.0360527,-117.1937027,416.80,1.25,WIFI
5C:18:DD:F0:4A:73,,[WPA_WPA2_PSK],2025-3-25 23:18:38,1,-87,34.0360527,-117.1937027,416.80,1.25,WIFI
94:A6:7E:5E:84:00,FiOS-3FWOZ_EXT,[WPA2_PSK],2025-3-25 23:18:38,1,-89,34.0360527,-117.1937027,416.80,1.25,WIFI
08:33:ED:BE:F0:C9,SpectrumSetup-CB,[WPA2_PSK],2025-3-25 23:18:38,1,-90,34.0360527,-117.1937027,416.80,1.25,WIFI
F4:52:46:FD:24:3A,Nacho Y-Fi,[WPA2_PSK],2025-3-25 23:18:38,1,-92,34.0360527,-117.1937027,416.80,1.25,WIFI
5C:18:DD:EB:5E:DC,,[WPA_WPA2_PSK],2025-3-25 23:18:41,2,-90,34.0363731,-117.1939621,413.40,1.25,WIFI
1A:59:C0:03:5A:0A,,[WPA2_PSK],2025-3-25 23:18:42,3,-85,34.0364799,-117.1940460,412.90,1.25,WIFI
78:D2:94:49:E6:96,Frontier6896,[WPA_WPA2_PSK],2025-3-25 23:18:42,3,-90,34.0364799,-117.1940460,412.90,1.25,WIFI
7C:7E:F9:54:DA:14,Pooleportal,[WPA2_PSK],2025-3-25 23:18:45,6,-54,34.0367889,-117.1942978,411.30,1.25,WIFI
DC:69:B5:EB:B8:29,,[OPEN],2025-3-25 23:18:45,6,-60,34.0367889,-117.1942978,411.30,1.25,WIFI
DC:69:B5:EB:B8:23,,[WPA3_PSK],2025-3-25 23:18:45,6,-61,34.0367889,-117.1942978,411.30,1.25,WIFI
DC:69:B5:EB:B8:26,Pooleportal,[WPA2_PSK],2025-3-25 23:18:45,6,-63,34.0367889,-117.1942978,411.30,1.25,WIFI
EC:74:27:1E:03:07,,[OPEN],2025-3-25 23:18:45,6,-67,34.0367889,-117.1942978,411.30,1.25,WIFI
EC:74:27:1E:03:03,,[WPA3_PSK],2025-3-25 23:18:45,6,-67,34.0367889,-117.1942978,411.30,1.25,WIFI
EC:74:27:1E:03:05,Pooleportal,[WPA2_PSK],2025-3-25 23:18:45,6,-68,34.0367889,-117.1942978,411.30,1.25,WIFI
7C:7E:F9:54:DA:12,,[WPA3_PSK],2025-3-25 23:18:45,6,-68,34.0367889,-117.1942978,411.30,1.25,WIFI
7C:7E:F9:54:DA:16,,[OPEN],2025-3-25 23:18:45,6,-68,34.0367889,-117.1942978,411.30,1.25,WIFI
AC:EC:85:D1:7D:54,My Glorified Dial-Up,[WPA2_PSK],2025-3-25 23:18:45,6,-69,34.0367889,-117.1942978,411.30,1.25,WIFI
7C:7E:F9:54:02:74,Pooleportal,[WPA2_PSK],2025-3-25 23:18:45,6,-71,34.0367889,-117.1942978,411.30,1.25,WIFI
AC:EC:85:D1:7D:52,,[WPA3_PSK],2025-3-25 23:18:45,6,-75,34.0367889,-117.1942978,411.30,1.25,WIFI
AC:EC:85:D1:7D:56,,[OPEN],2025-3-25 23:18:45,6,-75,34.0367889,-117.1942978,411.30,1.25,WIFI
7C:7E:F9:54:02:72,,[WPA3_PSK],2025-3-25 23:18:45,6,-78,34.0367889,-117.1942978,411.30,1.25,WIFI
7C:7E:F9:54:02:76,,[OPEN],2025-3-25 23:18:45,6,-78,34.0367889,-117.1942978,411.30,1.25,WIFI
54:E0:19:6D:87:B0,Ring Setup b0,[OPEN],2025-3-25 23:18:45,6,-81,34.0367889,-117.1942978,411.30,1.25,WIFI
48:B4:24:69:78:45,67thstep2025,[WPA2_PSK],2025-3-25 23:18:45,6,-82,34.0367889,-117.1942978,411.30,1.25,WIFI
E8:D3:EB:84:EA:E6,Nana Julie,[WPA2_PSK],2025-3-25 23:18:45,6,-84,34.0367889,-117.1942978,411.30,1.25,WIFI
60:F4:19:7B:13:43,,[WPA3_PSK],2025-3-25 23:18:45,6,-84,34.0367889,-117.1942978,411.30,1.25,WIFI
60:F4:19:7B:13:46,My Glorified Dial-Up,[WPA2_PSK],2025-3-25 23:18:45,6,-84,34.0367889,-117.1942978,411.30,1.25,WIFI
00:CB:51:41:54:CE,HomeRouter-2G,[WPA2_PSK],2025-3-25 23:18:48,8,-79,34.0370445,-117.1944962,409.90,1.25,WIFI
D8:A7:56:67:DE:56,MySpectrumWiFi50-2G,[WPA2_PSK],2025-3-25 23:18:51,11,-63,34.0372047,-117.1946182,408.60,1.25,WIFI
F0:B6:61:1D:B3:E4,,[WPA3_PSK],2025-3-25 23:18:51,11,-73,34.0372047,-117.1946182,408.60,1.25,WIFI
F0:B6:61:1D:B3:EA,,[OPEN],2025-3-25 23:18:51,11,-73,34.0372047,-117.1946182,408.60,1.25,WIFI
F0:B6:61:1D:B3:E7,eero,[WPA2_PSK],2025-3-25 23:18:51,11,-75,34.0372047,-117.1946182,408.60,1.25,WIFI
D4:A9:28:19:5A:3C,FiOS-INY4T,[WPA2_PSK],2025-3-25 23:18:51,11,-80,34.0372047,-117.1946182,408.60,1.25,WIFI
88:6A:E3:9B:A3:DE,tl9ba3de,[WPA2_PSK],2025-3-25 23:18:51,11,-84,34.0372047,-117.1946182,408.60,1.25,WIFI
06:26:B0:FE:9D:E7,Elizabeth Tyler's Guest Network,[WPA_WPA2_PSK],2025-3-25 23:18:51,11,-86,34.0372047,-117.1946182,408.60,1.25,WIFI
0C:B2:B7:01:F2:94,,[WPA2_PSK],2025-3-25 23:18:51,11,-87,34.0372047,-117.1946182,408.60,1.25,WIFI
FC:15:B4:70:F5:B1,HP-Print-B1-ENVY 5530 series,[OPEN],2025-3-25 23:18:51,11,-90,34.0372047,-117.1946182,408.60,1.25,WIFI
24:41:FE:57:AD:86,Paddy's Pub,[WPA2_PSK],2025-3-25 23:18:54,1,-71,34.0372391,-117.1946411,408.30,1.25,WIFI
D4:A9:28:14:B4:CE,FiOS-XN2PV,[WPA2_PSK],2025-3-25 23:18:54,1,-82,34.0372391,-117.1946411,408.30,1.25,WIFI
90:9D:7D:46:BC:D8,Frontier3072,[WPA2_PSK],2025-3-25 23:18:54,1,-88,34.0372391,-117.1946411,408.30,1.25,WIFI
28:80:88:40:30:4F,Crown Castle,[WPA2_PSK],2025-3-25 23:18:57,3,-89,34.0373688,-117.1947403,408.40,1.50,WIFI
AC:F1:08:B9:B0:8D,RMDACF108B9B08C,[WPA_WPA2_PSK],2025-3-25 23:18:57,3,-90,34.0373688,-117.1947403,408.40,1.50,WIFI
78:61:7C:0E:00:08,WiFi Hotspot 1194,[WPA2_PSK],2025-3-25 23:19:0,6,-75,34.0375443,-117.1948853,408.00,1.50,WIFI
9C:0B:05:BA:15:84,,[WPA3_PSK],2025-3-25 23:19:5,11,-56,34.0379753,-117.1952286,405.20,1.25,WIFI
9C:0B:05:BA:15:8A,,[OPEN],2025-3-25 23:19:5,11,-57,34.0379753,-117.1952286,405.20,1.25,WIFI
9C:0B:05:BA:15:87,sup,[WPA2_PSK],2025-3-25 23:19:5,11,-60,34.0379753,-117.1952286,405.20,1.25,WIFI
84:70:D7:27:2D:27,sup,[WPA2_PSK],2025-3-25 23:19:5,11,-69,34.0379753,-117.1952286,405.20,1.25,WIFI
84:70:D7:27:2D:2A,,[OPEN],2025-3-25 23:19:5,11,-72,34.0379753,-117.1952286,405.20,1.25,WIFI
84:70:D7:27:2D:24,,[WPA3_PSK],2025-3-25 23:19:5,11,-73,34.0379753,-117.1952286,405.20,1.25,WIFI
B2:4A:39:C2:82:B5,,[OPEN],2025-3-25 23:19:5,11,-78,34.0379753,-117.1952286,405.20,1.25,WIFI
E0:E1:A9:A9:99:F9,Frontier6960-plus,[WPA_WPA2_PSK],2025-3-25 23:19:5,11,-81,34.0379753,-117.1952286,405.20,1.25,WIFI
18:1B:EB:F2:5B:7E,729HS,[WPA_WPA2_PSK],2025-3-25 23:19:5,11,-88,34.0379753,-117.1952286,405.20,1.25,WIFI
24:94:CB:EC:65:18,Frontier6960,[WPA2_PSK],2025-3-25 23:19:5,11,-89,34.0379753,-117.1952286,405.20,1.25,WIFI
F8:5B:3B:58:3F:15,SpectrumSetup-17,[WPA2_PSK],2025-3-25 23:19:6,1,-76,34.0380821,-117.1953125,404.60,1.25,WIFI
2A:0F:EB:5A:FF:1E,TEG-1P7,[WPA2_PSK],2025-3-25 23:19:6,1,-81,34.0380821,-117.1953125,404.60,1.25,WIFI
2C:EA:DC:BB:C9:14,Verizon_CM3G4F,[WPA2_PSK],2025-3-25 23:19:6,1,-87,34.0380821,-117.1953125,404.60,1.25,WIFI
50:FD:D5:B0:72:DE,[range]_E30AJT7113605F,[WPA2_PSK],2025-3-25 23:19:6,1,-88,34.0380821,-117.1953125,404.60,1.25,WIFI
34:60:F9:7F:07:F8,tlinksys,[WPA2_PSK],2025-3-25 23:19:6,1,-89,34.0380821,-117.1953125,404.60,1.25,WIFI
60:57:47:59:0D:83,,[WPA_WPA2_PSK],2025-3-25 23:19:10,2,-84,34.0385208,-117.1956558,402.20,1.25,WIFI
82:48:B8:F3:22:44,Proxima,[WPA2_PSK],2025-3-25 23:19:10,2,-88,34.0385208,-117.1956558,402.20,1.25,WIFI
82:48:B8:F3:22:46,CLM1,[WPA2_PSK],2025-3-25 23:19:10,2,-91,34.0385208,-117.1956558,402.20,1.25,WIFI
30:60:0A:3C:6E:28,,[WPA_WPA2_PSK],2025-3-25 23:19:11,3,-86,34.0386238,-117.1957474,401.70,1.25,WIFI
16:0C:6B:FF:99:71,SpectrumSetup-07,[WPA2_PSK],2025-3-25 23:19:12,4,-67,34.0387306,-117.1958237,401.30,1.25,WIFI
1A:0C:6B:FF:99:71,SpectrumSetup-07-Guest,[WPA2_PSK],2025-3-25 23:19:12,4,-68,34.0387306,-117.1958237,401.30,1.25,WIFI
10:0C:6B:FF:99:71,,[WPA2_PSK],2025-3-25 23:19:12,4,-68,34.0387306,-117.1958237,401.30,1.25,WIFI
10:0C:6B:FA:29:68,SpectrumSetup-07,[WPA2_PSK],2025-3-25 23:19:12,4,-71,34.0387306,-117.1958237,401.30,1.25,WIFI
1A:0C:6B:FA:29:68,SpectrumSetup-07-Guest,[WPA2_PSK],2025-3-25 23:19:12,4,-72,34.0387306,-117.1958237,401.30,1.25,WIFI
16:0C:6B:FA:29:68,,[WPA2_PSK],2025-3-25 23:19:12,4,-73,34.0387306,-117.1958237,401.30,1.25,WIFI
1A:0C:6B:FF:99:59,SpectrumSetup-07-Guest,[WPA2_PSK],2025-3-25 23:19:12,4,-75,34.0387306,-117.1958237,401.30,1.25,WIFI
16:0C:6B:FF:99:59,SpectrumSetup-07,[WPA2_PSK],2025-3-25 23:19:12,4,-77,34.0387306,-117.1958237,401.30,1.25,WIFI
10:0C:6B:FF:99:59,,[WPA2_PSK],2025-3-25 23:19:12,4,-77,34.0387306,-117.1958237,401.30,1.25,WIFI
2E:D7:5B:AE:17:A4,SpectrumSetup-AB0C,[WPA2_PSK],2025-3-25 23:19:14,6,-68,34.0389404,-117.1959991,400.30,1.25,WIFI
1E:D7:5B:AE:17:A4,,[WPA2_PSK],2025-3-25 23:19:14,6,-69,34.0389404,-117.1959991,400.30,1.25,WIFI
3E:D7:5B:AE:17:A4,,[WPA2_PSK],2025-3-25 23:19:14,6,-69,34.0389404,-117.1959991,400.30,1.25,WIFI
64:DA:ED:50:5E:23,,[WPA3_PSK],2025-3-25 23:19:14,6,-79,34.0389404,-117.1959991,400.30,1.25,WIFI
64:DA:ED:50:5E:27,,[OPEN],2025-3-25 23:19:14,6,-79,34.0389404,-117.1959991,400.30,1.25,WIFI
64:DA:ED:50:5E:25,FiOS-HL8M8,[WPA2_PSK],2025-3-25 23:19:14,6,-81,34.0389404,-117.1959991,400.30,1.25,WIFI
F0:7B:65:25:25:E1,SpectrumSetup-25DB,[WPA2_PSK],2025-3-25 23:19:14,6,-81,34.0389404,-117.1959991,400.30,1.25,WIFI
F8:BC:0E:2E:49:03,,[WPA3_PSK],2025-3-25 23:19:14,6,-82,34.0389404,-117.1959991,400.30,1.25,WIFI
F8:BC:0E:2E:49:09,,[OPEN],2025-3-25 23:19:14,6,-83,34.0389404,-117.1959991,400.30,1.25,WIFI
F8:BC:0E:2E:49:06,Loki,[WPA2_PSK],2025-3-25 23:19:14,6,-83,34.0389404,-117.1959991,400.30,1.25,WIFI
4C:AB:F8:54:53:D9,SpectrumSetup-DB,[WPA2_PSK],2025-3-25 23:19:14,6,-88,34.0389404,-117.1959991,400.30,1.25,WIFI
7A:F1:7E:CB:77:B8,TP-Link2024,[WPA2_PSK],2025-3-25 23:19:18,10,-87,34.0393753,-117.1963425,397.00,1.25,WIFI
7A:F1:7E:CB:77:B9,,[WPA2_PSK],2025-3-25 23:19:18,10,-88,34.0393753,-117.1963425,397.00,1.25,WIFI
A8:97:CD:D7:12:48,Frontier2256,[WPA2_PSK],2025-3-25 23:19:19,11,-87,34.0394897,-117.1964340,396.20,1.25,WIFI
48:5D:36:1F:C0:CC,FiOS-OEQ3H,[WPA2_PSK],2025-3-25 23:19:19,11,-89,34.0394897,-117.1964340,396.20,1.25,WIFI
74:93:DA:A4:E9:0D,SpectrumSetup-0F,[WPA2_PSK],2025-3-25 23:19:19,11,-91,34.0394897,-117.1964340,396.20,1.25,WIFI
CA:3A:6B:24:AB:7C,,[WPA2_PSK],2025-3-25 23:19:22,1,-73,34.0398254,-117.1966858,394.70,1.25,WIFI
C8:A7:0A:99:04:C4,FiOS-NMYWL,[WPA2_PSK],2025-3-25 23:19:22,1,-75,34.0398254,-117.1966858,394.70,1.25,WIFI
94:91:7F:2F:77:AD,SpectrumSetup-AF,[WPA2_PSK],2025-3-25 23:19:22,1,-78,34.0398254,-117.1966858,394.70,1.25,WIFI
B0:6A:41:B5:D3:D4,Netgear,[WPA2_PSK],2025-3-25 23:19:22,1,-79,34.0398254,-117.1966858,394.70,1.25,WIFI
00:54:AF:5F:19:EA,Hotspot19EA,[WPA_WPA2_PSK],2025-3-25 23:19:22,1,-84,34.0398254,-117.1966858,394.70,1.25,WIFI
F0:7B:65:41:45:71,SpectrumSetup-456B,[WPA2_PSK],2025-3-25 23:19:22,1,-90,34.0398254,-117.1966858,394.70,1.25,WIFI
B0:39:56:4F:60:89,NETGEAR43,[WPA2_PSK],2025-3-25 23:19:26,3,-76,34.0402069,-117.1968918,392.00,1.25,WIFI
18:90:88:2F:9D:53,Loki,[WPA2_PSK],2025-3-25 23:19:29,6,-67,34.0403137,-117.1969604,391.70,1.25,WIFI
18:90:88:2F:9D:55,,[OPEN],2025-3-25 23:19:29,6,-68,34.0403137,-117.1969604,391.70,1.25,WIFI
18:90:88:2F:9D:51,,[WPA3_PSK],2025-3-25 23:19:29,6,-68,34.0403137,-117.1969604,391.70,1.25,WIFI
2C:30:33:46:2B:79,Network_ASH,[WPA2_PSK],2025-3-25 23:19:29,6,-78,34.0403137,-117.1969604,391.70,1.25,WIFI
48:DD:0C:39:DA:47,,[OPEN],2025-3-25 23:19:29,6,-80,34.0403137,-117.1969604,391.70,1.25,WIFI
48:DD:0C:39:DA:43,,[WPA3_PSK],2025-3-25 23:19:29,6,-81,34.0403137,-117.1969604,391.70,1.25,WIFI
48:DD:0C:39:DA:45,Loki,[WPA2_PSK],2025-3-25 23:19:29,6,-83,34.0403137,-117.1969604,391.70,1.25,WIFI
E0:E2:E6:1A:5B:3D,Driveri VBUS: E0E2E61A5B3E,[WPA2_PSK],2025-3-25 23:19:29,6,-85,34.0403137,-117.1969604,391.70,1.25,WIFI
48:DD:0C:80:F6:67,,[OPEN],2025-3-25 23:19:29,6,-85,34.0403137,-117.1969604,391.70,1.25,WIFI
48:DD:0C:80:F6:63,,[WPA3_PSK],2025-3-25 23:19:29,6,-85,34.0403137,-117.1969604,391.70,1.25,WIFI
48:DD:0C:80:F6:65,Loki,[WPA2_PSK],2025-3-25 23:19:29,6,-85,34.0403137,-117.1969604,391.70,1.25,WIFI
CC:28:AA:57:4C:30,Finn's World,[WPA2_PSK],2025-3-25 23:19:29,7,-80,34.0403137,-117.1969604,391.70,1.25,WIFI
F0:B6:61:B4:94:47,111-EE50,[WPA2_PSK],2025-3-25 23:19:34,11,-65,34.0404663,-117.1970901,391.60,1.25,WIFI
F0:B6:61:B4:94:4A,,[OPEN],2025-3-25 23:19:34,11,-69,34.0404663,-117.1970901,391.60,1.25,WIFI
F0:B6:61:B4:94:44,,[WPA3_PSK],2025-3-25 23:19:34,11,-70,34.0404663,-117.1970901,391.60,1.25,WIFI
CC:C2:61:33:D6:7C,Driveri:6603030557,[WPA_WPA2_PSK],2025-3-25 23:19:34,11,-78,34.0404663,-117.1970901,391.60,1.25,WIFI
F0:B6:61:07:1B:27,111-EE50,[WPA2_PSK],2025-3-25 23:19:34,11,-81,34.0404663,-117.1970901,391.60,1.25,WIFI
F0:B6:61:07:1B:24,,[WPA3_PSK],2025-3-25 23:19:34,11,-83,34.0404663,-117.1970901,391.60,1.25,WIFI
F0:B6:61:07:1B:2A,,[OPEN],2025-3-25 23:19:34,11,-84,34.0404663,-117.1970901,391.60,1.25,WIFI
B0:4E:26:80:DA:63,TP-Link_DA63,[WPA_WPA2_PSK],2025-3-25 23:19:34,11,-84,34.0404663,-117.1970901,391.60,1.25,WIFI
B0:6A:41:B5:D5:E4,Netgear,[WPA2_PSK],2025-3-25 23:19:34,11,-88,34.0404663,-117.1970901,391.60,1.25,WIFI
34:53:D2:C3:7C:5F,SpectrumSetup-59,[WPA2_PSK],2025-3-25 23:19:34,11,-88,34.0404663,-117.1970901,391.60,1.25,WIFI
8C:85:80:EF:D6:79,,[WPA_WPA2_PSK],2025-3-25 23:19:34,11,-88,34.0404663,-117.1970901,391.60,1.25,WIFI
4C:19:5D:3D:1C:4F,SpectrumSetup-49,[WPA2_PSK],2025-3-25 23:19:34,11,-90,34.0404663,-117.1970901,391.60,1.25,WIFI
A8:11:FC:A4:15:98,Frontier2256,[WPA2_PSK],2025-3-25 23:19:34,11,-93,34.0404663,-117.1970901,391.60,1.25,WIFI
80:3F:5D:79:CE:BC,WAVLINK-N_CEBA,[WPA2_PSK],2025-3-25 23:19:34,1,-68,34.0404663,-117.1970901,391.60,1.25,WIFI
D8:A7:56:67:A9:86,MySpectrumWiFi80-2G,[WPA2_PSK],2025-3-25 23:19:34,1,-77,34.0404663,-117.1970901,391.60,1.25,WIFI
30:57:8E:F3:B9:61,,[WPA3_PSK],2025-3-25 23:19:34,1,-81,34.0404663,-117.1970901,391.60,1.25,WIFI
30:57:8E:F3:B9:63,Rockhound1948,[WPA2_PSK],2025-3-25 23:19:34,1,-81,34.0404663,-117.1970901,391.60,1.25,WIFI
30:57:8E:F3:B9:65,,[OPEN],2025-3-25 23:19:34,1,-82,34.0404663,-117.1970901,391.60,1.25,WIFI
6C:CD:D6:E2:F6:5A,,[WPA2_PSK],2025-3-25 23:19:40,3,-74,34.0409813,-117.1975021,389.10,1.25,WIFI
72:CD:D6:E2:F6:5A,SLAWSOMENESS,[WPA2_PSK],2025-3-25 23:19:40,3,-74,34.0409813,-117.1975021,389.10,1.25,WIFI
72:CD:D6:E2:9D:01,,[WPA2_PSK],2025-3-25 23:19:40,3,-78,34.0409813,-117.1975021,389.10,1.25,WIFI
6C:CD:D6:E2:9D:01,SLAWSOMENESS,[WPA2_PSK],2025-3-25 23:19:40,3,-81,34.0409813,-117.1975021,389.10,1.25,WIFI
D4:3F:32:84:DA:89,,[OPEN],2025-3-25 23:19:43,6,-58,34.0412636,-117.1977386,386.70,1.25,WIFI
D4:3F:32:84:DA:86,frontier,[WPA2_PSK],2025-3-25 23:19:43,6,-59,34.0412636,-117.1977386,386.70,1.25,WIFI
D4:3F:32:84:DA:83,,[WPA3_PSK],2025-3-25 23:19:43,6,-59,34.0412636,-117.1977386,386.70,1.25,WIFI
C8:C6:FE:77:BA:C9,,[OPEN],2025-3-25 23:19:43,6,-60,34.0412636,-117.1977386,386.70,1.25,WIFI
C8:C6:FE:77:BA:C3,,[WPA3_PSK],2025-3-25 23:19:43,6,-62,34.0412636,-117.1977386,386.70,1.25,WIFI
C8:C6:FE:77:BA:C6,frontier,[WPA2_PSK],2025-3-25 23:19:43,6,-63,34.0412636,-117.1977386,386.70,1.25,WIFI
4C:AB:F8:47:BC:D9,SpectrumSetup-DB,[WPA2_PSK],2025-3-25 23:19:43,6,-70,34.0412636,-117.1977386,386.70,1.25,WIFI
46:EB:2E:A1:44:F0,2022GMC,[WPA2_PSK],2025-3-25 23:19:43,6,-74,34.0412636,-117.1977386,386.70,1.25,WIFI
C8:C6:FE:60:58:C3,,[WPA3_PSK],2025-3-25 23:19:43,6,-74,34.0412636,-117.1977386,386.70,1.25,WIFI
12:E8:A7:08:87:0B,Audi_MMI_3153,[WPA2_PSK],2025-3-25 23:19:43,6,-78,34.0412636,-117.1977386,386.70,1.25,WIFI
08:9B:F1:18:85:E7,,[OPEN],2025-3-25 23:19:43,6,-84,34.0412636,-117.1977386,386.70,1.25,WIFI
9C:A2:F4:4E:E8:52,kal-mesh,[WPA2_PSK],2025-3-25 23:19:47,9,-73,34.0416908,-117.1980743,382.00,1.25,WIFI
A2:A2:F4:4E:E8:56,,[WPA2_PSK],2025-3-25 23:19:47,9,-77,34.0416908,-117.1980743,382.00,1.25,WIFI
A2:A2:F4:4E:E9:CA,,[WPA2_PSK],2025-3-25 23:19:47,9,-81,34.0416908,-117.1980743,382.00,1.25,WIFI
9C:A2:F4:4E:E9:CA,kal-mesh,[WPA2_PSK],2025-3-25 23:19:47,9,-84,34.0416908,-117.1980743,382.00,1.25,WIFI
12:62:E5:CC:4F:D9,DIRECT-D9-HP ENVY 5000 series,[WPA2_PSK],2025-3-25 23:19:47,9,-86,34.0416908,-117.1980743,382.00,1.25,WIFI
D0:6D:C9:31:5A:96,Frontier0018,[WPA2_PSK],2025-3-25 23:19:49,11,-72,34.0419197,-117.1982498,380.20,1.25,WIFI
AC:91:9B:C1:1A:BA,Verizon_Z4TGCG,[WPA2_PSK],2025-3-25 23:19:49,11,-89,34.0419197,-117.1982498,380.20,1.25,WIFI
9C:57:BC:9D:DA:A3,,[WPA3_PSK],2025-3-25 23:19:51,1,-64,34.0421486,-117.1984329,379.50,1.25,WIFI
9C:57:BC:9D:DA:A6,KAL,[WPA2_PSK],2025-3-25 23:19:51,1,-64,34.0421486,-117.1984329,379.50,1.25,WIFI
9C:57:BC:9D:DA:A9,,[OPEN],2025-3-25 23:19:51,1,-65,34.0421486,-117.1984329,379.50,1.25,WIFI
9C:57:BC:98:E0:C9,,[OPEN],2025-3-25 23:19:51,1,-66,34.0421486,-117.1984329,379.50,1.25,WIFI
9C:57:BC:98:E0:C6,KAL,[WPA2_PSK],2025-3-25 23:19:51,1,-67,34.0421486,-117.1984329,379.50,1.25,WIFI
9C:57:BC:98:E0:C3,,[WPA3_PSK],2025-3-25 23:19:51,1,-67,34.0421486,-117.1984329,379.50,1.25,WIFI
22:3E:A4:90:93:F2,,[WPA2_PSK],2025-3-25 23:19:51,1,-77,34.0421486,-117.1984329,379.50,1.25,WIFI
20:37:F0:6D:86:22,Endres Linksys,[WPA2_PSK],2025-3-25 23:19:51,1,-83,34.0421486,-117.1984329,379.50,1.25,WIFI
24:41:FE:77:E1:02,Endres Linksys,[WPA2_PSK],2025-3-25 23:19:51,1,-88,34.0421486,-117.1984329,379.50,1.25,WIFI
92:EB:B6:74:01:C5,,[WPA2_PSK],2025-3-25 23:19:55,3,-76,34.0425911,-117.1987915,378.10,1.25,WIFI
14:EB:B6:74:01:C3,Husbander-tron,[WPA2_PSK],2025-3-25 23:19:55,3,-78,34.0425911,-117.1987915,378.10,1.25,WIFI
28:56:5A:CD:A1:66,Sonnen,[WPA_WPA2_PSK],2025-3-25 23:19:56,4,-85,34.0427017,-117.1988831,377.90,1.25,WIFI
18:90:88:FF:5D:A5,Eero Wifi,[WPA2_PSK],2025-3-25 23:19:58,6,-60,34.0429115,-117.1990509,377.40,1.25,WIFI
18:90:88:FF:5D:AB,Eero Wifi Guest,[WPA2_PSK],2025-3-25 23:19:58,6,-61,34.0429115,-117.1990509,377.40,1.25,WIFI
18:90:88:FF:5D:A7,,[OPEN],2025-3-25 23:19:58,6,-66,34.0429115,-117.1990509,377.40,1.25,WIFI
18:90:88:FF:5D:A3,,[WPA3_PSK],2025-3-25 23:19:58,6,-66,34.0429115,-117.1990509,377.40,1.25,WIFI
18:90:88:DF:AA:2B,Eero Wifi Guest,[WPA2_PSK],2025-3-25 23:19:58,6,-76,34.0429115,-117.1990509,377.40,1.25,WIFI
18:90:88:DF:AA:23,,[WPA3_PSK],2025-3-25 23:19:58,6,-77,34.0429115,-117.1990509,377.40,1.25,WIFI
18:90:88:DF:AA:25,Eero Wifi,[WPA2_PSK],2025-3-25 23:19:58,6,-77,34.0429115,-117.1990509,377.40,1.25,WIFI
18:90:88:DF:AA:27,,[OPEN],2025-3-25 23:19:58,6,-78,34.0429115,-117.1990509,377.40,1.25,WIFI
78:76:89:2D:85:47,CoolCasa,[WPA2_PSK],2025-3-25 23:19:58,6,-82,34.0429115,-117.1990509,377.40,1.25,WIFI
78:76:89:2D:85:44,,[WPA3_PSK],2025-3-25 23:19:58,6,-82,34.0429115,-117.1990509,377.40,1.25,WIFI
78:76:89:2C:D6:44,,[WPA3_PSK],2025-3-25 23:19:58,6,-82,34.0429115,-117.1990509,377.40,1.25,WIFI
78:76:89:2C:D6:47,CoolCasa,[WPA2_PSK],2025-3-25 23:19:58,6,-82,34.0429115,-117.1990509,377.40,1.25,WIFI
78:76:89:2D:85:4A,,[OPEN],2025-3-25 23:19:58,6,-83,34.0429115,-117.1990509,377.40,1.25,WIFI
24:2D:6C:45:2E:0B,,[OPEN],2025-3-25 23:19:58,6,-83,34.0429115,-117.1990509,377.40,1.25,WIFI
24:2D:6C:45:2E:08,Thunder Chicken Domain,[WPA2_PSK],2025-3-25 23:19:58,6,-83,34.0429115,-117.1990509,377.40,1.25,WIFI
78:76:89:2C:D6:4A,,[OPEN],2025-3-25 23:19:58,6,-84,34.0429115,-117.1990509,377.40,1.25,WIFI
7E:6D:15:88:D1:23,,[WPA2_PSK],2025-3-25 23:19:58,6,-88,34.0429115,-117.1990509,377.40,1.25,WIFI
E4:FA:C4:2C:FE:C3,Silverstreet,[WPA2_PSK],2025-3-25 23:20:1,8,-77,34.0431557,-117.1992416,376.80,1.25,WIFI
E6:FA:C4:2C:FE:C3,,[WPA2_PSK],2025-3-25 23:20:1,8,-79,34.0431557,-117.1992416,376.80,1.25,WIFI
98:6B:3D:D8:7E:B0,Dolly4595,[WPA_WPA2_PSK],2025-3-25 23:20:1,8,-92,34.0431557,-117.1992416,376.80,1.25,WIFI
5E:62:8B:2E:D2:82,TheKrellMainframe,[WPA2_PSK],2025-3-25 23:20:2,9,-77,34.0432091,-117.1992798,376.60,1.25,WIFI
9E:A2:F4:2B:4C:42,TheKrellMainframe,[WPA2_PSK],2025-3-25 23:20:2,9,-78,34.0432091,-117.1992798,376.60,1.25,WIFI
9C:A2:F4:2B:4C:42,,[WPA2_PSK],2025-3-25 23:20:2,9,-79,34.0432091,-117.1992798,376.60,1.25,WIFI
9E:A2:F4:2B:47:5E,TheKrellMainframe,[WPA2_PSK],2025-3-25 23:20:2,9,-87,34.0432091,-117.1992798,376.60,1.25,WIFI
9C:A2:F4:2B:47:5E,,[WPA2_PSK],2025-3-25 23:20:2,9,-90,34.0432091,-117.1992798,376.60,1.25,WIFI
C4:41:1E:2B:F5:69,Tell-My-WiFi-Luv-Her,[WPA2_PSK],2025-3-25 23:20:2,9,-91,34.0432091,-117.1992798,376.60,1.25,WIFI
10:C3:7B:D3:2F:10,ASUS_24GHz,[WPA2_PSK],2025-3-25 23:20:4,11,-78,34.0432549,-117.1993103,376.40,1.25,WIFI
98:F7:81:E8:DA:18,Frontier5104,[WPA2_PSK],2025-3-25 23:20:4,11,-79,34.0432549,-117.1993103,376.40,1.25,WIFI
18:9C:27:79:00:B8,Frontier6256,[WPA2_PSK],2025-3-25 23:20:4,11,-84,34.0432549,-117.1993103,376.40,1.25,WIFI
48:5D:36:48:3D:46,Klausz_WiFi,[WPA2_PSK],2025-3-25 23:20:4,11,-91,34.0432549,-117.1993103,376.40,1.25,WIFI
4C:19:5D:59:CE:CE,SpectrumSetup-C8,[WPA2_PSK],2025-3-25 23:20:6,1,-71,34.0432816,-117.1993332,376.20,1.25,WIFI
72:F7:54:94:64:68,SunPower34840,[WPA2_PSK],2025-3-25 23:20:6,1,-75,34.0432816,-117.1993332,376.20,1.25,WIFI
96:3B:AD:21:A4:90,,[WPA2_PSK],2025-3-25 23:20:10,3,-69,34.0433006,-117.1993484,375.80,1.25,WIFI
92:3B:AD:21:A2:B5,ORBI13,[WPA2_PSK],2025-3-25 23:20:10,3,-81,34.0433006,-117.1993484,375.80,1.25,WIFI
F8:5B:3B:6F:41:44,DONEL,[WPA2_PSK],2025-3-25 23:20:13,6,-74,34.0433655,-117.1994095,376.00,1.25,WIFI
00:AB:48:15:77:A5,I believe Wi can Fi,[WPA2_PSK],2025-3-25 23:20:13,6,-80,34.0433655,-117.1994095,376.00,1.25,WIFI
00:AB:48:18:C5:C5,I believe Wi can Fi,[WPA2_PSK],2025-3-25 23:20:13,6,-81,34.0433655,-117.1994095,376.00,1.25,WIFI
00:AB:48:18:C5:C3,,[WPA3_PSK],2025-3-25 23:20:13,6,-83,34.0433655,-117.1994095,376.00,1.25,WIFI
54:07:7D:0E:3B:3F,JSF2235,[WPA2_PSK],2025-3-25 23:20:15,8,-86,34.0434837,-117.1995010,375.80,1.25,WIFI
5C:62:8B:EE:D2:82,,[WPA_WPA2_PSK],2025-3-25 23:20:16,9,-69,34.0435600,-117.1995621,374.90,1.25,WIFI
80:69:1A:94:41:B4,Leason2.0,[WPA2_WPA3_PSK],2025-3-25 23:20:16,9,-85,34.0435600,-117.1995621,374.90,1.25,WIFI
B4:B0:24:79:97:1E,BVwifi,[WPA2_PSK],2025-3-25 23:20:17,10,-91,34.0436516,-117.1996307,374.10,1.25,WIFI
F0:B6:61:0F:F0:C4,,[WPA3_PSK],2025-3-25 23:20:18,11,-71,34.0437469,-117.1997070,373.60,1.25,WIFI
F0:B6:61:0F:F0:C7,Pointer Wifi,[WPA2_PSK],2025-3-25 23:20:18,11,-71,34.0437469,-117.1997070,373.60,1.25,WIFI
F0:B6:61:0F:F0:CA,,[OPEN],2025-3-25 23:20:18,11,-72,34.0437469,-117.1997070,373.60,1.25,WIFI
F0:B6:61:84:70:27,Pointer Wifi,[WPA2_PSK],2025-3-25 23:20:18,11,-79,34.0437469,-117.1997070,373.60,1.25,WIFI
80:E5:40:DD:2E:48,Frontier3232,[WPA2_PSK],2025-3-25 23:20:18,11,-85,34.0437469,-117.1997070,373.60,1.25,WIFI
80:69:1A:94:49:40,Leason2.0,[WPA2_WPA3_PSK],2025-3-25 23:20:20,1,-80,34.0439529,-117.1998749,373.10,1.25,WIFI
38:22:E2:8B:48:FF,DIRECT-FE-HP DeskJet 3700 series,[WPA2_PSK],2025-3-25 23:20:20,1,-81,34.0439529,-117.1998749,373.10,1.25,WIFI
86:69:1A:94:49:40,,[WPA2_WPA3_PSK],2025-3-25 23:20:20,1,-83,34.0439529,-117.1998749,373.10,1.25,WIFI
A0:04:60:5D:65:9B,MAX REBO,[WPA2_PSK],2025-3-25 23:20:20,1,-84,34.0439529,-117.1998749,373.10,1.25,WIFI
6C:1D:EB:40:FD:9E,EA-J94222900796A0,[WPA_WPA2_PSK],2025-3-25 23:20:20,1,-85,34.0439529,-117.1998749,373.10,1.25,WIFI
82:CC:9C:DE:18:71,Keidel5-private,[WPA2_PSK],2025-3-25 23:20:24,3,-80,34.0443726,-117.2002029,371.70,1.25,WIFI
82:CC:9C:EE:18:71,Keidel2.4-private,[WPA2_PSK],2025-3-25 23:20:24,3,-83,34.0443726,-117.2002029,371.70,1.25,WIFI
80:CC:9C:EE:18:71,Keidel-guest2.4,[WPA2_PSK],2025-3-25 23:20:24,3,-84,34.0443726,-117.2002029,371.70,1.25,WIFI
86:69:1A:94:41:18,,[WPA2_WPA3_PSK],2025-3-25 23:20:25,4,-65,34.0444756,-117.2002869,371.40,1.25,WIFI
80:69:1A:94:41:18,Leason2.0,[WPA2_WPA3_PSK],2025-3-25 23:20:25,4,-68,34.0444756,-117.2002869,371.40,1.25,WIFI
80:69:1A:94:49:9A,Leason2.0,[WPA2_WPA3_PSK],2025-3-25 23:20:25,4,-78,34.0444756,-117.2002869,371.40,1.25,WIFI
80:69:1A:95:12:0F,Leason2.0,[WPA2_WPA3_PSK],2025-3-25 23:20:26,5,-71,34.0445824,-117.2003708,371.10,1.25,WIFI
86:69:1A:95:12:0F,,[WPA2_WPA3_PSK],2025-3-25 23:20:26,5,-73,34.0445824,-117.2003708,371.10,1.25,WIFI
58:2F:F7:75:40:C6,SpectrumSetup-C0,[WPA2_PSK],2025-3-25 23:20:27,6,-66,34.0446892,-117.2004547,370.70,1.25,WIFI
D4:3F:32:6C:47:C3,,[WPA3_PSK],2025-3-25 23:20:27,6,-79,34.0446892,-117.2004547,370.70,1.25,WIFI
D4:3F:32:6C:47:C9,,[OPEN],2025-3-25 23:20:27,6,-79,34.0446892,-117.2004547,370.70,1.25,WIFI
90:CA:FA:9B:59:3C,The Force,[WPA2_PSK],2025-3-25 23:20:27,6,-86,34.0446892,-117.2004547,370.70,1.25,WIFI
A4:11:62:72:9A:12,ARLO_VMB_4422026869,[WPA2_PSK],2025-3-25 23:20:27,6,-87,34.0446892,-117.2004547,370.70,1.25,WIFI
F8:AA:3F:D3:6F:03,SpectrumSetup-79,[WPA2_PSK],2025-3-25 23:20:27,6,-89,34.0446892,-117.2004547,370.70,1.25,WIFI
86:69:1A:94:41:B4,,[WPA2_WPA3_PSK],2025-3-25 23:20:30,9,-84,34.0450172,-117.2007141,370.10,1.25,WIFI
00:54:AF:40:0C:19,Hotspot0C19,[WPA_WPA2_PSK],2025-3-25 23:20:30,9,-90,34.0450172,-117.2007141,370.10,1.25,WIFI
90:9A:4A:47:AA:E6,joola-5G_2.4GEXT,[WPA2_PSK],2025-3-25 23:20:32,11,-64,34.0452003,-117.2008667,369.60,1.50,WIFI
C4:8E:8F:E4:98:76,WIFIE49872,[WPA2_PSK],2025-3-25 23:20:32,11,-66,34.0452003,-117.2008667,369.60,1.50,WIFI
9C:C8:FC:01:AE:48,Roberts,[WPA2_PSK],2025-3-25 23:20:32,11,-71,34.0452003,-117.2008667,369.60,1.50,WIFI
A0:04:60:CE:27:A6,NETGEAR76,[WPA2_PSK],2025-3-25 23:20:32,11,-74,34.0452003,-117.2008667,369.60,1.50,WIFI
84:A0:6E:C9:E2:16,joola-2G,[WPA2_PSK],2025-3-25 23:20:32,11,-81,34.0452003,-117.2008667,369.60,1.50,WIFI
74:37:5F:DA:99:47,SpectrumSetup-45,[WPA2_PSK],2025-3-25 23:20:32,11,-84,34.0452003,-117.2008667,369.60,1.50,WIFI
20:9A:7D:1B:2B:B6,SpectrumSetup-B8,[WPA2_PSK],2025-3-25 23:20:32,11,-91,34.0452003,-117.2008667,369.60,1.50,WIFI
F0:81:75:08:78:E6,MySpectrumWiFie0-2G,[WPA2_PSK],2025-3-25 23:20:32,11,-92,34.0452003,-117.2008667,369.60,1.50,WIFI
C8:B4:22:05:E5:E7,Cooks Retreat,[WPA2_PSK],2025-3-25 23:20:35,1,-78,34.0453682,-117.2010345,369.10,1.25,WIFI
A8:3A:79:F5:89:A2,CK_BYOD,[WPA2_PSK],2025-3-25 23:20:35,1,-86,34.0453682,-117.2010345,369.10,1.25,WIFI
A8:3A:79:F5:89:A3,CK_STAGE,[WPA2_PSK],2025-3-25 23:20:35,1,-87,34.0453682,-117.2010345,369.10,1.25,WIFI
F4:52:46:BD:F3:A5,Hashslingingslasher,[WPA2_PSK],2025-3-25 23:20:35,1,-89,34.0453682,-117.2010345,369.10,1.25,WIFI
A0:89:66:8D:EC:20,,[WPA_WPA2_PSK],2025-3-25 23:20:37,2,-88,34.0453835,-117.2011795,368.30,1.25,WIFI
FC:34:97:05:D4:D0,Belle-2G,[WPA2_PSK],2025-3-25 23:20:37,2,-89,34.0453835,-117.2011795,368.30,1.25,WIFI
88:57:1D:51:C7:14,[range]_E30AJT7113083P,[WPA2_PSK],2025-3-25 23:20:39,4,-84,34.0453186,-117.2013168,367.80,1.25,WIFI
44:EA:D8:1E:24:B8,ChimePro-1E24B7,[OPEN],2025-3-25 23:20:41,6,-74,34.0452232,-117.2014771,367.70,1.25,WIFI
60:F4:19:01:28:A9,,[OPEN],2025-3-25 23:20:41,6,-79,34.0452232,-117.2014771,367.70,1.25,WIFI
7E:AC:B9:BD:CB:D1,iPhoneSetup,[WPA2_PSK],2025-3-25 23:20:41,6,-79,34.0452232,-117.2014771,367.70,1.25,WIFI
60:F4:19:01:28:A6,WZWMK,[WPA2_PSK],2025-3-25 23:20:41,6,-81,34.0452232,-117.2014771,367.70,1.25,WIFI
7A:AC:B9:BD:CB:D1,BT_Magnolia_guest,[WPA2_PSK],2025-3-25 23:20:41,6,-81,34.0452232,-117.2014771,367.70,1.25,WIFI
82:AC:B9:BD:CB:D1,,[WPA2_PSK],2025-3-25 23:20:41,6,-81,34.0452232,-117.2014771,367.70,1.25,WIFI
74:AC:B9:BD:CB:D1,BT_Magnolia,[WPA2_PSK],2025-3-25 23:20:41,6,-82,34.0452232,-117.2014771,367.70,1.25,WIFI
9C:A5:70:9B:A0:05,Normanrose,[WPA2_PSK],2025-3-25 23:20:41,6,-83,34.0452232,-117.2014771,367.70,1.25,WIFI
D0:16:7C:8D:8B:E5,curtanddi,[WPA2_PSK],2025-3-25 23:20:41,6,-85,34.0452232,-117.2014771,367.70,1.25,WIFI
D0:16:7C:8D:8B:E7,,[OPEN],2025-3-25 23:20:41,6,-87,34.0452232,-117.2014771,367.70,1.25,WIFI
62:E9:31:4C:6D:1E,,[WPA2_PSK],2025-3-25 23:20:44,9,-90,34.0450935,-117.2017136,368.50,1.25,WIFI
30:23:03:F9:F5:A7,Linksys07099,[WPA2_PSK],2025-3-25 23:20:44,9,-92,34.0450935,-117.2017136,368.50,1.25,WIFI
22:3E:A4:04:CF:C2,,[WPA2_PSK],2025-3-25 23:20:46,11,-68,34.0450058,-117.2018051,369.40,1.25,WIFI
9C:0B:05:C3:67:C4,,[WPA3_PSK],2025-3-25 23:20:46,11,-70,34.0450058,-117.2018051,369.40,1.25,WIFI
9C:0B:05:C3:67:CA,,[OPEN],2025-3-25 23:20:46,11,-71,34.0450058,-117.2018051,369.40,1.25,WIFI
9C:0B:05:C3:67:C7,GeorgeYaz,[WPA2_PSK],2025-3-25 23:20:46,11,-72,34.0450058,-117.2018051,369.40,1.25,WIFI
F4:52:46:1D:8C:B9,SpectrumSetup-BB,[WPA2_PSK],2025-3-25 23:20:46,11,-76,34.0450058,-117.2018051,369.40,1.25,WIFI
F8:F5:32:4C:34:08,Frontier0816,[WPA2_PSK],2025-3-25 23:20:46,11,-89,34.0450058,-117.2018051,369.40,1.25,WIFI
58:2F:F7:68:A1:56,SpectrumSetup-50,[WPA2_PSK],2025-3-25 23:20:46,11,-89,34.0450058,-117.2018051,369.40,1.25,WIFI
66:CB:E9:7C:99:EC,[LG_Oven]99ec,[WPA2_PSK],2025-3-25 23:20:46,11,-90,34.0450058,-117.2018051,369.40,1.25,WIFI
60:45:CB:5C:8F:31,Voldemort_2.4,[WPA2_PSK],2025-3-25 23:20:46,11,-90,34.0450058,-117.2018051,369.40,1.25,WIFI
60:45:CB:5C:8F:30,Mills Home_2.4,[WPA2_PSK],2025-3-25 23:20:46,11,-91,34.0450058,-117.2018051,369.40,1.25,WIFI
00:13:37:AA:3A:34,Redlands Free WiFi,[OPEN],2025-3-25 23:20:46,11,-92,34.0450058,-117.2018051,369.40,1.25,WIFI
CC:40:D0:A2:8E:62,NETGEAR91,[WPA2_PSK],2025-3-25 23:20:46,1,-68,34.0450058,-117.2018051,369.40,1.25,WIFI
7A:AC:B9:BD:D4:B8,BT_Magnolia_guest,[WPA2_PSK],2025-3-25 23:20:46,1,-85,34.0450058,-117.2018051,369.40,1.25,WIFI
7E:AC:B9:BD:D4:B8,iPhoneSetup,[WPA2_PSK],2025-3-25 23:20:46,1,-85,34.0450058,-117.2018051,369.40,1.25,WIFI
1E:67:BE:09:97:E9,,[WPA2_PSK],2025-3-25 23:20:46,1,-86,34.0450058,-117.2018051,369.40,1.25,WIFI
74:AC:B9:BD:D4:B8,BT_Magnolia,[WPA2_PSK],2025-3-25 23:20:46,1,-86,34.0450058,-117.2018051,369.40,1.25,WIFI
DA:31:34:C3:F9:83,,[WPA2_PSK],2025-3-25 23:20:46,1,-88,34.0450058,-117.2018051,369.40,1.25,WIFI
A0:04:60:CE:27:AC,NETGEAR49,[WPA2_PSK],2025-3-25 23:20:46,1,-89,34.0450058,-117.2018051,369.40,1.25,WIFI
FC:34:97:05:D4:D1,BeOurGuest,[WPA2_WPA3_PSK],2025-3-25 23:20:51,2,-79,34.0446854,-117.2016678,370.50,1.25,WIFI
04:B6:BE:46:60:CE,,[WPA_WPA2_PSK],2025-3-25 23:20:51,2,-82,34.0446854,-117.2016678,370.50,1.25,WIFI
54:04:63:FB:12:D8,,[WPA_WPA2_PSK],2025-3-25 23:20:52,3,-69,34.0446167,-117.2016144,370.80,1.25,WIFI
D4:3F:32:6C:47:C6,durian,[WPA2_PSK],2025-3-25 23:20:55,6,-72,34.0444527,-117.2014923,371.40,1.50,WIFI
56:13:79:C7:1D:8E,DIRECT-8e-HP M281 LaserJet,[WPA2_PSK],2025-3-25 23:20:55,6,-75,34.0444527,-117.2014923,371.40,1.50,WIFI
22:48:6C:B1:A8:3B,,[WPA2_PSK],2025-3-25 23:20:55,6,-77,34.0444527,-117.2014923,371.40,1.50,WIFI
80:78:71:80:F3:1F,SpectrumSetup-21,[WPA2_PSK],2025-3-25 23:20:55,6,-81,34.0444527,-117.2014923,371.40,1.50,WIFI
90:CA:FA:9B:5D:1A,The Force,[WPA2_PSK],2025-3-25 23:20:55,6,-84,34.0444527,-117.2014923,371.40,1.50,WIFI
DA:31:34:D9:15:A6,,[WPA2_PSK],2025-3-25 23:20:55,6,-89,34.0444527,-117.2014923,371.40,1.50,WIFI
02:13:37:AA:3A:34,manage,[WPA2_PSK],2025-3-25 23:21:0,11,-60,34.0443611,-117.2012939,372.50,1.25,WIFI
D4:05:DE:89:EE:6A,,[OPEN],2025-3-25 23:21:0,11,-73,34.0443611,-117.2012939,372.50,1.25,WIFI
D4:05:DE:89:EE:64,,[WPA3_PSK],2025-3-25 23:21:0,11,-74,34.0443611,-117.2012939,372.50,1.25,WIFI
D4:05:DE:89:EE:67,Honn,[WPA2_PSK],2025-3-25 23:21:0,11,-74,34.0443611,-117.2012939,372.50,1.25,WIFI
00:17:1A:D5:37:06,Winegard2ghzD53705,[WPA2_PSK],2025-3-25 23:21:0,11,-86,34.0443611,-117.2012939,372.50,1.25,WIFI
F8:5B:3B:CE:64:39,MandC,[WPA2_PSK],2025-3-25 23:21:0,11,-88,34.0443611,-117.2012939,372.50,1.25,WIFI
40:2B:50:7E:B7:48,Golfdude,[WPA2_PSK],2025-3-25 23:21:0,11,-91,34.0443611,-117.2012939,372.50,1.25,WIFI
90:CA:FA:9B:5C:CF,The Force,[WPA2_PSK],2025-3-25 23:21:2,1,-72,34.0443687,-117.2012405,372.80,1.25,WIFI
58:68:7A:10:AF:16,Cookie,[WPA2_WPA3_PSK],2025-3-25 23:21:2,1,-81,34.0443687,-117.2012405,372.80,1.25,WIFI
1E:67:BE:09:97:E8,,[WPA2_PSK],2025-3-25 23:21:2,1,-87,34.0443687,-117.2012405,372.80,1.25,WIFI
9A:0C:7A:D4:3E:98,SpectrumSetup-97EB,[WPA2_PSK],2025-3-25 23:21:2,1,-88,34.0443687,-117.2012405,372.80,1.25,WIFI
34:53:D2:52:09:CE,SpectrumSetup-C8,[WPA2_PSK],2025-3-25 23:21:2,1,-89,34.0443687,-117.2012405,372.80,1.25,WIFI
8A:0C:7A:D4:3E:98,,[WPA2_PSK],2025-3-25 23:21:2,1,-89,34.0443687,-117.2012405,372.80,1.25,WIFI
AA:0C:7A:D4:3E:98,,[WPA2_PSK],2025-3-25 23:21:2,1,-89,34.0443687,-117.2012405,372.80,1.25,WIFI
98:ED:5C:83:A7:13,TeslaPV_83A713,[WPA2_PSK],2025-3-25 23:21:6,3,-57,34.0443726,-117.2012100,372.50,1.50,WIFI
10:DA:43:99:AA:F6,NETGEAR29,[WPA2_PSK],2025-3-25 23:21:6,3,-79,34.0443726,-117.2012100,372.50,1.50,WIFI
66:32:B1:31:E3:3E,,[WPA2_PSK],2025-3-25 23:21:6,3,-88,34.0443726,-117.2012100,372.50,1.50,WIFI
66:32:B1:31:F2:2A,,[WPA2_PSK],2025-3-25 23:21:6,3,-91,34.0443726,-117.2012100,372.50,1.50,WIFI
C6:A5:11:13:3E:5C,,[WPA2_PSK],2025-3-25 23:21:7,4,-89,34.0443687,-117.2012100,372.50,1.50,WIFI
22:3E:A4:9C:D0:7F,,[WPA2_PSK],2025-3-25 23:21:28,11,-87,34.0443649,-117.2012024,372.00,1.50,WIFI
2C:67:BE:09:97:EF,SpectrumSetup-97EB,[WPA2_PSK],2025-3-25 23:21:30,1,-83,34.0443649,-117.2012024,372.00,1.50,WIFI
AA:0C:7A:D4:2C:F8,,[WPA2_PSK],2025-3-25 23:21:30,1,-90,34.0443649,-117.2012024,372.00,1.50,WIFI
60:32:B1:31:F2:2A,DECO,[WPA2_PSK],2025-3-25 23:21:34,3,-92,34.0443611,-117.2012024,372.10,1.50,WIFI
C6:A5:11:13:4D:0C,,[WPA2_PSK],2025-3-25 23:21:35,4,-90,34.0443611,-117.2012024,372.10,1.50,WIFI
08:7B:12:48:BA:26,Frontier0294,[WPA2_PSK],2025-3-25 23:21:37,6,-93,34.0443611,-117.2011948,372.20,1.50,WIFI
C2:A5:11:13:3E:5C,ORBI42,[WPA2_PSK],2025-3-25 23:21:49,4,-92,34.0443611,-117.2011948,372.90,1.50,WIFI
02:17:1A:D5:37:06,,[WPA2_PSK],2025-3-25 23:21:56,11,-87,34.0443611,-117.2011948,373.20,1.50,WIFI
60:32:B1:31:E3:3E,DECO,[WPA2_PSK],2025-3-25 23:22:2,3,-91,34.0443611,-117.2011948,373.40,1.25,WIFI
9A:0C:7A:D4:2C:F8,SpectrumSetup-97EB,[WPA2_PSK],2025-3-25 23:22:12,1,-85,34.0443611,-117.2011948,373.80,1.25,WIFI
D8:C8:E9:79:87:E2,Lumiere,[WPA2_PSK],2025-3-25 23:22:15,2,-90,34.0443611,-117.2011948,373.90,1.25,WIFI
04:B6:BE:86:B3:34,,[WPA_WPA2_PSK],2025-3-25 23:22:41,1,-90,34.0443611,-117.2011871,374.60,1.50,WIFI
C2:A5:11:13:4D:0C,ORBI42,[WPA2_PSK],2025-3-25 23:22:45,4,-89,34.0443611,-117.2011871,374.80,1.50,WIFI
C6:A5:11:13:55:77,,[WPA2_PSK],2025-3-25 23:22:45,4,-90,34.0443611,-117.2011871,374.80,1.50,WIFI
F4:52:46:ED:3A:23,Joefamily,[WPA2_PSK],2025-3-25 23:22:47,6,-89,34.0443611,-117.2011871,374.80,1.50,WIFI
8A:0C:7A:D4:2C:F8,,[WPA2_PSK],2025-3-25 23:23:9,1,-88,34.0443573,-117.2011795,375.30,1.50,WIFI
66:32:B1:31:E8:12,,[WPA2_PSK],2025-3-25 23:23:41,3,-93,34.0443535,-117.2011642,375.60,1.50,WIFI
C0:3C:04:AD:12:7D,SpectrumSetup-77,[WPA2_PSK],2025-3-25 23:24:34,1,-89,34.0443535,-117.2011642,375.10,1.50,WIFI
8A:3D:24:AA:F1:9C,Davida-guest,[WPA2_PSK],2025-3-25 23:24:34,1,-90,34.0443535,-117.2011642,375.10,1.50,WIFI
60:32:B1:31:E8:12,DECO,[WPA2_PSK],2025-3-25 23:24:37,3,-87,34.0443459,-117.2012024,375.80,1.50,WIFI
A0:64:8F:EA:3E:51,MySpectrumWiFi53-2G,[WPA2_PSK],2025-3-25 23:24:40,6,-88,34.0443268,-117.2012177,375.60,1.50,WIFI
BE:D7:D4:EA:AC:28,,[WPA2_PSK],2025-3-25 23:24:40,6,-88,34.0443268,-117.2012177,375.60,1.50,WIFI
2C:EA:DC:00:EE:AC,SpectrumSetup-AE,[WPA2_PSK],2025-3-25 23:24:40,6,-91,34.0443268,-117.2012177,375.60,1.50,WIFI
